experiment_id,subaction_index,narration_id,narration,verb,noun,all_nouns,start_frame,stop_frame,clipped_start_frame_0_based,clipped_stop_frame_0_based,candidate_index,frame_0_based,hand,candidate_source,raw_candidate_count,tried_candidate_count,contact_points,active_object_bbox,active_object_selection_score,mask_source_contact,mask_source_reference,tracker_backend,cotracker_init_status,cotracker_init_error,contact_part_prior,contact_part_mask_area,contact_part_mask_area_ratio,reference_part_mask_area,reference_part_mask_area_ratio,part_gate_passed,part_inside_count,part_distance,part_gate_source,part_tracking_point_count,whole_boundary_fallback_point_count,projection_method,articulated_object,final_quality_score,track_point_count,visible_point_count,affine_inlier_count,affine_inlier_ratio,affine_median_residual,projected_contact_inside_mask_count,projected_contact_to_mask_distance,reference_mask_area,object_track_status,object_track_length,object_track_confidence,track_break_reason,ref_idx,ref_selection_reason,reference_gap,projection_source,projection_status,projected_contact_inside_count,projected_contact_to_object_distance,reference_hand_overlap_ratio,local_flow_steps,local_flow_fb_error,local_flow_points,local_flow_inliers,local_flow_inlier_ratio,local_flow_weighted_residual,trajectory_status,status,fail_reason,sample_score,sample_dir,best_sample_dir,reference_frame,label_heatmap_overlay,vrb_style_affordance,trajectory_points,missing_trajectory_count,tracked_reference_object_bbox,label_heatmap_npy,label_heatmap_png,mask_projection_overlay,heatmap_shape,heatmap_mode,arrow_generated,is_final_tuple
E9,0,P01_109_0,grab rucksack,grab,rucksack,['rucksack'],79,126,78.0,125.0,0.0,88.0,left,new_contact_episode,48,7,87,"[136.0, 148.0, 267.0, 240.0]",3.1833342505539615,grabcut_fallback,bbox_fallback,fallback_lk,failed,ModuleNotFoundError:No module named 'torch',contact_local_boundary,6444,0.7983151635282458,6350.0,0.5377710027100271,True,5,0.0,contact_part_mask,26,0,contact_part_local_affine,False,0.9963888888888889,36,36,35,0.9722222222222222,0.9961296319961548,5,0.0,11808.0,success,89,0.34195768265117316,,87.0,pre_contact_gap_tracked_reference,1.0,contact_part_local_affine,success,5,0.0,0.08355555555555555,,,,,,,success,keep,,6.321838333262337,/Users/huhu/Documents/Code/bishe/vrb/vrbreproduction/outputs/100subaction-e9/experiments/E9/pipeline_outputs/subaction_00_P01_109_0/candidate_00_frame_000088_left,/Users/huhu/Documents/Code/bishe/vrb/vrbreproduction/outputs/100subaction-e9/experiments/E9/pipeline_outputs/subaction_00_P01_109_0/candidate_00_frame_000088_left,/Users/huhu/Documents/Code/bishe/vrb/vrbreproduction/outputs/100subaction-e9/experiments/E9/pipeline_outputs/subaction_00_P01_109_0/candidate_00_frame_000088_left/reference_frame.png,/Users/huhu/Documents/Code/bishe/vrb/vrbreproduction/outputs/100subaction-e9/experiments/E9/pipeline_outputs/subaction_00_P01_109_0/candidate_00_frame_000088_left/label_heatmap_merged_overlay.png,/Users/huhu/Documents/Code/bishe/vrb/vrbreproduction/outputs/100subaction-e9/experiments/E9/pipeline_outputs/subaction_00_P01_109_0/candidate_00_frame_000088_left/vrb_style_affordance.png,6.0,0.0,"[134.81, 147.24, 258.37, 243.24]",/Users/huhu/Documents/Code/bishe/vrb/vrbreproduction/outputs/100subaction-e9/experiments/E9/pipeline_outputs/subaction_00_P01_109_0/candidate_00_frame_000088_left/label_heatmap_merged.npy,/Users/huhu/Documents/Code/bishe/vrb/vrbreproduction/outputs/100subaction-e9/experiments/E9/pipeline_outputs/subaction_00_P01_109_0/candidate_00_frame_000088_left/label_heatmap_merged.png,/Users/huhu/Documents/Code/bishe/vrb/vrbreproduction/outputs/100subaction-e9/experiments/E9/pipeline_outputs/subaction_00_P01_109_0/candidate_00_frame_000088_left/mask_projection_overlay.png,"(256, 456)",isotropic_e7,True,True
E9,0,P01_109_0,grab rucksack,grab,rucksack,['rucksack'],79,126,78.0,125.0,1.0,89.0,left,new_contact_episode,48,7,134,"[129.0, 144.0, 269.0, 247.0]",3.184658851736931,grabcut_fallback,bbox_fallback,fallback_lk,failed,ModuleNotFoundError:No module named 'torch',contact_local_boundary,7432,0.8209433337015354,8601.0,0.61,True,5,0.0,contact_part_mask,26,0,contact_part_local_affine,False,0.9494444444444444,36,36,22,0.6111111111111112,1.612757682800293,5,0.0,14100.0,success,90,0.34195768265117316,,86.0,pre_contact_gap_tracked_reference,3.0,contact_part_local_affine,success,5,0.0,0.06586666666666667,,,,,,,success,keep,,6.097595047293769,/Users/huhu/Documents/Code/bishe/vrb/vrbreproduction/outputs/100subaction-e9/experiments/E9/pipeline_outputs/subaction_00_P01_109_0/candidate_01_frame_000089_left,/Users/huhu/Documents/Code/bishe/vrb/vrbreproduction/outputs/100subaction-e9/experiments/E9/pipeline_outputs/subaction_00_P01_109_0/candidate_01_frame_000089_left,/Users/huhu/Documents/Code/bishe/vrb/vrbreproduction/outputs/100subaction-e9/experiments/E9/pipeline_outputs/subaction_00_P01_109_0/candidate_01_frame_000089_left/reference_frame.png,/Users/huhu/Documents/Code/bishe/vrb/vrbreproduction/outputs/100subaction-e9/experiments/E9/pipeline_outputs/subaction_00_P01_109_0/candidate_01_frame_000089_left/label_heatmap_merged_overlay.png,/Users/huhu/Documents/Code/bishe/vrb/vrbreproduction/outputs/100subaction-e9/experiments/E9/pipeline_outputs/subaction_00_P01_109_0/candidate_01_frame_000089_left/vrb_style_affordance.png,6.0,0.0,"[125.8, 145.57, 267.12, 246.43]",/Users/huhu/Documents/Code/bishe/vrb/vrbreproduction/outputs/100subaction-e9/experiments/E9/pipeline_outputs/subaction_00_P01_109_0/candidate_01_frame_000089_left/label_heatmap_merged.npy,/Users/huhu/Documents/Code/bishe/vrb/vrbreproduction/outputs/100subaction-e9/experiments/E9/pipeline_outputs/subaction_00_P01_109_0/candidate_01_frame_000089_left/label_heatmap_merged.png,/Users/huhu/Documents/Code/bishe/vrb/vrbreproduction/outputs/100subaction-e9/experiments/E9/pipeline_outputs/subaction_00_P01_109_0/candidate_01_frame_000089_left/mask_projection_overlay.png,"(256, 456)",isotropic_e7,True,False
E9,0,P01_109_0,grab rucksack,grab,rucksack,['rucksack'],79,126,78.0,125.0,2.0,90.0,left,new_contact_episode,48,7,193,"[125.0, 145.0, 261.0, 241.0]",3.2687933065594894,grabcut_fallback,bbox_fallback,fallback_lk,failed,ModuleNotFoundError:No module named 'torch',contact_local_boundary,7424,0.8633562042097919,9222.0,0.6540425531914894,True,5,0.0,contact_part_mask,26,0,contact_part_local_affine,False,0.9368571428571429,36,35,18,0.5142857142857142,1.4845173358917236,5,0.0,14100.0,success,91,0.34195768265117316,,86.0,pre_contact_gap_tracked_reference,4.0,contact_part_local_affine,success,5,0.0,0.06586666666666667,,,,,,,success,keep,,6.036378765637534,/Users/huhu/Documents/Code/bishe/vrb/vrbreproduction/outputs/100subaction-e9/experiments/E9/pipeline_outputs/subaction_00_P01_109_0/candidate_02_frame_000090_left,/Users/huhu/Documents/Code/bishe/vrb/vrbreproduction/outputs/100subaction-e9/experiments/E9/pipeline_outputs/subaction_00_P01_109_0/candidate_02_frame_000090_left,/Users/huhu/Documents/Code/bishe/vrb/vrbreproduction/outputs/100subaction-e9/experiments/E9/pipeline_outputs/subaction_00_P01_109_0/candidate_02_frame_000090_left/reference_frame.png,/Users/huhu/Documents/Code/bishe/vrb/vrbreproduction/outputs/100subaction-e9/experiments/E9/pipeline_outputs/subaction_00_P01_109_0/candidate_02_frame_000090_left/label_heatmap_merged_overlay.png,/Users/huhu/Documents/Code/bishe/vrb/vrbreproduction/outputs/100subaction-e9/experiments/E9/pipeline_outputs/subaction_00_P01_109_0/candidate_02_frame_000090_left/vrb_style_affordance.png,6.0,0.0,"[125.74, 145.52, 267.03, 246.35]",/Users/huhu/Documents/Code/bishe/vrb/vrbreproduction/outputs/100subaction-e9/experiments/E9/pipeline_outputs/subaction_00_P01_109_0/candidate_02_frame_000090_left/label_heatmap_merged.npy,/Users/huhu/Documents/Code/bishe/vrb/vrbreproduction/outputs/100subaction-e9/experiments/E9/pipeline_outputs/subaction_00_P01_109_0/candidate_02_frame_000090_left/label_heatmap_merged.png,/Users/huhu/Documents/Code/bishe/vrb/vrbreproduction/outputs/100subaction-e9/experiments/E9/pipeline_outputs/subaction_00_P01_109_0/candidate_02_frame_000090_left/mask_projection_overlay.png,"(256, 456)",isotropic_e7,True,True
E9,0,P01_109_0,grab rucksack,grab,rucksack,['rucksack'],79,126,78.0,125.0,3.0,93.0,right,new_contact_episode,48,7,48,"[251.0, 198.0, 276.0, 242.0]",3.0114052509340876,grabcut_fallback,,,,,contact_local_boundary,854,1.0,,,,0,,,26,0,,False,,36,0,0,,,0,,,success,94,0.34195768265117316,,,,,,failed,0,,,,,,,,,not_run,discard,track_visibility_below_threshold,,/Users/huhu/Documents/Code/bishe/vrb/vrbreproduction/outputs/100subaction-e9/experiments/E9/pipeline_outputs/subaction_00_P01_109_0/candidate_03_frame_000093_right,,,,,6.0,0.0,,,,,,,,False
E9,0,P01_109_0,grab rucksack,grab,rucksack,['rucksack'],79,126,78.0,125.0,4.0,97.0,right,new_contact_episode,48,7,0,"[118.0, 143.0, 237.0, 248.0]",1.1262183844428197,,,,,,,0,,,,,0,,,0,0,,False,,0,0,0,,,0,,,not_run,0,0.0,,,,,,not_run,0,,,,,,,,,not_run,discard,contact_points_lt5_after_object_boundary_filter,,/Users/huhu/Documents/Code/bishe/vrb/vrbreproduction/outputs/100subaction-e9/experiments/E9/pipeline_outputs/subaction_00_P01_109_0/candidate_04_frame_000097_right,,,,,,,,,,,,,,False
E9,0,P01_109_0,grab rucksack,grab,rucksack,['rucksack'],79,126,78.0,125.0,5.0,98.0,right,new_contact_episode,48,7,109,"[248.0, 194.0, 275.0, 241.0]",4.074753229303543,grabcut_fallback,bbox_fallback,fallback_lk,failed,ModuleNotFoundError:No module named 'torch',contact_local_boundary,1060,1.0,1479.0,1.0,True,5,0.0,contact_part_mask,26,0,contact_part_local_affine,False,1.0,36,36,36,1.0,1.0863025188446045,5,0.0,1479.0,success,99,0.34195768265117316,,97.0,earliest_reliable_tracked_reference_no_pre_gap,1.0,contact_part_local_affine,success,5,0.0,0.0672,,,,,,,success,keep,,6.329110924434662,/Users/huhu/Documents/Code/bishe/vrb/vrbreproduction/outputs/100subaction-e9/experiments/E9/pipeline_outputs/subaction_00_P01_109_0/candidate_05_frame_000098_right,/Users/huhu/Documents/Code/bishe/vrb/vrbreproduction/outputs/100subaction-e9/experiments/E9/pipeline_outputs/subaction_00_P01_109_0/candidate_05_frame_000098_right,/Users/huhu/Documents/Code/bishe/vrb/vrbreproduction/outputs/100subaction-e9/experiments/E9/pipeline_outputs/subaction_00_P01_109_0/candidate_05_frame_000098_right/reference_frame.png,/Users/huhu/Documents/Code/bishe/vrb/vrbreproduction/outputs/100subaction-e9/experiments/E9/pipeline_outputs/subaction_00_P01_109_0/candidate_05_frame_000098_right/label_heatmap_merged_overlay.png,/Users/huhu/Documents/Code/bishe/vrb/vrbreproduction/outputs/100subaction-e9/experiments/E9/pipeline_outputs/subaction_00_P01_109_0/candidate_05_frame_000098_right/vrb_style_affordance.png,6.0,0.0,"[246.94, 195.24, 276.48, 246.19]",/Users/huhu/Documents/Code/bishe/vrb/vrbreproduction/outputs/100subaction-e9/experiments/E9/pipeline_outputs/subaction_00_P01_109_0/candidate_05_frame_000098_right/label_heatmap_merged.npy,/Users/huhu/Documents/Code/bishe/vrb/vrbreproduction/outputs/100subaction-e9/experiments/E9/pipeline_outputs/subaction_00_P01_109_0/candidate_05_frame_000098_right/label_heatmap_merged.png,/Users/huhu/Documents/Code/bishe/vrb/vrbreproduction/outputs/100subaction-e9/experiments/E9/pipeline_outputs/subaction_00_P01_109_0/candidate_05_frame_000098_right/mask_projection_overlay.png,"(256, 456)",isotropic_e7,True,True
E9,0,P01_109_0,grab rucksack,grab,rucksack,['rucksack'],79,126,78.0,125.0,6.0,99.0,right,new_contact_episode,48,7,59,"[252.0, 193.0, 277.0, 222.0]",2.8654014659123415,grabcut_fallback,bbox_fallback,fallback_lk,failed,ModuleNotFoundError:No module named 'torch',contact_local_boundary,560,1.0,1536.0,1.0,True,5,0.0,contact_part_mask,26,0,contact_part_local_affine,False,0.9638888888888889,36,36,26,0.7222222222222222,0.646665096282959,5,0.0,1536.0,success,100,0.34195768265117316,,96.0,earliest_reliable_tracked_reference_no_pre_gap,3.0,contact_part_local_affine,success,5,0.0,0.05542222222222222,,,,,,,success,keep,,6.147494769333734,/Users/huhu/Documents/Code/bishe/vrb/vrbreproduction/outputs/100subaction-e9/experiments/E9/pipeline_outputs/subaction_00_P01_109_0/candidate_06_frame_000099_right,/Users/huhu/Documents/Code/bishe/vrb/vrbreproduction/outputs/100subaction-e9/experiments/E9/pipeline_outputs/subaction_00_P01_109_0/candidate_06_frame_000099_right,/Users/huhu/Documents/Code/bishe/vrb/vrbreproduction/outputs/100subaction-e9/experiments/E9/pipeline_outputs/subaction_00_P01_109_0/candidate_06_frame_000099_right/reference_frame.png,/Users/huhu/Documents/Code/bishe/vrb/vrbreproduction/outputs/100subaction-e9/experiments/E9/pipeline_outputs/subaction_00_P01_109_0/candidate_06_frame_000099_right/label_heatmap_merged_overlay.png,/Users/huhu/Documents/Code/bishe/vrb/vrbreproduction/outputs/100subaction-e9/experiments/E9/pipeline_outputs/subaction_00_P01_109_0/candidate_06_frame_000099_right/vrb_style_affordance.png,6.0,0.0,"[247.2, 196.82, 279.14, 245.35]",/Users/huhu/Documents/Code/bishe/vrb/vrbreproduction/outputs/100subaction-e9/experiments/E9/pipeline_outputs/subaction_00_P01_109_0/candidate_06_frame_000099_right/label_heatmap_merged.npy,/Users/huhu/Documents/Code/bishe/vrb/vrbreproduction/outputs/100subaction-e9/experiments/E9/pipeline_outputs/subaction_00_P01_109_0/candidate_06_frame_000099_right/label_heatmap_merged.png,/Users/huhu/Documents/Code/bishe/vrb/vrbreproduction/outputs/100subaction-e9/experiments/E9/pipeline_outputs/subaction_00_P01_109_0/candidate_06_frame_000099_right/mask_projection_overlay.png,"(256, 456)",isotropic_e7,True,False
E9,1,P01_109_1,open rucksack,open,rucksack,['rucksack'],153,226,152.0,225.0,0.0,161.0,right,new_contact_episode,97,12,166,"[168.0, 103.0, 309.0, 254.0]",3.180574077954854,grabcut_fallback,bbox_fallback,fallback_lk,failed,ModuleNotFoundError:No module named 'torch',contact_local_boundary,10059,0.6466315248135768,9257.0,0.42888250555967383,True,5,0.0,contact_part_mask,26,0,contact_part_local_affine,False,0.9923529411764707,36,34,32,0.9411764705882353,1.1325340270996094,5,0.0,21584.0,success,162,0.34195768265117316,,160.0,pre_contact_gap_tracked_reference,1.0,contact_part_local_affine,success,5,0.0,0.21026666666666666,,,,,,,success,keep,,6.077241626245834,/Users/huhu/Documents/Code/bishe/vrb/vrbreproduction/outputs/100subaction-e9/experiments/E9/pipeline_outputs/subaction_01_P01_109_1/candidate_00_frame_000161_right,/Users/huhu/Documents/Code/bishe/vrb/vrbreproduction/outputs/100subaction-e9/experiments/E9/pipeline_outputs/subaction_01_P01_109_1/candidate_00_frame_000161_right,/Users/huhu/Documents/Code/bishe/vrb/vrbreproduction/outputs/100subaction-e9/experiments/E9/pipeline_outputs/subaction_01_P01_109_1/candidate_00_frame_000161_right/reference_frame.png,/Users/huhu/Documents/Code/bishe/vrb/vrbreproduction/outputs/100subaction-e9/experiments/E9/pipeline_outputs/subaction_01_P01_109_1/candidate_00_frame_000161_right/label_heatmap_merged_overlay.png,/Users/huhu/Documents/Code/bishe/vrb/vrbreproduction/outputs/100subaction-e9/experiments/E9/pipeline_outputs/subaction_01_P01_109_1/candidate_00_frame_000161_right/vrb_style_affordance.png,6.0,0.0,"[166.77, 103.07, 309.04, 255.33]",/Users/huhu/Documents/Code/bishe/vrb/vrbreproduction/outputs/100subaction-e9/experiments/E9/pipeline_outputs/subaction_01_P01_109_1/candidate_00_frame_000161_right/label_heatmap_merged.npy,/Users/huhu/Documents/Code/bishe/vrb/vrbreproduction/outputs/100subaction-e9/experiments/E9/pipeline_outputs/subaction_01_P01_109_1/candidate_00_frame_000161_right/label_heatmap_merged.png,/Users/huhu/Documents/Code/bishe/vrb/vrbreproduction/outputs/100subaction-e9/experiments/E9/pipeline_outputs/subaction_01_P01_109_1/candidate_00_frame_000161_right/mask_projection_overlay.png,"(256, 456)",isotropic_e7,True,False
E9,1,P01_109_1,open rucksack,open,rucksack,['rucksack'],153,226,152.0,225.0,1.0,166.0,right,new_contact_episode,97,12,102,"[167.0, 95.0, 304.0, 255.0]",3.163814324348027,grabcut_fallback,bbox_fallback,fallback_lk,failed,ModuleNotFoundError:No module named 'torch',contact_local_boundary,10010,0.6409681757059614,9129.0,0.4320806512684589,True,5,0.0,contact_part_mask,26,0,contact_part_local_affine,False,1.0,36,36,36,1.0,0.5230882167816162,5,0.0,21128.0,success,167,0.34195768265117316,,165.0,pre_contact_gap_tracked_reference,1.0,contact_part_local_affine,success,5,0.0,0.2474222222222222,,,,,,,success,keep,,6.107174020163217,/Users/huhu/Documents/Code/bishe/vrb/vrbreproduction/outputs/100subaction-e9/experiments/E9/pipeline_outputs/subaction_01_P01_109_1/candidate_01_frame_000166_right,/Users/huhu/Documents/Code/bishe/vrb/vrbreproduction/outputs/100subaction-e9/experiments/E9/pipeline_outputs/subaction_01_P01_109_1/candidate_01_frame_000166_right,/Users/huhu/Documents/Code/bishe/vrb/vrbreproduction/outputs/100subaction-e9/experiments/E9/pipeline_outputs/subaction_01_P01_109_1/candidate_01_frame_000166_right/reference_frame.png,/Users/huhu/Documents/Code/bishe/vrb/vrbreproduction/outputs/100subaction-e9/experiments/E9/pipeline_outputs/subaction_01_P01_109_1/candidate_01_frame_000166_right/label_heatmap_merged_overlay.png,/Users/huhu/Documents/Code/bishe/vrb/vrbreproduction/outputs/100subaction-e9/experiments/E9/pipeline_outputs/subaction_01_P01_109_1/candidate_01_frame_000166_right/vrb_style_affordance.png,6.0,0.0,"[167.87, 99.01, 306.86, 251.45]",/Users/huhu/Documents/Code/bishe/vrb/vrbreproduction/outputs/100subaction-e9/experiments/E9/pipeline_outputs/subaction_01_P01_109_1/candidate_01_frame_000166_right/label_heatmap_merged.npy,/Users/huhu/Documents/Code/bishe/vrb/vrbreproduction/outputs/100subaction-e9/experiments/E9/pipeline_outputs/subaction_01_P01_109_1/candidate_01_frame_000166_right/label_heatmap_merged.png,/Users/huhu/Documents/Code/bishe/vrb/vrbreproduction/outputs/100subaction-e9/experiments/E9/pipeline_outputs/subaction_01_P01_109_1/candidate_01_frame_000166_right/mask_projection_overlay.png,"(256, 456)",isotropic_e7,True,False
E9,1,P01_109_1,open rucksack,open,rucksack,['rucksack'],153,226,152.0,225.0,2.0,167.0,right,new_contact_episode,97,12,84,"[167.0, 94.0, 306.0, 256.0]",3.1969938726668183,grabcut_fallback,bbox_fallback,fallback_lk,failed,ModuleNotFoundError:No module named 'torch',contact_local_boundary,7911,0.4994633499589621,9239.0,0.43728701249526697,True,5,0.0,contact_part_mask,26,0,contact_part_local_affine,False,1.0,36,31,31,1.0,0.9838494658470154,5,0.0,21128.0,success,168,0.34195768265117316,,165.0,pre_contact_gap_tracked_reference,2.0,contact_part_local_affine,success,5,0.0,0.2523111111111111,,,,,,,success,keep,,6.080017849357922,/Users/huhu/Documents/Code/bishe/vrb/vrbreproduction/outputs/100subaction-e9/experiments/E9/pipeline_outputs/subaction_01_P01_109_1/candidate_02_frame_000167_right,/Users/huhu/Documents/Code/bishe/vrb/vrbreproduction/outputs/100subaction-e9/experiments/E9/pipeline_outputs/subaction_01_P01_109_1/candidate_02_frame_000167_right,/Users/huhu/Documents/Code/bishe/vrb/vrbreproduction/outputs/100subaction-e9/experiments/E9/pipeline_outputs/subaction_01_P01_109_1/candidate_02_frame_000167_right/reference_frame.png,/Users/huhu/Documents/Code/bishe/vrb/vrbreproduction/outputs/100subaction-e9/experiments/E9/pipeline_outputs/subaction_01_P01_109_1/candidate_02_frame_000167_right/label_heatmap_merged_overlay.png,/Users/huhu/Documents/Code/bishe/vrb/vrbreproduction/outputs/100subaction-e9/experiments/E9/pipeline_outputs/subaction_01_P01_109_1/candidate_02_frame_000167_right/vrb_style_affordance.png,6.0,0.0,"[167.81, 98.96, 307.2, 251.45]",/Users/huhu/Documents/Code/bishe/vrb/vrbreproduction/outputs/100subaction-e9/experiments/E9/pipeline_outputs/subaction_01_P01_109_1/candidate_02_frame_000167_right/label_heatmap_merged.npy,/Users/huhu/Documents/Code/bishe/vrb/vrbreproduction/outputs/100subaction-e9/experiments/E9/pipeline_outputs/subaction_01_P01_109_1/candidate_02_frame_000167_right/label_heatmap_merged.png,/Users/huhu/Documents/Code/bishe/vrb/vrbreproduction/outputs/100subaction-e9/experiments/E9/pipeline_outputs/subaction_01_P01_109_1/candidate_02_frame_000167_right/mask_projection_overlay.png,"(256, 456)",isotropic_e7,True,False
E9,1,P01_109_1,open rucksack,open,rucksack,['rucksack'],153,226,152.0,225.0,3.0,168.0,right,new_contact_episode,97,12,59,"[166.0, 95.0, 309.0, 255.0]",3.1967240255558673,grabcut_fallback,bbox_fallback,fallback_lk,failed,ModuleNotFoundError:No module named 'torch',contact_local_boundary,9925,0.6125786939883965,9114.0,0.4313706929193487,True,5,0.0,contact_part_mask,26,0,contact_part_local_affine,False,0.9777142857142858,36,35,29,0.8285714285714286,1.7278623580932617,5,0.0,21128.0,success,169,0.34195768265117316,,165.0,pre_contact_gap_tracked_reference,3.0,contact_part_local_affine,success,5,0.0,0.24986666666666665,,,,,,,success,keep,,5.950792700685774,/Users/huhu/Documents/Code/bishe/vrb/vrbreproduction/outputs/100subaction-e9/experiments/E9/pipeline_outputs/subaction_01_P01_109_1/candidate_03_frame_000168_right,/Users/huhu/Documents/Code/bishe/vrb/vrbreproduction/outputs/100subaction-e9/experiments/E9/pipeline_outputs/subaction_01_P01_109_1/candidate_03_frame_000168_right,/Users/huhu/Documents/Code/bishe/vrb/vrbreproduction/outputs/100subaction-e9/experiments/E9/pipeline_outputs/subaction_01_P01_109_1/candidate_03_frame_000168_right/reference_frame.png,/Users/huhu/Documents/Code/bishe/vrb/vrbreproduction/outputs/100subaction-e9/experiments/E9/pipeline_outputs/subaction_01_P01_109_1/candidate_03_frame_000168_right/label_heatmap_merged_overlay.png,/Users/huhu/Documents/Code/bishe/vrb/vrbreproduction/outputs/100subaction-e9/experiments/E9/pipeline_outputs/subaction_01_P01_109_1/candidate_03_frame_000168_right/vrb_style_affordance.png,6.0,0.0,"[167.77, 99.03, 307.37, 251.45]",/Users/huhu/Documents/Code/bishe/vrb/vrbreproduction/outputs/100subaction-e9/experiments/E9/pipeline_outputs/subaction_01_P01_109_1/candidate_03_frame_000168_right/label_heatmap_merged.npy,/Users/huhu/Documents/Code/bishe/vrb/vrbreproduction/outputs/100subaction-e9/experiments/E9/pipeline_outputs/subaction_01_P01_109_1/candidate_03_frame_000168_right/label_heatmap_merged.png,/Users/huhu/Documents/Code/bishe/vrb/vrbreproduction/outputs/100subaction-e9/experiments/E9/pipeline_outputs/subaction_01_P01_109_1/candidate_03_frame_000168_right/mask_projection_overlay.png,"(256, 456)",isotropic_e7,True,False
E9,1,P01_109_1,open rucksack,open,rucksack,['rucksack'],153,226,152.0,225.0,4.0,170.0,left,new_contact_episode,97,12,36,"[169.0, 92.0, 311.0, 255.0]",3.4724315308864577,grabcut_fallback,bbox_fallback,fallback_lk,failed,ModuleNotFoundError:No module named 'torch',contact_local_boundary,12326,0.7477553991749575,9332.0,0.39758009543285616,True,5,0.0,contact_part_mask,26,0,contact_part_local_affine,False,1.0,36,34,34,1.0,1.147273302078247,5,0.0,23472.0,success,171,0.34195768265117316,,169.0,earliest_reliable_tracked_reference_no_pre_gap,1.0,contact_part_local_affine,success,5,0.0,0.21604444444444446,,,,,,,success,keep,,6.135515134270984,/Users/huhu/Documents/Code/bishe/vrb/vrbreproduction/outputs/100subaction-e9/experiments/E9/pipeline_outputs/subaction_01_P01_109_1/candidate_04_frame_000170_left,/Users/huhu/Documents/Code/bishe/vrb/vrbreproduction/outputs/100subaction-e9/experiments/E9/pipeline_outputs/subaction_01_P01_109_1/candidate_04_frame_000170_left,/Users/huhu/Documents/Code/bishe/vrb/vrbreproduction/outputs/100subaction-e9/experiments/E9/pipeline_outputs/subaction_01_P01_109_1/candidate_04_frame_000170_left/reference_frame.png,/Users/huhu/Documents/Code/bishe/vrb/vrbreproduction/outputs/100subaction-e9/experiments/E9/pipeline_outputs/subaction_01_P01_109_1/candidate_04_frame_000170_left/label_heatmap_merged_overlay.png,/Users/huhu/Documents/Code/bishe/vrb/vrbreproduction/outputs/100subaction-e9/experiments/E9/pipeline_outputs/subaction_01_P01_109_1/candidate_04_frame_000170_left/vrb_style_affordance.png,6.0,0.0,"[165.86, 93.48, 310.27, 256.0]",/Users/huhu/Documents/Code/bishe/vrb/vrbreproduction/outputs/100subaction-e9/experiments/E9/pipeline_outputs/subaction_01_P01_109_1/candidate_04_frame_000170_left/label_heatmap_merged.npy,/Users/huhu/Documents/Code/bishe/vrb/vrbreproduction/outputs/100subaction-e9/experiments/E9/pipeline_outputs/subaction_01_P01_109_1/candidate_04_frame_000170_left/label_heatmap_merged.png,/Users/huhu/Documents/Code/bishe/vrb/vrbreproduction/outputs/100subaction-e9/experiments/E9/pipeline_outputs/subaction_01_P01_109_1/candidate_04_frame_000170_left/mask_projection_overlay.png,"(256, 456)",isotropic_e7,True,True
E9,1,P01_109_1,open rucksack,open,rucksack,['rucksack'],153,226,152.0,225.0,5.0,171.0,left,new_contact_episode,97,12,152,"[172.0, 91.0, 313.0, 249.0]",3.4488841479160097,grabcut_fallback,bbox_fallback,fallback_lk,failed,ModuleNotFoundError:No module named 'torch',contact_local_boundary,12083,0.8059631803628602,12487.0,0.5461901845857755,True,5,0.0,contact_part_mask,26,0,contact_part_local_affine,False,0.98375,36,32,28,0.875,1.2858943939208984,5,0.0,22862.0,success,172,0.34195768265117316,,170.0,earliest_reliable_tracked_reference_no_pre_gap,1.0,contact_part_local_affine,success,5,0.0,0.22311111111111112,,,,,,,success,keep,,6.0445065015157065,/Users/huhu/Documents/Code/bishe/vrb/vrbreproduction/outputs/100subaction-e9/experiments/E9/pipeline_outputs/subaction_01_P01_109_1/candidate_05_frame_000171_left,/Users/huhu/Documents/Code/bishe/vrb/vrbreproduction/outputs/100subaction-e9/experiments/E9/pipeline_outputs/subaction_01_P01_109_1/candidate_05_frame_000171_left,/Users/huhu/Documents/Code/bishe/vrb/vrbreproduction/outputs/100subaction-e9/experiments/E9/pipeline_outputs/subaction_01_P01_109_1/candidate_05_frame_000171_left/reference_frame.png,/Users/huhu/Documents/Code/bishe/vrb/vrbreproduction/outputs/100subaction-e9/experiments/E9/pipeline_outputs/subaction_01_P01_109_1/candidate_05_frame_000171_left/label_heatmap_merged_overlay.png,/Users/huhu/Documents/Code/bishe/vrb/vrbreproduction/outputs/100subaction-e9/experiments/E9/pipeline_outputs/subaction_01_P01_109_1/candidate_05_frame_000171_left/vrb_style_affordance.png,6.0,0.0,"[170.45, 91.89, 312.19, 253.03]",/Users/huhu/Documents/Code/bishe/vrb/vrbreproduction/outputs/100subaction-e9/experiments/E9/pipeline_outputs/subaction_01_P01_109_1/candidate_05_frame_000171_left/label_heatmap_merged.npy,/Users/huhu/Documents/Code/bishe/vrb/vrbreproduction/outputs/100subaction-e9/experiments/E9/pipeline_outputs/subaction_01_P01_109_1/candidate_05_frame_000171_left/label_heatmap_merged.png,/Users/huhu/Documents/Code/bishe/vrb/vrbreproduction/outputs/100subaction-e9/experiments/E9/pipeline_outputs/subaction_01_P01_109_1/candidate_05_frame_000171_left/mask_projection_overlay.png,"(256, 456)",isotropic_e7,True,False
E9,1,P01_109_1,open rucksack,open,rucksack,['rucksack'],153,226,152.0,225.0,6.0,172.0,left,new_contact_episode,97,12,62,"[173.0, 90.0, 318.0, 252.0]",3.4154613646965575,grabcut_fallback,bbox_fallback,fallback_lk,failed,ModuleNotFoundError:No module named 'torch',contact_local_boundary,11375,0.6886010049034446,10966.0,0.4856940384445035,True,5,0.0,contact_part_mask,26,0,contact_part_local_affine,False,0.98375,36,32,28,0.875,1.1736115217208862,5,0.0,22578.0,success,173,0.34195768265117316,,171.0,earliest_reliable_tracked_reference_no_pre_gap,1.0,contact_part_local_affine,success,5,0.0,0.22475555555555554,,,,,,,success,keep,,6.04540832101504,/Users/huhu/Documents/Code/bishe/vrb/vrbreproduction/outputs/100subaction-e9/experiments/E9/pipeline_outputs/subaction_01_P01_109_1/candidate_06_frame_000172_left,/Users/huhu/Documents/Code/bishe/vrb/vrbreproduction/outputs/100subaction-e9/experiments/E9/pipeline_outputs/subaction_01_P01_109_1/candidate_06_frame_000172_left,/Users/huhu/Documents/Code/bishe/vrb/vrbreproduction/outputs/100subaction-e9/experiments/E9/pipeline_outputs/subaction_01_P01_109_1/candidate_06_frame_000172_left/reference_frame.png,/Users/huhu/Documents/Code/bishe/vrb/vrbreproduction/outputs/100subaction-e9/experiments/E9/pipeline_outputs/subaction_01_P01_109_1/candidate_06_frame_000172_left/label_heatmap_merged_overlay.png,/Users/huhu/Documents/Code/bishe/vrb/vrbreproduction/outputs/100subaction-e9/experiments/E9/pipeline_outputs/subaction_01_P01_109_1/candidate_06_frame_000172_left/vrb_style_affordance.png,6.0,0.0,"[172.75, 90.93, 315.2, 250.2]",/Users/huhu/Documents/Code/bishe/vrb/vrbreproduction/outputs/100subaction-e9/experiments/E9/pipeline_outputs/subaction_01_P01_109_1/candidate_06_frame_000172_left/label_heatmap_merged.npy,/Users/huhu/Documents/Code/bishe/vrb/vrbreproduction/outputs/100subaction-e9/experiments/E9/pipeline_outputs/subaction_01_P01_109_1/candidate_06_frame_000172_left/label_heatmap_merged.png,/Users/huhu/Documents/Code/bishe/vrb/vrbreproduction/outputs/100subaction-e9/experiments/E9/pipeline_outputs/subaction_01_P01_109_1/candidate_06_frame_000172_left/mask_projection_overlay.png,"(256, 456)",isotropic_e7,True,False
E9,1,P01_109_1,open rucksack,open,rucksack,['rucksack'],153,226,152.0,225.0,7.0,175.0,left,new_contact_episode,97,12,53,"[169.0, 88.0, 328.0, 252.0]",3.2858593190541177,grabcut_fallback,bbox_fallback,fallback_lk,failed,ModuleNotFoundError:No module named 'torch',contact_local_boundary,12118,0.7027371839480399,11255.0,0.4726211472243218,True,5,0.0,contact_part_mask,26,0,contact_part_local_affine,False,1.0,36,36,36,1.0,1.7507421970367432,5,0.0,23814.0,success,176,0.34195768265117316,,174.0,pre_contact_gap_tracked_reference,1.0,contact_part_local_affine,success,5,0.0,0.2236,,,,,,,success,keep,,6.106077734088896,/Users/huhu/Documents/Code/bishe/vrb/vrbreproduction/outputs/100subaction-e9/experiments/E9/pipeline_outputs/subaction_01_P01_109_1/candidate_07_frame_000175_left,/Users/huhu/Documents/Code/bishe/vrb/vrbreproduction/outputs/100subaction-e9/experiments/E9/pipeline_outputs/subaction_01_P01_109_1/candidate_07_frame_000175_left,/Users/huhu/Documents/Code/bishe/vrb/vrbreproduction/outputs/100subaction-e9/experiments/E9/pipeline_outputs/subaction_01_P01_109_1/candidate_07_frame_000175_left/reference_frame.png,/Users/huhu/Documents/Code/bishe/vrb/vrbreproduction/outputs/100subaction-e9/experiments/E9/pipeline_outputs/subaction_01_P01_109_1/candidate_07_frame_000175_left/label_heatmap_merged_overlay.png,/Users/huhu/Documents/Code/bishe/vrb/vrbreproduction/outputs/100subaction-e9/experiments/E9/pipeline_outputs/subaction_01_P01_109_1/candidate_07_frame_000175_left/vrb_style_affordance.png,6.0,0.0,"[170.37, 89.14, 316.68, 250.79]",/Users/huhu/Documents/Code/bishe/vrb/vrbreproduction/outputs/100subaction-e9/experiments/E9/pipeline_outputs/subaction_01_P01_109_1/candidate_07_frame_000175_left/label_heatmap_merged.npy,/Users/huhu/Documents/Code/bishe/vrb/vrbreproduction/outputs/100subaction-e9/experiments/E9/pipeline_outputs/subaction_01_P01_109_1/candidate_07_frame_000175_left/label_heatmap_merged.png,/Users/huhu/Documents/Code/bishe/vrb/vrbreproduction/outputs/100subaction-e9/experiments/E9/pipeline_outputs/subaction_01_P01_109_1/candidate_07_frame_000175_left/mask_projection_overlay.png,"(256, 456)",isotropic_e7,True,False
E9,1,P01_109_1,open rucksack,open,rucksack,['rucksack'],153,226,152.0,225.0,8.0,176.0,left,new_contact_episode,97,12,67,"[179.0, 90.0, 323.0, 250.0]",3.250298634998044,grabcut_fallback,bbox_fallback,fallback_lk,failed,ModuleNotFoundError:No module named 'torch',contact_local_boundary,12469,0.74861911623439,11258.0,0.4855935127674258,True,5,0.0,contact_part_mask,26,0,contact_part_local_affine,False,0.9480000000000001,36,35,21,0.6,2.3690381050109863,5,0.0,23184.0,success,177,0.34195768265117316,,174.0,pre_contact_gap_tracked_reference,2.0,contact_part_local_affine,success,5,0.0,0.2236,,,,,,,success,keep,,5.837528856849671,/Users/huhu/Documents/Code/bishe/vrb/vrbreproduction/outputs/100subaction-e9/experiments/E9/pipeline_outputs/subaction_01_P01_109_1/candidate_08_frame_000176_left,/Users/huhu/Documents/Code/bishe/vrb/vrbreproduction/outputs/100subaction-e9/experiments/E9/pipeline_outputs/subaction_01_P01_109_1/candidate_08_frame_000176_left,/Users/huhu/Documents/Code/bishe/vrb/vrbreproduction/outputs/100subaction-e9/experiments/E9/pipeline_outputs/subaction_01_P01_109_1/candidate_08_frame_000176_left/reference_frame.png,/Users/huhu/Documents/Code/bishe/vrb/vrbreproduction/outputs/100subaction-e9/experiments/E9/pipeline_outputs/subaction_01_P01_109_1/candidate_08_frame_000176_left/label_heatmap_merged_overlay.png,/Users/huhu/Documents/Code/bishe/vrb/vrbreproduction/outputs/100subaction-e9/experiments/E9/pipeline_outputs/subaction_01_P01_109_1/candidate_08_frame_000176_left/vrb_style_affordance.png,6.0,0.0,"[171.77, 89.56, 316.22, 250.61]",/Users/huhu/Documents/Code/bishe/vrb/vrbreproduction/outputs/100subaction-e9/experiments/E9/pipeline_outputs/subaction_01_P01_109_1/candidate_08_frame_000176_left/label_heatmap_merged.npy,/Users/huhu/Documents/Code/bishe/vrb/vrbreproduction/outputs/100subaction-e9/experiments/E9/pipeline_outputs/subaction_01_P01_109_1/candidate_08_frame_000176_left/label_heatmap_merged.png,/Users/huhu/Documents/Code/bishe/vrb/vrbreproduction/outputs/100subaction-e9/experiments/E9/pipeline_outputs/subaction_01_P01_109_1/candidate_08_frame_000176_left/mask_projection_overlay.png,"(256, 456)",isotropic_e7,True,False
E9,1,P01_109_1,open rucksack,open,rucksack,['rucksack'],153,226,152.0,225.0,9.0,177.0,left,new_contact_episode,97,12,167,"[176.0, 96.0, 320.0, 242.0]",3.2375385445288867,grabcut_fallback,bbox_fallback,fallback_lk,failed,ModuleNotFoundError:No module named 'torch',contact_local_boundary,11998,0.8280193236714976,11937.0,0.5046930492135971,True,5,0.0,contact_part_mask,26,0,contact_part_local_affine,False,0.9409090909090909,36,33,18,0.5454545454545454,1.9298442602157593,5,0.0,23652.0,success,178,0.34195768265117316,,174.0,pre_contact_gap_tracked_reference,3.0,contact_part_local_affine,success,5,0.0,0.2236,,,,,,,success,keep,,5.8114319449208,/Users/huhu/Documents/Code/bishe/vrb/vrbreproduction/outputs/100subaction-e9/experiments/E9/pipeline_outputs/subaction_01_P01_109_1/candidate_09_frame_000177_left,/Users/huhu/Documents/Code/bishe/vrb/vrbreproduction/outputs/100subaction-e9/experiments/E9/pipeline_outputs/subaction_01_P01_109_1/candidate_09_frame_000177_left,/Users/huhu/Documents/Code/bishe/vrb/vrbreproduction/outputs/100subaction-e9/experiments/E9/pipeline_outputs/subaction_01_P01_109_1/candidate_09_frame_000177_left/reference_frame.png,/Users/huhu/Documents/Code/bishe/vrb/vrbreproduction/outputs/100subaction-e9/experiments/E9/pipeline_outputs/subaction_01_P01_109_1/candidate_09_frame_000177_left/label_heatmap_merged_overlay.png,/Users/huhu/Documents/Code/bishe/vrb/vrbreproduction/outputs/100subaction-e9/experiments/E9/pipeline_outputs/subaction_01_P01_109_1/candidate_09_frame_000177_left/vrb_style_affordance.png,6.0,0.0,"[171.35, 89.0, 316.94, 250.56]",/Users/huhu/Documents/Code/bishe/vrb/vrbreproduction/outputs/100subaction-e9/experiments/E9/pipeline_outputs/subaction_01_P01_109_1/candidate_09_frame_000177_left/label_heatmap_merged.npy,/Users/huhu/Documents/Code/bishe/vrb/vrbreproduction/outputs/100subaction-e9/experiments/E9/pipeline_outputs/subaction_01_P01_109_1/candidate_09_frame_000177_left/label_heatmap_merged.png,/Users/huhu/Documents/Code/bishe/vrb/vrbreproduction/outputs/100subaction-e9/experiments/E9/pipeline_outputs/subaction_01_P01_109_1/candidate_09_frame_000177_left/mask_projection_overlay.png,"(256, 456)",isotropic_e7,True,False
E9,1,P01_109_1,open rucksack,open,rucksack,['rucksack'],153,226,152.0,225.0,10.0,178.0,right,new_contact_episode,97,12,52,"[177.0, 93.0, 307.0, 240.0]",2.9954012654346704,grabcut_fallback,bbox_fallback,fallback_lk,failed,ModuleNotFoundError:No module named 'torch',contact_local_boundary,10011,0.7467551842458601,8751.0,0.4373313343328336,True,5,0.0,contact_part_mask,26,0,contact_part_local_affine,False,0.9961764705882353,36,34,33,0.9705882352941176,1.2226086854934692,5,0.0,20010.0,success,179,0.34195768265117316,,177.0,earliest_reliable_tracked_reference_no_pre_gap,1.0,contact_part_local_affine,success,5,0.0,0.20653333333333335,,,,,,,success,keep,,6.129580562964608,/Users/huhu/Documents/Code/bishe/vrb/vrbreproduction/outputs/100subaction-e9/experiments/E9/pipeline_outputs/subaction_01_P01_109_1/candidate_10_frame_000178_right,/Users/huhu/Documents/Code/bishe/vrb/vrbreproduction/outputs/100subaction-e9/experiments/E9/pipeline_outputs/subaction_01_P01_109_1/candidate_10_frame_000178_right,/Users/huhu/Documents/Code/bishe/vrb/vrbreproduction/outputs/100subaction-e9/experiments/E9/pipeline_outputs/subaction_01_P01_109_1/candidate_10_frame_000178_right/reference_frame.png,/Users/huhu/Documents/Code/bishe/vrb/vrbreproduction/outputs/100subaction-e9/experiments/E9/pipeline_outputs/subaction_01_P01_109_1/candidate_10_frame_000178_right/label_heatmap_merged_overlay.png,/Users/huhu/Documents/Code/bishe/vrb/vrbreproduction/outputs/100subaction-e9/experiments/E9/pipeline_outputs/subaction_01_P01_109_1/candidate_10_frame_000178_right/vrb_style_affordance.png,6.0,0.0,"[177.79, 96.29, 315.57, 241.05]",/Users/huhu/Documents/Code/bishe/vrb/vrbreproduction/outputs/100subaction-e9/experiments/E9/pipeline_outputs/subaction_01_P01_109_1/candidate_10_frame_000178_right/label_heatmap_merged.npy,/Users/huhu/Documents/Code/bishe/vrb/vrbreproduction/outputs/100subaction-e9/experiments/E9/pipeline_outputs/subaction_01_P01_109_1/candidate_10_frame_000178_right/label_heatmap_merged.png,/Users/huhu/Documents/Code/bishe/vrb/vrbreproduction/outputs/100subaction-e9/experiments/E9/pipeline_outputs/subaction_01_P01_109_1/candidate_10_frame_000178_right/mask_projection_overlay.png,"(256, 456)",isotropic_e7,True,True
E9,1,P01_109_1,open rucksack,open,rucksack,['rucksack'],153,226,152.0,225.0,11.0,180.0,right,new_contact_episode,97,12,114,"[177.0, 94.0, 302.0, 231.0]",2.9332548265491374,grabcut_fallback,bbox_fallback,fallback_lk,failed,ModuleNotFoundError:No module named 'torch',contact_local_boundary,10630,0.8201527659902785,9502.0,0.5101744966442953,True,5,0.0,contact_part_mask,26,0,contact_part_local_affine,False,0.9921212121212122,36,33,31,0.9393939393939394,1.386329174041748,5,0.0,18625.0,success,181,0.34195768265117316,,179.0,earliest_reliable_tracked_reference_no_pre_gap,1.0,contact_part_local_affine,success,5,0.0,0.20453333333333334,,,,,,,success,keep,,6.108640427809051,/Users/huhu/Documents/Code/bishe/vrb/vrbreproduction/outputs/100subaction-e9/experiments/E9/pipeline_outputs/subaction_01_P01_109_1/candidate_11_frame_000180_right,/Users/huhu/Documents/Code/bishe/vrb/vrbreproduction/outputs/100subaction-e9/experiments/E9/pipeline_outputs/subaction_01_P01_109_1/candidate_11_frame_000180_right,/Users/huhu/Documents/Code/bishe/vrb/vrbreproduction/outputs/100subaction-e9/experiments/E9/pipeline_outputs/subaction_01_P01_109_1/candidate_11_frame_000180_right/reference_frame.png,/Users/huhu/Documents/Code/bishe/vrb/vrbreproduction/outputs/100subaction-e9/experiments/E9/pipeline_outputs/subaction_01_P01_109_1/candidate_11_frame_000180_right/label_heatmap_merged_overlay.png,/Users/huhu/Documents/Code/bishe/vrb/vrbreproduction/outputs/100subaction-e9/experiments/E9/pipeline_outputs/subaction_01_P01_109_1/candidate_11_frame_000180_right/vrb_style_affordance.png,5.0,1.0,"[181.59, 92.4, 306.66, 240.96]",/Users/huhu/Documents/Code/bishe/vrb/vrbreproduction/outputs/100subaction-e9/experiments/E9/pipeline_outputs/subaction_01_P01_109_1/candidate_11_frame_000180_right/label_heatmap_merged.npy,/Users/huhu/Documents/Code/bishe/vrb/vrbreproduction/outputs/100subaction-e9/experiments/E9/pipeline_outputs/subaction_01_P01_109_1/candidate_11_frame_000180_right/label_heatmap_merged.png,/Users/huhu/Documents/Code/bishe/vrb/vrbreproduction/outputs/100subaction-e9/experiments/E9/pipeline_outputs/subaction_01_P01_109_1/candidate_11_frame_000180_right/mask_projection_overlay.png,"(256, 456)",isotropic_e7,True,True
E9,2,P01_109_2,pick up eggs,pick-up,egg,['egg'],252,319,251.0,318.0,0.0,256.0,right,new_contact_episode,133,3,0,"[156.0, 61.0, 321.0, 212.0]",1.9570454948826514,,,,,,,0,,,,,0,,,0,0,,False,,0,0,0,,,0,,,not_run,0,0.0,,,,,,not_run,0,,,,,,,,,not_run,discard,contact_points_lt5_after_object_boundary_filter,,/Users/huhu/Documents/Code/bishe/vrb/vrbreproduction/outputs/100subaction-e9/experiments/E9/pipeline_outputs/subaction_02_P01_109_2/candidate_00_frame_000256_right,,,,,,,,,,,,,,False
E9,2,P01_109_2,pick up eggs,pick-up,egg,['egg'],252,319,251.0,318.0,1.0,257.0,right,new_contact_episode,133,3,0,"[155.0, 61.0, 307.0, 208.0]",1.9184340250692018,,,,,,,0,,,,,0,,,0,0,,False,,0,0,0,,,0,,,not_run,0,0.0,,,,,,not_run,0,,,,,,,,,not_run,discard,contact_points_lt5_after_object_boundary_filter,,/Users/huhu/Documents/Code/bishe/vrb/vrbreproduction/outputs/100subaction-e9/experiments/E9/pipeline_outputs/subaction_02_P01_109_2/candidate_01_frame_000257_right,,,,,,,,,,,,,,False
E9,2,P01_109_2,pick up eggs,pick-up,egg,['egg'],252,319,251.0,318.0,2.0,258.0,right,new_contact_episode,133,3,0,"[157.0, 61.0, 315.0, 212.0]",1.9295271265832534,,,,,,,0,,,,,0,,,0,0,,False,,0,0,0,,,0,,,not_run,0,0.0,,,,,,not_run,0,,,,,,,,,not_run,discard,contact_points_lt5_after_object_boundary_filter,,/Users/huhu/Documents/Code/bishe/vrb/vrbreproduction/outputs/100subaction-e9/experiments/E9/pipeline_outputs/subaction_02_P01_109_2/candidate_02_frame_000258_right,,,,,,,,,,,,,,False
E9,3,P01_109_3,put down eggs,put-down,egg,['egg'],319,374,318.0,373.0,0.0,362.0,left,new_contact_episode,36,9,98,"[183.0, 126.0, 294.0, 247.0]",2.980071862592368,grabcut_fallback,bbox_fallback,fallback_lk,failed,ModuleNotFoundError:No module named 'torch',small_object_whole_mask_allowed,8054,0.8309946347503095,6948.0,0.5220135236664162,True,5,0.0,contact_part_mask,26,0,contact_part_local_affine,False,0.9855555555555556,36,36,32,0.8888888888888888,0.2784738540649414,5,0.0,13310.0,success,361,0.35245193913903805,,361.0,pre_contact_gap_tracked_reference,1.0,contact_part_local_affine,success,5,0.0,0.016666666666666666,,,,,,,success,keep,,6.361368006600273,/Users/huhu/Documents/Code/bishe/vrb/vrbreproduction/outputs/100subaction-e9/experiments/E9/pipeline_outputs/subaction_03_P01_109_3/candidate_00_frame_000362_left,/Users/huhu/Documents/Code/bishe/vrb/vrbreproduction/outputs/100subaction-e9/experiments/E9/pipeline_outputs/subaction_03_P01_109_3/candidate_00_frame_000362_left,/Users/huhu/Documents/Code/bishe/vrb/vrbreproduction/outputs/100subaction-e9/experiments/E9/pipeline_outputs/subaction_03_P01_109_3/candidate_00_frame_000362_left/reference_frame.png,/Users/huhu/Documents/Code/bishe/vrb/vrbreproduction/outputs/100subaction-e9/experiments/E9/pipeline_outputs/subaction_03_P01_109_3/candidate_00_frame_000362_left/label_heatmap_merged_overlay.png,/Users/huhu/Documents/Code/bishe/vrb/vrbreproduction/outputs/100subaction-e9/experiments/E9/pipeline_outputs/subaction_03_P01_109_3/candidate_00_frame_000362_left/vrb_style_affordance.png,6.0,0.0,"[183.64, 127.28, 294.22, 247.8]",/Users/huhu/Documents/Code/bishe/vrb/vrbreproduction/outputs/100subaction-e9/experiments/E9/pipeline_outputs/subaction_03_P01_109_3/candidate_00_frame_000362_left/label_heatmap_merged.npy,/Users/huhu/Documents/Code/bishe/vrb/vrbreproduction/outputs/100subaction-e9/experiments/E9/pipeline_outputs/subaction_03_P01_109_3/candidate_00_frame_000362_left/label_heatmap_merged.png,/Users/huhu/Documents/Code/bishe/vrb/vrbreproduction/outputs/100subaction-e9/experiments/E9/pipeline_outputs/subaction_03_P01_109_3/candidate_00_frame_000362_left/mask_projection_overlay.png,"(256, 456)",isotropic_e7,True,False
E9,3,P01_109_3,put down eggs,put-down,egg,['egg'],319,374,318.0,373.0,1.0,363.0,left,new_contact_episode,36,9,100,"[182.0, 125.0, 291.0, 246.0]",2.9498468757381646,grabcut_fallback,bbox_fallback,fallback_lk,failed,ModuleNotFoundError:No module named 'torch',small_object_whole_mask_allowed,7737,0.802676626206038,7147.0,0.5369646882043576,True,5,0.0,contact_part_mask,26,0,contact_part_local_affine,False,0.9891666666666667,36,36,33,0.9166666666666666,0.183934286236763,5,0.0,13310.0,success,361,0.3578192275523229,,361.0,pre_contact_gap_tracked_reference,2.0,contact_part_local_affine,success,5,0.0,0.016666666666666666,,,,,,,success,keep,,6.375148638079564,/Users/huhu/Documents/Code/bishe/vrb/vrbreproduction/outputs/100subaction-e9/experiments/E9/pipeline_outputs/subaction_03_P01_109_3/candidate_01_frame_000363_left,/Users/huhu/Documents/Code/bishe/vrb/vrbreproduction/outputs/100subaction-e9/experiments/E9/pipeline_outputs/subaction_03_P01_109_3/candidate_01_frame_000363_left,/Users/huhu/Documents/Code/bishe/vrb/vrbreproduction/outputs/100subaction-e9/experiments/E9/pipeline_outputs/subaction_03_P01_109_3/candidate_01_frame_000363_left/reference_frame.png,/Users/huhu/Documents/Code/bishe/vrb/vrbreproduction/outputs/100subaction-e9/experiments/E9/pipeline_outputs/subaction_03_P01_109_3/candidate_01_frame_000363_left/label_heatmap_merged_overlay.png,/Users/huhu/Documents/Code/bishe/vrb/vrbreproduction/outputs/100subaction-e9/experiments/E9/pipeline_outputs/subaction_03_P01_109_3/candidate_01_frame_000363_left/vrb_style_affordance.png,6.0,0.0,"[183.48, 127.36, 293.25, 247.75]",/Users/huhu/Documents/Code/bishe/vrb/vrbreproduction/outputs/100subaction-e9/experiments/E9/pipeline_outputs/subaction_03_P01_109_3/candidate_01_frame_000363_left/label_heatmap_merged.npy,/Users/huhu/Documents/Code/bishe/vrb/vrbreproduction/outputs/100subaction-e9/experiments/E9/pipeline_outputs/subaction_03_P01_109_3/candidate_01_frame_000363_left/label_heatmap_merged.png,/Users/huhu/Documents/Code/bishe/vrb/vrbreproduction/outputs/100subaction-e9/experiments/E9/pipeline_outputs/subaction_03_P01_109_3/candidate_01_frame_000363_left/mask_projection_overlay.png,"(256, 456)",isotropic_e7,True,True
E9,3,P01_109_3,put down eggs,put-down,egg,['egg'],319,374,318.0,373.0,2.0,364.0,left,new_contact_episode,36,9,134,"[181.0, 124.0, 292.0, 248.0]",3.038232342394723,grabcut_fallback,bbox_fallback,fallback_lk,failed,ModuleNotFoundError:No module named 'torch',small_object_whole_mask_allowed,7575,0.7746983023113111,7209.0,0.5416228399699474,True,5,0.0,contact_part_mask,26,0,contact_part_local_affine,False,0.9891666666666667,36,36,33,0.9166666666666666,0.3465864360332489,5,0.0,13310.0,success,361,0.36326825132215523,,361.0,pre_contact_gap_tracked_reference,3.0,contact_part_local_affine,success,5,0.0,0.016666666666666666,,,,,,,success,keep,,6.364269073585668,/Users/huhu/Documents/Code/bishe/vrb/vrbreproduction/outputs/100subaction-e9/experiments/E9/pipeline_outputs/subaction_03_P01_109_3/candidate_02_frame_000364_left,/Users/huhu/Documents/Code/bishe/vrb/vrbreproduction/outputs/100subaction-e9/experiments/E9/pipeline_outputs/subaction_03_P01_109_3/candidate_02_frame_000364_left,/Users/huhu/Documents/Code/bishe/vrb/vrbreproduction/outputs/100subaction-e9/experiments/E9/pipeline_outputs/subaction_03_P01_109_3/candidate_02_frame_000364_left/reference_frame.png,/Users/huhu/Documents/Code/bishe/vrb/vrbreproduction/outputs/100subaction-e9/experiments/E9/pipeline_outputs/subaction_03_P01_109_3/candidate_02_frame_000364_left/label_heatmap_merged_overlay.png,/Users/huhu/Documents/Code/bishe/vrb/vrbreproduction/outputs/100subaction-e9/experiments/E9/pipeline_outputs/subaction_03_P01_109_3/candidate_02_frame_000364_left/vrb_style_affordance.png,6.0,0.0,"[183.42, 127.39, 293.39, 248.1]",/Users/huhu/Documents/Code/bishe/vrb/vrbreproduction/outputs/100subaction-e9/experiments/E9/pipeline_outputs/subaction_03_P01_109_3/candidate_02_frame_000364_left/label_heatmap_merged.npy,/Users/huhu/Documents/Code/bishe/vrb/vrbreproduction/outputs/100subaction-e9/experiments/E9/pipeline_outputs/subaction_03_P01_109_3/candidate_02_frame_000364_left/label_heatmap_merged.png,/Users/huhu/Documents/Code/bishe/vrb/vrbreproduction/outputs/100subaction-e9/experiments/E9/pipeline_outputs/subaction_03_P01_109_3/candidate_02_frame_000364_left/mask_projection_overlay.png,"(256, 456)",isotropic_e7,True,False
E9,3,P01_109_3,put down eggs,put-down,egg,['egg'],319,374,318.0,373.0,3.0,369.0,left,new_contact_episode,36,9,130,"[184.0, 118.0, 286.0, 245.0]",3.1188843736990073,grabcut_fallback,bbox_fallback,fallback_lk,failed,ModuleNotFoundError:No module named 'torch',small_object_whole_mask_allowed,7995,0.8196637277014558,8372.0,0.5962962962962963,True,5,0.0,contact_part_mask,26,0,contact_part_local_affine,False,0.9777142857142858,36,35,29,0.8285714285714286,0.4334525763988495,5,0.0,14040.0,success,361,0.391783634561445,,366.0,pre_contact_gap_tracked_reference,3.0,contact_part_local_affine,success,5,0.0,0.051333333333333335,,,,,,,success,keep,,6.287424994136606,/Users/huhu/Documents/Code/bishe/vrb/vrbreproduction/outputs/100subaction-e9/experiments/E9/pipeline_outputs/subaction_03_P01_109_3/candidate_03_frame_000369_left,/Users/huhu/Documents/Code/bishe/vrb/vrbreproduction/outputs/100subaction-e9/experiments/E9/pipeline_outputs/subaction_03_P01_109_3/candidate_03_frame_000369_left,/Users/huhu/Documents/Code/bishe/vrb/vrbreproduction/outputs/100subaction-e9/experiments/E9/pipeline_outputs/subaction_03_P01_109_3/candidate_03_frame_000369_left/reference_frame.png,/Users/huhu/Documents/Code/bishe/vrb/vrbreproduction/outputs/100subaction-e9/experiments/E9/pipeline_outputs/subaction_03_P01_109_3/candidate_03_frame_000369_left/label_heatmap_merged_overlay.png,/Users/huhu/Documents/Code/bishe/vrb/vrbreproduction/outputs/100subaction-e9/experiments/E9/pipeline_outputs/subaction_03_P01_109_3/candidate_03_frame_000369_left/vrb_style_affordance.png,6.0,0.0,"[183.76, 118.83, 291.87, 248.94]",/Users/huhu/Documents/Code/bishe/vrb/vrbreproduction/outputs/100subaction-e9/experiments/E9/pipeline_outputs/subaction_03_P01_109_3/candidate_03_frame_000369_left/label_heatmap_merged.npy,/Users/huhu/Documents/Code/bishe/vrb/vrbreproduction/outputs/100subaction-e9/experiments/E9/pipeline_outputs/subaction_03_P01_109_3/candidate_03_frame_000369_left/label_heatmap_merged.png,/Users/huhu/Documents/Code/bishe/vrb/vrbreproduction/outputs/100subaction-e9/experiments/E9/pipeline_outputs/subaction_03_P01_109_3/candidate_03_frame_000369_left/mask_projection_overlay.png,"(256, 456)",isotropic_e7,True,True
E9,3,P01_109_3,put down eggs,put-down,egg,['egg'],319,374,318.0,373.0,4.0,370.0,left,new_contact_episode,36,9,214,"[183.0, 116.0, 286.0, 243.0]",3.0898542810010725,grabcut_fallback,bbox_fallback,fallback_lk,failed,ModuleNotFoundError:No module named 'torch',small_object_whole_mask_allowed,8188,0.8123015873015873,8252.0,0.5877492877492877,True,5,0.0,contact_part_mask,26,0,contact_part_local_affine,False,0.9711111111111111,36,36,28,0.7777777777777778,0.39943045377731323,5,0.0,14040.0,success,361,0.39774988280349743,,366.0,pre_contact_gap_tracked_reference,4.0,contact_part_local_affine,success,5,0.0,0.051333333333333335,,,,,,,success,keep,,6.251461530831125,/Users/huhu/Documents/Code/bishe/vrb/vrbreproduction/outputs/100subaction-e9/experiments/E9/pipeline_outputs/subaction_03_P01_109_3/candidate_04_frame_000370_left,/Users/huhu/Documents/Code/bishe/vrb/vrbreproduction/outputs/100subaction-e9/experiments/E9/pipeline_outputs/subaction_03_P01_109_3/candidate_04_frame_000370_left,/Users/huhu/Documents/Code/bishe/vrb/vrbreproduction/outputs/100subaction-e9/experiments/E9/pipeline_outputs/subaction_03_P01_109_3/candidate_04_frame_000370_left/reference_frame.png,/Users/huhu/Documents/Code/bishe/vrb/vrbreproduction/outputs/100subaction-e9/experiments/E9/pipeline_outputs/subaction_03_P01_109_3/candidate_04_frame_000370_left/label_heatmap_merged_overlay.png,/Users/huhu/Documents/Code/bishe/vrb/vrbreproduction/outputs/100subaction-e9/experiments/E9/pipeline_outputs/subaction_03_P01_109_3/candidate_04_frame_000370_left/vrb_style_affordance.png,6.0,0.0,"[183.75, 118.81, 291.88, 248.92]",/Users/huhu/Documents/Code/bishe/vrb/vrbreproduction/outputs/100subaction-e9/experiments/E9/pipeline_outputs/subaction_03_P01_109_3/candidate_04_frame_000370_left/label_heatmap_merged.npy,/Users/huhu/Documents/Code/bishe/vrb/vrbreproduction/outputs/100subaction-e9/experiments/E9/pipeline_outputs/subaction_03_P01_109_3/candidate_04_frame_000370_left/label_heatmap_merged.png,/Users/huhu/Documents/Code/bishe/vrb/vrbreproduction/outputs/100subaction-e9/experiments/E9/pipeline_outputs/subaction_03_P01_109_3/candidate_04_frame_000370_left/mask_projection_overlay.png,"(256, 456)",isotropic_e7,True,False
E9,3,P01_109_3,put down eggs,put-down,egg,['egg'],319,374,318.0,373.0,5.0,371.0,left,new_contact_episode,36,9,204,"[196.0, 118.0, 284.0, 244.0]",3.081965293372851,grabcut_fallback,bbox_fallback,fallback_lk,failed,ModuleNotFoundError:No module named 'torch',small_object_whole_mask_allowed,7663,0.8249542469587684,8263.0,0.5930950330175137,True,5,0.0,contact_part_mask,26,0,contact_part_local_affine,False,0.9724242424242424,36,33,26,0.7878787878787878,0.6797419786453247,5,0.0,13932.0,success,361,0.4038069876177639,,367.0,pre_contact_gap_tracked_reference,4.0,contact_part_local_affine,success,5,0.0,0.05262222222222222,,,,,,,success,keep,,6.247280467913367,/Users/huhu/Documents/Code/bishe/vrb/vrbreproduction/outputs/100subaction-e9/experiments/E9/pipeline_outputs/subaction_03_P01_109_3/candidate_05_frame_000371_left,/Users/huhu/Documents/Code/bishe/vrb/vrbreproduction/outputs/100subaction-e9/experiments/E9/pipeline_outputs/subaction_03_P01_109_3/candidate_05_frame_000371_left,/Users/huhu/Documents/Code/bishe/vrb/vrbreproduction/outputs/100subaction-e9/experiments/E9/pipeline_outputs/subaction_03_P01_109_3/candidate_05_frame_000371_left/reference_frame.png,/Users/huhu/Documents/Code/bishe/vrb/vrbreproduction/outputs/100subaction-e9/experiments/E9/pipeline_outputs/subaction_03_P01_109_3/candidate_05_frame_000371_left/label_heatmap_merged_overlay.png,/Users/huhu/Documents/Code/bishe/vrb/vrbreproduction/outputs/100subaction-e9/experiments/E9/pipeline_outputs/subaction_03_P01_109_3/candidate_05_frame_000371_left/vrb_style_affordance.png,6.0,0.0,"[184.58, 119.17, 292.96, 248.01]",/Users/huhu/Documents/Code/bishe/vrb/vrbreproduction/outputs/100subaction-e9/experiments/E9/pipeline_outputs/subaction_03_P01_109_3/candidate_05_frame_000371_left/label_heatmap_merged.npy,/Users/huhu/Documents/Code/bishe/vrb/vrbreproduction/outputs/100subaction-e9/experiments/E9/pipeline_outputs/subaction_03_P01_109_3/candidate_05_frame_000371_left/label_heatmap_merged.png,/Users/huhu/Documents/Code/bishe/vrb/vrbreproduction/outputs/100subaction-e9/experiments/E9/pipeline_outputs/subaction_03_P01_109_3/candidate_05_frame_000371_left/mask_projection_overlay.png,"(256, 456)",isotropic_e7,True,False
E9,3,P01_109_3,put down eggs,put-down,egg,['egg'],319,374,318.0,373.0,6.0,371.0,right,new_contact_episode,36,9,109,"[196.0, 118.0, 284.0, 244.0]",3.240970185610308,grabcut_fallback,bbox_fallback,fallback_lk,failed,ModuleNotFoundError:No module named 'torch',small_object_whole_mask_allowed,7857,0.8458391646032942,8137.0,0.6113448534936138,True,5,0.0,contact_part_mask,26,0,contact_part_local_affine,False,0.9748387096774194,36,31,25,0.8064516129032258,0.7802870273590088,5,0.0,13310.0,success,361,0.4038069876177639,,362.0,earliest_reliable_tracked_reference_no_pre_gap,9.0,contact_part_local_affine,success,5,0.0,0.012,,,,,,,success,keep,,6.286526873050198,/Users/huhu/Documents/Code/bishe/vrb/vrbreproduction/outputs/100subaction-e9/experiments/E9/pipeline_outputs/subaction_03_P01_109_3/candidate_06_frame_000371_right,/Users/huhu/Documents/Code/bishe/vrb/vrbreproduction/outputs/100subaction-e9/experiments/E9/pipeline_outputs/subaction_03_P01_109_3/candidate_06_frame_000371_right,/Users/huhu/Documents/Code/bishe/vrb/vrbreproduction/outputs/100subaction-e9/experiments/E9/pipeline_outputs/subaction_03_P01_109_3/candidate_06_frame_000371_right/reference_frame.png,/Users/huhu/Documents/Code/bishe/vrb/vrbreproduction/outputs/100subaction-e9/experiments/E9/pipeline_outputs/subaction_03_P01_109_3/candidate_06_frame_000371_right/label_heatmap_merged_overlay.png,/Users/huhu/Documents/Code/bishe/vrb/vrbreproduction/outputs/100subaction-e9/experiments/E9/pipeline_outputs/subaction_03_P01_109_3/candidate_06_frame_000371_right/vrb_style_affordance.png,6.0,0.0,"[182.94, 126.0, 293.2, 247.44]",/Users/huhu/Documents/Code/bishe/vrb/vrbreproduction/outputs/100subaction-e9/experiments/E9/pipeline_outputs/subaction_03_P01_109_3/candidate_06_frame_000371_right/label_heatmap_merged.npy,/Users/huhu/Documents/Code/bishe/vrb/vrbreproduction/outputs/100subaction-e9/experiments/E9/pipeline_outputs/subaction_03_P01_109_3/candidate_06_frame_000371_right/label_heatmap_merged.png,/Users/huhu/Documents/Code/bishe/vrb/vrbreproduction/outputs/100subaction-e9/experiments/E9/pipeline_outputs/subaction_03_P01_109_3/candidate_06_frame_000371_right/mask_projection_overlay.png,"(256, 456)",isotropic_e7,True,False
E9,3,P01_109_3,put down eggs,put-down,egg,['egg'],319,374,318.0,373.0,7.0,372.0,right,new_contact_episode,36,9,112,"[204.0, 115.0, 267.0, 214.0]",3.2888211672744507,grabcut_fallback,bbox_fallback,fallback_lk,failed,ModuleNotFoundError:No module named 'torch',small_object_whole_mask_allowed,3738,1.0,8583.0,0.6395678092399404,True,5,0.0,contact_part_mask,26,0,contact_part_local_affine,False,0.99,36,26,24,0.9230769230769231,0.6107357144355774,5,0.0,13420.0,success,361,0.4099563326068669,,363.0,earliest_reliable_tracked_reference_no_pre_gap,9.0,contact_part_local_affine,success,5,0.0,0.008266666666666667,,,,,,,success,keep,,6.368354851643855,/Users/huhu/Documents/Code/bishe/vrb/vrbreproduction/outputs/100subaction-e9/experiments/E9/pipeline_outputs/subaction_03_P01_109_3/candidate_07_frame_000372_right,/Users/huhu/Documents/Code/bishe/vrb/vrbreproduction/outputs/100subaction-e9/experiments/E9/pipeline_outputs/subaction_03_P01_109_3/candidate_07_frame_000372_right,/Users/huhu/Documents/Code/bishe/vrb/vrbreproduction/outputs/100subaction-e9/experiments/E9/pipeline_outputs/subaction_03_P01_109_3/candidate_07_frame_000372_right/reference_frame.png,/Users/huhu/Documents/Code/bishe/vrb/vrbreproduction/outputs/100subaction-e9/experiments/E9/pipeline_outputs/subaction_03_P01_109_3/candidate_07_frame_000372_right/label_heatmap_merged_overlay.png,/Users/huhu/Documents/Code/bishe/vrb/vrbreproduction/outputs/100subaction-e9/experiments/E9/pipeline_outputs/subaction_03_P01_109_3/candidate_07_frame_000372_right/vrb_style_affordance.png,6.0,0.0,"[182.29, 124.74, 291.53, 247.39]",/Users/huhu/Documents/Code/bishe/vrb/vrbreproduction/outputs/100subaction-e9/experiments/E9/pipeline_outputs/subaction_03_P01_109_3/candidate_07_frame_000372_right/label_heatmap_merged.npy,/Users/huhu/Documents/Code/bishe/vrb/vrbreproduction/outputs/100subaction-e9/experiments/E9/pipeline_outputs/subaction_03_P01_109_3/candidate_07_frame_000372_right/label_heatmap_merged.png,/Users/huhu/Documents/Code/bishe/vrb/vrbreproduction/outputs/100subaction-e9/experiments/E9/pipeline_outputs/subaction_03_P01_109_3/candidate_07_frame_000372_right/mask_projection_overlay.png,"(256, 456)",isotropic_e7,True,True
E9,3,P01_109_3,put down eggs,put-down,egg,['egg'],319,374,318.0,373.0,8.0,373.0,right,new_contact_episode,36,9,66,"[201.0, 115.0, 253.0, 212.0]",2.9918831924827773,grabcut_fallback,bbox_fallback,fallback_lk,failed,ModuleNotFoundError:No module named 'torch',small_object_whole_mask_allowed,2293,1.0,5189.0,0.8735690235690236,True,5,0.0,contact_part_mask,26,0,contact_part_local_affine,False,0.9865517241379311,36,29,26,0.896551724137931,0.5816069841384888,5,0.0,5940.0,success,361,0.4161993224435197,,372.0,earliest_reliable_tracked_reference_no_pre_gap,1.0,contact_part_local_affine,success,5,0.0,0.3128,,,,,,,success,keep,,5.944248342199984,/Users/huhu/Documents/Code/bishe/vrb/vrbreproduction/outputs/100subaction-e9/experiments/E9/pipeline_outputs/subaction_03_P01_109_3/candidate_08_frame_000373_right,/Users/huhu/Documents/Code/bishe/vrb/vrbreproduction/outputs/100subaction-e9/experiments/E9/pipeline_outputs/subaction_03_P01_109_3/candidate_08_frame_000373_right,/Users/huhu/Documents/Code/bishe/vrb/vrbreproduction/outputs/100subaction-e9/experiments/E9/pipeline_outputs/subaction_03_P01_109_3/candidate_08_frame_000373_right/reference_frame.png,/Users/huhu/Documents/Code/bishe/vrb/vrbreproduction/outputs/100subaction-e9/experiments/E9/pipeline_outputs/subaction_03_P01_109_3/candidate_08_frame_000373_right/label_heatmap_merged_overlay.png,/Users/huhu/Documents/Code/bishe/vrb/vrbreproduction/outputs/100subaction-e9/experiments/E9/pipeline_outputs/subaction_03_P01_109_3/candidate_08_frame_000373_right/vrb_style_affordance.png,6.0,0.0,"[203.19, 115.3, 263.07, 213.68]",/Users/huhu/Documents/Code/bishe/vrb/vrbreproduction/outputs/100subaction-e9/experiments/E9/pipeline_outputs/subaction_03_P01_109_3/candidate_08_frame_000373_right/label_heatmap_merged.npy,/Users/huhu/Documents/Code/bishe/vrb/vrbreproduction/outputs/100subaction-e9/experiments/E9/pipeline_outputs/subaction_03_P01_109_3/candidate_08_frame_000373_right/label_heatmap_merged.png,/Users/huhu/Documents/Code/bishe/vrb/vrbreproduction/outputs/100subaction-e9/experiments/E9/pipeline_outputs/subaction_03_P01_109_3/candidate_08_frame_000373_right/mask_projection_overlay.png,"(256, 456)",isotropic_e7,True,False
E9,4,P01_109_4,pick up onion and potato,pick-up,onion,"['onion', 'potato']",424,475,423.0,474.0,0.0,423.0,right,continuation_entry_rescue,104,4,34,"[182.0, 98.0, 228.0, 136.0]",3.527403448519574,grabcut_fallback,bbox_fallback,fallback_lk,failed,ModuleNotFoundError:No module named 'torch',small_object_whole_mask_allowed,1748,1.0,7274.0,0.7141875306823761,True,5,0.0,contact_part_mask,26,0,contact_part_local_affine,False,0.9638888888888889,36,36,26,0.7222222222222222,0.966499924659729,5,0.0,10185.0,success,361,0.6451351195242122,,410.0,pre_contact_gap_tracked_reference,13.0,contact_part_local_affine,success,5,0.0,0.16906666666666667,,,,,,,success,keep,,5.969960557815764,/Users/huhu/Documents/Code/bishe/vrb/vrbreproduction/outputs/100subaction-e9/experiments/E9/pipeline_outputs/subaction_04_P01_109_4/candidate_00_frame_000423_right,/Users/huhu/Documents/Code/bishe/vrb/vrbreproduction/outputs/100subaction-e9/experiments/E9/pipeline_outputs/subaction_04_P01_109_4/candidate_00_frame_000423_right,/Users/huhu/Documents/Code/bishe/vrb/vrbreproduction/outputs/100subaction-e9/experiments/E9/pipeline_outputs/subaction_04_P01_109_4/candidate_00_frame_000423_right/reference_frame.png,/Users/huhu/Documents/Code/bishe/vrb/vrbreproduction/outputs/100subaction-e9/experiments/E9/pipeline_outputs/subaction_04_P01_109_4/candidate_00_frame_000423_right/label_heatmap_merged_overlay.png,/Users/huhu/Documents/Code/bishe/vrb/vrbreproduction/outputs/100subaction-e9/experiments/E9/pipeline_outputs/subaction_04_P01_109_4/candidate_00_frame_000423_right/vrb_style_affordance.png,6.0,0.0,"[150.02, 92.72, 254.84, 189.54]",/Users/huhu/Documents/Code/bishe/vrb/vrbreproduction/outputs/100subaction-e9/experiments/E9/pipeline_outputs/subaction_04_P01_109_4/candidate_00_frame_000423_right/label_heatmap_merged.npy,/Users/huhu/Documents/Code/bishe/vrb/vrbreproduction/outputs/100subaction-e9/experiments/E9/pipeline_outputs/subaction_04_P01_109_4/candidate_00_frame_000423_right/label_heatmap_merged.png,/Users/huhu/Documents/Code/bishe/vrb/vrbreproduction/outputs/100subaction-e9/experiments/E9/pipeline_outputs/subaction_04_P01_109_4/candidate_00_frame_000423_right/mask_projection_overlay.png,"(256, 456)",isotropic_e7,True,False
E9,4,P01_109_4,pick up onion and potato,pick-up,onion,"['onion', 'potato']",424,475,423.0,474.0,1.0,424.0,right,continuation_entry_rescue,104,4,7,"[134.0, 90.0, 291.0, 248.0]",3.3284579218825003,grabcut_fallback,bbox_fallback,fallback_lk,failed,ModuleNotFoundError:No module named 'torch',small_object_whole_mask_allowed,11736,0.5758869424407478,6854.0,0.6729504172803142,True,3,0.0,contact_part_mask,26,0,contact_part_local_affine,False,0.7142934311760796,36,26,13,0.5,1.547961950302124,3,0.0,10185.0,success,361,0.6451351195242122,,410.0,pre_contact_gap_tracked_reference,14.0,contact_part_local_affine,success,3,0.0,0.016533333333333334,,,,,,,success,keep,,5.098348003843095,/Users/huhu/Documents/Code/bishe/vrb/vrbreproduction/outputs/100subaction-e9/experiments/E9/pipeline_outputs/subaction_04_P01_109_4/candidate_01_frame_000424_right,/Users/huhu/Documents/Code/bishe/vrb/vrbreproduction/outputs/100subaction-e9/experiments/E9/pipeline_outputs/subaction_04_P01_109_4/candidate_01_frame_000424_right,/Users/huhu/Documents/Code/bishe/vrb/vrbreproduction/outputs/100subaction-e9/experiments/E9/pipeline_outputs/subaction_04_P01_109_4/candidate_01_frame_000424_right/reference_frame.png,/Users/huhu/Documents/Code/bishe/vrb/vrbreproduction/outputs/100subaction-e9/experiments/E9/pipeline_outputs/subaction_04_P01_109_4/candidate_01_frame_000424_right/label_heatmap_merged_overlay.png,/Users/huhu/Documents/Code/bishe/vrb/vrbreproduction/outputs/100subaction-e9/experiments/E9/pipeline_outputs/subaction_04_P01_109_4/candidate_01_frame_000424_right/vrb_style_affordance.png,6.0,0.0,"[150.02, 92.72, 254.84, 189.55]",/Users/huhu/Documents/Code/bishe/vrb/vrbreproduction/outputs/100subaction-e9/experiments/E9/pipeline_outputs/subaction_04_P01_109_4/candidate_01_frame_000424_right/label_heatmap_merged.npy,/Users/huhu/Documents/Code/bishe/vrb/vrbreproduction/outputs/100subaction-e9/experiments/E9/pipeline_outputs/subaction_04_P01_109_4/candidate_01_frame_000424_right/label_heatmap_merged.png,/Users/huhu/Documents/Code/bishe/vrb/vrbreproduction/outputs/100subaction-e9/experiments/E9/pipeline_outputs/subaction_04_P01_109_4/candidate_01_frame_000424_right/mask_projection_overlay.png,"(256, 456)",isotropic_e7,True,False
E9,4,P01_109_4,pick up onion and potato,pick-up,onion,"['onion', 'potato']",424,475,423.0,474.0,2.0,423.0,left,continuation_entry_rescue,104,4,59,"[182.0, 98.0, 228.0, 136.0]",3.291720558461561,grabcut_fallback,bbox_fallback,fallback_lk,failed,ModuleNotFoundError:No module named 'torch',small_object_whole_mask_allowed,1746,0.9988558352402745,2590.0,0.9961538461538462,True,5,0.0,contact_part_mask,26,0,contact_part_local_affine,False,0.9675,36,36,27,0.75,2.0837669372558594,5,0.0,2600.0,success,361,0.6451351195242122,,418.0,earliest_reliable_tracked_reference_no_pre_gap,5.0,contact_part_local_affine,success,5,0.0,0.16635555555555556,,,,,,,success,keep,,6.0054536585489915,/Users/huhu/Documents/Code/bishe/vrb/vrbreproduction/outputs/100subaction-e9/experiments/E9/pipeline_outputs/subaction_04_P01_109_4/candidate_02_frame_000423_left,/Users/huhu/Documents/Code/bishe/vrb/vrbreproduction/outputs/100subaction-e9/experiments/E9/pipeline_outputs/subaction_04_P01_109_4/candidate_02_frame_000423_left,/Users/huhu/Documents/Code/bishe/vrb/vrbreproduction/outputs/100subaction-e9/experiments/E9/pipeline_outputs/subaction_04_P01_109_4/candidate_02_frame_000423_left/reference_frame.png,/Users/huhu/Documents/Code/bishe/vrb/vrbreproduction/outputs/100subaction-e9/experiments/E9/pipeline_outputs/subaction_04_P01_109_4/candidate_02_frame_000423_left/label_heatmap_merged_overlay.png,/Users/huhu/Documents/Code/bishe/vrb/vrbreproduction/outputs/100subaction-e9/experiments/E9/pipeline_outputs/subaction_04_P01_109_4/candidate_02_frame_000423_left/vrb_style_affordance.png,6.0,0.0,"[184.26, 94.57, 234.33, 146.75]",/Users/huhu/Documents/Code/bishe/vrb/vrbreproduction/outputs/100subaction-e9/experiments/E9/pipeline_outputs/subaction_04_P01_109_4/candidate_02_frame_000423_left/label_heatmap_merged.npy,/Users/huhu/Documents/Code/bishe/vrb/vrbreproduction/outputs/100subaction-e9/experiments/E9/pipeline_outputs/subaction_04_P01_109_4/candidate_02_frame_000423_left/label_heatmap_merged.png,/Users/huhu/Documents/Code/bishe/vrb/vrbreproduction/outputs/100subaction-e9/experiments/E9/pipeline_outputs/subaction_04_P01_109_4/candidate_02_frame_000423_left/mask_projection_overlay.png,"(256, 456)",isotropic_e7,True,True
E9,4,P01_109_4,pick up onion and potato,pick-up,onion,"['onion', 'potato']",424,475,423.0,474.0,3.0,424.0,left,continuation_entry_rescue,104,4,14,"[134.0, 90.0, 291.0, 248.0]",3.175393391146664,grabcut_fallback,bbox_fallback,fallback_lk,failed,ModuleNotFoundError:No module named 'torch',small_object_whole_mask_allowed,11699,0.5740713479562295,4721.0,0.7025297619047619,True,4,0.0,contact_part_mask,26,0,contact_part_local_affine,False,0.7830414683024088,36,35,28,0.8,0.4520881772041321,4,0.0,6720.0,success,361,0.6451351195242122,,423.0,earliest_reliable_tracked_reference_no_pre_gap,1.0,contact_part_local_affine,success,4,0.0,0.12337777777777778,,,,,,,success,keep,,5.541453624622027,/Users/huhu/Documents/Code/bishe/vrb/vrbreproduction/outputs/100subaction-e9/experiments/E9/pipeline_outputs/subaction_04_P01_109_4/candidate_03_frame_000424_left,/Users/huhu/Documents/Code/bishe/vrb/vrbreproduction/outputs/100subaction-e9/experiments/E9/pipeline_outputs/subaction_04_P01_109_4/candidate_03_frame_000424_left,/Users/huhu/Documents/Code/bishe/vrb/vrbreproduction/outputs/100subaction-e9/experiments/E9/pipeline_outputs/subaction_04_P01_109_4/candidate_03_frame_000424_left/reference_frame.png,/Users/huhu/Documents/Code/bishe/vrb/vrbreproduction/outputs/100subaction-e9/experiments/E9/pipeline_outputs/subaction_04_P01_109_4/candidate_03_frame_000424_left/label_heatmap_merged_overlay.png,/Users/huhu/Documents/Code/bishe/vrb/vrbreproduction/outputs/100subaction-e9/experiments/E9/pipeline_outputs/subaction_04_P01_109_4/candidate_03_frame_000424_left/vrb_style_affordance.png,6.0,0.0,"[165.5, 95.03, 249.96, 174.63]",/Users/huhu/Documents/Code/bishe/vrb/vrbreproduction/outputs/100subaction-e9/experiments/E9/pipeline_outputs/subaction_04_P01_109_4/candidate_03_frame_000424_left/label_heatmap_merged.npy,/Users/huhu/Documents/Code/bishe/vrb/vrbreproduction/outputs/100subaction-e9/experiments/E9/pipeline_outputs/subaction_04_P01_109_4/candidate_03_frame_000424_left/label_heatmap_merged.png,/Users/huhu/Documents/Code/bishe/vrb/vrbreproduction/outputs/100subaction-e9/experiments/E9/pipeline_outputs/subaction_04_P01_109_4/candidate_03_frame_000424_left/mask_projection_overlay.png,"(256, 456)",isotropic_e7,True,False
E9,5,P01_109_5,put down onion and potato,put-down,onion,"['onion', 'potato']",480,523,479.0,522.0,0.0,479.0,right,continuation_entry_rescue,31,4,39,"[130.0, 4.0, 233.0, 86.0]",3.5784274712106603,grabcut_fallback,,,,,small_object_whole_mask_allowed,4924,0.7656663038407713,,,,0,,,26,0,,False,,36,0,0,,,0,,,success,361,0.6451351195242122,,,,,,failed,0,,,,,,,,,not_run,discard,track_visibility_below_threshold,,/Users/huhu/Documents/Code/bishe/vrb/vrbreproduction/outputs/100subaction-e9/experiments/E9/pipeline_outputs/subaction_05_P01_109_5/candidate_00_frame_000479_right,,,,,6.0,0.0,,,,,,,,False
E9,5,P01_109_5,put down onion and potato,put-down,onion,"['onion', 'potato']",480,523,479.0,522.0,1.0,480.0,right,continuation_entry_rescue,31,4,78,"[121.0, 1.0, 222.0, 72.0]",3.5656817673132455,grabcut_fallback,,,,,small_object_whole_mask_allowed,4349,0.8174812030075188,,,,0,,,26,0,,False,,36,0,0,,,0,,,success,361,0.6451351195242122,,,,,,failed,0,,,,,,,,,not_run,discard,track_visibility_below_threshold,,/Users/huhu/Documents/Code/bishe/vrb/vrbreproduction/outputs/100subaction-e9/experiments/E9/pipeline_outputs/subaction_05_P01_109_5/candidate_01_frame_000480_right,,,,,6.0,0.0,,,,,,,,False
E9,5,P01_109_5,put down onion and potato,put-down,onion,"['onion', 'potato']",480,523,479.0,522.0,2.0,479.0,left,continuation_entry_rescue,31,4,62,"[169.0, 187.0, 234.0, 248.0]",3.593388126791531,grabcut_fallback,bbox_fallback,fallback_lk,failed,ModuleNotFoundError:No module named 'torch',small_object_whole_mask_allowed,3352,1.0,1638.0,1.0,True,5,0.0,contact_part_mask,26,0,contact_part_local_affine,False,0.9886956521739131,36,23,21,0.9130434782608695,1.5857025384902954,5,0.0,1638.0,success,361,0.6451351195242122,,471.0,earliest_reliable_tracked_reference_no_pre_gap,8.0,contact_part_local_affine,success,5,0.0,0.15546666666666667,,,,,,,success,keep,,6.118185445584421,/Users/huhu/Documents/Code/bishe/vrb/vrbreproduction/outputs/100subaction-e9/experiments/E9/pipeline_outputs/subaction_05_P01_109_5/candidate_02_frame_000479_left,/Users/huhu/Documents/Code/bishe/vrb/vrbreproduction/outputs/100subaction-e9/experiments/E9/pipeline_outputs/subaction_05_P01_109_5/candidate_02_frame_000479_left,/Users/huhu/Documents/Code/bishe/vrb/vrbreproduction/outputs/100subaction-e9/experiments/E9/pipeline_outputs/subaction_05_P01_109_5/candidate_02_frame_000479_left/reference_frame.png,/Users/huhu/Documents/Code/bishe/vrb/vrbreproduction/outputs/100subaction-e9/experiments/E9/pipeline_outputs/subaction_05_P01_109_5/candidate_02_frame_000479_left/label_heatmap_merged_overlay.png,/Users/huhu/Documents/Code/bishe/vrb/vrbreproduction/outputs/100subaction-e9/experiments/E9/pipeline_outputs/subaction_05_P01_109_5/candidate_02_frame_000479_left/vrb_style_affordance.png,6.0,0.0,"[219.42, 201.36, 257.96, 243.12]",/Users/huhu/Documents/Code/bishe/vrb/vrbreproduction/outputs/100subaction-e9/experiments/E9/pipeline_outputs/subaction_05_P01_109_5/candidate_02_frame_000479_left/label_heatmap_merged.npy,/Users/huhu/Documents/Code/bishe/vrb/vrbreproduction/outputs/100subaction-e9/experiments/E9/pipeline_outputs/subaction_05_P01_109_5/candidate_02_frame_000479_left/label_heatmap_merged.png,/Users/huhu/Documents/Code/bishe/vrb/vrbreproduction/outputs/100subaction-e9/experiments/E9/pipeline_outputs/subaction_05_P01_109_5/candidate_02_frame_000479_left/mask_projection_overlay.png,"(256, 456)",isotropic_e7,True,False
E9,5,P01_109_5,put down onion and potato,put-down,onion,"['onion', 'potato']",480,523,479.0,522.0,3.0,480.0,left,continuation_entry_rescue,31,4,47,"[157.0, 175.0, 224.0, 243.0]",3.925809122126164,grabcut_fallback,bbox_fallback,fallback_lk,failed,ModuleNotFoundError:No module named 'torch',small_object_whole_mask_allowed,3208,0.8428796636889122,552.0,1.0,True,5,0.0,contact_part_mask,26,0,contact_part_local_affine,False,0.9881818181818183,36,22,20,0.9090909090909091,1.3458280563354492,5,0.0,552.0,success,361,0.6451351195242122,,456.0,earliest_reliable_tracked_reference_no_pre_gap,24.0,contact_part_local_affine,success,5,0.0,0.06648888888888889,,,,,,,success,keep,,6.160437279522058,/Users/huhu/Documents/Code/bishe/vrb/vrbreproduction/outputs/100subaction-e9/experiments/E9/pipeline_outputs/subaction_05_P01_109_5/candidate_03_frame_000480_left,/Users/huhu/Documents/Code/bishe/vrb/vrbreproduction/outputs/100subaction-e9/experiments/E9/pipeline_outputs/subaction_05_P01_109_5/candidate_03_frame_000480_left,/Users/huhu/Documents/Code/bishe/vrb/vrbreproduction/outputs/100subaction-e9/experiments/E9/pipeline_outputs/subaction_05_P01_109_5/candidate_03_frame_000480_left/reference_frame.png,/Users/huhu/Documents/Code/bishe/vrb/vrbreproduction/outputs/100subaction-e9/experiments/E9/pipeline_outputs/subaction_05_P01_109_5/candidate_03_frame_000480_left/label_heatmap_merged_overlay.png,/Users/huhu/Documents/Code/bishe/vrb/vrbreproduction/outputs/100subaction-e9/experiments/E9/pipeline_outputs/subaction_05_P01_109_5/candidate_03_frame_000480_left/vrb_style_affordance.png,6.0,0.0,"[196.59, 162.59, 221.09, 185.79]",/Users/huhu/Documents/Code/bishe/vrb/vrbreproduction/outputs/100subaction-e9/experiments/E9/pipeline_outputs/subaction_05_P01_109_5/candidate_03_frame_000480_left/label_heatmap_merged.npy,/Users/huhu/Documents/Code/bishe/vrb/vrbreproduction/outputs/100subaction-e9/experiments/E9/pipeline_outputs/subaction_05_P01_109_5/candidate_03_frame_000480_left/label_heatmap_merged.png,/Users/huhu/Documents/Code/bishe/vrb/vrbreproduction/outputs/100subaction-e9/experiments/E9/pipeline_outputs/subaction_05_P01_109_5/candidate_03_frame_000480_left/mask_projection_overlay.png,"(256, 456)",isotropic_e7,True,True
E9,6,P01_109_8,pick up potato,pick-up,potato,['potato'],500,622,499.0,621.0,0.0,527.0,right,new_contact_episode,140,6,69,"[202.0, 119.0, 241.0, 171.0]",3.289574420982162,grabcut_fallback,bbox_fallback,fallback_lk,failed,ModuleNotFoundError:No module named 'torch',small_object_whole_mask_allowed,192,1.0,7085.0,0.6598062953995157,True,5,0.0,contact_part_mask,26,0,contact_part_local_affine,False,0.9891666666666667,36,12,11,0.9166666666666666,1.2590056657791138,5,0.0,10738.0,success,361,0.5371707625918725,,516.0,pre_contact_gap_tracked_reference,11.0,contact_part_local_affine,success,5,0.0,0.058355555555555556,,,,,,,success,keep,,6.015394097460439,/Users/huhu/Documents/Code/bishe/vrb/vrbreproduction/outputs/100subaction-e9/experiments/E9/pipeline_outputs/subaction_06_P01_109_8/candidate_00_frame_000527_right,/Users/huhu/Documents/Code/bishe/vrb/vrbreproduction/outputs/100subaction-e9/experiments/E9/pipeline_outputs/subaction_06_P01_109_8/candidate_00_frame_000527_right,/Users/huhu/Documents/Code/bishe/vrb/vrbreproduction/outputs/100subaction-e9/experiments/E9/pipeline_outputs/subaction_06_P01_109_8/candidate_00_frame_000527_right/reference_frame.png,/Users/huhu/Documents/Code/bishe/vrb/vrbreproduction/outputs/100subaction-e9/experiments/E9/pipeline_outputs/subaction_06_P01_109_8/candidate_00_frame_000527_right/label_heatmap_merged_overlay.png,/Users/huhu/Documents/Code/bishe/vrb/vrbreproduction/outputs/100subaction-e9/experiments/E9/pipeline_outputs/subaction_06_P01_109_8/candidate_00_frame_000527_right/vrb_style_affordance.png,6.0,0.0,"[198.49, 107.74, 288.62, 225.67]",/Users/huhu/Documents/Code/bishe/vrb/vrbreproduction/outputs/100subaction-e9/experiments/E9/pipeline_outputs/subaction_06_P01_109_8/candidate_00_frame_000527_right/label_heatmap_merged.npy,/Users/huhu/Documents/Code/bishe/vrb/vrbreproduction/outputs/100subaction-e9/experiments/E9/pipeline_outputs/subaction_06_P01_109_8/candidate_00_frame_000527_right/label_heatmap_merged.png,/Users/huhu/Documents/Code/bishe/vrb/vrbreproduction/outputs/100subaction-e9/experiments/E9/pipeline_outputs/subaction_06_P01_109_8/candidate_00_frame_000527_right/mask_projection_overlay.png,"(256, 456)",isotropic_e7,True,True
E9,6,P01_109_8,pick up potato,pick-up,potato,['potato'],500,622,499.0,621.0,1.0,528.0,right,new_contact_episode,140,6,106,"[200.0, 104.0, 250.0, 173.0]",3.4910094929307,grabcut_fallback,bbox_fallback,fallback_lk,failed,ModuleNotFoundError:No module named 'torch',small_object_whole_mask_allowed,2132,1.0,2772.0,0.9668643181025462,True,5,0.0,contact_part_mask,26,0,contact_part_local_affine,False,0.9855555555555556,36,36,32,0.8888888888888888,1.5823414325714111,5,0.0,2867.0,success,361,0.5371707625918725,,526.0,pre_contact_gap_tracked_reference,2.0,contact_part_local_affine,success,5,0.0,0.23422222222222222,,,,,,,success,keep,,5.989918645911747,/Users/huhu/Documents/Code/bishe/vrb/vrbreproduction/outputs/100subaction-e9/experiments/E9/pipeline_outputs/subaction_06_P01_109_8/candidate_01_frame_000528_right,/Users/huhu/Documents/Code/bishe/vrb/vrbreproduction/outputs/100subaction-e9/experiments/E9/pipeline_outputs/subaction_06_P01_109_8/candidate_01_frame_000528_right,/Users/huhu/Documents/Code/bishe/vrb/vrbreproduction/outputs/100subaction-e9/experiments/E9/pipeline_outputs/subaction_06_P01_109_8/candidate_01_frame_000528_right/reference_frame.png,/Users/huhu/Documents/Code/bishe/vrb/vrbreproduction/outputs/100subaction-e9/experiments/E9/pipeline_outputs/subaction_06_P01_109_8/candidate_01_frame_000528_right/label_heatmap_merged_overlay.png,/Users/huhu/Documents/Code/bishe/vrb/vrbreproduction/outputs/100subaction-e9/experiments/E9/pipeline_outputs/subaction_06_P01_109_8/candidate_01_frame_000528_right/vrb_style_affordance.png,6.0,0.0,"[203.19, 114.57, 249.71, 176.26]",/Users/huhu/Documents/Code/bishe/vrb/vrbreproduction/outputs/100subaction-e9/experiments/E9/pipeline_outputs/subaction_06_P01_109_8/candidate_01_frame_000528_right/label_heatmap_merged.npy,/Users/huhu/Documents/Code/bishe/vrb/vrbreproduction/outputs/100subaction-e9/experiments/E9/pipeline_outputs/subaction_06_P01_109_8/candidate_01_frame_000528_right/label_heatmap_merged.png,/Users/huhu/Documents/Code/bishe/vrb/vrbreproduction/outputs/100subaction-e9/experiments/E9/pipeline_outputs/subaction_06_P01_109_8/candidate_01_frame_000528_right/mask_projection_overlay.png,"(256, 456)",isotropic_e7,True,False
E9,6,P01_109_8,pick up potato,pick-up,potato,['potato'],500,622,499.0,621.0,2.0,529.0,right,new_contact_episode,140,6,18,"[203.0, 120.0, 232.0, 166.0]",3.0965188858207457,grabcut_fallback,bbox_fallback,fallback_lk,failed,ModuleNotFoundError:No module named 'torch',small_object_whole_mask_allowed,1334,1.0,2469.0,0.9352272727272727,True,5,0.0,contact_part_mask,26,0,contact_part_local_affine,False,0.9891666666666667,36,36,33,0.9166666666666666,1.998356580734253,5,0.0,2640.0,success,361,0.5371707625918725,,526.0,pre_contact_gap_tracked_reference,3.0,contact_part_local_affine,success,5,0.0,0.20622222222222222,,,,,,,success,keep,,6.030382635911306,/Users/huhu/Documents/Code/bishe/vrb/vrbreproduction/outputs/100subaction-e9/experiments/E9/pipeline_outputs/subaction_06_P01_109_8/candidate_02_frame_000529_right,/Users/huhu/Documents/Code/bishe/vrb/vrbreproduction/outputs/100subaction-e9/experiments/E9/pipeline_outputs/subaction_06_P01_109_8/candidate_02_frame_000529_right,/Users/huhu/Documents/Code/bishe/vrb/vrbreproduction/outputs/100subaction-e9/experiments/E9/pipeline_outputs/subaction_06_P01_109_8/candidate_02_frame_000529_right/reference_frame.png,/Users/huhu/Documents/Code/bishe/vrb/vrbreproduction/outputs/100subaction-e9/experiments/E9/pipeline_outputs/subaction_06_P01_109_8/candidate_02_frame_000529_right/label_heatmap_merged_overlay.png,/Users/huhu/Documents/Code/bishe/vrb/vrbreproduction/outputs/100subaction-e9/experiments/E9/pipeline_outputs/subaction_06_P01_109_8/candidate_02_frame_000529_right/vrb_style_affordance.png,6.0,0.0,"[203.53, 116.4, 248.21, 176.02]",/Users/huhu/Documents/Code/bishe/vrb/vrbreproduction/outputs/100subaction-e9/experiments/E9/pipeline_outputs/subaction_06_P01_109_8/candidate_02_frame_000529_right/label_heatmap_merged.npy,/Users/huhu/Documents/Code/bishe/vrb/vrbreproduction/outputs/100subaction-e9/experiments/E9/pipeline_outputs/subaction_06_P01_109_8/candidate_02_frame_000529_right/label_heatmap_merged.png,/Users/huhu/Documents/Code/bishe/vrb/vrbreproduction/outputs/100subaction-e9/experiments/E9/pipeline_outputs/subaction_06_P01_109_8/candidate_02_frame_000529_right/mask_projection_overlay.png,"(256, 456)",isotropic_e7,True,False
E9,6,P01_109_8,pick up potato,pick-up,potato,['potato'],500,622,499.0,621.0,3.0,528.0,left,new_contact_episode,140,6,82,"[200.0, 104.0, 250.0, 173.0]",3.3121709979198806,grabcut_fallback,bbox_fallback,fallback_lk,failed,ModuleNotFoundError:No module named 'torch',small_object_whole_mask_allowed,2132,1.0,2494.0,1.0,True,5,0.0,contact_part_mask,26,0,contact_part_local_affine,False,0.9963888888888889,36,36,35,0.9722222222222222,0.7728650569915771,5,0.0,2494.0,success,361,0.5371707625918725,,527.0,earliest_reliable_tracked_reference_no_pre_gap,1.0,contact_part_local_affine,success,5,0.0,0.21546666666666667,,,,,,,success,keep,,6.130669603845808,/Users/huhu/Documents/Code/bishe/vrb/vrbreproduction/outputs/100subaction-e9/experiments/E9/pipeline_outputs/subaction_06_P01_109_8/candidate_03_frame_000528_left,/Users/huhu/Documents/Code/bishe/vrb/vrbreproduction/outputs/100subaction-e9/experiments/E9/pipeline_outputs/subaction_06_P01_109_8/candidate_03_frame_000528_left,/Users/huhu/Documents/Code/bishe/vrb/vrbreproduction/outputs/100subaction-e9/experiments/E9/pipeline_outputs/subaction_06_P01_109_8/candidate_03_frame_000528_left/reference_frame.png,/Users/huhu/Documents/Code/bishe/vrb/vrbreproduction/outputs/100subaction-e9/experiments/E9/pipeline_outputs/subaction_06_P01_109_8/candidate_03_frame_000528_left/label_heatmap_merged_overlay.png,/Users/huhu/Documents/Code/bishe/vrb/vrbreproduction/outputs/100subaction-e9/experiments/E9/pipeline_outputs/subaction_06_P01_109_8/candidate_03_frame_000528_left/vrb_style_affordance.png,6.0,0.0,"[201.9, 113.99, 245.37, 172.5]",/Users/huhu/Documents/Code/bishe/vrb/vrbreproduction/outputs/100subaction-e9/experiments/E9/pipeline_outputs/subaction_06_P01_109_8/candidate_03_frame_000528_left/label_heatmap_merged.npy,/Users/huhu/Documents/Code/bishe/vrb/vrbreproduction/outputs/100subaction-e9/experiments/E9/pipeline_outputs/subaction_06_P01_109_8/candidate_03_frame_000528_left/label_heatmap_merged.png,/Users/huhu/Documents/Code/bishe/vrb/vrbreproduction/outputs/100subaction-e9/experiments/E9/pipeline_outputs/subaction_06_P01_109_8/candidate_03_frame_000528_left/mask_projection_overlay.png,"(256, 456)",isotropic_e7,True,False
E9,6,P01_109_8,pick up potato,pick-up,potato,['potato'],500,622,499.0,621.0,4.0,529.0,left,new_contact_episode,140,6,25,"[203.0, 120.0, 232.0, 166.0]",3.574678210127677,grabcut_fallback,bbox_fallback,fallback_lk,failed,ModuleNotFoundError:No module named 'torch',small_object_whole_mask_allowed,1334,1.0,2381.0,0.9077392298894396,True,5,0.0,contact_part_mask,26,0,contact_part_local_affine,False,1.0,36,36,36,1.0,0.5695262551307678,5,0.0,2623.0,success,361,0.5371707625918725,,528.0,earliest_reliable_tracked_reference_no_pre_gap,1.0,contact_part_local_affine,success,5,0.0,0.20942222222222223,,,,,,,success,keep,,6.162780879012742,/Users/huhu/Documents/Code/bishe/vrb/vrbreproduction/outputs/100subaction-e9/experiments/E9/pipeline_outputs/subaction_06_P01_109_8/candidate_04_frame_000529_left,/Users/huhu/Documents/Code/bishe/vrb/vrbreproduction/outputs/100subaction-e9/experiments/E9/pipeline_outputs/subaction_06_P01_109_8/candidate_04_frame_000529_left,/Users/huhu/Documents/Code/bishe/vrb/vrbreproduction/outputs/100subaction-e9/experiments/E9/pipeline_outputs/subaction_06_P01_109_8/candidate_04_frame_000529_left/reference_frame.png,/Users/huhu/Documents/Code/bishe/vrb/vrbreproduction/outputs/100subaction-e9/experiments/E9/pipeline_outputs/subaction_06_P01_109_8/candidate_04_frame_000529_left/label_heatmap_merged_overlay.png,/Users/huhu/Documents/Code/bishe/vrb/vrbreproduction/outputs/100subaction-e9/experiments/E9/pipeline_outputs/subaction_06_P01_109_8/candidate_04_frame_000529_left/vrb_style_affordance.png,6.0,0.0,"[201.81, 109.82, 244.88, 171.18]",/Users/huhu/Documents/Code/bishe/vrb/vrbreproduction/outputs/100subaction-e9/experiments/E9/pipeline_outputs/subaction_06_P01_109_8/candidate_04_frame_000529_left/label_heatmap_merged.npy,/Users/huhu/Documents/Code/bishe/vrb/vrbreproduction/outputs/100subaction-e9/experiments/E9/pipeline_outputs/subaction_06_P01_109_8/candidate_04_frame_000529_left/label_heatmap_merged.png,/Users/huhu/Documents/Code/bishe/vrb/vrbreproduction/outputs/100subaction-e9/experiments/E9/pipeline_outputs/subaction_06_P01_109_8/candidate_04_frame_000529_left/mask_projection_overlay.png,"(256, 456)",isotropic_e7,True,True
E9,6,P01_109_8,pick up potato,pick-up,potato,['potato'],500,622,499.0,621.0,5.0,530.0,left,new_contact_episode,140,6,54,"[208.0, 103.0, 247.0, 177.0]",2.9940599465584645,grabcut_fallback,bbox_fallback,fallback_lk,failed,ModuleNotFoundError:No module named 'torch',small_object_whole_mask_allowed,2451,1.0,7647.0,0.7262108262108262,True,5,0.0,contact_part_mask,26,0,contact_part_local_affine,False,0.9870000000000001,36,10,9,0.9,1.4516254663467407,5,0.0,10530.0,success,361,0.5371707625918725,,511.0,earliest_reliable_tracked_reference_no_pre_gap,19.0,contact_part_local_affine,success,5,0.0,0.0,,,,,,,success,keep,,5.9037845717621975,/Users/huhu/Documents/Code/bishe/vrb/vrbreproduction/outputs/100subaction-e9/experiments/E9/pipeline_outputs/subaction_06_P01_109_8/candidate_05_frame_000530_left,/Users/huhu/Documents/Code/bishe/vrb/vrbreproduction/outputs/100subaction-e9/experiments/E9/pipeline_outputs/subaction_06_P01_109_8/candidate_05_frame_000530_left,/Users/huhu/Documents/Code/bishe/vrb/vrbreproduction/outputs/100subaction-e9/experiments/E9/pipeline_outputs/subaction_06_P01_109_8/candidate_05_frame_000530_left/reference_frame.png,/Users/huhu/Documents/Code/bishe/vrb/vrbreproduction/outputs/100subaction-e9/experiments/E9/pipeline_outputs/subaction_06_P01_109_8/candidate_05_frame_000530_left/label_heatmap_merged_overlay.png,/Users/huhu/Documents/Code/bishe/vrb/vrbreproduction/outputs/100subaction-e9/experiments/E9/pipeline_outputs/subaction_06_P01_109_8/candidate_05_frame_000530_left/vrb_style_affordance.png,6.0,0.0,"[205.62, 111.62, 295.73, 229.0]",/Users/huhu/Documents/Code/bishe/vrb/vrbreproduction/outputs/100subaction-e9/experiments/E9/pipeline_outputs/subaction_06_P01_109_8/candidate_05_frame_000530_left/label_heatmap_merged.npy,/Users/huhu/Documents/Code/bishe/vrb/vrbreproduction/outputs/100subaction-e9/experiments/E9/pipeline_outputs/subaction_06_P01_109_8/candidate_05_frame_000530_left/label_heatmap_merged.png,/Users/huhu/Documents/Code/bishe/vrb/vrbreproduction/outputs/100subaction-e9/experiments/E9/pipeline_outputs/subaction_06_P01_109_8/candidate_05_frame_000530_left/mask_projection_overlay.png,"(256, 456)",isotropic_e7,True,False
E9,7,P01_109_6,pick up potatoes,pick-up,potato,['potato'],543,579,542.0,578.0,0.0,542.0,right,continuation_entry_rescue,74,4,149,"[117.0, 65.0, 257.0, 198.0]",3.1028606102546696,grabcut_fallback,bbox_fallback,fallback_lk,failed,ModuleNotFoundError:No module named 'torch',small_object_whole_mask_allowed,11643,0.7140316447933276,6588.0,0.6256410256410256,True,5,0.0,contact_part_mask,26,0,contact_part_local_affine,False,0.9458333333333334,36,12,7,0.5833333333333334,1.255035400390625,5,0.0,10530.0,success,361,0.5371707625918725,,511.0,pre_contact_gap_tracked_reference,31.0,contact_part_local_affine,success,5,0.0,0.0,,,,,,,success,keep,,5.644515607074213,/Users/huhu/Documents/Code/bishe/vrb/vrbreproduction/outputs/100subaction-e9/experiments/E9/pipeline_outputs/subaction_07_P01_109_6/candidate_00_frame_000542_right,/Users/huhu/Documents/Code/bishe/vrb/vrbreproduction/outputs/100subaction-e9/experiments/E9/pipeline_outputs/subaction_07_P01_109_6/candidate_00_frame_000542_right,/Users/huhu/Documents/Code/bishe/vrb/vrbreproduction/outputs/100subaction-e9/experiments/E9/pipeline_outputs/subaction_07_P01_109_6/candidate_00_frame_000542_right/reference_frame.png,/Users/huhu/Documents/Code/bishe/vrb/vrbreproduction/outputs/100subaction-e9/experiments/E9/pipeline_outputs/subaction_07_P01_109_6/candidate_00_frame_000542_right/label_heatmap_merged_overlay.png,/Users/huhu/Documents/Code/bishe/vrb/vrbreproduction/outputs/100subaction-e9/experiments/E9/pipeline_outputs/subaction_07_P01_109_6/candidate_00_frame_000542_right/vrb_style_affordance.png,6.0,0.0,"[205.76, 111.62, 295.71, 228.85]",/Users/huhu/Documents/Code/bishe/vrb/vrbreproduction/outputs/100subaction-e9/experiments/E9/pipeline_outputs/subaction_07_P01_109_6/candidate_00_frame_000542_right/label_heatmap_merged.npy,/Users/huhu/Documents/Code/bishe/vrb/vrbreproduction/outputs/100subaction-e9/experiments/E9/pipeline_outputs/subaction_07_P01_109_6/candidate_00_frame_000542_right/label_heatmap_merged.png,/Users/huhu/Documents/Code/bishe/vrb/vrbreproduction/outputs/100subaction-e9/experiments/E9/pipeline_outputs/subaction_07_P01_109_6/candidate_00_frame_000542_right/mask_projection_overlay.png,"(256, 456)",isotropic_e7,True,False
E9,7,P01_109_6,pick up potatoes,pick-up,potato,['potato'],543,579,542.0,578.0,1.0,543.0,right,continuation_entry_rescue,74,4,193,"[121.0, 63.0, 265.0, 229.0]",3.0634877443125226,grabcut_fallback,bbox_fallback,fallback_lk,failed,ModuleNotFoundError:No module named 'torch',small_object_whole_mask_allowed,13866,0.7126850328947368,7003.0,0.6783223556760946,True,5,0.0,contact_part_mask,26,0,contact_part_local_affine,False,0.9527272727272728,36,11,7,0.6363636363636364,1.8639909029006958,5,0.0,10324.0,success,361,0.5371707625918725,,509.0,pre_contact_gap_tracked_reference,34.0,contact_part_local_affine,success,5,0.0,0.0,,,,,,,success,keep,,5.589312951775362,/Users/huhu/Documents/Code/bishe/vrb/vrbreproduction/outputs/100subaction-e9/experiments/E9/pipeline_outputs/subaction_07_P01_109_6/candidate_01_frame_000543_right,/Users/huhu/Documents/Code/bishe/vrb/vrbreproduction/outputs/100subaction-e9/experiments/E9/pipeline_outputs/subaction_07_P01_109_6/candidate_01_frame_000543_right,/Users/huhu/Documents/Code/bishe/vrb/vrbreproduction/outputs/100subaction-e9/experiments/E9/pipeline_outputs/subaction_07_P01_109_6/candidate_01_frame_000543_right/reference_frame.png,/Users/huhu/Documents/Code/bishe/vrb/vrbreproduction/outputs/100subaction-e9/experiments/E9/pipeline_outputs/subaction_07_P01_109_6/candidate_01_frame_000543_right/label_heatmap_merged_overlay.png,/Users/huhu/Documents/Code/bishe/vrb/vrbreproduction/outputs/100subaction-e9/experiments/E9/pipeline_outputs/subaction_07_P01_109_6/candidate_01_frame_000543_right/vrb_style_affordance.png,6.0,0.0,"[208.09, 114.2, 297.16, 230.22]",/Users/huhu/Documents/Code/bishe/vrb/vrbreproduction/outputs/100subaction-e9/experiments/E9/pipeline_outputs/subaction_07_P01_109_6/candidate_01_frame_000543_right/label_heatmap_merged.npy,/Users/huhu/Documents/Code/bishe/vrb/vrbreproduction/outputs/100subaction-e9/experiments/E9/pipeline_outputs/subaction_07_P01_109_6/candidate_01_frame_000543_right/label_heatmap_merged.png,/Users/huhu/Documents/Code/bishe/vrb/vrbreproduction/outputs/100subaction-e9/experiments/E9/pipeline_outputs/subaction_07_P01_109_6/candidate_01_frame_000543_right/mask_projection_overlay.png,"(256, 456)",isotropic_e7,True,False
E9,7,P01_109_6,pick up potatoes,pick-up,potato,['potato'],543,579,542.0,578.0,2.0,542.0,left,continuation_entry_rescue,74,4,9,"[117.0, 65.0, 257.0, 198.0]",3.079477102208783,grabcut_fallback,,,,,small_object_whole_mask_allowed,11724,0.718999141420336,,,,0,,,26,10,,False,,36,0,0,,,0,,,success,361,0.5371707625918725,,,,,,failed,0,,,,,,,,,not_run,discard,part_gate_failed,,/Users/huhu/Documents/Code/bishe/vrb/vrbreproduction/outputs/100subaction-e9/experiments/E9/pipeline_outputs/subaction_07_P01_109_6/candidate_02_frame_000542_left,,,,,6.0,0.0,,,,,,,,False
E9,7,P01_109_6,pick up potatoes,pick-up,potato,['potato'],543,579,542.0,578.0,3.0,543.0,left,continuation_entry_rescue,74,4,18,"[121.0, 63.0, 265.0, 229.0]",3.1317124840675814,grabcut_fallback,bbox_fallback,fallback_lk,failed,ModuleNotFoundError:No module named 'torch',small_object_whole_mask_allowed,14506,0.7455797697368421,9713.0,0.4783786446020489,True,4,0.0,contact_part_mask,26,0,contact_part_local_affine,False,0.9124999999999999,36,35,35,1.0,0.4716931879520416,4,0.0,20304.0,success,361,0.5371707625918725,,542.0,earliest_reliable_tracked_reference_no_pre_gap,1.0,contact_part_local_affine,success,4,0.0,0.08644444444444445,,,,,,,success,keep,,5.925182537694771,/Users/huhu/Documents/Code/bishe/vrb/vrbreproduction/outputs/100subaction-e9/experiments/E9/pipeline_outputs/subaction_07_P01_109_6/candidate_03_frame_000543_left,/Users/huhu/Documents/Code/bishe/vrb/vrbreproduction/outputs/100subaction-e9/experiments/E9/pipeline_outputs/subaction_07_P01_109_6/candidate_03_frame_000543_left,/Users/huhu/Documents/Code/bishe/vrb/vrbreproduction/outputs/100subaction-e9/experiments/E9/pipeline_outputs/subaction_07_P01_109_6/candidate_03_frame_000543_left/reference_frame.png,/Users/huhu/Documents/Code/bishe/vrb/vrbreproduction/outputs/100subaction-e9/experiments/E9/pipeline_outputs/subaction_07_P01_109_6/candidate_03_frame_000543_left/label_heatmap_merged_overlay.png,/Users/huhu/Documents/Code/bishe/vrb/vrbreproduction/outputs/100subaction-e9/experiments/E9/pipeline_outputs/subaction_07_P01_109_6/candidate_03_frame_000543_left/vrb_style_affordance.png,6.0,0.0,"[119.19, 64.76, 260.01, 208.64]",/Users/huhu/Documents/Code/bishe/vrb/vrbreproduction/outputs/100subaction-e9/experiments/E9/pipeline_outputs/subaction_07_P01_109_6/candidate_03_frame_000543_left/label_heatmap_merged.npy,/Users/huhu/Documents/Code/bishe/vrb/vrbreproduction/outputs/100subaction-e9/experiments/E9/pipeline_outputs/subaction_07_P01_109_6/candidate_03_frame_000543_left/label_heatmap_merged.png,/Users/huhu/Documents/Code/bishe/vrb/vrbreproduction/outputs/100subaction-e9/experiments/E9/pipeline_outputs/subaction_07_P01_109_6/candidate_03_frame_000543_left/mask_projection_overlay.png,"(256, 456)",isotropic_e7,True,True
E9,8,P01_109_7,put down potatoes,put-down,potato,['potato'],550,734,549.0,733.0,0.0,628.0,left,new_contact_episode,190,12,112,"[168.0, 94.0, 275.0, 193.0]",3.083814214827885,grabcut_fallback,bbox_fallback,fallback_lk,failed,ModuleNotFoundError:No module named 'torch',small_object_whole_mask_allowed,7311,0.8816931982633864,6976.0,0.6459259259259259,True,5,0.0,contact_part_mask,26,0,contact_part_local_affine,False,0.9870000000000001,36,30,27,0.9,0.49569931626319885,5,0.0,10800.0,success,361,0.5371707625918725,,627.0,pre_contact_gap_tracked_reference,1.0,contact_part_local_affine,success,5,0.0,0.172,,,,,,,success,keep,,6.128629020512104,/Users/huhu/Documents/Code/bishe/vrb/vrbreproduction/outputs/100subaction-e9/experiments/E9/pipeline_outputs/subaction_08_P01_109_7/candidate_00_frame_000628_left,/Users/huhu/Documents/Code/bishe/vrb/vrbreproduction/outputs/100subaction-e9/experiments/E9/pipeline_outputs/subaction_08_P01_109_7/candidate_00_frame_000628_left,/Users/huhu/Documents/Code/bishe/vrb/vrbreproduction/outputs/100subaction-e9/experiments/E9/pipeline_outputs/subaction_08_P01_109_7/candidate_00_frame_000628_left/reference_frame.png,/Users/huhu/Documents/Code/bishe/vrb/vrbreproduction/outputs/100subaction-e9/experiments/E9/pipeline_outputs/subaction_08_P01_109_7/candidate_00_frame_000628_left/label_heatmap_merged_overlay.png,/Users/huhu/Documents/Code/bishe/vrb/vrbreproduction/outputs/100subaction-e9/experiments/E9/pipeline_outputs/subaction_08_P01_109_7/candidate_00_frame_000628_left/vrb_style_affordance.png,6.0,0.0,"[171.39, 93.35, 278.98, 193.3]",/Users/huhu/Documents/Code/bishe/vrb/vrbreproduction/outputs/100subaction-e9/experiments/E9/pipeline_outputs/subaction_08_P01_109_7/candidate_00_frame_000628_left/label_heatmap_merged.npy,/Users/huhu/Documents/Code/bishe/vrb/vrbreproduction/outputs/100subaction-e9/experiments/E9/pipeline_outputs/subaction_08_P01_109_7/candidate_00_frame_000628_left/label_heatmap_merged.png,/Users/huhu/Documents/Code/bishe/vrb/vrbreproduction/outputs/100subaction-e9/experiments/E9/pipeline_outputs/subaction_08_P01_109_7/candidate_00_frame_000628_left/mask_projection_overlay.png,"(256, 456)",isotropic_e7,True,False
E9,8,P01_109_7,put down potatoes,put-down,potato,['potato'],550,734,549.0,733.0,1.0,629.0,left,new_contact_episode,190,12,84,"[167.0, 94.0, 267.0, 186.0]",2.9818257435152313,grabcut_fallback,bbox_fallback,fallback_lk,failed,ModuleNotFoundError:No module named 'torch',small_object_whole_mask_allowed,6544,0.878625134264232,6655.0,0.6534118802160039,True,5,0.0,contact_part_mask,26,0,contact_part_local_affine,False,0.975625,36,32,26,0.8125,1.0004289150238037,5,0.0,10185.0,success,361,0.5371707625918725,,627.0,pre_contact_gap_tracked_reference,2.0,contact_part_local_affine,success,5,0.0,0.17453333333333335,,,,,,,success,keep,,6.050312132549286,/Users/huhu/Documents/Code/bishe/vrb/vrbreproduction/outputs/100subaction-e9/experiments/E9/pipeline_outputs/subaction_08_P01_109_7/candidate_01_frame_000629_left,/Users/huhu/Documents/Code/bishe/vrb/vrbreproduction/outputs/100subaction-e9/experiments/E9/pipeline_outputs/subaction_08_P01_109_7/candidate_01_frame_000629_left,/Users/huhu/Documents/Code/bishe/vrb/vrbreproduction/outputs/100subaction-e9/experiments/E9/pipeline_outputs/subaction_08_P01_109_7/candidate_01_frame_000629_left/reference_frame.png,/Users/huhu/Documents/Code/bishe/vrb/vrbreproduction/outputs/100subaction-e9/experiments/E9/pipeline_outputs/subaction_08_P01_109_7/candidate_01_frame_000629_left/label_heatmap_merged_overlay.png,/Users/huhu/Documents/Code/bishe/vrb/vrbreproduction/outputs/100subaction-e9/experiments/E9/pipeline_outputs/subaction_08_P01_109_7/candidate_01_frame_000629_left/vrb_style_affordance.png,6.0,0.0,"[172.41, 93.88, 276.7, 190.61]",/Users/huhu/Documents/Code/bishe/vrb/vrbreproduction/outputs/100subaction-e9/experiments/E9/pipeline_outputs/subaction_08_P01_109_7/candidate_01_frame_000629_left/label_heatmap_merged.npy,/Users/huhu/Documents/Code/bishe/vrb/vrbreproduction/outputs/100subaction-e9/experiments/E9/pipeline_outputs/subaction_08_P01_109_7/candidate_01_frame_000629_left/label_heatmap_merged.png,/Users/huhu/Documents/Code/bishe/vrb/vrbreproduction/outputs/100subaction-e9/experiments/E9/pipeline_outputs/subaction_08_P01_109_7/candidate_01_frame_000629_left/mask_projection_overlay.png,"(256, 456)",isotropic_e7,True,False
E9,8,P01_109_7,put down potatoes,put-down,potato,['potato'],550,734,549.0,733.0,2.0,630.0,left,new_contact_episode,190,12,166,"[165.0, 91.0, 275.0, 241.0]",3.2433828090912784,grabcut_fallback,bbox_fallback,fallback_lk,failed,ModuleNotFoundError:No module named 'torch',small_object_whole_mask_allowed,9745,0.7779196934621219,9812.0,0.6668025823989127,True,5,0.0,contact_part_mask,26,0,contact_part_local_affine,False,0.9566666666666667,36,9,6,0.6666666666666666,0.6770279407501221,5,0.0,14715.0,success,361,0.5371707625918725,,617.0,pre_contact_gap_tracked_reference,13.0,contact_part_local_affine,success,5,0.0,0.2986666666666667,,,,,,,success,keep,,5.589744944616728,/Users/huhu/Documents/Code/bishe/vrb/vrbreproduction/outputs/100subaction-e9/experiments/E9/pipeline_outputs/subaction_08_P01_109_7/candidate_02_frame_000630_left,/Users/huhu/Documents/Code/bishe/vrb/vrbreproduction/outputs/100subaction-e9/experiments/E9/pipeline_outputs/subaction_08_P01_109_7/candidate_02_frame_000630_left,/Users/huhu/Documents/Code/bishe/vrb/vrbreproduction/outputs/100subaction-e9/experiments/E9/pipeline_outputs/subaction_08_P01_109_7/candidate_02_frame_000630_left/reference_frame.png,/Users/huhu/Documents/Code/bishe/vrb/vrbreproduction/outputs/100subaction-e9/experiments/E9/pipeline_outputs/subaction_08_P01_109_7/candidate_02_frame_000630_left/label_heatmap_merged_overlay.png,/Users/huhu/Documents/Code/bishe/vrb/vrbreproduction/outputs/100subaction-e9/experiments/E9/pipeline_outputs/subaction_08_P01_109_7/candidate_02_frame_000630_left/vrb_style_affordance.png,6.0,0.0,"[197.6, 105.68, 306.71, 240.53]",/Users/huhu/Documents/Code/bishe/vrb/vrbreproduction/outputs/100subaction-e9/experiments/E9/pipeline_outputs/subaction_08_P01_109_7/candidate_02_frame_000630_left/label_heatmap_merged.npy,/Users/huhu/Documents/Code/bishe/vrb/vrbreproduction/outputs/100subaction-e9/experiments/E9/pipeline_outputs/subaction_08_P01_109_7/candidate_02_frame_000630_left/label_heatmap_merged.png,/Users/huhu/Documents/Code/bishe/vrb/vrbreproduction/outputs/100subaction-e9/experiments/E9/pipeline_outputs/subaction_08_P01_109_7/candidate_02_frame_000630_left/mask_projection_overlay.png,"(256, 456)",isotropic_e7,True,False
E9,8,P01_109_7,put down potatoes,put-down,potato,['potato'],550,734,549.0,733.0,3.0,632.0,right,new_contact_episode,190,12,293,"[161.0, 91.0, 279.0, 245.0]",3.280132474407212,grabcut_fallback,bbox_fallback,fallback_lk,failed,ModuleNotFoundError:No module named 'torch',small_object_whole_mask_allowed,12366,0.8003883495145631,8700.0,0.523088023088023,True,4,0.0,contact_part_mask,26,0,contact_part_local_affine,False,0.858970588235294,36,34,20,0.5882352941176471,1.7314085960388184,4,0.0,16632.0,success,361,0.5371707625918725,,631.0,earliest_reliable_tracked_reference_no_pre_gap,1.0,contact_part_local_affine,success,4,0.0,0.2742222222222222,,,,,,,success,keep,,5.354547938197267,/Users/huhu/Documents/Code/bishe/vrb/vrbreproduction/outputs/100subaction-e9/experiments/E9/pipeline_outputs/subaction_08_P01_109_7/candidate_03_frame_000632_right,/Users/huhu/Documents/Code/bishe/vrb/vrbreproduction/outputs/100subaction-e9/experiments/E9/pipeline_outputs/subaction_08_P01_109_7/candidate_03_frame_000632_right,/Users/huhu/Documents/Code/bishe/vrb/vrbreproduction/outputs/100subaction-e9/experiments/E9/pipeline_outputs/subaction_08_P01_109_7/candidate_03_frame_000632_right/reference_frame.png,/Users/huhu/Documents/Code/bishe/vrb/vrbreproduction/outputs/100subaction-e9/experiments/E9/pipeline_outputs/subaction_08_P01_109_7/candidate_03_frame_000632_right/label_heatmap_merged_overlay.png,/Users/huhu/Documents/Code/bishe/vrb/vrbreproduction/outputs/100subaction-e9/experiments/E9/pipeline_outputs/subaction_08_P01_109_7/candidate_03_frame_000632_right/vrb_style_affordance.png,6.0,0.0,"[162.62, 89.69, 271.18, 243.64]",/Users/huhu/Documents/Code/bishe/vrb/vrbreproduction/outputs/100subaction-e9/experiments/E9/pipeline_outputs/subaction_08_P01_109_7/candidate_03_frame_000632_right/label_heatmap_merged.npy,/Users/huhu/Documents/Code/bishe/vrb/vrbreproduction/outputs/100subaction-e9/experiments/E9/pipeline_outputs/subaction_08_P01_109_7/candidate_03_frame_000632_right/label_heatmap_merged.png,/Users/huhu/Documents/Code/bishe/vrb/vrbreproduction/outputs/100subaction-e9/experiments/E9/pipeline_outputs/subaction_08_P01_109_7/candidate_03_frame_000632_right/mask_projection_overlay.png,"(256, 456)",isotropic_e7,True,False
E9,8,P01_109_7,put down potatoes,put-down,potato,['potato'],550,734,549.0,733.0,4.0,637.0,right,new_contact_episode,190,12,40,"[142.0, 84.0, 292.0, 244.0]",3.3173841180188393,,,,,,,0,,,,,0,,,0,0,,False,,0,0,0,,,0,,,not_run,0,0.0,,,,,,not_run,0,,,,,,,,,not_run,discard,gmm_failed:ValueError,,/Users/huhu/Documents/Code/bishe/vrb/vrbreproduction/outputs/100subaction-e9/experiments/E9/pipeline_outputs/subaction_08_P01_109_7/candidate_04_frame_000637_right,,,,,,,,,,,,,,False
E9,8,P01_109_7,put down potatoes,put-down,potato,['potato'],550,734,549.0,733.0,5.0,638.0,right,new_contact_episode,190,12,60,"[133.0, 84.0, 231.0, 222.0]",2.599802528518783,grabcut_fallback,bbox_fallback,fallback_lk,failed,ModuleNotFoundError:No module named 'torch',small_object_whole_mask_allowed,7818,0.7195582144500691,10919.0,0.5365865644503416,True,5,0.0,contact_part_mask,26,0,contact_part_local_affine,False,0.9925714285714287,36,35,33,0.9428571428571428,0.7374746203422546,5,0.0,20349.0,success,361,0.5371707625918725,,637.0,earliest_reliable_tracked_reference_no_pre_gap,1.0,contact_part_local_affine,success,5,0.0,0.22555555555555556,,,,,,,success,keep,,6.098685285199257,/Users/huhu/Documents/Code/bishe/vrb/vrbreproduction/outputs/100subaction-e9/experiments/E9/pipeline_outputs/subaction_08_P01_109_7/candidate_05_frame_000638_right,/Users/huhu/Documents/Code/bishe/vrb/vrbreproduction/outputs/100subaction-e9/experiments/E9/pipeline_outputs/subaction_08_P01_109_7/candidate_05_frame_000638_right,/Users/huhu/Documents/Code/bishe/vrb/vrbreproduction/outputs/100subaction-e9/experiments/E9/pipeline_outputs/subaction_08_P01_109_7/candidate_05_frame_000638_right/reference_frame.png,/Users/huhu/Documents/Code/bishe/vrb/vrbreproduction/outputs/100subaction-e9/experiments/E9/pipeline_outputs/subaction_08_P01_109_7/candidate_05_frame_000638_right/label_heatmap_merged_overlay.png,/Users/huhu/Documents/Code/bishe/vrb/vrbreproduction/outputs/100subaction-e9/experiments/E9/pipeline_outputs/subaction_08_P01_109_7/candidate_05_frame_000638_right/vrb_style_affordance.png,6.0,0.0,"[138.77, 83.68, 271.77, 236.84]",/Users/huhu/Documents/Code/bishe/vrb/vrbreproduction/outputs/100subaction-e9/experiments/E9/pipeline_outputs/subaction_08_P01_109_7/candidate_05_frame_000638_right/label_heatmap_merged.npy,/Users/huhu/Documents/Code/bishe/vrb/vrbreproduction/outputs/100subaction-e9/experiments/E9/pipeline_outputs/subaction_08_P01_109_7/candidate_05_frame_000638_right/label_heatmap_merged.png,/Users/huhu/Documents/Code/bishe/vrb/vrbreproduction/outputs/100subaction-e9/experiments/E9/pipeline_outputs/subaction_08_P01_109_7/candidate_05_frame_000638_right/mask_projection_overlay.png,"(256, 456)",isotropic_e7,True,False
E9,8,P01_109_7,put down potatoes,put-down,potato,['potato'],550,734,549.0,733.0,6.0,639.0,right,new_contact_episode,190,12,40,"[130.0, 83.0, 306.0, 248.0]",3.2171910044314767,grabcut_fallback,bbox_fallback,fallback_lk,failed,ModuleNotFoundError:No module named 'torch',small_object_whole_mask_allowed,15252,0.7037327550408342,10348.0,0.4701499318491595,True,5,0.0,contact_part_mask,26,0,contact_part_local_affine,False,0.9386111111111112,36,36,19,0.5277777777777778,0.8360198736190796,5,0.0,22010.0,success,361,0.5371707625918725,,637.0,earliest_reliable_tracked_reference_no_pre_gap,2.0,contact_part_local_affine,success,5,0.0,0.20377777777777778,,,,,,,success,keep,,5.869197181569206,/Users/huhu/Documents/Code/bishe/vrb/vrbreproduction/outputs/100subaction-e9/experiments/E9/pipeline_outputs/subaction_08_P01_109_7/candidate_06_frame_000639_right,/Users/huhu/Documents/Code/bishe/vrb/vrbreproduction/outputs/100subaction-e9/experiments/E9/pipeline_outputs/subaction_08_P01_109_7/candidate_06_frame_000639_right,/Users/huhu/Documents/Code/bishe/vrb/vrbreproduction/outputs/100subaction-e9/experiments/E9/pipeline_outputs/subaction_08_P01_109_7/candidate_06_frame_000639_right/reference_frame.png,/Users/huhu/Documents/Code/bishe/vrb/vrbreproduction/outputs/100subaction-e9/experiments/E9/pipeline_outputs/subaction_08_P01_109_7/candidate_06_frame_000639_right/label_heatmap_merged_overlay.png,/Users/huhu/Documents/Code/bishe/vrb/vrbreproduction/outputs/100subaction-e9/experiments/E9/pipeline_outputs/subaction_08_P01_109_7/candidate_06_frame_000639_right/vrb_style_affordance.png,6.0,0.0,"[139.09, 83.51, 280.8, 239.36]",/Users/huhu/Documents/Code/bishe/vrb/vrbreproduction/outputs/100subaction-e9/experiments/E9/pipeline_outputs/subaction_08_P01_109_7/candidate_06_frame_000639_right/label_heatmap_merged.npy,/Users/huhu/Documents/Code/bishe/vrb/vrbreproduction/outputs/100subaction-e9/experiments/E9/pipeline_outputs/subaction_08_P01_109_7/candidate_06_frame_000639_right/label_heatmap_merged.png,/Users/huhu/Documents/Code/bishe/vrb/vrbreproduction/outputs/100subaction-e9/experiments/E9/pipeline_outputs/subaction_08_P01_109_7/candidate_06_frame_000639_right/mask_projection_overlay.png,"(256, 456)",isotropic_e7,True,False
E9,8,P01_109_7,put down potatoes,put-down,potato,['potato'],550,734,549.0,733.0,7.0,645.0,left,new_contact_episode,190,12,84,"[138.0, 88.0, 303.0, 245.0]",2.9099430300958473,grabcut_fallback,bbox_fallback,fallback_lk,failed,ModuleNotFoundError:No module named 'torch',small_object_whole_mask_allowed,13142,0.6392023346303501,7681.0,0.5578068264342774,True,5,0.0,contact_part_mask,26,0,contact_part_local_affine,False,1.0,36,36,36,1.0,0.8186648488044739,5,0.0,13770.0,success,361,0.5371707625918725,,644.0,earliest_reliable_tracked_reference_no_pre_gap,1.0,contact_part_local_affine,success,5,0.0,0.14475555555555555,,,,,,,success,keep,,6.252306721202531,/Users/huhu/Documents/Code/bishe/vrb/vrbreproduction/outputs/100subaction-e9/experiments/E9/pipeline_outputs/subaction_08_P01_109_7/candidate_07_frame_000645_left,/Users/huhu/Documents/Code/bishe/vrb/vrbreproduction/outputs/100subaction-e9/experiments/E9/pipeline_outputs/subaction_08_P01_109_7/candidate_07_frame_000645_left,/Users/huhu/Documents/Code/bishe/vrb/vrbreproduction/outputs/100subaction-e9/experiments/E9/pipeline_outputs/subaction_08_P01_109_7/candidate_07_frame_000645_left/reference_frame.png,/Users/huhu/Documents/Code/bishe/vrb/vrbreproduction/outputs/100subaction-e9/experiments/E9/pipeline_outputs/subaction_08_P01_109_7/candidate_07_frame_000645_left/label_heatmap_merged_overlay.png,/Users/huhu/Documents/Code/bishe/vrb/vrbreproduction/outputs/100subaction-e9/experiments/E9/pipeline_outputs/subaction_08_P01_109_7/candidate_07_frame_000645_left/vrb_style_affordance.png,6.0,0.0,"[158.07, 105.78, 260.1, 240.81]",/Users/huhu/Documents/Code/bishe/vrb/vrbreproduction/outputs/100subaction-e9/experiments/E9/pipeline_outputs/subaction_08_P01_109_7/candidate_07_frame_000645_left/label_heatmap_merged.npy,/Users/huhu/Documents/Code/bishe/vrb/vrbreproduction/outputs/100subaction-e9/experiments/E9/pipeline_outputs/subaction_08_P01_109_7/candidate_07_frame_000645_left/label_heatmap_merged.png,/Users/huhu/Documents/Code/bishe/vrb/vrbreproduction/outputs/100subaction-e9/experiments/E9/pipeline_outputs/subaction_08_P01_109_7/candidate_07_frame_000645_left/mask_projection_overlay.png,"(256, 456)",isotropic_e7,True,True
E9,8,P01_109_7,put down potatoes,put-down,potato,['potato'],550,734,549.0,733.0,8.0,646.0,left,new_contact_episode,190,12,73,"[142.0, 87.0, 288.0, 230.0]",2.9671938337045236,grabcut_fallback,bbox_fallback,fallback_lk,failed,ModuleNotFoundError:No module named 'torch',small_object_whole_mask_allowed,12158,0.6495699097077523,10847.0,0.4488166170142337,True,5,0.0,contact_part_mask,26,0,contact_part_local_affine,False,0.9891666666666667,36,36,33,0.9166666666666666,0.9165183305740356,5,0.0,24168.0,success,361,0.5371707625918725,,645.0,earliest_reliable_tracked_reference_no_pre_gap,1.0,contact_part_local_affine,success,5,0.0,0.1508,,,,,,,success,keep,,6.189471116749445,/Users/huhu/Documents/Code/bishe/vrb/vrbreproduction/outputs/100subaction-e9/experiments/E9/pipeline_outputs/subaction_08_P01_109_7/candidate_08_frame_000646_left,/Users/huhu/Documents/Code/bishe/vrb/vrbreproduction/outputs/100subaction-e9/experiments/E9/pipeline_outputs/subaction_08_P01_109_7/candidate_08_frame_000646_left,/Users/huhu/Documents/Code/bishe/vrb/vrbreproduction/outputs/100subaction-e9/experiments/E9/pipeline_outputs/subaction_08_P01_109_7/candidate_08_frame_000646_left/reference_frame.png,/Users/huhu/Documents/Code/bishe/vrb/vrbreproduction/outputs/100subaction-e9/experiments/E9/pipeline_outputs/subaction_08_P01_109_7/candidate_08_frame_000646_left/label_heatmap_merged_overlay.png,/Users/huhu/Documents/Code/bishe/vrb/vrbreproduction/outputs/100subaction-e9/experiments/E9/pipeline_outputs/subaction_08_P01_109_7/candidate_08_frame_000646_left/vrb_style_affordance.png,6.0,0.0,"[139.39, 87.28, 297.74, 239.4]",/Users/huhu/Documents/Code/bishe/vrb/vrbreproduction/outputs/100subaction-e9/experiments/E9/pipeline_outputs/subaction_08_P01_109_7/candidate_08_frame_000646_left/label_heatmap_merged.npy,/Users/huhu/Documents/Code/bishe/vrb/vrbreproduction/outputs/100subaction-e9/experiments/E9/pipeline_outputs/subaction_08_P01_109_7/candidate_08_frame_000646_left/label_heatmap_merged.png,/Users/huhu/Documents/Code/bishe/vrb/vrbreproduction/outputs/100subaction-e9/experiments/E9/pipeline_outputs/subaction_08_P01_109_7/candidate_08_frame_000646_left/mask_projection_overlay.png,"(256, 456)",isotropic_e7,True,False
E9,8,P01_109_7,put down potatoes,put-down,potato,['potato'],550,734,549.0,733.0,9.0,647.0,left,new_contact_episode,190,12,48,"[177.0, 88.0, 294.0, 240.0]",2.874841467230235,grabcut_fallback,bbox_fallback,fallback_lk,failed,ModuleNotFoundError:No module named 'torch',small_object_whole_mask_allowed,12686,0.761007798440312,10238.0,0.5156124093473006,True,5,0.0,contact_part_mask,26,0,contact_part_local_affine,False,1.0,36,36,36,1.0,0.4067462086677551,5,0.0,19856.0,success,361,0.5371707625918725,,646.0,earliest_reliable_tracked_reference_no_pre_gap,1.0,contact_part_local_affine,success,5,0.0,0.18355555555555556,,,,,,,success,keep,,6.2064642804066334,/Users/huhu/Documents/Code/bishe/vrb/vrbreproduction/outputs/100subaction-e9/experiments/E9/pipeline_outputs/subaction_08_P01_109_7/candidate_09_frame_000647_left,/Users/huhu/Documents/Code/bishe/vrb/vrbreproduction/outputs/100subaction-e9/experiments/E9/pipeline_outputs/subaction_08_P01_109_7/candidate_09_frame_000647_left,/Users/huhu/Documents/Code/bishe/vrb/vrbreproduction/outputs/100subaction-e9/experiments/E9/pipeline_outputs/subaction_08_P01_109_7/candidate_09_frame_000647_left/reference_frame.png,/Users/huhu/Documents/Code/bishe/vrb/vrbreproduction/outputs/100subaction-e9/experiments/E9/pipeline_outputs/subaction_08_P01_109_7/candidate_09_frame_000647_left/label_heatmap_merged_overlay.png,/Users/huhu/Documents/Code/bishe/vrb/vrbreproduction/outputs/100subaction-e9/experiments/E9/pipeline_outputs/subaction_08_P01_109_7/candidate_09_frame_000647_left/vrb_style_affordance.png,6.0,0.0,"[154.38, 87.13, 289.99, 232.81]",/Users/huhu/Documents/Code/bishe/vrb/vrbreproduction/outputs/100subaction-e9/experiments/E9/pipeline_outputs/subaction_08_P01_109_7/candidate_09_frame_000647_left/label_heatmap_merged.npy,/Users/huhu/Documents/Code/bishe/vrb/vrbreproduction/outputs/100subaction-e9/experiments/E9/pipeline_outputs/subaction_08_P01_109_7/candidate_09_frame_000647_left/label_heatmap_merged.png,/Users/huhu/Documents/Code/bishe/vrb/vrbreproduction/outputs/100subaction-e9/experiments/E9/pipeline_outputs/subaction_08_P01_109_7/candidate_09_frame_000647_left/mask_projection_overlay.png,"(256, 456)",isotropic_e7,True,True
E9,8,P01_109_7,put down potatoes,put-down,potato,['potato'],550,734,549.0,733.0,10.0,656.0,left,new_contact_episode,190,12,17,"[123.0, 84.0, 315.0, 249.0]",3.1019412504969477,grabcut_fallback,bbox_fallback,fallback_lk,failed,ModuleNotFoundError:No module named 'torch',small_object_whole_mask_allowed,14596,0.5593623055108454,11220.0,0.3883965660481861,True,3,0.0,contact_part_mask,26,0,contact_part_local_affine,False,0.7301630126105414,36,36,36,1.0,0.159136563539505,3,0.0,28888.0,success,361,0.5371707625918725,,655.0,earliest_reliable_tracked_reference_no_pre_gap,1.0,contact_part_local_affine,success,3,0.0,0.044977777777777776,,,,,,,success,keep,,5.38208526164823,/Users/huhu/Documents/Code/bishe/vrb/vrbreproduction/outputs/100subaction-e9/experiments/E9/pipeline_outputs/subaction_08_P01_109_7/candidate_10_frame_000656_left,/Users/huhu/Documents/Code/bishe/vrb/vrbreproduction/outputs/100subaction-e9/experiments/E9/pipeline_outputs/subaction_08_P01_109_7/candidate_10_frame_000656_left,/Users/huhu/Documents/Code/bishe/vrb/vrbreproduction/outputs/100subaction-e9/experiments/E9/pipeline_outputs/subaction_08_P01_109_7/candidate_10_frame_000656_left/reference_frame.png,/Users/huhu/Documents/Code/bishe/vrb/vrbreproduction/outputs/100subaction-e9/experiments/E9/pipeline_outputs/subaction_08_P01_109_7/candidate_10_frame_000656_left/label_heatmap_merged_overlay.png,/Users/huhu/Documents/Code/bishe/vrb/vrbreproduction/outputs/100subaction-e9/experiments/E9/pipeline_outputs/subaction_08_P01_109_7/candidate_10_frame_000656_left/vrb_style_affordance.png,6.0,0.0,"[127.72, 85.07, 312.11, 241.81]",/Users/huhu/Documents/Code/bishe/vrb/vrbreproduction/outputs/100subaction-e9/experiments/E9/pipeline_outputs/subaction_08_P01_109_7/candidate_10_frame_000656_left/label_heatmap_merged.npy,/Users/huhu/Documents/Code/bishe/vrb/vrbreproduction/outputs/100subaction-e9/experiments/E9/pipeline_outputs/subaction_08_P01_109_7/candidate_10_frame_000656_left/label_heatmap_merged.png,/Users/huhu/Documents/Code/bishe/vrb/vrbreproduction/outputs/100subaction-e9/experiments/E9/pipeline_outputs/subaction_08_P01_109_7/candidate_10_frame_000656_left/mask_projection_overlay.png,"(256, 456)",isotropic_e7,True,False
E9,8,P01_109_7,put down potatoes,put-down,potato,['potato'],550,734,549.0,733.0,11.0,657.0,left,new_contact_episode,190,12,78,"[128.0, 91.0, 309.0, 238.0]",3.0725067916670628,grabcut_fallback,bbox_fallback,fallback_lk,failed,ModuleNotFoundError:No module named 'torch',small_object_whole_mask_allowed,13704,0.6314334423812377,10190.0,0.4445510862926446,True,5,0.0,contact_part_mask,26,0,contact_part_local_affine,False,0.9855555555555556,36,36,32,0.8888888888888888,0.4570823311805725,5,0.0,22922.0,success,361,0.5371707625918725,,654.0,earliest_reliable_tracked_reference_no_pre_gap,3.0,contact_part_local_affine,success,5,0.0,0.086,,,,,,,success,keep,,6.271509752286806,/Users/huhu/Documents/Code/bishe/vrb/vrbreproduction/outputs/100subaction-e9/experiments/E9/pipeline_outputs/subaction_08_P01_109_7/candidate_11_frame_000657_left,/Users/huhu/Documents/Code/bishe/vrb/vrbreproduction/outputs/100subaction-e9/experiments/E9/pipeline_outputs/subaction_08_P01_109_7/candidate_11_frame_000657_left,/Users/huhu/Documents/Code/bishe/vrb/vrbreproduction/outputs/100subaction-e9/experiments/E9/pipeline_outputs/subaction_08_P01_109_7/candidate_11_frame_000657_left/reference_frame.png,/Users/huhu/Documents/Code/bishe/vrb/vrbreproduction/outputs/100subaction-e9/experiments/E9/pipeline_outputs/subaction_08_P01_109_7/candidate_11_frame_000657_left/label_heatmap_merged_overlay.png,/Users/huhu/Documents/Code/bishe/vrb/vrbreproduction/outputs/100subaction-e9/experiments/E9/pipeline_outputs/subaction_08_P01_109_7/candidate_11_frame_000657_left/vrb_style_affordance.png,6.0,0.0,"[161.45, 87.69, 307.5, 244.58]",/Users/huhu/Documents/Code/bishe/vrb/vrbreproduction/outputs/100subaction-e9/experiments/E9/pipeline_outputs/subaction_08_P01_109_7/candidate_11_frame_000657_left/label_heatmap_merged.npy,/Users/huhu/Documents/Code/bishe/vrb/vrbreproduction/outputs/100subaction-e9/experiments/E9/pipeline_outputs/subaction_08_P01_109_7/candidate_11_frame_000657_left/label_heatmap_merged.png,/Users/huhu/Documents/Code/bishe/vrb/vrbreproduction/outputs/100subaction-e9/experiments/E9/pipeline_outputs/subaction_08_P01_109_7/candidate_11_frame_000657_left/mask_projection_overlay.png,"(256, 456)",isotropic_e7,True,True
E9,9,P01_109_9,put down potato,put-down,potato,['potato'],625,752,624.0,751.0,0.0,628.0,left,new_contact_episode,136,12,112,"[168.0, 94.0, 275.0, 193.0]",3.083814214827885,grabcut_fallback,bbox_fallback,fallback_lk,failed,ModuleNotFoundError:No module named 'torch',small_object_whole_mask_allowed,7311,0.8816931982633864,6976.0,0.6459259259259259,True,5,0.0,contact_part_mask,26,0,contact_part_local_affine,False,0.9870000000000001,36,30,27,0.9,0.49569931626319885,5,0.0,10800.0,success,361,0.5371707625918725,,627.0,pre_contact_gap_tracked_reference,1.0,contact_part_local_affine,success,5,0.0,0.172,,,,,,,success,keep,,6.128629020512104,/Users/huhu/Documents/Code/bishe/vrb/vrbreproduction/outputs/100subaction-e9/experiments/E9/pipeline_outputs/subaction_09_P01_109_9/candidate_00_frame_000628_left,/Users/huhu/Documents/Code/bishe/vrb/vrbreproduction/outputs/100subaction-e9/experiments/E9/pipeline_outputs/subaction_09_P01_109_9/candidate_00_frame_000628_left,/Users/huhu/Documents/Code/bishe/vrb/vrbreproduction/outputs/100subaction-e9/experiments/E9/pipeline_outputs/subaction_09_P01_109_9/candidate_00_frame_000628_left/reference_frame.png,/Users/huhu/Documents/Code/bishe/vrb/vrbreproduction/outputs/100subaction-e9/experiments/E9/pipeline_outputs/subaction_09_P01_109_9/candidate_00_frame_000628_left/label_heatmap_merged_overlay.png,/Users/huhu/Documents/Code/bishe/vrb/vrbreproduction/outputs/100subaction-e9/experiments/E9/pipeline_outputs/subaction_09_P01_109_9/candidate_00_frame_000628_left/vrb_style_affordance.png,6.0,0.0,"[171.39, 93.35, 278.98, 193.3]",/Users/huhu/Documents/Code/bishe/vrb/vrbreproduction/outputs/100subaction-e9/experiments/E9/pipeline_outputs/subaction_09_P01_109_9/candidate_00_frame_000628_left/label_heatmap_merged.npy,/Users/huhu/Documents/Code/bishe/vrb/vrbreproduction/outputs/100subaction-e9/experiments/E9/pipeline_outputs/subaction_09_P01_109_9/candidate_00_frame_000628_left/label_heatmap_merged.png,/Users/huhu/Documents/Code/bishe/vrb/vrbreproduction/outputs/100subaction-e9/experiments/E9/pipeline_outputs/subaction_09_P01_109_9/candidate_00_frame_000628_left/mask_projection_overlay.png,"(256, 456)",isotropic_e7,True,False
E9,9,P01_109_9,put down potato,put-down,potato,['potato'],625,752,624.0,751.0,1.0,629.0,left,new_contact_episode,136,12,84,"[167.0, 94.0, 267.0, 186.0]",2.9818257435152313,grabcut_fallback,bbox_fallback,fallback_lk,failed,ModuleNotFoundError:No module named 'torch',small_object_whole_mask_allowed,6544,0.878625134264232,6655.0,0.6534118802160039,True,5,0.0,contact_part_mask,26,0,contact_part_local_affine,False,0.975625,36,32,26,0.8125,1.0004289150238037,5,0.0,10185.0,success,361,0.5371707625918725,,627.0,pre_contact_gap_tracked_reference,2.0,contact_part_local_affine,success,5,0.0,0.17453333333333335,,,,,,,success,keep,,6.050312132549286,/Users/huhu/Documents/Code/bishe/vrb/vrbreproduction/outputs/100subaction-e9/experiments/E9/pipeline_outputs/subaction_09_P01_109_9/candidate_01_frame_000629_left,/Users/huhu/Documents/Code/bishe/vrb/vrbreproduction/outputs/100subaction-e9/experiments/E9/pipeline_outputs/subaction_09_P01_109_9/candidate_01_frame_000629_left,/Users/huhu/Documents/Code/bishe/vrb/vrbreproduction/outputs/100subaction-e9/experiments/E9/pipeline_outputs/subaction_09_P01_109_9/candidate_01_frame_000629_left/reference_frame.png,/Users/huhu/Documents/Code/bishe/vrb/vrbreproduction/outputs/100subaction-e9/experiments/E9/pipeline_outputs/subaction_09_P01_109_9/candidate_01_frame_000629_left/label_heatmap_merged_overlay.png,/Users/huhu/Documents/Code/bishe/vrb/vrbreproduction/outputs/100subaction-e9/experiments/E9/pipeline_outputs/subaction_09_P01_109_9/candidate_01_frame_000629_left/vrb_style_affordance.png,6.0,0.0,"[172.41, 93.88, 276.7, 190.61]",/Users/huhu/Documents/Code/bishe/vrb/vrbreproduction/outputs/100subaction-e9/experiments/E9/pipeline_outputs/subaction_09_P01_109_9/candidate_01_frame_000629_left/label_heatmap_merged.npy,/Users/huhu/Documents/Code/bishe/vrb/vrbreproduction/outputs/100subaction-e9/experiments/E9/pipeline_outputs/subaction_09_P01_109_9/candidate_01_frame_000629_left/label_heatmap_merged.png,/Users/huhu/Documents/Code/bishe/vrb/vrbreproduction/outputs/100subaction-e9/experiments/E9/pipeline_outputs/subaction_09_P01_109_9/candidate_01_frame_000629_left/mask_projection_overlay.png,"(256, 456)",isotropic_e7,True,False
E9,9,P01_109_9,put down potato,put-down,potato,['potato'],625,752,624.0,751.0,2.0,630.0,left,new_contact_episode,136,12,166,"[165.0, 91.0, 275.0, 241.0]",3.2433828090912784,grabcut_fallback,bbox_fallback,fallback_lk,failed,ModuleNotFoundError:No module named 'torch',small_object_whole_mask_allowed,9745,0.7779196934621219,9812.0,0.6668025823989127,True,5,0.0,contact_part_mask,26,0,contact_part_local_affine,False,0.9566666666666667,36,9,6,0.6666666666666666,0.6770279407501221,5,0.0,14715.0,success,361,0.5371707625918725,,617.0,pre_contact_gap_tracked_reference,13.0,contact_part_local_affine,success,5,0.0,0.2986666666666667,,,,,,,success,keep,,5.589744944616728,/Users/huhu/Documents/Code/bishe/vrb/vrbreproduction/outputs/100subaction-e9/experiments/E9/pipeline_outputs/subaction_09_P01_109_9/candidate_02_frame_000630_left,/Users/huhu/Documents/Code/bishe/vrb/vrbreproduction/outputs/100subaction-e9/experiments/E9/pipeline_outputs/subaction_09_P01_109_9/candidate_02_frame_000630_left,/Users/huhu/Documents/Code/bishe/vrb/vrbreproduction/outputs/100subaction-e9/experiments/E9/pipeline_outputs/subaction_09_P01_109_9/candidate_02_frame_000630_left/reference_frame.png,/Users/huhu/Documents/Code/bishe/vrb/vrbreproduction/outputs/100subaction-e9/experiments/E9/pipeline_outputs/subaction_09_P01_109_9/candidate_02_frame_000630_left/label_heatmap_merged_overlay.png,/Users/huhu/Documents/Code/bishe/vrb/vrbreproduction/outputs/100subaction-e9/experiments/E9/pipeline_outputs/subaction_09_P01_109_9/candidate_02_frame_000630_left/vrb_style_affordance.png,6.0,0.0,"[197.6, 105.68, 306.71, 240.53]",/Users/huhu/Documents/Code/bishe/vrb/vrbreproduction/outputs/100subaction-e9/experiments/E9/pipeline_outputs/subaction_09_P01_109_9/candidate_02_frame_000630_left/label_heatmap_merged.npy,/Users/huhu/Documents/Code/bishe/vrb/vrbreproduction/outputs/100subaction-e9/experiments/E9/pipeline_outputs/subaction_09_P01_109_9/candidate_02_frame_000630_left/label_heatmap_merged.png,/Users/huhu/Documents/Code/bishe/vrb/vrbreproduction/outputs/100subaction-e9/experiments/E9/pipeline_outputs/subaction_09_P01_109_9/candidate_02_frame_000630_left/mask_projection_overlay.png,"(256, 456)",isotropic_e7,True,False
E9,9,P01_109_9,put down potato,put-down,potato,['potato'],625,752,624.0,751.0,3.0,632.0,right,new_contact_episode,136,12,293,"[161.0, 91.0, 279.0, 245.0]",3.280132474407212,grabcut_fallback,bbox_fallback,fallback_lk,failed,ModuleNotFoundError:No module named 'torch',small_object_whole_mask_allowed,12366,0.8003883495145631,8700.0,0.523088023088023,True,4,0.0,contact_part_mask,26,0,contact_part_local_affine,False,0.858970588235294,36,34,20,0.5882352941176471,1.7314085960388184,4,0.0,16632.0,success,361,0.5371707625918725,,631.0,earliest_reliable_tracked_reference_no_pre_gap,1.0,contact_part_local_affine,success,4,0.0,0.2742222222222222,,,,,,,success,keep,,5.354547938197267,/Users/huhu/Documents/Code/bishe/vrb/vrbreproduction/outputs/100subaction-e9/experiments/E9/pipeline_outputs/subaction_09_P01_109_9/candidate_03_frame_000632_right,/Users/huhu/Documents/Code/bishe/vrb/vrbreproduction/outputs/100subaction-e9/experiments/E9/pipeline_outputs/subaction_09_P01_109_9/candidate_03_frame_000632_right,/Users/huhu/Documents/Code/bishe/vrb/vrbreproduction/outputs/100subaction-e9/experiments/E9/pipeline_outputs/subaction_09_P01_109_9/candidate_03_frame_000632_right/reference_frame.png,/Users/huhu/Documents/Code/bishe/vrb/vrbreproduction/outputs/100subaction-e9/experiments/E9/pipeline_outputs/subaction_09_P01_109_9/candidate_03_frame_000632_right/label_heatmap_merged_overlay.png,/Users/huhu/Documents/Code/bishe/vrb/vrbreproduction/outputs/100subaction-e9/experiments/E9/pipeline_outputs/subaction_09_P01_109_9/candidate_03_frame_000632_right/vrb_style_affordance.png,6.0,0.0,"[162.62, 89.69, 271.18, 243.64]",/Users/huhu/Documents/Code/bishe/vrb/vrbreproduction/outputs/100subaction-e9/experiments/E9/pipeline_outputs/subaction_09_P01_109_9/candidate_03_frame_000632_right/label_heatmap_merged.npy,/Users/huhu/Documents/Code/bishe/vrb/vrbreproduction/outputs/100subaction-e9/experiments/E9/pipeline_outputs/subaction_09_P01_109_9/candidate_03_frame_000632_right/label_heatmap_merged.png,/Users/huhu/Documents/Code/bishe/vrb/vrbreproduction/outputs/100subaction-e9/experiments/E9/pipeline_outputs/subaction_09_P01_109_9/candidate_03_frame_000632_right/mask_projection_overlay.png,"(256, 456)",isotropic_e7,True,False
E9,9,P01_109_9,put down potato,put-down,potato,['potato'],625,752,624.0,751.0,4.0,637.0,right,new_contact_episode,136,12,40,"[142.0, 84.0, 292.0, 244.0]",3.3173841180188393,,,,,,,0,,,,,0,,,0,0,,False,,0,0,0,,,0,,,not_run,0,0.0,,,,,,not_run,0,,,,,,,,,not_run,discard,gmm_failed:ValueError,,/Users/huhu/Documents/Code/bishe/vrb/vrbreproduction/outputs/100subaction-e9/experiments/E9/pipeline_outputs/subaction_09_P01_109_9/candidate_04_frame_000637_right,,,,,,,,,,,,,,False
E9,9,P01_109_9,put down potato,put-down,potato,['potato'],625,752,624.0,751.0,5.0,638.0,right,new_contact_episode,136,12,60,"[133.0, 84.0, 231.0, 222.0]",2.599802528518783,grabcut_fallback,bbox_fallback,fallback_lk,failed,ModuleNotFoundError:No module named 'torch',small_object_whole_mask_allowed,7818,0.7195582144500691,10919.0,0.5365865644503416,True,5,0.0,contact_part_mask,26,0,contact_part_local_affine,False,0.9925714285714287,36,35,33,0.9428571428571428,0.7374746203422546,5,0.0,20349.0,success,361,0.5371707625918725,,637.0,earliest_reliable_tracked_reference_no_pre_gap,1.0,contact_part_local_affine,success,5,0.0,0.22555555555555556,,,,,,,success,keep,,6.098685285199257,/Users/huhu/Documents/Code/bishe/vrb/vrbreproduction/outputs/100subaction-e9/experiments/E9/pipeline_outputs/subaction_09_P01_109_9/candidate_05_frame_000638_right,/Users/huhu/Documents/Code/bishe/vrb/vrbreproduction/outputs/100subaction-e9/experiments/E9/pipeline_outputs/subaction_09_P01_109_9/candidate_05_frame_000638_right,/Users/huhu/Documents/Code/bishe/vrb/vrbreproduction/outputs/100subaction-e9/experiments/E9/pipeline_outputs/subaction_09_P01_109_9/candidate_05_frame_000638_right/reference_frame.png,/Users/huhu/Documents/Code/bishe/vrb/vrbreproduction/outputs/100subaction-e9/experiments/E9/pipeline_outputs/subaction_09_P01_109_9/candidate_05_frame_000638_right/label_heatmap_merged_overlay.png,/Users/huhu/Documents/Code/bishe/vrb/vrbreproduction/outputs/100subaction-e9/experiments/E9/pipeline_outputs/subaction_09_P01_109_9/candidate_05_frame_000638_right/vrb_style_affordance.png,6.0,0.0,"[138.77, 83.68, 271.77, 236.84]",/Users/huhu/Documents/Code/bishe/vrb/vrbreproduction/outputs/100subaction-e9/experiments/E9/pipeline_outputs/subaction_09_P01_109_9/candidate_05_frame_000638_right/label_heatmap_merged.npy,/Users/huhu/Documents/Code/bishe/vrb/vrbreproduction/outputs/100subaction-e9/experiments/E9/pipeline_outputs/subaction_09_P01_109_9/candidate_05_frame_000638_right/label_heatmap_merged.png,/Users/huhu/Documents/Code/bishe/vrb/vrbreproduction/outputs/100subaction-e9/experiments/E9/pipeline_outputs/subaction_09_P01_109_9/candidate_05_frame_000638_right/mask_projection_overlay.png,"(256, 456)",isotropic_e7,True,False
E9,9,P01_109_9,put down potato,put-down,potato,['potato'],625,752,624.0,751.0,6.0,639.0,right,new_contact_episode,136,12,40,"[130.0, 83.0, 306.0, 248.0]",3.2171910044314767,grabcut_fallback,bbox_fallback,fallback_lk,failed,ModuleNotFoundError:No module named 'torch',small_object_whole_mask_allowed,15252,0.7037327550408342,10348.0,0.4701499318491595,True,5,0.0,contact_part_mask,26,0,contact_part_local_affine,False,0.9386111111111112,36,36,19,0.5277777777777778,0.8360198736190796,5,0.0,22010.0,success,361,0.5371707625918725,,637.0,earliest_reliable_tracked_reference_no_pre_gap,2.0,contact_part_local_affine,success,5,0.0,0.20377777777777778,,,,,,,success,keep,,5.869197181569206,/Users/huhu/Documents/Code/bishe/vrb/vrbreproduction/outputs/100subaction-e9/experiments/E9/pipeline_outputs/subaction_09_P01_109_9/candidate_06_frame_000639_right,/Users/huhu/Documents/Code/bishe/vrb/vrbreproduction/outputs/100subaction-e9/experiments/E9/pipeline_outputs/subaction_09_P01_109_9/candidate_06_frame_000639_right,/Users/huhu/Documents/Code/bishe/vrb/vrbreproduction/outputs/100subaction-e9/experiments/E9/pipeline_outputs/subaction_09_P01_109_9/candidate_06_frame_000639_right/reference_frame.png,/Users/huhu/Documents/Code/bishe/vrb/vrbreproduction/outputs/100subaction-e9/experiments/E9/pipeline_outputs/subaction_09_P01_109_9/candidate_06_frame_000639_right/label_heatmap_merged_overlay.png,/Users/huhu/Documents/Code/bishe/vrb/vrbreproduction/outputs/100subaction-e9/experiments/E9/pipeline_outputs/subaction_09_P01_109_9/candidate_06_frame_000639_right/vrb_style_affordance.png,6.0,0.0,"[139.09, 83.51, 280.8, 239.36]",/Users/huhu/Documents/Code/bishe/vrb/vrbreproduction/outputs/100subaction-e9/experiments/E9/pipeline_outputs/subaction_09_P01_109_9/candidate_06_frame_000639_right/label_heatmap_merged.npy,/Users/huhu/Documents/Code/bishe/vrb/vrbreproduction/outputs/100subaction-e9/experiments/E9/pipeline_outputs/subaction_09_P01_109_9/candidate_06_frame_000639_right/label_heatmap_merged.png,/Users/huhu/Documents/Code/bishe/vrb/vrbreproduction/outputs/100subaction-e9/experiments/E9/pipeline_outputs/subaction_09_P01_109_9/candidate_06_frame_000639_right/mask_projection_overlay.png,"(256, 456)",isotropic_e7,True,False
E9,9,P01_109_9,put down potato,put-down,potato,['potato'],625,752,624.0,751.0,7.0,645.0,left,new_contact_episode,136,12,84,"[138.0, 88.0, 303.0, 245.0]",2.9099430300958473,grabcut_fallback,bbox_fallback,fallback_lk,failed,ModuleNotFoundError:No module named 'torch',small_object_whole_mask_allowed,13142,0.6392023346303501,7681.0,0.5578068264342774,True,5,0.0,contact_part_mask,26,0,contact_part_local_affine,False,1.0,36,36,36,1.0,0.8186648488044739,5,0.0,13770.0,success,361,0.5371707625918725,,644.0,earliest_reliable_tracked_reference_no_pre_gap,1.0,contact_part_local_affine,success,5,0.0,0.14475555555555555,,,,,,,success,keep,,6.252306721202531,/Users/huhu/Documents/Code/bishe/vrb/vrbreproduction/outputs/100subaction-e9/experiments/E9/pipeline_outputs/subaction_09_P01_109_9/candidate_07_frame_000645_left,/Users/huhu/Documents/Code/bishe/vrb/vrbreproduction/outputs/100subaction-e9/experiments/E9/pipeline_outputs/subaction_09_P01_109_9/candidate_07_frame_000645_left,/Users/huhu/Documents/Code/bishe/vrb/vrbreproduction/outputs/100subaction-e9/experiments/E9/pipeline_outputs/subaction_09_P01_109_9/candidate_07_frame_000645_left/reference_frame.png,/Users/huhu/Documents/Code/bishe/vrb/vrbreproduction/outputs/100subaction-e9/experiments/E9/pipeline_outputs/subaction_09_P01_109_9/candidate_07_frame_000645_left/label_heatmap_merged_overlay.png,/Users/huhu/Documents/Code/bishe/vrb/vrbreproduction/outputs/100subaction-e9/experiments/E9/pipeline_outputs/subaction_09_P01_109_9/candidate_07_frame_000645_left/vrb_style_affordance.png,6.0,0.0,"[158.07, 105.78, 260.1, 240.81]",/Users/huhu/Documents/Code/bishe/vrb/vrbreproduction/outputs/100subaction-e9/experiments/E9/pipeline_outputs/subaction_09_P01_109_9/candidate_07_frame_000645_left/label_heatmap_merged.npy,/Users/huhu/Documents/Code/bishe/vrb/vrbreproduction/outputs/100subaction-e9/experiments/E9/pipeline_outputs/subaction_09_P01_109_9/candidate_07_frame_000645_left/label_heatmap_merged.png,/Users/huhu/Documents/Code/bishe/vrb/vrbreproduction/outputs/100subaction-e9/experiments/E9/pipeline_outputs/subaction_09_P01_109_9/candidate_07_frame_000645_left/mask_projection_overlay.png,"(256, 456)",isotropic_e7,True,True
E9,9,P01_109_9,put down potato,put-down,potato,['potato'],625,752,624.0,751.0,8.0,646.0,left,new_contact_episode,136,12,73,"[142.0, 87.0, 288.0, 230.0]",2.9671938337045236,grabcut_fallback,bbox_fallback,fallback_lk,failed,ModuleNotFoundError:No module named 'torch',small_object_whole_mask_allowed,12158,0.6495699097077523,10847.0,0.4488166170142337,True,5,0.0,contact_part_mask,26,0,contact_part_local_affine,False,0.9891666666666667,36,36,33,0.9166666666666666,0.9165183305740356,5,0.0,24168.0,success,361,0.5371707625918725,,645.0,earliest_reliable_tracked_reference_no_pre_gap,1.0,contact_part_local_affine,success,5,0.0,0.1508,,,,,,,success,keep,,6.189471116749445,/Users/huhu/Documents/Code/bishe/vrb/vrbreproduction/outputs/100subaction-e9/experiments/E9/pipeline_outputs/subaction_09_P01_109_9/candidate_08_frame_000646_left,/Users/huhu/Documents/Code/bishe/vrb/vrbreproduction/outputs/100subaction-e9/experiments/E9/pipeline_outputs/subaction_09_P01_109_9/candidate_08_frame_000646_left,/Users/huhu/Documents/Code/bishe/vrb/vrbreproduction/outputs/100subaction-e9/experiments/E9/pipeline_outputs/subaction_09_P01_109_9/candidate_08_frame_000646_left/reference_frame.png,/Users/huhu/Documents/Code/bishe/vrb/vrbreproduction/outputs/100subaction-e9/experiments/E9/pipeline_outputs/subaction_09_P01_109_9/candidate_08_frame_000646_left/label_heatmap_merged_overlay.png,/Users/huhu/Documents/Code/bishe/vrb/vrbreproduction/outputs/100subaction-e9/experiments/E9/pipeline_outputs/subaction_09_P01_109_9/candidate_08_frame_000646_left/vrb_style_affordance.png,6.0,0.0,"[139.39, 87.28, 297.74, 239.4]",/Users/huhu/Documents/Code/bishe/vrb/vrbreproduction/outputs/100subaction-e9/experiments/E9/pipeline_outputs/subaction_09_P01_109_9/candidate_08_frame_000646_left/label_heatmap_merged.npy,/Users/huhu/Documents/Code/bishe/vrb/vrbreproduction/outputs/100subaction-e9/experiments/E9/pipeline_outputs/subaction_09_P01_109_9/candidate_08_frame_000646_left/label_heatmap_merged.png,/Users/huhu/Documents/Code/bishe/vrb/vrbreproduction/outputs/100subaction-e9/experiments/E9/pipeline_outputs/subaction_09_P01_109_9/candidate_08_frame_000646_left/mask_projection_overlay.png,"(256, 456)",isotropic_e7,True,False
E9,9,P01_109_9,put down potato,put-down,potato,['potato'],625,752,624.0,751.0,9.0,647.0,left,new_contact_episode,136,12,48,"[177.0, 88.0, 294.0, 240.0]",2.874841467230235,grabcut_fallback,bbox_fallback,fallback_lk,failed,ModuleNotFoundError:No module named 'torch',small_object_whole_mask_allowed,12686,0.761007798440312,10238.0,0.5156124093473006,True,5,0.0,contact_part_mask,26,0,contact_part_local_affine,False,1.0,36,36,36,1.0,0.4067462086677551,5,0.0,19856.0,success,361,0.5371707625918725,,646.0,earliest_reliable_tracked_reference_no_pre_gap,1.0,contact_part_local_affine,success,5,0.0,0.18355555555555556,,,,,,,success,keep,,6.2064642804066334,/Users/huhu/Documents/Code/bishe/vrb/vrbreproduction/outputs/100subaction-e9/experiments/E9/pipeline_outputs/subaction_09_P01_109_9/candidate_09_frame_000647_left,/Users/huhu/Documents/Code/bishe/vrb/vrbreproduction/outputs/100subaction-e9/experiments/E9/pipeline_outputs/subaction_09_P01_109_9/candidate_09_frame_000647_left,/Users/huhu/Documents/Code/bishe/vrb/vrbreproduction/outputs/100subaction-e9/experiments/E9/pipeline_outputs/subaction_09_P01_109_9/candidate_09_frame_000647_left/reference_frame.png,/Users/huhu/Documents/Code/bishe/vrb/vrbreproduction/outputs/100subaction-e9/experiments/E9/pipeline_outputs/subaction_09_P01_109_9/candidate_09_frame_000647_left/label_heatmap_merged_overlay.png,/Users/huhu/Documents/Code/bishe/vrb/vrbreproduction/outputs/100subaction-e9/experiments/E9/pipeline_outputs/subaction_09_P01_109_9/candidate_09_frame_000647_left/vrb_style_affordance.png,6.0,0.0,"[154.38, 87.13, 289.99, 232.81]",/Users/huhu/Documents/Code/bishe/vrb/vrbreproduction/outputs/100subaction-e9/experiments/E9/pipeline_outputs/subaction_09_P01_109_9/candidate_09_frame_000647_left/label_heatmap_merged.npy,/Users/huhu/Documents/Code/bishe/vrb/vrbreproduction/outputs/100subaction-e9/experiments/E9/pipeline_outputs/subaction_09_P01_109_9/candidate_09_frame_000647_left/label_heatmap_merged.png,/Users/huhu/Documents/Code/bishe/vrb/vrbreproduction/outputs/100subaction-e9/experiments/E9/pipeline_outputs/subaction_09_P01_109_9/candidate_09_frame_000647_left/mask_projection_overlay.png,"(256, 456)",isotropic_e7,True,True
E9,9,P01_109_9,put down potato,put-down,potato,['potato'],625,752,624.0,751.0,10.0,656.0,left,new_contact_episode,136,12,17,"[123.0, 84.0, 315.0, 249.0]",3.1019412504969477,grabcut_fallback,bbox_fallback,fallback_lk,failed,ModuleNotFoundError:No module named 'torch',small_object_whole_mask_allowed,14596,0.5593623055108454,11220.0,0.3883965660481861,True,3,0.0,contact_part_mask,26,0,contact_part_local_affine,False,0.7301630126105414,36,36,36,1.0,0.159136563539505,3,0.0,28888.0,success,361,0.5371707625918725,,655.0,earliest_reliable_tracked_reference_no_pre_gap,1.0,contact_part_local_affine,success,3,0.0,0.044977777777777776,,,,,,,success,keep,,5.38208526164823,/Users/huhu/Documents/Code/bishe/vrb/vrbreproduction/outputs/100subaction-e9/experiments/E9/pipeline_outputs/subaction_09_P01_109_9/candidate_10_frame_000656_left,/Users/huhu/Documents/Code/bishe/vrb/vrbreproduction/outputs/100subaction-e9/experiments/E9/pipeline_outputs/subaction_09_P01_109_9/candidate_10_frame_000656_left,/Users/huhu/Documents/Code/bishe/vrb/vrbreproduction/outputs/100subaction-e9/experiments/E9/pipeline_outputs/subaction_09_P01_109_9/candidate_10_frame_000656_left/reference_frame.png,/Users/huhu/Documents/Code/bishe/vrb/vrbreproduction/outputs/100subaction-e9/experiments/E9/pipeline_outputs/subaction_09_P01_109_9/candidate_10_frame_000656_left/label_heatmap_merged_overlay.png,/Users/huhu/Documents/Code/bishe/vrb/vrbreproduction/outputs/100subaction-e9/experiments/E9/pipeline_outputs/subaction_09_P01_109_9/candidate_10_frame_000656_left/vrb_style_affordance.png,6.0,0.0,"[127.72, 85.07, 312.11, 241.81]",/Users/huhu/Documents/Code/bishe/vrb/vrbreproduction/outputs/100subaction-e9/experiments/E9/pipeline_outputs/subaction_09_P01_109_9/candidate_10_frame_000656_left/label_heatmap_merged.npy,/Users/huhu/Documents/Code/bishe/vrb/vrbreproduction/outputs/100subaction-e9/experiments/E9/pipeline_outputs/subaction_09_P01_109_9/candidate_10_frame_000656_left/label_heatmap_merged.png,/Users/huhu/Documents/Code/bishe/vrb/vrbreproduction/outputs/100subaction-e9/experiments/E9/pipeline_outputs/subaction_09_P01_109_9/candidate_10_frame_000656_left/mask_projection_overlay.png,"(256, 456)",isotropic_e7,True,False
E9,9,P01_109_9,put down potato,put-down,potato,['potato'],625,752,624.0,751.0,11.0,657.0,left,new_contact_episode,136,12,78,"[128.0, 91.0, 309.0, 238.0]",3.0725067916670628,grabcut_fallback,bbox_fallback,fallback_lk,failed,ModuleNotFoundError:No module named 'torch',small_object_whole_mask_allowed,13704,0.6314334423812377,10190.0,0.4445510862926446,True,5,0.0,contact_part_mask,26,0,contact_part_local_affine,False,0.9855555555555556,36,36,32,0.8888888888888888,0.4570823311805725,5,0.0,22922.0,success,361,0.5371707625918725,,654.0,earliest_reliable_tracked_reference_no_pre_gap,3.0,contact_part_local_affine,success,5,0.0,0.086,,,,,,,success,keep,,6.271509752286806,/Users/huhu/Documents/Code/bishe/vrb/vrbreproduction/outputs/100subaction-e9/experiments/E9/pipeline_outputs/subaction_09_P01_109_9/candidate_11_frame_000657_left,/Users/huhu/Documents/Code/bishe/vrb/vrbreproduction/outputs/100subaction-e9/experiments/E9/pipeline_outputs/subaction_09_P01_109_9/candidate_11_frame_000657_left,/Users/huhu/Documents/Code/bishe/vrb/vrbreproduction/outputs/100subaction-e9/experiments/E9/pipeline_outputs/subaction_09_P01_109_9/candidate_11_frame_000657_left/reference_frame.png,/Users/huhu/Documents/Code/bishe/vrb/vrbreproduction/outputs/100subaction-e9/experiments/E9/pipeline_outputs/subaction_09_P01_109_9/candidate_11_frame_000657_left/label_heatmap_merged_overlay.png,/Users/huhu/Documents/Code/bishe/vrb/vrbreproduction/outputs/100subaction-e9/experiments/E9/pipeline_outputs/subaction_09_P01_109_9/candidate_11_frame_000657_left/vrb_style_affordance.png,6.0,0.0,"[161.45, 87.69, 307.5, 244.58]",/Users/huhu/Documents/Code/bishe/vrb/vrbreproduction/outputs/100subaction-e9/experiments/E9/pipeline_outputs/subaction_09_P01_109_9/candidate_11_frame_000657_left/label_heatmap_merged.npy,/Users/huhu/Documents/Code/bishe/vrb/vrbreproduction/outputs/100subaction-e9/experiments/E9/pipeline_outputs/subaction_09_P01_109_9/candidate_11_frame_000657_left/label_heatmap_merged.png,/Users/huhu/Documents/Code/bishe/vrb/vrbreproduction/outputs/100subaction-e9/experiments/E9/pipeline_outputs/subaction_09_P01_109_9/candidate_11_frame_000657_left/mask_projection_overlay.png,"(256, 456)",isotropic_e7,True,True
E9,10,P01_109_10,pick up beers,pick-up,beer,['beer'],738,845,737.0,844.0,0.0,774.0,left,new_contact_episode,174,9,5,"[138.0, 56.0, 332.0, 241.0]",3.05872680364791,grabcut_fallback,,,,,contact_local_boundary,14007,0.5497037007966721,,,,0,,,26,10,,False,,36,0,0,,,0,,,success,361,0.5371707625918725,,,,,,failed,0,,,,,,,,,not_run,discard,track_visibility_below_threshold,,/Users/huhu/Documents/Code/bishe/vrb/vrbreproduction/outputs/100subaction-e9/experiments/E9/pipeline_outputs/subaction_10_P01_109_10/candidate_00_frame_000774_left,,,,,6.0,0.0,,,,,,,,False
E9,10,P01_109_10,pick up beers,pick-up,beer,['beer'],738,845,737.0,844.0,1.0,775.0,left,new_contact_episode,174,9,5,"[138.0, 46.0, 353.0, 240.0]",2.979788656160037,grabcut_fallback,,,,,contact_local_boundary,14912,0.5519283440669184,,,,0,,,26,10,,False,,36,0,0,,,0,,,success,361,0.5371707625918725,,,,,,failed,0,,,,,,,,,not_run,discard,track_visibility_below_threshold,,/Users/huhu/Documents/Code/bishe/vrb/vrbreproduction/outputs/100subaction-e9/experiments/E9/pipeline_outputs/subaction_10_P01_109_10/candidate_01_frame_000775_left,,,,,6.0,0.0,,,,,,,,False
E9,10,P01_109_10,pick up beers,pick-up,beer,['beer'],738,845,737.0,844.0,2.0,776.0,left,new_contact_episode,174,9,8,"[130.0, 45.0, 340.0, 245.0]",3.0704371858589257,grabcut_fallback,bbox_fallback,fallback_lk,failed,ModuleNotFoundError:No module named 'torch',contact_local_boundary,14717,0.5571455612341473,13309.0,0.31879371466896617,True,4,0.0,contact_part_mask,26,0,contact_part_local_affine,False,0.9124999999999999,36,36,36,1.0,0.23976609110832214,4,0.0,41748.0,success,361,0.5371707625918725,,775.0,earliest_reliable_tracked_reference_no_pre_gap,1.0,contact_part_local_affine,success,4,0.0,0.07706666666666667,,,,,,,success,keep,,5.94620701726675,/Users/huhu/Documents/Code/bishe/vrb/vrbreproduction/outputs/100subaction-e9/experiments/E9/pipeline_outputs/subaction_10_P01_109_10/candidate_02_frame_000776_left,/Users/huhu/Documents/Code/bishe/vrb/vrbreproduction/outputs/100subaction-e9/experiments/E9/pipeline_outputs/subaction_10_P01_109_10/candidate_02_frame_000776_left,/Users/huhu/Documents/Code/bishe/vrb/vrbreproduction/outputs/100subaction-e9/experiments/E9/pipeline_outputs/subaction_10_P01_109_10/candidate_02_frame_000776_left/reference_frame.png,/Users/huhu/Documents/Code/bishe/vrb/vrbreproduction/outputs/100subaction-e9/experiments/E9/pipeline_outputs/subaction_10_P01_109_10/candidate_02_frame_000776_left/label_heatmap_merged_overlay.png,/Users/huhu/Documents/Code/bishe/vrb/vrbreproduction/outputs/100subaction-e9/experiments/E9/pipeline_outputs/subaction_10_P01_109_10/candidate_02_frame_000776_left/vrb_style_affordance.png,6.0,0.0,"[135.05, 45.62, 348.33, 241.75]",/Users/huhu/Documents/Code/bishe/vrb/vrbreproduction/outputs/100subaction-e9/experiments/E9/pipeline_outputs/subaction_10_P01_109_10/candidate_02_frame_000776_left/label_heatmap_merged.npy,/Users/huhu/Documents/Code/bishe/vrb/vrbreproduction/outputs/100subaction-e9/experiments/E9/pipeline_outputs/subaction_10_P01_109_10/candidate_02_frame_000776_left/label_heatmap_merged.png,/Users/huhu/Documents/Code/bishe/vrb/vrbreproduction/outputs/100subaction-e9/experiments/E9/pipeline_outputs/subaction_10_P01_109_10/candidate_02_frame_000776_left/mask_projection_overlay.png,"(256, 456)",isotropic_e7,True,True
E9,10,P01_109_10,pick up beers,pick-up,beer,['beer'],738,845,737.0,844.0,3.0,784.0,right,new_contact_episode,174,9,14,"[197.0, 114.0, 236.0, 167.0]",2.0867523091508593,grabcut_fallback,,,,,contact_local_boundary,1936,0.9366231253023706,,,,0,,,26,10,,False,,36,0,0,,,0,,,success,361,0.5371707625918725,,,,,,failed,0,,,,,,,,,not_run,discard,part_gate_failed,,/Users/huhu/Documents/Code/bishe/vrb/vrbreproduction/outputs/100subaction-e9/experiments/E9/pipeline_outputs/subaction_10_P01_109_10/candidate_03_frame_000784_right,,,,,6.0,0.0,,,,,,,,False
E9,10,P01_109_10,pick up beers,pick-up,beer,['beer'],738,845,737.0,844.0,4.0,785.0,right,new_contact_episode,174,9,14,"[197.0, 115.0, 238.0, 170.0]",2.0473028377929117,grabcut_fallback,,,,,contact_local_boundary,2066,0.9161862527716186,,,,0,,,26,0,,False,,36,0,0,,,0,,,success,361,0.5371707625918725,,,,,,failed,0,,,,,,,,,not_run,discard,part_gate_failed,,/Users/huhu/Documents/Code/bishe/vrb/vrbreproduction/outputs/100subaction-e9/experiments/E9/pipeline_outputs/subaction_10_P01_109_10/candidate_04_frame_000785_right,,,,,6.0,0.0,,,,,,,,False
E9,10,P01_109_10,pick up beers,pick-up,beer,['beer'],738,845,737.0,844.0,5.0,786.0,right,new_contact_episode,174,9,10,"[150.0, 53.0, 338.0, 245.0]",3.370867395765912,grabcut_fallback,bbox_fallback,fallback_lk,failed,ModuleNotFoundError:No module named 'torch',contact_local_boundary,15755,0.6318427912572689,13231.0,0.3180528846153846,True,3,0.0,contact_part_mask,26,0,contact_part_local_affine,False,0.8213888888888887,36,36,35,0.9722222222222222,0.9703242778778076,3,0.0,41600.0,success,361,0.5371707625918725,,783.0,pre_contact_gap_tracked_reference,3.0,contact_part_local_affine,success,3,0.0,0.03777777777777778,,,,,,,success,keep,,5.529279160552554,/Users/huhu/Documents/Code/bishe/vrb/vrbreproduction/outputs/100subaction-e9/experiments/E9/pipeline_outputs/subaction_10_P01_109_10/candidate_05_frame_000786_right,/Users/huhu/Documents/Code/bishe/vrb/vrbreproduction/outputs/100subaction-e9/experiments/E9/pipeline_outputs/subaction_10_P01_109_10/candidate_05_frame_000786_right,/Users/huhu/Documents/Code/bishe/vrb/vrbreproduction/outputs/100subaction-e9/experiments/E9/pipeline_outputs/subaction_10_P01_109_10/candidate_05_frame_000786_right/reference_frame.png,/Users/huhu/Documents/Code/bishe/vrb/vrbreproduction/outputs/100subaction-e9/experiments/E9/pipeline_outputs/subaction_10_P01_109_10/candidate_05_frame_000786_right/label_heatmap_merged_overlay.png,/Users/huhu/Documents/Code/bishe/vrb/vrbreproduction/outputs/100subaction-e9/experiments/E9/pipeline_outputs/subaction_10_P01_109_10/candidate_05_frame_000786_right/vrb_style_affordance.png,6.0,0.0,"[142.12, 45.45, 350.49, 245.25]",/Users/huhu/Documents/Code/bishe/vrb/vrbreproduction/outputs/100subaction-e9/experiments/E9/pipeline_outputs/subaction_10_P01_109_10/candidate_05_frame_000786_right/label_heatmap_merged.npy,/Users/huhu/Documents/Code/bishe/vrb/vrbreproduction/outputs/100subaction-e9/experiments/E9/pipeline_outputs/subaction_10_P01_109_10/candidate_05_frame_000786_right/label_heatmap_merged.png,/Users/huhu/Documents/Code/bishe/vrb/vrbreproduction/outputs/100subaction-e9/experiments/E9/pipeline_outputs/subaction_10_P01_109_10/candidate_05_frame_000786_right/mask_projection_overlay.png,"(256, 456)",isotropic_e7,True,False
E9,10,P01_109_10,pick up beers,pick-up,beer,['beer'],738,845,737.0,844.0,6.0,785.0,left,new_contact_episode,174,9,14,"[197.0, 115.0, 238.0, 170.0]",1.8409219844820752,grabcut_fallback,bbox_fallback,fallback_lk,failed,ModuleNotFoundError:No module named 'torch',contact_local_boundary,2080,0.9223946784922394,10100.0,0.4429630279373712,True,4,0.0,contact_part_mask,26,0,contact_part_local_affine,False,0.8944444444444444,36,36,31,0.8611111111111112,1.2167563438415527,4,0.0,22801.0,success,361,0.5371707625918725,,776.0,earliest_reliable_tracked_reference_no_pre_gap,9.0,contact_part_local_affine,success,4,0.0,0.11035555555555555,,,,,,,success,keep,,5.734241754129198,/Users/huhu/Documents/Code/bishe/vrb/vrbreproduction/outputs/100subaction-e9/experiments/E9/pipeline_outputs/subaction_10_P01_109_10/candidate_06_frame_000785_left,/Users/huhu/Documents/Code/bishe/vrb/vrbreproduction/outputs/100subaction-e9/experiments/E9/pipeline_outputs/subaction_10_P01_109_10/candidate_06_frame_000785_left,/Users/huhu/Documents/Code/bishe/vrb/vrbreproduction/outputs/100subaction-e9/experiments/E9/pipeline_outputs/subaction_10_P01_109_10/candidate_06_frame_000785_left/reference_frame.png,/Users/huhu/Documents/Code/bishe/vrb/vrbreproduction/outputs/100subaction-e9/experiments/E9/pipeline_outputs/subaction_10_P01_109_10/candidate_06_frame_000785_left/label_heatmap_merged_overlay.png,/Users/huhu/Documents/Code/bishe/vrb/vrbreproduction/outputs/100subaction-e9/experiments/E9/pipeline_outputs/subaction_10_P01_109_10/candidate_06_frame_000785_left/vrb_style_affordance.png,6.0,0.0,"[151.35, 68.34, 302.46, 218.91]",/Users/huhu/Documents/Code/bishe/vrb/vrbreproduction/outputs/100subaction-e9/experiments/E9/pipeline_outputs/subaction_10_P01_109_10/candidate_06_frame_000785_left/label_heatmap_merged.npy,/Users/huhu/Documents/Code/bishe/vrb/vrbreproduction/outputs/100subaction-e9/experiments/E9/pipeline_outputs/subaction_10_P01_109_10/candidate_06_frame_000785_left/label_heatmap_merged.png,/Users/huhu/Documents/Code/bishe/vrb/vrbreproduction/outputs/100subaction-e9/experiments/E9/pipeline_outputs/subaction_10_P01_109_10/candidate_06_frame_000785_left/mask_projection_overlay.png,"(256, 456)",isotropic_e7,True,True
E9,10,P01_109_10,pick up beers,pick-up,beer,['beer'],738,845,737.0,844.0,7.0,786.0,left,new_contact_episode,174,9,4,"[200.0, 112.0, 237.0, 165.0]",1.779066173994551,,,,,,,0,,,,,0,,,0,0,,False,,0,0,0,,,0,,,not_run,0,0.0,,,,,,not_run,0,,,,,,,,,not_run,discard,contact_points_lt5_after_object_boundary_filter,,/Users/huhu/Documents/Code/bishe/vrb/vrbreproduction/outputs/100subaction-e9/experiments/E9/pipeline_outputs/subaction_10_P01_109_10/candidate_07_frame_000786_left,,,,,,,,,,,,,,False
E9,10,P01_109_10,pick up beers,pick-up,beer,['beer'],738,845,737.0,844.0,8.0,787.0,left,new_contact_episode,174,9,0,"[199.0, 112.0, 237.0, 163.0]",1.7059951548268157,,,,,,,0,,,,,0,,,0,0,,False,,0,0,0,,,0,,,not_run,0,0.0,,,,,,not_run,0,,,,,,,,,not_run,discard,contact_points_lt5_after_object_boundary_filter,,/Users/huhu/Documents/Code/bishe/vrb/vrbreproduction/outputs/100subaction-e9/experiments/E9/pipeline_outputs/subaction_10_P01_109_10/candidate_08_frame_000787_left,,,,,,,,,,,,,,False
E9,11,P01_109_11,open freezer,open,freezer,['freezer'],876,1022,875.0,1021.0,0.0,980.0,right,new_contact_episode,141,6,0,,,,,,,,,0,,,,,0,,,0,0,,True,,0,0,0,,,0,,,not_run,0,0.0,,,,,,not_run,0,,,,,,,,,not_run,discard,missing_hand_or_object_bbox,,/Users/huhu/Documents/Code/bishe/vrb/vrbreproduction/outputs/100subaction-e9/experiments/E9/pipeline_outputs/subaction_11_P01_109_11/candidate_00_frame_000980_right,,,,,,,,,,,,,,False
E9,11,P01_109_11,open freezer,open,freezer,['freezer'],876,1022,875.0,1021.0,1.0,981.0,right,new_contact_episode,141,6,0,,,,,,,,,0,,,,,0,,,0,0,,True,,0,0,0,,,0,,,not_run,0,0.0,,,,,,not_run,0,,,,,,,,,not_run,discard,missing_hand_or_object_bbox,,/Users/huhu/Documents/Code/bishe/vrb/vrbreproduction/outputs/100subaction-e9/experiments/E9/pipeline_outputs/subaction_11_P01_109_11/candidate_01_frame_000981_right,,,,,,,,,,,,,,False
E9,11,P01_109_11,open freezer,open,freezer,['freezer'],876,1022,875.0,1021.0,2.0,982.0,right,new_contact_episode,141,6,0,,,,,,,,,0,,,,,0,,,0,0,,True,,0,0,0,,,0,,,not_run,0,0.0,,,,,,not_run,0,,,,,,,,,not_run,discard,missing_hand_or_object_bbox,,/Users/huhu/Documents/Code/bishe/vrb/vrbreproduction/outputs/100subaction-e9/experiments/E9/pipeline_outputs/subaction_11_P01_109_11/candidate_02_frame_000982_right,,,,,,,,,,,,,,False
E9,11,P01_109_11,open freezer,open,freezer,['freezer'],876,1022,875.0,1021.0,3.0,1006.0,right,new_contact_episode,141,6,0,,,,,,,,,0,,,,,0,,,0,0,,True,,0,0,0,,,0,,,not_run,0,0.0,,,,,,not_run,0,,,,,,,,,not_run,discard,missing_hand_or_object_bbox,,/Users/huhu/Documents/Code/bishe/vrb/vrbreproduction/outputs/100subaction-e9/experiments/E9/pipeline_outputs/subaction_11_P01_109_11/candidate_03_frame_001006_right,,,,,,,,,,,,,,False
E9,11,P01_109_11,open freezer,open,freezer,['freezer'],876,1022,875.0,1021.0,4.0,1007.0,right,new_contact_episode,141,6,0,,,,,,,,,0,,,,,0,,,0,0,,True,,0,0,0,,,0,,,not_run,0,0.0,,,,,,not_run,0,,,,,,,,,not_run,discard,missing_hand_or_object_bbox,,/Users/huhu/Documents/Code/bishe/vrb/vrbreproduction/outputs/100subaction-e9/experiments/E9/pipeline_outputs/subaction_11_P01_109_11/candidate_04_frame_001007_right,,,,,,,,,,,,,,False
E9,11,P01_109_11,open freezer,open,freezer,['freezer'],876,1022,875.0,1021.0,5.0,1008.0,right,new_contact_episode,141,6,0,,,,,,,,,0,,,,,0,,,0,0,,True,,0,0,0,,,0,,,not_run,0,0.0,,,,,,not_run,0,,,,,,,,,not_run,discard,missing_hand_or_object_bbox,,/Users/huhu/Documents/Code/bishe/vrb/vrbreproduction/outputs/100subaction-e9/experiments/E9/pipeline_outputs/subaction_11_P01_109_11/candidate_05_frame_001008_right,,,,,,,,,,,,,,False
E9,12,P01_109_12,open drawer,open,drawer,['drawer'],1045,1123,1044.0,1122.0,0.0,1070.0,left,new_contact_episode,132,3,63,"[50.0, 173.0, 145.0, 250.0]",3.052351121769485,grabcut_fallback,bbox_fallback,fallback_lk,failed,ModuleNotFoundError:No module named 'torch',panel_edge_or_handle,3012,0.8051323175621492,2268.0,0.31671554252199413,True,5,0.0,contact_part_mask,26,0,contact_part_local_affine,True,1.0,36,36,36,1.0,0.12381590902805328,5,0.0,7161.0,success,361,0.4161993224435197,,1068.0,earliest_reliable_tracked_reference_no_pre_gap,2.0,contact_part_local_affine,success,5,0.0,0.0,,,,,,,success,keep,,6.452785522729158,/Users/huhu/Documents/Code/bishe/vrb/vrbreproduction/outputs/100subaction-e9/experiments/E9/pipeline_outputs/subaction_12_P01_109_12/candidate_00_frame_001070_left,/Users/huhu/Documents/Code/bishe/vrb/vrbreproduction/outputs/100subaction-e9/experiments/E9/pipeline_outputs/subaction_12_P01_109_12/candidate_00_frame_001070_left,/Users/huhu/Documents/Code/bishe/vrb/vrbreproduction/outputs/100subaction-e9/experiments/E9/pipeline_outputs/subaction_12_P01_109_12/candidate_00_frame_001070_left/reference_frame.png,/Users/huhu/Documents/Code/bishe/vrb/vrbreproduction/outputs/100subaction-e9/experiments/E9/pipeline_outputs/subaction_12_P01_109_12/candidate_00_frame_001070_left/label_heatmap_merged_overlay.png,/Users/huhu/Documents/Code/bishe/vrb/vrbreproduction/outputs/100subaction-e9/experiments/E9/pipeline_outputs/subaction_12_P01_109_12/candidate_00_frame_001070_left/vrb_style_affordance.png,6.0,0.0,"[50.11, 174.39, 142.64, 250.96]",/Users/huhu/Documents/Code/bishe/vrb/vrbreproduction/outputs/100subaction-e9/experiments/E9/pipeline_outputs/subaction_12_P01_109_12/candidate_00_frame_001070_left/label_heatmap_merged.npy,/Users/huhu/Documents/Code/bishe/vrb/vrbreproduction/outputs/100subaction-e9/experiments/E9/pipeline_outputs/subaction_12_P01_109_12/candidate_00_frame_001070_left/label_heatmap_merged.png,/Users/huhu/Documents/Code/bishe/vrb/vrbreproduction/outputs/100subaction-e9/experiments/E9/pipeline_outputs/subaction_12_P01_109_12/candidate_00_frame_001070_left/mask_projection_overlay.png,"(256, 456)",isotropic_e7,True,True
E9,12,P01_109_12,open drawer,open,drawer,['drawer'],1045,1123,1044.0,1122.0,1.0,1071.0,left,new_contact_episode,132,3,55,"[50.0, 171.0, 144.0, 248.0]",3.0710273817609415,grabcut_fallback,bbox_fallback,fallback_lk,failed,ModuleNotFoundError:No module named 'torch',panel_edge_or_handle,3041,0.8225588314849879,2366.0,0.3304007820136852,True,5,0.0,contact_part_mask,26,0,contact_part_local_affine,True,1.0,36,36,36,1.0,0.14167572557926178,5,0.0,7161.0,success,361,0.4161993224435197,,1068.0,earliest_reliable_tracked_reference_no_pre_gap,3.0,contact_part_local_affine,success,5,0.0,0.0,,,,,,,success,keep,,6.446249728232622,/Users/huhu/Documents/Code/bishe/vrb/vrbreproduction/outputs/100subaction-e9/experiments/E9/pipeline_outputs/subaction_12_P01_109_12/candidate_01_frame_001071_left,/Users/huhu/Documents/Code/bishe/vrb/vrbreproduction/outputs/100subaction-e9/experiments/E9/pipeline_outputs/subaction_12_P01_109_12/candidate_01_frame_001071_left,/Users/huhu/Documents/Code/bishe/vrb/vrbreproduction/outputs/100subaction-e9/experiments/E9/pipeline_outputs/subaction_12_P01_109_12/candidate_01_frame_001071_left/reference_frame.png,/Users/huhu/Documents/Code/bishe/vrb/vrbreproduction/outputs/100subaction-e9/experiments/E9/pipeline_outputs/subaction_12_P01_109_12/candidate_01_frame_001071_left/label_heatmap_merged_overlay.png,/Users/huhu/Documents/Code/bishe/vrb/vrbreproduction/outputs/100subaction-e9/experiments/E9/pipeline_outputs/subaction_12_P01_109_12/candidate_01_frame_001071_left/vrb_style_affordance.png,6.0,0.0,"[50.13, 174.28, 142.54, 250.86]",/Users/huhu/Documents/Code/bishe/vrb/vrbreproduction/outputs/100subaction-e9/experiments/E9/pipeline_outputs/subaction_12_P01_109_12/candidate_01_frame_001071_left/label_heatmap_merged.npy,/Users/huhu/Documents/Code/bishe/vrb/vrbreproduction/outputs/100subaction-e9/experiments/E9/pipeline_outputs/subaction_12_P01_109_12/candidate_01_frame_001071_left/label_heatmap_merged.png,/Users/huhu/Documents/Code/bishe/vrb/vrbreproduction/outputs/100subaction-e9/experiments/E9/pipeline_outputs/subaction_12_P01_109_12/candidate_01_frame_001071_left/mask_projection_overlay.png,"(256, 456)",isotropic_e7,True,False
E9,12,P01_109_12,open drawer,open,drawer,['drawer'],1045,1123,1044.0,1122.0,2.0,1072.0,left,new_contact_episode,132,3,59,"[50.0, 170.0, 145.0, 249.0]",3.0571481151319024,grabcut_fallback,bbox_fallback,fallback_lk,failed,ModuleNotFoundError:No module named 'torch',panel_edge_or_handle,3103,0.8299010430596416,2321.0,0.31655755591925805,True,5,0.0,contact_part_mask,26,0,contact_part_local_affine,True,1.0,36,36,36,1.0,0.06590138375759125,5,0.0,7332.0,success,361,0.4161993224435197,,1071.0,earliest_reliable_tracked_reference_no_pre_gap,1.0,contact_part_local_affine,success,5,0.0,0.03715555555555555,,,,,,,success,keep,,6.436289625153938,/Users/huhu/Documents/Code/bishe/vrb/vrbreproduction/outputs/100subaction-e9/experiments/E9/pipeline_outputs/subaction_12_P01_109_12/candidate_02_frame_001072_left,/Users/huhu/Documents/Code/bishe/vrb/vrbreproduction/outputs/100subaction-e9/experiments/E9/pipeline_outputs/subaction_12_P01_109_12/candidate_02_frame_001072_left,/Users/huhu/Documents/Code/bishe/vrb/vrbreproduction/outputs/100subaction-e9/experiments/E9/pipeline_outputs/subaction_12_P01_109_12/candidate_02_frame_001072_left/reference_frame.png,/Users/huhu/Documents/Code/bishe/vrb/vrbreproduction/outputs/100subaction-e9/experiments/E9/pipeline_outputs/subaction_12_P01_109_12/candidate_02_frame_001072_left/label_heatmap_merged_overlay.png,/Users/huhu/Documents/Code/bishe/vrb/vrbreproduction/outputs/100subaction-e9/experiments/E9/pipeline_outputs/subaction_12_P01_109_12/candidate_02_frame_001072_left/vrb_style_affordance.png,6.0,0.0,"[49.99, 170.98, 144.39, 248.72]",/Users/huhu/Documents/Code/bishe/vrb/vrbreproduction/outputs/100subaction-e9/experiments/E9/pipeline_outputs/subaction_12_P01_109_12/candidate_02_frame_001072_left/label_heatmap_merged.npy,/Users/huhu/Documents/Code/bishe/vrb/vrbreproduction/outputs/100subaction-e9/experiments/E9/pipeline_outputs/subaction_12_P01_109_12/candidate_02_frame_001072_left/label_heatmap_merged.png,/Users/huhu/Documents/Code/bishe/vrb/vrbreproduction/outputs/100subaction-e9/experiments/E9/pipeline_outputs/subaction_12_P01_109_12/candidate_02_frame_001072_left/mask_projection_overlay.png,"(256, 456)",isotropic_e7,True,True
E9,13,P01_109_13,put beer into drawer,put-into,beer,"['beer', 'drawer']",1139,1353,1138.0,1352.0,0.0,1180.0,right,new_contact_episode,278,12,0,,,,,,,,,0,,,,,0,,,0,0,,True,,0,0,0,,,0,,,not_run,0,0.0,,,,,,not_run,0,,,,,,,,,not_run,discard,missing_hand_or_object_bbox,,/Users/huhu/Documents/Code/bishe/vrb/vrbreproduction/outputs/100subaction-e9/experiments/E9/pipeline_outputs/subaction_13_P01_109_13/candidate_00_frame_001180_right,,,,,,,,,,,,,,False
E9,13,P01_109_13,put beer into drawer,put-into,beer,"['beer', 'drawer']",1139,1353,1138.0,1352.0,1.0,1181.0,right,new_contact_episode,278,12,0,,,,,,,,,0,,,,,0,,,0,0,,True,,0,0,0,,,0,,,not_run,0,0.0,,,,,,not_run,0,,,,,,,,,not_run,discard,missing_hand_or_object_bbox,,/Users/huhu/Documents/Code/bishe/vrb/vrbreproduction/outputs/100subaction-e9/experiments/E9/pipeline_outputs/subaction_13_P01_109_13/candidate_01_frame_001181_right,,,,,,,,,,,,,,False
E9,13,P01_109_13,put beer into drawer,put-into,beer,"['beer', 'drawer']",1139,1353,1138.0,1352.0,2.0,1182.0,right,new_contact_episode,278,12,26,"[192.0, 14.0, 258.0, 75.0]",3.847759094275523,grabcut_fallback,bbox_fallback,fallback_lk,failed,ModuleNotFoundError:No module named 'torch',panel_edge_or_handle,2843,0.706159960258321,2848.0,0.7074018877297565,True,5,0.0,contact_part_mask,26,0,contact_part_local_affine,True,0.9963888888888889,36,36,35,0.9722222222222222,0.6278829574584961,5,0.0,4026.0,success,361,0.6928464959274072,,1179.0,pre_contact_gap_tracked_reference,3.0,contact_part_local_affine,success,5,0.0,0.09293333333333334,,,,,,,success,keep,,6.213729479331801,/Users/huhu/Documents/Code/bishe/vrb/vrbreproduction/outputs/100subaction-e9/experiments/E9/pipeline_outputs/subaction_13_P01_109_13/candidate_02_frame_001182_right,/Users/huhu/Documents/Code/bishe/vrb/vrbreproduction/outputs/100subaction-e9/experiments/E9/pipeline_outputs/subaction_13_P01_109_13/candidate_02_frame_001182_right,/Users/huhu/Documents/Code/bishe/vrb/vrbreproduction/outputs/100subaction-e9/experiments/E9/pipeline_outputs/subaction_13_P01_109_13/candidate_02_frame_001182_right/reference_frame.png,/Users/huhu/Documents/Code/bishe/vrb/vrbreproduction/outputs/100subaction-e9/experiments/E9/pipeline_outputs/subaction_13_P01_109_13/candidate_02_frame_001182_right/label_heatmap_merged_overlay.png,/Users/huhu/Documents/Code/bishe/vrb/vrbreproduction/outputs/100subaction-e9/experiments/E9/pipeline_outputs/subaction_13_P01_109_13/candidate_02_frame_001182_right/vrb_style_affordance.png,6.0,0.0,"[193.15, 13.24, 258.92, 74.05]",/Users/huhu/Documents/Code/bishe/vrb/vrbreproduction/outputs/100subaction-e9/experiments/E9/pipeline_outputs/subaction_13_P01_109_13/candidate_02_frame_001182_right/label_heatmap_merged.npy,/Users/huhu/Documents/Code/bishe/vrb/vrbreproduction/outputs/100subaction-e9/experiments/E9/pipeline_outputs/subaction_13_P01_109_13/candidate_02_frame_001182_right/label_heatmap_merged.png,/Users/huhu/Documents/Code/bishe/vrb/vrbreproduction/outputs/100subaction-e9/experiments/E9/pipeline_outputs/subaction_13_P01_109_13/candidate_02_frame_001182_right/mask_projection_overlay.png,"(256, 456)",isotropic_e7,False,True
E9,13,P01_109_13,put beer into drawer,put-into,beer,"['beer', 'drawer']",1139,1353,1138.0,1352.0,3.0,1201.0,left,new_contact_episode,278,12,39,"[127.0, 142.0, 226.0, 248.0]",2.7240676565933803,grabcut_fallback,bbox_fallback,fallback_lk,failed,ModuleNotFoundError:No module named 'torch',panel_edge_or_handle,3052,0.4289529163738581,2160.0,0.19987045433515313,True,5,0.0,contact_part_mask,26,0,contact_part_local_affine,True,1.0,36,34,34,1.0,0.5680743455886841,5,0.0,10807.0,success,361,0.4161993224435197,,1200.0,pre_contact_gap_tracked_reference,1.0,contact_part_local_affine,success,5,0.0,0.043555555555555556,,,,,,,success,keep,,6.380124436299005,/Users/huhu/Documents/Code/bishe/vrb/vrbreproduction/outputs/100subaction-e9/experiments/E9/pipeline_outputs/subaction_13_P01_109_13/candidate_03_frame_001201_left,/Users/huhu/Documents/Code/bishe/vrb/vrbreproduction/outputs/100subaction-e9/experiments/E9/pipeline_outputs/subaction_13_P01_109_13/candidate_03_frame_001201_left,/Users/huhu/Documents/Code/bishe/vrb/vrbreproduction/outputs/100subaction-e9/experiments/E9/pipeline_outputs/subaction_13_P01_109_13/candidate_03_frame_001201_left/reference_frame.png,/Users/huhu/Documents/Code/bishe/vrb/vrbreproduction/outputs/100subaction-e9/experiments/E9/pipeline_outputs/subaction_13_P01_109_13/candidate_03_frame_001201_left/label_heatmap_merged_overlay.png,/Users/huhu/Documents/Code/bishe/vrb/vrbreproduction/outputs/100subaction-e9/experiments/E9/pipeline_outputs/subaction_13_P01_109_13/candidate_03_frame_001201_left/vrb_style_affordance.png,6.0,0.0,"[124.24, 143.6, 224.66, 250.79]",/Users/huhu/Documents/Code/bishe/vrb/vrbreproduction/outputs/100subaction-e9/experiments/E9/pipeline_outputs/subaction_13_P01_109_13/candidate_03_frame_001201_left/label_heatmap_merged.npy,/Users/huhu/Documents/Code/bishe/vrb/vrbreproduction/outputs/100subaction-e9/experiments/E9/pipeline_outputs/subaction_13_P01_109_13/candidate_03_frame_001201_left/label_heatmap_merged.png,/Users/huhu/Documents/Code/bishe/vrb/vrbreproduction/outputs/100subaction-e9/experiments/E9/pipeline_outputs/subaction_13_P01_109_13/candidate_03_frame_001201_left/mask_projection_overlay.png,"(256, 456)",isotropic_e7,True,True
E9,13,P01_109_13,put beer into drawer,put-into,beer,"['beer', 'drawer']",1139,1353,1138.0,1352.0,4.0,1202.0,left,new_contact_episode,278,12,45,"[128.0, 137.0, 212.0, 246.0]",2.9551057044605384,grabcut_fallback,bbox_fallback,fallback_lk,failed,ModuleNotFoundError:No module named 'torch',panel_edge_or_handle,2791,0.645616470043951,2174.0,0.21614635116325312,True,3,0.0,contact_part_mask,26,0,contact_part_local_affine,True,0.8213888888888887,36,36,35,0.9722222222222222,0.7797106504440308,3,0.0,10058.0,success,361,0.4161993224435197,,1200.0,pre_contact_gap_tracked_reference,2.0,contact_part_local_affine,success,3,0.0,0.043555555555555556,,,,,,,success,keep,,5.500830902708901,/Users/huhu/Documents/Code/bishe/vrb/vrbreproduction/outputs/100subaction-e9/experiments/E9/pipeline_outputs/subaction_13_P01_109_13/candidate_04_frame_001202_left,/Users/huhu/Documents/Code/bishe/vrb/vrbreproduction/outputs/100subaction-e9/experiments/E9/pipeline_outputs/subaction_13_P01_109_13/candidate_04_frame_001202_left,/Users/huhu/Documents/Code/bishe/vrb/vrbreproduction/outputs/100subaction-e9/experiments/E9/pipeline_outputs/subaction_13_P01_109_13/candidate_04_frame_001202_left/reference_frame.png,/Users/huhu/Documents/Code/bishe/vrb/vrbreproduction/outputs/100subaction-e9/experiments/E9/pipeline_outputs/subaction_13_P01_109_13/candidate_04_frame_001202_left/label_heatmap_merged_overlay.png,/Users/huhu/Documents/Code/bishe/vrb/vrbreproduction/outputs/100subaction-e9/experiments/E9/pipeline_outputs/subaction_13_P01_109_13/candidate_04_frame_001202_left/vrb_style_affordance.png,6.0,0.0,"[124.13, 143.81, 218.35, 250.72]",/Users/huhu/Documents/Code/bishe/vrb/vrbreproduction/outputs/100subaction-e9/experiments/E9/pipeline_outputs/subaction_13_P01_109_13/candidate_04_frame_001202_left/label_heatmap_merged.npy,/Users/huhu/Documents/Code/bishe/vrb/vrbreproduction/outputs/100subaction-e9/experiments/E9/pipeline_outputs/subaction_13_P01_109_13/candidate_04_frame_001202_left/label_heatmap_merged.png,/Users/huhu/Documents/Code/bishe/vrb/vrbreproduction/outputs/100subaction-e9/experiments/E9/pipeline_outputs/subaction_13_P01_109_13/candidate_04_frame_001202_left/mask_projection_overlay.png,"(256, 456)",isotropic_e7,True,False
E9,13,P01_109_13,put beer into drawer,put-into,beer,"['beer', 'drawer']",1139,1353,1138.0,1352.0,5.0,1203.0,left,new_contact_episode,278,12,66,"[130.0, 135.0, 209.0, 242.0]",2.9754476774908345,grabcut_fallback,bbox_fallback,fallback_lk,failed,ModuleNotFoundError:No module named 'torch',panel_edge_or_handle,2811,0.6691263984765532,2406.0,0.2392125671107576,True,5,0.0,contact_part_mask,26,0,contact_part_local_affine,True,0.962857142857143,36,35,25,0.7142857142857143,1.310210108757019,5,0.0,10058.0,success,361,0.4161993224435197,,1200.0,pre_contact_gap_tracked_reference,3.0,contact_part_local_affine,success,5,0.0,0.043555555555555556,,,,,,,success,keep,,6.171574649118242,/Users/huhu/Documents/Code/bishe/vrb/vrbreproduction/outputs/100subaction-e9/experiments/E9/pipeline_outputs/subaction_13_P01_109_13/candidate_05_frame_001203_left,/Users/huhu/Documents/Code/bishe/vrb/vrbreproduction/outputs/100subaction-e9/experiments/E9/pipeline_outputs/subaction_13_P01_109_13/candidate_05_frame_001203_left,/Users/huhu/Documents/Code/bishe/vrb/vrbreproduction/outputs/100subaction-e9/experiments/E9/pipeline_outputs/subaction_13_P01_109_13/candidate_05_frame_001203_left/reference_frame.png,/Users/huhu/Documents/Code/bishe/vrb/vrbreproduction/outputs/100subaction-e9/experiments/E9/pipeline_outputs/subaction_13_P01_109_13/candidate_05_frame_001203_left/label_heatmap_merged_overlay.png,/Users/huhu/Documents/Code/bishe/vrb/vrbreproduction/outputs/100subaction-e9/experiments/E9/pipeline_outputs/subaction_13_P01_109_13/candidate_05_frame_001203_left/vrb_style_affordance.png,6.0,0.0,"[124.1, 143.98, 217.77, 250.58]",/Users/huhu/Documents/Code/bishe/vrb/vrbreproduction/outputs/100subaction-e9/experiments/E9/pipeline_outputs/subaction_13_P01_109_13/candidate_05_frame_001203_left/label_heatmap_merged.npy,/Users/huhu/Documents/Code/bishe/vrb/vrbreproduction/outputs/100subaction-e9/experiments/E9/pipeline_outputs/subaction_13_P01_109_13/candidate_05_frame_001203_left/label_heatmap_merged.png,/Users/huhu/Documents/Code/bishe/vrb/vrbreproduction/outputs/100subaction-e9/experiments/E9/pipeline_outputs/subaction_13_P01_109_13/candidate_05_frame_001203_left/mask_projection_overlay.png,"(256, 456)",isotropic_e7,True,False
E9,13,P01_109_13,put beer into drawer,put-into,beer,"['beer', 'drawer']",1139,1353,1138.0,1352.0,6.0,1207.0,right,new_contact_episode,278,12,174,"[136.0, 122.0, 273.0, 249.0]",2.80567519228384,grabcut_fallback,bbox_fallback,fallback_lk,failed,ModuleNotFoundError:No module named 'torch',panel_edge_or_handle,4063,0.4486032902727172,3223.0,0.5579986149584487,True,5,0.0,contact_part_mask,26,0,contact_part_local_affine,True,0.922962962962963,36,27,11,0.4074074074074074,2.1044414043426514,5,0.0,5776.0,success,361,0.4161993224435197,,1118.0,earliest_reliable_tracked_reference_no_pre_gap,89.0,contact_part_local_affine,success,5,0.0,0.04622222222222222,,,,,,,success,keep,,5.472051943054905,/Users/huhu/Documents/Code/bishe/vrb/vrbreproduction/outputs/100subaction-e9/experiments/E9/pipeline_outputs/subaction_13_P01_109_13/candidate_06_frame_001207_right,/Users/huhu/Documents/Code/bishe/vrb/vrbreproduction/outputs/100subaction-e9/experiments/E9/pipeline_outputs/subaction_13_P01_109_13/candidate_06_frame_001207_right,/Users/huhu/Documents/Code/bishe/vrb/vrbreproduction/outputs/100subaction-e9/experiments/E9/pipeline_outputs/subaction_13_P01_109_13/candidate_06_frame_001207_right/reference_frame.png,/Users/huhu/Documents/Code/bishe/vrb/vrbreproduction/outputs/100subaction-e9/experiments/E9/pipeline_outputs/subaction_13_P01_109_13/candidate_06_frame_001207_right/label_heatmap_merged_overlay.png,/Users/huhu/Documents/Code/bishe/vrb/vrbreproduction/outputs/100subaction-e9/experiments/E9/pipeline_outputs/subaction_13_P01_109_13/candidate_06_frame_001207_right/vrb_style_affordance.png,6.0,0.0,"[69.19, 168.77, 144.73, 245.31]",/Users/huhu/Documents/Code/bishe/vrb/vrbreproduction/outputs/100subaction-e9/experiments/E9/pipeline_outputs/subaction_13_P01_109_13/candidate_06_frame_001207_right/label_heatmap_merged.npy,/Users/huhu/Documents/Code/bishe/vrb/vrbreproduction/outputs/100subaction-e9/experiments/E9/pipeline_outputs/subaction_13_P01_109_13/candidate_06_frame_001207_right/label_heatmap_merged.png,/Users/huhu/Documents/Code/bishe/vrb/vrbreproduction/outputs/100subaction-e9/experiments/E9/pipeline_outputs/subaction_13_P01_109_13/candidate_06_frame_001207_right/mask_projection_overlay.png,"(256, 456)",isotropic_e7,True,False
E9,13,P01_109_13,put beer into drawer,put-into,beer,"['beer', 'drawer']",1139,1353,1138.0,1352.0,7.0,1208.0,right,new_contact_episode,278,12,169,"[139.0, 120.0, 272.0, 246.0]",2.9094249725816517,grabcut_fallback,bbox_fallback,fallback_lk,failed,ModuleNotFoundError:No module named 'torch',panel_edge_or_handle,5861,0.5101401340412569,5670.0,0.32082838227805127,True,5,0.0,contact_part_mask,26,0,contact_part_local_affine,True,0.9927777777777778,36,36,34,0.9444444444444444,1.9539330005645752,5,0.0,17673.0,success,361,0.4161993224435197,,1207.0,earliest_reliable_tracked_reference_no_pre_gap,1.0,contact_part_local_affine,success,5,0.0,0.26986666666666664,,,,,,,success,keep,,5.996693121094173,/Users/huhu/Documents/Code/bishe/vrb/vrbreproduction/outputs/100subaction-e9/experiments/E9/pipeline_outputs/subaction_13_P01_109_13/candidate_07_frame_001208_right,/Users/huhu/Documents/Code/bishe/vrb/vrbreproduction/outputs/100subaction-e9/experiments/E9/pipeline_outputs/subaction_13_P01_109_13/candidate_07_frame_001208_right,/Users/huhu/Documents/Code/bishe/vrb/vrbreproduction/outputs/100subaction-e9/experiments/E9/pipeline_outputs/subaction_13_P01_109_13/candidate_07_frame_001208_right/reference_frame.png,/Users/huhu/Documents/Code/bishe/vrb/vrbreproduction/outputs/100subaction-e9/experiments/E9/pipeline_outputs/subaction_13_P01_109_13/candidate_07_frame_001208_right/label_heatmap_merged_overlay.png,/Users/huhu/Documents/Code/bishe/vrb/vrbreproduction/outputs/100subaction-e9/experiments/E9/pipeline_outputs/subaction_13_P01_109_13/candidate_07_frame_001208_right/vrb_style_affordance.png,6.0,0.0,"[135.6, 121.37, 272.78, 249.7]",/Users/huhu/Documents/Code/bishe/vrb/vrbreproduction/outputs/100subaction-e9/experiments/E9/pipeline_outputs/subaction_13_P01_109_13/candidate_07_frame_001208_right/label_heatmap_merged.npy,/Users/huhu/Documents/Code/bishe/vrb/vrbreproduction/outputs/100subaction-e9/experiments/E9/pipeline_outputs/subaction_13_P01_109_13/candidate_07_frame_001208_right/label_heatmap_merged.png,/Users/huhu/Documents/Code/bishe/vrb/vrbreproduction/outputs/100subaction-e9/experiments/E9/pipeline_outputs/subaction_13_P01_109_13/candidate_07_frame_001208_right/mask_projection_overlay.png,"(256, 456)",isotropic_e7,True,False
E9,13,P01_109_13,put beer into drawer,put-into,beer,"['beer', 'drawer']",1139,1353,1138.0,1352.0,8.0,1209.0,right,new_contact_episode,278,12,138,"[143.0, 124.0, 276.0, 244.0]",2.912782133335975,grabcut_fallback,bbox_fallback,fallback_lk,failed,ModuleNotFoundError:No module named 'torch',panel_edge_or_handle,2638,0.35187408296651995,5546.0,0.3311044776119403,True,5,0.0,contact_part_mask,26,0,contact_part_local_affine,True,0.9927777777777778,36,36,34,0.9444444444444444,0.5428012609481812,5,0.0,16750.0,success,361,0.4161993224435197,,1208.0,earliest_reliable_tracked_reference_no_pre_gap,1.0,contact_part_local_affine,success,5,0.0,0.3073777777777778,,,,,,,success,keep,,5.982760406615999,/Users/huhu/Documents/Code/bishe/vrb/vrbreproduction/outputs/100subaction-e9/experiments/E9/pipeline_outputs/subaction_13_P01_109_13/candidate_08_frame_001209_right,/Users/huhu/Documents/Code/bishe/vrb/vrbreproduction/outputs/100subaction-e9/experiments/E9/pipeline_outputs/subaction_13_P01_109_13/candidate_08_frame_001209_right,/Users/huhu/Documents/Code/bishe/vrb/vrbreproduction/outputs/100subaction-e9/experiments/E9/pipeline_outputs/subaction_13_P01_109_13/candidate_08_frame_001209_right/reference_frame.png,/Users/huhu/Documents/Code/bishe/vrb/vrbreproduction/outputs/100subaction-e9/experiments/E9/pipeline_outputs/subaction_13_P01_109_13/candidate_08_frame_001209_right/label_heatmap_merged_overlay.png,/Users/huhu/Documents/Code/bishe/vrb/vrbreproduction/outputs/100subaction-e9/experiments/E9/pipeline_outputs/subaction_13_P01_109_13/candidate_08_frame_001209_right/vrb_style_affordance.png,6.0,0.0,"[139.36, 121.74, 273.44, 246.97]",/Users/huhu/Documents/Code/bishe/vrb/vrbreproduction/outputs/100subaction-e9/experiments/E9/pipeline_outputs/subaction_13_P01_109_13/candidate_08_frame_001209_right/label_heatmap_merged.npy,/Users/huhu/Documents/Code/bishe/vrb/vrbreproduction/outputs/100subaction-e9/experiments/E9/pipeline_outputs/subaction_13_P01_109_13/candidate_08_frame_001209_right/label_heatmap_merged.png,/Users/huhu/Documents/Code/bishe/vrb/vrbreproduction/outputs/100subaction-e9/experiments/E9/pipeline_outputs/subaction_13_P01_109_13/candidate_08_frame_001209_right/mask_projection_overlay.png,"(256, 456)",isotropic_e7,True,False
E9,13,P01_109_13,put beer into drawer,put-into,beer,"['beer', 'drawer']",1139,1353,1138.0,1352.0,9.0,1258.0,right,new_contact_episode,278,12,30,"[248.0, 0.0, 407.0, 37.0]",2.142527031580329,grabcut_fallback,bbox_fallback,fallback_lk,failed,ModuleNotFoundError:No module named 'torch',panel_edge_or_handle,1356,0.3460066343454963,1530.0,0.26007139214686387,True,5,0.0,contact_part_mask,26,0,contact_part_local_affine,True,1.0,36,36,36,1.0,0.06665101647377014,5,0.0,5883.0,success,361,0.4161993224435197,,1257.0,pre_contact_gap_tracked_reference,1.0,contact_part_local_affine,success,5,0.0,0.16773333333333335,,,,,,,success,keep,,6.208900469505786,/Users/huhu/Documents/Code/bishe/vrb/vrbreproduction/outputs/100subaction-e9/experiments/E9/pipeline_outputs/subaction_13_P01_109_13/candidate_09_frame_001258_right,/Users/huhu/Documents/Code/bishe/vrb/vrbreproduction/outputs/100subaction-e9/experiments/E9/pipeline_outputs/subaction_13_P01_109_13/candidate_09_frame_001258_right,/Users/huhu/Documents/Code/bishe/vrb/vrbreproduction/outputs/100subaction-e9/experiments/E9/pipeline_outputs/subaction_13_P01_109_13/candidate_09_frame_001258_right/reference_frame.png,/Users/huhu/Documents/Code/bishe/vrb/vrbreproduction/outputs/100subaction-e9/experiments/E9/pipeline_outputs/subaction_13_P01_109_13/candidate_09_frame_001258_right/label_heatmap_merged_overlay.png,/Users/huhu/Documents/Code/bishe/vrb/vrbreproduction/outputs/100subaction-e9/experiments/E9/pipeline_outputs/subaction_13_P01_109_13/candidate_09_frame_001258_right/vrb_style_affordance.png,6.0,0.0,"[247.35, 0.0, 405.97, 36.78]",/Users/huhu/Documents/Code/bishe/vrb/vrbreproduction/outputs/100subaction-e9/experiments/E9/pipeline_outputs/subaction_13_P01_109_13/candidate_09_frame_001258_right/label_heatmap_merged.npy,/Users/huhu/Documents/Code/bishe/vrb/vrbreproduction/outputs/100subaction-e9/experiments/E9/pipeline_outputs/subaction_13_P01_109_13/candidate_09_frame_001258_right/label_heatmap_merged.png,/Users/huhu/Documents/Code/bishe/vrb/vrbreproduction/outputs/100subaction-e9/experiments/E9/pipeline_outputs/subaction_13_P01_109_13/candidate_09_frame_001258_right/mask_projection_overlay.png,"(256, 456)",isotropic_e7,True,False
E9,13,P01_109_13,put beer into drawer,put-into,beer,"['beer', 'drawer']",1139,1353,1138.0,1352.0,10.0,1259.0,right,new_contact_episode,278,12,139,"[312.0, 123.0, 385.0, 252.0]",3.4240922949447428,grabcut_fallback,bbox_fallback,fallback_lk,failed,ModuleNotFoundError:No module named 'torch',panel_edge_or_handle,3271,0.5000764409111756,3692.0,0.38314653383146535,True,5,0.0,contact_part_mask,26,0,contact_part_local_affine,True,0.9962857142857143,36,35,34,0.9714285714285714,0.7096609473228455,5,0.0,9636.0,success,361,0.4161993224435197,,1257.0,pre_contact_gap_tracked_reference,2.0,contact_part_local_affine,success,5,0.0,0.0,,,,,,,success,keep,,6.4492816001517435,/Users/huhu/Documents/Code/bishe/vrb/vrbreproduction/outputs/100subaction-e9/experiments/E9/pipeline_outputs/subaction_13_P01_109_13/candidate_10_frame_001259_right,/Users/huhu/Documents/Code/bishe/vrb/vrbreproduction/outputs/100subaction-e9/experiments/E9/pipeline_outputs/subaction_13_P01_109_13/candidate_10_frame_001259_right,/Users/huhu/Documents/Code/bishe/vrb/vrbreproduction/outputs/100subaction-e9/experiments/E9/pipeline_outputs/subaction_13_P01_109_13/candidate_10_frame_001259_right/reference_frame.png,/Users/huhu/Documents/Code/bishe/vrb/vrbreproduction/outputs/100subaction-e9/experiments/E9/pipeline_outputs/subaction_13_P01_109_13/candidate_10_frame_001259_right/label_heatmap_merged_overlay.png,/Users/huhu/Documents/Code/bishe/vrb/vrbreproduction/outputs/100subaction-e9/experiments/E9/pipeline_outputs/subaction_13_P01_109_13/candidate_10_frame_001259_right/vrb_style_affordance.png,6.0,0.0,"[311.89, 122.18, 385.49, 253.86]",/Users/huhu/Documents/Code/bishe/vrb/vrbreproduction/outputs/100subaction-e9/experiments/E9/pipeline_outputs/subaction_13_P01_109_13/candidate_10_frame_001259_right/label_heatmap_merged.npy,/Users/huhu/Documents/Code/bishe/vrb/vrbreproduction/outputs/100subaction-e9/experiments/E9/pipeline_outputs/subaction_13_P01_109_13/candidate_10_frame_001259_right/label_heatmap_merged.png,/Users/huhu/Documents/Code/bishe/vrb/vrbreproduction/outputs/100subaction-e9/experiments/E9/pipeline_outputs/subaction_13_P01_109_13/candidate_10_frame_001259_right/mask_projection_overlay.png,"(256, 456)",isotropic_e7,True,True
E9,13,P01_109_13,put beer into drawer,put-into,beer,"['beer', 'drawer']",1139,1353,1138.0,1352.0,11.0,1260.0,right,new_contact_episode,278,12,142,"[311.0, 124.0, 386.0, 251.0]",3.437499432203401,,,,,,,0,,,,,0,,,0,0,,True,,0,0,0,,,0,,,not_run,0,0.0,,,,,,not_run,0,,,,,,,,,not_run,discard,gmm_failed:ValueError,,/Users/huhu/Documents/Code/bishe/vrb/vrbreproduction/outputs/100subaction-e9/experiments/E9/pipeline_outputs/subaction_13_P01_109_13/candidate_11_frame_001260_right,,,,,,,,,,,,,,False
E9,14,P01_109_14,put beer into drawer,put-into,beer,"['beer', 'drawer']",1230,1283,1229.0,1282.0,0.0,1258.0,right,new_contact_episode,71,12,30,"[248.0, 0.0, 407.0, 37.0]",2.142527031580329,grabcut_fallback,bbox_fallback,fallback_lk,failed,ModuleNotFoundError:No module named 'torch',panel_edge_or_handle,1356,0.3460066343454963,1530.0,0.26007139214686387,True,5,0.0,contact_part_mask,26,0,contact_part_local_affine,True,1.0,36,36,36,1.0,0.06665101647377014,5,0.0,5883.0,success,361,0.4161993224435197,,1257.0,pre_contact_gap_tracked_reference,1.0,contact_part_local_affine,success,5,0.0,0.16773333333333335,,,,,,,success,keep,,6.208900469505786,/Users/huhu/Documents/Code/bishe/vrb/vrbreproduction/outputs/100subaction-e9/experiments/E9/pipeline_outputs/subaction_14_P01_109_14/candidate_00_frame_001258_right,/Users/huhu/Documents/Code/bishe/vrb/vrbreproduction/outputs/100subaction-e9/experiments/E9/pipeline_outputs/subaction_14_P01_109_14/candidate_00_frame_001258_right,/Users/huhu/Documents/Code/bishe/vrb/vrbreproduction/outputs/100subaction-e9/experiments/E9/pipeline_outputs/subaction_14_P01_109_14/candidate_00_frame_001258_right/reference_frame.png,/Users/huhu/Documents/Code/bishe/vrb/vrbreproduction/outputs/100subaction-e9/experiments/E9/pipeline_outputs/subaction_14_P01_109_14/candidate_00_frame_001258_right/label_heatmap_merged_overlay.png,/Users/huhu/Documents/Code/bishe/vrb/vrbreproduction/outputs/100subaction-e9/experiments/E9/pipeline_outputs/subaction_14_P01_109_14/candidate_00_frame_001258_right/vrb_style_affordance.png,6.0,0.0,"[247.35, 0.0, 405.97, 36.78]",/Users/huhu/Documents/Code/bishe/vrb/vrbreproduction/outputs/100subaction-e9/experiments/E9/pipeline_outputs/subaction_14_P01_109_14/candidate_00_frame_001258_right/label_heatmap_merged.npy,/Users/huhu/Documents/Code/bishe/vrb/vrbreproduction/outputs/100subaction-e9/experiments/E9/pipeline_outputs/subaction_14_P01_109_14/candidate_00_frame_001258_right/label_heatmap_merged.png,/Users/huhu/Documents/Code/bishe/vrb/vrbreproduction/outputs/100subaction-e9/experiments/E9/pipeline_outputs/subaction_14_P01_109_14/candidate_00_frame_001258_right/mask_projection_overlay.png,"(256, 456)",isotropic_e7,True,False
E9,14,P01_109_14,put beer into drawer,put-into,beer,"['beer', 'drawer']",1230,1283,1229.0,1282.0,1.0,1259.0,right,new_contact_episode,71,12,139,"[312.0, 123.0, 385.0, 252.0]",3.4240922949447428,grabcut_fallback,bbox_fallback,fallback_lk,failed,ModuleNotFoundError:No module named 'torch',panel_edge_or_handle,3271,0.5000764409111756,3692.0,0.38314653383146535,True,5,0.0,contact_part_mask,26,0,contact_part_local_affine,True,0.9962857142857143,36,35,34,0.9714285714285714,0.7096609473228455,5,0.0,9636.0,success,361,0.4161993224435197,,1257.0,pre_contact_gap_tracked_reference,2.0,contact_part_local_affine,success,5,0.0,0.0,,,,,,,success,keep,,6.4492816001517435,/Users/huhu/Documents/Code/bishe/vrb/vrbreproduction/outputs/100subaction-e9/experiments/E9/pipeline_outputs/subaction_14_P01_109_14/candidate_01_frame_001259_right,/Users/huhu/Documents/Code/bishe/vrb/vrbreproduction/outputs/100subaction-e9/experiments/E9/pipeline_outputs/subaction_14_P01_109_14/candidate_01_frame_001259_right,/Users/huhu/Documents/Code/bishe/vrb/vrbreproduction/outputs/100subaction-e9/experiments/E9/pipeline_outputs/subaction_14_P01_109_14/candidate_01_frame_001259_right/reference_frame.png,/Users/huhu/Documents/Code/bishe/vrb/vrbreproduction/outputs/100subaction-e9/experiments/E9/pipeline_outputs/subaction_14_P01_109_14/candidate_01_frame_001259_right/label_heatmap_merged_overlay.png,/Users/huhu/Documents/Code/bishe/vrb/vrbreproduction/outputs/100subaction-e9/experiments/E9/pipeline_outputs/subaction_14_P01_109_14/candidate_01_frame_001259_right/vrb_style_affordance.png,6.0,0.0,"[311.89, 122.18, 385.49, 253.86]",/Users/huhu/Documents/Code/bishe/vrb/vrbreproduction/outputs/100subaction-e9/experiments/E9/pipeline_outputs/subaction_14_P01_109_14/candidate_01_frame_001259_right/label_heatmap_merged.npy,/Users/huhu/Documents/Code/bishe/vrb/vrbreproduction/outputs/100subaction-e9/experiments/E9/pipeline_outputs/subaction_14_P01_109_14/candidate_01_frame_001259_right/label_heatmap_merged.png,/Users/huhu/Documents/Code/bishe/vrb/vrbreproduction/outputs/100subaction-e9/experiments/E9/pipeline_outputs/subaction_14_P01_109_14/candidate_01_frame_001259_right/mask_projection_overlay.png,"(256, 456)",isotropic_e7,True,True
E9,14,P01_109_14,put beer into drawer,put-into,beer,"['beer', 'drawer']",1230,1283,1229.0,1282.0,2.0,1260.0,right,new_contact_episode,71,12,142,"[311.0, 124.0, 386.0, 251.0]",3.437499432203401,,,,,,,0,,,,,0,,,0,0,,True,,0,0,0,,,0,,,not_run,0,0.0,,,,,,not_run,0,,,,,,,,,not_run,discard,gmm_failed:ValueError,,/Users/huhu/Documents/Code/bishe/vrb/vrbreproduction/outputs/100subaction-e9/experiments/E9/pipeline_outputs/subaction_14_P01_109_14/candidate_02_frame_001260_right,,,,,,,,,,,,,,False
E9,14,P01_109_14,put beer into drawer,put-into,beer,"['beer', 'drawer']",1230,1283,1229.0,1282.0,3.0,1260.0,left,new_contact_episode,71,12,27,"[247.0, 1.0, 409.0, 43.0]",2.2755994340289303,grabcut_fallback,bbox_fallback,fallback_lk,failed,ModuleNotFoundError:No module named 'torch',panel_edge_or_handle,1376,0.32950191570881227,1581.0,0.2533653846153846,True,5,0.0,contact_part_mask,26,0,contact_part_local_affine,True,1.0,36,36,36,1.0,0.19179365038871765,5,0.0,6240.0,success,361,0.4161993224435197,,1258.0,earliest_reliable_tracked_reference_no_pre_gap,2.0,contact_part_local_affine,success,5,0.0,0.1676888888888889,,,,,,,success,keep,,6.230712857155004,/Users/huhu/Documents/Code/bishe/vrb/vrbreproduction/outputs/100subaction-e9/experiments/E9/pipeline_outputs/subaction_14_P01_109_14/candidate_03_frame_001260_left,/Users/huhu/Documents/Code/bishe/vrb/vrbreproduction/outputs/100subaction-e9/experiments/E9/pipeline_outputs/subaction_14_P01_109_14/candidate_03_frame_001260_left,/Users/huhu/Documents/Code/bishe/vrb/vrbreproduction/outputs/100subaction-e9/experiments/E9/pipeline_outputs/subaction_14_P01_109_14/candidate_03_frame_001260_left/reference_frame.png,/Users/huhu/Documents/Code/bishe/vrb/vrbreproduction/outputs/100subaction-e9/experiments/E9/pipeline_outputs/subaction_14_P01_109_14/candidate_03_frame_001260_left/label_heatmap_merged_overlay.png,/Users/huhu/Documents/Code/bishe/vrb/vrbreproduction/outputs/100subaction-e9/experiments/E9/pipeline_outputs/subaction_14_P01_109_14/candidate_03_frame_001260_left/vrb_style_affordance.png,6.0,0.0,"[247.22, 0.0, 407.15, 38.84]",/Users/huhu/Documents/Code/bishe/vrb/vrbreproduction/outputs/100subaction-e9/experiments/E9/pipeline_outputs/subaction_14_P01_109_14/candidate_03_frame_001260_left/label_heatmap_merged.npy,/Users/huhu/Documents/Code/bishe/vrb/vrbreproduction/outputs/100subaction-e9/experiments/E9/pipeline_outputs/subaction_14_P01_109_14/candidate_03_frame_001260_left/label_heatmap_merged.png,/Users/huhu/Documents/Code/bishe/vrb/vrbreproduction/outputs/100subaction-e9/experiments/E9/pipeline_outputs/subaction_14_P01_109_14/candidate_03_frame_001260_left/mask_projection_overlay.png,"(256, 456)",isotropic_e7,True,False
E9,14,P01_109_14,put beer into drawer,put-into,beer,"['beer', 'drawer']",1230,1283,1229.0,1282.0,4.0,1261.0,left,new_contact_episode,71,12,30,"[232.0, 1.0, 432.0, 47.0]",2.4474081485369457,grabcut_fallback,bbox_fallback,fallback_lk,failed,ModuleNotFoundError:No module named 'torch',panel_edge_or_handle,1467,0.3296629213483146,2010.0,0.261038961038961,True,5,0.0,contact_part_mask,26,0,contact_part_local_affine,True,1.0,36,36,36,1.0,0.2514219582080841,5,0.0,7700.0,success,361,0.4161993224435197,,1259.0,earliest_reliable_tracked_reference_no_pre_gap,2.0,contact_part_local_affine,success,5,0.0,0.16213333333333332,,,,,,,success,keep,,6.205757341253758,/Users/huhu/Documents/Code/bishe/vrb/vrbreproduction/outputs/100subaction-e9/experiments/E9/pipeline_outputs/subaction_14_P01_109_14/candidate_04_frame_001261_left,/Users/huhu/Documents/Code/bishe/vrb/vrbreproduction/outputs/100subaction-e9/experiments/E9/pipeline_outputs/subaction_14_P01_109_14/candidate_04_frame_001261_left,/Users/huhu/Documents/Code/bishe/vrb/vrbreproduction/outputs/100subaction-e9/experiments/E9/pipeline_outputs/subaction_14_P01_109_14/candidate_04_frame_001261_left/reference_frame.png,/Users/huhu/Documents/Code/bishe/vrb/vrbreproduction/outputs/100subaction-e9/experiments/E9/pipeline_outputs/subaction_14_P01_109_14/candidate_04_frame_001261_left/label_heatmap_merged_overlay.png,/Users/huhu/Documents/Code/bishe/vrb/vrbreproduction/outputs/100subaction-e9/experiments/E9/pipeline_outputs/subaction_14_P01_109_14/candidate_04_frame_001261_left/vrb_style_affordance.png,6.0,0.0,"[240.86, 0.0, 416.26, 43.82]",/Users/huhu/Documents/Code/bishe/vrb/vrbreproduction/outputs/100subaction-e9/experiments/E9/pipeline_outputs/subaction_14_P01_109_14/candidate_04_frame_001261_left/label_heatmap_merged.npy,/Users/huhu/Documents/Code/bishe/vrb/vrbreproduction/outputs/100subaction-e9/experiments/E9/pipeline_outputs/subaction_14_P01_109_14/candidate_04_frame_001261_left/label_heatmap_merged.png,/Users/huhu/Documents/Code/bishe/vrb/vrbreproduction/outputs/100subaction-e9/experiments/E9/pipeline_outputs/subaction_14_P01_109_14/candidate_04_frame_001261_left/mask_projection_overlay.png,"(256, 456)",isotropic_e7,True,True
E9,14,P01_109_14,put beer into drawer,put-into,beer,"['beer', 'drawer']",1230,1283,1229.0,1282.0,5.0,1262.0,left,new_contact_episode,71,12,34,"[246.0, 0.0, 415.0, 43.0]",2.3991844146317045,grabcut_fallback,bbox_fallback,fallback_lk,failed,ModuleNotFoundError:No module named 'torch',panel_edge_or_handle,1449,0.3049884234897916,2732.0,0.32852332852332855,True,4,0.0,contact_part_mask,26,0,contact_part_local_affine,True,0.9124999999999999,36,36,36,1.0,0.14265170693397522,4,0.0,8316.0,success,361,0.4161993224435197,,1261.0,earliest_reliable_tracked_reference_no_pre_gap,1.0,contact_part_local_affine,success,4,0.0,0.16213333333333332,,,,,,,success,keep,,5.82152044879198,/Users/huhu/Documents/Code/bishe/vrb/vrbreproduction/outputs/100subaction-e9/experiments/E9/pipeline_outputs/subaction_14_P01_109_14/candidate_05_frame_001262_left,/Users/huhu/Documents/Code/bishe/vrb/vrbreproduction/outputs/100subaction-e9/experiments/E9/pipeline_outputs/subaction_14_P01_109_14/candidate_05_frame_001262_left,/Users/huhu/Documents/Code/bishe/vrb/vrbreproduction/outputs/100subaction-e9/experiments/E9/pipeline_outputs/subaction_14_P01_109_14/candidate_05_frame_001262_left/reference_frame.png,/Users/huhu/Documents/Code/bishe/vrb/vrbreproduction/outputs/100subaction-e9/experiments/E9/pipeline_outputs/subaction_14_P01_109_14/candidate_05_frame_001262_left/label_heatmap_merged_overlay.png,/Users/huhu/Documents/Code/bishe/vrb/vrbreproduction/outputs/100subaction-e9/experiments/E9/pipeline_outputs/subaction_14_P01_109_14/candidate_05_frame_001262_left/vrb_style_affordance.png,6.0,0.0,"[236.61, 0.65, 425.8, 45.18]",/Users/huhu/Documents/Code/bishe/vrb/vrbreproduction/outputs/100subaction-e9/experiments/E9/pipeline_outputs/subaction_14_P01_109_14/candidate_05_frame_001262_left/label_heatmap_merged.npy,/Users/huhu/Documents/Code/bishe/vrb/vrbreproduction/outputs/100subaction-e9/experiments/E9/pipeline_outputs/subaction_14_P01_109_14/candidate_05_frame_001262_left/label_heatmap_merged.png,/Users/huhu/Documents/Code/bishe/vrb/vrbreproduction/outputs/100subaction-e9/experiments/E9/pipeline_outputs/subaction_14_P01_109_14/candidate_05_frame_001262_left/mask_projection_overlay.png,"(256, 456)",isotropic_e7,True,False
E9,14,P01_109_14,put beer into drawer,put-into,beer,"['beer', 'drawer']",1230,1283,1229.0,1282.0,6.0,1271.0,left,new_contact_episode,71,12,0,"[321.0, 127.0, 375.0, 250.0]",0.8106374585202234,,,,,,,0,,,,,0,,,0,0,,True,,0,0,0,,,0,,,not_run,0,0.0,,,,,,not_run,0,,,,,,,,,not_run,discard,contact_points_lt5_after_object_boundary_filter,,/Users/huhu/Documents/Code/bishe/vrb/vrbreproduction/outputs/100subaction-e9/experiments/E9/pipeline_outputs/subaction_14_P01_109_14/candidate_06_frame_001271_left,,,,,,,,,,,,,,False
E9,14,P01_109_14,put beer into drawer,put-into,beer,"['beer', 'drawer']",1230,1283,1229.0,1282.0,7.0,1272.0,left,new_contact_episode,71,12,0,"[320.0, 118.0, 373.0, 250.0]",0.8231892057032717,,,,,,,0,,,,,0,,,0,0,,True,,0,0,0,,,0,,,not_run,0,0.0,,,,,,not_run,0,,,,,,,,,not_run,discard,contact_points_lt5_after_object_boundary_filter,,/Users/huhu/Documents/Code/bishe/vrb/vrbreproduction/outputs/100subaction-e9/experiments/E9/pipeline_outputs/subaction_14_P01_109_14/candidate_07_frame_001272_left,,,,,,,,,,,,,,False
E9,14,P01_109_14,put beer into drawer,put-into,beer,"['beer', 'drawer']",1230,1283,1229.0,1282.0,8.0,1273.0,left,new_contact_episode,71,12,0,"[318.0, 115.0, 372.0, 249.0]",0.8161535691313103,,,,,,,0,,,,,0,,,0,0,,True,,0,0,0,,,0,,,not_run,0,0.0,,,,,,not_run,0,,,,,,,,,not_run,discard,contact_points_lt5_after_object_boundary_filter,,/Users/huhu/Documents/Code/bishe/vrb/vrbreproduction/outputs/100subaction-e9/experiments/E9/pipeline_outputs/subaction_14_P01_109_14/candidate_08_frame_001273_left,,,,,,,,,,,,,,False
E9,14,P01_109_14,put beer into drawer,put-into,beer,"['beer', 'drawer']",1230,1283,1229.0,1282.0,9.0,1271.0,right,new_contact_episode,71,12,172,"[321.0, 127.0, 375.0, 250.0]",3.5769928566426916,grabcut_fallback,bbox_fallback,fallback_lk,failed,ModuleNotFoundError:No module named 'torch',panel_edge_or_handle,3345,0.7009639564124057,4402.0,0.4881889763779528,True,5,0.0,contact_part_mask,26,0,contact_part_local_affine,True,0.9943478260869566,36,23,22,0.9565217391304348,1.9155746698379517,5,0.0,9017.0,success,361,0.4161993224435197,,1269.0,pre_contact_gap_tracked_reference,2.0,contact_part_local_affine,success,5,0.0,0.0,,,,,,,success,keep,,6.372511020774427,/Users/huhu/Documents/Code/bishe/vrb/vrbreproduction/outputs/100subaction-e9/experiments/E9/pipeline_outputs/subaction_14_P01_109_14/candidate_09_frame_001271_right,/Users/huhu/Documents/Code/bishe/vrb/vrbreproduction/outputs/100subaction-e9/experiments/E9/pipeline_outputs/subaction_14_P01_109_14/candidate_09_frame_001271_right,/Users/huhu/Documents/Code/bishe/vrb/vrbreproduction/outputs/100subaction-e9/experiments/E9/pipeline_outputs/subaction_14_P01_109_14/candidate_09_frame_001271_right/reference_frame.png,/Users/huhu/Documents/Code/bishe/vrb/vrbreproduction/outputs/100subaction-e9/experiments/E9/pipeline_outputs/subaction_14_P01_109_14/candidate_09_frame_001271_right/label_heatmap_merged_overlay.png,/Users/huhu/Documents/Code/bishe/vrb/vrbreproduction/outputs/100subaction-e9/experiments/E9/pipeline_outputs/subaction_14_P01_109_14/candidate_09_frame_001271_right/vrb_style_affordance.png,6.0,0.0,"[319.33, 129.14, 390.21, 256.0]",/Users/huhu/Documents/Code/bishe/vrb/vrbreproduction/outputs/100subaction-e9/experiments/E9/pipeline_outputs/subaction_14_P01_109_14/candidate_09_frame_001271_right/label_heatmap_merged.npy,/Users/huhu/Documents/Code/bishe/vrb/vrbreproduction/outputs/100subaction-e9/experiments/E9/pipeline_outputs/subaction_14_P01_109_14/candidate_09_frame_001271_right/label_heatmap_merged.png,/Users/huhu/Documents/Code/bishe/vrb/vrbreproduction/outputs/100subaction-e9/experiments/E9/pipeline_outputs/subaction_14_P01_109_14/candidate_09_frame_001271_right/mask_projection_overlay.png,"(256, 456)",isotropic_e7,True,True
E9,14,P01_109_14,put beer into drawer,put-into,beer,"['beer', 'drawer']",1230,1283,1229.0,1282.0,10.0,1272.0,right,new_contact_episode,71,12,167,"[320.0, 118.0, 373.0, 250.0]",3.586346495804048,grabcut_fallback,bbox_fallback,fallback_lk,failed,ModuleNotFoundError:No module named 'torch',panel_edge_or_handle,3289,0.7625782517968931,4140.0,0.44921875,True,4,0.0,contact_part_mask,26,0,contact_part_local_affine,True,0.8648333333333333,36,30,19,0.6333333333333333,1.9978569746017456,4,0.0,9216.0,success,361,0.4161993224435197,,1269.0,pre_contact_gap_tracked_reference,3.0,contact_part_local_affine,success,4,0.0,0.0,,,,,,,success,keep,,5.741897624095281,/Users/huhu/Documents/Code/bishe/vrb/vrbreproduction/outputs/100subaction-e9/experiments/E9/pipeline_outputs/subaction_14_P01_109_14/candidate_10_frame_001272_right,/Users/huhu/Documents/Code/bishe/vrb/vrbreproduction/outputs/100subaction-e9/experiments/E9/pipeline_outputs/subaction_14_P01_109_14/candidate_10_frame_001272_right,/Users/huhu/Documents/Code/bishe/vrb/vrbreproduction/outputs/100subaction-e9/experiments/E9/pipeline_outputs/subaction_14_P01_109_14/candidate_10_frame_001272_right/reference_frame.png,/Users/huhu/Documents/Code/bishe/vrb/vrbreproduction/outputs/100subaction-e9/experiments/E9/pipeline_outputs/subaction_14_P01_109_14/candidate_10_frame_001272_right/label_heatmap_merged_overlay.png,/Users/huhu/Documents/Code/bishe/vrb/vrbreproduction/outputs/100subaction-e9/experiments/E9/pipeline_outputs/subaction_14_P01_109_14/candidate_10_frame_001272_right/vrb_style_affordance.png,6.0,0.0,"[319.12, 128.49, 391.15, 256.0]",/Users/huhu/Documents/Code/bishe/vrb/vrbreproduction/outputs/100subaction-e9/experiments/E9/pipeline_outputs/subaction_14_P01_109_14/candidate_10_frame_001272_right/label_heatmap_merged.npy,/Users/huhu/Documents/Code/bishe/vrb/vrbreproduction/outputs/100subaction-e9/experiments/E9/pipeline_outputs/subaction_14_P01_109_14/candidate_10_frame_001272_right/label_heatmap_merged.png,/Users/huhu/Documents/Code/bishe/vrb/vrbreproduction/outputs/100subaction-e9/experiments/E9/pipeline_outputs/subaction_14_P01_109_14/candidate_10_frame_001272_right/mask_projection_overlay.png,"(256, 456)",isotropic_e7,True,False
E9,14,P01_109_14,put beer into drawer,put-into,beer,"['beer', 'drawer']",1230,1283,1229.0,1282.0,11.0,1273.0,right,new_contact_episode,71,12,189,"[318.0, 115.0, 372.0, 249.0]",3.607235912080072,grabcut_fallback,bbox_fallback,fallback_lk,failed,ModuleNotFoundError:No module named 'torch',panel_edge_or_handle,3266,0.7342625899280576,3626.0,0.39654418197725283,True,3,0.0,contact_part_mask,26,0,contact_part_local_affine,True,0.7801724137931034,36,29,19,0.6551724137931034,1.571305751800537,3,0.0,9144.0,success,361,0.4161993224435197,,1269.0,pre_contact_gap_tracked_reference,4.0,contact_part_local_affine,success,3,0.0,0.0,,,,,,,success,keep,,5.337015999859776,/Users/huhu/Documents/Code/bishe/vrb/vrbreproduction/outputs/100subaction-e9/experiments/E9/pipeline_outputs/subaction_14_P01_109_14/candidate_11_frame_001273_right,/Users/huhu/Documents/Code/bishe/vrb/vrbreproduction/outputs/100subaction-e9/experiments/E9/pipeline_outputs/subaction_14_P01_109_14/candidate_11_frame_001273_right,/Users/huhu/Documents/Code/bishe/vrb/vrbreproduction/outputs/100subaction-e9/experiments/E9/pipeline_outputs/subaction_14_P01_109_14/candidate_11_frame_001273_right/reference_frame.png,/Users/huhu/Documents/Code/bishe/vrb/vrbreproduction/outputs/100subaction-e9/experiments/E9/pipeline_outputs/subaction_14_P01_109_14/candidate_11_frame_001273_right/label_heatmap_merged_overlay.png,/Users/huhu/Documents/Code/bishe/vrb/vrbreproduction/outputs/100subaction-e9/experiments/E9/pipeline_outputs/subaction_14_P01_109_14/candidate_11_frame_001273_right/vrb_style_affordance.png,6.0,0.0,"[319.06, 128.52, 391.34, 256.0]",/Users/huhu/Documents/Code/bishe/vrb/vrbreproduction/outputs/100subaction-e9/experiments/E9/pipeline_outputs/subaction_14_P01_109_14/candidate_11_frame_001273_right/label_heatmap_merged.npy,/Users/huhu/Documents/Code/bishe/vrb/vrbreproduction/outputs/100subaction-e9/experiments/E9/pipeline_outputs/subaction_14_P01_109_14/candidate_11_frame_001273_right/label_heatmap_merged.png,/Users/huhu/Documents/Code/bishe/vrb/vrbreproduction/outputs/100subaction-e9/experiments/E9/pipeline_outputs/subaction_14_P01_109_14/candidate_11_frame_001273_right/mask_projection_overlay.png,"(256, 456)",isotropic_e7,True,False
E9,15,P01_109_15,put beer into drawer,put-into,beer,"['beer', 'drawer']",1298,1335,1297.0,1334.0,0.0,1297.0,right,continuation_entry_rescue,67,4,187,"[217.0, 18.0, 334.0, 151.0]",2.8736054192300604,grabcut_fallback,,,,,panel_edge_or_handle,3327,0.5586901763224181,,,,0,,,26,0,,True,,36,0,0,,,0,,,success,361,0.4161993224435197,,,,,,failed,0,,,,,,,,,not_run,discard,part_gate_failed,,/Users/huhu/Documents/Code/bishe/vrb/vrbreproduction/outputs/100subaction-e9/experiments/E9/pipeline_outputs/subaction_15_P01_109_15/candidate_00_frame_001297_right,,,,,6.0,0.0,,,,,,,,False
E9,15,P01_109_15,put beer into drawer,put-into,beer,"['beer', 'drawer']",1298,1335,1297.0,1334.0,1.0,1298.0,right,continuation_entry_rescue,67,4,220,"[217.0, 23.0, 330.0, 150.0]",2.909314922914667,grabcut_fallback,,,,,panel_edge_or_handle,3299,0.5608636518191091,,,,0,,,26,0,,True,,36,0,0,,,0,,,success,361,0.4161993224435197,,,,,,failed,0,,,,,,,,,not_run,discard,affine_unreliable,,/Users/huhu/Documents/Code/bishe/vrb/vrbreproduction/outputs/100subaction-e9/experiments/E9/pipeline_outputs/subaction_15_P01_109_15/candidate_01_frame_001298_right,,,,,6.0,0.0,,,,,,,,False
E9,15,P01_109_15,put beer into drawer,put-into,beer,"['beer', 'drawer']",1298,1335,1297.0,1334.0,2.0,1297.0,left,continuation_entry_rescue,67,4,94,"[217.0, 18.0, 334.0, 151.0]",3.0100165646462744,grabcut_fallback,bbox_fallback,fallback_lk,failed,ModuleNotFoundError:No module named 'torch',panel_edge_or_handle,3321,0.5576826196473552,4265.0,0.276427506643334,True,5,0.0,contact_part_mask,26,0,contact_part_local_affine,True,1.0,36,36,36,1.0,0.41546452045440674,5,0.0,15429.0,success,361,0.4161993224435197,,1296.0,earliest_reliable_tracked_reference_no_pre_gap,1.0,contact_part_local_affine,success,5,0.0,0.15577777777777777,,,,,,,success,keep,,6.2478693977197,/Users/huhu/Documents/Code/bishe/vrb/vrbreproduction/outputs/100subaction-e9/experiments/E9/pipeline_outputs/subaction_15_P01_109_15/candidate_02_frame_001297_left,/Users/huhu/Documents/Code/bishe/vrb/vrbreproduction/outputs/100subaction-e9/experiments/E9/pipeline_outputs/subaction_15_P01_109_15/candidate_02_frame_001297_left,/Users/huhu/Documents/Code/bishe/vrb/vrbreproduction/outputs/100subaction-e9/experiments/E9/pipeline_outputs/subaction_15_P01_109_15/candidate_02_frame_001297_left/reference_frame.png,/Users/huhu/Documents/Code/bishe/vrb/vrbreproduction/outputs/100subaction-e9/experiments/E9/pipeline_outputs/subaction_15_P01_109_15/candidate_02_frame_001297_left/label_heatmap_merged_overlay.png,/Users/huhu/Documents/Code/bishe/vrb/vrbreproduction/outputs/100subaction-e9/experiments/E9/pipeline_outputs/subaction_15_P01_109_15/candidate_02_frame_001297_left/vrb_style_affordance.png,6.0,0.0,"[221.23, 14.45, 331.68, 153.25]",/Users/huhu/Documents/Code/bishe/vrb/vrbreproduction/outputs/100subaction-e9/experiments/E9/pipeline_outputs/subaction_15_P01_109_15/candidate_02_frame_001297_left/label_heatmap_merged.npy,/Users/huhu/Documents/Code/bishe/vrb/vrbreproduction/outputs/100subaction-e9/experiments/E9/pipeline_outputs/subaction_15_P01_109_15/candidate_02_frame_001297_left/label_heatmap_merged.png,/Users/huhu/Documents/Code/bishe/vrb/vrbreproduction/outputs/100subaction-e9/experiments/E9/pipeline_outputs/subaction_15_P01_109_15/candidate_02_frame_001297_left/mask_projection_overlay.png,"(256, 456)",isotropic_e7,True,False
E9,15,P01_109_15,put beer into drawer,put-into,beer,"['beer', 'drawer']",1298,1335,1297.0,1334.0,3.0,1298.0,left,continuation_entry_rescue,67,4,76,"[217.0, 23.0, 330.0, 150.0]",2.9964680746506778,grabcut_fallback,bbox_fallback,fallback_lk,failed,ModuleNotFoundError:No module named 'torch',panel_edge_or_handle,3772,0.6412784767086025,4333.0,0.28298066875653083,True,5,0.0,contact_part_mask,26,0,contact_part_local_affine,True,1.0,36,36,36,1.0,0.46611982583999634,5,0.0,15312.0,success,361,0.4161993224435197,,1297.0,earliest_reliable_tracked_reference_no_pre_gap,1.0,contact_part_local_affine,success,5,0.0,0.15226666666666666,,,,,,,success,keep,,6.251616405224799,/Users/huhu/Documents/Code/bishe/vrb/vrbreproduction/outputs/100subaction-e9/experiments/E9/pipeline_outputs/subaction_15_P01_109_15/candidate_03_frame_001298_left,/Users/huhu/Documents/Code/bishe/vrb/vrbreproduction/outputs/100subaction-e9/experiments/E9/pipeline_outputs/subaction_15_P01_109_15/candidate_03_frame_001298_left,/Users/huhu/Documents/Code/bishe/vrb/vrbreproduction/outputs/100subaction-e9/experiments/E9/pipeline_outputs/subaction_15_P01_109_15/candidate_03_frame_001298_left/reference_frame.png,/Users/huhu/Documents/Code/bishe/vrb/vrbreproduction/outputs/100subaction-e9/experiments/E9/pipeline_outputs/subaction_15_P01_109_15/candidate_03_frame_001298_left/label_heatmap_merged_overlay.png,/Users/huhu/Documents/Code/bishe/vrb/vrbreproduction/outputs/100subaction-e9/experiments/E9/pipeline_outputs/subaction_15_P01_109_15/candidate_03_frame_001298_left/vrb_style_affordance.png,6.0,0.0,"[216.75, 19.42, 333.02, 151.02]",/Users/huhu/Documents/Code/bishe/vrb/vrbreproduction/outputs/100subaction-e9/experiments/E9/pipeline_outputs/subaction_15_P01_109_15/candidate_03_frame_001298_left/label_heatmap_merged.npy,/Users/huhu/Documents/Code/bishe/vrb/vrbreproduction/outputs/100subaction-e9/experiments/E9/pipeline_outputs/subaction_15_P01_109_15/candidate_03_frame_001298_left/label_heatmap_merged.png,/Users/huhu/Documents/Code/bishe/vrb/vrbreproduction/outputs/100subaction-e9/experiments/E9/pipeline_outputs/subaction_15_P01_109_15/candidate_03_frame_001298_left/mask_projection_overlay.png,"(256, 456)",isotropic_e7,False,True
E9,16,P01_109_16,close drawer,close,drawer,['drawer'],1345,1401,1344.0,1400.0,0.0,1345.0,left,new_contact_episode,60,12,101,"[187.0, 2.0, 332.0, 181.0]",3.1458892854115916,grabcut_fallback,bbox_fallback,fallback_lk,failed,ModuleNotFoundError:No module named 'torch',panel_edge_or_handle,5154,0.26089597570235384,5833.0,0.14202580959337716,True,5,0.0,contact_part_mask,26,0,contact_part_local_affine,True,0.9963888888888889,36,36,35,0.9722222222222222,0.5656654238700867,5,0.0,41070.0,success,361,0.4161993224435197,,1344.0,pre_contact_gap_tracked_reference,1.0,contact_part_local_affine,success,5,0.0,0.2884,,,,,,,success,keep,,6.027485592839453,/Users/huhu/Documents/Code/bishe/vrb/vrbreproduction/outputs/100subaction-e9/experiments/E9/pipeline_outputs/subaction_16_P01_109_16/candidate_00_frame_001345_left,/Users/huhu/Documents/Code/bishe/vrb/vrbreproduction/outputs/100subaction-e9/experiments/E9/pipeline_outputs/subaction_16_P01_109_16/candidate_00_frame_001345_left,/Users/huhu/Documents/Code/bishe/vrb/vrbreproduction/outputs/100subaction-e9/experiments/E9/pipeline_outputs/subaction_16_P01_109_16/candidate_00_frame_001345_left/reference_frame.png,/Users/huhu/Documents/Code/bishe/vrb/vrbreproduction/outputs/100subaction-e9/experiments/E9/pipeline_outputs/subaction_16_P01_109_16/candidate_00_frame_001345_left/label_heatmap_merged_overlay.png,/Users/huhu/Documents/Code/bishe/vrb/vrbreproduction/outputs/100subaction-e9/experiments/E9/pipeline_outputs/subaction_16_P01_109_16/candidate_00_frame_001345_left/vrb_style_affordance.png,6.0,0.0,"[93.9, 3.28, 315.65, 187.54]",/Users/huhu/Documents/Code/bishe/vrb/vrbreproduction/outputs/100subaction-e9/experiments/E9/pipeline_outputs/subaction_16_P01_109_16/candidate_00_frame_001345_left/label_heatmap_merged.npy,/Users/huhu/Documents/Code/bishe/vrb/vrbreproduction/outputs/100subaction-e9/experiments/E9/pipeline_outputs/subaction_16_P01_109_16/candidate_00_frame_001345_left/label_heatmap_merged.png,/Users/huhu/Documents/Code/bishe/vrb/vrbreproduction/outputs/100subaction-e9/experiments/E9/pipeline_outputs/subaction_16_P01_109_16/candidate_00_frame_001345_left/mask_projection_overlay.png,"(256, 456)",isotropic_e7,True,True
E9,16,P01_109_16,close drawer,close,drawer,['drawer'],1345,1401,1344.0,1400.0,1.0,1346.0,left,new_contact_episode,60,12,84,"[160.0, 2.0, 337.0, 201.0]",3.193468383971781,grabcut_fallback,bbox_fallback,fallback_lk,failed,ModuleNotFoundError:No module named 'torch',panel_edge_or_handle,4614,0.2151550477966892,6035.0,0.14343434343434344,True,5,0.0,contact_part_mask,26,0,contact_part_local_affine,True,1.0,36,36,36,1.0,1.0443159341812134,5,0.0,42075.0,success,361,0.4161993224435197,,1344.0,pre_contact_gap_tracked_reference,2.0,contact_part_local_affine,success,5,0.0,0.298,,,,,,,success,keep,,6.009670521974563,/Users/huhu/Documents/Code/bishe/vrb/vrbreproduction/outputs/100subaction-e9/experiments/E9/pipeline_outputs/subaction_16_P01_109_16/candidate_01_frame_001346_left,/Users/huhu/Documents/Code/bishe/vrb/vrbreproduction/outputs/100subaction-e9/experiments/E9/pipeline_outputs/subaction_16_P01_109_16/candidate_01_frame_001346_left,/Users/huhu/Documents/Code/bishe/vrb/vrbreproduction/outputs/100subaction-e9/experiments/E9/pipeline_outputs/subaction_16_P01_109_16/candidate_01_frame_001346_left/reference_frame.png,/Users/huhu/Documents/Code/bishe/vrb/vrbreproduction/outputs/100subaction-e9/experiments/E9/pipeline_outputs/subaction_16_P01_109_16/candidate_01_frame_001346_left/label_heatmap_merged_overlay.png,/Users/huhu/Documents/Code/bishe/vrb/vrbreproduction/outputs/100subaction-e9/experiments/E9/pipeline_outputs/subaction_16_P01_109_16/candidate_01_frame_001346_left/vrb_style_affordance.png,6.0,0.0,"[90.62, 3.28, 316.29, 189.95]",/Users/huhu/Documents/Code/bishe/vrb/vrbreproduction/outputs/100subaction-e9/experiments/E9/pipeline_outputs/subaction_16_P01_109_16/candidate_01_frame_001346_left/label_heatmap_merged.npy,/Users/huhu/Documents/Code/bishe/vrb/vrbreproduction/outputs/100subaction-e9/experiments/E9/pipeline_outputs/subaction_16_P01_109_16/candidate_01_frame_001346_left/label_heatmap_merged.png,/Users/huhu/Documents/Code/bishe/vrb/vrbreproduction/outputs/100subaction-e9/experiments/E9/pipeline_outputs/subaction_16_P01_109_16/candidate_01_frame_001346_left/mask_projection_overlay.png,"(256, 456)",isotropic_e7,True,False
E9,16,P01_109_16,close drawer,close,drawer,['drawer'],1345,1401,1344.0,1400.0,2.0,1347.0,left,new_contact_episode,60,12,106,"[177.0, 1.0, 339.0, 194.0]",3.2837420315952754,grabcut_fallback,bbox_fallback,fallback_lk,failed,ModuleNotFoundError:No module named 'torch',panel_edge_or_handle,4915,0.21513612886282063,6199.0,0.1473321449792038,True,5,0.0,contact_part_mask,26,0,contact_part_local_affine,True,0.9808823529411765,36,34,29,0.8529411764705882,1.6732085943222046,5,0.0,42075.0,success,361,0.4161993224435197,,1344.0,pre_contact_gap_tracked_reference,3.0,contact_part_local_affine,success,5,0.0,0.282,,,,,,,success,keep,,5.919097859817394,/Users/huhu/Documents/Code/bishe/vrb/vrbreproduction/outputs/100subaction-e9/experiments/E9/pipeline_outputs/subaction_16_P01_109_16/candidate_02_frame_001347_left,/Users/huhu/Documents/Code/bishe/vrb/vrbreproduction/outputs/100subaction-e9/experiments/E9/pipeline_outputs/subaction_16_P01_109_16/candidate_02_frame_001347_left,/Users/huhu/Documents/Code/bishe/vrb/vrbreproduction/outputs/100subaction-e9/experiments/E9/pipeline_outputs/subaction_16_P01_109_16/candidate_02_frame_001347_left/reference_frame.png,/Users/huhu/Documents/Code/bishe/vrb/vrbreproduction/outputs/100subaction-e9/experiments/E9/pipeline_outputs/subaction_16_P01_109_16/candidate_02_frame_001347_left/label_heatmap_merged_overlay.png,/Users/huhu/Documents/Code/bishe/vrb/vrbreproduction/outputs/100subaction-e9/experiments/E9/pipeline_outputs/subaction_16_P01_109_16/candidate_02_frame_001347_left/vrb_style_affordance.png,6.0,0.0,"[91.3, 3.23, 316.38, 189.71]",/Users/huhu/Documents/Code/bishe/vrb/vrbreproduction/outputs/100subaction-e9/experiments/E9/pipeline_outputs/subaction_16_P01_109_16/candidate_02_frame_001347_left/label_heatmap_merged.npy,/Users/huhu/Documents/Code/bishe/vrb/vrbreproduction/outputs/100subaction-e9/experiments/E9/pipeline_outputs/subaction_16_P01_109_16/candidate_02_frame_001347_left/label_heatmap_merged.png,/Users/huhu/Documents/Code/bishe/vrb/vrbreproduction/outputs/100subaction-e9/experiments/E9/pipeline_outputs/subaction_16_P01_109_16/candidate_02_frame_001347_left/mask_projection_overlay.png,"(256, 456)",isotropic_e7,True,True
E9,16,P01_109_16,close drawer,close,drawer,['drawer'],1345,1401,1344.0,1400.0,3.0,1345.0,right,new_contact_episode,60,12,0,"[187.0, 2.0, 332.0, 181.0]",1.0102072991901239,,,,,,,0,,,,,0,,,0,0,,True,,0,0,0,,,0,,,not_run,0,0.0,,,,,,not_run,0,,,,,,,,,not_run,discard,contact_points_lt5_after_object_boundary_filter,,/Users/huhu/Documents/Code/bishe/vrb/vrbreproduction/outputs/100subaction-e9/experiments/E9/pipeline_outputs/subaction_16_P01_109_16/candidate_03_frame_001345_right,,,,,,,,,,,,,,False
E9,16,P01_109_16,close drawer,close,drawer,['drawer'],1345,1401,1344.0,1400.0,4.0,1346.0,right,new_contact_episode,60,12,87,"[160.0, 2.0, 337.0, 201.0]",2.5409308131944166,grabcut_fallback,bbox_fallback,fallback_lk,failed,ModuleNotFoundError:No module named 'torch',panel_edge_or_handle,3183,0.1484262065749592,4192.0,0.09963161021984551,True,5,0.0,contact_part_mask,26,0,contact_part_local_affine,True,1.0,36,35,35,1.0,0.7891330718994141,5,0.0,42075.0,success,361,0.4161993224435197,,1344.0,pre_contact_gap_tracked_reference,2.0,contact_part_local_affine,success,5,0.0,0.298,,,,,,,success,keep,,6.017326007843017,/Users/huhu/Documents/Code/bishe/vrb/vrbreproduction/outputs/100subaction-e9/experiments/E9/pipeline_outputs/subaction_16_P01_109_16/candidate_04_frame_001346_right,/Users/huhu/Documents/Code/bishe/vrb/vrbreproduction/outputs/100subaction-e9/experiments/E9/pipeline_outputs/subaction_16_P01_109_16/candidate_04_frame_001346_right,/Users/huhu/Documents/Code/bishe/vrb/vrbreproduction/outputs/100subaction-e9/experiments/E9/pipeline_outputs/subaction_16_P01_109_16/candidate_04_frame_001346_right/reference_frame.png,/Users/huhu/Documents/Code/bishe/vrb/vrbreproduction/outputs/100subaction-e9/experiments/E9/pipeline_outputs/subaction_16_P01_109_16/candidate_04_frame_001346_right/label_heatmap_merged_overlay.png,/Users/huhu/Documents/Code/bishe/vrb/vrbreproduction/outputs/100subaction-e9/experiments/E9/pipeline_outputs/subaction_16_P01_109_16/candidate_04_frame_001346_right/vrb_style_affordance.png,6.0,0.0,"[90.62, 3.28, 316.29, 189.95]",/Users/huhu/Documents/Code/bishe/vrb/vrbreproduction/outputs/100subaction-e9/experiments/E9/pipeline_outputs/subaction_16_P01_109_16/candidate_04_frame_001346_right/label_heatmap_merged.npy,/Users/huhu/Documents/Code/bishe/vrb/vrbreproduction/outputs/100subaction-e9/experiments/E9/pipeline_outputs/subaction_16_P01_109_16/candidate_04_frame_001346_right/label_heatmap_merged.png,/Users/huhu/Documents/Code/bishe/vrb/vrbreproduction/outputs/100subaction-e9/experiments/E9/pipeline_outputs/subaction_16_P01_109_16/candidate_04_frame_001346_right/mask_projection_overlay.png,"(256, 456)",isotropic_e7,True,False
E9,16,P01_109_16,close drawer,close,drawer,['drawer'],1345,1401,1344.0,1400.0,5.0,1352.0,right,new_contact_episode,60,12,140,"[198.0, 1.0, 347.0, 191.0]",2.72603298673095,grabcut_fallback,bbox_fallback,fallback_lk,failed,ModuleNotFoundError:No module named 'torch',panel_edge_or_handle,4762,0.21442723342939482,5321.0,0.20544401544401544,True,5,0.0,contact_part_mask,26,0,contact_part_local_affine,True,1.0,36,36,36,1.0,0.1534096747636795,5,0.0,25900.0,success,361,0.4161993224435197,,1351.0,earliest_reliable_tracked_reference_no_pre_gap,1.0,contact_part_local_affine,success,5,0.0,0.3109777777777778,,,,,,,success,keep,,6.022931043090422,/Users/huhu/Documents/Code/bishe/vrb/vrbreproduction/outputs/100subaction-e9/experiments/E9/pipeline_outputs/subaction_16_P01_109_16/candidate_05_frame_001352_right,/Users/huhu/Documents/Code/bishe/vrb/vrbreproduction/outputs/100subaction-e9/experiments/E9/pipeline_outputs/subaction_16_P01_109_16/candidate_05_frame_001352_right,/Users/huhu/Documents/Code/bishe/vrb/vrbreproduction/outputs/100subaction-e9/experiments/E9/pipeline_outputs/subaction_16_P01_109_16/candidate_05_frame_001352_right/reference_frame.png,/Users/huhu/Documents/Code/bishe/vrb/vrbreproduction/outputs/100subaction-e9/experiments/E9/pipeline_outputs/subaction_16_P01_109_16/candidate_05_frame_001352_right/label_heatmap_merged_overlay.png,/Users/huhu/Documents/Code/bishe/vrb/vrbreproduction/outputs/100subaction-e9/experiments/E9/pipeline_outputs/subaction_16_P01_109_16/candidate_05_frame_001352_right/vrb_style_affordance.png,6.0,0.0,"[199.05, 2.61, 339.08, 187.53]",/Users/huhu/Documents/Code/bishe/vrb/vrbreproduction/outputs/100subaction-e9/experiments/E9/pipeline_outputs/subaction_16_P01_109_16/candidate_05_frame_001352_right/label_heatmap_merged.npy,/Users/huhu/Documents/Code/bishe/vrb/vrbreproduction/outputs/100subaction-e9/experiments/E9/pipeline_outputs/subaction_16_P01_109_16/candidate_05_frame_001352_right/label_heatmap_merged.png,/Users/huhu/Documents/Code/bishe/vrb/vrbreproduction/outputs/100subaction-e9/experiments/E9/pipeline_outputs/subaction_16_P01_109_16/candidate_05_frame_001352_right/mask_projection_overlay.png,"(256, 456)",isotropic_e7,True,False
E9,16,P01_109_16,close drawer,close,drawer,['drawer'],1345,1401,1344.0,1400.0,6.0,1353.0,right,new_contact_episode,60,12,167,"[198.0, 1.0, 345.0, 186.0]",2.73325915195991,grabcut_fallback,bbox_fallback,fallback_lk,failed,ModuleNotFoundError:No module named 'torch',panel_edge_or_handle,4568,0.21104181104181105,5027.0,0.17971542971542973,True,5,0.0,contact_part_mask,26,0,contact_part_local_affine,True,1.0,36,36,36,1.0,0.28891611099243164,5,0.0,27972.0,success,361,0.4161993224435197,,1352.0,earliest_reliable_tracked_reference_no_pre_gap,1.0,contact_part_local_affine,success,5,0.0,0.292,,,,,,,success,keep,,6.0473325166702265,/Users/huhu/Documents/Code/bishe/vrb/vrbreproduction/outputs/100subaction-e9/experiments/E9/pipeline_outputs/subaction_16_P01_109_16/candidate_06_frame_001353_right,/Users/huhu/Documents/Code/bishe/vrb/vrbreproduction/outputs/100subaction-e9/experiments/E9/pipeline_outputs/subaction_16_P01_109_16/candidate_06_frame_001353_right,/Users/huhu/Documents/Code/bishe/vrb/vrbreproduction/outputs/100subaction-e9/experiments/E9/pipeline_outputs/subaction_16_P01_109_16/candidate_06_frame_001353_right/reference_frame.png,/Users/huhu/Documents/Code/bishe/vrb/vrbreproduction/outputs/100subaction-e9/experiments/E9/pipeline_outputs/subaction_16_P01_109_16/candidate_06_frame_001353_right/label_heatmap_merged_overlay.png,/Users/huhu/Documents/Code/bishe/vrb/vrbreproduction/outputs/100subaction-e9/experiments/E9/pipeline_outputs/subaction_16_P01_109_16/candidate_06_frame_001353_right/vrb_style_affordance.png,6.0,0.0,"[197.72, 1.41, 346.06, 189.71]",/Users/huhu/Documents/Code/bishe/vrb/vrbreproduction/outputs/100subaction-e9/experiments/E9/pipeline_outputs/subaction_16_P01_109_16/candidate_06_frame_001353_right/label_heatmap_merged.npy,/Users/huhu/Documents/Code/bishe/vrb/vrbreproduction/outputs/100subaction-e9/experiments/E9/pipeline_outputs/subaction_16_P01_109_16/candidate_06_frame_001353_right/label_heatmap_merged.png,/Users/huhu/Documents/Code/bishe/vrb/vrbreproduction/outputs/100subaction-e9/experiments/E9/pipeline_outputs/subaction_16_P01_109_16/candidate_06_frame_001353_right/mask_projection_overlay.png,"(256, 456)",isotropic_e7,True,True
E9,16,P01_109_16,close drawer,close,drawer,['drawer'],1345,1401,1344.0,1400.0,7.0,1354.0,right,new_contact_episode,60,12,148,"[199.0, 5.0, 347.0, 178.0]",2.6605858046886253,grabcut_fallback,bbox_fallback,fallback_lk,failed,ModuleNotFoundError:No module named 'torch',panel_edge_or_handle,5750,0.27417509059698647,4941.0,0.18570301048596233,True,5,0.0,contact_part_mask,26,0,contact_part_local_affine,True,1.0,36,36,36,1.0,0.3913530111312866,5,0.0,26607.0,success,361,0.4161993224435197,,1353.0,earliest_reliable_tracked_reference_no_pre_gap,1.0,contact_part_local_affine,success,5,0.0,0.3091555555555556,,,,,,,success,keep,,6.018526076332726,/Users/huhu/Documents/Code/bishe/vrb/vrbreproduction/outputs/100subaction-e9/experiments/E9/pipeline_outputs/subaction_16_P01_109_16/candidate_07_frame_001354_right,/Users/huhu/Documents/Code/bishe/vrb/vrbreproduction/outputs/100subaction-e9/experiments/E9/pipeline_outputs/subaction_16_P01_109_16/candidate_07_frame_001354_right,/Users/huhu/Documents/Code/bishe/vrb/vrbreproduction/outputs/100subaction-e9/experiments/E9/pipeline_outputs/subaction_16_P01_109_16/candidate_07_frame_001354_right/reference_frame.png,/Users/huhu/Documents/Code/bishe/vrb/vrbreproduction/outputs/100subaction-e9/experiments/E9/pipeline_outputs/subaction_16_P01_109_16/candidate_07_frame_001354_right/label_heatmap_merged_overlay.png,/Users/huhu/Documents/Code/bishe/vrb/vrbreproduction/outputs/100subaction-e9/experiments/E9/pipeline_outputs/subaction_16_P01_109_16/candidate_07_frame_001354_right/vrb_style_affordance.png,6.0,0.0,"[197.95, 2.9, 345.29, 183.67]",/Users/huhu/Documents/Code/bishe/vrb/vrbreproduction/outputs/100subaction-e9/experiments/E9/pipeline_outputs/subaction_16_P01_109_16/candidate_07_frame_001354_right/label_heatmap_merged.npy,/Users/huhu/Documents/Code/bishe/vrb/vrbreproduction/outputs/100subaction-e9/experiments/E9/pipeline_outputs/subaction_16_P01_109_16/candidate_07_frame_001354_right/label_heatmap_merged.png,/Users/huhu/Documents/Code/bishe/vrb/vrbreproduction/outputs/100subaction-e9/experiments/E9/pipeline_outputs/subaction_16_P01_109_16/candidate_07_frame_001354_right/mask_projection_overlay.png,"(256, 456)",isotropic_e7,True,False
E9,16,P01_109_16,close drawer,close,drawer,['drawer'],1345,1401,1344.0,1400.0,8.0,1354.0,left,new_contact_episode,60,12,105,"[199.0, 5.0, 347.0, 178.0]",3.2749391893270867,grabcut_fallback,bbox_fallback,fallback_lk,failed,ModuleNotFoundError:No module named 'torch',panel_edge_or_handle,6459,0.30798207133320615,5273.0,0.19818092983049573,True,5,0.0,contact_part_mask,26,0,contact_part_local_affine,True,0.9963888888888889,36,36,35,0.9722222222222222,0.4055478274822235,5,0.0,26607.0,success,361,0.4161993224435197,,1353.0,earliest_reliable_tracked_reference_no_pre_gap,1.0,contact_part_local_affine,success,5,0.0,0.31662222222222225,,,,,,,success,keep,,5.989955787397755,/Users/huhu/Documents/Code/bishe/vrb/vrbreproduction/outputs/100subaction-e9/experiments/E9/pipeline_outputs/subaction_16_P01_109_16/candidate_08_frame_001354_left,/Users/huhu/Documents/Code/bishe/vrb/vrbreproduction/outputs/100subaction-e9/experiments/E9/pipeline_outputs/subaction_16_P01_109_16/candidate_08_frame_001354_left,/Users/huhu/Documents/Code/bishe/vrb/vrbreproduction/outputs/100subaction-e9/experiments/E9/pipeline_outputs/subaction_16_P01_109_16/candidate_08_frame_001354_left/reference_frame.png,/Users/huhu/Documents/Code/bishe/vrb/vrbreproduction/outputs/100subaction-e9/experiments/E9/pipeline_outputs/subaction_16_P01_109_16/candidate_08_frame_001354_left/label_heatmap_merged_overlay.png,/Users/huhu/Documents/Code/bishe/vrb/vrbreproduction/outputs/100subaction-e9/experiments/E9/pipeline_outputs/subaction_16_P01_109_16/candidate_08_frame_001354_left/vrb_style_affordance.png,6.0,0.0,"[197.95, 2.9, 345.29, 183.67]",/Users/huhu/Documents/Code/bishe/vrb/vrbreproduction/outputs/100subaction-e9/experiments/E9/pipeline_outputs/subaction_16_P01_109_16/candidate_08_frame_001354_left/label_heatmap_merged.npy,/Users/huhu/Documents/Code/bishe/vrb/vrbreproduction/outputs/100subaction-e9/experiments/E9/pipeline_outputs/subaction_16_P01_109_16/candidate_08_frame_001354_left/label_heatmap_merged.png,/Users/huhu/Documents/Code/bishe/vrb/vrbreproduction/outputs/100subaction-e9/experiments/E9/pipeline_outputs/subaction_16_P01_109_16/candidate_08_frame_001354_left/mask_projection_overlay.png,"(256, 456)",isotropic_e7,True,False
E9,16,P01_109_16,close drawer,close,drawer,['drawer'],1345,1401,1344.0,1400.0,9.0,1357.0,left,new_contact_episode,60,12,39,"[184.0, 4.0, 344.0, 226.0]",3.326764765789858,grabcut_fallback,bbox_fallback,fallback_lk,failed,ModuleNotFoundError:No module named 'torch',panel_edge_or_handle,7496,0.2591798630800083,5194.0,0.20249512670565303,True,5,0.0,contact_part_mask,26,0,contact_part_local_affine,True,0.9777142857142858,36,35,29,0.8285714285714286,1.280198574066162,5,0.0,25650.0,success,361,0.4161993224435197,,1356.0,pre_contact_gap_tracked_reference,1.0,contact_part_local_affine,success,5,0.0,0.3004888888888889,,,,,,,success,keep,,5.9002892808732526,/Users/huhu/Documents/Code/bishe/vrb/vrbreproduction/outputs/100subaction-e9/experiments/E9/pipeline_outputs/subaction_16_P01_109_16/candidate_09_frame_001357_left,/Users/huhu/Documents/Code/bishe/vrb/vrbreproduction/outputs/100subaction-e9/experiments/E9/pipeline_outputs/subaction_16_P01_109_16/candidate_09_frame_001357_left,/Users/huhu/Documents/Code/bishe/vrb/vrbreproduction/outputs/100subaction-e9/experiments/E9/pipeline_outputs/subaction_16_P01_109_16/candidate_09_frame_001357_left/reference_frame.png,/Users/huhu/Documents/Code/bishe/vrb/vrbreproduction/outputs/100subaction-e9/experiments/E9/pipeline_outputs/subaction_16_P01_109_16/candidate_09_frame_001357_left/label_heatmap_merged_overlay.png,/Users/huhu/Documents/Code/bishe/vrb/vrbreproduction/outputs/100subaction-e9/experiments/E9/pipeline_outputs/subaction_16_P01_109_16/candidate_09_frame_001357_left/vrb_style_affordance.png,6.0,0.0,"[199.78, 3.8, 335.08, 193.81]",/Users/huhu/Documents/Code/bishe/vrb/vrbreproduction/outputs/100subaction-e9/experiments/E9/pipeline_outputs/subaction_16_P01_109_16/candidate_09_frame_001357_left/label_heatmap_merged.npy,/Users/huhu/Documents/Code/bishe/vrb/vrbreproduction/outputs/100subaction-e9/experiments/E9/pipeline_outputs/subaction_16_P01_109_16/candidate_09_frame_001357_left/label_heatmap_merged.png,/Users/huhu/Documents/Code/bishe/vrb/vrbreproduction/outputs/100subaction-e9/experiments/E9/pipeline_outputs/subaction_16_P01_109_16/candidate_09_frame_001357_left/mask_projection_overlay.png,"(256, 456)",isotropic_e7,True,False
E9,16,P01_109_16,close drawer,close,drawer,['drawer'],1345,1401,1344.0,1400.0,10.0,1357.0,right,new_contact_episode,60,12,156,"[184.0, 4.0, 344.0, 226.0]",2.827387883153919,grabcut_fallback,bbox_fallback,fallback_lk,failed,ModuleNotFoundError:No module named 'torch',panel_edge_or_handle,8451,0.292199709563654,6989.0,0.2724756335282651,True,5,0.0,contact_part_mask,26,0,contact_part_local_affine,True,0.9763636363636364,36,33,27,0.8181818181818182,1.586181640625,5,0.0,25650.0,success,361,0.4161993224435197,,1356.0,pre_contact_gap_tracked_reference,1.0,contact_part_local_affine,success,5,0.0,0.30866666666666664,,,,,,,success,keep,,5.872505459872158,/Users/huhu/Documents/Code/bishe/vrb/vrbreproduction/outputs/100subaction-e9/experiments/E9/pipeline_outputs/subaction_16_P01_109_16/candidate_10_frame_001357_right,/Users/huhu/Documents/Code/bishe/vrb/vrbreproduction/outputs/100subaction-e9/experiments/E9/pipeline_outputs/subaction_16_P01_109_16/candidate_10_frame_001357_right,/Users/huhu/Documents/Code/bishe/vrb/vrbreproduction/outputs/100subaction-e9/experiments/E9/pipeline_outputs/subaction_16_P01_109_16/candidate_10_frame_001357_right/reference_frame.png,/Users/huhu/Documents/Code/bishe/vrb/vrbreproduction/outputs/100subaction-e9/experiments/E9/pipeline_outputs/subaction_16_P01_109_16/candidate_10_frame_001357_right/label_heatmap_merged_overlay.png,/Users/huhu/Documents/Code/bishe/vrb/vrbreproduction/outputs/100subaction-e9/experiments/E9/pipeline_outputs/subaction_16_P01_109_16/candidate_10_frame_001357_right/vrb_style_affordance.png,6.0,0.0,"[199.78, 3.8, 335.08, 193.81]",/Users/huhu/Documents/Code/bishe/vrb/vrbreproduction/outputs/100subaction-e9/experiments/E9/pipeline_outputs/subaction_16_P01_109_16/candidate_10_frame_001357_right/label_heatmap_merged.npy,/Users/huhu/Documents/Code/bishe/vrb/vrbreproduction/outputs/100subaction-e9/experiments/E9/pipeline_outputs/subaction_16_P01_109_16/candidate_10_frame_001357_right/label_heatmap_merged.png,/Users/huhu/Documents/Code/bishe/vrb/vrbreproduction/outputs/100subaction-e9/experiments/E9/pipeline_outputs/subaction_16_P01_109_16/candidate_10_frame_001357_right/mask_projection_overlay.png,"(256, 456)",isotropic_e7,True,False
E9,16,P01_109_16,close drawer,close,drawer,['drawer'],1345,1401,1344.0,1400.0,11.0,1358.0,right,new_contact_episode,60,12,140,"[217.0, 7.0, 339.0, 168.0]",2.7786163758841416,grabcut_fallback,bbox_fallback,fallback_lk,failed,ModuleNotFoundError:No module named 'torch',panel_edge_or_handle,4960,0.53396490472602,6414.0,0.26552409339294586,True,5,0.0,contact_part_mask,26,0,contact_part_local_affine,True,0.962857142857143,36,35,25,0.7142857142857143,0.8546573519706726,5,0.0,24156.0,success,361,0.4161993224435197,,1356.0,pre_contact_gap_tracked_reference,2.0,contact_part_local_affine,success,5,0.0,0.3107111111111111,,,,,,,success,keep,,5.8220078984885,/Users/huhu/Documents/Code/bishe/vrb/vrbreproduction/outputs/100subaction-e9/experiments/E9/pipeline_outputs/subaction_16_P01_109_16/candidate_11_frame_001358_right,/Users/huhu/Documents/Code/bishe/vrb/vrbreproduction/outputs/100subaction-e9/experiments/E9/pipeline_outputs/subaction_16_P01_109_16/candidate_11_frame_001358_right,/Users/huhu/Documents/Code/bishe/vrb/vrbreproduction/outputs/100subaction-e9/experiments/E9/pipeline_outputs/subaction_16_P01_109_16/candidate_11_frame_001358_right/reference_frame.png,/Users/huhu/Documents/Code/bishe/vrb/vrbreproduction/outputs/100subaction-e9/experiments/E9/pipeline_outputs/subaction_16_P01_109_16/candidate_11_frame_001358_right/label_heatmap_merged_overlay.png,/Users/huhu/Documents/Code/bishe/vrb/vrbreproduction/outputs/100subaction-e9/experiments/E9/pipeline_outputs/subaction_16_P01_109_16/candidate_11_frame_001358_right/vrb_style_affordance.png,6.0,0.0,"[203.19, 3.97, 334.53, 187.24]",/Users/huhu/Documents/Code/bishe/vrb/vrbreproduction/outputs/100subaction-e9/experiments/E9/pipeline_outputs/subaction_16_P01_109_16/candidate_11_frame_001358_right/label_heatmap_merged.npy,/Users/huhu/Documents/Code/bishe/vrb/vrbreproduction/outputs/100subaction-e9/experiments/E9/pipeline_outputs/subaction_16_P01_109_16/candidate_11_frame_001358_right/label_heatmap_merged.png,/Users/huhu/Documents/Code/bishe/vrb/vrbreproduction/outputs/100subaction-e9/experiments/E9/pipeline_outputs/subaction_16_P01_109_16/candidate_11_frame_001358_right/mask_projection_overlay.png,"(256, 456)",isotropic_e7,True,False
E9,17,P01_109_17,close freezer,close,freezer,['freezer'],1419,1464,1418.0,1463.0,0.0,1422.0,left,new_contact_episode,35,3,121,"[21.0, 5.0, 190.0, 246.0]",2.4206498167674386,grabcut_fallback,bbox_fallback,fallback_lk,failed,ModuleNotFoundError:No module named 'torch',panel_edge_or_handle,3457,0.1316902213249019,3727.0,0.08520804755372656,True,5,0.0,contact_part_mask,26,0,contact_part_local_affine,True,0.9921212121212122,36,33,31,0.9393939393939394,0.808269739151001,5,0.0,43740.0,success,361,0.44213657927888206,,1421.0,pre_contact_gap_tracked_reference,1.0,contact_part_local_affine,success,5,0.0,0.11,,,,,,,success,keep,,6.267782210855772,/Users/huhu/Documents/Code/bishe/vrb/vrbreproduction/outputs/100subaction-e9/experiments/E9/pipeline_outputs/subaction_17_P01_109_17/candidate_00_frame_001422_left,/Users/huhu/Documents/Code/bishe/vrb/vrbreproduction/outputs/100subaction-e9/experiments/E9/pipeline_outputs/subaction_17_P01_109_17/candidate_00_frame_001422_left,/Users/huhu/Documents/Code/bishe/vrb/vrbreproduction/outputs/100subaction-e9/experiments/E9/pipeline_outputs/subaction_17_P01_109_17/candidate_00_frame_001422_left/reference_frame.png,/Users/huhu/Documents/Code/bishe/vrb/vrbreproduction/outputs/100subaction-e9/experiments/E9/pipeline_outputs/subaction_17_P01_109_17/candidate_00_frame_001422_left/label_heatmap_merged_overlay.png,/Users/huhu/Documents/Code/bishe/vrb/vrbreproduction/outputs/100subaction-e9/experiments/E9/pipeline_outputs/subaction_17_P01_109_17/candidate_00_frame_001422_left/vrb_style_affordance.png,6.0,0.0,"[10.69, 1.66, 191.09, 245.47]",/Users/huhu/Documents/Code/bishe/vrb/vrbreproduction/outputs/100subaction-e9/experiments/E9/pipeline_outputs/subaction_17_P01_109_17/candidate_00_frame_001422_left/label_heatmap_merged.npy,/Users/huhu/Documents/Code/bishe/vrb/vrbreproduction/outputs/100subaction-e9/experiments/E9/pipeline_outputs/subaction_17_P01_109_17/candidate_00_frame_001422_left/label_heatmap_merged.png,/Users/huhu/Documents/Code/bishe/vrb/vrbreproduction/outputs/100subaction-e9/experiments/E9/pipeline_outputs/subaction_17_P01_109_17/candidate_00_frame_001422_left/mask_projection_overlay.png,"(256, 456)",isotropic_e7,True,True
E9,17,P01_109_17,close freezer,close,freezer,['freezer'],1419,1464,1418.0,1463.0,1.0,1423.0,left,new_contact_episode,35,3,103,"[41.0, 0.0, 192.0, 242.0]",2.437564110380693,grabcut_fallback,bbox_fallback,fallback_lk,failed,ModuleNotFoundError:No module named 'torch',panel_edge_or_handle,3189,0.1857742048234883,4119.0,0.09430808682113746,True,5,0.0,contact_part_mask,26,0,contact_part_local_affine,True,0.9842424242424243,36,33,29,0.8787878787878788,1.684489130973816,5,0.0,43676.0,success,361,0.44213657927888206,,1421.0,pre_contact_gap_tracked_reference,2.0,contact_part_local_affine,success,5,0.0,0.11,,,,,,,success,keep,,6.198525932131392,/Users/huhu/Documents/Code/bishe/vrb/vrbreproduction/outputs/100subaction-e9/experiments/E9/pipeline_outputs/subaction_17_P01_109_17/candidate_01_frame_001423_left,/Users/huhu/Documents/Code/bishe/vrb/vrbreproduction/outputs/100subaction-e9/experiments/E9/pipeline_outputs/subaction_17_P01_109_17/candidate_01_frame_001423_left,/Users/huhu/Documents/Code/bishe/vrb/vrbreproduction/outputs/100subaction-e9/experiments/E9/pipeline_outputs/subaction_17_P01_109_17/candidate_01_frame_001423_left/reference_frame.png,/Users/huhu/Documents/Code/bishe/vrb/vrbreproduction/outputs/100subaction-e9/experiments/E9/pipeline_outputs/subaction_17_P01_109_17/candidate_01_frame_001423_left/label_heatmap_merged_overlay.png,/Users/huhu/Documents/Code/bishe/vrb/vrbreproduction/outputs/100subaction-e9/experiments/E9/pipeline_outputs/subaction_17_P01_109_17/candidate_01_frame_001423_left/vrb_style_affordance.png,6.0,0.0,"[12.73, 1.3, 191.52, 245.03]",/Users/huhu/Documents/Code/bishe/vrb/vrbreproduction/outputs/100subaction-e9/experiments/E9/pipeline_outputs/subaction_17_P01_109_17/candidate_01_frame_001423_left/label_heatmap_merged.npy,/Users/huhu/Documents/Code/bishe/vrb/vrbreproduction/outputs/100subaction-e9/experiments/E9/pipeline_outputs/subaction_17_P01_109_17/candidate_01_frame_001423_left/label_heatmap_merged.png,/Users/huhu/Documents/Code/bishe/vrb/vrbreproduction/outputs/100subaction-e9/experiments/E9/pipeline_outputs/subaction_17_P01_109_17/candidate_01_frame_001423_left/mask_projection_overlay.png,"(256, 456)",isotropic_e7,True,False
E9,17,P01_109_17,close freezer,close,freezer,['freezer'],1419,1464,1418.0,1463.0,2.0,1424.0,left,new_contact_episode,35,3,105,"[52.0, 0.0, 201.0, 248.0]",2.4563876001750375,grabcut_fallback,bbox_fallback,fallback_lk,failed,ModuleNotFoundError:No module named 'torch',panel_edge_or_handle,4456,0.18804861580013504,4421.0,0.10122263943584578,True,5,0.0,contact_part_mask,26,0,contact_part_local_affine,True,0.9620833333333334,36,24,17,0.7083333333333334,2.208895683288574,5,0.0,43676.0,success,361,0.44213657927888206,,1421.0,pre_contact_gap_tracked_reference,3.0,contact_part_local_affine,success,5,0.0,0.11,,,,,,,success,keep,,6.072816462834677,/Users/huhu/Documents/Code/bishe/vrb/vrbreproduction/outputs/100subaction-e9/experiments/E9/pipeline_outputs/subaction_17_P01_109_17/candidate_02_frame_001424_left,/Users/huhu/Documents/Code/bishe/vrb/vrbreproduction/outputs/100subaction-e9/experiments/E9/pipeline_outputs/subaction_17_P01_109_17/candidate_02_frame_001424_left,/Users/huhu/Documents/Code/bishe/vrb/vrbreproduction/outputs/100subaction-e9/experiments/E9/pipeline_outputs/subaction_17_P01_109_17/candidate_02_frame_001424_left/reference_frame.png,/Users/huhu/Documents/Code/bishe/vrb/vrbreproduction/outputs/100subaction-e9/experiments/E9/pipeline_outputs/subaction_17_P01_109_17/candidate_02_frame_001424_left/label_heatmap_merged_overlay.png,/Users/huhu/Documents/Code/bishe/vrb/vrbreproduction/outputs/100subaction-e9/experiments/E9/pipeline_outputs/subaction_17_P01_109_17/candidate_02_frame_001424_left/vrb_style_affordance.png,6.0,0.0,"[13.05, 1.3, 192.01, 245.33]",/Users/huhu/Documents/Code/bishe/vrb/vrbreproduction/outputs/100subaction-e9/experiments/E9/pipeline_outputs/subaction_17_P01_109_17/candidate_02_frame_001424_left/label_heatmap_merged.npy,/Users/huhu/Documents/Code/bishe/vrb/vrbreproduction/outputs/100subaction-e9/experiments/E9/pipeline_outputs/subaction_17_P01_109_17/candidate_02_frame_001424_left/label_heatmap_merged.png,/Users/huhu/Documents/Code/bishe/vrb/vrbreproduction/outputs/100subaction-e9/experiments/E9/pipeline_outputs/subaction_17_P01_109_17/candidate_02_frame_001424_left/mask_projection_overlay.png,"(256, 456)",isotropic_e7,True,True
E9,18,P01_109_18,pick up rucksack,pick-up,rucksack,['rucksack'],1485,1527,1484.0,1526.0,0.0,1496.0,right,new_contact_episode,36,8,252,"[189.0, 9.0, 336.0, 194.0]",2.8546750803237386,grabcut_fallback,bbox_fallback,fallback_lk,failed,ModuleNotFoundError:No module named 'torch',contact_local_boundary,11310,0.47942011784154975,12333.0,0.44562075444428384,True,5,0.0,contact_part_mask,26,0,contact_part_local_affine,False,1.0,36,35,35,1.0,0.8803531527519226,5,0.0,27676.0,success,361,0.44213657927888206,,1495.0,pre_contact_gap_tracked_reference,1.0,contact_part_local_affine,success,5,0.0,0.10311111111111111,,,,,,,success,keep,,6.312922738750775,/Users/huhu/Documents/Code/bishe/vrb/vrbreproduction/outputs/100subaction-e9/experiments/E9/pipeline_outputs/subaction_18_P01_109_18/candidate_00_frame_001496_right,/Users/huhu/Documents/Code/bishe/vrb/vrbreproduction/outputs/100subaction-e9/experiments/E9/pipeline_outputs/subaction_18_P01_109_18/candidate_00_frame_001496_right,/Users/huhu/Documents/Code/bishe/vrb/vrbreproduction/outputs/100subaction-e9/experiments/E9/pipeline_outputs/subaction_18_P01_109_18/candidate_00_frame_001496_right/reference_frame.png,/Users/huhu/Documents/Code/bishe/vrb/vrbreproduction/outputs/100subaction-e9/experiments/E9/pipeline_outputs/subaction_18_P01_109_18/candidate_00_frame_001496_right/label_heatmap_merged_overlay.png,/Users/huhu/Documents/Code/bishe/vrb/vrbreproduction/outputs/100subaction-e9/experiments/E9/pipeline_outputs/subaction_18_P01_109_18/candidate_00_frame_001496_right/vrb_style_affordance.png,6.0,0.0,"[188.67, 10.56, 336.54, 198.24]",/Users/huhu/Documents/Code/bishe/vrb/vrbreproduction/outputs/100subaction-e9/experiments/E9/pipeline_outputs/subaction_18_P01_109_18/candidate_00_frame_001496_right/label_heatmap_merged.npy,/Users/huhu/Documents/Code/bishe/vrb/vrbreproduction/outputs/100subaction-e9/experiments/E9/pipeline_outputs/subaction_18_P01_109_18/candidate_00_frame_001496_right/label_heatmap_merged.png,/Users/huhu/Documents/Code/bishe/vrb/vrbreproduction/outputs/100subaction-e9/experiments/E9/pipeline_outputs/subaction_18_P01_109_18/candidate_00_frame_001496_right/mask_projection_overlay.png,"(256, 456)",isotropic_e7,True,True
E9,18,P01_109_18,pick up rucksack,pick-up,rucksack,['rucksack'],1485,1527,1484.0,1526.0,1.0,1497.0,right,new_contact_episode,36,8,286,"[191.0, 5.0, 345.0, 207.0]",2.929691175619567,grabcut_fallback,bbox_fallback,fallback_lk,failed,ModuleNotFoundError:No module named 'torch',contact_local_boundary,12196,0.48634206643537903,13570.0,0.4365309142379206,True,5,0.0,contact_part_mask,26,0,contact_part_local_affine,False,0.9645454545454546,36,33,24,0.7272727272727273,0.8735967874526978,5,0.0,31086.0,success,361,0.44213657927888206,,1494.0,pre_contact_gap_tracked_reference,3.0,contact_part_local_affine,success,5,0.0,0.10893333333333333,,,,,,,success,keep,,6.126028460012783,/Users/huhu/Documents/Code/bishe/vrb/vrbreproduction/outputs/100subaction-e9/experiments/E9/pipeline_outputs/subaction_18_P01_109_18/candidate_01_frame_001497_right,/Users/huhu/Documents/Code/bishe/vrb/vrbreproduction/outputs/100subaction-e9/experiments/E9/pipeline_outputs/subaction_18_P01_109_18/candidate_01_frame_001497_right,/Users/huhu/Documents/Code/bishe/vrb/vrbreproduction/outputs/100subaction-e9/experiments/E9/pipeline_outputs/subaction_18_P01_109_18/candidate_01_frame_001497_right/reference_frame.png,/Users/huhu/Documents/Code/bishe/vrb/vrbreproduction/outputs/100subaction-e9/experiments/E9/pipeline_outputs/subaction_18_P01_109_18/candidate_01_frame_001497_right/label_heatmap_merged_overlay.png,/Users/huhu/Documents/Code/bishe/vrb/vrbreproduction/outputs/100subaction-e9/experiments/E9/pipeline_outputs/subaction_18_P01_109_18/candidate_01_frame_001497_right/vrb_style_affordance.png,6.0,0.0,"[185.36, 11.47, 342.44, 209.41]",/Users/huhu/Documents/Code/bishe/vrb/vrbreproduction/outputs/100subaction-e9/experiments/E9/pipeline_outputs/subaction_18_P01_109_18/candidate_01_frame_001497_right/label_heatmap_merged.npy,/Users/huhu/Documents/Code/bishe/vrb/vrbreproduction/outputs/100subaction-e9/experiments/E9/pipeline_outputs/subaction_18_P01_109_18/candidate_01_frame_001497_right/label_heatmap_merged.png,/Users/huhu/Documents/Code/bishe/vrb/vrbreproduction/outputs/100subaction-e9/experiments/E9/pipeline_outputs/subaction_18_P01_109_18/candidate_01_frame_001497_right/mask_projection_overlay.png,"(256, 456)",isotropic_e7,True,False
E9,18,P01_109_18,pick up rucksack,pick-up,rucksack,['rucksack'],1485,1527,1484.0,1526.0,2.0,1498.0,right,new_contact_episode,36,8,259,"[190.0, 4.0, 342.0, 201.0]",2.9214506948058085,grabcut_fallback,bbox_fallback,fallback_lk,failed,ModuleNotFoundError:No module named 'torch',contact_local_boundary,11945,0.4778,12287.0,0.43401624867537975,True,5,0.0,contact_part_mask,26,0,contact_part_local_affine,False,0.9777142857142858,36,35,29,0.8285714285714286,1.4602785110473633,5,0.0,28310.0,success,361,0.44213657927888206,,1495.0,pre_contact_gap_tracked_reference,3.0,contact_part_local_affine,success,5,0.0,0.10311111111111111,,,,,,,success,keep,,6.178953549430484,/Users/huhu/Documents/Code/bishe/vrb/vrbreproduction/outputs/100subaction-e9/experiments/E9/pipeline_outputs/subaction_18_P01_109_18/candidate_02_frame_001498_right,/Users/huhu/Documents/Code/bishe/vrb/vrbreproduction/outputs/100subaction-e9/experiments/E9/pipeline_outputs/subaction_18_P01_109_18/candidate_02_frame_001498_right,/Users/huhu/Documents/Code/bishe/vrb/vrbreproduction/outputs/100subaction-e9/experiments/E9/pipeline_outputs/subaction_18_P01_109_18/candidate_02_frame_001498_right/reference_frame.png,/Users/huhu/Documents/Code/bishe/vrb/vrbreproduction/outputs/100subaction-e9/experiments/E9/pipeline_outputs/subaction_18_P01_109_18/candidate_02_frame_001498_right/label_heatmap_merged_overlay.png,/Users/huhu/Documents/Code/bishe/vrb/vrbreproduction/outputs/100subaction-e9/experiments/E9/pipeline_outputs/subaction_18_P01_109_18/candidate_02_frame_001498_right/vrb_style_affordance.png,6.0,0.0,"[188.67, 10.23, 337.76, 200.06]",/Users/huhu/Documents/Code/bishe/vrb/vrbreproduction/outputs/100subaction-e9/experiments/E9/pipeline_outputs/subaction_18_P01_109_18/candidate_02_frame_001498_right/label_heatmap_merged.npy,/Users/huhu/Documents/Code/bishe/vrb/vrbreproduction/outputs/100subaction-e9/experiments/E9/pipeline_outputs/subaction_18_P01_109_18/candidate_02_frame_001498_right/label_heatmap_merged.png,/Users/huhu/Documents/Code/bishe/vrb/vrbreproduction/outputs/100subaction-e9/experiments/E9/pipeline_outputs/subaction_18_P01_109_18/candidate_02_frame_001498_right/mask_projection_overlay.png,"(256, 456)",isotropic_e7,True,True
E9,18,P01_109_18,pick up rucksack,pick-up,rucksack,['rucksack'],1485,1527,1484.0,1526.0,3.0,1518.0,right,new_contact_episode,36,8,142,"[217.0, 55.0, 332.0, 186.0]",3.120257018080061,grabcut_fallback,bbox_fallback,fallback_lk,failed,ModuleNotFoundError:No module named 'torch',contact_local_boundary,8453,0.6600296712735223,9301.0,0.5663743758372914,True,5,0.0,contact_part_mask,26,0,contact_part_local_affine,False,0.9925714285714287,36,35,33,0.9428571428571428,1.2957451343536377,5,0.0,16422.0,success,361,0.5142734949771753,,1517.0,pre_contact_gap_tracked_reference,1.0,contact_part_local_affine,success,5,0.0,0.09813333333333334,,,,,,,success,keep,,6.2730705031122485,/Users/huhu/Documents/Code/bishe/vrb/vrbreproduction/outputs/100subaction-e9/experiments/E9/pipeline_outputs/subaction_18_P01_109_18/candidate_03_frame_001518_right,/Users/huhu/Documents/Code/bishe/vrb/vrbreproduction/outputs/100subaction-e9/experiments/E9/pipeline_outputs/subaction_18_P01_109_18/candidate_03_frame_001518_right,/Users/huhu/Documents/Code/bishe/vrb/vrbreproduction/outputs/100subaction-e9/experiments/E9/pipeline_outputs/subaction_18_P01_109_18/candidate_03_frame_001518_right/reference_frame.png,/Users/huhu/Documents/Code/bishe/vrb/vrbreproduction/outputs/100subaction-e9/experiments/E9/pipeline_outputs/subaction_18_P01_109_18/candidate_03_frame_001518_right/label_heatmap_merged_overlay.png,/Users/huhu/Documents/Code/bishe/vrb/vrbreproduction/outputs/100subaction-e9/experiments/E9/pipeline_outputs/subaction_18_P01_109_18/candidate_03_frame_001518_right/vrb_style_affordance.png,5.0,1.0,"[213.93, 51.76, 332.57, 189.86]",/Users/huhu/Documents/Code/bishe/vrb/vrbreproduction/outputs/100subaction-e9/experiments/E9/pipeline_outputs/subaction_18_P01_109_18/candidate_03_frame_001518_right/label_heatmap_merged.npy,/Users/huhu/Documents/Code/bishe/vrb/vrbreproduction/outputs/100subaction-e9/experiments/E9/pipeline_outputs/subaction_18_P01_109_18/candidate_03_frame_001518_right/label_heatmap_merged.png,/Users/huhu/Documents/Code/bishe/vrb/vrbreproduction/outputs/100subaction-e9/experiments/E9/pipeline_outputs/subaction_18_P01_109_18/candidate_03_frame_001518_right/mask_projection_overlay.png,"(256, 456)",isotropic_e7,True,True
E9,18,P01_109_18,pick up rucksack,pick-up,rucksack,['rucksack'],1485,1527,1484.0,1526.0,4.0,1521.0,right,new_contact_episode,36,8,0,,,,,,,,,0,,,,,0,,,0,0,,False,,0,0,0,,,0,,,not_run,0,0.0,,,,,,not_run,0,,,,,,,,,not_run,discard,missing_hand_or_object_bbox,,/Users/huhu/Documents/Code/bishe/vrb/vrbreproduction/outputs/100subaction-e9/experiments/E9/pipeline_outputs/subaction_18_P01_109_18/candidate_04_frame_001521_right,,,,,,,,,,,,,,False
E9,18,P01_109_18,pick up rucksack,pick-up,rucksack,['rucksack'],1485,1527,1484.0,1526.0,5.0,1523.0,right,new_contact_episode,36,8,138,"[224.0, 84.0, 328.0, 177.0]",3.365385340035187,grabcut_fallback,bbox_fallback,fallback_lk,failed,ModuleNotFoundError:No module named 'torch',contact_local_boundary,6957,0.8407250755287009,8057.0,0.7318557543827777,True,5,0.0,contact_part_mask,26,0,contact_part_local_affine,False,0.9638888888888889,36,36,26,0.7222222222222222,1.7447433471679688,5,0.0,11009.0,success,361,0.5142734949771753,,1522.0,pre_contact_gap_tracked_reference,1.0,contact_part_local_affine,success,5,0.0,0.07626666666666666,,,,,,,success,keep,,6.157813255140517,/Users/huhu/Documents/Code/bishe/vrb/vrbreproduction/outputs/100subaction-e9/experiments/E9/pipeline_outputs/subaction_18_P01_109_18/candidate_05_frame_001523_right,/Users/huhu/Documents/Code/bishe/vrb/vrbreproduction/outputs/100subaction-e9/experiments/E9/pipeline_outputs/subaction_18_P01_109_18/candidate_05_frame_001523_right,/Users/huhu/Documents/Code/bishe/vrb/vrbreproduction/outputs/100subaction-e9/experiments/E9/pipeline_outputs/subaction_18_P01_109_18/candidate_05_frame_001523_right/reference_frame.png,/Users/huhu/Documents/Code/bishe/vrb/vrbreproduction/outputs/100subaction-e9/experiments/E9/pipeline_outputs/subaction_18_P01_109_18/candidate_05_frame_001523_right/label_heatmap_merged_overlay.png,/Users/huhu/Documents/Code/bishe/vrb/vrbreproduction/outputs/100subaction-e9/experiments/E9/pipeline_outputs/subaction_18_P01_109_18/candidate_05_frame_001523_right/vrb_style_affordance.png,6.0,0.0,"[219.9, 79.89, 328.54, 180.59]",/Users/huhu/Documents/Code/bishe/vrb/vrbreproduction/outputs/100subaction-e9/experiments/E9/pipeline_outputs/subaction_18_P01_109_18/candidate_05_frame_001523_right/label_heatmap_merged.npy,/Users/huhu/Documents/Code/bishe/vrb/vrbreproduction/outputs/100subaction-e9/experiments/E9/pipeline_outputs/subaction_18_P01_109_18/candidate_05_frame_001523_right/label_heatmap_merged.png,/Users/huhu/Documents/Code/bishe/vrb/vrbreproduction/outputs/100subaction-e9/experiments/E9/pipeline_outputs/subaction_18_P01_109_18/candidate_05_frame_001523_right/mask_projection_overlay.png,"(256, 456)",isotropic_e7,True,False
E9,18,P01_109_18,pick up rucksack,pick-up,rucksack,['rucksack'],1485,1527,1484.0,1526.0,6.0,1524.0,right,new_contact_episode,36,8,155,"[223.0, 90.0, 327.0, 181.0]",3.462899464258429,grabcut_fallback,bbox_fallback,fallback_lk,failed,ModuleNotFoundError:No module named 'torch',contact_local_boundary,6979,0.8981981981981982,7922.0,0.7335185185185186,True,4,0.0,contact_part_mask,26,0,contact_part_local_affine,False,0.8627941176470588,36,34,21,0.6176470588235294,1.8616397380828857,4,0.0,10800.0,success,361,0.5142734949771753,,1522.0,pre_contact_gap_tracked_reference,2.0,contact_part_local_affine,success,4,0.0,0.07626666666666666,,,,,,,success,keep,,5.659515513739867,/Users/huhu/Documents/Code/bishe/vrb/vrbreproduction/outputs/100subaction-e9/experiments/E9/pipeline_outputs/subaction_18_P01_109_18/candidate_06_frame_001524_right,/Users/huhu/Documents/Code/bishe/vrb/vrbreproduction/outputs/100subaction-e9/experiments/E9/pipeline_outputs/subaction_18_P01_109_18/candidate_06_frame_001524_right,/Users/huhu/Documents/Code/bishe/vrb/vrbreproduction/outputs/100subaction-e9/experiments/E9/pipeline_outputs/subaction_18_P01_109_18/candidate_06_frame_001524_right/reference_frame.png,/Users/huhu/Documents/Code/bishe/vrb/vrbreproduction/outputs/100subaction-e9/experiments/E9/pipeline_outputs/subaction_18_P01_109_18/candidate_06_frame_001524_right/label_heatmap_merged_overlay.png,/Users/huhu/Documents/Code/bishe/vrb/vrbreproduction/outputs/100subaction-e9/experiments/E9/pipeline_outputs/subaction_18_P01_109_18/candidate_06_frame_001524_right/vrb_style_affordance.png,6.0,0.0,"[220.83, 81.1, 328.89, 181.11]",/Users/huhu/Documents/Code/bishe/vrb/vrbreproduction/outputs/100subaction-e9/experiments/E9/pipeline_outputs/subaction_18_P01_109_18/candidate_06_frame_001524_right/label_heatmap_merged.npy,/Users/huhu/Documents/Code/bishe/vrb/vrbreproduction/outputs/100subaction-e9/experiments/E9/pipeline_outputs/subaction_18_P01_109_18/candidate_06_frame_001524_right/label_heatmap_merged.png,/Users/huhu/Documents/Code/bishe/vrb/vrbreproduction/outputs/100subaction-e9/experiments/E9/pipeline_outputs/subaction_18_P01_109_18/candidate_06_frame_001524_right/mask_projection_overlay.png,"(256, 456)",isotropic_e7,True,False
E9,18,P01_109_18,pick up rucksack,pick-up,rucksack,['rucksack'],1485,1527,1484.0,1526.0,7.0,1525.0,right,new_contact_episode,36,8,114,"[226.0, 95.0, 324.0, 172.0]",3.466246856612918,grabcut_fallback,bbox_fallback,fallback_lk,failed,ModuleNotFoundError:No module named 'torch',contact_local_boundary,6200,0.9496094348292234,7783.0,0.7206481481481481,True,5,0.0,contact_part_mask,26,0,whole_object_affine_fallback,False,0.9502941176470588,36,34,21,0.6176470588235294,0.6747017502784729,5,0.0,10800.0,success,361,0.5142734949771753,,1522.0,pre_contact_gap_tracked_reference,3.0,whole_object_affine_fallback,success,5,0.0,0.07626666666666666,,,,,,,success,keep,,5.134123653373999,/Users/huhu/Documents/Code/bishe/vrb/vrbreproduction/outputs/100subaction-e9/experiments/E9/pipeline_outputs/subaction_18_P01_109_18/candidate_07_frame_001525_right,/Users/huhu/Documents/Code/bishe/vrb/vrbreproduction/outputs/100subaction-e9/experiments/E9/pipeline_outputs/subaction_18_P01_109_18/candidate_07_frame_001525_right,/Users/huhu/Documents/Code/bishe/vrb/vrbreproduction/outputs/100subaction-e9/experiments/E9/pipeline_outputs/subaction_18_P01_109_18/candidate_07_frame_001525_right/reference_frame.png,/Users/huhu/Documents/Code/bishe/vrb/vrbreproduction/outputs/100subaction-e9/experiments/E9/pipeline_outputs/subaction_18_P01_109_18/candidate_07_frame_001525_right/label_heatmap_merged_overlay.png,/Users/huhu/Documents/Code/bishe/vrb/vrbreproduction/outputs/100subaction-e9/experiments/E9/pipeline_outputs/subaction_18_P01_109_18/candidate_07_frame_001525_right/vrb_style_affordance.png,5.0,1.0,"[220.57, 81.07, 328.62, 180.58]",/Users/huhu/Documents/Code/bishe/vrb/vrbreproduction/outputs/100subaction-e9/experiments/E9/pipeline_outputs/subaction_18_P01_109_18/candidate_07_frame_001525_right/label_heatmap_merged.npy,/Users/huhu/Documents/Code/bishe/vrb/vrbreproduction/outputs/100subaction-e9/experiments/E9/pipeline_outputs/subaction_18_P01_109_18/candidate_07_frame_001525_right/label_heatmap_merged.png,/Users/huhu/Documents/Code/bishe/vrb/vrbreproduction/outputs/100subaction-e9/experiments/E9/pipeline_outputs/subaction_18_P01_109_18/candidate_07_frame_001525_right/mask_projection_overlay.png,"(256, 456)",isotropic_e7,True,False
E9,19,P01_109_19,put down rucksack,put-down,rucksack,['rucksack'],1657,1698,1656.0,1697.0,0.0,1656.0,right,continuation_entry_rescue,27,2,16,"[190.0, 145.0, 248.0, 234.0]",3.520139292056678,grabcut_fallback,,,,,contact_local_boundary,3464,0.9919816723940436,,,,0,,,26,10,,False,,36,0,0,,,0,,,success,361,0.5142734949771753,,,,,,failed,0,,,,,,,,,not_run,discard,part_gate_failed,,/Users/huhu/Documents/Code/bishe/vrb/vrbreproduction/outputs/100subaction-e9/experiments/E9/pipeline_outputs/subaction_19_P01_109_19/candidate_00_frame_001656_right,,,,,6.0,0.0,,,,,,,,False
E9,19,P01_109_19,put down rucksack,put-down,rucksack,['rucksack'],1657,1698,1656.0,1697.0,1.0,1657.0,right,continuation_entry_rescue,27,2,17,"[182.0, 148.0, 248.0, 235.0]",3.485783148245597,grabcut_fallback,,,,,contact_local_boundary,697,1.0,,,,0,,,26,10,,False,,36,0,0,,,0,,,success,361,0.5142734949771753,,,,,,failed,0,,,,,,,,,not_run,discard,part_gate_failed,,/Users/huhu/Documents/Code/bishe/vrb/vrbreproduction/outputs/100subaction-e9/experiments/E9/pipeline_outputs/subaction_19_P01_109_19/candidate_01_frame_001657_right,,,,,6.0,0.0,,,,,,,,False
E9,20,P01_109_20,close door,close,door,['door'],1812,1946,1811.0,1945.0,0.0,1827.0,left,new_contact_episode,33,12,296,"[287.0, 0.0, 444.0, 229.0]",3.033771950309921,grabcut_fallback,,,,,panel_edge_or_handle,4045,0.17683833173034888,,,,0,,,26,0,,True,,36,0,0,,,0,,,failed,100,0.1784444975147743,track_confidence_below_threshold,,,,,not_run,0,,,,,,,,,not_run,discard,track_confidence_below_threshold,,/Users/huhu/Documents/Code/bishe/vrb/vrbreproduction/outputs/100subaction-e9/experiments/E9/pipeline_outputs/subaction_20_P01_109_20/candidate_00_frame_001827_left,,,,,,,,,,,,,,False
E9,20,P01_109_20,close door,close,door,['door'],1812,1946,1811.0,1945.0,1.0,1828.0,left,new_contact_episode,33,12,0,,,,,,,,,0,,,,,0,,,0,0,,True,,0,0,0,,,0,,,not_run,0,0.0,,,,,,not_run,0,,,,,,,,,not_run,discard,missing_hand_or_object_bbox,,/Users/huhu/Documents/Code/bishe/vrb/vrbreproduction/outputs/100subaction-e9/experiments/E9/pipeline_outputs/subaction_20_P01_109_20/candidate_01_frame_001828_left,,,,,,,,,,,,,,False
E9,20,P01_109_20,close door,close,door,['door'],1812,1946,1811.0,1945.0,2.0,1829.0,left,new_contact_episode,33,12,337,"[311.0, 4.0, 453.0, 227.0]",2.9580984390142175,grabcut_fallback,,,,,panel_edge_or_handle,4098,0.15488113685324464,,,,0,,,26,0,,True,,36,0,0,,,0,,,failed,102,0.1784444975147743,track_confidence_below_threshold,,,,,not_run,0,,,,,,,,,not_run,discard,track_confidence_below_threshold,,/Users/huhu/Documents/Code/bishe/vrb/vrbreproduction/outputs/100subaction-e9/experiments/E9/pipeline_outputs/subaction_20_P01_109_20/candidate_02_frame_001829_left,,,,,,,,,,,,,,False
E9,20,P01_109_20,close door,close,door,['door'],1812,1946,1811.0,1945.0,3.0,1841.0,left,new_contact_episode,33,12,0,,,,,,,,,0,,,,,0,,,0,0,,True,,0,0,0,,,0,,,not_run,0,0.0,,,,,,not_run,0,,,,,,,,,not_run,discard,missing_hand_or_object_bbox,,/Users/huhu/Documents/Code/bishe/vrb/vrbreproduction/outputs/100subaction-e9/experiments/E9/pipeline_outputs/subaction_20_P01_109_20/candidate_03_frame_001841_left,,,,,,,,,,,,,,False
E9,20,P01_109_20,close door,close,door,['door'],1812,1946,1811.0,1945.0,4.0,1848.0,right,new_contact_episode,33,12,0,,,,,,,,,0,,,,,0,,,0,0,,True,,0,0,0,,,0,,,not_run,0,0.0,,,,,,not_run,0,,,,,,,,,not_run,discard,missing_hand_or_object_bbox,,/Users/huhu/Documents/Code/bishe/vrb/vrbreproduction/outputs/100subaction-e9/experiments/E9/pipeline_outputs/subaction_20_P01_109_20/candidate_04_frame_001848_right,,,,,,,,,,,,,,False
E9,20,P01_109_20,close door,close,door,['door'],1812,1946,1811.0,1945.0,5.0,1850.0,right,new_contact_episode,33,12,194,"[295.0, 9.0, 452.0, 175.0]",2.5517222956699315,grabcut_fallback,,,,,panel_edge_or_handle,3304,0.1719758484280658,,,,0,,,26,0,,True,,36,0,0,,,0,,,failed,123,0.1784444975147743,track_confidence_below_threshold,,,,,not_run,0,,,,,,,,,not_run,discard,track_confidence_below_threshold,,/Users/huhu/Documents/Code/bishe/vrb/vrbreproduction/outputs/100subaction-e9/experiments/E9/pipeline_outputs/subaction_20_P01_109_20/candidate_05_frame_001850_right,,,,,,,,,,,,,,False
E9,20,P01_109_20,close door,close,door,['door'],1812,1946,1811.0,1945.0,6.0,1851.0,right,new_contact_episode,33,12,317,"[301.0, 6.0, 451.0, 195.0]",2.815540090936758,grabcut_fallback,,,,,panel_edge_or_handle,2975,0.1271911073108166,,,,0,,,26,0,,True,,36,0,0,,,0,,,failed,124,0.1784444975147743,track_confidence_below_threshold,,,,,not_run,0,,,,,,,,,not_run,discard,track_confidence_below_threshold,,/Users/huhu/Documents/Code/bishe/vrb/vrbreproduction/outputs/100subaction-e9/experiments/E9/pipeline_outputs/subaction_20_P01_109_20/candidate_06_frame_001851_right,,,,,,,,,,,,,,False
E9,20,P01_109_20,close door,close,door,['door'],1812,1946,1811.0,1945.0,7.0,1852.0,right,new_contact_episode,33,12,0,,,,,,,,,0,,,,,0,,,0,0,,True,,0,0,0,,,0,,,not_run,0,0.0,,,,,,not_run,0,,,,,,,,,not_run,discard,missing_hand_or_object_bbox,,/Users/huhu/Documents/Code/bishe/vrb/vrbreproduction/outputs/100subaction-e9/experiments/E9/pipeline_outputs/subaction_20_P01_109_20/candidate_07_frame_001852_right,,,,,,,,,,,,,,False
E9,20,P01_109_20,close door,close,door,['door'],1812,1946,1811.0,1945.0,8.0,1861.0,right,new_contact_episode,33,12,103,"[314.0, 176.0, 333.0, 203.0]",4.631388220946463,grabcut_fallback,,,,,panel_edge_or_handle,513,1.0,,,,0,,,26,0,,True,,36,0,0,,,0,,,failed,134,0.1784444975147743,track_confidence_below_threshold,,,,,not_run,0,,,,,,,,,not_run,discard,track_confidence_below_threshold,,/Users/huhu/Documents/Code/bishe/vrb/vrbreproduction/outputs/100subaction-e9/experiments/E9/pipeline_outputs/subaction_20_P01_109_20/candidate_08_frame_001861_right,,,,,,,,,,,,,,False
E9,20,P01_109_20,close door,close,door,['door'],1812,1946,1811.0,1945.0,9.0,1862.0,right,new_contact_episode,33,12,114,"[312.0, 180.0, 332.0, 207.0]",4.604318497778139,grabcut_fallback,,,,,panel_edge_or_handle,540,1.0,,,,0,,,26,0,,True,,36,0,0,,,0,,,failed,135,0.1784444975147743,track_confidence_below_threshold,,,,,not_run,0,,,,,,,,,not_run,discard,track_confidence_below_threshold,,/Users/huhu/Documents/Code/bishe/vrb/vrbreproduction/outputs/100subaction-e9/experiments/E9/pipeline_outputs/subaction_20_P01_109_20/candidate_09_frame_001862_right,,,,,,,,,,,,,,False
E9,20,P01_109_20,close door,close,door,['door'],1812,1946,1811.0,1945.0,10.0,1863.0,right,new_contact_episode,33,12,83,"[315.0, 188.0, 333.0, 210.0]",4.813221387685771,grabcut_fallback,,,,,panel_edge_or_handle,21,1.0,,,,0,,,21,0,,True,,36,0,0,,,0,,,failed,136,0.1784444975147743,track_confidence_below_threshold,,,,,not_run,0,,,,,,,,,not_run,discard,track_confidence_below_threshold,,/Users/huhu/Documents/Code/bishe/vrb/vrbreproduction/outputs/100subaction-e9/experiments/E9/pipeline_outputs/subaction_20_P01_109_20/candidate_10_frame_001863_right,,,,,,,,,,,,,,False
E9,20,P01_109_20,close door,close,door,['door'],1812,1946,1811.0,1945.0,11.0,1906.0,right,new_contact_episode,33,12,52,"[347.0, 35.0, 454.0, 230.0]",2.4866493343822405,grabcut_fallback,bbox_fallback,fallback_lk,failed,ModuleNotFoundError:No module named 'torch',panel_edge_or_handle,2797,0.19103886346561028,4813.0,0.28412042502951596,True,5,0.0,contact_part_mask,26,0,contact_part_local_affine,True,1.0,36,32,32,1.0,0.38745832443237305,5,0.0,16940.0,success,177,0.21688926096391722,no_detection_or_flow,1905.0,pre_contact_gap_tracked_reference,1.0,contact_part_local_affine,success,5,0.0,0.09813333333333334,,,,,,,success,keep,,6.335176250267028,/Users/huhu/Documents/Code/bishe/vrb/vrbreproduction/outputs/100subaction-e9/experiments/E9/pipeline_outputs/subaction_20_P01_109_20/candidate_11_frame_001906_right,/Users/huhu/Documents/Code/bishe/vrb/vrbreproduction/outputs/100subaction-e9/experiments/E9/pipeline_outputs/subaction_20_P01_109_20/candidate_11_frame_001906_right,/Users/huhu/Documents/Code/bishe/vrb/vrbreproduction/outputs/100subaction-e9/experiments/E9/pipeline_outputs/subaction_20_P01_109_20/candidate_11_frame_001906_right/reference_frame.png,/Users/huhu/Documents/Code/bishe/vrb/vrbreproduction/outputs/100subaction-e9/experiments/E9/pipeline_outputs/subaction_20_P01_109_20/candidate_11_frame_001906_right/label_heatmap_merged_overlay.png,/Users/huhu/Documents/Code/bishe/vrb/vrbreproduction/outputs/100subaction-e9/experiments/E9/pipeline_outputs/subaction_20_P01_109_20/candidate_11_frame_001906_right/vrb_style_affordance.png,6.0,0.0,"[344.47, 70.67, 453.86, 224.63]",/Users/huhu/Documents/Code/bishe/vrb/vrbreproduction/outputs/100subaction-e9/experiments/E9/pipeline_outputs/subaction_20_P01_109_20/candidate_11_frame_001906_right/label_heatmap_merged.npy,/Users/huhu/Documents/Code/bishe/vrb/vrbreproduction/outputs/100subaction-e9/experiments/E9/pipeline_outputs/subaction_20_P01_109_20/candidate_11_frame_001906_right/label_heatmap_merged.png,/Users/huhu/Documents/Code/bishe/vrb/vrbreproduction/outputs/100subaction-e9/experiments/E9/pipeline_outputs/subaction_20_P01_109_20/candidate_11_frame_001906_right/mask_projection_overlay.png,"(256, 456)",isotropic_e7,True,True
E9,21,P01_109_21,pick up cup,pick-up,cup,['cup'],2084,2120,2083.0,2119.0,0.0,2088.0,left,new_contact_episode,6,6,213,"[247.0, 29.0, 423.0, 223.0]",3.334768472787971,grabcut_fallback,,,,,contact_local_boundary,14607,0.7306788054624581,,,,0,,,26,0,,False,,36,0,0,,,0,,,failed,115,0.17853784019422808,track_confidence_below_threshold,,,,,not_run,0,,,,,,,,,not_run,discard,track_confidence_below_threshold,,/Users/huhu/Documents/Code/bishe/vrb/vrbreproduction/outputs/100subaction-e9/experiments/E9/pipeline_outputs/subaction_21_P01_109_21/candidate_00_frame_002088_left,,,,,,,,,,,,,,False
E9,21,P01_109_21,pick up cup,pick-up,cup,['cup'],2084,2120,2083.0,2119.0,1.0,2089.0,left,new_contact_episode,6,6,0,,,,,,,,,0,,,,,0,,,0,0,,False,,0,0,0,,,0,,,not_run,0,0.0,,,,,,not_run,0,,,,,,,,,not_run,discard,missing_hand_or_object_bbox,,/Users/huhu/Documents/Code/bishe/vrb/vrbreproduction/outputs/100subaction-e9/experiments/E9/pipeline_outputs/subaction_21_P01_109_21/candidate_01_frame_002089_left,,,,,,,,,,,,,,False
E9,21,P01_109_21,pick up cup,pick-up,cup,['cup'],2084,2120,2083.0,2119.0,2.0,2090.0,left,new_contact_episode,6,6,0,,,,,,,,,0,,,,,0,,,0,0,,False,,0,0,0,,,0,,,not_run,0,0.0,,,,,,not_run,0,,,,,,,,,not_run,discard,missing_hand_or_object_bbox,,/Users/huhu/Documents/Code/bishe/vrb/vrbreproduction/outputs/100subaction-e9/experiments/E9/pipeline_outputs/subaction_21_P01_109_21/candidate_02_frame_002090_left,,,,,,,,,,,,,,False
E9,21,P01_109_21,pick up cup,pick-up,cup,['cup'],2084,2120,2083.0,2119.0,3.0,2092.0,right,new_contact_episode,6,6,0,,,,,,,,,0,,,,,0,,,0,0,,False,,0,0,0,,,0,,,not_run,0,0.0,,,,,,not_run,0,,,,,,,,,not_run,discard,missing_hand_or_object_bbox,,/Users/huhu/Documents/Code/bishe/vrb/vrbreproduction/outputs/100subaction-e9/experiments/E9/pipeline_outputs/subaction_21_P01_109_21/candidate_03_frame_002092_right,,,,,,,,,,,,,,False
E9,21,P01_109_21,pick up cup,pick-up,cup,['cup'],2084,2120,2083.0,2119.0,4.0,2093.0,right,new_contact_episode,6,6,0,,,,,,,,,0,,,,,0,,,0,0,,False,,0,0,0,,,0,,,not_run,0,0.0,,,,,,not_run,0,,,,,,,,,not_run,discard,missing_hand_or_object_bbox,,/Users/huhu/Documents/Code/bishe/vrb/vrbreproduction/outputs/100subaction-e9/experiments/E9/pipeline_outputs/subaction_21_P01_109_21/candidate_04_frame_002093_right,,,,,,,,,,,,,,False
E9,21,P01_109_21,pick up cup,pick-up,cup,['cup'],2084,2120,2083.0,2119.0,5.0,2094.0,right,new_contact_episode,6,6,0,,,,,,,,,0,,,,,0,,,0,0,,False,,0,0,0,,,0,,,not_run,0,0.0,,,,,,not_run,0,,,,,,,,,not_run,discard,missing_hand_or_object_bbox,,/Users/huhu/Documents/Code/bishe/vrb/vrbreproduction/outputs/100subaction-e9/experiments/E9/pipeline_outputs/subaction_21_P01_109_21/candidate_05_frame_002094_right,,,,,,,,,,,,,,False
E9,22,P01_109_22,put down cup,put-down,cup,['cup'],2132,2193,2131.0,2192.0,0.0,2142.0,right,new_contact_episode,25,6,241,"[257.0, 0.0, 347.0, 93.0]",4.090882992899566,grabcut_fallback,,,,,contact_local_boundary,5906,0.8355970571590265,,,,0,,,26,0,,False,,36,0,0,,,0,,,failed,127,0.17987527964543834,track_confidence_below_threshold,,,,,not_run,0,,,,,,,,,not_run,discard,track_confidence_below_threshold,,/Users/huhu/Documents/Code/bishe/vrb/vrbreproduction/outputs/100subaction-e9/experiments/E9/pipeline_outputs/subaction_22_P01_109_22/candidate_00_frame_002142_right,,,,,,,,,,,,,,False
E9,22,P01_109_22,put down cup,put-down,cup,['cup'],2132,2193,2131.0,2192.0,1.0,2143.0,right,new_contact_episode,25,6,236,"[252.0, 1.0, 339.0, 83.0]",4.2235673987363676,grabcut_fallback,,,,,contact_local_boundary,5417,0.8634045266177877,,,,0,,,26,0,,False,,36,0,0,,,0,,,failed,128,0.17987527964543834,track_confidence_below_threshold,,,,,not_run,0,,,,,,,,,not_run,discard,track_confidence_below_threshold,,/Users/huhu/Documents/Code/bishe/vrb/vrbreproduction/outputs/100subaction-e9/experiments/E9/pipeline_outputs/subaction_22_P01_109_22/candidate_01_frame_002143_right,,,,,,,,,,,,,,False
E9,22,P01_109_22,put down cup,put-down,cup,['cup'],2132,2193,2131.0,2192.0,2.0,2144.0,right,new_contact_episode,25,6,261,"[245.0, 0.0, 328.0, 75.0]",4.331842682468944,grabcut_fallback,,,,,contact_local_boundary,3311,0.7662578106919694,,,,0,,,26,0,,False,,36,0,0,,,0,,,failed,129,0.17987527964543834,track_confidence_below_threshold,,,,,not_run,0,,,,,,,,,not_run,discard,track_confidence_below_threshold,,/Users/huhu/Documents/Code/bishe/vrb/vrbreproduction/outputs/100subaction-e9/experiments/E9/pipeline_outputs/subaction_22_P01_109_22/candidate_02_frame_002144_right,,,,,,,,,,,,,,False
E9,22,P01_109_22,put down cup,put-down,cup,['cup'],2132,2193,2131.0,2192.0,3.0,2177.0,right,new_contact_episode,25,6,0,,,,,,,,,0,,,,,0,,,0,0,,False,,0,0,0,,,0,,,not_run,0,0.0,,,,,,not_run,0,,,,,,,,,not_run,discard,missing_hand_or_object_bbox,,/Users/huhu/Documents/Code/bishe/vrb/vrbreproduction/outputs/100subaction-e9/experiments/E9/pipeline_outputs/subaction_22_P01_109_22/candidate_03_frame_002177_right,,,,,,,,,,,,,,False
E9,22,P01_109_22,put down cup,put-down,cup,['cup'],2132,2193,2131.0,2192.0,4.0,2178.0,right,new_contact_episode,25,6,109,"[54.0, 5.0, 104.0, 38.0]",4.379286945446618,grabcut_fallback,,,,,contact_local_boundary,1650,1.0,,,,0,,,26,0,,False,,36,0,0,,,0,,,failed,163,0.17987527964543834,track_confidence_below_threshold,,,,,not_run,0,,,,,,,,,not_run,discard,track_confidence_below_threshold,,/Users/huhu/Documents/Code/bishe/vrb/vrbreproduction/outputs/100subaction-e9/experiments/E9/pipeline_outputs/subaction_22_P01_109_22/candidate_04_frame_002178_right,,,,,,,,,,,,,,False
E9,22,P01_109_22,put down cup,put-down,cup,['cup'],2132,2193,2131.0,2192.0,5.0,2179.0,right,new_contact_episode,25,6,91,"[46.0, 7.0, 92.0, 39.0]",4.545646346935218,grabcut_fallback,,,,,contact_local_boundary,1472,1.0,,,,0,,,26,0,,False,,36,0,0,,,0,,,failed,164,0.17987527964543834,track_confidence_below_threshold,,,,,not_run,0,,,,,,,,,not_run,discard,track_confidence_below_threshold,,/Users/huhu/Documents/Code/bishe/vrb/vrbreproduction/outputs/100subaction-e9/experiments/E9/pipeline_outputs/subaction_22_P01_109_22/candidate_05_frame_002179_right,,,,,,,,,,,,,,False
E9,23,P01_109_23,pick up spoon,pick-up,spoon,['spoon'],2206,2236,2205.0,2235.0,0.0,2213.0,right,new_contact_episode,11,3,0,,,,,,,,,0,,,,,0,,,0,0,,False,,0,0,0,,,0,,,not_run,0,0.0,,,,,,not_run,0,,,,,,,,,not_run,discard,missing_hand_or_object_bbox,,/Users/huhu/Documents/Code/bishe/vrb/vrbreproduction/outputs/100subaction-e9/experiments/E9/pipeline_outputs/subaction_23_P01_109_23/candidate_00_frame_002213_right,,,,,,,,,,,,,,False
E9,23,P01_109_23,pick up spoon,pick-up,spoon,['spoon'],2206,2236,2205.0,2235.0,1.0,2214.0,right,new_contact_episode,11,3,194,"[219.0, 77.0, 400.0, 246.0]",2.9050150905305787,grabcut_fallback,bbox_fallback,fallback_lk,failed,ModuleNotFoundError:No module named 'torch',contact_local_boundary,10045,0.5353336175655511,13773.0,0.4401303805962995,True,5,0.0,contact_part_mask,26,0,contact_part_local_affine,False,0.9706451612903225,36,31,24,0.7741935483870968,0.1689404547214508,5,0.0,31293.0,success,59,0.19172068432777054,no_detection_or_flow,2212.0,pre_contact_gap_tracked_reference,2.0,contact_part_local_affine,success,5,0.0,0.17555555555555555,,,,,,,success,keep,,6.019329017541152,/Users/huhu/Documents/Code/bishe/vrb/vrbreproduction/outputs/100subaction-e9/experiments/E9/pipeline_outputs/subaction_23_P01_109_23/candidate_01_frame_002214_right,/Users/huhu/Documents/Code/bishe/vrb/vrbreproduction/outputs/100subaction-e9/experiments/E9/pipeline_outputs/subaction_23_P01_109_23/candidate_01_frame_002214_right,/Users/huhu/Documents/Code/bishe/vrb/vrbreproduction/outputs/100subaction-e9/experiments/E9/pipeline_outputs/subaction_23_P01_109_23/candidate_01_frame_002214_right/reference_frame.png,/Users/huhu/Documents/Code/bishe/vrb/vrbreproduction/outputs/100subaction-e9/experiments/E9/pipeline_outputs/subaction_23_P01_109_23/candidate_01_frame_002214_right/label_heatmap_merged_overlay.png,/Users/huhu/Documents/Code/bishe/vrb/vrbreproduction/outputs/100subaction-e9/experiments/E9/pipeline_outputs/subaction_23_P01_109_23/candidate_01_frame_002214_right/vrb_style_affordance.png,6.0,0.0,"[217.31, 72.83, 400.05, 243.83]",/Users/huhu/Documents/Code/bishe/vrb/vrbreproduction/outputs/100subaction-e9/experiments/E9/pipeline_outputs/subaction_23_P01_109_23/candidate_01_frame_002214_right/label_heatmap_merged.npy,/Users/huhu/Documents/Code/bishe/vrb/vrbreproduction/outputs/100subaction-e9/experiments/E9/pipeline_outputs/subaction_23_P01_109_23/candidate_01_frame_002214_right/label_heatmap_merged.png,/Users/huhu/Documents/Code/bishe/vrb/vrbreproduction/outputs/100subaction-e9/experiments/E9/pipeline_outputs/subaction_23_P01_109_23/candidate_01_frame_002214_right/mask_projection_overlay.png,"(256, 456)",isotropic_e7,True,True
E9,23,P01_109_23,pick up spoon,pick-up,spoon,['spoon'],2206,2236,2205.0,2235.0,2.0,2215.0,right,new_contact_episode,11,3,125,"[313.0, 83.0, 358.0, 130.0]",3.041281265631198,grabcut_fallback,bbox_fallback,fallback_lk,failed,ModuleNotFoundError:No module named 'torch',contact_local_boundary,1342,1.0,3623.0,0.8449160447761194,True,5,0.0,contact_part_mask,26,0,contact_part_local_affine,False,0.9855555555555556,36,36,32,0.8888888888888888,1.3214479684829712,5,0.0,4288.0,success,57,0.20061355732704794,no_detection_or_flow,2199.0,pre_contact_gap_tracked_reference,16.0,contact_part_local_affine,success,5,0.0,0.0,,,,,,,success,keep,,5.9434273388959955,/Users/huhu/Documents/Code/bishe/vrb/vrbreproduction/outputs/100subaction-e9/experiments/E9/pipeline_outputs/subaction_23_P01_109_23/candidate_02_frame_002215_right,/Users/huhu/Documents/Code/bishe/vrb/vrbreproduction/outputs/100subaction-e9/experiments/E9/pipeline_outputs/subaction_23_P01_109_23/candidate_02_frame_002215_right,/Users/huhu/Documents/Code/bishe/vrb/vrbreproduction/outputs/100subaction-e9/experiments/E9/pipeline_outputs/subaction_23_P01_109_23/candidate_02_frame_002215_right/reference_frame.png,/Users/huhu/Documents/Code/bishe/vrb/vrbreproduction/outputs/100subaction-e9/experiments/E9/pipeline_outputs/subaction_23_P01_109_23/candidate_02_frame_002215_right/label_heatmap_merged_overlay.png,/Users/huhu/Documents/Code/bishe/vrb/vrbreproduction/outputs/100subaction-e9/experiments/E9/pipeline_outputs/subaction_23_P01_109_23/candidate_02_frame_002215_right/vrb_style_affordance.png,6.0,0.0,"[314.27, 104.43, 380.61, 167.93]",/Users/huhu/Documents/Code/bishe/vrb/vrbreproduction/outputs/100subaction-e9/experiments/E9/pipeline_outputs/subaction_23_P01_109_23/candidate_02_frame_002215_right/label_heatmap_merged.npy,/Users/huhu/Documents/Code/bishe/vrb/vrbreproduction/outputs/100subaction-e9/experiments/E9/pipeline_outputs/subaction_23_P01_109_23/candidate_02_frame_002215_right/label_heatmap_merged.png,/Users/huhu/Documents/Code/bishe/vrb/vrbreproduction/outputs/100subaction-e9/experiments/E9/pipeline_outputs/subaction_23_P01_109_23/candidate_02_frame_002215_right/mask_projection_overlay.png,"(256, 456)",isotropic_e7,True,False
E9,24,P01_109_24,open drawer,open,drawer,['drawer'],2269,2332,2268.0,2331.0,0.0,2325.0,left,new_contact_episode,47,3,73,"[209.0, 212.0, 293.0, 239.0]",3.086152667854055,grabcut_fallback,,,,,panel_edge_or_handle,1108,0.86697965571205,,,,0,,,26,0,,True,,36,0,0,,,0,,,failed,304,0.17957608911769016,track_confidence_below_threshold,,,,,not_run,0,,,,,,,,,not_run,discard,track_confidence_below_threshold,,/Users/huhu/Documents/Code/bishe/vrb/vrbreproduction/outputs/100subaction-e9/experiments/E9/pipeline_outputs/subaction_24_P01_109_24/candidate_00_frame_002325_left,,,,,,,,,,,,,,False
E9,24,P01_109_24,open drawer,open,drawer,['drawer'],2269,2332,2268.0,2331.0,1.0,2326.0,left,new_contact_episode,47,3,130,"[203.0, 208.0, 300.0, 240.0]",3.2495691966823563,grabcut_fallback,,,,,panel_edge_or_handle,1394,0.7727272727272727,,,,0,,,26,0,,True,,36,0,0,,,0,,,failed,305,0.17957608911769016,track_confidence_below_threshold,,,,,not_run,0,,,,,,,,,not_run,discard,track_confidence_below_threshold,,/Users/huhu/Documents/Code/bishe/vrb/vrbreproduction/outputs/100subaction-e9/experiments/E9/pipeline_outputs/subaction_24_P01_109_24/candidate_01_frame_002326_left,,,,,,,,,,,,,,False
E9,24,P01_109_24,open drawer,open,drawer,['drawer'],2269,2332,2268.0,2331.0,2.0,2327.0,left,new_contact_episode,47,3,87,"[211.0, 211.0, 306.0, 245.0]",3.075286595679328,grabcut_fallback,,,,,panel_edge_or_handle,1326,0.6971608832807571,,,,0,,,26,0,,True,,36,0,0,,,0,,,failed,306,0.17957608911769016,track_confidence_below_threshold,,,,,not_run,0,,,,,,,,,not_run,discard,track_confidence_below_threshold,,/Users/huhu/Documents/Code/bishe/vrb/vrbreproduction/outputs/100subaction-e9/experiments/E9/pipeline_outputs/subaction_24_P01_109_24/candidate_02_frame_002327_left,,,,,,,,,,,,,,False
E9,25,P01_109_25,put spoon into drawer,put-into,spoon,"['spoon', 'drawer']",2336,2378,2335.0,2377.0,0.0,2341.0,right,new_contact_episode,29,8,183,"[195.0, 119.0, 334.0, 236.0]",2.489607779269125,grabcut_fallback,,,,,panel_edge_or_handle,3167,0.2295592925485648,,,,0,,,26,0,,True,,36,0,0,,,0,,,failed,320,0.17957608911769016,track_confidence_below_threshold,,,,,not_run,0,,,,,,,,,not_run,discard,track_confidence_below_threshold,,/Users/huhu/Documents/Code/bishe/vrb/vrbreproduction/outputs/100subaction-e9/experiments/E9/pipeline_outputs/subaction_25_P01_109_25/candidate_00_frame_002341_right,,,,,,,,,,,,,,False
E9,25,P01_109_25,put spoon into drawer,put-into,spoon,"['spoon', 'drawer']",2336,2378,2335.0,2377.0,1.0,2343.0,right,new_contact_episode,29,8,63,"[204.0, 215.0, 301.0, 234.0]",2.974105765614921,grabcut_fallback,,,,,panel_edge_or_handle,1007,0.7640364188163885,,,,0,,,26,0,,True,,36,0,0,,,0,,,failed,322,0.17957608911769016,track_confidence_below_threshold,,,,,not_run,0,,,,,,,,,not_run,discard,track_confidence_below_threshold,,/Users/huhu/Documents/Code/bishe/vrb/vrbreproduction/outputs/100subaction-e9/experiments/E9/pipeline_outputs/subaction_25_P01_109_25/candidate_01_frame_002343_right,,,,,,,,,,,,,,False
E9,25,P01_109_25,put spoon into drawer,put-into,spoon,"['spoon', 'drawer']",2336,2378,2335.0,2377.0,2.0,2347.0,right,new_contact_episode,29,8,139,"[184.0, 112.0, 395.0, 237.0]",3.1332530135015366,grabcut_fallback,,,,,panel_edge_or_handle,3849,0.2557135264416689,,,,0,,,26,0,,True,,36,0,0,,,0,,,failed,326,0.17957608911769016,track_confidence_below_threshold,,,,,not_run,0,,,,,,,,,not_run,discard,track_confidence_below_threshold,,/Users/huhu/Documents/Code/bishe/vrb/vrbreproduction/outputs/100subaction-e9/experiments/E9/pipeline_outputs/subaction_25_P01_109_25/candidate_02_frame_002347_right,,,,,,,,,,,,,,False
E9,25,P01_109_25,put spoon into drawer,put-into,spoon,"['spoon', 'drawer']",2336,2378,2335.0,2377.0,3.0,2348.0,right,new_contact_episode,29,8,126,"[180.0, 115.0, 334.0, 233.0]",3.034016567486186,grabcut_fallback,,,,,panel_edge_or_handle,3348,0.23451947324180442,,,,0,,,26,0,,True,,36,0,0,,,0,,,failed,327,0.17957608911769016,track_confidence_below_threshold,,,,,not_run,0,,,,,,,,,not_run,discard,track_confidence_below_threshold,,/Users/huhu/Documents/Code/bishe/vrb/vrbreproduction/outputs/100subaction-e9/experiments/E9/pipeline_outputs/subaction_25_P01_109_25/candidate_03_frame_002348_right,,,,,,,,,,,,,,False
E9,25,P01_109_25,put spoon into drawer,put-into,spoon,"['spoon', 'drawer']",2336,2378,2335.0,2377.0,4.0,2349.0,right,new_contact_episode,29,8,148,"[185.0, 113.0, 335.0, 233.0]",3.0786409571109563,grabcut_fallback,,,,,panel_edge_or_handle,3651,0.25308470816581174,,,,0,,,26,0,,True,,36,0,0,,,0,,,failed,328,0.17957608911769016,track_confidence_below_threshold,,,,,not_run,0,,,,,,,,,not_run,discard,track_confidence_below_threshold,,/Users/huhu/Documents/Code/bishe/vrb/vrbreproduction/outputs/100subaction-e9/experiments/E9/pipeline_outputs/subaction_25_P01_109_25/candidate_04_frame_002349_right,,,,,,,,,,,,,,False
E9,25,P01_109_25,put spoon into drawer,put-into,spoon,"['spoon', 'drawer']",2336,2378,2335.0,2377.0,5.0,2354.0,right,new_contact_episode,29,8,150,"[189.0, 114.0, 314.0, 225.0]",3.0025590552382266,grabcut_fallback,,,,,panel_edge_or_handle,5487,0.45702148925537234,,,,0,,,26,0,,True,,36,0,0,,,0,,,failed,333,0.17957608911769016,track_confidence_below_threshold,,,,,not_run,0,,,,,,,,,not_run,discard,track_confidence_below_threshold,,/Users/huhu/Documents/Code/bishe/vrb/vrbreproduction/outputs/100subaction-e9/experiments/E9/pipeline_outputs/subaction_25_P01_109_25/candidate_05_frame_002354_right,,,,,,,,,,,,,,False
E9,25,P01_109_25,put spoon into drawer,put-into,spoon,"['spoon', 'drawer']",2336,2378,2335.0,2377.0,6.0,2355.0,right,new_contact_episode,29,8,122,"[178.0, 117.0, 309.0, 230.0]",2.9514518801163745,grabcut_fallback,,,,,panel_edge_or_handle,4148,0.3543481975055527,,,,0,,,26,0,,True,,36,0,0,,,0,,,failed,334,0.17957608911769016,track_confidence_below_threshold,,,,,not_run,0,,,,,,,,,not_run,discard,track_confidence_below_threshold,,/Users/huhu/Documents/Code/bishe/vrb/vrbreproduction/outputs/100subaction-e9/experiments/E9/pipeline_outputs/subaction_25_P01_109_25/candidate_06_frame_002355_right,,,,,,,,,,,,,,False
E9,25,P01_109_25,put spoon into drawer,put-into,spoon,"['spoon', 'drawer']",2336,2378,2335.0,2377.0,7.0,2356.0,right,new_contact_episode,29,8,147,"[180.0, 116.0, 310.0, 228.0]",2.988275161644285,grabcut_fallback,,,,,panel_edge_or_handle,4075,0.3478446436192915,,,,0,,,26,0,,True,,36,0,0,,,0,,,failed,335,0.17957608911769016,track_confidence_below_threshold,,,,,not_run,0,,,,,,,,,not_run,discard,track_confidence_below_threshold,,/Users/huhu/Documents/Code/bishe/vrb/vrbreproduction/outputs/100subaction-e9/experiments/E9/pipeline_outputs/subaction_25_P01_109_25/candidate_07_frame_002356_right,,,,,,,,,,,,,,False
E9,26,P01_109_26,close drawer,close,drawer,,2377,2410,,,,,,,0,0,0,,,,,,,,,0,,,,,0,,,0,0,,True,,0,0,0,,,0,,,not_run,0,0.0,,,,,,not_run,0,,,,,,,,,not_run,discard,no_smoothed_contact_in_subaction,,,,,,,,,,,,,,,,False
E9,27,P01_109_27,pour hand wash,pour,wash:hand,['wash:hand'],2466,2505,2465.0,2504.0,0.0,2468.0,right,new_contact_episode,10,9,19,"[269.0, 64.0, 303.0, 111.0]",3.8868917493448243,grabcut_fallback,bbox_fallback,fallback_lk,failed,ModuleNotFoundError:No module named 'torch',contact_local_boundary,1598,1.0,1632.0,1.0,True,5,0.0,contact_part_mask,26,0,contact_part_local_affine,False,1.0,36,36,36,1.0,0.6601669788360596,5,0.0,1632.0,success,67,0.2081649469166817,no_detection_or_flow,2467.0,pre_contact_gap_tracked_reference,1.0,contact_part_local_affine,success,5,0.0,0.0896,,,,,,,success,keep,,6.308294990634917,/Users/huhu/Documents/Code/bishe/vrb/vrbreproduction/outputs/100subaction-e9/experiments/E9/pipeline_outputs/subaction_27_P01_109_27/candidate_00_frame_002468_right,/Users/huhu/Documents/Code/bishe/vrb/vrbreproduction/outputs/100subaction-e9/experiments/E9/pipeline_outputs/subaction_27_P01_109_27/candidate_00_frame_002468_right,/Users/huhu/Documents/Code/bishe/vrb/vrbreproduction/outputs/100subaction-e9/experiments/E9/pipeline_outputs/subaction_27_P01_109_27/candidate_00_frame_002468_right/reference_frame.png,/Users/huhu/Documents/Code/bishe/vrb/vrbreproduction/outputs/100subaction-e9/experiments/E9/pipeline_outputs/subaction_27_P01_109_27/candidate_00_frame_002468_right/label_heatmap_merged_overlay.png,/Users/huhu/Documents/Code/bishe/vrb/vrbreproduction/outputs/100subaction-e9/experiments/E9/pipeline_outputs/subaction_27_P01_109_27/candidate_00_frame_002468_right/vrb_style_affordance.png,6.0,0.0,"[268.82, 62.06, 303.36, 109.54]",/Users/huhu/Documents/Code/bishe/vrb/vrbreproduction/outputs/100subaction-e9/experiments/E9/pipeline_outputs/subaction_27_P01_109_27/candidate_00_frame_002468_right/label_heatmap_merged.npy,/Users/huhu/Documents/Code/bishe/vrb/vrbreproduction/outputs/100subaction-e9/experiments/E9/pipeline_outputs/subaction_27_P01_109_27/candidate_00_frame_002468_right/label_heatmap_merged.png,/Users/huhu/Documents/Code/bishe/vrb/vrbreproduction/outputs/100subaction-e9/experiments/E9/pipeline_outputs/subaction_27_P01_109_27/candidate_00_frame_002468_right/mask_projection_overlay.png,"(256, 456)",isotropic_e7,True,True
E9,27,P01_109_27,pour hand wash,pour,wash:hand,['wash:hand'],2466,2505,2465.0,2504.0,1.0,2469.0,right,new_contact_episode,10,9,27,"[267.0, 66.0, 304.0, 115.0]",4.006477299173923,grabcut_fallback,bbox_fallback,fallback_lk,failed,ModuleNotFoundError:No module named 'torch',contact_local_boundary,1039,1.0,2196.0,1.0,True,4,0.0,contact_part_mask,26,0,contact_part_local_affine,False,0.8619444444444444,36,36,22,0.6111111111111112,1.4874995946884155,4,0.0,2196.0,success,68,0.2081649469166817,no_detection_or_flow,2464.0,pre_contact_gap_tracked_reference,5.0,contact_part_local_affine,success,4,0.0,0.08586666666666666,,,,,,,success,keep,,5.594228650374625,/Users/huhu/Documents/Code/bishe/vrb/vrbreproduction/outputs/100subaction-e9/experiments/E9/pipeline_outputs/subaction_27_P01_109_27/candidate_01_frame_002469_right,/Users/huhu/Documents/Code/bishe/vrb/vrbreproduction/outputs/100subaction-e9/experiments/E9/pipeline_outputs/subaction_27_P01_109_27/candidate_01_frame_002469_right,/Users/huhu/Documents/Code/bishe/vrb/vrbreproduction/outputs/100subaction-e9/experiments/E9/pipeline_outputs/subaction_27_P01_109_27/candidate_01_frame_002469_right/reference_frame.png,/Users/huhu/Documents/Code/bishe/vrb/vrbreproduction/outputs/100subaction-e9/experiments/E9/pipeline_outputs/subaction_27_P01_109_27/candidate_01_frame_002469_right/label_heatmap_merged_overlay.png,/Users/huhu/Documents/Code/bishe/vrb/vrbreproduction/outputs/100subaction-e9/experiments/E9/pipeline_outputs/subaction_27_P01_109_27/candidate_01_frame_002469_right/vrb_style_affordance.png,6.0,0.0,"[271.7, 56.97, 308.26, 117.54]",/Users/huhu/Documents/Code/bishe/vrb/vrbreproduction/outputs/100subaction-e9/experiments/E9/pipeline_outputs/subaction_27_P01_109_27/candidate_01_frame_002469_right/label_heatmap_merged.npy,/Users/huhu/Documents/Code/bishe/vrb/vrbreproduction/outputs/100subaction-e9/experiments/E9/pipeline_outputs/subaction_27_P01_109_27/candidate_01_frame_002469_right/label_heatmap_merged.png,/Users/huhu/Documents/Code/bishe/vrb/vrbreproduction/outputs/100subaction-e9/experiments/E9/pipeline_outputs/subaction_27_P01_109_27/candidate_01_frame_002469_right/mask_projection_overlay.png,"(256, 456)",isotropic_e7,True,False
E9,27,P01_109_27,pour hand wash,pour,wash:hand,['wash:hand'],2466,2505,2465.0,2504.0,2.0,2470.0,right,new_contact_episode,10,9,18,"[267.0, 64.0, 301.0, 115.0]",3.9278846263402953,grabcut_fallback,bbox_fallback,fallback_lk,failed,ModuleNotFoundError:No module named 'torch',contact_local_boundary,1734,1.0,1800.0,1.0,True,5,0.0,contact_part_mask,26,0,contact_part_local_affine,False,0.9740000000000001,36,35,28,0.8,1.9150283336639404,5,0.0,1800.0,success,69,0.2081649469166817,no_detection_or_flow,2465.0,pre_contact_gap_tracked_reference,5.0,contact_part_local_affine,success,5,0.0,0.08773333333333333,,,,,,,success,keep,,6.065859562490083,/Users/huhu/Documents/Code/bishe/vrb/vrbreproduction/outputs/100subaction-e9/experiments/E9/pipeline_outputs/subaction_27_P01_109_27/candidate_02_frame_002470_right,/Users/huhu/Documents/Code/bishe/vrb/vrbreproduction/outputs/100subaction-e9/experiments/E9/pipeline_outputs/subaction_27_P01_109_27/candidate_02_frame_002470_right,/Users/huhu/Documents/Code/bishe/vrb/vrbreproduction/outputs/100subaction-e9/experiments/E9/pipeline_outputs/subaction_27_P01_109_27/candidate_02_frame_002470_right/reference_frame.png,/Users/huhu/Documents/Code/bishe/vrb/vrbreproduction/outputs/100subaction-e9/experiments/E9/pipeline_outputs/subaction_27_P01_109_27/candidate_02_frame_002470_right/label_heatmap_merged_overlay.png,/Users/huhu/Documents/Code/bishe/vrb/vrbreproduction/outputs/100subaction-e9/experiments/E9/pipeline_outputs/subaction_27_P01_109_27/candidate_02_frame_002470_right/vrb_style_affordance.png,6.0,0.0,"[267.68, 57.21, 304.21, 106.98]",/Users/huhu/Documents/Code/bishe/vrb/vrbreproduction/outputs/100subaction-e9/experiments/E9/pipeline_outputs/subaction_27_P01_109_27/candidate_02_frame_002470_right/label_heatmap_merged.npy,/Users/huhu/Documents/Code/bishe/vrb/vrbreproduction/outputs/100subaction-e9/experiments/E9/pipeline_outputs/subaction_27_P01_109_27/candidate_02_frame_002470_right/label_heatmap_merged.png,/Users/huhu/Documents/Code/bishe/vrb/vrbreproduction/outputs/100subaction-e9/experiments/E9/pipeline_outputs/subaction_27_P01_109_27/candidate_02_frame_002470_right/mask_projection_overlay.png,"(256, 456)",isotropic_e7,True,False
E9,27,P01_109_27,pour hand wash,pour,wash:hand,['wash:hand'],2466,2505,2465.0,2504.0,3.0,2476.0,right,new_contact_episode,10,9,0,,,,,,,,,0,,,,,0,,,0,0,,False,,0,0,0,,,0,,,not_run,0,0.0,,,,,,not_run,0,,,,,,,,,not_run,discard,missing_hand_or_object_bbox,,/Users/huhu/Documents/Code/bishe/vrb/vrbreproduction/outputs/100subaction-e9/experiments/E9/pipeline_outputs/subaction_27_P01_109_27/candidate_03_frame_002476_right,,,,,,,,,,,,,,False
E9,27,P01_109_27,pour hand wash,pour,wash:hand,['wash:hand'],2466,2505,2465.0,2504.0,4.0,2477.0,right,new_contact_episode,10,9,27,"[266.0, 71.0, 303.0, 123.0]",3.7716665375958884,grabcut_fallback,bbox_fallback,fallback_lk,failed,ModuleNotFoundError:No module named 'torch',contact_local_boundary,1924,1.0,2583.0,1.0,True,5,0.0,contact_part_mask,26,0,contact_part_local_affine,False,1.0,36,36,36,1.0,0.7065554857254028,5,0.0,2583.0,success,76,0.2081649469166817,no_detection_or_flow,2475.0,pre_contact_gap_tracked_reference,2.0,contact_part_local_affine,success,5,0.0,0.09111111111111111,,,,,,,success,keep,,6.330136668761571,/Users/huhu/Documents/Code/bishe/vrb/vrbreproduction/outputs/100subaction-e9/experiments/E9/pipeline_outputs/subaction_27_P01_109_27/candidate_04_frame_002477_right,/Users/huhu/Documents/Code/bishe/vrb/vrbreproduction/outputs/100subaction-e9/experiments/E9/pipeline_outputs/subaction_27_P01_109_27/candidate_04_frame_002477_right,/Users/huhu/Documents/Code/bishe/vrb/vrbreproduction/outputs/100subaction-e9/experiments/E9/pipeline_outputs/subaction_27_P01_109_27/candidate_04_frame_002477_right/reference_frame.png,/Users/huhu/Documents/Code/bishe/vrb/vrbreproduction/outputs/100subaction-e9/experiments/E9/pipeline_outputs/subaction_27_P01_109_27/candidate_04_frame_002477_right/label_heatmap_merged_overlay.png,/Users/huhu/Documents/Code/bishe/vrb/vrbreproduction/outputs/100subaction-e9/experiments/E9/pipeline_outputs/subaction_27_P01_109_27/candidate_04_frame_002477_right/vrb_style_affordance.png,6.0,0.0,"[263.77, 69.98, 305.37, 132.79]",/Users/huhu/Documents/Code/bishe/vrb/vrbreproduction/outputs/100subaction-e9/experiments/E9/pipeline_outputs/subaction_27_P01_109_27/candidate_04_frame_002477_right/label_heatmap_merged.npy,/Users/huhu/Documents/Code/bishe/vrb/vrbreproduction/outputs/100subaction-e9/experiments/E9/pipeline_outputs/subaction_27_P01_109_27/candidate_04_frame_002477_right/label_heatmap_merged.png,/Users/huhu/Documents/Code/bishe/vrb/vrbreproduction/outputs/100subaction-e9/experiments/E9/pipeline_outputs/subaction_27_P01_109_27/candidate_04_frame_002477_right/mask_projection_overlay.png,"(256, 456)",isotropic_e7,True,True
E9,27,P01_109_27,pour hand wash,pour,wash:hand,['wash:hand'],2466,2505,2465.0,2504.0,5.0,2478.0,right,new_contact_episode,10,9,56,"[265.0, 71.0, 304.0, 127.0]",3.819847024176871,grabcut_fallback,bbox_fallback,fallback_lk,failed,ModuleNotFoundError:No module named 'torch',contact_local_boundary,2178,0.9972527472527473,2581.0,0.9992257065427798,True,5,0.0,contact_part_mask,26,0,contact_part_local_affine,False,1.0,36,36,36,1.0,0.9930554032325745,5,0.0,2583.0,success,77,0.2081649469166817,no_detection_or_flow,2475.0,pre_contact_gap_tracked_reference,3.0,contact_part_local_affine,success,5,0.0,0.09111111111111111,,,,,,,success,keep,,6.315541671236355,/Users/huhu/Documents/Code/bishe/vrb/vrbreproduction/outputs/100subaction-e9/experiments/E9/pipeline_outputs/subaction_27_P01_109_27/candidate_05_frame_002478_right,/Users/huhu/Documents/Code/bishe/vrb/vrbreproduction/outputs/100subaction-e9/experiments/E9/pipeline_outputs/subaction_27_P01_109_27/candidate_05_frame_002478_right,/Users/huhu/Documents/Code/bishe/vrb/vrbreproduction/outputs/100subaction-e9/experiments/E9/pipeline_outputs/subaction_27_P01_109_27/candidate_05_frame_002478_right/reference_frame.png,/Users/huhu/Documents/Code/bishe/vrb/vrbreproduction/outputs/100subaction-e9/experiments/E9/pipeline_outputs/subaction_27_P01_109_27/candidate_05_frame_002478_right/label_heatmap_merged_overlay.png,/Users/huhu/Documents/Code/bishe/vrb/vrbreproduction/outputs/100subaction-e9/experiments/E9/pipeline_outputs/subaction_27_P01_109_27/candidate_05_frame_002478_right/vrb_style_affordance.png,6.0,0.0,"[263.57, 69.98, 305.42, 133.24]",/Users/huhu/Documents/Code/bishe/vrb/vrbreproduction/outputs/100subaction-e9/experiments/E9/pipeline_outputs/subaction_27_P01_109_27/candidate_05_frame_002478_right/label_heatmap_merged.npy,/Users/huhu/Documents/Code/bishe/vrb/vrbreproduction/outputs/100subaction-e9/experiments/E9/pipeline_outputs/subaction_27_P01_109_27/candidate_05_frame_002478_right/label_heatmap_merged.png,/Users/huhu/Documents/Code/bishe/vrb/vrbreproduction/outputs/100subaction-e9/experiments/E9/pipeline_outputs/subaction_27_P01_109_27/candidate_05_frame_002478_right/mask_projection_overlay.png,"(256, 456)",isotropic_e7,True,False
E9,27,P01_109_27,pour hand wash,pour,wash:hand,['wash:hand'],2466,2505,2465.0,2504.0,6.0,2484.0,right,new_contact_episode,10,9,69,"[269.0, 68.0, 313.0, 121.0]",3.4578706476032632,grabcut_fallback,bbox_fallback,fallback_lk,failed,ModuleNotFoundError:No module named 'torch',contact_local_boundary,2242,0.9614065180102916,2242.0,0.9614065180102916,True,5,0.0,contact_part_mask,26,0,contact_part_local_affine,False,1.0,36,36,36,1.0,0.2717146873474121,5,0.0,2332.0,success,83,0.2081649469166817,no_detection_or_flow,2483.0,pre_contact_gap_tracked_reference,1.0,contact_part_local_affine,success,5,0.0,0.09013333333333333,,,,,,,success,keep,,6.319148559379577,/Users/huhu/Documents/Code/bishe/vrb/vrbreproduction/outputs/100subaction-e9/experiments/E9/pipeline_outputs/subaction_27_P01_109_27/candidate_06_frame_002484_right,/Users/huhu/Documents/Code/bishe/vrb/vrbreproduction/outputs/100subaction-e9/experiments/E9/pipeline_outputs/subaction_27_P01_109_27/candidate_06_frame_002484_right,/Users/huhu/Documents/Code/bishe/vrb/vrbreproduction/outputs/100subaction-e9/experiments/E9/pipeline_outputs/subaction_27_P01_109_27/candidate_06_frame_002484_right/reference_frame.png,/Users/huhu/Documents/Code/bishe/vrb/vrbreproduction/outputs/100subaction-e9/experiments/E9/pipeline_outputs/subaction_27_P01_109_27/candidate_06_frame_002484_right/label_heatmap_merged_overlay.png,/Users/huhu/Documents/Code/bishe/vrb/vrbreproduction/outputs/100subaction-e9/experiments/E9/pipeline_outputs/subaction_27_P01_109_27/candidate_06_frame_002484_right/vrb_style_affordance.png,6.0,0.0,"[267.9, 68.67, 312.02, 121.77]",/Users/huhu/Documents/Code/bishe/vrb/vrbreproduction/outputs/100subaction-e9/experiments/E9/pipeline_outputs/subaction_27_P01_109_27/candidate_06_frame_002484_right/label_heatmap_merged.npy,/Users/huhu/Documents/Code/bishe/vrb/vrbreproduction/outputs/100subaction-e9/experiments/E9/pipeline_outputs/subaction_27_P01_109_27/candidate_06_frame_002484_right/label_heatmap_merged.png,/Users/huhu/Documents/Code/bishe/vrb/vrbreproduction/outputs/100subaction-e9/experiments/E9/pipeline_outputs/subaction_27_P01_109_27/candidate_06_frame_002484_right/mask_projection_overlay.png,"(256, 456)",isotropic_e7,True,True
E9,27,P01_109_27,pour hand wash,pour,wash:hand,['wash:hand'],2466,2505,2465.0,2504.0,7.0,2485.0,right,new_contact_episode,10,9,0,,,,,,,,,0,,,,,0,,,0,0,,False,,0,0,0,,,0,,,not_run,0,0.0,,,,,,not_run,0,,,,,,,,,not_run,discard,missing_hand_or_object_bbox,,/Users/huhu/Documents/Code/bishe/vrb/vrbreproduction/outputs/100subaction-e9/experiments/E9/pipeline_outputs/subaction_27_P01_109_27/candidate_07_frame_002485_right,,,,,,,,,,,,,,False
E9,27,P01_109_27,pour hand wash,pour,wash:hand,['wash:hand'],2466,2505,2465.0,2504.0,8.0,2486.0,right,new_contact_episode,10,9,0,,,,,,,,,0,,,,,0,,,0,0,,False,,0,0,0,,,0,,,not_run,0,0.0,,,,,,not_run,0,,,,,,,,,not_run,discard,missing_hand_or_object_bbox,,/Users/huhu/Documents/Code/bishe/vrb/vrbreproduction/outputs/100subaction-e9/experiments/E9/pipeline_outputs/subaction_27_P01_109_27/candidate_08_frame_002486_right,,,,,,,,,,,,,,False
E9,28,P01_109_28,wash hands,wash,hand,['hand'],2478,2540,2477.0,2539.0,0.0,2484.0,right,new_contact_episode,8,5,69,"[269.0, 68.0, 313.0, 121.0]",3.4578706476032632,grabcut_fallback,bbox_fallback,fallback_lk,failed,ModuleNotFoundError:No module named 'torch',contact_local_boundary,2242,0.9614065180102916,2242.0,0.9614065180102916,True,5,0.0,contact_part_mask,26,0,contact_part_local_affine,False,1.0,36,36,36,1.0,0.2717146873474121,5,0.0,2332.0,success,83,0.2081649469166817,no_detection_or_flow,2483.0,pre_contact_gap_tracked_reference,1.0,contact_part_local_affine,success,5,0.0,0.09013333333333333,,,,,,,success,keep,,6.319148559379577,/Users/huhu/Documents/Code/bishe/vrb/vrbreproduction/outputs/100subaction-e9/experiments/E9/pipeline_outputs/subaction_28_P01_109_28/candidate_00_frame_002484_right,/Users/huhu/Documents/Code/bishe/vrb/vrbreproduction/outputs/100subaction-e9/experiments/E9/pipeline_outputs/subaction_28_P01_109_28/candidate_00_frame_002484_right,/Users/huhu/Documents/Code/bishe/vrb/vrbreproduction/outputs/100subaction-e9/experiments/E9/pipeline_outputs/subaction_28_P01_109_28/candidate_00_frame_002484_right/reference_frame.png,/Users/huhu/Documents/Code/bishe/vrb/vrbreproduction/outputs/100subaction-e9/experiments/E9/pipeline_outputs/subaction_28_P01_109_28/candidate_00_frame_002484_right/label_heatmap_merged_overlay.png,/Users/huhu/Documents/Code/bishe/vrb/vrbreproduction/outputs/100subaction-e9/experiments/E9/pipeline_outputs/subaction_28_P01_109_28/candidate_00_frame_002484_right/vrb_style_affordance.png,6.0,0.0,"[267.9, 68.67, 312.02, 121.77]",/Users/huhu/Documents/Code/bishe/vrb/vrbreproduction/outputs/100subaction-e9/experiments/E9/pipeline_outputs/subaction_28_P01_109_28/candidate_00_frame_002484_right/label_heatmap_merged.npy,/Users/huhu/Documents/Code/bishe/vrb/vrbreproduction/outputs/100subaction-e9/experiments/E9/pipeline_outputs/subaction_28_P01_109_28/candidate_00_frame_002484_right/label_heatmap_merged.png,/Users/huhu/Documents/Code/bishe/vrb/vrbreproduction/outputs/100subaction-e9/experiments/E9/pipeline_outputs/subaction_28_P01_109_28/candidate_00_frame_002484_right/mask_projection_overlay.png,"(256, 456)",isotropic_e7,True,True
E9,28,P01_109_28,wash hands,wash,hand,['hand'],2478,2540,2477.0,2539.0,1.0,2485.0,right,new_contact_episode,8,5,0,,,,,,,,,0,,,,,0,,,0,0,,False,,0,0,0,,,0,,,not_run,0,0.0,,,,,,not_run,0,,,,,,,,,not_run,discard,missing_hand_or_object_bbox,,/Users/huhu/Documents/Code/bishe/vrb/vrbreproduction/outputs/100subaction-e9/experiments/E9/pipeline_outputs/subaction_28_P01_109_28/candidate_01_frame_002485_right,,,,,,,,,,,,,,False
E9,28,P01_109_28,wash hands,wash,hand,['hand'],2478,2540,2477.0,2539.0,2.0,2486.0,right,new_contact_episode,8,5,0,,,,,,,,,0,,,,,0,,,0,0,,False,,0,0,0,,,0,,,not_run,0,0.0,,,,,,not_run,0,,,,,,,,,not_run,discard,missing_hand_or_object_bbox,,/Users/huhu/Documents/Code/bishe/vrb/vrbreproduction/outputs/100subaction-e9/experiments/E9/pipeline_outputs/subaction_28_P01_109_28/candidate_02_frame_002486_right,,,,,,,,,,,,,,False
E9,28,P01_109_28,wash hands,wash,hand,['hand'],2478,2540,2477.0,2539.0,3.0,2538.0,left,new_contact_episode,8,5,0,"[111.0, 90.0, 220.0, 143.0]",1.8826617107445243,,,,,,,0,,,,,0,,,0,0,,False,,0,0,0,,,0,,,not_run,0,0.0,,,,,,not_run,0,,,,,,,,,not_run,discard,contact_points_lt5_after_object_boundary_filter,,/Users/huhu/Documents/Code/bishe/vrb/vrbreproduction/outputs/100subaction-e9/experiments/E9/pipeline_outputs/subaction_28_P01_109_28/candidate_03_frame_002538_left,,,,,,,,,,,,,,False
E9,28,P01_109_28,wash hands,wash,hand,['hand'],2478,2540,2477.0,2539.0,4.0,2539.0,left,new_contact_episode,8,5,0,"[113.0, 88.0, 223.0, 143.0]",1.9424701792306882,,,,,,,0,,,,,0,,,0,0,,False,,0,0,0,,,0,,,not_run,0,0.0,,,,,,not_run,0,,,,,,,,,not_run,discard,contact_points_lt5_after_object_boundary_filter,,/Users/huhu/Documents/Code/bishe/vrb/vrbreproduction/outputs/100subaction-e9/experiments/E9/pipeline_outputs/subaction_28_P01_109_28/candidate_04_frame_002539_left,,,,,,,,,,,,,,False
E9,29,P01_109_29,turn on tap,turn-on,tap,['tap'],2545,2575,2544.0,2574.0,0.0,2550.0,right,new_contact_episode,38,7,23,"[125.0, 86.0, 232.0, 134.0]",2.7432550550846257,grabcut_fallback,,,,,tap_knob_or_spout_edge,16,0.5,,,,0,,,16,17,,False,,36,0,0,,,0,,,failed,130,0.17853784019422808,track_confidence_below_threshold,,,,,not_run,0,,,,,,,,,not_run,discard,track_confidence_below_threshold,,/Users/huhu/Documents/Code/bishe/vrb/vrbreproduction/outputs/100subaction-e9/experiments/E9/pipeline_outputs/subaction_29_P01_109_29/candidate_00_frame_002550_right,,,,,,,,,,,,,,False
E9,29,P01_109_29,turn on tap,turn-on,tap,['tap'],2545,2575,2544.0,2574.0,1.0,2551.0,right,new_contact_episode,38,7,0,"[124.0, 86.0, 228.0, 133.0]",1.2431509889917756,,,,,,,0,,,,,0,,,0,0,,False,,0,0,0,,,0,,,not_run,0,0.0,,,,,,not_run,0,,,,,,,,,not_run,discard,contact_points_lt5_after_object_boundary_filter,,/Users/huhu/Documents/Code/bishe/vrb/vrbreproduction/outputs/100subaction-e9/experiments/E9/pipeline_outputs/subaction_29_P01_109_29/candidate_01_frame_002551_right,,,,,,,,,,,,,,False
E9,29,P01_109_29,turn on tap,turn-on,tap,['tap'],2545,2575,2544.0,2574.0,2.0,2552.0,right,new_contact_episode,38,7,24,"[124.0, 86.0, 231.0, 136.0]",2.804180217060165,grabcut_fallback,,,,,tap_knob_or_spout_edge,2547,0.4760747663551402,,,,0,,,26,0,,False,,36,0,0,,,0,,,failed,132,0.17853784019422808,track_confidence_below_threshold,,,,,not_run,0,,,,,,,,,not_run,discard,track_confidence_below_threshold,,/Users/huhu/Documents/Code/bishe/vrb/vrbreproduction/outputs/100subaction-e9/experiments/E9/pipeline_outputs/subaction_29_P01_109_29/candidate_02_frame_002552_right,,,,,,,,,,,,,,False
E9,29,P01_109_29,turn on tap,turn-on,tap,['tap'],2545,2575,2544.0,2574.0,3.0,2567.0,right,new_contact_episode,38,7,23,"[131.0, 88.0, 240.0, 142.0]",2.8525905787173103,grabcut_fallback,,,,,tap_knob_or_spout_edge,2925,0.4969418960244648,,,,0,,,26,0,,False,,36,0,0,,,0,,,failed,147,0.17853784019422808,track_confidence_below_threshold,,,,,not_run,0,,,,,,,,,not_run,discard,track_confidence_below_threshold,,/Users/huhu/Documents/Code/bishe/vrb/vrbreproduction/outputs/100subaction-e9/experiments/E9/pipeline_outputs/subaction_29_P01_109_29/candidate_03_frame_002567_right,,,,,,,,,,,,,,False
E9,29,P01_109_29,turn on tap,turn-on,tap,['tap'],2545,2575,2544.0,2574.0,4.0,2568.0,right,new_contact_episode,38,7,25,"[131.0, 87.0, 239.0, 142.0]",2.819151812963672,grabcut_fallback,,,,,tap_knob_or_spout_edge,2810,0.4730639730639731,,,,0,,,26,0,,False,,36,0,0,,,0,,,failed,148,0.17853784019422808,track_confidence_below_threshold,,,,,not_run,0,,,,,,,,,not_run,discard,track_confidence_below_threshold,,/Users/huhu/Documents/Code/bishe/vrb/vrbreproduction/outputs/100subaction-e9/experiments/E9/pipeline_outputs/subaction_29_P01_109_29/candidate_04_frame_002568_right,,,,,,,,,,,,,,False
E9,29,P01_109_29,turn on tap,turn-on,tap,['tap'],2545,2575,2544.0,2574.0,5.0,2569.0,right,new_contact_episode,38,7,24,"[135.0, 88.0, 239.0, 143.0]",2.882695784720054,grabcut_fallback,,,,,tap_knob_or_spout_edge,2575,0.45017482517482516,,,,0,,,26,0,,False,,36,0,0,,,0,,,failed,149,0.17853784019422808,track_confidence_below_threshold,,,,,not_run,0,,,,,,,,,not_run,discard,track_confidence_below_threshold,,/Users/huhu/Documents/Code/bishe/vrb/vrbreproduction/outputs/100subaction-e9/experiments/E9/pipeline_outputs/subaction_29_P01_109_29/candidate_05_frame_002569_right,,,,,,,,,,,,,,False
E9,29,P01_109_29,turn on tap,turn-on,tap,['tap'],2545,2575,2544.0,2574.0,6.0,2573.0,right,new_contact_episode,38,7,32,"[134.0, 85.0, 243.0, 141.0]",2.9320615050011725,grabcut_fallback,,,,,tap_knob_or_spout_edge,2821,0.46215596330275227,,,,0,,,26,0,,False,,36,0,0,,,0,,,failed,153,0.17853784019422808,track_confidence_below_threshold,,,,,not_run,0,,,,,,,,,not_run,discard,track_confidence_below_threshold,,/Users/huhu/Documents/Code/bishe/vrb/vrbreproduction/outputs/100subaction-e9/experiments/E9/pipeline_outputs/subaction_29_P01_109_29/candidate_06_frame_002573_right,,,,,,,,,,,,,,False
E9,30,P01_109_30,rinse hands,rinse,hand,['hand'],2579,2963,2578.0,2962.0,0.0,2708.0,left,new_contact_episode,164,12,26,"[155.0, 119.0, 331.0, 253.0]",3.1925627910869707,grabcut_fallback,,,,,contact_local_boundary,8666,0.42714905362776023,,,,0,,,26,0,,False,,36,0,0,,,0,,,failed,288,0.17853784019422808,track_confidence_below_threshold,,,,,not_run,0,,,,,,,,,not_run,discard,track_confidence_below_threshold,,/Users/huhu/Documents/Code/bishe/vrb/vrbreproduction/outputs/100subaction-e9/experiments/E9/pipeline_outputs/subaction_30_P01_109_30/candidate_00_frame_002708_left,,,,,,,,,,,,,,False
E9,30,P01_109_30,rinse hands,rinse,hand,['hand'],2579,2963,2578.0,2962.0,1.0,2709.0,left,new_contact_episode,164,12,66,"[148.0, 130.0, 319.0, 250.0]",3.258805583360353,grabcut_fallback,,,,,contact_local_boundary,7778,0.4524723676556137,,,,0,,,26,0,,False,,36,0,0,,,0,,,failed,289,0.17853784019422808,track_confidence_below_threshold,,,,,not_run,0,,,,,,,,,not_run,discard,track_confidence_below_threshold,,/Users/huhu/Documents/Code/bishe/vrb/vrbreproduction/outputs/100subaction-e9/experiments/E9/pipeline_outputs/subaction_30_P01_109_30/candidate_01_frame_002709_left,,,,,,,,,,,,,,False
E9,30,P01_109_30,rinse hands,rinse,hand,['hand'],2579,2963,2578.0,2962.0,2.0,2710.0,left,new_contact_episode,164,12,28,"[156.0, 121.0, 312.0, 247.0]",3.2604029757841566,grabcut_fallback,,,,,contact_local_boundary,7915,0.4728760903333732,,,,0,,,26,0,,False,,36,0,0,,,0,,,failed,290,0.17853784019422808,track_confidence_below_threshold,,,,,not_run,0,,,,,,,,,not_run,discard,track_confidence_below_threshold,,/Users/huhu/Documents/Code/bishe/vrb/vrbreproduction/outputs/100subaction-e9/experiments/E9/pipeline_outputs/subaction_30_P01_109_30/candidate_02_frame_002710_left,,,,,,,,,,,,,,False
E9,30,P01_109_30,rinse hands,rinse,hand,['hand'],2579,2963,2578.0,2962.0,3.0,2717.0,left,new_contact_episode,164,12,68,"[148.0, 132.0, 318.0, 251.0]",3.2262027932199833,grabcut_fallback,,,,,contact_local_boundary,8022,0.5033253858702472,,,,0,,,26,0,,False,,36,0,0,,,0,,,failed,297,0.17853784019422808,track_confidence_below_threshold,,,,,not_run,0,,,,,,,,,not_run,discard,track_confidence_below_threshold,,/Users/huhu/Documents/Code/bishe/vrb/vrbreproduction/outputs/100subaction-e9/experiments/E9/pipeline_outputs/subaction_30_P01_109_30/candidate_03_frame_002717_left,,,,,,,,,,,,,,False
E9,30,P01_109_30,rinse hands,rinse,hand,['hand'],2579,2963,2578.0,2962.0,4.0,2718.0,left,new_contact_episode,164,12,62,"[148.0, 134.0, 313.0, 250.0]",3.204108753190423,grabcut_fallback,,,,,contact_local_boundary,7608,0.49904886848146934,,,,0,,,26,0,,False,,36,0,0,,,0,,,failed,298,0.17853784019422808,track_confidence_below_threshold,,,,,not_run,0,,,,,,,,,not_run,discard,track_confidence_below_threshold,,/Users/huhu/Documents/Code/bishe/vrb/vrbreproduction/outputs/100subaction-e9/experiments/E9/pipeline_outputs/subaction_30_P01_109_30/candidate_04_frame_002718_left,,,,,,,,,,,,,,False
E9,30,P01_109_30,rinse hands,rinse,hand,['hand'],2579,2963,2578.0,2962.0,5.0,2718.0,right,new_contact_episode,164,12,52,"[148.0, 134.0, 313.0, 250.0]",3.3028005203906057,grabcut_fallback,,,,,contact_local_boundary,7739,0.5076418497868154,,,,0,,,26,0,,False,,36,0,0,,,0,,,failed,298,0.17853784019422808,track_confidence_below_threshold,,,,,not_run,0,,,,,,,,,not_run,discard,track_confidence_below_threshold,,/Users/huhu/Documents/Code/bishe/vrb/vrbreproduction/outputs/100subaction-e9/experiments/E9/pipeline_outputs/subaction_30_P01_109_30/candidate_05_frame_002718_right,,,,,,,,,,,,,,False
E9,30,P01_109_30,rinse hands,rinse,hand,['hand'],2579,2963,2578.0,2962.0,6.0,2719.0,right,new_contact_episode,164,12,25,"[139.0, 128.0, 314.0, 250.0]",3.328695655285016,grabcut_fallback,,,,,contact_local_boundary,7851,0.4943954659949622,,,,0,,,26,0,,False,,36,0,0,,,0,,,failed,299,0.17853784019422808,track_confidence_below_threshold,,,,,not_run,0,,,,,,,,,not_run,discard,track_confidence_below_threshold,,/Users/huhu/Documents/Code/bishe/vrb/vrbreproduction/outputs/100subaction-e9/experiments/E9/pipeline_outputs/subaction_30_P01_109_30/candidate_06_frame_002719_right,,,,,,,,,,,,,,False
E9,30,P01_109_30,rinse hands,rinse,hand,['hand'],2579,2963,2578.0,2962.0,7.0,2720.0,right,new_contact_episode,164,12,45,"[142.0, 127.0, 317.0, 251.0]",3.362825233671821,grabcut_fallback,,,,,contact_local_boundary,8655,0.5297790291975271,,,,0,,,26,0,,False,,36,0,0,,,0,,,failed,300,0.17853784019422808,track_confidence_below_threshold,,,,,not_run,0,,,,,,,,,not_run,discard,track_confidence_below_threshold,,/Users/huhu/Documents/Code/bishe/vrb/vrbreproduction/outputs/100subaction-e9/experiments/E9/pipeline_outputs/subaction_30_P01_109_30/candidate_07_frame_002720_right,,,,,,,,,,,,,,False
E9,30,P01_109_30,rinse hands,rinse,hand,['hand'],2579,2963,2578.0,2962.0,8.0,2723.0,left,new_contact_episode,164,12,57,"[148.0, 126.0, 306.0, 250.0]",3.205018777085157,grabcut_fallback,,,,,contact_local_boundary,8744,0.5628580624396524,,,,0,,,26,0,,False,,36,0,0,,,0,,,failed,303,0.17853784019422808,track_confidence_below_threshold,,,,,not_run,0,,,,,,,,,not_run,discard,track_confidence_below_threshold,,/Users/huhu/Documents/Code/bishe/vrb/vrbreproduction/outputs/100subaction-e9/experiments/E9/pipeline_outputs/subaction_30_P01_109_30/candidate_08_frame_002723_left,,,,,,,,,,,,,,False
E9,30,P01_109_30,rinse hands,rinse,hand,['hand'],2579,2963,2578.0,2962.0,9.0,2724.0,left,new_contact_episode,164,12,67,"[152.0, 129.0, 310.0, 248.0]",3.243733594204402,grabcut_fallback,,,,,contact_local_boundary,8143,0.5972130546387973,,,,0,,,26,0,,False,,36,0,0,,,0,,,failed,304,0.17853784019422808,track_confidence_below_threshold,,,,,not_run,0,,,,,,,,,not_run,discard,track_confidence_below_threshold,,/Users/huhu/Documents/Code/bishe/vrb/vrbreproduction/outputs/100subaction-e9/experiments/E9/pipeline_outputs/subaction_30_P01_109_30/candidate_09_frame_002724_left,,,,,,,,,,,,,,False
E9,30,P01_109_30,rinse hands,rinse,hand,['hand'],2579,2963,2578.0,2962.0,10.0,2725.0,left,new_contact_episode,164,12,74,"[156.0, 128.0, 308.0, 248.0]",3.252348450148852,grabcut_fallback,,,,,contact_local_boundary,7325,0.8277771499604475,,,,0,,,26,0,,False,,36,0,0,,,0,,,failed,305,0.17853784019422808,track_confidence_below_threshold,,,,,not_run,0,,,,,,,,,not_run,discard,track_confidence_below_threshold,,/Users/huhu/Documents/Code/bishe/vrb/vrbreproduction/outputs/100subaction-e9/experiments/E9/pipeline_outputs/subaction_30_P01_109_30/candidate_10_frame_002725_left,,,,,,,,,,,,,,False
E9,30,P01_109_30,rinse hands,rinse,hand,['hand'],2579,2963,2578.0,2962.0,11.0,2749.0,left,new_contact_episode,164,12,111,"[168.0, 122.0, 343.0, 251.0]",3.2165411992738715,grabcut_fallback,,,,,contact_local_boundary,10938,0.5657098525989139,,,,0,,,26,0,,False,,36,0,0,,,0,,,failed,329,0.17853784019422808,track_confidence_below_threshold,,,,,not_run,0,,,,,,,,,not_run,discard,track_confidence_below_threshold,,/Users/huhu/Documents/Code/bishe/vrb/vrbreproduction/outputs/100subaction-e9/experiments/E9/pipeline_outputs/subaction_30_P01_109_30/candidate_11_frame_002749_left,,,,,,,,,,,,,,False
E9,31,P01_109_31,turn off tap,turn-off,tap,['tap'],2967,2989,2966.0,2988.0,0.0,2968.0,left,new_contact_episode,10,6,21,"[145.0, 71.0, 244.0, 129.0]",3.1331812790157993,grabcut_fallback,bbox_fallback,fallback_lk,failed,ModuleNotFoundError:No module named 'torch',tap_knob_or_spout_edge,22,1.0,4910.0,0.8551027516544758,True,5,0.0,contact_part_mask,22,0,contact_part_local_affine,False,1.0,36,36,36,1.0,0.30633580684661865,5,0.0,5742.0,success,361,0.773420926196382,,2967.0,pre_contact_gap_tracked_reference,1.0,contact_part_local_affine,success,5,0.0,0.0816,,,,,,,success,keep,,6.3624099257946005,/Users/huhu/Documents/Code/bishe/vrb/vrbreproduction/outputs/100subaction-e9/experiments/E9/pipeline_outputs/subaction_31_P01_109_31/candidate_00_frame_002968_left,/Users/huhu/Documents/Code/bishe/vrb/vrbreproduction/outputs/100subaction-e9/experiments/E9/pipeline_outputs/subaction_31_P01_109_31/candidate_00_frame_002968_left,/Users/huhu/Documents/Code/bishe/vrb/vrbreproduction/outputs/100subaction-e9/experiments/E9/pipeline_outputs/subaction_31_P01_109_31/candidate_00_frame_002968_left/reference_frame.png,/Users/huhu/Documents/Code/bishe/vrb/vrbreproduction/outputs/100subaction-e9/experiments/E9/pipeline_outputs/subaction_31_P01_109_31/candidate_00_frame_002968_left/label_heatmap_merged_overlay.png,/Users/huhu/Documents/Code/bishe/vrb/vrbreproduction/outputs/100subaction-e9/experiments/E9/pipeline_outputs/subaction_31_P01_109_31/candidate_00_frame_002968_left/vrb_style_affordance.png,6.0,0.0,"[143.63, 72.08, 243.3, 129.56]",/Users/huhu/Documents/Code/bishe/vrb/vrbreproduction/outputs/100subaction-e9/experiments/E9/pipeline_outputs/subaction_31_P01_109_31/candidate_00_frame_002968_left/label_heatmap_merged.npy,/Users/huhu/Documents/Code/bishe/vrb/vrbreproduction/outputs/100subaction-e9/experiments/E9/pipeline_outputs/subaction_31_P01_109_31/candidate_00_frame_002968_left/label_heatmap_merged.png,/Users/huhu/Documents/Code/bishe/vrb/vrbreproduction/outputs/100subaction-e9/experiments/E9/pipeline_outputs/subaction_31_P01_109_31/candidate_00_frame_002968_left/mask_projection_overlay.png,"(256, 456)",isotropic_e7,True,True
E9,31,P01_109_31,turn off tap,turn-off,tap,['tap'],2967,2989,2966.0,2988.0,1.0,2969.0,left,new_contact_episode,10,6,0,,,,,,,,,0,,,,,0,,,0,0,,False,,0,0,0,,,0,,,not_run,0,0.0,,,,,,not_run,0,,,,,,,,,not_run,discard,missing_hand_or_object_bbox,,/Users/huhu/Documents/Code/bishe/vrb/vrbreproduction/outputs/100subaction-e9/experiments/E9/pipeline_outputs/subaction_31_P01_109_31/candidate_01_frame_002969_left,,,,,,,,,,,,,,False
E9,31,P01_109_31,turn off tap,turn-off,tap,['tap'],2967,2989,2966.0,2988.0,2.0,2970.0,left,new_contact_episode,10,6,29,"[144.0, 67.0, 243.0, 129.0]",3.206238574010081,grabcut_fallback,,,,,tap_knob_or_spout_edge,3539,0.5765721733463669,,,,0,,,26,0,,False,,36,0,0,,,0,,,success,361,0.773420926196382,,,,,,failed,0,,,,,,,,,not_run,discard,part_gate_failed,,/Users/huhu/Documents/Code/bishe/vrb/vrbreproduction/outputs/100subaction-e9/experiments/E9/pipeline_outputs/subaction_31_P01_109_31/candidate_02_frame_002970_left,,,,,6.0,0.0,,,,,,,,False
E9,31,P01_109_31,turn off tap,turn-off,tap,['tap'],2967,2989,2966.0,2988.0,3.0,2978.0,left,new_contact_episode,10,6,19,"[144.0, 58.0, 236.0, 117.0]",3.3241424246544784,grabcut_fallback,bbox_fallback,fallback_lk,failed,ModuleNotFoundError:No module named 'torch',tap_knob_or_spout_edge,3431,0.6320928518791452,3533.0,0.6653483992467043,True,5,0.0,contact_part_mask,26,0,contact_part_local_affine,False,1.0,36,36,36,1.0,0.5267390608787537,5,0.0,5310.0,success,361,0.7543074510206053,,2977.0,pre_contact_gap_tracked_reference,1.0,contact_part_local_affine,success,5,0.0,0.0752,,,,,,,success,keep,,6.365397828173636,/Users/huhu/Documents/Code/bishe/vrb/vrbreproduction/outputs/100subaction-e9/experiments/E9/pipeline_outputs/subaction_31_P01_109_31/candidate_03_frame_002978_left,/Users/huhu/Documents/Code/bishe/vrb/vrbreproduction/outputs/100subaction-e9/experiments/E9/pipeline_outputs/subaction_31_P01_109_31/candidate_03_frame_002978_left,/Users/huhu/Documents/Code/bishe/vrb/vrbreproduction/outputs/100subaction-e9/experiments/E9/pipeline_outputs/subaction_31_P01_109_31/candidate_03_frame_002978_left/reference_frame.png,/Users/huhu/Documents/Code/bishe/vrb/vrbreproduction/outputs/100subaction-e9/experiments/E9/pipeline_outputs/subaction_31_P01_109_31/candidate_03_frame_002978_left/label_heatmap_merged_overlay.png,/Users/huhu/Documents/Code/bishe/vrb/vrbreproduction/outputs/100subaction-e9/experiments/E9/pipeline_outputs/subaction_31_P01_109_31/candidate_03_frame_002978_left/vrb_style_affordance.png,6.0,0.0,"[145.43, 59.67, 234.71, 119.3]",/Users/huhu/Documents/Code/bishe/vrb/vrbreproduction/outputs/100subaction-e9/experiments/E9/pipeline_outputs/subaction_31_P01_109_31/candidate_03_frame_002978_left/label_heatmap_merged.npy,/Users/huhu/Documents/Code/bishe/vrb/vrbreproduction/outputs/100subaction-e9/experiments/E9/pipeline_outputs/subaction_31_P01_109_31/candidate_03_frame_002978_left/label_heatmap_merged.png,/Users/huhu/Documents/Code/bishe/vrb/vrbreproduction/outputs/100subaction-e9/experiments/E9/pipeline_outputs/subaction_31_P01_109_31/candidate_03_frame_002978_left/mask_projection_overlay.png,"(256, 456)",isotropic_e7,True,True
E9,31,P01_109_31,turn off tap,turn-off,tap,['tap'],2967,2989,2966.0,2988.0,4.0,2979.0,left,new_contact_episode,10,6,19,"[146.0, 56.0, 235.0, 116.0]",3.329894209271904,grabcut_fallback,bbox_fallback,fallback_lk,failed,ModuleNotFoundError:No module named 'torch',tap_knob_or_spout_edge,3331,0.6237827715355805,3462.0,0.6667950693374423,True,5,0.0,contact_part_mask,26,0,contact_part_local_affine,False,0.9927777777777778,36,36,34,0.9444444444444444,0.9080069065093994,5,0.0,5192.0,success,361,0.7543074510206053,,2977.0,pre_contact_gap_tracked_reference,2.0,contact_part_local_affine,success,5,0.0,0.0752,,,,,,,success,keep,,6.314070903915829,/Users/huhu/Documents/Code/bishe/vrb/vrbreproduction/outputs/100subaction-e9/experiments/E9/pipeline_outputs/subaction_31_P01_109_31/candidate_04_frame_002979_left,/Users/huhu/Documents/Code/bishe/vrb/vrbreproduction/outputs/100subaction-e9/experiments/E9/pipeline_outputs/subaction_31_P01_109_31/candidate_04_frame_002979_left,/Users/huhu/Documents/Code/bishe/vrb/vrbreproduction/outputs/100subaction-e9/experiments/E9/pipeline_outputs/subaction_31_P01_109_31/candidate_04_frame_002979_left/reference_frame.png,/Users/huhu/Documents/Code/bishe/vrb/vrbreproduction/outputs/100subaction-e9/experiments/E9/pipeline_outputs/subaction_31_P01_109_31/candidate_04_frame_002979_left/label_heatmap_merged_overlay.png,/Users/huhu/Documents/Code/bishe/vrb/vrbreproduction/outputs/100subaction-e9/experiments/E9/pipeline_outputs/subaction_31_P01_109_31/candidate_04_frame_002979_left/vrb_style_affordance.png,6.0,0.0,"[145.72, 59.61, 234.49, 119.29]",/Users/huhu/Documents/Code/bishe/vrb/vrbreproduction/outputs/100subaction-e9/experiments/E9/pipeline_outputs/subaction_31_P01_109_31/candidate_04_frame_002979_left/label_heatmap_merged.npy,/Users/huhu/Documents/Code/bishe/vrb/vrbreproduction/outputs/100subaction-e9/experiments/E9/pipeline_outputs/subaction_31_P01_109_31/candidate_04_frame_002979_left/label_heatmap_merged.png,/Users/huhu/Documents/Code/bishe/vrb/vrbreproduction/outputs/100subaction-e9/experiments/E9/pipeline_outputs/subaction_31_P01_109_31/candidate_04_frame_002979_left/mask_projection_overlay.png,"(256, 456)",isotropic_e7,True,False
E9,31,P01_109_31,turn off tap,turn-off,tap,['tap'],2967,2989,2966.0,2988.0,5.0,2980.0,left,new_contact_episode,10,6,19,"[145.0, 55.0, 235.0, 114.0]",3.345253487302144,grabcut_fallback,bbox_fallback,fallback_lk,failed,ModuleNotFoundError:No module named 'torch',tap_knob_or_spout_edge,3420,0.6440677966101694,3558.0,0.6775852218625024,True,5,0.0,contact_part_mask,26,0,contact_part_local_affine,False,0.9927777777777778,36,36,34,0.9444444444444444,1.1739418506622314,5,0.0,5251.0,success,361,0.7543074510206053,,2977.0,pre_contact_gap_tracked_reference,3.0,contact_part_local_affine,success,5,0.0,0.0752,,,,,,,success,keep,,6.300092855591244,/Users/huhu/Documents/Code/bishe/vrb/vrbreproduction/outputs/100subaction-e9/experiments/E9/pipeline_outputs/subaction_31_P01_109_31/candidate_05_frame_002980_left,/Users/huhu/Documents/Code/bishe/vrb/vrbreproduction/outputs/100subaction-e9/experiments/E9/pipeline_outputs/subaction_31_P01_109_31/candidate_05_frame_002980_left,/Users/huhu/Documents/Code/bishe/vrb/vrbreproduction/outputs/100subaction-e9/experiments/E9/pipeline_outputs/subaction_31_P01_109_31/candidate_05_frame_002980_left/reference_frame.png,/Users/huhu/Documents/Code/bishe/vrb/vrbreproduction/outputs/100subaction-e9/experiments/E9/pipeline_outputs/subaction_31_P01_109_31/candidate_05_frame_002980_left/label_heatmap_merged_overlay.png,/Users/huhu/Documents/Code/bishe/vrb/vrbreproduction/outputs/100subaction-e9/experiments/E9/pipeline_outputs/subaction_31_P01_109_31/candidate_05_frame_002980_left/vrb_style_affordance.png,6.0,0.0,"[145.69, 59.59, 234.52, 119.24]",/Users/huhu/Documents/Code/bishe/vrb/vrbreproduction/outputs/100subaction-e9/experiments/E9/pipeline_outputs/subaction_31_P01_109_31/candidate_05_frame_002980_left/label_heatmap_merged.npy,/Users/huhu/Documents/Code/bishe/vrb/vrbreproduction/outputs/100subaction-e9/experiments/E9/pipeline_outputs/subaction_31_P01_109_31/candidate_05_frame_002980_left/label_heatmap_merged.png,/Users/huhu/Documents/Code/bishe/vrb/vrbreproduction/outputs/100subaction-e9/experiments/E9/pipeline_outputs/subaction_31_P01_109_31/candidate_05_frame_002980_left/mask_projection_overlay.png,"(256, 456)",isotropic_e7,True,True
E9,32,P01_109_32,shake hands,shake,hand,['hand'],3001,3072,3000.0,3071.0,0.0,3009.0,left,new_contact_episode,24,8,142,"[104.0, 27.0, 395.0, 250.0]",3.287672734052251,grabcut_fallback,bbox_fallback,fallback_lk,failed,ModuleNotFoundError:No module named 'torch',contact_local_boundary,22434,0.48046774608069903,19213.0,0.42168912690399896,True,5,0.0,contact_part_mask,26,0,contact_part_local_affine,False,0.9925714285714287,36,35,33,0.9428571428571428,0.8179863095283508,5,0.0,45562.0,success,361,0.6057073726004573,,3008.0,pre_contact_gap_tracked_reference,1.0,contact_part_local_affine,success,5,0.0,0.4909777777777778,,,,,,,success,keep,,5.69813660119034,/Users/huhu/Documents/Code/bishe/vrb/vrbreproduction/outputs/100subaction-e9/experiments/E9/pipeline_outputs/subaction_32_P01_109_32/candidate_00_frame_003009_left,/Users/huhu/Documents/Code/bishe/vrb/vrbreproduction/outputs/100subaction-e9/experiments/E9/pipeline_outputs/subaction_32_P01_109_32/candidate_00_frame_003009_left,/Users/huhu/Documents/Code/bishe/vrb/vrbreproduction/outputs/100subaction-e9/experiments/E9/pipeline_outputs/subaction_32_P01_109_32/candidate_00_frame_003009_left/reference_frame.png,/Users/huhu/Documents/Code/bishe/vrb/vrbreproduction/outputs/100subaction-e9/experiments/E9/pipeline_outputs/subaction_32_P01_109_32/candidate_00_frame_003009_left/label_heatmap_merged_overlay.png,/Users/huhu/Documents/Code/bishe/vrb/vrbreproduction/outputs/100subaction-e9/experiments/E9/pipeline_outputs/subaction_32_P01_109_32/candidate_00_frame_003009_left/vrb_style_affordance.png,6.0,0.0,"[168.25, 32.52, 386.05, 241.85]",/Users/huhu/Documents/Code/bishe/vrb/vrbreproduction/outputs/100subaction-e9/experiments/E9/pipeline_outputs/subaction_32_P01_109_32/candidate_00_frame_003009_left/label_heatmap_merged.npy,/Users/huhu/Documents/Code/bishe/vrb/vrbreproduction/outputs/100subaction-e9/experiments/E9/pipeline_outputs/subaction_32_P01_109_32/candidate_00_frame_003009_left/label_heatmap_merged.png,/Users/huhu/Documents/Code/bishe/vrb/vrbreproduction/outputs/100subaction-e9/experiments/E9/pipeline_outputs/subaction_32_P01_109_32/candidate_00_frame_003009_left/mask_projection_overlay.png,"(256, 456)",isotropic_e7,True,False
E9,32,P01_109_32,shake hands,shake,hand,['hand'],3001,3072,3000.0,3071.0,1.0,3010.0,left,new_contact_episode,24,8,212,"[211.0, 13.0, 407.0, 245.0]",4.172463425993222,grabcut_fallback,bbox_fallback,fallback_lk,failed,ModuleNotFoundError:No module named 'torch',contact_local_boundary,9582,0.502122307813237,9823.0,0.38359106529209624,True,5,0.0,contact_part_mask,26,0,contact_part_local_affine,False,0.935,36,12,6,0.5,1.5732932090759277,5,0.0,25608.0,success,361,0.6057073726004573,,2990.0,pre_contact_gap_tracked_reference,20.0,contact_part_local_affine,success,5,0.0,0.09742222222222222,,,,,,,success,keep,,5.728822525362201,/Users/huhu/Documents/Code/bishe/vrb/vrbreproduction/outputs/100subaction-e9/experiments/E9/pipeline_outputs/subaction_32_P01_109_32/candidate_01_frame_003010_left,/Users/huhu/Documents/Code/bishe/vrb/vrbreproduction/outputs/100subaction-e9/experiments/E9/pipeline_outputs/subaction_32_P01_109_32/candidate_01_frame_003010_left,/Users/huhu/Documents/Code/bishe/vrb/vrbreproduction/outputs/100subaction-e9/experiments/E9/pipeline_outputs/subaction_32_P01_109_32/candidate_01_frame_003010_left/reference_frame.png,/Users/huhu/Documents/Code/bishe/vrb/vrbreproduction/outputs/100subaction-e9/experiments/E9/pipeline_outputs/subaction_32_P01_109_32/candidate_01_frame_003010_left/label_heatmap_merged_overlay.png,/Users/huhu/Documents/Code/bishe/vrb/vrbreproduction/outputs/100subaction-e9/experiments/E9/pipeline_outputs/subaction_32_P01_109_32/candidate_01_frame_003010_left/vrb_style_affordance.png,6.0,0.0,"[126.34, 112.27, 320.04, 243.75]",/Users/huhu/Documents/Code/bishe/vrb/vrbreproduction/outputs/100subaction-e9/experiments/E9/pipeline_outputs/subaction_32_P01_109_32/candidate_01_frame_003010_left/label_heatmap_merged.npy,/Users/huhu/Documents/Code/bishe/vrb/vrbreproduction/outputs/100subaction-e9/experiments/E9/pipeline_outputs/subaction_32_P01_109_32/candidate_01_frame_003010_left/label_heatmap_merged.png,/Users/huhu/Documents/Code/bishe/vrb/vrbreproduction/outputs/100subaction-e9/experiments/E9/pipeline_outputs/subaction_32_P01_109_32/candidate_01_frame_003010_left/mask_projection_overlay.png,"(256, 456)",isotropic_e7,True,True
E9,32,P01_109_32,shake hands,shake,hand,['hand'],3001,3072,3000.0,3071.0,2.0,3011.0,left,new_contact_episode,24,8,228,"[189.0, 2.0, 412.0, 249.0]",3.99689711464466,grabcut_fallback,bbox_fallback,fallback_lk,failed,ModuleNotFoundError:No module named 'torch',contact_local_boundary,20464,0.49082579809560356,14513.0,0.36833155677376783,True,3,0.0,contact_part_mask,26,10,contact_part_local_affine,False,0.7782,36,25,16,0.64,0.7764153480529785,3,0.0,39402.0,success,361,0.6057073726004573,,3007.0,pre_contact_gap_tracked_reference,4.0,contact_part_local_affine,success,3,0.0,0.44408888888888887,,,,,,,success,keep,,4.7169742062250775,/Users/huhu/Documents/Code/bishe/vrb/vrbreproduction/outputs/100subaction-e9/experiments/E9/pipeline_outputs/subaction_32_P01_109_32/candidate_02_frame_003011_left,/Users/huhu/Documents/Code/bishe/vrb/vrbreproduction/outputs/100subaction-e9/experiments/E9/pipeline_outputs/subaction_32_P01_109_32/candidate_02_frame_003011_left,/Users/huhu/Documents/Code/bishe/vrb/vrbreproduction/outputs/100subaction-e9/experiments/E9/pipeline_outputs/subaction_32_P01_109_32/candidate_02_frame_003011_left/reference_frame.png,/Users/huhu/Documents/Code/bishe/vrb/vrbreproduction/outputs/100subaction-e9/experiments/E9/pipeline_outputs/subaction_32_P01_109_32/candidate_02_frame_003011_left/label_heatmap_merged_overlay.png,/Users/huhu/Documents/Code/bishe/vrb/vrbreproduction/outputs/100subaction-e9/experiments/E9/pipeline_outputs/subaction_32_P01_109_32/candidate_02_frame_003011_left/vrb_style_affordance.png,6.0,0.0,"[183.97, 42.43, 382.36, 240.71]",/Users/huhu/Documents/Code/bishe/vrb/vrbreproduction/outputs/100subaction-e9/experiments/E9/pipeline_outputs/subaction_32_P01_109_32/candidate_02_frame_003011_left/label_heatmap_merged.npy,/Users/huhu/Documents/Code/bishe/vrb/vrbreproduction/outputs/100subaction-e9/experiments/E9/pipeline_outputs/subaction_32_P01_109_32/candidate_02_frame_003011_left/label_heatmap_merged.png,/Users/huhu/Documents/Code/bishe/vrb/vrbreproduction/outputs/100subaction-e9/experiments/E9/pipeline_outputs/subaction_32_P01_109_32/candidate_02_frame_003011_left/mask_projection_overlay.png,"(256, 456)",isotropic_e7,True,False
E9,32,P01_109_32,shake hands,shake,hand,['hand'],3001,3072,3000.0,3071.0,3.0,3029.0,left,new_contact_episode,24,8,0,"[15.0, 24.0, 374.0, 250.0]",0.6167971913223038,,,,,,,0,,,,,0,,,0,0,,False,,0,0,0,,,0,,,not_run,0,0.0,,,,,,not_run,0,,,,,,,,,not_run,discard,contact_points_lt5_after_object_boundary_filter,,/Users/huhu/Documents/Code/bishe/vrb/vrbreproduction/outputs/100subaction-e9/experiments/E9/pipeline_outputs/subaction_32_P01_109_32/candidate_03_frame_003029_left,,,,,,,,,,,,,,False
E9,32,P01_109_32,shake hands,shake,hand,['hand'],3001,3072,3000.0,3071.0,4.0,3030.0,left,new_contact_episode,24,8,0,,,,,,,,,0,,,,,0,,,0,0,,False,,0,0,0,,,0,,,not_run,0,0.0,,,,,,not_run,0,,,,,,,,,not_run,discard,missing_hand_or_object_bbox,,/Users/huhu/Documents/Code/bishe/vrb/vrbreproduction/outputs/100subaction-e9/experiments/E9/pipeline_outputs/subaction_32_P01_109_32/candidate_04_frame_003030_left,,,,,,,,,,,,,,False
E9,32,P01_109_32,shake hands,shake,hand,['hand'],3001,3072,3000.0,3071.0,5.0,3040.0,left,new_contact_episode,24,8,0,,,,,,,,,0,,,,,0,,,0,0,,False,,0,0,0,,,0,,,not_run,0,0.0,,,,,,not_run,0,,,,,,,,,not_run,discard,missing_hand_or_object_bbox,,/Users/huhu/Documents/Code/bishe/vrb/vrbreproduction/outputs/100subaction-e9/experiments/E9/pipeline_outputs/subaction_32_P01_109_32/candidate_05_frame_003040_left,,,,,,,,,,,,,,False
E9,32,P01_109_32,shake hands,shake,hand,['hand'],3001,3072,3000.0,3071.0,6.0,3041.0,left,new_contact_episode,24,8,0,,,,,,,,,0,,,,,0,,,0,0,,False,,0,0,0,,,0,,,not_run,0,0.0,,,,,,not_run,0,,,,,,,,,not_run,discard,missing_hand_or_object_bbox,,/Users/huhu/Documents/Code/bishe/vrb/vrbreproduction/outputs/100subaction-e9/experiments/E9/pipeline_outputs/subaction_32_P01_109_32/candidate_06_frame_003041_left,,,,,,,,,,,,,,False
E9,32,P01_109_32,shake hands,shake,hand,['hand'],3001,3072,3000.0,3071.0,7.0,3042.0,left,new_contact_episode,24,8,0,,,,,,,,,0,,,,,0,,,0,0,,False,,0,0,0,,,0,,,not_run,0,0.0,,,,,,not_run,0,,,,,,,,,not_run,discard,missing_hand_or_object_bbox,,/Users/huhu/Documents/Code/bishe/vrb/vrbreproduction/outputs/100subaction-e9/experiments/E9/pipeline_outputs/subaction_32_P01_109_32/candidate_07_frame_003042_left,,,,,,,,,,,,,,False
E9,33,P01_109_33,pick up cloth,pick-up,cloth,['cloth'],3084,3140,3083.0,3139.0,0.0,3088.0,left,new_contact_episode,26,9,54,"[138.0, 166.0, 198.0, 213.0]",3.7513949068213006,grabcut_fallback,bbox_fallback,fallback_lk,failed,ModuleNotFoundError:No module named 'torch',contact_local_boundary,2584,0.9163120567375886,2857.0,0.9072721498888536,True,5,0.0,contact_part_mask,26,0,contact_part_local_affine,False,0.9819444444444445,36,36,31,0.8611111111111112,1.2377201318740845,5,0.0,3149.0,success,64,0.2271414305349922,no_detection_or_flow,3084.0,pre_contact_gap_tracked_reference,4.0,contact_part_local_affine,success,5,0.0,0.04511111111111111,,,,,,,success,keep,,6.193389919654889,/Users/huhu/Documents/Code/bishe/vrb/vrbreproduction/outputs/100subaction-e9/experiments/E9/pipeline_outputs/subaction_33_P01_109_33/candidate_00_frame_003088_left,/Users/huhu/Documents/Code/bishe/vrb/vrbreproduction/outputs/100subaction-e9/experiments/E9/pipeline_outputs/subaction_33_P01_109_33/candidate_00_frame_003088_left,/Users/huhu/Documents/Code/bishe/vrb/vrbreproduction/outputs/100subaction-e9/experiments/E9/pipeline_outputs/subaction_33_P01_109_33/candidate_00_frame_003088_left/reference_frame.png,/Users/huhu/Documents/Code/bishe/vrb/vrbreproduction/outputs/100subaction-e9/experiments/E9/pipeline_outputs/subaction_33_P01_109_33/candidate_00_frame_003088_left/label_heatmap_merged_overlay.png,/Users/huhu/Documents/Code/bishe/vrb/vrbreproduction/outputs/100subaction-e9/experiments/E9/pipeline_outputs/subaction_33_P01_109_33/candidate_00_frame_003088_left/vrb_style_affordance.png,6.0,0.0,"[123.47, 166.66, 189.73, 214.02]",/Users/huhu/Documents/Code/bishe/vrb/vrbreproduction/outputs/100subaction-e9/experiments/E9/pipeline_outputs/subaction_33_P01_109_33/candidate_00_frame_003088_left/label_heatmap_merged.npy,/Users/huhu/Documents/Code/bishe/vrb/vrbreproduction/outputs/100subaction-e9/experiments/E9/pipeline_outputs/subaction_33_P01_109_33/candidate_00_frame_003088_left/label_heatmap_merged.png,/Users/huhu/Documents/Code/bishe/vrb/vrbreproduction/outputs/100subaction-e9/experiments/E9/pipeline_outputs/subaction_33_P01_109_33/candidate_00_frame_003088_left/mask_projection_overlay.png,"(256, 456)",isotropic_e7,True,False
E9,33,P01_109_33,pick up cloth,pick-up,cloth,['cloth'],3084,3140,3083.0,3139.0,1.0,3089.0,left,new_contact_episode,26,9,48,"[140.0, 162.0, 199.0, 212.0]",3.59811547106929,grabcut_fallback,bbox_fallback,fallback_lk,failed,ModuleNotFoundError:No module named 'torch',contact_local_boundary,2635,0.8932203389830509,2671.0,0.9216701173222912,True,5,0.0,contact_part_mask,26,0,contact_part_local_affine,False,1.0,36,36,36,1.0,0.7535691261291504,5,0.0,2898.0,success,65,0.2271414305349922,no_detection_or_flow,3087.0,pre_contact_gap_tracked_reference,2.0,contact_part_local_affine,success,5,0.0,0.07262222222222223,,,,,,,success,keep,,6.356459592882791,/Users/huhu/Documents/Code/bishe/vrb/vrbreproduction/outputs/100subaction-e9/experiments/E9/pipeline_outputs/subaction_33_P01_109_33/candidate_01_frame_003089_left,/Users/huhu/Documents/Code/bishe/vrb/vrbreproduction/outputs/100subaction-e9/experiments/E9/pipeline_outputs/subaction_33_P01_109_33/candidate_01_frame_003089_left,/Users/huhu/Documents/Code/bishe/vrb/vrbreproduction/outputs/100subaction-e9/experiments/E9/pipeline_outputs/subaction_33_P01_109_33/candidate_01_frame_003089_left/reference_frame.png,/Users/huhu/Documents/Code/bishe/vrb/vrbreproduction/outputs/100subaction-e9/experiments/E9/pipeline_outputs/subaction_33_P01_109_33/candidate_01_frame_003089_left/label_heatmap_merged_overlay.png,/Users/huhu/Documents/Code/bishe/vrb/vrbreproduction/outputs/100subaction-e9/experiments/E9/pipeline_outputs/subaction_33_P01_109_33/candidate_01_frame_003089_left/vrb_style_affordance.png,6.0,0.0,"[133.6, 166.88, 197.04, 212.57]",/Users/huhu/Documents/Code/bishe/vrb/vrbreproduction/outputs/100subaction-e9/experiments/E9/pipeline_outputs/subaction_33_P01_109_33/candidate_01_frame_003089_left/label_heatmap_merged.npy,/Users/huhu/Documents/Code/bishe/vrb/vrbreproduction/outputs/100subaction-e9/experiments/E9/pipeline_outputs/subaction_33_P01_109_33/candidate_01_frame_003089_left/label_heatmap_merged.png,/Users/huhu/Documents/Code/bishe/vrb/vrbreproduction/outputs/100subaction-e9/experiments/E9/pipeline_outputs/subaction_33_P01_109_33/candidate_01_frame_003089_left/mask_projection_overlay.png,"(256, 456)",isotropic_e7,True,True
E9,33,P01_109_33,pick up cloth,pick-up,cloth,['cloth'],3084,3140,3083.0,3139.0,2.0,3090.0,left,new_contact_episode,26,9,42,"[142.0, 166.0, 202.0, 213.0]",3.841127739428118,grabcut_fallback,bbox_fallback,fallback_lk,failed,ModuleNotFoundError:No module named 'torch',contact_local_boundary,2582,0.9156028368794327,2776.0,0.9086743044189852,True,5,0.0,contact_part_mask,26,0,contact_part_local_affine,False,0.9638888888888889,36,36,26,0.7222222222222222,1.1653801202774048,5,0.0,3055.0,success,66,0.2271414305349922,no_detection_or_flow,3085.0,pre_contact_gap_tracked_reference,5.0,contact_part_local_affine,success,5,0.0,0.0,,,,,,,success,keep,,6.203066651947233,/Users/huhu/Documents/Code/bishe/vrb/vrbreproduction/outputs/100subaction-e9/experiments/E9/pipeline_outputs/subaction_33_P01_109_33/candidate_02_frame_003090_left,/Users/huhu/Documents/Code/bishe/vrb/vrbreproduction/outputs/100subaction-e9/experiments/E9/pipeline_outputs/subaction_33_P01_109_33/candidate_02_frame_003090_left,/Users/huhu/Documents/Code/bishe/vrb/vrbreproduction/outputs/100subaction-e9/experiments/E9/pipeline_outputs/subaction_33_P01_109_33/candidate_02_frame_003090_left/reference_frame.png,/Users/huhu/Documents/Code/bishe/vrb/vrbreproduction/outputs/100subaction-e9/experiments/E9/pipeline_outputs/subaction_33_P01_109_33/candidate_02_frame_003090_left/label_heatmap_merged_overlay.png,/Users/huhu/Documents/Code/bishe/vrb/vrbreproduction/outputs/100subaction-e9/experiments/E9/pipeline_outputs/subaction_33_P01_109_33/candidate_02_frame_003090_left/vrb_style_affordance.png,6.0,0.0,"[126.82, 166.73, 192.23, 213.78]",/Users/huhu/Documents/Code/bishe/vrb/vrbreproduction/outputs/100subaction-e9/experiments/E9/pipeline_outputs/subaction_33_P01_109_33/candidate_02_frame_003090_left/label_heatmap_merged.npy,/Users/huhu/Documents/Code/bishe/vrb/vrbreproduction/outputs/100subaction-e9/experiments/E9/pipeline_outputs/subaction_33_P01_109_33/candidate_02_frame_003090_left/label_heatmap_merged.png,/Users/huhu/Documents/Code/bishe/vrb/vrbreproduction/outputs/100subaction-e9/experiments/E9/pipeline_outputs/subaction_33_P01_109_33/candidate_02_frame_003090_left/mask_projection_overlay.png,"(256, 456)",isotropic_e7,True,False
E9,33,P01_109_33,pick up cloth,pick-up,cloth,['cloth'],3084,3140,3083.0,3139.0,3.0,3121.0,left,new_contact_episode,26,9,0,,,,,,,,,0,,,,,0,,,0,0,,False,,0,0,0,,,0,,,not_run,0,0.0,,,,,,not_run,0,,,,,,,,,not_run,discard,missing_hand_or_object_bbox,,/Users/huhu/Documents/Code/bishe/vrb/vrbreproduction/outputs/100subaction-e9/experiments/E9/pipeline_outputs/subaction_33_P01_109_33/candidate_03_frame_003121_left,,,,,,,,,,,,,,False
E9,33,P01_109_33,pick up cloth,pick-up,cloth,['cloth'],3084,3140,3083.0,3139.0,4.0,3122.0,left,new_contact_episode,26,9,89,"[198.0, 155.0, 255.0, 211.0]",3.5713247072459247,grabcut_fallback,bbox_fallback,fallback_lk,failed,ModuleNotFoundError:No module named 'torch',contact_local_boundary,1968,1.0,3422.0,1.0,True,5,0.0,contact_part_mask,26,0,contact_part_local_affine,False,1.0,36,36,36,1.0,0.8827023506164551,5,0.0,3422.0,success,98,0.2271414305349922,no_detection_or_flow,3119.0,pre_contact_gap_tracked_reference,3.0,contact_part_local_affine,success,5,0.0,0.0,,,,,,,success,keep,,6.362429341981506,/Users/huhu/Documents/Code/bishe/vrb/vrbreproduction/outputs/100subaction-e9/experiments/E9/pipeline_outputs/subaction_33_P01_109_33/candidate_04_frame_003122_left,/Users/huhu/Documents/Code/bishe/vrb/vrbreproduction/outputs/100subaction-e9/experiments/E9/pipeline_outputs/subaction_33_P01_109_33/candidate_04_frame_003122_left,/Users/huhu/Documents/Code/bishe/vrb/vrbreproduction/outputs/100subaction-e9/experiments/E9/pipeline_outputs/subaction_33_P01_109_33/candidate_04_frame_003122_left/reference_frame.png,/Users/huhu/Documents/Code/bishe/vrb/vrbreproduction/outputs/100subaction-e9/experiments/E9/pipeline_outputs/subaction_33_P01_109_33/candidate_04_frame_003122_left/label_heatmap_merged_overlay.png,/Users/huhu/Documents/Code/bishe/vrb/vrbreproduction/outputs/100subaction-e9/experiments/E9/pipeline_outputs/subaction_33_P01_109_33/candidate_04_frame_003122_left/vrb_style_affordance.png,3.0,3.0,"[193.63, 152.91, 253.01, 211.33]",/Users/huhu/Documents/Code/bishe/vrb/vrbreproduction/outputs/100subaction-e9/experiments/E9/pipeline_outputs/subaction_33_P01_109_33/candidate_04_frame_003122_left/label_heatmap_merged.npy,/Users/huhu/Documents/Code/bishe/vrb/vrbreproduction/outputs/100subaction-e9/experiments/E9/pipeline_outputs/subaction_33_P01_109_33/candidate_04_frame_003122_left/label_heatmap_merged.png,/Users/huhu/Documents/Code/bishe/vrb/vrbreproduction/outputs/100subaction-e9/experiments/E9/pipeline_outputs/subaction_33_P01_109_33/candidate_04_frame_003122_left/mask_projection_overlay.png,"(256, 456)",isotropic_e7,True,True
E9,33,P01_109_33,pick up cloth,pick-up,cloth,['cloth'],3084,3140,3083.0,3139.0,5.0,3123.0,left,new_contact_episode,26,9,58,"[200.0, 157.0, 257.0, 211.0]",3.671185181591801,grabcut_fallback,bbox_fallback,fallback_lk,failed,ModuleNotFoundError:No module named 'torch',contact_local_boundary,1929,1.0,3422.0,1.0,True,5,0.0,contact_part_mask,26,0,contact_part_local_affine,False,0.9819444444444445,36,36,31,0.8611111111111112,1.0749284029006958,5,0.0,3422.0,success,99,0.2271414305349922,no_detection_or_flow,3119.0,pre_contact_gap_tracked_reference,4.0,contact_part_local_affine,success,5,0.0,0.0,,,,,,,success,keep,,6.265940338190757,/Users/huhu/Documents/Code/bishe/vrb/vrbreproduction/outputs/100subaction-e9/experiments/E9/pipeline_outputs/subaction_33_P01_109_33/candidate_05_frame_003123_left,/Users/huhu/Documents/Code/bishe/vrb/vrbreproduction/outputs/100subaction-e9/experiments/E9/pipeline_outputs/subaction_33_P01_109_33/candidate_05_frame_003123_left,/Users/huhu/Documents/Code/bishe/vrb/vrbreproduction/outputs/100subaction-e9/experiments/E9/pipeline_outputs/subaction_33_P01_109_33/candidate_05_frame_003123_left/reference_frame.png,/Users/huhu/Documents/Code/bishe/vrb/vrbreproduction/outputs/100subaction-e9/experiments/E9/pipeline_outputs/subaction_33_P01_109_33/candidate_05_frame_003123_left/label_heatmap_merged_overlay.png,/Users/huhu/Documents/Code/bishe/vrb/vrbreproduction/outputs/100subaction-e9/experiments/E9/pipeline_outputs/subaction_33_P01_109_33/candidate_05_frame_003123_left/vrb_style_affordance.png,2.0,4.0,"[193.98, 153.43, 253.49, 211.33]",/Users/huhu/Documents/Code/bishe/vrb/vrbreproduction/outputs/100subaction-e9/experiments/E9/pipeline_outputs/subaction_33_P01_109_33/candidate_05_frame_003123_left/label_heatmap_merged.npy,/Users/huhu/Documents/Code/bishe/vrb/vrbreproduction/outputs/100subaction-e9/experiments/E9/pipeline_outputs/subaction_33_P01_109_33/candidate_05_frame_003123_left/label_heatmap_merged.png,/Users/huhu/Documents/Code/bishe/vrb/vrbreproduction/outputs/100subaction-e9/experiments/E9/pipeline_outputs/subaction_33_P01_109_33/candidate_05_frame_003123_left/mask_projection_overlay.png,"(256, 456)",isotropic_e7,True,False
E9,33,P01_109_33,pick up cloth,pick-up,cloth,['cloth'],3084,3140,3083.0,3139.0,6.0,3136.0,right,new_contact_episode,26,9,0,,,,,,,,,0,,,,,0,,,0,0,,False,,0,0,0,,,0,,,not_run,0,0.0,,,,,,not_run,0,,,,,,,,,not_run,discard,missing_hand_or_object_bbox,,/Users/huhu/Documents/Code/bishe/vrb/vrbreproduction/outputs/100subaction-e9/experiments/E9/pipeline_outputs/subaction_33_P01_109_33/candidate_06_frame_003136_right,,,,,,,,,,,,,,False
E9,33,P01_109_33,pick up cloth,pick-up,cloth,['cloth'],3084,3140,3083.0,3139.0,7.0,3137.0,right,new_contact_episode,26,9,93,"[228.0, 162.0, 262.0, 236.0]",3.500474952132844,grabcut_fallback,bbox_fallback,fallback_lk,failed,ModuleNotFoundError:No module named 'torch',contact_local_boundary,1534,1.0,3134.0,0.9949206349206349,True,5,0.0,contact_part_mask,26,0,contact_part_local_affine,False,0.962857142857143,36,21,15,0.7142857142857143,1.1660245656967163,5,0.0,3150.0,success,113,0.2271414305349922,no_detection_or_flow,3128.0,pre_contact_gap_tracked_reference,9.0,contact_part_local_affine,success,5,0.0,0.0,,,,,,,success,keep,,6.1299406761864965,/Users/huhu/Documents/Code/bishe/vrb/vrbreproduction/outputs/100subaction-e9/experiments/E9/pipeline_outputs/subaction_33_P01_109_33/candidate_07_frame_003137_right,/Users/huhu/Documents/Code/bishe/vrb/vrbreproduction/outputs/100subaction-e9/experiments/E9/pipeline_outputs/subaction_33_P01_109_33/candidate_07_frame_003137_right,/Users/huhu/Documents/Code/bishe/vrb/vrbreproduction/outputs/100subaction-e9/experiments/E9/pipeline_outputs/subaction_33_P01_109_33/candidate_07_frame_003137_right/reference_frame.png,/Users/huhu/Documents/Code/bishe/vrb/vrbreproduction/outputs/100subaction-e9/experiments/E9/pipeline_outputs/subaction_33_P01_109_33/candidate_07_frame_003137_right/label_heatmap_merged_overlay.png,/Users/huhu/Documents/Code/bishe/vrb/vrbreproduction/outputs/100subaction-e9/experiments/E9/pipeline_outputs/subaction_33_P01_109_33/candidate_07_frame_003137_right/vrb_style_affordance.png,6.0,0.0,"[209.84, 164.01, 255.15, 234.05]",/Users/huhu/Documents/Code/bishe/vrb/vrbreproduction/outputs/100subaction-e9/experiments/E9/pipeline_outputs/subaction_33_P01_109_33/candidate_07_frame_003137_right/label_heatmap_merged.npy,/Users/huhu/Documents/Code/bishe/vrb/vrbreproduction/outputs/100subaction-e9/experiments/E9/pipeline_outputs/subaction_33_P01_109_33/candidate_07_frame_003137_right/label_heatmap_merged.png,/Users/huhu/Documents/Code/bishe/vrb/vrbreproduction/outputs/100subaction-e9/experiments/E9/pipeline_outputs/subaction_33_P01_109_33/candidate_07_frame_003137_right/mask_projection_overlay.png,"(256, 456)",isotropic_e7,True,True
E9,33,P01_109_33,pick up cloth,pick-up,cloth,['cloth'],3084,3140,3083.0,3139.0,8.0,3138.0,right,new_contact_episode,26,9,284,"[220.0, 169.0, 266.0, 246.0]",3.6902470457006498,grabcut_fallback,bbox_fallback,fallback_lk,failed,ModuleNotFoundError:No module named 'torch',contact_local_boundary,2801,1.0,4034.0,0.9416433239962652,True,5,0.0,contact_part_mask,26,0,contact_part_local_affine,False,0.9393333333333334,36,30,16,0.5333333333333333,1.8300820589065552,5,0.0,4284.0,success,114,0.2271414305349922,no_detection_or_flow,3134.0,pre_contact_gap_tracked_reference,4.0,contact_part_local_affine,success,5,0.0,0.0,,,,,,,success,keep,,6.043341284066138,/Users/huhu/Documents/Code/bishe/vrb/vrbreproduction/outputs/100subaction-e9/experiments/E9/pipeline_outputs/subaction_33_P01_109_33/candidate_08_frame_003138_right,/Users/huhu/Documents/Code/bishe/vrb/vrbreproduction/outputs/100subaction-e9/experiments/E9/pipeline_outputs/subaction_33_P01_109_33/candidate_08_frame_003138_right,/Users/huhu/Documents/Code/bishe/vrb/vrbreproduction/outputs/100subaction-e9/experiments/E9/pipeline_outputs/subaction_33_P01_109_33/candidate_08_frame_003138_right/reference_frame.png,/Users/huhu/Documents/Code/bishe/vrb/vrbreproduction/outputs/100subaction-e9/experiments/E9/pipeline_outputs/subaction_33_P01_109_33/candidate_08_frame_003138_right/label_heatmap_merged_overlay.png,/Users/huhu/Documents/Code/bishe/vrb/vrbreproduction/outputs/100subaction-e9/experiments/E9/pipeline_outputs/subaction_33_P01_109_33/candidate_08_frame_003138_right/vrb_style_affordance.png,6.0,0.0,"[215.85, 159.49, 266.6, 242.68]",/Users/huhu/Documents/Code/bishe/vrb/vrbreproduction/outputs/100subaction-e9/experiments/E9/pipeline_outputs/subaction_33_P01_109_33/candidate_08_frame_003138_right/label_heatmap_merged.npy,/Users/huhu/Documents/Code/bishe/vrb/vrbreproduction/outputs/100subaction-e9/experiments/E9/pipeline_outputs/subaction_33_P01_109_33/candidate_08_frame_003138_right/label_heatmap_merged.png,/Users/huhu/Documents/Code/bishe/vrb/vrbreproduction/outputs/100subaction-e9/experiments/E9/pipeline_outputs/subaction_33_P01_109_33/candidate_08_frame_003138_right/mask_projection_overlay.png,"(256, 456)",isotropic_e7,True,False
E9,34,P01_109_34,dry hands,dry,hand,['hand'],3094,3349,3093.0,3348.0,0.0,3121.0,left,new_contact_episode,112,12,0,,,,,,,,,0,,,,,0,,,0,0,,False,,0,0,0,,,0,,,not_run,0,0.0,,,,,,not_run,0,,,,,,,,,not_run,discard,missing_hand_or_object_bbox,,/Users/huhu/Documents/Code/bishe/vrb/vrbreproduction/outputs/100subaction-e9/experiments/E9/pipeline_outputs/subaction_34_P01_109_34/candidate_00_frame_003121_left,,,,,,,,,,,,,,False
E9,34,P01_109_34,dry hands,dry,hand,['hand'],3094,3349,3093.0,3348.0,1.0,3122.0,left,new_contact_episode,112,12,89,"[198.0, 155.0, 255.0, 211.0]",3.5713247072459247,grabcut_fallback,bbox_fallback,fallback_lk,failed,ModuleNotFoundError:No module named 'torch',contact_local_boundary,1968,1.0,3422.0,1.0,True,5,0.0,contact_part_mask,26,0,contact_part_local_affine,False,1.0,36,36,36,1.0,0.8827023506164551,5,0.0,3422.0,success,98,0.2271414305349922,no_detection_or_flow,3119.0,pre_contact_gap_tracked_reference,3.0,contact_part_local_affine,success,5,0.0,0.0,,,,,,,success,keep,,6.362429341981506,/Users/huhu/Documents/Code/bishe/vrb/vrbreproduction/outputs/100subaction-e9/experiments/E9/pipeline_outputs/subaction_34_P01_109_34/candidate_01_frame_003122_left,/Users/huhu/Documents/Code/bishe/vrb/vrbreproduction/outputs/100subaction-e9/experiments/E9/pipeline_outputs/subaction_34_P01_109_34/candidate_01_frame_003122_left,/Users/huhu/Documents/Code/bishe/vrb/vrbreproduction/outputs/100subaction-e9/experiments/E9/pipeline_outputs/subaction_34_P01_109_34/candidate_01_frame_003122_left/reference_frame.png,/Users/huhu/Documents/Code/bishe/vrb/vrbreproduction/outputs/100subaction-e9/experiments/E9/pipeline_outputs/subaction_34_P01_109_34/candidate_01_frame_003122_left/label_heatmap_merged_overlay.png,/Users/huhu/Documents/Code/bishe/vrb/vrbreproduction/outputs/100subaction-e9/experiments/E9/pipeline_outputs/subaction_34_P01_109_34/candidate_01_frame_003122_left/vrb_style_affordance.png,3.0,3.0,"[193.63, 152.91, 253.01, 211.33]",/Users/huhu/Documents/Code/bishe/vrb/vrbreproduction/outputs/100subaction-e9/experiments/E9/pipeline_outputs/subaction_34_P01_109_34/candidate_01_frame_003122_left/label_heatmap_merged.npy,/Users/huhu/Documents/Code/bishe/vrb/vrbreproduction/outputs/100subaction-e9/experiments/E9/pipeline_outputs/subaction_34_P01_109_34/candidate_01_frame_003122_left/label_heatmap_merged.png,/Users/huhu/Documents/Code/bishe/vrb/vrbreproduction/outputs/100subaction-e9/experiments/E9/pipeline_outputs/subaction_34_P01_109_34/candidate_01_frame_003122_left/mask_projection_overlay.png,"(256, 456)",isotropic_e7,True,True
E9,34,P01_109_34,dry hands,dry,hand,['hand'],3094,3349,3093.0,3348.0,2.0,3123.0,left,new_contact_episode,112,12,58,"[200.0, 157.0, 257.0, 211.0]",3.671185181591801,grabcut_fallback,bbox_fallback,fallback_lk,failed,ModuleNotFoundError:No module named 'torch',contact_local_boundary,1929,1.0,3422.0,1.0,True,5,0.0,contact_part_mask,26,0,contact_part_local_affine,False,0.9819444444444445,36,36,31,0.8611111111111112,1.0749284029006958,5,0.0,3422.0,success,99,0.2271414305349922,no_detection_or_flow,3119.0,pre_contact_gap_tracked_reference,4.0,contact_part_local_affine,success,5,0.0,0.0,,,,,,,success,keep,,6.265940338190757,/Users/huhu/Documents/Code/bishe/vrb/vrbreproduction/outputs/100subaction-e9/experiments/E9/pipeline_outputs/subaction_34_P01_109_34/candidate_02_frame_003123_left,/Users/huhu/Documents/Code/bishe/vrb/vrbreproduction/outputs/100subaction-e9/experiments/E9/pipeline_outputs/subaction_34_P01_109_34/candidate_02_frame_003123_left,/Users/huhu/Documents/Code/bishe/vrb/vrbreproduction/outputs/100subaction-e9/experiments/E9/pipeline_outputs/subaction_34_P01_109_34/candidate_02_frame_003123_left/reference_frame.png,/Users/huhu/Documents/Code/bishe/vrb/vrbreproduction/outputs/100subaction-e9/experiments/E9/pipeline_outputs/subaction_34_P01_109_34/candidate_02_frame_003123_left/label_heatmap_merged_overlay.png,/Users/huhu/Documents/Code/bishe/vrb/vrbreproduction/outputs/100subaction-e9/experiments/E9/pipeline_outputs/subaction_34_P01_109_34/candidate_02_frame_003123_left/vrb_style_affordance.png,2.0,4.0,"[193.98, 153.43, 253.49, 211.33]",/Users/huhu/Documents/Code/bishe/vrb/vrbreproduction/outputs/100subaction-e9/experiments/E9/pipeline_outputs/subaction_34_P01_109_34/candidate_02_frame_003123_left/label_heatmap_merged.npy,/Users/huhu/Documents/Code/bishe/vrb/vrbreproduction/outputs/100subaction-e9/experiments/E9/pipeline_outputs/subaction_34_P01_109_34/candidate_02_frame_003123_left/label_heatmap_merged.png,/Users/huhu/Documents/Code/bishe/vrb/vrbreproduction/outputs/100subaction-e9/experiments/E9/pipeline_outputs/subaction_34_P01_109_34/candidate_02_frame_003123_left/mask_projection_overlay.png,"(256, 456)",isotropic_e7,True,False
E9,34,P01_109_34,dry hands,dry,hand,['hand'],3094,3349,3093.0,3348.0,3.0,3136.0,right,new_contact_episode,112,12,0,,,,,,,,,0,,,,,0,,,0,0,,False,,0,0,0,,,0,,,not_run,0,0.0,,,,,,not_run,0,,,,,,,,,not_run,discard,missing_hand_or_object_bbox,,/Users/huhu/Documents/Code/bishe/vrb/vrbreproduction/outputs/100subaction-e9/experiments/E9/pipeline_outputs/subaction_34_P01_109_34/candidate_03_frame_003136_right,,,,,,,,,,,,,,False
E9,34,P01_109_34,dry hands,dry,hand,['hand'],3094,3349,3093.0,3348.0,4.0,3137.0,right,new_contact_episode,112,12,93,"[228.0, 162.0, 262.0, 236.0]",3.500474952132844,grabcut_fallback,bbox_fallback,fallback_lk,failed,ModuleNotFoundError:No module named 'torch',contact_local_boundary,1534,1.0,3134.0,0.9949206349206349,True,5,0.0,contact_part_mask,26,0,contact_part_local_affine,False,0.962857142857143,36,21,15,0.7142857142857143,1.1660245656967163,5,0.0,3150.0,success,113,0.2271414305349922,no_detection_or_flow,3128.0,pre_contact_gap_tracked_reference,9.0,contact_part_local_affine,success,5,0.0,0.0,,,,,,,success,keep,,6.1299406761864965,/Users/huhu/Documents/Code/bishe/vrb/vrbreproduction/outputs/100subaction-e9/experiments/E9/pipeline_outputs/subaction_34_P01_109_34/candidate_04_frame_003137_right,/Users/huhu/Documents/Code/bishe/vrb/vrbreproduction/outputs/100subaction-e9/experiments/E9/pipeline_outputs/subaction_34_P01_109_34/candidate_04_frame_003137_right,/Users/huhu/Documents/Code/bishe/vrb/vrbreproduction/outputs/100subaction-e9/experiments/E9/pipeline_outputs/subaction_34_P01_109_34/candidate_04_frame_003137_right/reference_frame.png,/Users/huhu/Documents/Code/bishe/vrb/vrbreproduction/outputs/100subaction-e9/experiments/E9/pipeline_outputs/subaction_34_P01_109_34/candidate_04_frame_003137_right/label_heatmap_merged_overlay.png,/Users/huhu/Documents/Code/bishe/vrb/vrbreproduction/outputs/100subaction-e9/experiments/E9/pipeline_outputs/subaction_34_P01_109_34/candidate_04_frame_003137_right/vrb_style_affordance.png,6.0,0.0,"[209.84, 164.01, 255.15, 234.05]",/Users/huhu/Documents/Code/bishe/vrb/vrbreproduction/outputs/100subaction-e9/experiments/E9/pipeline_outputs/subaction_34_P01_109_34/candidate_04_frame_003137_right/label_heatmap_merged.npy,/Users/huhu/Documents/Code/bishe/vrb/vrbreproduction/outputs/100subaction-e9/experiments/E9/pipeline_outputs/subaction_34_P01_109_34/candidate_04_frame_003137_right/label_heatmap_merged.png,/Users/huhu/Documents/Code/bishe/vrb/vrbreproduction/outputs/100subaction-e9/experiments/E9/pipeline_outputs/subaction_34_P01_109_34/candidate_04_frame_003137_right/mask_projection_overlay.png,"(256, 456)",isotropic_e7,True,False
E9,34,P01_109_34,dry hands,dry,hand,['hand'],3094,3349,3093.0,3348.0,5.0,3138.0,right,new_contact_episode,112,12,284,"[220.0, 169.0, 266.0, 246.0]",3.6902470457006498,grabcut_fallback,bbox_fallback,fallback_lk,failed,ModuleNotFoundError:No module named 'torch',contact_local_boundary,2801,1.0,4034.0,0.9416433239962652,True,5,0.0,contact_part_mask,26,0,contact_part_local_affine,False,0.9393333333333334,36,30,16,0.5333333333333333,1.8300820589065552,5,0.0,4284.0,success,114,0.2271414305349922,no_detection_or_flow,3134.0,pre_contact_gap_tracked_reference,4.0,contact_part_local_affine,success,5,0.0,0.0,,,,,,,success,keep,,6.043341284066138,/Users/huhu/Documents/Code/bishe/vrb/vrbreproduction/outputs/100subaction-e9/experiments/E9/pipeline_outputs/subaction_34_P01_109_34/candidate_05_frame_003138_right,/Users/huhu/Documents/Code/bishe/vrb/vrbreproduction/outputs/100subaction-e9/experiments/E9/pipeline_outputs/subaction_34_P01_109_34/candidate_05_frame_003138_right,/Users/huhu/Documents/Code/bishe/vrb/vrbreproduction/outputs/100subaction-e9/experiments/E9/pipeline_outputs/subaction_34_P01_109_34/candidate_05_frame_003138_right/reference_frame.png,/Users/huhu/Documents/Code/bishe/vrb/vrbreproduction/outputs/100subaction-e9/experiments/E9/pipeline_outputs/subaction_34_P01_109_34/candidate_05_frame_003138_right/label_heatmap_merged_overlay.png,/Users/huhu/Documents/Code/bishe/vrb/vrbreproduction/outputs/100subaction-e9/experiments/E9/pipeline_outputs/subaction_34_P01_109_34/candidate_05_frame_003138_right/vrb_style_affordance.png,6.0,0.0,"[215.85, 159.49, 266.6, 242.68]",/Users/huhu/Documents/Code/bishe/vrb/vrbreproduction/outputs/100subaction-e9/experiments/E9/pipeline_outputs/subaction_34_P01_109_34/candidate_05_frame_003138_right/label_heatmap_merged.npy,/Users/huhu/Documents/Code/bishe/vrb/vrbreproduction/outputs/100subaction-e9/experiments/E9/pipeline_outputs/subaction_34_P01_109_34/candidate_05_frame_003138_right/label_heatmap_merged.png,/Users/huhu/Documents/Code/bishe/vrb/vrbreproduction/outputs/100subaction-e9/experiments/E9/pipeline_outputs/subaction_34_P01_109_34/candidate_05_frame_003138_right/mask_projection_overlay.png,"(256, 456)",isotropic_e7,True,False
E9,34,P01_109_34,dry hands,dry,hand,['hand'],3094,3349,3093.0,3348.0,6.0,3146.0,left,new_contact_episode,112,12,34,"[205.0, 234.0, 243.0, 253.0]",3.2489712030023727,grabcut_fallback,bbox_fallback,fallback_lk,failed,ModuleNotFoundError:No module named 'torch',contact_local_boundary,640,1.0,798.0,1.0,True,5,0.0,contact_part_mask,26,0,contact_part_local_affine,False,1.0,36,36,36,1.0,0.18690326809883118,5,0.0,798.0,success,122,0.2271414305349922,no_detection_or_flow,3144.0,earliest_reliable_tracked_reference_no_pre_gap,2.0,contact_part_local_affine,success,5,0.0,0.1008,,,,,,,success,keep,,6.299692901957035,/Users/huhu/Documents/Code/bishe/vrb/vrbreproduction/outputs/100subaction-e9/experiments/E9/pipeline_outputs/subaction_34_P01_109_34/candidate_06_frame_003146_left,/Users/huhu/Documents/Code/bishe/vrb/vrbreproduction/outputs/100subaction-e9/experiments/E9/pipeline_outputs/subaction_34_P01_109_34/candidate_06_frame_003146_left,/Users/huhu/Documents/Code/bishe/vrb/vrbreproduction/outputs/100subaction-e9/experiments/E9/pipeline_outputs/subaction_34_P01_109_34/candidate_06_frame_003146_left/reference_frame.png,/Users/huhu/Documents/Code/bishe/vrb/vrbreproduction/outputs/100subaction-e9/experiments/E9/pipeline_outputs/subaction_34_P01_109_34/candidate_06_frame_003146_left/label_heatmap_merged_overlay.png,/Users/huhu/Documents/Code/bishe/vrb/vrbreproduction/outputs/100subaction-e9/experiments/E9/pipeline_outputs/subaction_34_P01_109_34/candidate_06_frame_003146_left/vrb_style_affordance.png,6.0,0.0,"[201.46, 233.62, 243.09, 252.55]",/Users/huhu/Documents/Code/bishe/vrb/vrbreproduction/outputs/100subaction-e9/experiments/E9/pipeline_outputs/subaction_34_P01_109_34/candidate_06_frame_003146_left/label_heatmap_merged.npy,/Users/huhu/Documents/Code/bishe/vrb/vrbreproduction/outputs/100subaction-e9/experiments/E9/pipeline_outputs/subaction_34_P01_109_34/candidate_06_frame_003146_left/label_heatmap_merged.png,/Users/huhu/Documents/Code/bishe/vrb/vrbreproduction/outputs/100subaction-e9/experiments/E9/pipeline_outputs/subaction_34_P01_109_34/candidate_06_frame_003146_left/mask_projection_overlay.png,"(256, 456)",isotropic_e7,True,True
E9,34,P01_109_34,dry hands,dry,hand,['hand'],3094,3349,3093.0,3348.0,7.0,3147.0,left,new_contact_episode,112,12,42,"[207.0, 231.0, 252.0, 250.0]",3.2023163989165586,grabcut_fallback,bbox_fallback,fallback_lk,failed,ModuleNotFoundError:No module named 'torch',contact_local_boundary,595,1.0,3499.0,0.7901987353206865,True,4,0.0,contact_part_mask,26,10,contact_part_local_affine,False,0.888425925925926,36,27,22,0.8148148148148148,1.431904673576355,4,0.0,4428.0,success,123,0.2271414305349922,no_detection_or_flow,3134.0,earliest_reliable_tracked_reference_no_pre_gap,13.0,contact_part_local_affine,success,4,0.0,0.0,,,,,,,success,keep,,5.7479903093297455,/Users/huhu/Documents/Code/bishe/vrb/vrbreproduction/outputs/100subaction-e9/experiments/E9/pipeline_outputs/subaction_34_P01_109_34/candidate_07_frame_003147_left,/Users/huhu/Documents/Code/bishe/vrb/vrbreproduction/outputs/100subaction-e9/experiments/E9/pipeline_outputs/subaction_34_P01_109_34/candidate_07_frame_003147_left,/Users/huhu/Documents/Code/bishe/vrb/vrbreproduction/outputs/100subaction-e9/experiments/E9/pipeline_outputs/subaction_34_P01_109_34/candidate_07_frame_003147_left/reference_frame.png,/Users/huhu/Documents/Code/bishe/vrb/vrbreproduction/outputs/100subaction-e9/experiments/E9/pipeline_outputs/subaction_34_P01_109_34/candidate_07_frame_003147_left/label_heatmap_merged_overlay.png,/Users/huhu/Documents/Code/bishe/vrb/vrbreproduction/outputs/100subaction-e9/experiments/E9/pipeline_outputs/subaction_34_P01_109_34/candidate_07_frame_003147_left/vrb_style_affordance.png,5.0,1.0,"[215.64, 160.64, 269.83, 242.66]",/Users/huhu/Documents/Code/bishe/vrb/vrbreproduction/outputs/100subaction-e9/experiments/E9/pipeline_outputs/subaction_34_P01_109_34/candidate_07_frame_003147_left/label_heatmap_merged.npy,/Users/huhu/Documents/Code/bishe/vrb/vrbreproduction/outputs/100subaction-e9/experiments/E9/pipeline_outputs/subaction_34_P01_109_34/candidate_07_frame_003147_left/label_heatmap_merged.png,/Users/huhu/Documents/Code/bishe/vrb/vrbreproduction/outputs/100subaction-e9/experiments/E9/pipeline_outputs/subaction_34_P01_109_34/candidate_07_frame_003147_left/mask_projection_overlay.png,"(256, 456)",isotropic_e7,True,False
E9,34,P01_109_34,dry hands,dry,hand,['hand'],3094,3349,3093.0,3348.0,8.0,3148.0,left,new_contact_episode,112,12,46,"[209.0, 229.0, 253.0, 252.0]",3.263478341625057,grabcut_fallback,bbox_fallback,fallback_lk,failed,ModuleNotFoundError:No module named 'torch',contact_local_boundary,250,1.0,3449.0,0.778906955736224,True,5,0.0,contact_part_mask,26,0,contact_part_local_affine,False,1.0,36,16,16,1.0,0.5876377820968628,5,0.0,4428.0,success,124,0.2271414305349922,no_detection_or_flow,3134.0,earliest_reliable_tracked_reference_no_pre_gap,14.0,contact_part_local_affine,success,5,0.0,0.0,,,,,,,success,keep,,6.305281279037094,/Users/huhu/Documents/Code/bishe/vrb/vrbreproduction/outputs/100subaction-e9/experiments/E9/pipeline_outputs/subaction_34_P01_109_34/candidate_08_frame_003148_left,/Users/huhu/Documents/Code/bishe/vrb/vrbreproduction/outputs/100subaction-e9/experiments/E9/pipeline_outputs/subaction_34_P01_109_34/candidate_08_frame_003148_left,/Users/huhu/Documents/Code/bishe/vrb/vrbreproduction/outputs/100subaction-e9/experiments/E9/pipeline_outputs/subaction_34_P01_109_34/candidate_08_frame_003148_left/reference_frame.png,/Users/huhu/Documents/Code/bishe/vrb/vrbreproduction/outputs/100subaction-e9/experiments/E9/pipeline_outputs/subaction_34_P01_109_34/candidate_08_frame_003148_left/label_heatmap_merged_overlay.png,/Users/huhu/Documents/Code/bishe/vrb/vrbreproduction/outputs/100subaction-e9/experiments/E9/pipeline_outputs/subaction_34_P01_109_34/candidate_08_frame_003148_left/vrb_style_affordance.png,4.0,2.0,"[215.64, 160.64, 269.83, 242.66]",/Users/huhu/Documents/Code/bishe/vrb/vrbreproduction/outputs/100subaction-e9/experiments/E9/pipeline_outputs/subaction_34_P01_109_34/candidate_08_frame_003148_left/label_heatmap_merged.npy,/Users/huhu/Documents/Code/bishe/vrb/vrbreproduction/outputs/100subaction-e9/experiments/E9/pipeline_outputs/subaction_34_P01_109_34/candidate_08_frame_003148_left/label_heatmap_merged.png,/Users/huhu/Documents/Code/bishe/vrb/vrbreproduction/outputs/100subaction-e9/experiments/E9/pipeline_outputs/subaction_34_P01_109_34/candidate_08_frame_003148_left/mask_projection_overlay.png,"(256, 456)",isotropic_e7,True,True
E9,34,P01_109_34,dry hands,dry,hand,['hand'],3094,3349,3093.0,3348.0,9.0,3167.0,left,new_contact_episode,112,12,0,"[208.0, 196.0, 344.0, 249.0]",1.339528154400336,,,,,,,0,,,,,0,,,0,0,,False,,0,0,0,,,0,,,not_run,0,0.0,,,,,,not_run,0,,,,,,,,,not_run,discard,contact_points_lt5_after_object_boundary_filter,,/Users/huhu/Documents/Code/bishe/vrb/vrbreproduction/outputs/100subaction-e9/experiments/E9/pipeline_outputs/subaction_34_P01_109_34/candidate_09_frame_003167_left,,,,,,,,,,,,,,False
E9,34,P01_109_34,dry hands,dry,hand,['hand'],3094,3349,3093.0,3348.0,10.0,3168.0,left,new_contact_episode,112,12,0,"[210.0, 193.0, 331.0, 249.0]",1.6384412597286149,,,,,,,0,,,,,0,,,0,0,,False,,0,0,0,,,0,,,not_run,0,0.0,,,,,,not_run,0,,,,,,,,,not_run,discard,contact_points_lt5_after_object_boundary_filter,,/Users/huhu/Documents/Code/bishe/vrb/vrbreproduction/outputs/100subaction-e9/experiments/E9/pipeline_outputs/subaction_34_P01_109_34/candidate_10_frame_003168_left,,,,,,,,,,,,,,False
E9,34,P01_109_34,dry hands,dry,hand,['hand'],3094,3349,3093.0,3348.0,11.0,3169.0,left,new_contact_episode,112,12,125,"[213.0, 183.0, 354.0, 251.0]",3.1012563667221014,grabcut_fallback,,,,,contact_local_boundary,5446,0.7648876404494382,,,,0,,,26,0,,False,,36,0,0,,,0,,,success,145,0.2271414305349922,no_detection_or_flow,,,,,failed,0,,,,,,,,,not_run,discard,track_visibility_below_threshold,,/Users/huhu/Documents/Code/bishe/vrb/vrbreproduction/outputs/100subaction-e9/experiments/E9/pipeline_outputs/subaction_34_P01_109_34/candidate_11_frame_003169_left,,,,,4.0,2.0,,,,,,,,False
E9,35,P01_109_35,put down cloth,put-down,cloth,['cloth'],3349,3372,3348.0,3371.0,0.0,3356.0,left,new_contact_episode,35,6,117,"[174.0, 173.0, 245.0, 249.0]",3.5681679508853237,grabcut_fallback,,,,,contact_local_boundary,3468,0.9352750809061489,,,,0,,,26,0,,False,,36,0,0,,,0,,,failed,232,0.17844449751477431,track_confidence_below_threshold,,,,,not_run,0,,,,,,,,,not_run,discard,track_confidence_below_threshold,,/Users/huhu/Documents/Code/bishe/vrb/vrbreproduction/outputs/100subaction-e9/experiments/E9/pipeline_outputs/subaction_35_P01_109_35/candidate_00_frame_003356_left,,,,,,,,,,,,,,False
E9,35,P01_109_35,put down cloth,put-down,cloth,['cloth'],3349,3372,3348.0,3371.0,1.0,3357.0,left,new_contact_episode,35,6,83,"[177.0, 167.0, 250.0, 247.0]",3.3300846807493265,grabcut_fallback,,,,,contact_local_boundary,3744,0.9006495068559057,,,,0,,,26,0,,False,,36,0,0,,,0,,,failed,233,0.17844449751477431,track_confidence_below_threshold,,,,,not_run,0,,,,,,,,,not_run,discard,track_confidence_below_threshold,,/Users/huhu/Documents/Code/bishe/vrb/vrbreproduction/outputs/100subaction-e9/experiments/E9/pipeline_outputs/subaction_35_P01_109_35/candidate_01_frame_003357_left,,,,,,,,,,,,,,False
E9,35,P01_109_35,put down cloth,put-down,cloth,['cloth'],3349,3372,3348.0,3371.0,2.0,3358.0,left,new_contact_episode,35,6,135,"[179.0, 162.0, 252.0, 246.0]",3.3446666068183766,grabcut_fallback,,,,,contact_local_boundary,3821,0.9065243179122182,,,,0,,,26,0,,False,,36,0,0,,,0,,,failed,234,0.17844449751477431,track_confidence_below_threshold,,,,,not_run,0,,,,,,,,,not_run,discard,track_confidence_below_threshold,,/Users/huhu/Documents/Code/bishe/vrb/vrbreproduction/outputs/100subaction-e9/experiments/E9/pipeline_outputs/subaction_35_P01_109_35/candidate_02_frame_003358_left,,,,,,,,,,,,,,False
E9,35,P01_109_35,put down cloth,put-down,cloth,['cloth'],3349,3372,3348.0,3371.0,3.0,3366.0,left,new_contact_episode,35,6,115,"[183.0, 122.0, 259.0, 215.0]",3.1750203653361817,,,,,,,0,,,,,0,,,0,0,,False,,0,0,0,,,0,,,not_run,0,0.0,,,,,,not_run,0,,,,,,,,,not_run,discard,gmm_failed:ValueError,,/Users/huhu/Documents/Code/bishe/vrb/vrbreproduction/outputs/100subaction-e9/experiments/E9/pipeline_outputs/subaction_35_P01_109_35/candidate_03_frame_003366_left,,,,,,,,,,,,,,False
E9,35,P01_109_35,put down cloth,put-down,cloth,['cloth'],3349,3372,3348.0,3371.0,4.0,3367.0,left,new_contact_episode,35,6,107,"[185.0, 121.0, 259.0, 213.0]",3.138819409395246,grabcut_fallback,,,,,contact_local_boundary,3844,0.8814492088970419,,,,0,,,26,0,,False,,36,0,0,,,0,,,failed,243,0.17844449751477431,track_confidence_below_threshold,,,,,not_run,0,,,,,,,,,not_run,discard,track_confidence_below_threshold,,/Users/huhu/Documents/Code/bishe/vrb/vrbreproduction/outputs/100subaction-e9/experiments/E9/pipeline_outputs/subaction_35_P01_109_35/candidate_04_frame_003367_left,,,,,,,,,,,,,,False
E9,35,P01_109_35,put down cloth,put-down,cloth,['cloth'],3349,3372,3348.0,3371.0,5.0,3368.0,left,new_contact_episode,35,6,84,"[178.0, 118.0, 261.0, 209.0]",3.176341246964765,grabcut_fallback,,,,,contact_local_boundary,3690,0.8947623666343356,,,,0,,,26,0,,False,,36,0,0,,,0,,,failed,244,0.17844449751477431,track_confidence_below_threshold,,,,,not_run,0,,,,,,,,,not_run,discard,track_confidence_below_threshold,,/Users/huhu/Documents/Code/bishe/vrb/vrbreproduction/outputs/100subaction-e9/experiments/E9/pipeline_outputs/subaction_35_P01_109_35/candidate_05_frame_003368_left,,,,,,,,,,,,,,False
E9,36,P01_109_36,pick up potatoes,pick-up,potato,['potato'],3374,3496,3373.0,3495.0,0.0,3392.0,left,new_contact_episode,214,7,0,"[162.0, 0.0, 224.0, 34.0]",0.9746999903183555,,,,,,,0,,,,,0,,,0,0,,False,,0,0,0,,,0,,,not_run,0,0.0,,,,,,not_run,0,,,,,,,,,not_run,discard,contact_points_lt5_after_object_boundary_filter,,/Users/huhu/Documents/Code/bishe/vrb/vrbreproduction/outputs/100subaction-e9/experiments/E9/pipeline_outputs/subaction_36_P01_109_36/candidate_00_frame_003392_left,,,,,,,,,,,,,,False
E9,36,P01_109_36,pick up potatoes,pick-up,potato,['potato'],3374,3496,3373.0,3495.0,1.0,3393.0,left,new_contact_episode,214,7,64,"[147.0, 57.0, 172.0, 96.0]",4.376660400572233,grabcut_fallback,,,,,small_object_whole_mask_allowed,975,1.0,,,,0,,,26,0,,False,,36,0,0,,,0,,,failed,269,0.17844449751477431,track_confidence_below_threshold,,,,,not_run,0,,,,,,,,,not_run,discard,track_confidence_below_threshold,,/Users/huhu/Documents/Code/bishe/vrb/vrbreproduction/outputs/100subaction-e9/experiments/E9/pipeline_outputs/subaction_36_P01_109_36/candidate_01_frame_003393_left,,,,,,,,,,,,,,False
E9,36,P01_109_36,pick up potatoes,pick-up,potato,['potato'],3374,3496,3373.0,3495.0,2.0,3394.0,left,new_contact_episode,214,7,34,"[144.0, 54.0, 172.0, 94.0]",4.014005766303583,grabcut_fallback,,,,,small_object_whole_mask_allowed,1120,1.0,,,,0,,,26,0,,False,,36,0,0,,,0,,,failed,270,0.17844449751477431,track_confidence_below_threshold,,,,,not_run,0,,,,,,,,,not_run,discard,track_confidence_below_threshold,,/Users/huhu/Documents/Code/bishe/vrb/vrbreproduction/outputs/100subaction-e9/experiments/E9/pipeline_outputs/subaction_36_P01_109_36/candidate_02_frame_003394_left,,,,,,,,,,,,,,False
E9,36,P01_109_36,pick up potatoes,pick-up,potato,['potato'],3374,3496,3373.0,3495.0,3.0,3424.0,left,new_contact_episode,214,7,83,"[0.0, 0.0, 201.0, 242.0]",2.649343494704905,grabcut_fallback,,,,,small_object_whole_mask_allowed,6999,0.1891110510672791,,,,0,,,26,0,,False,,36,0,0,,,0,,,failed,300,0.17844449751477431,track_confidence_below_threshold,,,,,not_run,0,,,,,,,,,not_run,discard,track_confidence_below_threshold,,/Users/huhu/Documents/Code/bishe/vrb/vrbreproduction/outputs/100subaction-e9/experiments/E9/pipeline_outputs/subaction_36_P01_109_36/candidate_03_frame_003424_left,,,,,,,,,,,,,,False
E9,36,P01_109_36,pick up potatoes,pick-up,potato,['potato'],3374,3496,3373.0,3495.0,4.0,3449.0,left,new_contact_episode,214,7,89,"[208.0, 115.0, 264.0, 206.0]",2.894509566718076,grabcut_fallback,,,,,small_object_whole_mask_allowed,2302,0.94189852700491,,,,0,,,26,0,,False,,36,0,0,,,0,,,failed,325,0.17844449751477431,track_confidence_below_threshold,,,,,not_run,0,,,,,,,,,not_run,discard,track_confidence_below_threshold,,/Users/huhu/Documents/Code/bishe/vrb/vrbreproduction/outputs/100subaction-e9/experiments/E9/pipeline_outputs/subaction_36_P01_109_36/candidate_04_frame_003449_left,,,,,,,,,,,,,,False
E9,36,P01_109_36,pick up potatoes,pick-up,potato,['potato'],3374,3496,3373.0,3495.0,5.0,3450.0,left,new_contact_episode,214,7,31,"[213.0, 123.0, 249.0, 163.0]",2.7059616957135817,grabcut_fallback,,,,,small_object_whole_mask_allowed,1440,1.0,,,,0,,,26,0,,False,,36,0,0,,,0,,,failed,326,0.17844449751477431,track_confidence_below_threshold,,,,,not_run,0,,,,,,,,,not_run,discard,track_confidence_below_threshold,,/Users/huhu/Documents/Code/bishe/vrb/vrbreproduction/outputs/100subaction-e9/experiments/E9/pipeline_outputs/subaction_36_P01_109_36/candidate_05_frame_003450_left,,,,,,,,,,,,,,False
E9,36,P01_109_36,pick up potatoes,pick-up,potato,['potato'],3374,3496,3373.0,3495.0,6.0,3451.0,left,new_contact_episode,214,7,43,"[211.0, 125.0, 253.0, 166.0]",3.6829892257000307,grabcut_fallback,,,,,small_object_whole_mask_allowed,1717,0.997096399535424,,,,0,,,26,0,,False,,36,0,0,,,0,,,failed,327,0.17844449751477431,track_confidence_below_threshold,,,,,not_run,0,,,,,,,,,not_run,discard,track_confidence_below_threshold,,/Users/huhu/Documents/Code/bishe/vrb/vrbreproduction/outputs/100subaction-e9/experiments/E9/pipeline_outputs/subaction_36_P01_109_36/candidate_06_frame_003451_left,,,,,,,,,,,,,,False
E9,37,P01_109_37,put down potatoes,put-down,potato,['potato'],3517,3552,3516.0,3551.0,0.0,3549.0,left,new_contact_episode,56,2,49,"[294.0, 159.0, 345.0, 193.0]",4.143480779046109,grabcut_fallback,bbox_fallback,fallback_lk,failed,ModuleNotFoundError:No module named 'torch',small_object_whole_mask_allowed,1734,1.0,1584.0,1.0,True,4,0.0,contact_part_mask,26,0,contact_part_local_affine,False,0.9124999999999999,36,35,35,1.0,0.917489767074585,4,0.0,1584.0,success,361,0.46944466600528445,no_detection_or_flow,3548.0,pre_contact_gap_tracked_reference,1.0,contact_part_local_affine,success,4,0.0,0.24733333333333332,,,,,,,success,keep,,5.638975306987761,/Users/huhu/Documents/Code/bishe/vrb/vrbreproduction/outputs/100subaction-e9/experiments/E9/pipeline_outputs/subaction_37_P01_109_37/candidate_00_frame_003549_left,/Users/huhu/Documents/Code/bishe/vrb/vrbreproduction/outputs/100subaction-e9/experiments/E9/pipeline_outputs/subaction_37_P01_109_37/candidate_00_frame_003549_left,/Users/huhu/Documents/Code/bishe/vrb/vrbreproduction/outputs/100subaction-e9/experiments/E9/pipeline_outputs/subaction_37_P01_109_37/candidate_00_frame_003549_left/reference_frame.png,/Users/huhu/Documents/Code/bishe/vrb/vrbreproduction/outputs/100subaction-e9/experiments/E9/pipeline_outputs/subaction_37_P01_109_37/candidate_00_frame_003549_left/label_heatmap_merged_overlay.png,/Users/huhu/Documents/Code/bishe/vrb/vrbreproduction/outputs/100subaction-e9/experiments/E9/pipeline_outputs/subaction_37_P01_109_37/candidate_00_frame_003549_left/vrb_style_affordance.png,6.0,0.0,"[294.9, 158.14, 343.16, 190.92]",/Users/huhu/Documents/Code/bishe/vrb/vrbreproduction/outputs/100subaction-e9/experiments/E9/pipeline_outputs/subaction_37_P01_109_37/candidate_00_frame_003549_left/label_heatmap_merged.npy,/Users/huhu/Documents/Code/bishe/vrb/vrbreproduction/outputs/100subaction-e9/experiments/E9/pipeline_outputs/subaction_37_P01_109_37/candidate_00_frame_003549_left/label_heatmap_merged.png,/Users/huhu/Documents/Code/bishe/vrb/vrbreproduction/outputs/100subaction-e9/experiments/E9/pipeline_outputs/subaction_37_P01_109_37/candidate_00_frame_003549_left/mask_projection_overlay.png,"(256, 456)",isotropic_e7,True,False
E9,37,P01_109_37,put down potatoes,put-down,potato,['potato'],3517,3552,3516.0,3551.0,1.0,3550.0,left,new_contact_episode,56,2,28,"[310.0, 160.0, 349.0, 191.0]",3.5931909708025205,grabcut_fallback,bbox_fallback,fallback_lk,failed,ModuleNotFoundError:No module named 'torch',small_object_whole_mask_allowed,1209,1.0,1518.0,1.0,True,5,0.0,contact_part_mask,26,0,contact_part_local_affine,False,0.9819444444444445,36,36,31,0.8611111111111112,1.7248291969299316,5,0.0,1518.0,success,361,0.4765935695485121,no_detection_or_flow,3548.0,pre_contact_gap_tracked_reference,2.0,contact_part_local_affine,success,5,0.0,0.25626666666666664,,,,,,,success,keep,,5.93563290186988,/Users/huhu/Documents/Code/bishe/vrb/vrbreproduction/outputs/100subaction-e9/experiments/E9/pipeline_outputs/subaction_37_P01_109_37/candidate_01_frame_003550_left,/Users/huhu/Documents/Code/bishe/vrb/vrbreproduction/outputs/100subaction-e9/experiments/E9/pipeline_outputs/subaction_37_P01_109_37/candidate_01_frame_003550_left,/Users/huhu/Documents/Code/bishe/vrb/vrbreproduction/outputs/100subaction-e9/experiments/E9/pipeline_outputs/subaction_37_P01_109_37/candidate_01_frame_003550_left/reference_frame.png,/Users/huhu/Documents/Code/bishe/vrb/vrbreproduction/outputs/100subaction-e9/experiments/E9/pipeline_outputs/subaction_37_P01_109_37/candidate_01_frame_003550_left/label_heatmap_merged_overlay.png,/Users/huhu/Documents/Code/bishe/vrb/vrbreproduction/outputs/100subaction-e9/experiments/E9/pipeline_outputs/subaction_37_P01_109_37/candidate_01_frame_003550_left/vrb_style_affordance.png,6.0,0.0,"[298.52, 157.73, 344.53, 190.97]",/Users/huhu/Documents/Code/bishe/vrb/vrbreproduction/outputs/100subaction-e9/experiments/E9/pipeline_outputs/subaction_37_P01_109_37/candidate_01_frame_003550_left/label_heatmap_merged.npy,/Users/huhu/Documents/Code/bishe/vrb/vrbreproduction/outputs/100subaction-e9/experiments/E9/pipeline_outputs/subaction_37_P01_109_37/candidate_01_frame_003550_left/label_heatmap_merged.png,/Users/huhu/Documents/Code/bishe/vrb/vrbreproduction/outputs/100subaction-e9/experiments/E9/pipeline_outputs/subaction_37_P01_109_37/candidate_01_frame_003550_left/mask_projection_overlay.png,"(256, 456)",isotropic_e7,True,True
E9,38,P01_109_38,move potatoes,move,potato,['potato'],3640,3706,3639.0,3705.0,0.0,3654.0,left,new_contact_episode,42,3,49,"[193.0, 117.0, 251.0, 155.0]",4.7115833393988975,grabcut_fallback,bbox_fallback,fallback_lk,failed,ModuleNotFoundError:No module named 'torch',small_object_whole_mask_allowed,2144,0.9727767695099818,2200.0,0.9725906277630415,True,5,0.0,contact_part_mask,26,0,contact_part_local_affine,False,1.0,36,36,36,1.0,0.31090641021728516,5,0.0,2262.0,success,361,0.20155983860272014,,3653.0,pre_contact_gap_tracked_reference,1.0,contact_part_local_affine,success,5,0.0,0.20062222222222223,,,,,,,success,keep,,6.183739474360148,/Users/huhu/Documents/Code/bishe/vrb/vrbreproduction/outputs/100subaction-e9/experiments/E9/pipeline_outputs/subaction_38_P01_109_38/candidate_00_frame_003654_left,/Users/huhu/Documents/Code/bishe/vrb/vrbreproduction/outputs/100subaction-e9/experiments/E9/pipeline_outputs/subaction_38_P01_109_38/candidate_00_frame_003654_left,/Users/huhu/Documents/Code/bishe/vrb/vrbreproduction/outputs/100subaction-e9/experiments/E9/pipeline_outputs/subaction_38_P01_109_38/candidate_00_frame_003654_left/reference_frame.png,/Users/huhu/Documents/Code/bishe/vrb/vrbreproduction/outputs/100subaction-e9/experiments/E9/pipeline_outputs/subaction_38_P01_109_38/candidate_00_frame_003654_left/label_heatmap_merged_overlay.png,/Users/huhu/Documents/Code/bishe/vrb/vrbreproduction/outputs/100subaction-e9/experiments/E9/pipeline_outputs/subaction_38_P01_109_38/candidate_00_frame_003654_left/vrb_style_affordance.png,6.0,0.0,"[191.95, 115.92, 250.19, 154.88]",/Users/huhu/Documents/Code/bishe/vrb/vrbreproduction/outputs/100subaction-e9/experiments/E9/pipeline_outputs/subaction_38_P01_109_38/candidate_00_frame_003654_left/label_heatmap_merged.npy,/Users/huhu/Documents/Code/bishe/vrb/vrbreproduction/outputs/100subaction-e9/experiments/E9/pipeline_outputs/subaction_38_P01_109_38/candidate_00_frame_003654_left/label_heatmap_merged.png,/Users/huhu/Documents/Code/bishe/vrb/vrbreproduction/outputs/100subaction-e9/experiments/E9/pipeline_outputs/subaction_38_P01_109_38/candidate_00_frame_003654_left/mask_projection_overlay.png,"(256, 456)",isotropic_e7,True,True
E9,38,P01_109_38,move potatoes,move,potato,['potato'],3640,3706,3639.0,3705.0,1.0,3655.0,left,new_contact_episode,42,3,88,"[194.0, 119.0, 251.0, 157.0]",4.834399599832765,grabcut_fallback,bbox_fallback,fallback_lk,failed,ModuleNotFoundError:No module named 'torch',small_object_whole_mask_allowed,2166,1.0,2400.0,1.0,True,5,0.0,contact_part_mask,26,0,contact_part_local_affine,False,0.9747222222222223,36,36,29,0.8055555555555556,1.3518558740615845,5,0.0,2400.0,success,361,0.20155983860272014,,3650.0,pre_contact_gap_tracked_reference,5.0,contact_part_local_affine,success,5,0.0,0.20266666666666666,,,,,,,success,keep,,5.97533321266704,/Users/huhu/Documents/Code/bishe/vrb/vrbreproduction/outputs/100subaction-e9/experiments/E9/pipeline_outputs/subaction_38_P01_109_38/candidate_01_frame_003655_left,/Users/huhu/Documents/Code/bishe/vrb/vrbreproduction/outputs/100subaction-e9/experiments/E9/pipeline_outputs/subaction_38_P01_109_38/candidate_01_frame_003655_left,/Users/huhu/Documents/Code/bishe/vrb/vrbreproduction/outputs/100subaction-e9/experiments/E9/pipeline_outputs/subaction_38_P01_109_38/candidate_01_frame_003655_left/reference_frame.png,/Users/huhu/Documents/Code/bishe/vrb/vrbreproduction/outputs/100subaction-e9/experiments/E9/pipeline_outputs/subaction_38_P01_109_38/candidate_01_frame_003655_left/label_heatmap_merged_overlay.png,/Users/huhu/Documents/Code/bishe/vrb/vrbreproduction/outputs/100subaction-e9/experiments/E9/pipeline_outputs/subaction_38_P01_109_38/candidate_01_frame_003655_left/vrb_style_affordance.png,6.0,0.0,"[187.76, 113.97, 248.39, 154.0]",/Users/huhu/Documents/Code/bishe/vrb/vrbreproduction/outputs/100subaction-e9/experiments/E9/pipeline_outputs/subaction_38_P01_109_38/candidate_01_frame_003655_left/label_heatmap_merged.npy,/Users/huhu/Documents/Code/bishe/vrb/vrbreproduction/outputs/100subaction-e9/experiments/E9/pipeline_outputs/subaction_38_P01_109_38/candidate_01_frame_003655_left/label_heatmap_merged.png,/Users/huhu/Documents/Code/bishe/vrb/vrbreproduction/outputs/100subaction-e9/experiments/E9/pipeline_outputs/subaction_38_P01_109_38/candidate_01_frame_003655_left/mask_projection_overlay.png,"(256, 456)",isotropic_e7,True,False
E9,38,P01_109_38,move potatoes,move,potato,['potato'],3640,3706,3639.0,3705.0,2.0,3656.0,left,new_contact_episode,42,3,116,"[193.0, 120.0, 249.0, 156.0]",4.842109912838889,grabcut_fallback,bbox_fallback,fallback_lk,failed,ModuleNotFoundError:No module named 'torch',small_object_whole_mask_allowed,2016,1.0,2280.0,1.0,True,5,0.0,contact_part_mask,26,0,contact_part_local_affine,False,0.9891666666666667,36,36,33,0.9166666666666666,1.2346559762954712,5,0.0,2280.0,success,361,0.20155983860272014,,3651.0,pre_contact_gap_tracked_reference,5.0,contact_part_local_affine,success,5,0.0,0.2,,,,,,,success,keep,,6.082126987377802,/Users/huhu/Documents/Code/bishe/vrb/vrbreproduction/outputs/100subaction-e9/experiments/E9/pipeline_outputs/subaction_38_P01_109_38/candidate_02_frame_003656_left,/Users/huhu/Documents/Code/bishe/vrb/vrbreproduction/outputs/100subaction-e9/experiments/E9/pipeline_outputs/subaction_38_P01_109_38/candidate_02_frame_003656_left,/Users/huhu/Documents/Code/bishe/vrb/vrbreproduction/outputs/100subaction-e9/experiments/E9/pipeline_outputs/subaction_38_P01_109_38/candidate_02_frame_003656_left/reference_frame.png,/Users/huhu/Documents/Code/bishe/vrb/vrbreproduction/outputs/100subaction-e9/experiments/E9/pipeline_outputs/subaction_38_P01_109_38/candidate_02_frame_003656_left/label_heatmap_merged_overlay.png,/Users/huhu/Documents/Code/bishe/vrb/vrbreproduction/outputs/100subaction-e9/experiments/E9/pipeline_outputs/subaction_38_P01_109_38/candidate_02_frame_003656_left/vrb_style_affordance.png,6.0,0.0,"[189.4, 115.55, 248.92, 154.03]",/Users/huhu/Documents/Code/bishe/vrb/vrbreproduction/outputs/100subaction-e9/experiments/E9/pipeline_outputs/subaction_38_P01_109_38/candidate_02_frame_003656_left/label_heatmap_merged.npy,/Users/huhu/Documents/Code/bishe/vrb/vrbreproduction/outputs/100subaction-e9/experiments/E9/pipeline_outputs/subaction_38_P01_109_38/candidate_02_frame_003656_left/label_heatmap_merged.png,/Users/huhu/Documents/Code/bishe/vrb/vrbreproduction/outputs/100subaction-e9/experiments/E9/pipeline_outputs/subaction_38_P01_109_38/candidate_02_frame_003656_left/mask_projection_overlay.png,"(256, 456)",isotropic_e7,True,True
E9,39,P01_109_39,open cupboard,open,cupboard,['cupboard'],3719,3799,3718.0,3798.0,0.0,3718.0,left,new_contact_episode,55,12,0,,,,,,,,,0,,,,,0,,,0,0,,True,,0,0,0,,,0,,,not_run,0,0.0,,,,,,not_run,0,,,,,,,,,not_run,discard,missing_hand_or_object_bbox,,/Users/huhu/Documents/Code/bishe/vrb/vrbreproduction/outputs/100subaction-e9/experiments/E9/pipeline_outputs/subaction_39_P01_109_39/candidate_00_frame_003718_left,,,,,,,,,,,,,,False
E9,39,P01_109_39,open cupboard,open,cupboard,['cupboard'],3719,3799,3718.0,3798.0,1.0,3719.0,left,new_contact_episode,55,12,17,"[23.0, 2.0, 444.0, 220.0]",2.808717673673695,grabcut_fallback,,,,,panel_edge_or_handle,53,0.0023954802259887006,,,,0,,,26,10,,True,,36,0,0,,,0,,,success,361,0.20155983860272014,,,,,,failed,0,,,,,,,,,not_run,discard,part_gate_failed,,/Users/huhu/Documents/Code/bishe/vrb/vrbreproduction/outputs/100subaction-e9/experiments/E9/pipeline_outputs/subaction_39_P01_109_39/candidate_01_frame_003719_left,,,,,6.0,0.0,,,,,,,,False
E9,39,P01_109_39,open cupboard,open,cupboard,['cupboard'],3719,3799,3718.0,3798.0,2.0,3720.0,left,new_contact_episode,55,12,34,"[41.0, 3.0, 398.0, 208.0]",2.873807808524938,grabcut_fallback,,,,,panel_edge_or_handle,4145,0.12403495122389131,,,,0,,,26,0,,True,,36,0,0,,,0,,,success,361,0.20155983860272014,,,,,,failed,0,,,,,,,,,not_run,discard,part_gate_failed,,/Users/huhu/Documents/Code/bishe/vrb/vrbreproduction/outputs/100subaction-e9/experiments/E9/pipeline_outputs/subaction_39_P01_109_39/candidate_02_frame_003720_left,,,,,6.0,0.0,,,,,,,,False
E9,39,P01_109_39,open cupboard,open,cupboard,['cupboard'],3719,3799,3718.0,3798.0,3.0,3737.0,left,new_contact_episode,55,12,0,,,,,,,,,0,,,,,0,,,0,0,,True,,0,0,0,,,0,,,not_run,0,0.0,,,,,,not_run,0,,,,,,,,,not_run,discard,missing_hand_or_object_bbox,,/Users/huhu/Documents/Code/bishe/vrb/vrbreproduction/outputs/100subaction-e9/experiments/E9/pipeline_outputs/subaction_39_P01_109_39/candidate_03_frame_003737_left,,,,,,,,,,,,,,False
E9,39,P01_109_39,open cupboard,open,cupboard,['cupboard'],3719,3799,3718.0,3798.0,4.0,3738.0,left,new_contact_episode,55,12,0,"[121.0, 25.0, 238.0, 165.0]",1.0943789557074288,,,,,,,0,,,,,0,,,0,0,,True,,0,0,0,,,0,,,not_run,0,0.0,,,,,,not_run,0,,,,,,,,,not_run,discard,contact_points_lt5_after_object_boundary_filter,,/Users/huhu/Documents/Code/bishe/vrb/vrbreproduction/outputs/100subaction-e9/experiments/E9/pipeline_outputs/subaction_39_P01_109_39/candidate_04_frame_003738_left,,,,,,,,,,,,,,False
E9,39,P01_109_39,open cupboard,open,cupboard,['cupboard'],3719,3799,3718.0,3798.0,5.0,3739.0,left,new_contact_episode,55,12,103,"[127.0, 5.0, 289.0, 255.0]",2.7715251852766727,grabcut_fallback,,,,,panel_edge_or_handle,7056,0.4483131075671898,,,,0,,,26,0,,True,,36,0,0,,,0,,,success,361,0.20155983860272014,,,,,,failed,0,,,,,,,,,not_run,discard,part_gate_failed,,/Users/huhu/Documents/Code/bishe/vrb/vrbreproduction/outputs/100subaction-e9/experiments/E9/pipeline_outputs/subaction_39_P01_109_39/candidate_05_frame_003739_left,,,,,6.0,0.0,,,,,,,,False
E9,39,P01_109_39,open cupboard,open,cupboard,['cupboard'],3719,3799,3718.0,3798.0,6.0,3754.0,left,new_contact_episode,55,12,35,"[117.0, 0.0, 190.0, 172.0]",2.850471664564815,grabcut_fallback,bbox_fallback,fallback_lk,failed,ModuleNotFoundError:No module named 'torch',panel_edge_or_handle,1188,0.40993788819875776,4935.0,0.34171167428334026,True,5,0.0,contact_part_mask,26,0,contact_part_local_affine,True,0.9610000000000001,36,10,7,0.7,0.6088621616363525,5,0.0,14442.0,success,361,0.20155983860272014,,3753.0,pre_contact_gap_tracked_reference,1.0,contact_part_local_affine,success,5,0.0,0.12506666666666666,,,,,,,success,keep,,6.07363413515091,/Users/huhu/Documents/Code/bishe/vrb/vrbreproduction/outputs/100subaction-e9/experiments/E9/pipeline_outputs/subaction_39_P01_109_39/candidate_06_frame_003754_left,/Users/huhu/Documents/Code/bishe/vrb/vrbreproduction/outputs/100subaction-e9/experiments/E9/pipeline_outputs/subaction_39_P01_109_39/candidate_06_frame_003754_left,/Users/huhu/Documents/Code/bishe/vrb/vrbreproduction/outputs/100subaction-e9/experiments/E9/pipeline_outputs/subaction_39_P01_109_39/candidate_06_frame_003754_left/reference_frame.png,/Users/huhu/Documents/Code/bishe/vrb/vrbreproduction/outputs/100subaction-e9/experiments/E9/pipeline_outputs/subaction_39_P01_109_39/candidate_06_frame_003754_left/label_heatmap_merged_overlay.png,/Users/huhu/Documents/Code/bishe/vrb/vrbreproduction/outputs/100subaction-e9/experiments/E9/pipeline_outputs/subaction_39_P01_109_39/candidate_06_frame_003754_left/vrb_style_affordance.png,6.0,0.0,"[115.57, 1.53, 198.99, 175.62]",/Users/huhu/Documents/Code/bishe/vrb/vrbreproduction/outputs/100subaction-e9/experiments/E9/pipeline_outputs/subaction_39_P01_109_39/candidate_06_frame_003754_left/label_heatmap_merged.npy,/Users/huhu/Documents/Code/bishe/vrb/vrbreproduction/outputs/100subaction-e9/experiments/E9/pipeline_outputs/subaction_39_P01_109_39/candidate_06_frame_003754_left/label_heatmap_merged.png,/Users/huhu/Documents/Code/bishe/vrb/vrbreproduction/outputs/100subaction-e9/experiments/E9/pipeline_outputs/subaction_39_P01_109_39/candidate_06_frame_003754_left/mask_projection_overlay.png,"(256, 456)",isotropic_e7,True,True
E9,39,P01_109_39,open cupboard,open,cupboard,['cupboard'],3719,3799,3718.0,3798.0,7.0,3755.0,left,new_contact_episode,55,12,37,"[109.0, 2.0, 193.0, 161.0]",2.769940911794459,grabcut_fallback,bbox_fallback,fallback_lk,failed,ModuleNotFoundError:No module named 'torch',panel_edge_or_handle,1379,0.2771302250803859,5016.0,0.3117658027223569,True,5,0.0,contact_part_mask,26,0,contact_part_local_affine,True,0.9610000000000001,36,10,7,0.7,0.5106521844863892,5,0.0,16089.0,success,361,0.20155983860272014,,3753.0,pre_contact_gap_tracked_reference,2.0,contact_part_local_affine,success,5,0.0,0.12506666666666666,,,,,,,success,keep,,6.07058043446541,/Users/huhu/Documents/Code/bishe/vrb/vrbreproduction/outputs/100subaction-e9/experiments/E9/pipeline_outputs/subaction_39_P01_109_39/candidate_07_frame_003755_left,/Users/huhu/Documents/Code/bishe/vrb/vrbreproduction/outputs/100subaction-e9/experiments/E9/pipeline_outputs/subaction_39_P01_109_39/candidate_07_frame_003755_left,/Users/huhu/Documents/Code/bishe/vrb/vrbreproduction/outputs/100subaction-e9/experiments/E9/pipeline_outputs/subaction_39_P01_109_39/candidate_07_frame_003755_left/reference_frame.png,/Users/huhu/Documents/Code/bishe/vrb/vrbreproduction/outputs/100subaction-e9/experiments/E9/pipeline_outputs/subaction_39_P01_109_39/candidate_07_frame_003755_left/label_heatmap_merged_overlay.png,/Users/huhu/Documents/Code/bishe/vrb/vrbreproduction/outputs/100subaction-e9/experiments/E9/pipeline_outputs/subaction_39_P01_109_39/candidate_07_frame_003755_left/vrb_style_affordance.png,6.0,0.0,"[110.83, 0.87, 203.98, 173.74]",/Users/huhu/Documents/Code/bishe/vrb/vrbreproduction/outputs/100subaction-e9/experiments/E9/pipeline_outputs/subaction_39_P01_109_39/candidate_07_frame_003755_left/label_heatmap_merged.npy,/Users/huhu/Documents/Code/bishe/vrb/vrbreproduction/outputs/100subaction-e9/experiments/E9/pipeline_outputs/subaction_39_P01_109_39/candidate_07_frame_003755_left/label_heatmap_merged.png,/Users/huhu/Documents/Code/bishe/vrb/vrbreproduction/outputs/100subaction-e9/experiments/E9/pipeline_outputs/subaction_39_P01_109_39/candidate_07_frame_003755_left/mask_projection_overlay.png,"(256, 456)",isotropic_e7,True,False
E9,39,P01_109_39,open cupboard,open,cupboard,['cupboard'],3719,3799,3718.0,3798.0,8.0,3756.0,left,new_contact_episode,55,12,0,,,,,,,,,0,,,,,0,,,0,0,,True,,0,0,0,,,0,,,not_run,0,0.0,,,,,,not_run,0,,,,,,,,,not_run,discard,missing_hand_or_object_bbox,,/Users/huhu/Documents/Code/bishe/vrb/vrbreproduction/outputs/100subaction-e9/experiments/E9/pipeline_outputs/subaction_39_P01_109_39/candidate_08_frame_003756_left,,,,,,,,,,,,,,False
E9,39,P01_109_39,open cupboard,open,cupboard,['cupboard'],3719,3799,3718.0,3798.0,9.0,3760.0,right,new_contact_episode,55,12,0,"[73.0, 0.0, 188.0, 127.0]",0.8031315086385078,,,,,,,0,,,,,0,,,0,0,,True,,0,0,0,,,0,,,not_run,0,0.0,,,,,,not_run,0,,,,,,,,,not_run,discard,contact_points_lt5_after_object_boundary_filter,,/Users/huhu/Documents/Code/bishe/vrb/vrbreproduction/outputs/100subaction-e9/experiments/E9/pipeline_outputs/subaction_39_P01_109_39/candidate_09_frame_003760_right,,,,,,,,,,,,,,False
E9,39,P01_109_39,open cupboard,open,cupboard,['cupboard'],3719,3799,3718.0,3798.0,10.0,3761.0,right,new_contact_episode,55,12,57,"[353.0, 50.0, 377.0, 72.0]",4.91372827244092,grabcut_fallback,bbox_fallback,fallback_lk,failed,ModuleNotFoundError:No module named 'torch',panel_edge_or_handle,328,1.0,575.0,1.0,True,5,0.0,contact_part_mask,26,0,contact_part_local_affine,True,1.0,36,36,36,1.0,0.24233558773994446,5,0.0,575.0,success,361,0.20155983860272014,,3760.0,earliest_reliable_tracked_reference_no_pre_gap,1.0,contact_part_local_affine,success,5,0.0,0.10888888888888888,,,,,,,success,keep,,6.291896599034468,/Users/huhu/Documents/Code/bishe/vrb/vrbreproduction/outputs/100subaction-e9/experiments/E9/pipeline_outputs/subaction_39_P01_109_39/candidate_10_frame_003761_right,/Users/huhu/Documents/Code/bishe/vrb/vrbreproduction/outputs/100subaction-e9/experiments/E9/pipeline_outputs/subaction_39_P01_109_39/candidate_10_frame_003761_right,/Users/huhu/Documents/Code/bishe/vrb/vrbreproduction/outputs/100subaction-e9/experiments/E9/pipeline_outputs/subaction_39_P01_109_39/candidate_10_frame_003761_right/reference_frame.png,/Users/huhu/Documents/Code/bishe/vrb/vrbreproduction/outputs/100subaction-e9/experiments/E9/pipeline_outputs/subaction_39_P01_109_39/candidate_10_frame_003761_right/label_heatmap_merged_overlay.png,/Users/huhu/Documents/Code/bishe/vrb/vrbreproduction/outputs/100subaction-e9/experiments/E9/pipeline_outputs/subaction_39_P01_109_39/candidate_10_frame_003761_right/vrb_style_affordance.png,6.0,0.0,"[352.02, 51.37, 376.56, 73.88]",/Users/huhu/Documents/Code/bishe/vrb/vrbreproduction/outputs/100subaction-e9/experiments/E9/pipeline_outputs/subaction_39_P01_109_39/candidate_10_frame_003761_right/label_heatmap_merged.npy,/Users/huhu/Documents/Code/bishe/vrb/vrbreproduction/outputs/100subaction-e9/experiments/E9/pipeline_outputs/subaction_39_P01_109_39/candidate_10_frame_003761_right/label_heatmap_merged.png,/Users/huhu/Documents/Code/bishe/vrb/vrbreproduction/outputs/100subaction-e9/experiments/E9/pipeline_outputs/subaction_39_P01_109_39/candidate_10_frame_003761_right/mask_projection_overlay.png,"(256, 456)",isotropic_e7,True,False
E9,39,P01_109_39,open cupboard,open,cupboard,['cupboard'],3719,3799,3718.0,3798.0,11.0,3762.0,right,new_contact_episode,55,12,57,"[353.0, 49.0, 377.0, 73.0]",4.875965654657465,grabcut_fallback,bbox_fallback,fallback_lk,failed,ModuleNotFoundError:No module named 'torch',panel_edge_or_handle,576,1.0,552.0,1.0,True,5,0.0,contact_part_mask,26,0,contact_part_local_affine,True,1.0,36,36,36,1.0,0.3500480353832245,5,0.0,552.0,success,361,0.20155983860272014,,3761.0,earliest_reliable_tracked_reference_no_pre_gap,1.0,contact_part_local_affine,success,5,0.0,0.10835555555555555,,,,,,,success,keep,,6.320965225605169,/Users/huhu/Documents/Code/bishe/vrb/vrbreproduction/outputs/100subaction-e9/experiments/E9/pipeline_outputs/subaction_39_P01_109_39/candidate_11_frame_003762_right,/Users/huhu/Documents/Code/bishe/vrb/vrbreproduction/outputs/100subaction-e9/experiments/E9/pipeline_outputs/subaction_39_P01_109_39/candidate_11_frame_003762_right,/Users/huhu/Documents/Code/bishe/vrb/vrbreproduction/outputs/100subaction-e9/experiments/E9/pipeline_outputs/subaction_39_P01_109_39/candidate_11_frame_003762_right/reference_frame.png,/Users/huhu/Documents/Code/bishe/vrb/vrbreproduction/outputs/100subaction-e9/experiments/E9/pipeline_outputs/subaction_39_P01_109_39/candidate_11_frame_003762_right/label_heatmap_merged_overlay.png,/Users/huhu/Documents/Code/bishe/vrb/vrbreproduction/outputs/100subaction-e9/experiments/E9/pipeline_outputs/subaction_39_P01_109_39/candidate_11_frame_003762_right/vrb_style_affordance.png,6.0,0.0,"[352.94, 49.95, 377.22, 72.93]",/Users/huhu/Documents/Code/bishe/vrb/vrbreproduction/outputs/100subaction-e9/experiments/E9/pipeline_outputs/subaction_39_P01_109_39/candidate_11_frame_003762_right/label_heatmap_merged.npy,/Users/huhu/Documents/Code/bishe/vrb/vrbreproduction/outputs/100subaction-e9/experiments/E9/pipeline_outputs/subaction_39_P01_109_39/candidate_11_frame_003762_right/label_heatmap_merged.png,/Users/huhu/Documents/Code/bishe/vrb/vrbreproduction/outputs/100subaction-e9/experiments/E9/pipeline_outputs/subaction_39_P01_109_39/candidate_11_frame_003762_right/mask_projection_overlay.png,"(256, 456)",isotropic_e7,True,True
E9,40,P01_109_40,move pans,move,pan,['pan'],3826,4048,3825.0,4047.0,0.0,3837.0,right,new_contact_episode,301,12,0,,,,,,,,,0,,,,,0,,,0,0,,False,,0,0,0,,,0,,,not_run,0,0.0,,,,,,not_run,0,,,,,,,,,not_run,discard,missing_hand_or_object_bbox,,/Users/huhu/Documents/Code/bishe/vrb/vrbreproduction/outputs/100subaction-e9/experiments/E9/pipeline_outputs/subaction_40_P01_109_40/candidate_00_frame_003837_right,,,,,,,,,,,,,,False
E9,40,P01_109_40,move pans,move,pan,['pan'],3826,4048,3825.0,4047.0,1.0,3838.0,right,new_contact_episode,301,12,0,,,,,,,,,0,,,,,0,,,0,0,,False,,0,0,0,,,0,,,not_run,0,0.0,,,,,,not_run,0,,,,,,,,,not_run,discard,missing_hand_or_object_bbox,,/Users/huhu/Documents/Code/bishe/vrb/vrbreproduction/outputs/100subaction-e9/experiments/E9/pipeline_outputs/subaction_40_P01_109_40/candidate_01_frame_003838_right,,,,,,,,,,,,,,False
E9,40,P01_109_40,move pans,move,pan,['pan'],3826,4048,3825.0,4047.0,2.0,3844.0,left,new_contact_episode,301,12,0,,,,,,,,,0,,,,,0,,,0,0,,False,,0,0,0,,,0,,,not_run,0,0.0,,,,,,not_run,0,,,,,,,,,not_run,discard,missing_hand_or_object_bbox,,/Users/huhu/Documents/Code/bishe/vrb/vrbreproduction/outputs/100subaction-e9/experiments/E9/pipeline_outputs/subaction_40_P01_109_40/candidate_02_frame_003844_left,,,,,,,,,,,,,,False
E9,40,P01_109_40,move pans,move,pan,['pan'],3826,4048,3825.0,4047.0,3.0,3845.0,left,new_contact_episode,301,12,0,,,,,,,,,0,,,,,0,,,0,0,,False,,0,0,0,,,0,,,not_run,0,0.0,,,,,,not_run,0,,,,,,,,,not_run,discard,missing_hand_or_object_bbox,,/Users/huhu/Documents/Code/bishe/vrb/vrbreproduction/outputs/100subaction-e9/experiments/E9/pipeline_outputs/subaction_40_P01_109_40/candidate_03_frame_003845_left,,,,,,,,,,,,,,False
E9,40,P01_109_40,move pans,move,pan,['pan'],3826,4048,3825.0,4047.0,4.0,3846.0,left,new_contact_episode,301,12,0,,,,,,,,,0,,,,,0,,,0,0,,False,,0,0,0,,,0,,,not_run,0,0.0,,,,,,not_run,0,,,,,,,,,not_run,discard,missing_hand_or_object_bbox,,/Users/huhu/Documents/Code/bishe/vrb/vrbreproduction/outputs/100subaction-e9/experiments/E9/pipeline_outputs/subaction_40_P01_109_40/candidate_04_frame_003846_left,,,,,,,,,,,,,,False
E9,40,P01_109_40,move pans,move,pan,['pan'],3826,4048,3825.0,4047.0,5.0,3847.0,right,new_contact_episode,301,12,0,,,,,,,,,0,,,,,0,,,0,0,,False,,0,0,0,,,0,,,not_run,0,0.0,,,,,,not_run,0,,,,,,,,,not_run,discard,missing_hand_or_object_bbox,,/Users/huhu/Documents/Code/bishe/vrb/vrbreproduction/outputs/100subaction-e9/experiments/E9/pipeline_outputs/subaction_40_P01_109_40/candidate_05_frame_003847_right,,,,,,,,,,,,,,False
E9,40,P01_109_40,move pans,move,pan,['pan'],3826,4048,3825.0,4047.0,6.0,3848.0,right,new_contact_episode,301,12,0,,,,,,,,,0,,,,,0,,,0,0,,False,,0,0,0,,,0,,,not_run,0,0.0,,,,,,not_run,0,,,,,,,,,not_run,discard,missing_hand_or_object_bbox,,/Users/huhu/Documents/Code/bishe/vrb/vrbreproduction/outputs/100subaction-e9/experiments/E9/pipeline_outputs/subaction_40_P01_109_40/candidate_06_frame_003848_right,,,,,,,,,,,,,,False
E9,40,P01_109_40,move pans,move,pan,['pan'],3826,4048,3825.0,4047.0,7.0,3849.0,right,new_contact_episode,301,12,0,,,,,,,,,0,,,,,0,,,0,0,,False,,0,0,0,,,0,,,not_run,0,0.0,,,,,,not_run,0,,,,,,,,,not_run,discard,missing_hand_or_object_bbox,,/Users/huhu/Documents/Code/bishe/vrb/vrbreproduction/outputs/100subaction-e9/experiments/E9/pipeline_outputs/subaction_40_P01_109_40/candidate_07_frame_003849_right,,,,,,,,,,,,,,False
E9,40,P01_109_40,move pans,move,pan,['pan'],3826,4048,3825.0,4047.0,8.0,3855.0,right,new_contact_episode,301,12,98,"[276.0, 1.0, 321.0, 30.0]",4.341274162851916,grabcut_fallback,bbox_fallback,fallback_lk,failed,ModuleNotFoundError:No module named 'torch',handle_like_edge_or_endpoint,647,1.0,1419.0,1.0,True,3,0.0,contact_part_mask,26,0,contact_part_local_affine,False,0.8175714285714286,36,35,33,0.9428571428571428,0.36929747462272644,3,0.0,1419.0,success,361,0.20155983860272014,,3854.0,pre_contact_gap_tracked_reference,1.0,contact_part_local_affine,success,3,0.0,0.24782222222222222,,,,,,,success,keep,,5.226330599570843,/Users/huhu/Documents/Code/bishe/vrb/vrbreproduction/outputs/100subaction-e9/experiments/E9/pipeline_outputs/subaction_40_P01_109_40/candidate_08_frame_003855_right,/Users/huhu/Documents/Code/bishe/vrb/vrbreproduction/outputs/100subaction-e9/experiments/E9/pipeline_outputs/subaction_40_P01_109_40/candidate_08_frame_003855_right,/Users/huhu/Documents/Code/bishe/vrb/vrbreproduction/outputs/100subaction-e9/experiments/E9/pipeline_outputs/subaction_40_P01_109_40/candidate_08_frame_003855_right/reference_frame.png,/Users/huhu/Documents/Code/bishe/vrb/vrbreproduction/outputs/100subaction-e9/experiments/E9/pipeline_outputs/subaction_40_P01_109_40/candidate_08_frame_003855_right/label_heatmap_merged_overlay.png,/Users/huhu/Documents/Code/bishe/vrb/vrbreproduction/outputs/100subaction-e9/experiments/E9/pipeline_outputs/subaction_40_P01_109_40/candidate_08_frame_003855_right/vrb_style_affordance.png,6.0,0.0,"[275.35, 1.1, 317.75, 33.5]",/Users/huhu/Documents/Code/bishe/vrb/vrbreproduction/outputs/100subaction-e9/experiments/E9/pipeline_outputs/subaction_40_P01_109_40/candidate_08_frame_003855_right/label_heatmap_merged.npy,/Users/huhu/Documents/Code/bishe/vrb/vrbreproduction/outputs/100subaction-e9/experiments/E9/pipeline_outputs/subaction_40_P01_109_40/candidate_08_frame_003855_right/label_heatmap_merged.png,/Users/huhu/Documents/Code/bishe/vrb/vrbreproduction/outputs/100subaction-e9/experiments/E9/pipeline_outputs/subaction_40_P01_109_40/candidate_08_frame_003855_right/mask_projection_overlay.png,"(256, 456)",isotropic_e7,True,False
E9,40,P01_109_40,move pans,move,pan,['pan'],3826,4048,3825.0,4047.0,9.0,3856.0,right,new_contact_episode,301,12,232,"[44.0, 7.0, 421.0, 250.0]",2.2991171924083376,grabcut_fallback,bbox_fallback,fallback_lk,failed,ModuleNotFoundError:No module named 'torch',handle_like_edge_or_endpoint,7146,0.09717425004759445,7568.0,0.08171903682107763,True,5,0.0,contact_part_mask,26,0,contact_part_local_affine,False,0.975625,36,32,26,0.8125,1.0700578689575195,5,0.0,92610.0,success,361,0.20155983860272014,,3854.0,pre_contact_gap_tracked_reference,2.0,contact_part_local_affine,success,5,0.0,0.24782222222222222,,,,,,,success,keep,,5.907262430597941,/Users/huhu/Documents/Code/bishe/vrb/vrbreproduction/outputs/100subaction-e9/experiments/E9/pipeline_outputs/subaction_40_P01_109_40/candidate_09_frame_003856_right,/Users/huhu/Documents/Code/bishe/vrb/vrbreproduction/outputs/100subaction-e9/experiments/E9/pipeline_outputs/subaction_40_P01_109_40/candidate_09_frame_003856_right,/Users/huhu/Documents/Code/bishe/vrb/vrbreproduction/outputs/100subaction-e9/experiments/E9/pipeline_outputs/subaction_40_P01_109_40/candidate_09_frame_003856_right/reference_frame.png,/Users/huhu/Documents/Code/bishe/vrb/vrbreproduction/outputs/100subaction-e9/experiments/E9/pipeline_outputs/subaction_40_P01_109_40/candidate_09_frame_003856_right/label_heatmap_merged_overlay.png,/Users/huhu/Documents/Code/bishe/vrb/vrbreproduction/outputs/100subaction-e9/experiments/E9/pipeline_outputs/subaction_40_P01_109_40/candidate_09_frame_003856_right/vrb_style_affordance.png,6.0,0.0,"[44.55, 6.47, 423.32, 250.92]",/Users/huhu/Documents/Code/bishe/vrb/vrbreproduction/outputs/100subaction-e9/experiments/E9/pipeline_outputs/subaction_40_P01_109_40/candidate_09_frame_003856_right/label_heatmap_merged.npy,/Users/huhu/Documents/Code/bishe/vrb/vrbreproduction/outputs/100subaction-e9/experiments/E9/pipeline_outputs/subaction_40_P01_109_40/candidate_09_frame_003856_right/label_heatmap_merged.png,/Users/huhu/Documents/Code/bishe/vrb/vrbreproduction/outputs/100subaction-e9/experiments/E9/pipeline_outputs/subaction_40_P01_109_40/candidate_09_frame_003856_right/mask_projection_overlay.png,"(256, 456)",isotropic_e7,True,True
E9,40,P01_109_40,move pans,move,pan,['pan'],3826,4048,3825.0,4047.0,10.0,3857.0,right,new_contact_episode,301,12,146,"[31.0, 4.0, 349.0, 246.0]",2.4253922727939736,grabcut_fallback,bbox_fallback,fallback_lk,failed,ModuleNotFoundError:No module named 'torch',handle_like_edge_or_endpoint,6581,0.10403756165423043,7033.0,0.08051332539609854,True,5,0.0,contact_part_mask,26,0,contact_part_local_affine,False,0.9566666666666667,36,30,20,0.6666666666666666,1.3151710033416748,5,0.0,87352.0,success,361,0.20155983860272014,,3854.0,pre_contact_gap_tracked_reference,3.0,contact_part_local_affine,success,5,0.0,0.24782222222222222,,,,,,,success,keep,,5.804950703233084,/Users/huhu/Documents/Code/bishe/vrb/vrbreproduction/outputs/100subaction-e9/experiments/E9/pipeline_outputs/subaction_40_P01_109_40/candidate_10_frame_003857_right,/Users/huhu/Documents/Code/bishe/vrb/vrbreproduction/outputs/100subaction-e9/experiments/E9/pipeline_outputs/subaction_40_P01_109_40/candidate_10_frame_003857_right,/Users/huhu/Documents/Code/bishe/vrb/vrbreproduction/outputs/100subaction-e9/experiments/E9/pipeline_outputs/subaction_40_P01_109_40/candidate_10_frame_003857_right/reference_frame.png,/Users/huhu/Documents/Code/bishe/vrb/vrbreproduction/outputs/100subaction-e9/experiments/E9/pipeline_outputs/subaction_40_P01_109_40/candidate_10_frame_003857_right/label_heatmap_merged_overlay.png,/Users/huhu/Documents/Code/bishe/vrb/vrbreproduction/outputs/100subaction-e9/experiments/E9/pipeline_outputs/subaction_40_P01_109_40/candidate_10_frame_003857_right/vrb_style_affordance.png,6.0,0.0,"[40.18, 5.58, 398.48, 249.87]",/Users/huhu/Documents/Code/bishe/vrb/vrbreproduction/outputs/100subaction-e9/experiments/E9/pipeline_outputs/subaction_40_P01_109_40/candidate_10_frame_003857_right/label_heatmap_merged.npy,/Users/huhu/Documents/Code/bishe/vrb/vrbreproduction/outputs/100subaction-e9/experiments/E9/pipeline_outputs/subaction_40_P01_109_40/candidate_10_frame_003857_right/label_heatmap_merged.png,/Users/huhu/Documents/Code/bishe/vrb/vrbreproduction/outputs/100subaction-e9/experiments/E9/pipeline_outputs/subaction_40_P01_109_40/candidate_10_frame_003857_right/mask_projection_overlay.png,"(256, 456)",isotropic_e7,True,False
E9,40,P01_109_40,move pans,move,pan,['pan'],3826,4048,3825.0,4047.0,11.0,3876.0,right,new_contact_episode,301,12,0,,,,,,,,,0,,,,,0,,,0,0,,False,,0,0,0,,,0,,,not_run,0,0.0,,,,,,not_run,0,,,,,,,,,not_run,discard,missing_hand_or_object_bbox,,/Users/huhu/Documents/Code/bishe/vrb/vrbreproduction/outputs/100subaction-e9/experiments/E9/pipeline_outputs/subaction_40_P01_109_40/candidate_11_frame_003876_right,,,,,,,,,,,,,,False
E9,41,P01_109_41,pick up pan,pick-up,pan,['pan'],4038,4098,4037.0,4097.0,0.0,4037.0,right,continuation_entry_rescue,122,4,107,"[319.0, 0.0, 407.0, 67.0]",3.8089428325052967,grabcut_fallback,bbox_fallback,fallback_lk,failed,ModuleNotFoundError:No module named 'torch',handle_like_edge_or_endpoint,3123,0.902340364056631,3870.0,0.7220149253731343,True,5,0.0,contact_part_mask,26,0,contact_part_local_affine,False,1.0,36,35,35,1.0,0.7890353798866272,5,0.0,5360.0,success,361,0.46268226503345383,,4036.0,earliest_reliable_tracked_reference_no_pre_gap,1.0,contact_part_local_affine,success,5,0.0,0.32804444444444447,,,,,,,success,keep,,5.978262271936733,/Users/huhu/Documents/Code/bishe/vrb/vrbreproduction/outputs/100subaction-e9/experiments/E9/pipeline_outputs/subaction_41_P01_109_41/candidate_00_frame_004037_right,/Users/huhu/Documents/Code/bishe/vrb/vrbreproduction/outputs/100subaction-e9/experiments/E9/pipeline_outputs/subaction_41_P01_109_41/candidate_00_frame_004037_right,/Users/huhu/Documents/Code/bishe/vrb/vrbreproduction/outputs/100subaction-e9/experiments/E9/pipeline_outputs/subaction_41_P01_109_41/candidate_00_frame_004037_right/reference_frame.png,/Users/huhu/Documents/Code/bishe/vrb/vrbreproduction/outputs/100subaction-e9/experiments/E9/pipeline_outputs/subaction_41_P01_109_41/candidate_00_frame_004037_right/label_heatmap_merged_overlay.png,/Users/huhu/Documents/Code/bishe/vrb/vrbreproduction/outputs/100subaction-e9/experiments/E9/pipeline_outputs/subaction_41_P01_109_41/candidate_00_frame_004037_right/vrb_style_affordance.png,6.0,0.0,"[321.76, 0.0, 402.11, 66.62]",/Users/huhu/Documents/Code/bishe/vrb/vrbreproduction/outputs/100subaction-e9/experiments/E9/pipeline_outputs/subaction_41_P01_109_41/candidate_00_frame_004037_right/label_heatmap_merged.npy,/Users/huhu/Documents/Code/bishe/vrb/vrbreproduction/outputs/100subaction-e9/experiments/E9/pipeline_outputs/subaction_41_P01_109_41/candidate_00_frame_004037_right/label_heatmap_merged.png,/Users/huhu/Documents/Code/bishe/vrb/vrbreproduction/outputs/100subaction-e9/experiments/E9/pipeline_outputs/subaction_41_P01_109_41/candidate_00_frame_004037_right/mask_projection_overlay.png,"(256, 456)",isotropic_e7,True,True
E9,41,P01_109_41,pick up pan,pick-up,pan,['pan'],4038,4098,4037.0,4097.0,1.0,4038.0,right,continuation_entry_rescue,122,4,110,"[323.0, 0.0, 393.0, 70.0]",3.517712802511027,grabcut_fallback,bbox_fallback,fallback_lk,failed,ModuleNotFoundError:No module named 'torch',handle_like_edge_or_endpoint,2922,0.8801204819277109,4289.0,0.7691893830703013,True,5,0.0,contact_part_mask,26,0,contact_part_local_affine,False,1.0,36,36,36,1.0,0.8474880456924438,5,0.0,5576.0,success,361,0.46268226503345383,,4037.0,earliest_reliable_tracked_reference_no_pre_gap,1.0,contact_part_local_affine,success,5,0.0,0.3288888888888889,,,,,,,success,keep,,5.975242025295892,/Users/huhu/Documents/Code/bishe/vrb/vrbreproduction/outputs/100subaction-e9/experiments/E9/pipeline_outputs/subaction_41_P01_109_41/candidate_01_frame_004038_right,/Users/huhu/Documents/Code/bishe/vrb/vrbreproduction/outputs/100subaction-e9/experiments/E9/pipeline_outputs/subaction_41_P01_109_41/candidate_01_frame_004038_right,/Users/huhu/Documents/Code/bishe/vrb/vrbreproduction/outputs/100subaction-e9/experiments/E9/pipeline_outputs/subaction_41_P01_109_41/candidate_01_frame_004038_right/reference_frame.png,/Users/huhu/Documents/Code/bishe/vrb/vrbreproduction/outputs/100subaction-e9/experiments/E9/pipeline_outputs/subaction_41_P01_109_41/candidate_01_frame_004038_right/label_heatmap_merged_overlay.png,/Users/huhu/Documents/Code/bishe/vrb/vrbreproduction/outputs/100subaction-e9/experiments/E9/pipeline_outputs/subaction_41_P01_109_41/candidate_01_frame_004038_right/vrb_style_affordance.png,6.0,0.0,"[320.47, 0.0, 401.92, 67.65]",/Users/huhu/Documents/Code/bishe/vrb/vrbreproduction/outputs/100subaction-e9/experiments/E9/pipeline_outputs/subaction_41_P01_109_41/candidate_01_frame_004038_right/label_heatmap_merged.npy,/Users/huhu/Documents/Code/bishe/vrb/vrbreproduction/outputs/100subaction-e9/experiments/E9/pipeline_outputs/subaction_41_P01_109_41/candidate_01_frame_004038_right/label_heatmap_merged.png,/Users/huhu/Documents/Code/bishe/vrb/vrbreproduction/outputs/100subaction-e9/experiments/E9/pipeline_outputs/subaction_41_P01_109_41/candidate_01_frame_004038_right/mask_projection_overlay.png,"(256, 456)",isotropic_e7,True,False
E9,41,P01_109_41,pick up pan,pick-up,pan,['pan'],4038,4098,4037.0,4097.0,2.0,4037.0,left,continuation_entry_rescue,122,4,75,"[319.0, 0.0, 407.0, 67.0]",3.5919190166348063,grabcut_fallback,bbox_fallback,fallback_lk,failed,ModuleNotFoundError:No module named 'torch',handle_like_edge_or_endpoint,3162,0.9136087835885582,4637.0,0.8651119402985075,True,5,0.0,contact_part_mask,26,0,contact_part_local_affine,False,1.0,36,36,36,1.0,0.8697380423545837,5,0.0,5360.0,success,361,0.46268226503345383,,4036.0,earliest_reliable_tracked_reference_no_pre_gap,1.0,contact_part_local_affine,success,5,0.0,0.40915555555555555,,,,,,,success,keep,,5.8541745253960285,/Users/huhu/Documents/Code/bishe/vrb/vrbreproduction/outputs/100subaction-e9/experiments/E9/pipeline_outputs/subaction_41_P01_109_41/candidate_02_frame_004037_left,/Users/huhu/Documents/Code/bishe/vrb/vrbreproduction/outputs/100subaction-e9/experiments/E9/pipeline_outputs/subaction_41_P01_109_41/candidate_02_frame_004037_left,/Users/huhu/Documents/Code/bishe/vrb/vrbreproduction/outputs/100subaction-e9/experiments/E9/pipeline_outputs/subaction_41_P01_109_41/candidate_02_frame_004037_left/reference_frame.png,/Users/huhu/Documents/Code/bishe/vrb/vrbreproduction/outputs/100subaction-e9/experiments/E9/pipeline_outputs/subaction_41_P01_109_41/candidate_02_frame_004037_left/label_heatmap_merged_overlay.png,/Users/huhu/Documents/Code/bishe/vrb/vrbreproduction/outputs/100subaction-e9/experiments/E9/pipeline_outputs/subaction_41_P01_109_41/candidate_02_frame_004037_left/vrb_style_affordance.png,6.0,0.0,"[321.76, 0.0, 402.11, 66.62]",/Users/huhu/Documents/Code/bishe/vrb/vrbreproduction/outputs/100subaction-e9/experiments/E9/pipeline_outputs/subaction_41_P01_109_41/candidate_02_frame_004037_left/label_heatmap_merged.npy,/Users/huhu/Documents/Code/bishe/vrb/vrbreproduction/outputs/100subaction-e9/experiments/E9/pipeline_outputs/subaction_41_P01_109_41/candidate_02_frame_004037_left/label_heatmap_merged.png,/Users/huhu/Documents/Code/bishe/vrb/vrbreproduction/outputs/100subaction-e9/experiments/E9/pipeline_outputs/subaction_41_P01_109_41/candidate_02_frame_004037_left/mask_projection_overlay.png,"(256, 456)",isotropic_e7,True,False
E9,41,P01_109_41,pick up pan,pick-up,pan,['pan'],4038,4098,4037.0,4097.0,3.0,4038.0,left,continuation_entry_rescue,122,4,80,"[323.0, 0.0, 393.0, 70.0]",3.6378309611313706,grabcut_fallback,bbox_fallback,fallback_lk,failed,ModuleNotFoundError:No module named 'torch',handle_like_edge_or_endpoint,2970,0.8945783132530121,4676.0,0.8385939741750359,True,5,0.0,contact_part_mask,26,0,contact_part_local_affine,False,0.9962857142857143,36,35,34,0.9714285714285714,1.2479331493377686,5,0.0,5576.0,success,361,0.46268226503345383,,4037.0,earliest_reliable_tracked_reference_no_pre_gap,1.0,contact_part_local_affine,success,5,0.0,0.42084444444444447,,,,,,,success,keep,,5.8078667674246285,/Users/huhu/Documents/Code/bishe/vrb/vrbreproduction/outputs/100subaction-e9/experiments/E9/pipeline_outputs/subaction_41_P01_109_41/candidate_03_frame_004038_left,/Users/huhu/Documents/Code/bishe/vrb/vrbreproduction/outputs/100subaction-e9/experiments/E9/pipeline_outputs/subaction_41_P01_109_41/candidate_03_frame_004038_left,/Users/huhu/Documents/Code/bishe/vrb/vrbreproduction/outputs/100subaction-e9/experiments/E9/pipeline_outputs/subaction_41_P01_109_41/candidate_03_frame_004038_left/reference_frame.png,/Users/huhu/Documents/Code/bishe/vrb/vrbreproduction/outputs/100subaction-e9/experiments/E9/pipeline_outputs/subaction_41_P01_109_41/candidate_03_frame_004038_left/label_heatmap_merged_overlay.png,/Users/huhu/Documents/Code/bishe/vrb/vrbreproduction/outputs/100subaction-e9/experiments/E9/pipeline_outputs/subaction_41_P01_109_41/candidate_03_frame_004038_left/vrb_style_affordance.png,6.0,0.0,"[320.47, 0.0, 401.92, 67.65]",/Users/huhu/Documents/Code/bishe/vrb/vrbreproduction/outputs/100subaction-e9/experiments/E9/pipeline_outputs/subaction_41_P01_109_41/candidate_03_frame_004038_left/label_heatmap_merged.npy,/Users/huhu/Documents/Code/bishe/vrb/vrbreproduction/outputs/100subaction-e9/experiments/E9/pipeline_outputs/subaction_41_P01_109_41/candidate_03_frame_004038_left/label_heatmap_merged.png,/Users/huhu/Documents/Code/bishe/vrb/vrbreproduction/outputs/100subaction-e9/experiments/E9/pipeline_outputs/subaction_41_P01_109_41/candidate_03_frame_004038_left/mask_projection_overlay.png,"(256, 456)",isotropic_e7,True,False
E9,42,P01_109_42,put down pan,put-down,pan,['pan'],4209,4280,4208.0,4279.0,0.0,4273.0,left,new_contact_episode,107,3,194,"[215.0, 4.0, 337.0, 160.0]",2.8207785901388207,grabcut_fallback,bbox_fallback,fallback_lk,failed,ModuleNotFoundError:No module named 'torch',handle_like_edge_or_endpoint,4067,0.42937077702702703,7556.0,0.33588193456614507,True,5,0.0,contact_part_mask,26,0,contact_part_local_affine,False,0.9711111111111111,36,18,14,0.7777777777777778,0.8142352104187012,5,0.0,22496.0,success,361,0.941336550625,,4271.0,earliest_reliable_tracked_reference_no_pre_gap,2.0,contact_part_local_affine,success,5,0.0,0.24351111111111112,,,,,,,success,keep,,5.962750721465217,/Users/huhu/Documents/Code/bishe/vrb/vrbreproduction/outputs/100subaction-e9/experiments/E9/pipeline_outputs/subaction_42_P01_109_42/candidate_00_frame_004273_left,/Users/huhu/Documents/Code/bishe/vrb/vrbreproduction/outputs/100subaction-e9/experiments/E9/pipeline_outputs/subaction_42_P01_109_42/candidate_00_frame_004273_left,/Users/huhu/Documents/Code/bishe/vrb/vrbreproduction/outputs/100subaction-e9/experiments/E9/pipeline_outputs/subaction_42_P01_109_42/candidate_00_frame_004273_left/reference_frame.png,/Users/huhu/Documents/Code/bishe/vrb/vrbreproduction/outputs/100subaction-e9/experiments/E9/pipeline_outputs/subaction_42_P01_109_42/candidate_00_frame_004273_left/label_heatmap_merged_overlay.png,/Users/huhu/Documents/Code/bishe/vrb/vrbreproduction/outputs/100subaction-e9/experiments/E9/pipeline_outputs/subaction_42_P01_109_42/candidate_00_frame_004273_left/vrb_style_affordance.png,6.0,0.0,"[207.36, 0.0, 354.93, 152.38]",/Users/huhu/Documents/Code/bishe/vrb/vrbreproduction/outputs/100subaction-e9/experiments/E9/pipeline_outputs/subaction_42_P01_109_42/candidate_00_frame_004273_left/label_heatmap_merged.npy,/Users/huhu/Documents/Code/bishe/vrb/vrbreproduction/outputs/100subaction-e9/experiments/E9/pipeline_outputs/subaction_42_P01_109_42/candidate_00_frame_004273_left/label_heatmap_merged.png,/Users/huhu/Documents/Code/bishe/vrb/vrbreproduction/outputs/100subaction-e9/experiments/E9/pipeline_outputs/subaction_42_P01_109_42/candidate_00_frame_004273_left/mask_projection_overlay.png,"(256, 456)",isotropic_e7,True,True
E9,42,P01_109_42,put down pan,put-down,pan,['pan'],4209,4280,4208.0,4279.0,1.0,4274.0,left,new_contact_episode,107,3,128,"[218.0, 5.0, 333.0, 153.0]",3.0693750845239722,grabcut_fallback,bbox_fallback,fallback_lk,failed,ModuleNotFoundError:No module named 'torch',handle_like_edge_or_endpoint,3430,0.461455670657877,6511.0,0.33582628429956674,True,5,0.0,contact_part_mask,26,0,contact_part_local_affine,False,0.9645454545454546,36,11,8,0.7272727272727273,1.2185661792755127,5,0.0,19388.0,success,361,0.941336550625,,4272.0,earliest_reliable_tracked_reference_no_pre_gap,2.0,contact_part_local_affine,success,5,0.0,0.3109777777777778,,,,,,,success,keep,,5.818612711591433,/Users/huhu/Documents/Code/bishe/vrb/vrbreproduction/outputs/100subaction-e9/experiments/E9/pipeline_outputs/subaction_42_P01_109_42/candidate_01_frame_004274_left,/Users/huhu/Documents/Code/bishe/vrb/vrbreproduction/outputs/100subaction-e9/experiments/E9/pipeline_outputs/subaction_42_P01_109_42/candidate_01_frame_004274_left,/Users/huhu/Documents/Code/bishe/vrb/vrbreproduction/outputs/100subaction-e9/experiments/E9/pipeline_outputs/subaction_42_P01_109_42/candidate_01_frame_004274_left/reference_frame.png,/Users/huhu/Documents/Code/bishe/vrb/vrbreproduction/outputs/100subaction-e9/experiments/E9/pipeline_outputs/subaction_42_P01_109_42/candidate_01_frame_004274_left/label_heatmap_merged_overlay.png,/Users/huhu/Documents/Code/bishe/vrb/vrbreproduction/outputs/100subaction-e9/experiments/E9/pipeline_outputs/subaction_42_P01_109_42/candidate_01_frame_004274_left/vrb_style_affordance.png,6.0,0.0,"[213.42, 0.65, 344.16, 149.49]",/Users/huhu/Documents/Code/bishe/vrb/vrbreproduction/outputs/100subaction-e9/experiments/E9/pipeline_outputs/subaction_42_P01_109_42/candidate_01_frame_004274_left/label_heatmap_merged.npy,/Users/huhu/Documents/Code/bishe/vrb/vrbreproduction/outputs/100subaction-e9/experiments/E9/pipeline_outputs/subaction_42_P01_109_42/candidate_01_frame_004274_left/label_heatmap_merged.png,/Users/huhu/Documents/Code/bishe/vrb/vrbreproduction/outputs/100subaction-e9/experiments/E9/pipeline_outputs/subaction_42_P01_109_42/candidate_01_frame_004274_left/mask_projection_overlay.png,"(256, 456)",isotropic_e7,True,False
E9,42,P01_109_42,put down pan,put-down,pan,['pan'],4209,4280,4208.0,4279.0,2.0,4275.0,left,new_contact_episode,107,3,223,"[169.0, 4.0, 331.0, 150.0]",3.8321416916290083,grabcut_fallback,bbox_fallback,fallback_lk,failed,ModuleNotFoundError:No module named 'torch',handle_like_edge_or_endpoint,7884,0.4869371873262924,6533.0,0.3296664479991926,True,4,0.0,contact_part_mask,26,0,contact_part_local_affine,False,0.8800000000000001,36,16,12,0.75,1.0891814231872559,4,0.0,19817.0,success,361,0.941336550625,,4274.0,earliest_reliable_tracked_reference_no_pre_gap,1.0,contact_part_local_affine,success,4,0.0,0.6071111111111112,,,,,,,success,keep,,4.973157890637717,/Users/huhu/Documents/Code/bishe/vrb/vrbreproduction/outputs/100subaction-e9/experiments/E9/pipeline_outputs/subaction_42_P01_109_42/candidate_02_frame_004275_left,/Users/huhu/Documents/Code/bishe/vrb/vrbreproduction/outputs/100subaction-e9/experiments/E9/pipeline_outputs/subaction_42_P01_109_42/candidate_02_frame_004275_left,/Users/huhu/Documents/Code/bishe/vrb/vrbreproduction/outputs/100subaction-e9/experiments/E9/pipeline_outputs/subaction_42_P01_109_42/candidate_02_frame_004275_left/reference_frame.png,/Users/huhu/Documents/Code/bishe/vrb/vrbreproduction/outputs/100subaction-e9/experiments/E9/pipeline_outputs/subaction_42_P01_109_42/candidate_02_frame_004275_left/label_heatmap_merged_overlay.png,/Users/huhu/Documents/Code/bishe/vrb/vrbreproduction/outputs/100subaction-e9/experiments/E9/pipeline_outputs/subaction_42_P01_109_42/candidate_02_frame_004275_left/vrb_style_affordance.png,6.0,0.0,"[201.61, 3.25, 334.58, 151.86]",/Users/huhu/Documents/Code/bishe/vrb/vrbreproduction/outputs/100subaction-e9/experiments/E9/pipeline_outputs/subaction_42_P01_109_42/candidate_02_frame_004275_left/label_heatmap_merged.npy,/Users/huhu/Documents/Code/bishe/vrb/vrbreproduction/outputs/100subaction-e9/experiments/E9/pipeline_outputs/subaction_42_P01_109_42/candidate_02_frame_004275_left/label_heatmap_merged.png,/Users/huhu/Documents/Code/bishe/vrb/vrbreproduction/outputs/100subaction-e9/experiments/E9/pipeline_outputs/subaction_42_P01_109_42/candidate_02_frame_004275_left/mask_projection_overlay.png,"(256, 456)",isotropic_e7,True,True
E9,43,P01_109_44,put down pan,put-down,pan,['pan'],4269,4353,4268.0,4352.0,0.0,4273.0,left,new_contact_episode,142,3,194,"[215.0, 4.0, 337.0, 160.0]",2.8207785901388207,grabcut_fallback,bbox_fallback,fallback_lk,failed,ModuleNotFoundError:No module named 'torch',handle_like_edge_or_endpoint,4067,0.42937077702702703,7556.0,0.33588193456614507,True,5,0.0,contact_part_mask,26,0,contact_part_local_affine,False,0.9711111111111111,36,18,14,0.7777777777777778,0.8142352104187012,5,0.0,22496.0,success,361,0.941336550625,,4271.0,earliest_reliable_tracked_reference_no_pre_gap,2.0,contact_part_local_affine,success,5,0.0,0.24351111111111112,,,,,,,success,keep,,5.962750721465217,/Users/huhu/Documents/Code/bishe/vrb/vrbreproduction/outputs/100subaction-e9/experiments/E9/pipeline_outputs/subaction_43_P01_109_44/candidate_00_frame_004273_left,/Users/huhu/Documents/Code/bishe/vrb/vrbreproduction/outputs/100subaction-e9/experiments/E9/pipeline_outputs/subaction_43_P01_109_44/candidate_00_frame_004273_left,/Users/huhu/Documents/Code/bishe/vrb/vrbreproduction/outputs/100subaction-e9/experiments/E9/pipeline_outputs/subaction_43_P01_109_44/candidate_00_frame_004273_left/reference_frame.png,/Users/huhu/Documents/Code/bishe/vrb/vrbreproduction/outputs/100subaction-e9/experiments/E9/pipeline_outputs/subaction_43_P01_109_44/candidate_00_frame_004273_left/label_heatmap_merged_overlay.png,/Users/huhu/Documents/Code/bishe/vrb/vrbreproduction/outputs/100subaction-e9/experiments/E9/pipeline_outputs/subaction_43_P01_109_44/candidate_00_frame_004273_left/vrb_style_affordance.png,6.0,0.0,"[207.36, 0.0, 354.93, 152.38]",/Users/huhu/Documents/Code/bishe/vrb/vrbreproduction/outputs/100subaction-e9/experiments/E9/pipeline_outputs/subaction_43_P01_109_44/candidate_00_frame_004273_left/label_heatmap_merged.npy,/Users/huhu/Documents/Code/bishe/vrb/vrbreproduction/outputs/100subaction-e9/experiments/E9/pipeline_outputs/subaction_43_P01_109_44/candidate_00_frame_004273_left/label_heatmap_merged.png,/Users/huhu/Documents/Code/bishe/vrb/vrbreproduction/outputs/100subaction-e9/experiments/E9/pipeline_outputs/subaction_43_P01_109_44/candidate_00_frame_004273_left/mask_projection_overlay.png,"(256, 456)",isotropic_e7,True,True
E9,43,P01_109_44,put down pan,put-down,pan,['pan'],4269,4353,4268.0,4352.0,1.0,4274.0,left,new_contact_episode,142,3,128,"[218.0, 5.0, 333.0, 153.0]",3.0693750845239722,grabcut_fallback,bbox_fallback,fallback_lk,failed,ModuleNotFoundError:No module named 'torch',handle_like_edge_or_endpoint,3430,0.461455670657877,6511.0,0.33582628429956674,True,5,0.0,contact_part_mask,26,0,contact_part_local_affine,False,0.9645454545454546,36,11,8,0.7272727272727273,1.2185661792755127,5,0.0,19388.0,success,361,0.941336550625,,4272.0,earliest_reliable_tracked_reference_no_pre_gap,2.0,contact_part_local_affine,success,5,0.0,0.3109777777777778,,,,,,,success,keep,,5.818612711591433,/Users/huhu/Documents/Code/bishe/vrb/vrbreproduction/outputs/100subaction-e9/experiments/E9/pipeline_outputs/subaction_43_P01_109_44/candidate_01_frame_004274_left,/Users/huhu/Documents/Code/bishe/vrb/vrbreproduction/outputs/100subaction-e9/experiments/E9/pipeline_outputs/subaction_43_P01_109_44/candidate_01_frame_004274_left,/Users/huhu/Documents/Code/bishe/vrb/vrbreproduction/outputs/100subaction-e9/experiments/E9/pipeline_outputs/subaction_43_P01_109_44/candidate_01_frame_004274_left/reference_frame.png,/Users/huhu/Documents/Code/bishe/vrb/vrbreproduction/outputs/100subaction-e9/experiments/E9/pipeline_outputs/subaction_43_P01_109_44/candidate_01_frame_004274_left/label_heatmap_merged_overlay.png,/Users/huhu/Documents/Code/bishe/vrb/vrbreproduction/outputs/100subaction-e9/experiments/E9/pipeline_outputs/subaction_43_P01_109_44/candidate_01_frame_004274_left/vrb_style_affordance.png,6.0,0.0,"[213.42, 0.65, 344.16, 149.49]",/Users/huhu/Documents/Code/bishe/vrb/vrbreproduction/outputs/100subaction-e9/experiments/E9/pipeline_outputs/subaction_43_P01_109_44/candidate_01_frame_004274_left/label_heatmap_merged.npy,/Users/huhu/Documents/Code/bishe/vrb/vrbreproduction/outputs/100subaction-e9/experiments/E9/pipeline_outputs/subaction_43_P01_109_44/candidate_01_frame_004274_left/label_heatmap_merged.png,/Users/huhu/Documents/Code/bishe/vrb/vrbreproduction/outputs/100subaction-e9/experiments/E9/pipeline_outputs/subaction_43_P01_109_44/candidate_01_frame_004274_left/mask_projection_overlay.png,"(256, 456)",isotropic_e7,True,False
E9,43,P01_109_44,put down pan,put-down,pan,['pan'],4269,4353,4268.0,4352.0,2.0,4275.0,left,new_contact_episode,142,3,223,"[169.0, 4.0, 331.0, 150.0]",3.8321416916290083,grabcut_fallback,bbox_fallback,fallback_lk,failed,ModuleNotFoundError:No module named 'torch',handle_like_edge_or_endpoint,7884,0.4869371873262924,6533.0,0.3296664479991926,True,4,0.0,contact_part_mask,26,0,contact_part_local_affine,False,0.8800000000000001,36,16,12,0.75,1.0891814231872559,4,0.0,19817.0,success,361,0.941336550625,,4274.0,earliest_reliable_tracked_reference_no_pre_gap,1.0,contact_part_local_affine,success,4,0.0,0.6071111111111112,,,,,,,success,keep,,4.973157890637717,/Users/huhu/Documents/Code/bishe/vrb/vrbreproduction/outputs/100subaction-e9/experiments/E9/pipeline_outputs/subaction_43_P01_109_44/candidate_02_frame_004275_left,/Users/huhu/Documents/Code/bishe/vrb/vrbreproduction/outputs/100subaction-e9/experiments/E9/pipeline_outputs/subaction_43_P01_109_44/candidate_02_frame_004275_left,/Users/huhu/Documents/Code/bishe/vrb/vrbreproduction/outputs/100subaction-e9/experiments/E9/pipeline_outputs/subaction_43_P01_109_44/candidate_02_frame_004275_left/reference_frame.png,/Users/huhu/Documents/Code/bishe/vrb/vrbreproduction/outputs/100subaction-e9/experiments/E9/pipeline_outputs/subaction_43_P01_109_44/candidate_02_frame_004275_left/label_heatmap_merged_overlay.png,/Users/huhu/Documents/Code/bishe/vrb/vrbreproduction/outputs/100subaction-e9/experiments/E9/pipeline_outputs/subaction_43_P01_109_44/candidate_02_frame_004275_left/vrb_style_affordance.png,6.0,0.0,"[201.61, 3.25, 334.58, 151.86]",/Users/huhu/Documents/Code/bishe/vrb/vrbreproduction/outputs/100subaction-e9/experiments/E9/pipeline_outputs/subaction_43_P01_109_44/candidate_02_frame_004275_left/label_heatmap_merged.npy,/Users/huhu/Documents/Code/bishe/vrb/vrbreproduction/outputs/100subaction-e9/experiments/E9/pipeline_outputs/subaction_43_P01_109_44/candidate_02_frame_004275_left/label_heatmap_merged.png,/Users/huhu/Documents/Code/bishe/vrb/vrbreproduction/outputs/100subaction-e9/experiments/E9/pipeline_outputs/subaction_43_P01_109_44/candidate_02_frame_004275_left/mask_projection_overlay.png,"(256, 456)",isotropic_e7,True,True
E9,44,P01_109_43,pick up pan,pick-up,pan,['pan'],4330,4386,4329.0,4385.0,0.0,4380.0,right,new_contact_episode,36,6,127,"[208.0, 39.0, 384.0, 248.0]",2.401347045666721,grabcut_fallback,,,,,handle_like_edge_or_endpoint,2381,0.1079524845846935,,,,0,,,26,0,,False,,36,0,0,,,0,,,success,361,0.7280493868468949,,,,,,failed,0,,,,,,,,,not_run,discard,track_visibility_below_threshold,,/Users/huhu/Documents/Code/bishe/vrb/vrbreproduction/outputs/100subaction-e9/experiments/E9/pipeline_outputs/subaction_44_P01_109_43/candidate_00_frame_004380_right,,,,,6.0,0.0,,,,,,,,False
E9,44,P01_109_43,pick up pan,pick-up,pan,['pan'],4330,4386,4329.0,4385.0,1.0,4381.0,right,new_contact_episode,36,6,139,"[217.0, 22.0, 384.0, 238.0]",2.396504725490625,grabcut_fallback,,,,,handle_like_edge_or_endpoint,2436,0.11784625804266848,,,,0,,,26,0,,False,,36,0,0,,,0,,,success,361,0.7280493868468949,,,,,,failed,0,,,,,,,,,not_run,discard,track_visibility_below_threshold,,/Users/huhu/Documents/Code/bishe/vrb/vrbreproduction/outputs/100subaction-e9/experiments/E9/pipeline_outputs/subaction_44_P01_109_43/candidate_01_frame_004381_right,,,,,6.0,0.0,,,,,,,,False
E9,44,P01_109_43,pick up pan,pick-up,pan,['pan'],4330,4386,4329.0,4385.0,2.0,4382.0,right,new_contact_episode,36,6,98,"[223.0, 7.0, 380.0, 217.0]",2.3634817107819983,grabcut_fallback,,,,,handle_like_edge_or_endpoint,2239,0.11748963635409561,,,,0,,,26,0,,False,,36,0,0,,,0,,,success,361,0.7280493868468949,,,,,,failed,0,,,,,,,,,not_run,discard,track_visibility_below_threshold,,/Users/huhu/Documents/Code/bishe/vrb/vrbreproduction/outputs/100subaction-e9/experiments/E9/pipeline_outputs/subaction_44_P01_109_43/candidate_02_frame_004382_right,,,,,6.0,0.0,,,,,,,,False
E9,44,P01_109_43,pick up pan,pick-up,pan,['pan'],4330,4386,4329.0,4385.0,3.0,4381.0,left,new_contact_episode,36,6,107,"[1.0, 5.0, 199.0, 227.0]",2.7157275284268523,grabcut_fallback,bbox_fallback,fallback_lk,failed,ModuleNotFoundError:No module named 'torch',handle_like_edge_or_endpoint,5122,0.14575152239485517,6584.0,0.14422150179619733,True,5,0.0,contact_part_mask,26,0,contact_part_local_affine,False,0.975,36,26,21,0.8076923076923077,0.986541748046875,5,0.0,45652.0,success,361,0.6957761406082257,,4379.0,earliest_reliable_tracked_reference_no_pre_gap,2.0,contact_part_local_affine,success,5,0.0,0.0,,,,,,,success,keep,,6.278568555250902,/Users/huhu/Documents/Code/bishe/vrb/vrbreproduction/outputs/100subaction-e9/experiments/E9/pipeline_outputs/subaction_44_P01_109_43/candidate_03_frame_004381_left,/Users/huhu/Documents/Code/bishe/vrb/vrbreproduction/outputs/100subaction-e9/experiments/E9/pipeline_outputs/subaction_44_P01_109_43/candidate_03_frame_004381_left,/Users/huhu/Documents/Code/bishe/vrb/vrbreproduction/outputs/100subaction-e9/experiments/E9/pipeline_outputs/subaction_44_P01_109_43/candidate_03_frame_004381_left/reference_frame.png,/Users/huhu/Documents/Code/bishe/vrb/vrbreproduction/outputs/100subaction-e9/experiments/E9/pipeline_outputs/subaction_44_P01_109_43/candidate_03_frame_004381_left/label_heatmap_merged_overlay.png,/Users/huhu/Documents/Code/bishe/vrb/vrbreproduction/outputs/100subaction-e9/experiments/E9/pipeline_outputs/subaction_44_P01_109_43/candidate_03_frame_004381_left/vrb_style_affordance.png,6.0,0.0,"[0.0, 0.0, 202.42, 226.39]",/Users/huhu/Documents/Code/bishe/vrb/vrbreproduction/outputs/100subaction-e9/experiments/E9/pipeline_outputs/subaction_44_P01_109_43/candidate_03_frame_004381_left/label_heatmap_merged.npy,/Users/huhu/Documents/Code/bishe/vrb/vrbreproduction/outputs/100subaction-e9/experiments/E9/pipeline_outputs/subaction_44_P01_109_43/candidate_03_frame_004381_left/label_heatmap_merged.png,/Users/huhu/Documents/Code/bishe/vrb/vrbreproduction/outputs/100subaction-e9/experiments/E9/pipeline_outputs/subaction_44_P01_109_43/candidate_03_frame_004381_left/mask_projection_overlay.png,"(256, 456)",isotropic_e7,True,True
E9,44,P01_109_43,pick up pan,pick-up,pan,['pan'],4330,4386,4329.0,4385.0,4.0,4382.0,left,new_contact_episode,36,6,86,"[0.0, 5.0, 231.0, 234.0]",2.7038745990038677,grabcut_fallback,bbox_fallback,fallback_lk,failed,ModuleNotFoundError:No module named 'torch',handle_like_edge_or_endpoint,5434,0.14216943121762335,6326.0,0.13329119258322797,True,5,0.0,contact_part_mask,26,0,contact_part_local_affine,False,0.9610000000000001,36,30,21,0.7,0.9556264281272888,5,0.0,47460.0,success,361,0.6957761406082257,,4381.0,earliest_reliable_tracked_reference_no_pre_gap,1.0,contact_part_local_affine,success,5,0.0,0.08586666666666666,,,,,,,success,keep,,6.153531207156181,/Users/huhu/Documents/Code/bishe/vrb/vrbreproduction/outputs/100subaction-e9/experiments/E9/pipeline_outputs/subaction_44_P01_109_43/candidate_04_frame_004382_left,/Users/huhu/Documents/Code/bishe/vrb/vrbreproduction/outputs/100subaction-e9/experiments/E9/pipeline_outputs/subaction_44_P01_109_43/candidate_04_frame_004382_left,/Users/huhu/Documents/Code/bishe/vrb/vrbreproduction/outputs/100subaction-e9/experiments/E9/pipeline_outputs/subaction_44_P01_109_43/candidate_04_frame_004382_left/reference_frame.png,/Users/huhu/Documents/Code/bishe/vrb/vrbreproduction/outputs/100subaction-e9/experiments/E9/pipeline_outputs/subaction_44_P01_109_43/candidate_04_frame_004382_left/label_heatmap_merged_overlay.png,/Users/huhu/Documents/Code/bishe/vrb/vrbreproduction/outputs/100subaction-e9/experiments/E9/pipeline_outputs/subaction_44_P01_109_43/candidate_04_frame_004382_left/vrb_style_affordance.png,6.0,0.0,"[0.65, 3.37, 210.7, 229.16]",/Users/huhu/Documents/Code/bishe/vrb/vrbreproduction/outputs/100subaction-e9/experiments/E9/pipeline_outputs/subaction_44_P01_109_43/candidate_04_frame_004382_left/label_heatmap_merged.npy,/Users/huhu/Documents/Code/bishe/vrb/vrbreproduction/outputs/100subaction-e9/experiments/E9/pipeline_outputs/subaction_44_P01_109_43/candidate_04_frame_004382_left/label_heatmap_merged.png,/Users/huhu/Documents/Code/bishe/vrb/vrbreproduction/outputs/100subaction-e9/experiments/E9/pipeline_outputs/subaction_44_P01_109_43/candidate_04_frame_004382_left/mask_projection_overlay.png,"(256, 456)",isotropic_e7,True,False
E9,44,P01_109_43,pick up pan,pick-up,pan,['pan'],4330,4386,4329.0,4385.0,5.0,4383.0,left,new_contact_episode,36,6,88,"[0.0, 5.0, 262.0, 242.0]",2.6103350646331265,grabcut_fallback,bbox_fallback,fallback_lk,failed,ModuleNotFoundError:No module named 'torch',handle_like_edge_or_endpoint,5335,0.1299634591961023,6366.0,0.11195526010340826,True,5,0.0,contact_part_mask,26,0,contact_part_local_affine,False,0.9596551724137932,36,29,20,0.6896551724137931,0.9272763729095459,5,0.0,56862.0,success,361,0.6957761406082257,,4382.0,earliest_reliable_tracked_reference_no_pre_gap,1.0,contact_part_local_affine,success,5,0.0,0.10444444444444445,,,,,,,success,keep,,6.12020469731846,/Users/huhu/Documents/Code/bishe/vrb/vrbreproduction/outputs/100subaction-e9/experiments/E9/pipeline_outputs/subaction_44_P01_109_43/candidate_05_frame_004383_left,/Users/huhu/Documents/Code/bishe/vrb/vrbreproduction/outputs/100subaction-e9/experiments/E9/pipeline_outputs/subaction_44_P01_109_43/candidate_05_frame_004383_left,/Users/huhu/Documents/Code/bishe/vrb/vrbreproduction/outputs/100subaction-e9/experiments/E9/pipeline_outputs/subaction_44_P01_109_43/candidate_05_frame_004383_left/reference_frame.png,/Users/huhu/Documents/Code/bishe/vrb/vrbreproduction/outputs/100subaction-e9/experiments/E9/pipeline_outputs/subaction_44_P01_109_43/candidate_05_frame_004383_left/label_heatmap_merged_overlay.png,/Users/huhu/Documents/Code/bishe/vrb/vrbreproduction/outputs/100subaction-e9/experiments/E9/pipeline_outputs/subaction_44_P01_109_43/candidate_05_frame_004383_left/vrb_style_affordance.png,6.0,0.0,"[0.0, 3.48, 242.51, 236.56]",/Users/huhu/Documents/Code/bishe/vrb/vrbreproduction/outputs/100subaction-e9/experiments/E9/pipeline_outputs/subaction_44_P01_109_43/candidate_05_frame_004383_left/label_heatmap_merged.npy,/Users/huhu/Documents/Code/bishe/vrb/vrbreproduction/outputs/100subaction-e9/experiments/E9/pipeline_outputs/subaction_44_P01_109_43/candidate_05_frame_004383_left/label_heatmap_merged.png,/Users/huhu/Documents/Code/bishe/vrb/vrbreproduction/outputs/100subaction-e9/experiments/E9/pipeline_outputs/subaction_44_P01_109_43/candidate_05_frame_004383_left/mask_projection_overlay.png,"(256, 456)",isotropic_e7,True,True
E9,45,P01_109_45,put down pan,put-down,pan,['pan'],4379,4432,4378.0,4431.0,0.0,4380.0,right,new_contact_episode,56,9,127,"[208.0, 39.0, 384.0, 248.0]",2.401347045666721,grabcut_fallback,,,,,handle_like_edge_or_endpoint,2381,0.1079524845846935,,,,0,,,26,0,,False,,36,0,0,,,0,,,success,361,0.7280493868468949,,,,,,failed,0,,,,,,,,,not_run,discard,track_visibility_below_threshold,,/Users/huhu/Documents/Code/bishe/vrb/vrbreproduction/outputs/100subaction-e9/experiments/E9/pipeline_outputs/subaction_45_P01_109_45/candidate_00_frame_004380_right,,,,,6.0,0.0,,,,,,,,False
E9,45,P01_109_45,put down pan,put-down,pan,['pan'],4379,4432,4378.0,4431.0,1.0,4381.0,right,new_contact_episode,56,9,139,"[217.0, 22.0, 384.0, 238.0]",2.396504725490625,grabcut_fallback,,,,,handle_like_edge_or_endpoint,2436,0.11784625804266848,,,,0,,,26,0,,False,,36,0,0,,,0,,,success,361,0.7280493868468949,,,,,,failed,0,,,,,,,,,not_run,discard,track_visibility_below_threshold,,/Users/huhu/Documents/Code/bishe/vrb/vrbreproduction/outputs/100subaction-e9/experiments/E9/pipeline_outputs/subaction_45_P01_109_45/candidate_01_frame_004381_right,,,,,6.0,0.0,,,,,,,,False
E9,45,P01_109_45,put down pan,put-down,pan,['pan'],4379,4432,4378.0,4431.0,2.0,4382.0,right,new_contact_episode,56,9,98,"[223.0, 7.0, 380.0, 217.0]",2.3634817107819983,grabcut_fallback,,,,,handle_like_edge_or_endpoint,2239,0.11748963635409561,,,,0,,,26,0,,False,,36,0,0,,,0,,,success,361,0.7280493868468949,,,,,,failed,0,,,,,,,,,not_run,discard,track_visibility_below_threshold,,/Users/huhu/Documents/Code/bishe/vrb/vrbreproduction/outputs/100subaction-e9/experiments/E9/pipeline_outputs/subaction_45_P01_109_45/candidate_02_frame_004382_right,,,,,6.0,0.0,,,,,,,,False
E9,45,P01_109_45,put down pan,put-down,pan,['pan'],4379,4432,4378.0,4431.0,3.0,4381.0,left,new_contact_episode,56,9,107,"[1.0, 5.0, 199.0, 227.0]",2.7157275284268523,grabcut_fallback,bbox_fallback,fallback_lk,failed,ModuleNotFoundError:No module named 'torch',handle_like_edge_or_endpoint,5122,0.14575152239485517,6584.0,0.14422150179619733,True,5,0.0,contact_part_mask,26,0,contact_part_local_affine,False,0.975,36,26,21,0.8076923076923077,0.986541748046875,5,0.0,45652.0,success,361,0.6957761406082257,,4379.0,earliest_reliable_tracked_reference_no_pre_gap,2.0,contact_part_local_affine,success,5,0.0,0.0,,,,,,,success,keep,,6.278568555250902,/Users/huhu/Documents/Code/bishe/vrb/vrbreproduction/outputs/100subaction-e9/experiments/E9/pipeline_outputs/subaction_45_P01_109_45/candidate_03_frame_004381_left,/Users/huhu/Documents/Code/bishe/vrb/vrbreproduction/outputs/100subaction-e9/experiments/E9/pipeline_outputs/subaction_45_P01_109_45/candidate_03_frame_004381_left,/Users/huhu/Documents/Code/bishe/vrb/vrbreproduction/outputs/100subaction-e9/experiments/E9/pipeline_outputs/subaction_45_P01_109_45/candidate_03_frame_004381_left/reference_frame.png,/Users/huhu/Documents/Code/bishe/vrb/vrbreproduction/outputs/100subaction-e9/experiments/E9/pipeline_outputs/subaction_45_P01_109_45/candidate_03_frame_004381_left/label_heatmap_merged_overlay.png,/Users/huhu/Documents/Code/bishe/vrb/vrbreproduction/outputs/100subaction-e9/experiments/E9/pipeline_outputs/subaction_45_P01_109_45/candidate_03_frame_004381_left/vrb_style_affordance.png,6.0,0.0,"[0.0, 0.0, 202.42, 226.39]",/Users/huhu/Documents/Code/bishe/vrb/vrbreproduction/outputs/100subaction-e9/experiments/E9/pipeline_outputs/subaction_45_P01_109_45/candidate_03_frame_004381_left/label_heatmap_merged.npy,/Users/huhu/Documents/Code/bishe/vrb/vrbreproduction/outputs/100subaction-e9/experiments/E9/pipeline_outputs/subaction_45_P01_109_45/candidate_03_frame_004381_left/label_heatmap_merged.png,/Users/huhu/Documents/Code/bishe/vrb/vrbreproduction/outputs/100subaction-e9/experiments/E9/pipeline_outputs/subaction_45_P01_109_45/candidate_03_frame_004381_left/mask_projection_overlay.png,"(256, 456)",isotropic_e7,True,True
E9,45,P01_109_45,put down pan,put-down,pan,['pan'],4379,4432,4378.0,4431.0,4.0,4382.0,left,new_contact_episode,56,9,86,"[0.0, 5.0, 231.0, 234.0]",2.7038745990038677,grabcut_fallback,bbox_fallback,fallback_lk,failed,ModuleNotFoundError:No module named 'torch',handle_like_edge_or_endpoint,5434,0.14216943121762335,6326.0,0.13329119258322797,True,5,0.0,contact_part_mask,26,0,contact_part_local_affine,False,0.9610000000000001,36,30,21,0.7,0.9556264281272888,5,0.0,47460.0,success,361,0.6957761406082257,,4381.0,earliest_reliable_tracked_reference_no_pre_gap,1.0,contact_part_local_affine,success,5,0.0,0.08586666666666666,,,,,,,success,keep,,6.153531207156181,/Users/huhu/Documents/Code/bishe/vrb/vrbreproduction/outputs/100subaction-e9/experiments/E9/pipeline_outputs/subaction_45_P01_109_45/candidate_04_frame_004382_left,/Users/huhu/Documents/Code/bishe/vrb/vrbreproduction/outputs/100subaction-e9/experiments/E9/pipeline_outputs/subaction_45_P01_109_45/candidate_04_frame_004382_left,/Users/huhu/Documents/Code/bishe/vrb/vrbreproduction/outputs/100subaction-e9/experiments/E9/pipeline_outputs/subaction_45_P01_109_45/candidate_04_frame_004382_left/reference_frame.png,/Users/huhu/Documents/Code/bishe/vrb/vrbreproduction/outputs/100subaction-e9/experiments/E9/pipeline_outputs/subaction_45_P01_109_45/candidate_04_frame_004382_left/label_heatmap_merged_overlay.png,/Users/huhu/Documents/Code/bishe/vrb/vrbreproduction/outputs/100subaction-e9/experiments/E9/pipeline_outputs/subaction_45_P01_109_45/candidate_04_frame_004382_left/vrb_style_affordance.png,6.0,0.0,"[0.65, 3.37, 210.7, 229.16]",/Users/huhu/Documents/Code/bishe/vrb/vrbreproduction/outputs/100subaction-e9/experiments/E9/pipeline_outputs/subaction_45_P01_109_45/candidate_04_frame_004382_left/label_heatmap_merged.npy,/Users/huhu/Documents/Code/bishe/vrb/vrbreproduction/outputs/100subaction-e9/experiments/E9/pipeline_outputs/subaction_45_P01_109_45/candidate_04_frame_004382_left/label_heatmap_merged.png,/Users/huhu/Documents/Code/bishe/vrb/vrbreproduction/outputs/100subaction-e9/experiments/E9/pipeline_outputs/subaction_45_P01_109_45/candidate_04_frame_004382_left/mask_projection_overlay.png,"(256, 456)",isotropic_e7,True,False
E9,45,P01_109_45,put down pan,put-down,pan,['pan'],4379,4432,4378.0,4431.0,5.0,4383.0,left,new_contact_episode,56,9,88,"[0.0, 5.0, 262.0, 242.0]",2.6103350646331265,grabcut_fallback,bbox_fallback,fallback_lk,failed,ModuleNotFoundError:No module named 'torch',handle_like_edge_or_endpoint,5335,0.1299634591961023,6366.0,0.11195526010340826,True,5,0.0,contact_part_mask,26,0,contact_part_local_affine,False,0.9596551724137932,36,29,20,0.6896551724137931,0.9272763729095459,5,0.0,56862.0,success,361,0.6957761406082257,,4382.0,earliest_reliable_tracked_reference_no_pre_gap,1.0,contact_part_local_affine,success,5,0.0,0.10444444444444445,,,,,,,success,keep,,6.12020469731846,/Users/huhu/Documents/Code/bishe/vrb/vrbreproduction/outputs/100subaction-e9/experiments/E9/pipeline_outputs/subaction_45_P01_109_45/candidate_05_frame_004383_left,/Users/huhu/Documents/Code/bishe/vrb/vrbreproduction/outputs/100subaction-e9/experiments/E9/pipeline_outputs/subaction_45_P01_109_45/candidate_05_frame_004383_left,/Users/huhu/Documents/Code/bishe/vrb/vrbreproduction/outputs/100subaction-e9/experiments/E9/pipeline_outputs/subaction_45_P01_109_45/candidate_05_frame_004383_left/reference_frame.png,/Users/huhu/Documents/Code/bishe/vrb/vrbreproduction/outputs/100subaction-e9/experiments/E9/pipeline_outputs/subaction_45_P01_109_45/candidate_05_frame_004383_left/label_heatmap_merged_overlay.png,/Users/huhu/Documents/Code/bishe/vrb/vrbreproduction/outputs/100subaction-e9/experiments/E9/pipeline_outputs/subaction_45_P01_109_45/candidate_05_frame_004383_left/vrb_style_affordance.png,6.0,0.0,"[0.0, 3.48, 242.51, 236.56]",/Users/huhu/Documents/Code/bishe/vrb/vrbreproduction/outputs/100subaction-e9/experiments/E9/pipeline_outputs/subaction_45_P01_109_45/candidate_05_frame_004383_left/label_heatmap_merged.npy,/Users/huhu/Documents/Code/bishe/vrb/vrbreproduction/outputs/100subaction-e9/experiments/E9/pipeline_outputs/subaction_45_P01_109_45/candidate_05_frame_004383_left/label_heatmap_merged.png,/Users/huhu/Documents/Code/bishe/vrb/vrbreproduction/outputs/100subaction-e9/experiments/E9/pipeline_outputs/subaction_45_P01_109_45/candidate_05_frame_004383_left/mask_projection_overlay.png,"(256, 456)",isotropic_e7,True,True
E9,45,P01_109_45,put down pan,put-down,pan,['pan'],4379,4432,4378.0,4431.0,6.0,4386.0,left,new_contact_episode,56,9,0,"[241.0, 1.0, 374.0, 148.0]",0.7753842592215929,,,,,,,0,,,,,0,,,0,0,,False,,0,0,0,,,0,,,not_run,0,0.0,,,,,,not_run,0,,,,,,,,,not_run,discard,contact_points_lt5_after_object_boundary_filter,,/Users/huhu/Documents/Code/bishe/vrb/vrbreproduction/outputs/100subaction-e9/experiments/E9/pipeline_outputs/subaction_45_P01_109_45/candidate_06_frame_004386_left,,,,,,,,,,,,,,False
E9,45,P01_109_45,put down pan,put-down,pan,['pan'],4379,4432,4378.0,4431.0,7.0,4387.0,left,new_contact_episode,56,9,0,"[243.0, 1.0, 369.0, 129.0]",0.7714068095394878,,,,,,,0,,,,,0,,,0,0,,False,,0,0,0,,,0,,,not_run,0,0.0,,,,,,not_run,0,,,,,,,,,not_run,discard,contact_points_lt5_after_object_boundary_filter,,/Users/huhu/Documents/Code/bishe/vrb/vrbreproduction/outputs/100subaction-e9/experiments/E9/pipeline_outputs/subaction_45_P01_109_45/candidate_07_frame_004387_left,,,,,,,,,,,,,,False
E9,45,P01_109_45,put down pan,put-down,pan,['pan'],4379,4432,4378.0,4431.0,8.0,4388.0,left,new_contact_episode,56,9,0,"[244.0, 0.0, 366.0, 115.0]",0.7729829422644122,,,,,,,0,,,,,0,,,0,0,,False,,0,0,0,,,0,,,not_run,0,0.0,,,,,,not_run,0,,,,,,,,,not_run,discard,contact_points_lt5_after_object_boundary_filter,,/Users/huhu/Documents/Code/bishe/vrb/vrbreproduction/outputs/100subaction-e9/experiments/E9/pipeline_outputs/subaction_45_P01_109_45/candidate_08_frame_004388_left,,,,,,,,,,,,,,False
E9,46,P01_109_46,pick up cutting board,pick-up,board:cutting,['board:cutting'],4510,4604,4509.0,4603.0,0.0,4511.0,left,new_contact_episode,70,12,0,,,,,,,,,0,,,,,0,,,0,0,,False,,0,0,0,,,0,,,not_run,0,0.0,,,,,,not_run,0,,,,,,,,,not_run,discard,missing_hand_or_object_bbox,,/Users/huhu/Documents/Code/bishe/vrb/vrbreproduction/outputs/100subaction-e9/experiments/E9/pipeline_outputs/subaction_46_P01_109_46/candidate_00_frame_004511_left,,,,,,,,,,,,,,False
E9,46,P01_109_46,pick up cutting board,pick-up,board:cutting,['board:cutting'],4510,4604,4509.0,4603.0,1.0,4512.0,left,new_contact_episode,70,12,0,,,,,,,,,0,,,,,0,,,0,0,,False,,0,0,0,,,0,,,not_run,0,0.0,,,,,,not_run,0,,,,,,,,,not_run,discard,missing_hand_or_object_bbox,,/Users/huhu/Documents/Code/bishe/vrb/vrbreproduction/outputs/100subaction-e9/experiments/E9/pipeline_outputs/subaction_46_P01_109_46/candidate_01_frame_004512_left,,,,,,,,,,,,,,False
E9,46,P01_109_46,pick up cutting board,pick-up,board:cutting,['board:cutting'],4510,4604,4509.0,4603.0,2.0,4513.0,left,new_contact_episode,70,12,0,,,,,,,,,0,,,,,0,,,0,0,,False,,0,0,0,,,0,,,not_run,0,0.0,,,,,,not_run,0,,,,,,,,,not_run,discard,missing_hand_or_object_bbox,,/Users/huhu/Documents/Code/bishe/vrb/vrbreproduction/outputs/100subaction-e9/experiments/E9/pipeline_outputs/subaction_46_P01_109_46/candidate_02_frame_004513_left,,,,,,,,,,,,,,False
E9,46,P01_109_46,pick up cutting board,pick-up,board:cutting,['board:cutting'],4510,4604,4509.0,4603.0,3.0,4520.0,left,new_contact_episode,70,12,0,,,,,,,,,0,,,,,0,,,0,0,,False,,0,0,0,,,0,,,not_run,0,0.0,,,,,,not_run,0,,,,,,,,,not_run,discard,missing_hand_or_object_bbox,,/Users/huhu/Documents/Code/bishe/vrb/vrbreproduction/outputs/100subaction-e9/experiments/E9/pipeline_outputs/subaction_46_P01_109_46/candidate_03_frame_004520_left,,,,,,,,,,,,,,False
E9,46,P01_109_46,pick up cutting board,pick-up,board:cutting,['board:cutting'],4510,4604,4509.0,4603.0,4.0,4521.0,left,new_contact_episode,70,12,0,,,,,,,,,0,,,,,0,,,0,0,,False,,0,0,0,,,0,,,not_run,0,0.0,,,,,,not_run,0,,,,,,,,,not_run,discard,missing_hand_or_object_bbox,,/Users/huhu/Documents/Code/bishe/vrb/vrbreproduction/outputs/100subaction-e9/experiments/E9/pipeline_outputs/subaction_46_P01_109_46/candidate_04_frame_004521_left,,,,,,,,,,,,,,False
E9,46,P01_109_46,pick up cutting board,pick-up,board:cutting,['board:cutting'],4510,4604,4509.0,4603.0,5.0,4522.0,left,new_contact_episode,70,12,0,,,,,,,,,0,,,,,0,,,0,0,,False,,0,0,0,,,0,,,not_run,0,0.0,,,,,,not_run,0,,,,,,,,,not_run,discard,missing_hand_or_object_bbox,,/Users/huhu/Documents/Code/bishe/vrb/vrbreproduction/outputs/100subaction-e9/experiments/E9/pipeline_outputs/subaction_46_P01_109_46/candidate_05_frame_004522_left,,,,,,,,,,,,,,False
E9,46,P01_109_46,pick up cutting board,pick-up,board:cutting,['board:cutting'],4510,4604,4509.0,4603.0,6.0,4538.0,left,new_contact_episode,70,12,0,,,,,,,,,0,,,,,0,,,0,0,,False,,0,0,0,,,0,,,not_run,0,0.0,,,,,,not_run,0,,,,,,,,,not_run,discard,missing_hand_or_object_bbox,,/Users/huhu/Documents/Code/bishe/vrb/vrbreproduction/outputs/100subaction-e9/experiments/E9/pipeline_outputs/subaction_46_P01_109_46/candidate_06_frame_004538_left,,,,,,,,,,,,,,False
E9,46,P01_109_46,pick up cutting board,pick-up,board:cutting,['board:cutting'],4510,4604,4509.0,4603.0,7.0,4539.0,left,new_contact_episode,70,12,44,"[0.0, 0.0, 280.0, 157.0]",2.7472844695470964,grabcut_fallback,bbox_fallback,fallback_lk,failed,ModuleNotFoundError:No module named 'torch',contact_local_boundary,6756,0.28960905349794236,10153.0,0.22626582278481014,True,5,0.0,contact_part_mask,26,0,contact_part_local_affine,False,0.9855555555555556,36,36,32,0.8888888888888888,0.8657428026199341,5,0.0,44872.0,success,361,0.19014588786486256,,4537.0,pre_contact_gap_tracked_reference,2.0,contact_part_local_affine,success,5,0.0,0.12675555555555557,,,,,,,success,keep,,6.141589104810291,/Users/huhu/Documents/Code/bishe/vrb/vrbreproduction/outputs/100subaction-e9/experiments/E9/pipeline_outputs/subaction_46_P01_109_46/candidate_07_frame_004539_left,/Users/huhu/Documents/Code/bishe/vrb/vrbreproduction/outputs/100subaction-e9/experiments/E9/pipeline_outputs/subaction_46_P01_109_46/candidate_07_frame_004539_left,/Users/huhu/Documents/Code/bishe/vrb/vrbreproduction/outputs/100subaction-e9/experiments/E9/pipeline_outputs/subaction_46_P01_109_46/candidate_07_frame_004539_left/reference_frame.png,/Users/huhu/Documents/Code/bishe/vrb/vrbreproduction/outputs/100subaction-e9/experiments/E9/pipeline_outputs/subaction_46_P01_109_46/candidate_07_frame_004539_left/label_heatmap_merged_overlay.png,/Users/huhu/Documents/Code/bishe/vrb/vrbreproduction/outputs/100subaction-e9/experiments/E9/pipeline_outputs/subaction_46_P01_109_46/candidate_07_frame_004539_left/vrb_style_affordance.png,6.0,0.0,"[0.0, 0.0, 283.64, 157.65]",/Users/huhu/Documents/Code/bishe/vrb/vrbreproduction/outputs/100subaction-e9/experiments/E9/pipeline_outputs/subaction_46_P01_109_46/candidate_07_frame_004539_left/label_heatmap_merged.npy,/Users/huhu/Documents/Code/bishe/vrb/vrbreproduction/outputs/100subaction-e9/experiments/E9/pipeline_outputs/subaction_46_P01_109_46/candidate_07_frame_004539_left/label_heatmap_merged.png,/Users/huhu/Documents/Code/bishe/vrb/vrbreproduction/outputs/100subaction-e9/experiments/E9/pipeline_outputs/subaction_46_P01_109_46/candidate_07_frame_004539_left/mask_projection_overlay.png,"(256, 456)",isotropic_e7,True,True
E9,46,P01_109_46,pick up cutting board,pick-up,board:cutting,['board:cutting'],4510,4604,4509.0,4603.0,8.0,4540.0,left,new_contact_episode,70,12,0,,,,,,,,,0,,,,,0,,,0,0,,False,,0,0,0,,,0,,,not_run,0,0.0,,,,,,not_run,0,,,,,,,,,not_run,discard,missing_hand_or_object_bbox,,/Users/huhu/Documents/Code/bishe/vrb/vrbreproduction/outputs/100subaction-e9/experiments/E9/pipeline_outputs/subaction_46_P01_109_46/candidate_08_frame_004540_left,,,,,,,,,,,,,,False
E9,46,P01_109_46,pick up cutting board,pick-up,board:cutting,['board:cutting'],4510,4604,4509.0,4603.0,9.0,4554.0,left,new_contact_episode,70,12,192,"[25.0, 9.0, 262.0, 232.0]",2.802944510022696,grabcut_fallback,bbox_fallback,fallback_lk,failed,ModuleNotFoundError:No module named 'torch',contact_local_boundary,14130,0.39617562945101775,18620.0,0.35539777065200795,True,5,0.0,contact_part_mask,26,0,contact_part_local_affine,False,0.9959375,36,32,31,0.96875,1.1134918928146362,5,0.0,52392.0,success,361,0.18658121996654473,,4553.0,pre_contact_gap_tracked_reference,1.0,contact_part_local_affine,success,5,0.0,0.10666666666666667,,,,,,,success,keep,,6.250032743215561,/Users/huhu/Documents/Code/bishe/vrb/vrbreproduction/outputs/100subaction-e9/experiments/E9/pipeline_outputs/subaction_46_P01_109_46/candidate_09_frame_004554_left,/Users/huhu/Documents/Code/bishe/vrb/vrbreproduction/outputs/100subaction-e9/experiments/E9/pipeline_outputs/subaction_46_P01_109_46/candidate_09_frame_004554_left,/Users/huhu/Documents/Code/bishe/vrb/vrbreproduction/outputs/100subaction-e9/experiments/E9/pipeline_outputs/subaction_46_P01_109_46/candidate_09_frame_004554_left/reference_frame.png,/Users/huhu/Documents/Code/bishe/vrb/vrbreproduction/outputs/100subaction-e9/experiments/E9/pipeline_outputs/subaction_46_P01_109_46/candidate_09_frame_004554_left/label_heatmap_merged_overlay.png,/Users/huhu/Documents/Code/bishe/vrb/vrbreproduction/outputs/100subaction-e9/experiments/E9/pipeline_outputs/subaction_46_P01_109_46/candidate_09_frame_004554_left/vrb_style_affordance.png,6.0,0.0,"[24.95, 10.13, 260.98, 232.25]",/Users/huhu/Documents/Code/bishe/vrb/vrbreproduction/outputs/100subaction-e9/experiments/E9/pipeline_outputs/subaction_46_P01_109_46/candidate_09_frame_004554_left/label_heatmap_merged.npy,/Users/huhu/Documents/Code/bishe/vrb/vrbreproduction/outputs/100subaction-e9/experiments/E9/pipeline_outputs/subaction_46_P01_109_46/candidate_09_frame_004554_left/label_heatmap_merged.png,/Users/huhu/Documents/Code/bishe/vrb/vrbreproduction/outputs/100subaction-e9/experiments/E9/pipeline_outputs/subaction_46_P01_109_46/candidate_09_frame_004554_left/mask_projection_overlay.png,"(256, 456)",isotropic_e7,True,True
E9,46,P01_109_46,pick up cutting board,pick-up,board:cutting,['board:cutting'],4510,4604,4509.0,4603.0,10.0,4555.0,left,new_contact_episode,70,12,0,,,,,,,,,0,,,,,0,,,0,0,,False,,0,0,0,,,0,,,not_run,0,0.0,,,,,,not_run,0,,,,,,,,,not_run,discard,missing_hand_or_object_bbox,,/Users/huhu/Documents/Code/bishe/vrb/vrbreproduction/outputs/100subaction-e9/experiments/E9/pipeline_outputs/subaction_46_P01_109_46/candidate_10_frame_004555_left,,,,,,,,,,,,,,False
E9,46,P01_109_46,pick up cutting board,pick-up,board:cutting,['board:cutting'],4510,4604,4509.0,4603.0,11.0,4556.0,left,new_contact_episode,70,12,118,"[17.0, 4.0, 251.0, 227.0]",2.54326413994763,grabcut_fallback,bbox_fallback,fallback_lk,failed,ModuleNotFoundError:No module named 'torch',contact_local_boundary,14814,0.3761521468653988,18135.0,0.3506787330316742,True,5,0.0,contact_part_mask,26,0,contact_part_local_affine,False,0.947037037037037,36,27,16,0.5925925925925926,1.3056414127349854,5,0.0,51714.0,success,361,0.18658121996654473,,4551.0,pre_contact_gap_tracked_reference,5.0,contact_part_local_affine,success,5,0.0,0.0984,,,,,,,success,keep,,6.024997376599432,/Users/huhu/Documents/Code/bishe/vrb/vrbreproduction/outputs/100subaction-e9/experiments/E9/pipeline_outputs/subaction_46_P01_109_46/candidate_11_frame_004556_left,/Users/huhu/Documents/Code/bishe/vrb/vrbreproduction/outputs/100subaction-e9/experiments/E9/pipeline_outputs/subaction_46_P01_109_46/candidate_11_frame_004556_left,/Users/huhu/Documents/Code/bishe/vrb/vrbreproduction/outputs/100subaction-e9/experiments/E9/pipeline_outputs/subaction_46_P01_109_46/candidate_11_frame_004556_left/reference_frame.png,/Users/huhu/Documents/Code/bishe/vrb/vrbreproduction/outputs/100subaction-e9/experiments/E9/pipeline_outputs/subaction_46_P01_109_46/candidate_11_frame_004556_left/label_heatmap_merged_overlay.png,/Users/huhu/Documents/Code/bishe/vrb/vrbreproduction/outputs/100subaction-e9/experiments/E9/pipeline_outputs/subaction_46_P01_109_46/candidate_11_frame_004556_left/vrb_style_affordance.png,6.0,0.0,"[29.95, 17.03, 264.39, 237.93]",/Users/huhu/Documents/Code/bishe/vrb/vrbreproduction/outputs/100subaction-e9/experiments/E9/pipeline_outputs/subaction_46_P01_109_46/candidate_11_frame_004556_left/label_heatmap_merged.npy,/Users/huhu/Documents/Code/bishe/vrb/vrbreproduction/outputs/100subaction-e9/experiments/E9/pipeline_outputs/subaction_46_P01_109_46/candidate_11_frame_004556_left/label_heatmap_merged.png,/Users/huhu/Documents/Code/bishe/vrb/vrbreproduction/outputs/100subaction-e9/experiments/E9/pipeline_outputs/subaction_46_P01_109_46/candidate_11_frame_004556_left/mask_projection_overlay.png,"(256, 456)",isotropic_e7,True,True
E9,47,P01_109_47,close cupboard,close,cupboard,['cupboard'],4621,4664,4620.0,4663.0,0.0,4648.0,left,new_contact_episode,26,9,65,"[14.0, 145.0, 182.0, 203.0]",2.8411571227104866,grabcut_fallback,,,,,panel_edge_or_handle,1645,0.6800330715171559,,,,0,,,26,0,,True,,36,0,0,,,0,,,failed,264,0.1790032429463868,track_confidence_below_threshold,,,,,not_run,0,,,,,,,,,not_run,discard,track_confidence_below_threshold,,/Users/huhu/Documents/Code/bishe/vrb/vrbreproduction/outputs/100subaction-e9/experiments/E9/pipeline_outputs/subaction_47_P01_109_47/candidate_00_frame_004648_left,,,,,,,,,,,,,,False
E9,47,P01_109_47,close cupboard,close,cupboard,['cupboard'],4621,4664,4620.0,4663.0,1.0,4649.0,left,new_contact_episode,26,9,88,"[2.0, 152.0, 184.0, 211.0]",2.7920351440685427,grabcut_fallback,,,,,panel_edge_or_handle,2372,0.32373413402483964,,,,0,,,26,0,,True,,36,0,0,,,0,,,failed,265,0.1790032429463868,track_confidence_below_threshold,,,,,not_run,0,,,,,,,,,not_run,discard,track_confidence_below_threshold,,/Users/huhu/Documents/Code/bishe/vrb/vrbreproduction/outputs/100subaction-e9/experiments/E9/pipeline_outputs/subaction_47_P01_109_47/candidate_01_frame_004649_left,,,,,,,,,,,,,,False
E9,47,P01_109_47,close cupboard,close,cupboard,['cupboard'],4621,4664,4620.0,4663.0,2.0,4650.0,left,new_contact_episode,26,9,0,,,,,,,,,0,,,,,0,,,0,0,,True,,0,0,0,,,0,,,not_run,0,0.0,,,,,,not_run,0,,,,,,,,,not_run,discard,missing_hand_or_object_bbox,,/Users/huhu/Documents/Code/bishe/vrb/vrbreproduction/outputs/100subaction-e9/experiments/E9/pipeline_outputs/subaction_47_P01_109_47/candidate_02_frame_004650_left,,,,,,,,,,,,,,False
E9,47,P01_109_47,close cupboard,close,cupboard,['cupboard'],4621,4664,4620.0,4663.0,3.0,4661.0,left,new_contact_episode,26,9,60,"[102.0, 159.0, 258.0, 217.0]",2.7205131464669594,grabcut_fallback,,,,,panel_edge_or_handle,2955,0.3265915119363395,,,,0,,,26,0,,True,,36,0,0,,,0,,,failed,277,0.1790032429463868,track_confidence_below_threshold,,,,,not_run,0,,,,,,,,,not_run,discard,track_confidence_below_threshold,,/Users/huhu/Documents/Code/bishe/vrb/vrbreproduction/outputs/100subaction-e9/experiments/E9/pipeline_outputs/subaction_47_P01_109_47/candidate_03_frame_004661_left,,,,,,,,,,,,,,False
E9,47,P01_109_47,close cupboard,close,cupboard,['cupboard'],4621,4664,4620.0,4663.0,4.0,4662.0,left,new_contact_episode,26,9,54,"[95.0, 158.0, 263.0, 220.0]",2.6461873929435713,grabcut_fallback,,,,,panel_edge_or_handle,3138,0.30126728110599077,,,,0,,,26,0,,True,,36,0,0,,,0,,,failed,278,0.1790032429463868,track_confidence_below_threshold,,,,,not_run,0,,,,,,,,,not_run,discard,track_confidence_below_threshold,,/Users/huhu/Documents/Code/bishe/vrb/vrbreproduction/outputs/100subaction-e9/experiments/E9/pipeline_outputs/subaction_47_P01_109_47/candidate_04_frame_004662_left,,,,,,,,,,,,,,False
E9,47,P01_109_47,close cupboard,close,cupboard,['cupboard'],4621,4664,4620.0,4663.0,5.0,4663.0,left,new_contact_episode,26,9,89,"[82.0, 158.0, 257.0, 222.0]",2.6589780259821096,grabcut_fallback,,,,,panel_edge_or_handle,3294,0.29410714285714284,,,,0,,,26,0,,True,,36,0,0,,,0,,,failed,279,0.1790032429463868,track_confidence_below_threshold,,,,,not_run,0,,,,,,,,,not_run,discard,track_confidence_below_threshold,,/Users/huhu/Documents/Code/bishe/vrb/vrbreproduction/outputs/100subaction-e9/experiments/E9/pipeline_outputs/subaction_47_P01_109_47/candidate_05_frame_004663_left,,,,,,,,,,,,,,False
E9,47,P01_109_47,close cupboard,close,cupboard,['cupboard'],4621,4664,4620.0,4663.0,6.0,4661.0,right,new_contact_episode,26,9,112,"[268.0, 128.0, 434.0, 245.0]",2.9651610677718367,grabcut_fallback,,,,,panel_edge_or_handle,4092,0.24160122808053375,,,,0,,,26,0,,True,,36,0,0,,,0,,,failed,277,0.1790032429463868,track_confidence_below_threshold,,,,,not_run,0,,,,,,,,,not_run,discard,track_confidence_below_threshold,,/Users/huhu/Documents/Code/bishe/vrb/vrbreproduction/outputs/100subaction-e9/experiments/E9/pipeline_outputs/subaction_47_P01_109_47/candidate_06_frame_004661_right,,,,,,,,,,,,,,False
E9,47,P01_109_47,close cupboard,close,cupboard,['cupboard'],4621,4664,4620.0,4663.0,7.0,4662.0,right,new_contact_episode,26,9,129,"[256.0, 119.0, 425.0, 244.0]",2.9924490584675025,grabcut_fallback,,,,,panel_edge_or_handle,3957,0.2250341219290264,,,,0,,,26,0,,True,,36,0,0,,,0,,,failed,278,0.1790032429463868,track_confidence_below_threshold,,,,,not_run,0,,,,,,,,,not_run,discard,track_confidence_below_threshold,,/Users/huhu/Documents/Code/bishe/vrb/vrbreproduction/outputs/100subaction-e9/experiments/E9/pipeline_outputs/subaction_47_P01_109_47/candidate_07_frame_004662_right,,,,,,,,,,,,,,False
E9,47,P01_109_47,close cupboard,close,cupboard,['cupboard'],4621,4664,4620.0,4663.0,8.0,4663.0,right,new_contact_episode,26,9,168,"[244.0, 116.0, 415.0, 241.0]",3.044001207898993,grabcut_fallback,,,,,panel_edge_or_handle,4286,0.25644707712559084,,,,0,,,26,0,,True,,36,0,0,,,0,,,failed,279,0.1790032429463868,track_confidence_below_threshold,,,,,not_run,0,,,,,,,,,not_run,discard,track_confidence_below_threshold,,/Users/huhu/Documents/Code/bishe/vrb/vrbreproduction/outputs/100subaction-e9/experiments/E9/pipeline_outputs/subaction_47_P01_109_47/candidate_08_frame_004663_right,,,,,,,,,,,,,,False
E9,48,P01_109_48,put down cutting board,put-down,board:cutting,['board:cutting'],4677,4724,4676.0,4723.0,0.0,4692.0,left,new_contact_episode,53,3,33,"[160.0, 97.0, 297.0, 209.0]",2.6721604283046916,grabcut_fallback,,,,,contact_local_boundary,6580,0.6574083325007494,,,,0,,,26,0,,False,,36,0,0,,,0,,,failed,308,0.1790032429463868,track_confidence_below_threshold,,,,,not_run,0,,,,,,,,,not_run,discard,track_confidence_below_threshold,,/Users/huhu/Documents/Code/bishe/vrb/vrbreproduction/outputs/100subaction-e9/experiments/E9/pipeline_outputs/subaction_48_P01_109_48/candidate_00_frame_004692_left,,,,,,,,,,,,,,False
E9,48,P01_109_48,put down cutting board,put-down,board:cutting,['board:cutting'],4677,4724,4676.0,4723.0,1.0,4693.0,left,new_contact_episode,53,3,37,"[158.0, 98.0, 295.0, 210.0]",2.7062311850616125,grabcut_fallback,,,,,contact_local_boundary,6503,0.618508655126498,,,,0,,,26,0,,False,,36,0,0,,,0,,,failed,309,0.1790032429463868,track_confidence_below_threshold,,,,,not_run,0,,,,,,,,,not_run,discard,track_confidence_below_threshold,,/Users/huhu/Documents/Code/bishe/vrb/vrbreproduction/outputs/100subaction-e9/experiments/E9/pipeline_outputs/subaction_48_P01_109_48/candidate_01_frame_004693_left,,,,,,,,,,,,,,False
E9,48,P01_109_48,put down cutting board,put-down,board:cutting,['board:cutting'],4677,4724,4676.0,4723.0,2.0,4694.0,left,new_contact_episode,53,3,40,"[156.0, 98.0, 295.0, 210.0]",2.689853262856736,grabcut_fallback,,,,,contact_local_boundary,6499,0.6175995438563148,,,,0,,,26,0,,False,,36,0,0,,,0,,,failed,310,0.1790032429463868,track_confidence_below_threshold,,,,,not_run,0,,,,,,,,,not_run,discard,track_confidence_below_threshold,,/Users/huhu/Documents/Code/bishe/vrb/vrbreproduction/outputs/100subaction-e9/experiments/E9/pipeline_outputs/subaction_48_P01_109_48/candidate_02_frame_004694_left,,,,,,,,,,,,,,False
E9,49,P01_109_49,pick up eggs,pick-up,egg,['egg'],4764,4797,4763.0,4796.0,0.0,4763.0,right,continuation_entry_rescue,68,4,97,"[200.0, 114.0, 254.0, 153.0]",3.969107214519239,grabcut_fallback,,,,,small_object_whole_mask_allowed,933,1.0,,,,0,,,26,0,,False,,36,0,0,,,0,,,failed,129,0.17853784019422808,track_confidence_below_threshold,,,,,not_run,0,,,,,,,,,not_run,discard,track_confidence_below_threshold,,/Users/huhu/Documents/Code/bishe/vrb/vrbreproduction/outputs/100subaction-e9/experiments/E9/pipeline_outputs/subaction_49_P01_109_49/candidate_00_frame_004763_right,,,,,,,,,,,,,,False
E9,49,P01_109_49,pick up eggs,pick-up,egg,['egg'],4764,4797,4763.0,4796.0,1.0,4764.0,right,continuation_entry_rescue,68,4,81,"[200.0, 113.0, 254.0, 153.0]",3.7888499775347815,grabcut_fallback,,,,,small_object_whole_mask_allowed,1447,1.0,,,,0,,,26,0,,False,,36,0,0,,,0,,,failed,130,0.17853784019422808,track_confidence_below_threshold,,,,,not_run,0,,,,,,,,,not_run,discard,track_confidence_below_threshold,,/Users/huhu/Documents/Code/bishe/vrb/vrbreproduction/outputs/100subaction-e9/experiments/E9/pipeline_outputs/subaction_49_P01_109_49/candidate_01_frame_004764_right,,,,,,,,,,,,,,False
E9,49,P01_109_49,pick up eggs,pick-up,egg,['egg'],4764,4797,4763.0,4796.0,2.0,4763.0,left,continuation_entry_rescue,68,4,51,"[200.0, 114.0, 254.0, 153.0]",3.38980435795211,grabcut_fallback,,,,,small_object_whole_mask_allowed,933,1.0,,,,0,,,26,0,,False,,36,0,0,,,0,,,failed,129,0.17853784019422808,track_confidence_below_threshold,,,,,not_run,0,,,,,,,,,not_run,discard,track_confidence_below_threshold,,/Users/huhu/Documents/Code/bishe/vrb/vrbreproduction/outputs/100subaction-e9/experiments/E9/pipeline_outputs/subaction_49_P01_109_49/candidate_02_frame_004763_left,,,,,,,,,,,,,,False
E9,49,P01_109_49,pick up eggs,pick-up,egg,['egg'],4764,4797,4763.0,4796.0,3.0,4764.0,left,continuation_entry_rescue,68,4,56,"[200.0, 113.0, 254.0, 153.0]",3.467183672290652,grabcut_fallback,,,,,small_object_whole_mask_allowed,1447,1.0,,,,0,,,26,0,,False,,36,0,0,,,0,,,failed,130,0.17853784019422808,track_confidence_below_threshold,,,,,not_run,0,,,,,,,,,not_run,discard,track_confidence_below_threshold,,/Users/huhu/Documents/Code/bishe/vrb/vrbreproduction/outputs/100subaction-e9/experiments/E9/pipeline_outputs/subaction_49_P01_109_49/candidate_03_frame_004764_left,,,,,,,,,,,,,,False
E9,50,P01_109_50,put down eggs,put-down,egg,['egg'],4794,4827,4793.0,4826.0,0.0,4821.0,right,new_contact_episode,54,3,149,"[248.0, 37.0, 311.0, 125.0]",4.373203700568271,grabcut_fallback,,,,,small_object_whole_mask_allowed,3817,0.8995993400895593,,,,0,,,26,0,,False,,36,0,0,,,0,,,failed,187,0.17853784019422808,track_confidence_below_threshold,,,,,not_run,0,,,,,,,,,not_run,discard,track_confidence_below_threshold,,/Users/huhu/Documents/Code/bishe/vrb/vrbreproduction/outputs/100subaction-e9/experiments/E9/pipeline_outputs/subaction_50_P01_109_50/candidate_00_frame_004821_right,,,,,,,,,,,,,,False
E9,50,P01_109_50,put down eggs,put-down,egg,['egg'],4794,4827,4793.0,4826.0,1.0,4822.0,right,new_contact_episode,54,3,125,"[245.0, 40.0, 326.0, 128.0]",3.9566826120969285,grabcut_fallback,,,,,small_object_whole_mask_allowed,4319,0.8291418698406604,,,,0,,,26,0,,False,,36,0,0,,,0,,,failed,188,0.17853784019422808,track_confidence_below_threshold,,,,,not_run,0,,,,,,,,,not_run,discard,track_confidence_below_threshold,,/Users/huhu/Documents/Code/bishe/vrb/vrbreproduction/outputs/100subaction-e9/experiments/E9/pipeline_outputs/subaction_50_P01_109_50/candidate_01_frame_004822_right,,,,,,,,,,,,,,False
E9,50,P01_109_50,put down eggs,put-down,egg,['egg'],4794,4827,4793.0,4826.0,2.0,4823.0,right,new_contact_episode,54,3,146,"[246.0, 39.0, 328.0, 128.0]",3.759294117879838,grabcut_fallback,,,,,small_object_whole_mask_allowed,4151,0.8018157233919259,,,,0,,,26,0,,False,,36,0,0,,,0,,,failed,189,0.17853784019422808,track_confidence_below_threshold,,,,,not_run,0,,,,,,,,,not_run,discard,track_confidence_below_threshold,,/Users/huhu/Documents/Code/bishe/vrb/vrbreproduction/outputs/100subaction-e9/experiments/E9/pipeline_outputs/subaction_50_P01_109_50/candidate_02_frame_004823_right,,,,,,,,,,,,,,False
E9,51,P01_109_51,move kettle,move,kettle,['kettle'],4832,4867,4831.0,4866.0,0.0,4856.0,left,new_contact_episode,35,1,0,"[145.0, 29.0, 223.0, 99.0]",0.7784916623190412,,,,,,,0,,,,,0,,,0,0,,False,,0,0,0,,,0,,,not_run,0,0.0,,,,,,not_run,0,,,,,,,,,not_run,discard,contact_points_lt5_after_object_boundary_filter,,/Users/huhu/Documents/Code/bishe/vrb/vrbreproduction/outputs/100subaction-e9/experiments/E9/pipeline_outputs/subaction_51_P01_109_51/candidate_00_frame_004856_left,,,,,,,,,,,,,,False
E9,52,P01_109_52,open drawer,open,drawer,['drawer'],4904,4942,4903.0,4941.0,0.0,4907.0,right,new_contact_episode,13,5,0,"[30.0, 0.0, 375.0, 204.0]",1.2331400936806012,,,,,,,0,,,,,0,,,0,0,,True,,0,0,0,,,0,,,not_run,0,0.0,,,,,,not_run,0,,,,,,,,,not_run,discard,contact_points_lt5_after_object_boundary_filter,,/Users/huhu/Documents/Code/bishe/vrb/vrbreproduction/outputs/100subaction-e9/experiments/E9/pipeline_outputs/subaction_52_P01_109_52/candidate_00_frame_004907_right,,,,,,,,,,,,,,False
E9,52,P01_109_52,open drawer,open,drawer,['drawer'],4904,4942,4903.0,4941.0,1.0,4917.0,right,new_contact_episode,13,5,0,"[13.0, 1.0, 399.0, 226.0]",1.0372127829252689,,,,,,,0,,,,,0,,,0,0,,True,,0,0,0,,,0,,,not_run,0,0.0,,,,,,not_run,0,,,,,,,,,not_run,discard,contact_points_lt5_after_object_boundary_filter,,/Users/huhu/Documents/Code/bishe/vrb/vrbreproduction/outputs/100subaction-e9/experiments/E9/pipeline_outputs/subaction_52_P01_109_52/candidate_01_frame_004917_right,,,,,,,,,,,,,,False
E9,52,P01_109_52,open drawer,open,drawer,['drawer'],4904,4942,4903.0,4941.0,2.0,4918.0,right,new_contact_episode,13,5,0,"[29.0, 3.0, 384.0, 221.0]",1.033849604264033,,,,,,,0,,,,,0,,,0,0,,True,,0,0,0,,,0,,,not_run,0,0.0,,,,,,not_run,0,,,,,,,,,not_run,discard,contact_points_lt5_after_object_boundary_filter,,/Users/huhu/Documents/Code/bishe/vrb/vrbreproduction/outputs/100subaction-e9/experiments/E9/pipeline_outputs/subaction_52_P01_109_52/candidate_02_frame_004918_right,,,,,,,,,,,,,,False
E9,52,P01_109_52,open drawer,open,drawer,['drawer'],4904,4942,4903.0,4941.0,3.0,4919.0,right,new_contact_episode,13,5,0,"[45.0, 1.0, 397.0, 226.0]",1.042137176470812,,,,,,,0,,,,,0,,,0,0,,True,,0,0,0,,,0,,,not_run,0,0.0,,,,,,not_run,0,,,,,,,,,not_run,discard,contact_points_lt5_after_object_boundary_filter,,/Users/huhu/Documents/Code/bishe/vrb/vrbreproduction/outputs/100subaction-e9/experiments/E9/pipeline_outputs/subaction_52_P01_109_52/candidate_03_frame_004919_right,,,,,,,,,,,,,,False
E9,52,P01_109_52,open drawer,open,drawer,['drawer'],4904,4942,4903.0,4941.0,4.0,4929.0,left,new_contact_episode,13,5,0,,,,,,,,,0,,,,,0,,,0,0,,True,,0,0,0,,,0,,,not_run,0,0.0,,,,,,not_run,0,,,,,,,,,not_run,discard,missing_hand_or_object_bbox,,/Users/huhu/Documents/Code/bishe/vrb/vrbreproduction/outputs/100subaction-e9/experiments/E9/pipeline_outputs/subaction_52_P01_109_52/candidate_04_frame_004929_left,,,,,,,,,,,,,,False
E9,53,P01_109_53,pick up peeler,pick-up,peeler,['peeler'],4938,4981,4937.0,4980.0,0.0,4947.0,right,new_contact_episode,47,12,42,"[173.0, 126.0, 212.0, 179.0]",3.154008049648221,grabcut_fallback,,,,,handle_like_edge_or_endpoint,1686,1.0,,,,0,,,26,0,,False,,36,0,0,,,0,,,failed,313,0.17853784019422808,track_confidence_below_threshold,,,,,not_run,0,,,,,,,,,not_run,discard,track_confidence_below_threshold,,/Users/huhu/Documents/Code/bishe/vrb/vrbreproduction/outputs/100subaction-e9/experiments/E9/pipeline_outputs/subaction_53_P01_109_53/candidate_00_frame_004947_right,,,,,,,,,,,,,,False
E9,53,P01_109_53,pick up peeler,pick-up,peeler,['peeler'],4938,4981,4937.0,4980.0,1.0,4948.0,right,new_contact_episode,47,12,72,"[177.0, 134.0, 210.0, 178.0]",3.6332838198490682,grabcut_fallback,,,,,handle_like_edge_or_endpoint,645,1.0,,,,0,,,26,0,,False,,36,0,0,,,0,,,failed,314,0.17853784019422808,track_confidence_below_threshold,,,,,not_run,0,,,,,,,,,not_run,discard,track_confidence_below_threshold,,/Users/huhu/Documents/Code/bishe/vrb/vrbreproduction/outputs/100subaction-e9/experiments/E9/pipeline_outputs/subaction_53_P01_109_53/candidate_01_frame_004948_right,,,,,,,,,,,,,,False
E9,53,P01_109_53,pick up peeler,pick-up,peeler,['peeler'],4938,4981,4937.0,4980.0,2.0,4949.0,right,new_contact_episode,47,12,115,"[178.0, 127.0, 210.0, 178.0]",3.769545285036097,grabcut_fallback,,,,,handle_like_edge_or_endpoint,512,1.0,,,,0,,,26,0,,False,,36,0,0,,,0,,,failed,315,0.17853784019422808,track_confidence_below_threshold,,,,,not_run,0,,,,,,,,,not_run,discard,track_confidence_below_threshold,,/Users/huhu/Documents/Code/bishe/vrb/vrbreproduction/outputs/100subaction-e9/experiments/E9/pipeline_outputs/subaction_53_P01_109_53/candidate_02_frame_004949_right,,,,,,,,,,,,,,False
E9,53,P01_109_53,pick up peeler,pick-up,peeler,['peeler'],4938,4981,4937.0,4980.0,3.0,4951.0,left,new_contact_episode,47,12,0,,,,,,,,,0,,,,,0,,,0,0,,False,,0,0,0,,,0,,,not_run,0,0.0,,,,,,not_run,0,,,,,,,,,not_run,discard,missing_hand_or_object_bbox,,/Users/huhu/Documents/Code/bishe/vrb/vrbreproduction/outputs/100subaction-e9/experiments/E9/pipeline_outputs/subaction_53_P01_109_53/candidate_03_frame_004951_left,,,,,,,,,,,,,,False
E9,53,P01_109_53,pick up peeler,pick-up,peeler,['peeler'],4938,4981,4937.0,4980.0,4.0,4952.0,left,new_contact_episode,47,12,0,,,,,,,,,0,,,,,0,,,0,0,,False,,0,0,0,,,0,,,not_run,0,0.0,,,,,,not_run,0,,,,,,,,,not_run,discard,missing_hand_or_object_bbox,,/Users/huhu/Documents/Code/bishe/vrb/vrbreproduction/outputs/100subaction-e9/experiments/E9/pipeline_outputs/subaction_53_P01_109_53/candidate_04_frame_004952_left,,,,,,,,,,,,,,False
E9,53,P01_109_53,pick up peeler,pick-up,peeler,['peeler'],4938,4981,4937.0,4980.0,5.0,4953.0,left,new_contact_episode,47,12,0,,,,,,,,,0,,,,,0,,,0,0,,False,,0,0,0,,,0,,,not_run,0,0.0,,,,,,not_run,0,,,,,,,,,not_run,discard,missing_hand_or_object_bbox,,/Users/huhu/Documents/Code/bishe/vrb/vrbreproduction/outputs/100subaction-e9/experiments/E9/pipeline_outputs/subaction_53_P01_109_53/candidate_05_frame_004953_left,,,,,,,,,,,,,,False
E9,53,P01_109_53,pick up peeler,pick-up,peeler,['peeler'],4938,4981,4937.0,4980.0,6.0,4964.0,left,new_contact_episode,47,12,0,"[201.0, 146.0, 226.0, 177.0]",0.995976000757774,,,,,,,0,,,,,0,,,0,0,,False,,0,0,0,,,0,,,not_run,0,0.0,,,,,,not_run,0,,,,,,,,,not_run,discard,contact_points_lt5_after_object_boundary_filter,,/Users/huhu/Documents/Code/bishe/vrb/vrbreproduction/outputs/100subaction-e9/experiments/E9/pipeline_outputs/subaction_53_P01_109_53/candidate_06_frame_004964_left,,,,,,,,,,,,,,False
E9,53,P01_109_53,pick up peeler,pick-up,peeler,['peeler'],4938,4981,4937.0,4980.0,7.0,4970.0,left,new_contact_episode,47,12,0,"[220.0, 160.0, 249.0, 191.0]",1.1938746972592233,,,,,,,0,,,,,0,,,0,0,,False,,0,0,0,,,0,,,not_run,0,0.0,,,,,,not_run,0,,,,,,,,,not_run,discard,contact_points_lt5_after_object_boundary_filter,,/Users/huhu/Documents/Code/bishe/vrb/vrbreproduction/outputs/100subaction-e9/experiments/E9/pipeline_outputs/subaction_53_P01_109_53/candidate_07_frame_004970_left,,,,,,,,,,,,,,False
E9,53,P01_109_53,pick up peeler,pick-up,peeler,['peeler'],4938,4981,4937.0,4980.0,8.0,4971.0,left,new_contact_episode,47,12,0,"[223.0, 159.0, 255.0, 193.0]",1.2036748943430824,,,,,,,0,,,,,0,,,0,0,,False,,0,0,0,,,0,,,not_run,0,0.0,,,,,,not_run,0,,,,,,,,,not_run,discard,contact_points_lt5_after_object_boundary_filter,,/Users/huhu/Documents/Code/bishe/vrb/vrbreproduction/outputs/100subaction-e9/experiments/E9/pipeline_outputs/subaction_53_P01_109_53/candidate_08_frame_004971_left,,,,,,,,,,,,,,False
E9,53,P01_109_53,pick up peeler,pick-up,peeler,['peeler'],4938,4981,4937.0,4980.0,9.0,4972.0,left,new_contact_episode,47,12,0,"[228.0, 157.0, 259.0, 193.0]",1.184394539883139,,,,,,,0,,,,,0,,,0,0,,False,,0,0,0,,,0,,,not_run,0,0.0,,,,,,not_run,0,,,,,,,,,not_run,discard,contact_points_lt5_after_object_boundary_filter,,/Users/huhu/Documents/Code/bishe/vrb/vrbreproduction/outputs/100subaction-e9/experiments/E9/pipeline_outputs/subaction_53_P01_109_53/candidate_09_frame_004972_left,,,,,,,,,,,,,,False
E9,53,P01_109_53,pick up peeler,pick-up,peeler,['peeler'],4938,4981,4937.0,4980.0,10.0,4975.0,left,new_contact_episode,47,12,0,"[245.0, 156.0, 277.0, 193.0]",1.1770273362350943,,,,,,,0,,,,,0,,,0,0,,False,,0,0,0,,,0,,,not_run,0,0.0,,,,,,not_run,0,,,,,,,,,not_run,discard,contact_points_lt5_after_object_boundary_filter,,/Users/huhu/Documents/Code/bishe/vrb/vrbreproduction/outputs/100subaction-e9/experiments/E9/pipeline_outputs/subaction_53_P01_109_53/candidate_10_frame_004975_left,,,,,,,,,,,,,,False
E9,53,P01_109_53,pick up peeler,pick-up,peeler,['peeler'],4938,4981,4937.0,4980.0,11.0,4976.0,left,new_contact_episode,47,12,0,"[252.0, 156.0, 282.0, 194.0]",1.1584630756784025,,,,,,,0,,,,,0,,,0,0,,False,,0,0,0,,,0,,,not_run,0,0.0,,,,,,not_run,0,,,,,,,,,not_run,discard,contact_points_lt5_after_object_boundary_filter,,/Users/huhu/Documents/Code/bishe/vrb/vrbreproduction/outputs/100subaction-e9/experiments/E9/pipeline_outputs/subaction_53_P01_109_53/candidate_11_frame_004976_left,,,,,,,,,,,,,,False
E9,54,P01_109_54,close drawer,close,drawer,['drawer'],4977,5004,4976.0,5003.0,0.0,4978.0,left,new_contact_episode,31,2,0,"[263.0, 154.0, 292.0, 191.0]",1.116321227471918,,,,,,,0,,,,,0,,,0,0,,True,,0,0,0,,,0,,,not_run,0,0.0,,,,,,not_run,0,,,,,,,,,not_run,discard,contact_points_lt5_after_object_boundary_filter,,/Users/huhu/Documents/Code/bishe/vrb/vrbreproduction/outputs/100subaction-e9/experiments/E9/pipeline_outputs/subaction_54_P01_109_54/candidate_00_frame_004978_left,,,,,,,,,,,,,,False
E9,54,P01_109_54,close drawer,close,drawer,['drawer'],4977,5004,4976.0,5003.0,1.0,4981.0,left,new_contact_episode,31,2,0,"[280.0, 155.0, 305.0, 189.0]",1.0652036839723549,,,,,,,0,,,,,0,,,0,0,,True,,0,0,0,,,0,,,not_run,0,0.0,,,,,,not_run,0,,,,,,,,,not_run,discard,contact_points_lt5_after_object_boundary_filter,,/Users/huhu/Documents/Code/bishe/vrb/vrbreproduction/outputs/100subaction-e9/experiments/E9/pipeline_outputs/subaction_54_P01_109_54/candidate_01_frame_004981_left,,,,,,,,,,,,,,False
E9,55,P01_109_55,move cutting board,move,board:cutting,['board:cutting'],5014,5049,5013.0,5048.0,0.0,5019.0,left,new_contact_episode,54,9,133,"[151.0, 110.0, 294.0, 224.0]",3.0159041837460436,grabcut_fallback,bbox_fallback,fallback_lk,failed,ModuleNotFoundError:No module named 'torch',contact_local_boundary,7370,0.6687840290381125,8711.0,0.5280033943508304,True,5,0.0,contact_part_mask,26,0,contact_part_local_affine,False,1.0,36,34,34,1.0,0.586845338344574,5,0.0,16498.0,success,361,0.2566024181831758,,5018.0,earliest_reliable_tracked_reference_no_pre_gap,1.0,contact_part_local_affine,success,5,0.0,0.10444444444444445,,,,,,,success,keep,,6.319727973182995,/Users/huhu/Documents/Code/bishe/vrb/vrbreproduction/outputs/100subaction-e9/experiments/E9/pipeline_outputs/subaction_55_P01_109_55/candidate_00_frame_005019_left,/Users/huhu/Documents/Code/bishe/vrb/vrbreproduction/outputs/100subaction-e9/experiments/E9/pipeline_outputs/subaction_55_P01_109_55/candidate_00_frame_005019_left,/Users/huhu/Documents/Code/bishe/vrb/vrbreproduction/outputs/100subaction-e9/experiments/E9/pipeline_outputs/subaction_55_P01_109_55/candidate_00_frame_005019_left/reference_frame.png,/Users/huhu/Documents/Code/bishe/vrb/vrbreproduction/outputs/100subaction-e9/experiments/E9/pipeline_outputs/subaction_55_P01_109_55/candidate_00_frame_005019_left/label_heatmap_merged_overlay.png,/Users/huhu/Documents/Code/bishe/vrb/vrbreproduction/outputs/100subaction-e9/experiments/E9/pipeline_outputs/subaction_55_P01_109_55/candidate_00_frame_005019_left/vrb_style_affordance.png,6.0,0.0,"[151.34, 109.74, 297.03, 223.44]",/Users/huhu/Documents/Code/bishe/vrb/vrbreproduction/outputs/100subaction-e9/experiments/E9/pipeline_outputs/subaction_55_P01_109_55/candidate_00_frame_005019_left/label_heatmap_merged.npy,/Users/huhu/Documents/Code/bishe/vrb/vrbreproduction/outputs/100subaction-e9/experiments/E9/pipeline_outputs/subaction_55_P01_109_55/candidate_00_frame_005019_left/label_heatmap_merged.png,/Users/huhu/Documents/Code/bishe/vrb/vrbreproduction/outputs/100subaction-e9/experiments/E9/pipeline_outputs/subaction_55_P01_109_55/candidate_00_frame_005019_left/mask_projection_overlay.png,"(256, 456)",isotropic_e7,True,True
E9,55,P01_109_55,move cutting board,move,board:cutting,['board:cutting'],5014,5049,5013.0,5048.0,1.0,5020.0,left,new_contact_episode,54,9,129,"[151.0, 107.0, 292.0, 223.0]",3.0064438326647536,grabcut_fallback,bbox_fallback,fallback_lk,failed,ModuleNotFoundError:No module named 'torch',contact_local_boundary,7906,0.6925367904695164,8836.0,0.5326742223293948,True,5,0.0,contact_part_mask,26,0,contact_part_local_affine,False,1.0,36,35,35,1.0,0.9393855929374695,5,0.0,16588.0,success,361,0.2605100692214983,,5019.0,earliest_reliable_tracked_reference_no_pre_gap,1.0,contact_part_local_affine,success,5,0.0,0.10835555555555555,,,,,,,success,keep,,6.303285098878542,/Users/huhu/Documents/Code/bishe/vrb/vrbreproduction/outputs/100subaction-e9/experiments/E9/pipeline_outputs/subaction_55_P01_109_55/candidate_01_frame_005020_left,/Users/huhu/Documents/Code/bishe/vrb/vrbreproduction/outputs/100subaction-e9/experiments/E9/pipeline_outputs/subaction_55_P01_109_55/candidate_01_frame_005020_left,/Users/huhu/Documents/Code/bishe/vrb/vrbreproduction/outputs/100subaction-e9/experiments/E9/pipeline_outputs/subaction_55_P01_109_55/candidate_01_frame_005020_left/reference_frame.png,/Users/huhu/Documents/Code/bishe/vrb/vrbreproduction/outputs/100subaction-e9/experiments/E9/pipeline_outputs/subaction_55_P01_109_55/candidate_01_frame_005020_left/label_heatmap_merged_overlay.png,/Users/huhu/Documents/Code/bishe/vrb/vrbreproduction/outputs/100subaction-e9/experiments/E9/pipeline_outputs/subaction_55_P01_109_55/candidate_01_frame_005020_left/vrb_style_affordance.png,6.0,0.0,"[150.7, 108.12, 294.45, 224.48]",/Users/huhu/Documents/Code/bishe/vrb/vrbreproduction/outputs/100subaction-e9/experiments/E9/pipeline_outputs/subaction_55_P01_109_55/candidate_01_frame_005020_left/label_heatmap_merged.npy,/Users/huhu/Documents/Code/bishe/vrb/vrbreproduction/outputs/100subaction-e9/experiments/E9/pipeline_outputs/subaction_55_P01_109_55/candidate_01_frame_005020_left/label_heatmap_merged.png,/Users/huhu/Documents/Code/bishe/vrb/vrbreproduction/outputs/100subaction-e9/experiments/E9/pipeline_outputs/subaction_55_P01_109_55/candidate_01_frame_005020_left/mask_projection_overlay.png,"(256, 456)",isotropic_e7,True,False
E9,55,P01_109_55,move cutting board,move,board:cutting,['board:cutting'],5014,5049,5013.0,5048.0,2.0,5021.0,left,new_contact_episode,54,9,132,"[147.0, 104.0, 288.0, 224.0]",3.008286213244299,grabcut_fallback,bbox_fallback,fallback_lk,failed,ModuleNotFoundError:No module named 'torch',contact_local_boundary,8230,0.7102174663444943,9007.0,0.5292942351765881,True,5,0.0,contact_part_mask,26,0,contact_part_local_affine,False,0.9962857142857143,36,35,34,0.9714285714285714,0.7791545391082764,5,0.0,17017.0,success,361,0.2605631758614574,,5020.0,earliest_reliable_tracked_reference_no_pre_gap,1.0,contact_part_local_affine,success,5,0.0,0.108,,,,,,,success,keep,,6.29119679239818,/Users/huhu/Documents/Code/bishe/vrb/vrbreproduction/outputs/100subaction-e9/experiments/E9/pipeline_outputs/subaction_55_P01_109_55/candidate_02_frame_005021_left,/Users/huhu/Documents/Code/bishe/vrb/vrbreproduction/outputs/100subaction-e9/experiments/E9/pipeline_outputs/subaction_55_P01_109_55/candidate_02_frame_005021_left,/Users/huhu/Documents/Code/bishe/vrb/vrbreproduction/outputs/100subaction-e9/experiments/E9/pipeline_outputs/subaction_55_P01_109_55/candidate_02_frame_005021_left/reference_frame.png,/Users/huhu/Documents/Code/bishe/vrb/vrbreproduction/outputs/100subaction-e9/experiments/E9/pipeline_outputs/subaction_55_P01_109_55/candidate_02_frame_005021_left/label_heatmap_merged_overlay.png,/Users/huhu/Documents/Code/bishe/vrb/vrbreproduction/outputs/100subaction-e9/experiments/E9/pipeline_outputs/subaction_55_P01_109_55/candidate_02_frame_005021_left/vrb_style_affordance.png,6.0,0.0,"[149.43, 105.17, 291.85, 224.12]",/Users/huhu/Documents/Code/bishe/vrb/vrbreproduction/outputs/100subaction-e9/experiments/E9/pipeline_outputs/subaction_55_P01_109_55/candidate_02_frame_005021_left/label_heatmap_merged.npy,/Users/huhu/Documents/Code/bishe/vrb/vrbreproduction/outputs/100subaction-e9/experiments/E9/pipeline_outputs/subaction_55_P01_109_55/candidate_02_frame_005021_left/label_heatmap_merged.png,/Users/huhu/Documents/Code/bishe/vrb/vrbreproduction/outputs/100subaction-e9/experiments/E9/pipeline_outputs/subaction_55_P01_109_55/candidate_02_frame_005021_left/mask_projection_overlay.png,"(256, 456)",isotropic_e7,True,True
E9,55,P01_109_55,move cutting board,move,board:cutting,['board:cutting'],5014,5049,5013.0,5048.0,3.0,5036.0,left,new_contact_episode,54,9,134,"[109.0, 86.0, 258.0, 211.0]",3.142033669250113,grabcut_fallback,bbox_fallback,fallback_lk,failed,ModuleNotFoundError:No module named 'torch',contact_local_boundary,7862,0.8093473337451101,11537.0,0.6167869553595295,True,5,0.0,contact_part_mask,26,0,contact_part_local_affine,False,0.9881818181818183,36,33,30,0.9090909090909091,0.4629408121109009,5,0.0,18705.0,success,361,0.2605631758614574,,5035.0,earliest_reliable_tracked_reference_no_pre_gap,1.0,contact_part_local_affine,success,5,0.0,0.3154666666666667,,,,,,,success,keep,,5.951457230182127,/Users/huhu/Documents/Code/bishe/vrb/vrbreproduction/outputs/100subaction-e9/experiments/E9/pipeline_outputs/subaction_55_P01_109_55/candidate_03_frame_005036_left,/Users/huhu/Documents/Code/bishe/vrb/vrbreproduction/outputs/100subaction-e9/experiments/E9/pipeline_outputs/subaction_55_P01_109_55/candidate_03_frame_005036_left,/Users/huhu/Documents/Code/bishe/vrb/vrbreproduction/outputs/100subaction-e9/experiments/E9/pipeline_outputs/subaction_55_P01_109_55/candidate_03_frame_005036_left/reference_frame.png,/Users/huhu/Documents/Code/bishe/vrb/vrbreproduction/outputs/100subaction-e9/experiments/E9/pipeline_outputs/subaction_55_P01_109_55/candidate_03_frame_005036_left/label_heatmap_merged_overlay.png,/Users/huhu/Documents/Code/bishe/vrb/vrbreproduction/outputs/100subaction-e9/experiments/E9/pipeline_outputs/subaction_55_P01_109_55/candidate_03_frame_005036_left/vrb_style_affordance.png,6.0,0.0,"[110.2, 86.36, 254.76, 215.4]",/Users/huhu/Documents/Code/bishe/vrb/vrbreproduction/outputs/100subaction-e9/experiments/E9/pipeline_outputs/subaction_55_P01_109_55/candidate_03_frame_005036_left/label_heatmap_merged.npy,/Users/huhu/Documents/Code/bishe/vrb/vrbreproduction/outputs/100subaction-e9/experiments/E9/pipeline_outputs/subaction_55_P01_109_55/candidate_03_frame_005036_left/label_heatmap_merged.png,/Users/huhu/Documents/Code/bishe/vrb/vrbreproduction/outputs/100subaction-e9/experiments/E9/pipeline_outputs/subaction_55_P01_109_55/candidate_03_frame_005036_left/mask_projection_overlay.png,"(256, 456)",isotropic_e7,True,False
E9,55,P01_109_55,move cutting board,move,board:cutting,['board:cutting'],5014,5049,5013.0,5048.0,4.0,5037.0,left,new_contact_episode,54,9,107,"[110.0, 86.0, 252.0, 209.0]",3.1197066467480528,grabcut_fallback,bbox_fallback,fallback_lk,failed,ModuleNotFoundError:No module named 'torch',contact_local_boundary,8025,0.8281733746130031,10966.0,0.6016019310950187,True,5,0.0,contact_part_mask,26,0,contact_part_local_affine,False,1.0,36,31,31,1.0,1.0532526969909668,5,0.0,18228.0,success,361,0.2605631758614574,,5036.0,earliest_reliable_tracked_reference_no_pre_gap,1.0,contact_part_local_affine,success,5,0.0,0.2823111111111111,,,,,,,success,keep,,6.038935752423604,/Users/huhu/Documents/Code/bishe/vrb/vrbreproduction/outputs/100subaction-e9/experiments/E9/pipeline_outputs/subaction_55_P01_109_55/candidate_04_frame_005037_left,/Users/huhu/Documents/Code/bishe/vrb/vrbreproduction/outputs/100subaction-e9/experiments/E9/pipeline_outputs/subaction_55_P01_109_55/candidate_04_frame_005037_left,/Users/huhu/Documents/Code/bishe/vrb/vrbreproduction/outputs/100subaction-e9/experiments/E9/pipeline_outputs/subaction_55_P01_109_55/candidate_04_frame_005037_left/reference_frame.png,/Users/huhu/Documents/Code/bishe/vrb/vrbreproduction/outputs/100subaction-e9/experiments/E9/pipeline_outputs/subaction_55_P01_109_55/candidate_04_frame_005037_left/label_heatmap_merged_overlay.png,/Users/huhu/Documents/Code/bishe/vrb/vrbreproduction/outputs/100subaction-e9/experiments/E9/pipeline_outputs/subaction_55_P01_109_55/candidate_04_frame_005037_left/vrb_style_affordance.png,6.0,0.0,"[108.93, 85.72, 255.81, 210.47]",/Users/huhu/Documents/Code/bishe/vrb/vrbreproduction/outputs/100subaction-e9/experiments/E9/pipeline_outputs/subaction_55_P01_109_55/candidate_04_frame_005037_left/label_heatmap_merged.npy,/Users/huhu/Documents/Code/bishe/vrb/vrbreproduction/outputs/100subaction-e9/experiments/E9/pipeline_outputs/subaction_55_P01_109_55/candidate_04_frame_005037_left/label_heatmap_merged.png,/Users/huhu/Documents/Code/bishe/vrb/vrbreproduction/outputs/100subaction-e9/experiments/E9/pipeline_outputs/subaction_55_P01_109_55/candidate_04_frame_005037_left/mask_projection_overlay.png,"(256, 456)",isotropic_e7,True,False
E9,55,P01_109_55,move cutting board,move,board:cutting,['board:cutting'],5014,5049,5013.0,5048.0,5.0,5038.0,left,new_contact_episode,54,9,88,"[109.0, 87.0, 250.0, 216.0]",3.19522801081131,grabcut_fallback,bbox_fallback,fallback_lk,failed,ModuleNotFoundError:No module named 'torch',contact_local_boundary,7179,0.7184028820174122,10610.0,0.571167097329888,True,5,0.0,contact_part_mask,26,0,contact_part_local_affine,False,0.9748387096774194,36,31,25,0.8064516129032258,0.8630954027175903,5,0.0,18576.0,success,361,0.2605631758614574,,5035.0,earliest_reliable_tracked_reference_no_pre_gap,3.0,contact_part_local_affine,success,5,0.0,0.30391111111111113,,,,,,,success,keep,,5.882175955122773,/Users/huhu/Documents/Code/bishe/vrb/vrbreproduction/outputs/100subaction-e9/experiments/E9/pipeline_outputs/subaction_55_P01_109_55/candidate_05_frame_005038_left,/Users/huhu/Documents/Code/bishe/vrb/vrbreproduction/outputs/100subaction-e9/experiments/E9/pipeline_outputs/subaction_55_P01_109_55/candidate_05_frame_005038_left,/Users/huhu/Documents/Code/bishe/vrb/vrbreproduction/outputs/100subaction-e9/experiments/E9/pipeline_outputs/subaction_55_P01_109_55/candidate_05_frame_005038_left/reference_frame.png,/Users/huhu/Documents/Code/bishe/vrb/vrbreproduction/outputs/100subaction-e9/experiments/E9/pipeline_outputs/subaction_55_P01_109_55/candidate_05_frame_005038_left/label_heatmap_merged_overlay.png,/Users/huhu/Documents/Code/bishe/vrb/vrbreproduction/outputs/100subaction-e9/experiments/E9/pipeline_outputs/subaction_55_P01_109_55/candidate_05_frame_005038_left/vrb_style_affordance.png,6.0,0.0,"[110.11, 86.29, 253.89, 215.49]",/Users/huhu/Documents/Code/bishe/vrb/vrbreproduction/outputs/100subaction-e9/experiments/E9/pipeline_outputs/subaction_55_P01_109_55/candidate_05_frame_005038_left/label_heatmap_merged.npy,/Users/huhu/Documents/Code/bishe/vrb/vrbreproduction/outputs/100subaction-e9/experiments/E9/pipeline_outputs/subaction_55_P01_109_55/candidate_05_frame_005038_left/label_heatmap_merged.png,/Users/huhu/Documents/Code/bishe/vrb/vrbreproduction/outputs/100subaction-e9/experiments/E9/pipeline_outputs/subaction_55_P01_109_55/candidate_05_frame_005038_left/mask_projection_overlay.png,"(256, 456)",isotropic_e7,True,False
E9,55,P01_109_55,move cutting board,move,board:cutting,['board:cutting'],5014,5049,5013.0,5048.0,6.0,5043.0,left,new_contact_episode,54,9,106,"[109.0, 89.0, 250.0, 220.0]",3.187959732407911,grabcut_fallback,bbox_fallback,fallback_lk,failed,ModuleNotFoundError:No module named 'torch',contact_local_boundary,7836,0.7797790824957708,10626.0,0.5797054009819967,True,5,0.0,contact_part_mask,26,0,contact_part_local_affine,False,1.0,36,34,34,1.0,0.5233256816864014,5,0.0,18330.0,success,361,0.2605631758614574,,5042.0,earliest_reliable_tracked_reference_no_pre_gap,1.0,contact_part_local_affine,success,5,0.0,0.192,,,,,,,success,keep,,6.190300229549407,/Users/huhu/Documents/Code/bishe/vrb/vrbreproduction/outputs/100subaction-e9/experiments/E9/pipeline_outputs/subaction_55_P01_109_55/candidate_06_frame_005043_left,/Users/huhu/Documents/Code/bishe/vrb/vrbreproduction/outputs/100subaction-e9/experiments/E9/pipeline_outputs/subaction_55_P01_109_55/candidate_06_frame_005043_left,/Users/huhu/Documents/Code/bishe/vrb/vrbreproduction/outputs/100subaction-e9/experiments/E9/pipeline_outputs/subaction_55_P01_109_55/candidate_06_frame_005043_left/reference_frame.png,/Users/huhu/Documents/Code/bishe/vrb/vrbreproduction/outputs/100subaction-e9/experiments/E9/pipeline_outputs/subaction_55_P01_109_55/candidate_06_frame_005043_left/label_heatmap_merged_overlay.png,/Users/huhu/Documents/Code/bishe/vrb/vrbreproduction/outputs/100subaction-e9/experiments/E9/pipeline_outputs/subaction_55_P01_109_55/candidate_06_frame_005043_left/vrb_style_affordance.png,6.0,0.0,"[108.35, 88.67, 249.48, 219.16]",/Users/huhu/Documents/Code/bishe/vrb/vrbreproduction/outputs/100subaction-e9/experiments/E9/pipeline_outputs/subaction_55_P01_109_55/candidate_06_frame_005043_left/label_heatmap_merged.npy,/Users/huhu/Documents/Code/bishe/vrb/vrbreproduction/outputs/100subaction-e9/experiments/E9/pipeline_outputs/subaction_55_P01_109_55/candidate_06_frame_005043_left/label_heatmap_merged.png,/Users/huhu/Documents/Code/bishe/vrb/vrbreproduction/outputs/100subaction-e9/experiments/E9/pipeline_outputs/subaction_55_P01_109_55/candidate_06_frame_005043_left/mask_projection_overlay.png,"(256, 456)",isotropic_e7,True,False
E9,55,P01_109_55,move cutting board,move,board:cutting,['board:cutting'],5014,5049,5013.0,5048.0,7.0,5044.0,left,new_contact_episode,54,9,124,"[110.0, 91.0, 250.0, 220.0]",3.1955660229317955,grabcut_fallback,bbox_fallback,fallback_lk,failed,ModuleNotFoundError:No module named 'torch',contact_local_boundary,7598,0.7867867867867868,10961.0,0.593416707270857,True,5,0.0,contact_part_mask,26,0,contact_part_local_affine,False,0.9962857142857143,36,35,34,0.9714285714285714,0.4212789535522461,5,0.0,18471.0,success,361,0.2605631758614574,,5043.0,earliest_reliable_tracked_reference_no_pre_gap,1.0,contact_part_local_affine,success,5,0.0,0.18093333333333333,,,,,,,success,keep,,6.192533059964861,/Users/huhu/Documents/Code/bishe/vrb/vrbreproduction/outputs/100subaction-e9/experiments/E9/pipeline_outputs/subaction_55_P01_109_55/candidate_07_frame_005044_left,/Users/huhu/Documents/Code/bishe/vrb/vrbreproduction/outputs/100subaction-e9/experiments/E9/pipeline_outputs/subaction_55_P01_109_55/candidate_07_frame_005044_left,/Users/huhu/Documents/Code/bishe/vrb/vrbreproduction/outputs/100subaction-e9/experiments/E9/pipeline_outputs/subaction_55_P01_109_55/candidate_07_frame_005044_left/reference_frame.png,/Users/huhu/Documents/Code/bishe/vrb/vrbreproduction/outputs/100subaction-e9/experiments/E9/pipeline_outputs/subaction_55_P01_109_55/candidate_07_frame_005044_left/label_heatmap_merged_overlay.png,/Users/huhu/Documents/Code/bishe/vrb/vrbreproduction/outputs/100subaction-e9/experiments/E9/pipeline_outputs/subaction_55_P01_109_55/candidate_07_frame_005044_left/vrb_style_affordance.png,6.0,0.0,"[109.33, 89.37, 250.09, 219.79]",/Users/huhu/Documents/Code/bishe/vrb/vrbreproduction/outputs/100subaction-e9/experiments/E9/pipeline_outputs/subaction_55_P01_109_55/candidate_07_frame_005044_left/label_heatmap_merged.npy,/Users/huhu/Documents/Code/bishe/vrb/vrbreproduction/outputs/100subaction-e9/experiments/E9/pipeline_outputs/subaction_55_P01_109_55/candidate_07_frame_005044_left/label_heatmap_merged.png,/Users/huhu/Documents/Code/bishe/vrb/vrbreproduction/outputs/100subaction-e9/experiments/E9/pipeline_outputs/subaction_55_P01_109_55/candidate_07_frame_005044_left/mask_projection_overlay.png,"(256, 456)",isotropic_e7,True,False
E9,55,P01_109_55,move cutting board,move,board:cutting,['board:cutting'],5014,5049,5013.0,5048.0,8.0,5045.0,left,new_contact_episode,54,9,89,"[106.0, 91.0, 250.0, 222.0]",3.1624738301739517,grabcut_fallback,bbox_fallback,fallback_lk,failed,ModuleNotFoundError:No module named 'torch',contact_local_boundary,8255,0.8126599724355188,10966.0,0.6028918577162021,True,5,0.0,contact_part_mask,26,0,contact_part_local_affine,False,1.0,36,36,36,1.0,0.2890239953994751,5,0.0,18189.0,success,361,0.2605631758614574,,5044.0,earliest_reliable_tracked_reference_no_pre_gap,1.0,contact_part_local_affine,success,5,0.0,0.18355555555555556,,,,,,,success,keep,,6.209995946804681,/Users/huhu/Documents/Code/bishe/vrb/vrbreproduction/outputs/100subaction-e9/experiments/E9/pipeline_outputs/subaction_55_P01_109_55/candidate_08_frame_005045_left,/Users/huhu/Documents/Code/bishe/vrb/vrbreproduction/outputs/100subaction-e9/experiments/E9/pipeline_outputs/subaction_55_P01_109_55/candidate_08_frame_005045_left,/Users/huhu/Documents/Code/bishe/vrb/vrbreproduction/outputs/100subaction-e9/experiments/E9/pipeline_outputs/subaction_55_P01_109_55/candidate_08_frame_005045_left/reference_frame.png,/Users/huhu/Documents/Code/bishe/vrb/vrbreproduction/outputs/100subaction-e9/experiments/E9/pipeline_outputs/subaction_55_P01_109_55/candidate_08_frame_005045_left/label_heatmap_merged_overlay.png,/Users/huhu/Documents/Code/bishe/vrb/vrbreproduction/outputs/100subaction-e9/experiments/E9/pipeline_outputs/subaction_55_P01_109_55/candidate_08_frame_005045_left/vrb_style_affordance.png,6.0,0.0,"[108.61, 90.7, 250.0, 220.41]",/Users/huhu/Documents/Code/bishe/vrb/vrbreproduction/outputs/100subaction-e9/experiments/E9/pipeline_outputs/subaction_55_P01_109_55/candidate_08_frame_005045_left/label_heatmap_merged.npy,/Users/huhu/Documents/Code/bishe/vrb/vrbreproduction/outputs/100subaction-e9/experiments/E9/pipeline_outputs/subaction_55_P01_109_55/candidate_08_frame_005045_left/label_heatmap_merged.png,/Users/huhu/Documents/Code/bishe/vrb/vrbreproduction/outputs/100subaction-e9/experiments/E9/pipeline_outputs/subaction_55_P01_109_55/candidate_08_frame_005045_left/mask_projection_overlay.png,"(256, 456)",isotropic_e7,True,True
E9,56,P01_109_56,pick up potato,pick-up,potato,['potato'],5053,5122,5052.0,5121.0,0.0,5062.0,left,new_contact_episode,112,12,108,"[104.0, 110.0, 247.0, 241.0]",3.192492776941014,grabcut_fallback,bbox_fallback,fallback_lk,failed,ModuleNotFoundError:No module named 'torch',small_object_whole_mask_allowed,7205,0.7696005127109592,10529.0,0.5697510822510823,True,5,0.0,contact_part_mask,26,0,contact_part_local_affine,False,0.9923529411764707,36,34,32,0.9411764705882353,0.5620428919792175,5,0.0,18480.0,success,361,0.2605631758614574,,5061.0,earliest_reliable_tracked_reference_no_pre_gap,1.0,contact_part_local_affine,success,5,0.0,0.1288,,,,,,,success,keep,,6.248056360299446,/Users/huhu/Documents/Code/bishe/vrb/vrbreproduction/outputs/100subaction-e9/experiments/E9/pipeline_outputs/subaction_56_P01_109_56/candidate_00_frame_005062_left,/Users/huhu/Documents/Code/bishe/vrb/vrbreproduction/outputs/100subaction-e9/experiments/E9/pipeline_outputs/subaction_56_P01_109_56/candidate_00_frame_005062_left,/Users/huhu/Documents/Code/bishe/vrb/vrbreproduction/outputs/100subaction-e9/experiments/E9/pipeline_outputs/subaction_56_P01_109_56/candidate_00_frame_005062_left/reference_frame.png,/Users/huhu/Documents/Code/bishe/vrb/vrbreproduction/outputs/100subaction-e9/experiments/E9/pipeline_outputs/subaction_56_P01_109_56/candidate_00_frame_005062_left/label_heatmap_merged_overlay.png,/Users/huhu/Documents/Code/bishe/vrb/vrbreproduction/outputs/100subaction-e9/experiments/E9/pipeline_outputs/subaction_56_P01_109_56/candidate_00_frame_005062_left/vrb_style_affordance.png,6.0,0.0,"[106.32, 108.96, 245.81, 241.06]",/Users/huhu/Documents/Code/bishe/vrb/vrbreproduction/outputs/100subaction-e9/experiments/E9/pipeline_outputs/subaction_56_P01_109_56/candidate_00_frame_005062_left/label_heatmap_merged.npy,/Users/huhu/Documents/Code/bishe/vrb/vrbreproduction/outputs/100subaction-e9/experiments/E9/pipeline_outputs/subaction_56_P01_109_56/candidate_00_frame_005062_left/label_heatmap_merged.png,/Users/huhu/Documents/Code/bishe/vrb/vrbreproduction/outputs/100subaction-e9/experiments/E9/pipeline_outputs/subaction_56_P01_109_56/candidate_00_frame_005062_left/mask_projection_overlay.png,"(256, 456)",isotropic_e7,True,False
E9,56,P01_109_56,pick up potato,pick-up,potato,['potato'],5053,5122,5052.0,5121.0,1.0,5063.0,left,new_contact_episode,112,12,97,"[101.0, 111.0, 245.0, 236.0]",3.1666123824551273,grabcut_fallback,bbox_fallback,fallback_lk,failed,ModuleNotFoundError:No module named 'torch',small_object_whole_mask_allowed,7091,0.7685054730681695,10456.0,0.566813031929311,True,5,0.0,contact_part_mask,26,0,contact_part_local_affine,False,0.9923529411764707,36,34,32,0.9411764705882353,0.37927722930908203,5,0.0,18447.0,success,361,0.2605631758614574,,5062.0,earliest_reliable_tracked_reference_no_pre_gap,1.0,contact_part_local_affine,success,5,0.0,0.13155555555555556,,,,,,,success,keep,,6.249405996846217,/Users/huhu/Documents/Code/bishe/vrb/vrbreproduction/outputs/100subaction-e9/experiments/E9/pipeline_outputs/subaction_56_P01_109_56/candidate_01_frame_005063_left,/Users/huhu/Documents/Code/bishe/vrb/vrbreproduction/outputs/100subaction-e9/experiments/E9/pipeline_outputs/subaction_56_P01_109_56/candidate_01_frame_005063_left,/Users/huhu/Documents/Code/bishe/vrb/vrbreproduction/outputs/100subaction-e9/experiments/E9/pipeline_outputs/subaction_56_P01_109_56/candidate_01_frame_005063_left/reference_frame.png,/Users/huhu/Documents/Code/bishe/vrb/vrbreproduction/outputs/100subaction-e9/experiments/E9/pipeline_outputs/subaction_56_P01_109_56/candidate_01_frame_005063_left/label_heatmap_merged_overlay.png,/Users/huhu/Documents/Code/bishe/vrb/vrbreproduction/outputs/100subaction-e9/experiments/E9/pipeline_outputs/subaction_56_P01_109_56/candidate_01_frame_005063_left/vrb_style_affordance.png,6.0,0.0,"[102.98, 110.05, 246.37, 239.05]",/Users/huhu/Documents/Code/bishe/vrb/vrbreproduction/outputs/100subaction-e9/experiments/E9/pipeline_outputs/subaction_56_P01_109_56/candidate_01_frame_005063_left/label_heatmap_merged.npy,/Users/huhu/Documents/Code/bishe/vrb/vrbreproduction/outputs/100subaction-e9/experiments/E9/pipeline_outputs/subaction_56_P01_109_56/candidate_01_frame_005063_left/label_heatmap_merged.png,/Users/huhu/Documents/Code/bishe/vrb/vrbreproduction/outputs/100subaction-e9/experiments/E9/pipeline_outputs/subaction_56_P01_109_56/candidate_01_frame_005063_left/mask_projection_overlay.png,"(256, 456)",isotropic_e7,True,True
E9,56,P01_109_56,pick up potato,pick-up,potato,['potato'],5053,5122,5052.0,5121.0,2.0,5064.0,left,new_contact_episode,112,12,88,"[101.0, 111.0, 246.0, 237.0]",3.197734434548329,grabcut_fallback,bbox_fallback,fallback_lk,failed,ModuleNotFoundError:No module named 'torch',small_object_whole_mask_allowed,7049,0.7625486802250108,9999.0,0.5555,True,5,0.0,contact_part_mask,26,0,contact_part_local_affine,False,0.9851428571428572,36,35,31,0.8857142857142857,0.4649070203304291,5,0.0,18000.0,success,361,0.2605631758614574,,5063.0,earliest_reliable_tracked_reference_no_pre_gap,1.0,contact_part_local_affine,success,5,0.0,0.1352,,,,,,,success,keep,,6.207538503675801,/Users/huhu/Documents/Code/bishe/vrb/vrbreproduction/outputs/100subaction-e9/experiments/E9/pipeline_outputs/subaction_56_P01_109_56/candidate_02_frame_005064_left,/Users/huhu/Documents/Code/bishe/vrb/vrbreproduction/outputs/100subaction-e9/experiments/E9/pipeline_outputs/subaction_56_P01_109_56/candidate_02_frame_005064_left,/Users/huhu/Documents/Code/bishe/vrb/vrbreproduction/outputs/100subaction-e9/experiments/E9/pipeline_outputs/subaction_56_P01_109_56/candidate_02_frame_005064_left/reference_frame.png,/Users/huhu/Documents/Code/bishe/vrb/vrbreproduction/outputs/100subaction-e9/experiments/E9/pipeline_outputs/subaction_56_P01_109_56/candidate_02_frame_005064_left/label_heatmap_merged_overlay.png,/Users/huhu/Documents/Code/bishe/vrb/vrbreproduction/outputs/100subaction-e9/experiments/E9/pipeline_outputs/subaction_56_P01_109_56/candidate_02_frame_005064_left/vrb_style_affordance.png,6.0,0.0,"[101.09, 110.79, 245.46, 236.2]",/Users/huhu/Documents/Code/bishe/vrb/vrbreproduction/outputs/100subaction-e9/experiments/E9/pipeline_outputs/subaction_56_P01_109_56/candidate_02_frame_005064_left/label_heatmap_merged.npy,/Users/huhu/Documents/Code/bishe/vrb/vrbreproduction/outputs/100subaction-e9/experiments/E9/pipeline_outputs/subaction_56_P01_109_56/candidate_02_frame_005064_left/label_heatmap_merged.png,/Users/huhu/Documents/Code/bishe/vrb/vrbreproduction/outputs/100subaction-e9/experiments/E9/pipeline_outputs/subaction_56_P01_109_56/candidate_02_frame_005064_left/mask_projection_overlay.png,"(256, 456)",isotropic_e7,True,False
E9,56,P01_109_56,pick up potato,pick-up,potato,['potato'],5053,5122,5052.0,5121.0,3.0,5079.0,left,new_contact_episode,112,12,74,"[243.0, 125.0, 265.0, 159.0]",4.584910176418342,grabcut_fallback,,,,,small_object_whole_mask_allowed,748,1.0,,,,0,,,26,0,,False,,36,0,0,,,0,,,success,361,0.2605631758614574,,,,,,failed,0,,,,,,,,,not_run,discard,part_gate_failed,,/Users/huhu/Documents/Code/bishe/vrb/vrbreproduction/outputs/100subaction-e9/experiments/E9/pipeline_outputs/subaction_56_P01_109_56/candidate_03_frame_005079_left,,,,,6.0,0.0,,,,,,,,False
E9,56,P01_109_56,pick up potato,pick-up,potato,['potato'],5053,5122,5052.0,5121.0,4.0,5080.0,left,new_contact_episode,112,12,0,"[271.0, 98.0, 320.0, 134.0]",1.2425257469297168,,,,,,,0,,,,,0,,,0,0,,False,,0,0,0,,,0,,,not_run,0,0.0,,,,,,not_run,0,,,,,,,,,not_run,discard,contact_points_lt5_after_object_boundary_filter,,/Users/huhu/Documents/Code/bishe/vrb/vrbreproduction/outputs/100subaction-e9/experiments/E9/pipeline_outputs/subaction_56_P01_109_56/candidate_04_frame_005080_left,,,,,,,,,,,,,,False
E9,56,P01_109_56,pick up potato,pick-up,potato,['potato'],5053,5122,5052.0,5121.0,5.0,5081.0,left,new_contact_episode,112,12,55,"[235.0, 125.0, 262.0, 158.0]",4.647168399122531,grabcut_fallback,bbox_fallback,fallback_lk,failed,ModuleNotFoundError:No module named 'torch',small_object_whole_mask_allowed,891,1.0,7576.0,0.4399535423925668,True,3,0.0,contact_part_mask,26,0,contact_part_local_affine,False,0.7816666666666665,36,30,20,0.6666666666666666,2.0401992797851562,3,0.0,17220.0,success,361,0.2605631758614574,,5022.0,earliest_reliable_tracked_reference_no_pre_gap,59.0,contact_part_local_affine,success,3,0.0,0.0,,,,,,,success,keep,,5.031460688273111,/Users/huhu/Documents/Code/bishe/vrb/vrbreproduction/outputs/100subaction-e9/experiments/E9/pipeline_outputs/subaction_56_P01_109_56/candidate_05_frame_005081_left,/Users/huhu/Documents/Code/bishe/vrb/vrbreproduction/outputs/100subaction-e9/experiments/E9/pipeline_outputs/subaction_56_P01_109_56/candidate_05_frame_005081_left,/Users/huhu/Documents/Code/bishe/vrb/vrbreproduction/outputs/100subaction-e9/experiments/E9/pipeline_outputs/subaction_56_P01_109_56/candidate_05_frame_005081_left/reference_frame.png,/Users/huhu/Documents/Code/bishe/vrb/vrbreproduction/outputs/100subaction-e9/experiments/E9/pipeline_outputs/subaction_56_P01_109_56/candidate_05_frame_005081_left/label_heatmap_merged_overlay.png,/Users/huhu/Documents/Code/bishe/vrb/vrbreproduction/outputs/100subaction-e9/experiments/E9/pipeline_outputs/subaction_56_P01_109_56/candidate_05_frame_005081_left/vrb_style_affordance.png,6.0,0.0,"[146.72, 102.73, 287.0, 226.27]",/Users/huhu/Documents/Code/bishe/vrb/vrbreproduction/outputs/100subaction-e9/experiments/E9/pipeline_outputs/subaction_56_P01_109_56/candidate_05_frame_005081_left/label_heatmap_merged.npy,/Users/huhu/Documents/Code/bishe/vrb/vrbreproduction/outputs/100subaction-e9/experiments/E9/pipeline_outputs/subaction_56_P01_109_56/candidate_05_frame_005081_left/label_heatmap_merged.png,/Users/huhu/Documents/Code/bishe/vrb/vrbreproduction/outputs/100subaction-e9/experiments/E9/pipeline_outputs/subaction_56_P01_109_56/candidate_05_frame_005081_left/mask_projection_overlay.png,"(256, 456)",isotropic_e7,True,False
E9,56,P01_109_56,pick up potato,pick-up,potato,['potato'],5053,5122,5052.0,5121.0,6.0,5101.0,left,new_contact_episode,112,12,56,"[234.0, 136.0, 288.0, 191.0]",3.5794134083894384,grabcut_fallback,bbox_fallback,fallback_lk,failed,ModuleNotFoundError:No module named 'torch',small_object_whole_mask_allowed,1948,1.0,3024.0,1.0,True,5,0.0,contact_part_mask,26,0,contact_part_local_affine,False,0.9907142857142858,36,28,26,0.9285714285714286,1.3495066165924072,5,0.0,3024.0,success,361,0.2605631758614574,,5092.0,earliest_reliable_tracked_reference_no_pre_gap,9.0,contact_part_local_affine,success,5,0.0,0.24004444444444445,,,,,,,success,keep,,6.001876706264133,/Users/huhu/Documents/Code/bishe/vrb/vrbreproduction/outputs/100subaction-e9/experiments/E9/pipeline_outputs/subaction_56_P01_109_56/candidate_06_frame_005101_left,/Users/huhu/Documents/Code/bishe/vrb/vrbreproduction/outputs/100subaction-e9/experiments/E9/pipeline_outputs/subaction_56_P01_109_56/candidate_06_frame_005101_left,/Users/huhu/Documents/Code/bishe/vrb/vrbreproduction/outputs/100subaction-e9/experiments/E9/pipeline_outputs/subaction_56_P01_109_56/candidate_06_frame_005101_left/reference_frame.png,/Users/huhu/Documents/Code/bishe/vrb/vrbreproduction/outputs/100subaction-e9/experiments/E9/pipeline_outputs/subaction_56_P01_109_56/candidate_06_frame_005101_left/label_heatmap_merged_overlay.png,/Users/huhu/Documents/Code/bishe/vrb/vrbreproduction/outputs/100subaction-e9/experiments/E9/pipeline_outputs/subaction_56_P01_109_56/candidate_06_frame_005101_left/vrb_style_affordance.png,6.0,0.0,"[263.02, 120.15, 319.14, 174.38]",/Users/huhu/Documents/Code/bishe/vrb/vrbreproduction/outputs/100subaction-e9/experiments/E9/pipeline_outputs/subaction_56_P01_109_56/candidate_06_frame_005101_left/label_heatmap_merged.npy,/Users/huhu/Documents/Code/bishe/vrb/vrbreproduction/outputs/100subaction-e9/experiments/E9/pipeline_outputs/subaction_56_P01_109_56/candidate_06_frame_005101_left/label_heatmap_merged.png,/Users/huhu/Documents/Code/bishe/vrb/vrbreproduction/outputs/100subaction-e9/experiments/E9/pipeline_outputs/subaction_56_P01_109_56/candidate_06_frame_005101_left/mask_projection_overlay.png,"(256, 456)",isotropic_e7,True,False
E9,56,P01_109_56,pick up potato,pick-up,potato,['potato'],5053,5122,5052.0,5121.0,7.0,5102.0,left,new_contact_episode,112,12,68,"[226.0, 138.0, 282.0, 192.0]",3.7888441737780694,grabcut_fallback,bbox_fallback,fallback_lk,failed,ModuleNotFoundError:No module named 'torch',small_object_whole_mask_allowed,1263,1.0,3024.0,1.0,True,5,0.0,contact_part_mask,26,0,contact_part_local_affine,False,0.9907142857142858,36,28,26,0.9285714285714286,0.8511908054351807,5,0.0,3024.0,success,361,0.2605631758614574,,5092.0,earliest_reliable_tracked_reference_no_pre_gap,10.0,contact_part_local_affine,success,5,0.0,0.23453333333333334,,,,,,,success,keep,,6.019092847265517,/Users/huhu/Documents/Code/bishe/vrb/vrbreproduction/outputs/100subaction-e9/experiments/E9/pipeline_outputs/subaction_56_P01_109_56/candidate_07_frame_005102_left,/Users/huhu/Documents/Code/bishe/vrb/vrbreproduction/outputs/100subaction-e9/experiments/E9/pipeline_outputs/subaction_56_P01_109_56/candidate_07_frame_005102_left,/Users/huhu/Documents/Code/bishe/vrb/vrbreproduction/outputs/100subaction-e9/experiments/E9/pipeline_outputs/subaction_56_P01_109_56/candidate_07_frame_005102_left/reference_frame.png,/Users/huhu/Documents/Code/bishe/vrb/vrbreproduction/outputs/100subaction-e9/experiments/E9/pipeline_outputs/subaction_56_P01_109_56/candidate_07_frame_005102_left/label_heatmap_merged_overlay.png,/Users/huhu/Documents/Code/bishe/vrb/vrbreproduction/outputs/100subaction-e9/experiments/E9/pipeline_outputs/subaction_56_P01_109_56/candidate_07_frame_005102_left/vrb_style_affordance.png,6.0,0.0,"[263.02, 120.15, 319.14, 174.38]",/Users/huhu/Documents/Code/bishe/vrb/vrbreproduction/outputs/100subaction-e9/experiments/E9/pipeline_outputs/subaction_56_P01_109_56/candidate_07_frame_005102_left/label_heatmap_merged.npy,/Users/huhu/Documents/Code/bishe/vrb/vrbreproduction/outputs/100subaction-e9/experiments/E9/pipeline_outputs/subaction_56_P01_109_56/candidate_07_frame_005102_left/label_heatmap_merged.png,/Users/huhu/Documents/Code/bishe/vrb/vrbreproduction/outputs/100subaction-e9/experiments/E9/pipeline_outputs/subaction_56_P01_109_56/candidate_07_frame_005102_left/mask_projection_overlay.png,"(256, 456)",isotropic_e7,True,True
E9,56,P01_109_56,pick up potato,pick-up,potato,['potato'],5053,5122,5052.0,5121.0,8.0,5103.0,left,new_contact_episode,112,12,115,"[225.0, 141.0, 276.0, 194.0]",3.9473198730070207,grabcut_fallback,bbox_fallback,fallback_lk,failed,ModuleNotFoundError:No module named 'torch',small_object_whole_mask_allowed,2101,1.0,3024.0,1.0,True,5,0.0,contact_part_mask,26,0,contact_part_local_affine,False,1.0,36,33,33,1.0,1.493693232536316,5,0.0,3024.0,success,361,0.2605631758614574,,5102.0,earliest_reliable_tracked_reference_no_pre_gap,1.0,contact_part_local_affine,success,5,0.0,0.3384888888888889,,,,,,,success,keep,,5.941455869690576,/Users/huhu/Documents/Code/bishe/vrb/vrbreproduction/outputs/100subaction-e9/experiments/E9/pipeline_outputs/subaction_56_P01_109_56/candidate_08_frame_005103_left,/Users/huhu/Documents/Code/bishe/vrb/vrbreproduction/outputs/100subaction-e9/experiments/E9/pipeline_outputs/subaction_56_P01_109_56/candidate_08_frame_005103_left,/Users/huhu/Documents/Code/bishe/vrb/vrbreproduction/outputs/100subaction-e9/experiments/E9/pipeline_outputs/subaction_56_P01_109_56/candidate_08_frame_005103_left/reference_frame.png,/Users/huhu/Documents/Code/bishe/vrb/vrbreproduction/outputs/100subaction-e9/experiments/E9/pipeline_outputs/subaction_56_P01_109_56/candidate_08_frame_005103_left/label_heatmap_merged_overlay.png,/Users/huhu/Documents/Code/bishe/vrb/vrbreproduction/outputs/100subaction-e9/experiments/E9/pipeline_outputs/subaction_56_P01_109_56/candidate_08_frame_005103_left/vrb_style_affordance.png,6.0,0.0,"[226.22, 137.51, 281.8, 192.48]",/Users/huhu/Documents/Code/bishe/vrb/vrbreproduction/outputs/100subaction-e9/experiments/E9/pipeline_outputs/subaction_56_P01_109_56/candidate_08_frame_005103_left/label_heatmap_merged.npy,/Users/huhu/Documents/Code/bishe/vrb/vrbreproduction/outputs/100subaction-e9/experiments/E9/pipeline_outputs/subaction_56_P01_109_56/candidate_08_frame_005103_left/label_heatmap_merged.png,/Users/huhu/Documents/Code/bishe/vrb/vrbreproduction/outputs/100subaction-e9/experiments/E9/pipeline_outputs/subaction_56_P01_109_56/candidate_08_frame_005103_left/mask_projection_overlay.png,"(256, 456)",isotropic_e7,True,False
E9,56,P01_109_56,pick up potato,pick-up,potato,['potato'],5053,5122,5052.0,5121.0,9.0,5119.0,right,new_contact_episode,112,12,0,"[218.0, 157.0, 251.0, 194.0]",1.3988070374858883,,,,,,,0,,,,,0,,,0,0,,False,,0,0,0,,,0,,,not_run,0,0.0,,,,,,not_run,0,,,,,,,,,not_run,discard,contact_points_lt5_after_object_boundary_filter,,/Users/huhu/Documents/Code/bishe/vrb/vrbreproduction/outputs/100subaction-e9/experiments/E9/pipeline_outputs/subaction_56_P01_109_56/candidate_09_frame_005119_right,,,,,,,,,,,,,,False
E9,56,P01_109_56,pick up potato,pick-up,potato,['potato'],5053,5122,5052.0,5121.0,10.0,5120.0,right,new_contact_episode,112,12,34,"[219.0, 159.0, 250.0, 192.0]",3.0588321752765752,grabcut_fallback,bbox_fallback,fallback_lk,failed,ModuleNotFoundError:No module named 'torch',small_object_whole_mask_allowed,1023,1.0,1221.0,1.0,True,5,0.0,contact_part_mask,26,0,contact_part_local_affine,False,0.9961764705882353,36,34,33,0.9705882352941176,0.16930387914180756,5,0.0,1221.0,success,361,0.2605631758614574,,5119.0,earliest_reliable_tracked_reference_no_pre_gap,1.0,contact_part_local_affine,success,5,0.0,0.3834666666666667,,,,,,,success,keep,,5.895779707155158,/Users/huhu/Documents/Code/bishe/vrb/vrbreproduction/outputs/100subaction-e9/experiments/E9/pipeline_outputs/subaction_56_P01_109_56/candidate_10_frame_005120_right,/Users/huhu/Documents/Code/bishe/vrb/vrbreproduction/outputs/100subaction-e9/experiments/E9/pipeline_outputs/subaction_56_P01_109_56/candidate_10_frame_005120_right,/Users/huhu/Documents/Code/bishe/vrb/vrbreproduction/outputs/100subaction-e9/experiments/E9/pipeline_outputs/subaction_56_P01_109_56/candidate_10_frame_005120_right/reference_frame.png,/Users/huhu/Documents/Code/bishe/vrb/vrbreproduction/outputs/100subaction-e9/experiments/E9/pipeline_outputs/subaction_56_P01_109_56/candidate_10_frame_005120_right/label_heatmap_merged_overlay.png,/Users/huhu/Documents/Code/bishe/vrb/vrbreproduction/outputs/100subaction-e9/experiments/E9/pipeline_outputs/subaction_56_P01_109_56/candidate_10_frame_005120_right/vrb_style_affordance.png,6.0,0.0,"[218.01, 157.41, 250.87, 193.59]",/Users/huhu/Documents/Code/bishe/vrb/vrbreproduction/outputs/100subaction-e9/experiments/E9/pipeline_outputs/subaction_56_P01_109_56/candidate_10_frame_005120_right/label_heatmap_merged.npy,/Users/huhu/Documents/Code/bishe/vrb/vrbreproduction/outputs/100subaction-e9/experiments/E9/pipeline_outputs/subaction_56_P01_109_56/candidate_10_frame_005120_right/label_heatmap_merged.png,/Users/huhu/Documents/Code/bishe/vrb/vrbreproduction/outputs/100subaction-e9/experiments/E9/pipeline_outputs/subaction_56_P01_109_56/candidate_10_frame_005120_right/mask_projection_overlay.png,"(256, 456)",isotropic_e7,True,False
E9,56,P01_109_56,pick up potato,pick-up,potato,['potato'],5053,5122,5052.0,5121.0,11.0,5121.0,right,new_contact_episode,112,12,32,"[220.0, 159.0, 248.0, 190.0]",3.122971257611021,grabcut_fallback,bbox_fallback,fallback_lk,failed,ModuleNotFoundError:No module named 'torch',small_object_whole_mask_allowed,868,1.0,960.0,1.0,True,5,0.0,contact_part_mask,26,0,contact_part_local_affine,False,1.0,36,36,36,1.0,0.3230412006378174,5,0.0,960.0,success,361,0.2605631758614574,,5120.0,earliest_reliable_tracked_reference_no_pre_gap,1.0,contact_part_local_affine,success,5,0.0,0.3722666666666667,,,,,,,success,keep,,5.925908763980865,/Users/huhu/Documents/Code/bishe/vrb/vrbreproduction/outputs/100subaction-e9/experiments/E9/pipeline_outputs/subaction_56_P01_109_56/candidate_11_frame_005121_right,/Users/huhu/Documents/Code/bishe/vrb/vrbreproduction/outputs/100subaction-e9/experiments/E9/pipeline_outputs/subaction_56_P01_109_56/candidate_11_frame_005121_right,/Users/huhu/Documents/Code/bishe/vrb/vrbreproduction/outputs/100subaction-e9/experiments/E9/pipeline_outputs/subaction_56_P01_109_56/candidate_11_frame_005121_right/reference_frame.png,/Users/huhu/Documents/Code/bishe/vrb/vrbreproduction/outputs/100subaction-e9/experiments/E9/pipeline_outputs/subaction_56_P01_109_56/candidate_11_frame_005121_right/label_heatmap_merged_overlay.png,/Users/huhu/Documents/Code/bishe/vrb/vrbreproduction/outputs/100subaction-e9/experiments/E9/pipeline_outputs/subaction_56_P01_109_56/candidate_11_frame_005121_right/vrb_style_affordance.png,6.0,0.0,"[219.12, 158.89, 249.37, 191.49]",/Users/huhu/Documents/Code/bishe/vrb/vrbreproduction/outputs/100subaction-e9/experiments/E9/pipeline_outputs/subaction_56_P01_109_56/candidate_11_frame_005121_right/label_heatmap_merged.npy,/Users/huhu/Documents/Code/bishe/vrb/vrbreproduction/outputs/100subaction-e9/experiments/E9/pipeline_outputs/subaction_56_P01_109_56/candidate_11_frame_005121_right/label_heatmap_merged.png,/Users/huhu/Documents/Code/bishe/vrb/vrbreproduction/outputs/100subaction-e9/experiments/E9/pipeline_outputs/subaction_56_P01_109_56/candidate_11_frame_005121_right/mask_projection_overlay.png,"(256, 456)",isotropic_e7,True,True
E9,57,P01_109_57,move potato,move,potato,['potato'],5082,5094,5081.0,5093.0,0.0,5081.0,right,continuation_entry_rescue,24,4,96,"[272.0, 99.0, 321.0, 134.0]",4.218017317434889,grabcut_fallback,,,,,small_object_whole_mask_allowed,512,1.0,,,,0,,,26,0,,False,,36,0,0,,,0,,,success,361,0.2605631758614574,,,,,,failed,0,,,,,,,,,not_run,discard,track_visibility_below_threshold,,/Users/huhu/Documents/Code/bishe/vrb/vrbreproduction/outputs/100subaction-e9/experiments/E9/pipeline_outputs/subaction_57_P01_109_57/candidate_00_frame_005081_right,,,,,6.0,0.0,,,,,,,,False
E9,57,P01_109_57,move potato,move,potato,['potato'],5082,5094,5081.0,5093.0,1.0,5082.0,right,continuation_entry_rescue,24,4,96,"[274.0, 98.0, 322.0, 138.0]",4.022597984729596,grabcut_fallback,,,,,small_object_whole_mask_allowed,242,1.0,,,,0,,,26,0,,False,,36,0,0,,,0,,,success,361,0.2605631758614574,,,,,,failed,0,,,,,,,,,not_run,discard,track_visibility_below_threshold,,/Users/huhu/Documents/Code/bishe/vrb/vrbreproduction/outputs/100subaction-e9/experiments/E9/pipeline_outputs/subaction_57_P01_109_57/candidate_01_frame_005082_right,,,,,6.0,0.0,,,,,,,,False
E9,57,P01_109_57,move potato,move,potato,['potato'],5082,5094,5081.0,5093.0,2.0,5081.0,left,continuation_entry_rescue,24,4,55,"[235.0, 125.0, 262.0, 158.0]",4.647168399122531,grabcut_fallback,bbox_fallback,fallback_lk,failed,ModuleNotFoundError:No module named 'torch',small_object_whole_mask_allowed,891,1.0,7576.0,0.4399535423925668,True,3,0.0,contact_part_mask,26,0,contact_part_local_affine,False,0.7816666666666665,36,30,20,0.6666666666666666,2.0401992797851562,3,0.0,17220.0,success,361,0.2605631758614574,,5022.0,earliest_reliable_tracked_reference_no_pre_gap,59.0,contact_part_local_affine,success,3,0.0,0.0,,,,,,,success,keep,,5.031460688273111,/Users/huhu/Documents/Code/bishe/vrb/vrbreproduction/outputs/100subaction-e9/experiments/E9/pipeline_outputs/subaction_57_P01_109_57/candidate_02_frame_005081_left,/Users/huhu/Documents/Code/bishe/vrb/vrbreproduction/outputs/100subaction-e9/experiments/E9/pipeline_outputs/subaction_57_P01_109_57/candidate_02_frame_005081_left,/Users/huhu/Documents/Code/bishe/vrb/vrbreproduction/outputs/100subaction-e9/experiments/E9/pipeline_outputs/subaction_57_P01_109_57/candidate_02_frame_005081_left/reference_frame.png,/Users/huhu/Documents/Code/bishe/vrb/vrbreproduction/outputs/100subaction-e9/experiments/E9/pipeline_outputs/subaction_57_P01_109_57/candidate_02_frame_005081_left/label_heatmap_merged_overlay.png,/Users/huhu/Documents/Code/bishe/vrb/vrbreproduction/outputs/100subaction-e9/experiments/E9/pipeline_outputs/subaction_57_P01_109_57/candidate_02_frame_005081_left/vrb_style_affordance.png,6.0,0.0,"[146.72, 102.73, 287.0, 226.27]",/Users/huhu/Documents/Code/bishe/vrb/vrbreproduction/outputs/100subaction-e9/experiments/E9/pipeline_outputs/subaction_57_P01_109_57/candidate_02_frame_005081_left/label_heatmap_merged.npy,/Users/huhu/Documents/Code/bishe/vrb/vrbreproduction/outputs/100subaction-e9/experiments/E9/pipeline_outputs/subaction_57_P01_109_57/candidate_02_frame_005081_left/label_heatmap_merged.png,/Users/huhu/Documents/Code/bishe/vrb/vrbreproduction/outputs/100subaction-e9/experiments/E9/pipeline_outputs/subaction_57_P01_109_57/candidate_02_frame_005081_left/mask_projection_overlay.png,"(256, 456)",isotropic_e7,True,False
E9,57,P01_109_57,move potato,move,potato,['potato'],5082,5094,5081.0,5093.0,3.0,5082.0,left,continuation_entry_rescue,24,4,70,"[231.0, 122.0, 259.0, 155.0]",4.753719510303808,grabcut_fallback,bbox_fallback,fallback_lk,failed,ModuleNotFoundError:No module named 'torch',small_object_whole_mask_allowed,924,1.0,924.0,1.0,True,4,0.0,contact_part_mask,26,0,contact_part_local_affine,False,0.75,36,36,36,1.0,0.36918848752975464,4,0.0,924.0,success,361,0.2605631758614574,,5081.0,earliest_reliable_tracked_reference_no_pre_gap,1.0,contact_part_local_affine,success,4,0.0,0.10826666666666666,,,,,,,success,keep,,5.570524345374106,/Users/huhu/Documents/Code/bishe/vrb/vrbreproduction/outputs/100subaction-e9/experiments/E9/pipeline_outputs/subaction_57_P01_109_57/candidate_03_frame_005082_left,/Users/huhu/Documents/Code/bishe/vrb/vrbreproduction/outputs/100subaction-e9/experiments/E9/pipeline_outputs/subaction_57_P01_109_57/candidate_03_frame_005082_left,/Users/huhu/Documents/Code/bishe/vrb/vrbreproduction/outputs/100subaction-e9/experiments/E9/pipeline_outputs/subaction_57_P01_109_57/candidate_03_frame_005082_left/reference_frame.png,/Users/huhu/Documents/Code/bishe/vrb/vrbreproduction/outputs/100subaction-e9/experiments/E9/pipeline_outputs/subaction_57_P01_109_57/candidate_03_frame_005082_left/label_heatmap_merged_overlay.png,/Users/huhu/Documents/Code/bishe/vrb/vrbreproduction/outputs/100subaction-e9/experiments/E9/pipeline_outputs/subaction_57_P01_109_57/candidate_03_frame_005082_left/vrb_style_affordance.png,6.0,0.0,"[234.32, 124.43, 261.73, 157.48]",/Users/huhu/Documents/Code/bishe/vrb/vrbreproduction/outputs/100subaction-e9/experiments/E9/pipeline_outputs/subaction_57_P01_109_57/candidate_03_frame_005082_left/label_heatmap_merged.npy,/Users/huhu/Documents/Code/bishe/vrb/vrbreproduction/outputs/100subaction-e9/experiments/E9/pipeline_outputs/subaction_57_P01_109_57/candidate_03_frame_005082_left/label_heatmap_merged.png,/Users/huhu/Documents/Code/bishe/vrb/vrbreproduction/outputs/100subaction-e9/experiments/E9/pipeline_outputs/subaction_57_P01_109_57/candidate_03_frame_005082_left/mask_projection_overlay.png,"(256, 456)",isotropic_e7,True,True
E9,58,P01_109_58,peel potato,peel,potato,['potato'],5182,9529,5181.0,9528.0,0.0,7132.0,right,new_contact_episode,8679,12,178,"[248.0, 123.0, 282.0, 171.0]",4.441283401950858,grabcut_fallback,bbox_fallback,fallback_lk,failed,ModuleNotFoundError:No module named 'torch',small_object_whole_mask_allowed,874,1.0,1755.0,1.0,True,4,0.0,contact_part_mask,26,0,contact_part_local_affine,False,0.9124999999999999,36,36,36,1.0,1.7277792692184448,4,0.0,1755.0,success,361,1.0,,7131.0,earliest_reliable_tracked_reference_no_pre_gap,1.0,contact_part_local_affine,success,4,0.0,0.244,,,,,,,success,keep,,5.651166621923446,/Users/huhu/Documents/Code/bishe/vrb/vrbreproduction/outputs/100subaction-e9/experiments/E9/pipeline_outputs/subaction_58_P01_109_58/candidate_00_frame_007132_right,/Users/huhu/Documents/Code/bishe/vrb/vrbreproduction/outputs/100subaction-e9/experiments/E9/pipeline_outputs/subaction_58_P01_109_58/candidate_00_frame_007132_right,/Users/huhu/Documents/Code/bishe/vrb/vrbreproduction/outputs/100subaction-e9/experiments/E9/pipeline_outputs/subaction_58_P01_109_58/candidate_00_frame_007132_right/reference_frame.png,/Users/huhu/Documents/Code/bishe/vrb/vrbreproduction/outputs/100subaction-e9/experiments/E9/pipeline_outputs/subaction_58_P01_109_58/candidate_00_frame_007132_right/label_heatmap_merged_overlay.png,/Users/huhu/Documents/Code/bishe/vrb/vrbreproduction/outputs/100subaction-e9/experiments/E9/pipeline_outputs/subaction_58_P01_109_58/candidate_00_frame_007132_right/vrb_style_affordance.png,6.0,0.0,"[245.91, 138.36, 285.38, 182.52]",/Users/huhu/Documents/Code/bishe/vrb/vrbreproduction/outputs/100subaction-e9/experiments/E9/pipeline_outputs/subaction_58_P01_109_58/candidate_00_frame_007132_right/label_heatmap_merged.npy,/Users/huhu/Documents/Code/bishe/vrb/vrbreproduction/outputs/100subaction-e9/experiments/E9/pipeline_outputs/subaction_58_P01_109_58/candidate_00_frame_007132_right/label_heatmap_merged.png,/Users/huhu/Documents/Code/bishe/vrb/vrbreproduction/outputs/100subaction-e9/experiments/E9/pipeline_outputs/subaction_58_P01_109_58/candidate_00_frame_007132_right/mask_projection_overlay.png,"(256, 456)",isotropic_e7,True,False
E9,58,P01_109_58,peel potato,peel,potato,['potato'],5182,9529,5181.0,9528.0,1.0,7133.0,right,new_contact_episode,8679,12,225,"[249.0, 121.0, 283.0, 166.0]",4.559114537372809,grabcut_fallback,bbox_fallback,fallback_lk,failed,ModuleNotFoundError:No module named 'torch',small_object_whole_mask_allowed,827,1.0,1598.0,1.0,True,5,0.0,contact_part_mask,26,0,contact_part_local_affine,False,0.9921212121212122,36,33,31,0.9393939393939394,1.6017024517059326,5,0.0,1598.0,success,361,1.0,,7132.0,earliest_reliable_tracked_reference_no_pre_gap,1.0,contact_part_local_affine,success,5,0.0,0.2508444444444444,,,,,,,success,keep,,6.032712562812458,/Users/huhu/Documents/Code/bishe/vrb/vrbreproduction/outputs/100subaction-e9/experiments/E9/pipeline_outputs/subaction_58_P01_109_58/candidate_01_frame_007133_right,/Users/huhu/Documents/Code/bishe/vrb/vrbreproduction/outputs/100subaction-e9/experiments/E9/pipeline_outputs/subaction_58_P01_109_58/candidate_01_frame_007133_right,/Users/huhu/Documents/Code/bishe/vrb/vrbreproduction/outputs/100subaction-e9/experiments/E9/pipeline_outputs/subaction_58_P01_109_58/candidate_01_frame_007133_right/reference_frame.png,/Users/huhu/Documents/Code/bishe/vrb/vrbreproduction/outputs/100subaction-e9/experiments/E9/pipeline_outputs/subaction_58_P01_109_58/candidate_01_frame_007133_right/label_heatmap_merged_overlay.png,/Users/huhu/Documents/Code/bishe/vrb/vrbreproduction/outputs/100subaction-e9/experiments/E9/pipeline_outputs/subaction_58_P01_109_58/candidate_01_frame_007133_right/vrb_style_affordance.png,6.0,0.0,"[248.28, 122.76, 282.35, 169.58]",/Users/huhu/Documents/Code/bishe/vrb/vrbreproduction/outputs/100subaction-e9/experiments/E9/pipeline_outputs/subaction_58_P01_109_58/candidate_01_frame_007133_right/label_heatmap_merged.npy,/Users/huhu/Documents/Code/bishe/vrb/vrbreproduction/outputs/100subaction-e9/experiments/E9/pipeline_outputs/subaction_58_P01_109_58/candidate_01_frame_007133_right/label_heatmap_merged.png,/Users/huhu/Documents/Code/bishe/vrb/vrbreproduction/outputs/100subaction-e9/experiments/E9/pipeline_outputs/subaction_58_P01_109_58/candidate_01_frame_007133_right/mask_projection_overlay.png,"(256, 456)",isotropic_e7,True,False
E9,58,P01_109_58,peel potato,peel,potato,['potato'],5182,9529,5181.0,9528.0,2.0,7134.0,right,new_contact_episode,8679,12,252,"[245.0, 120.0, 284.0, 183.0]",4.763422800537727,grabcut_fallback,bbox_fallback,fallback_lk,failed,ModuleNotFoundError:No module named 'torch',small_object_whole_mask_allowed,1113,1.0,1785.0,1.0,True,5,0.0,contact_part_mask,26,0,contact_part_local_affine,False,1.0,36,35,35,1.0,1.4446760416030884,5,0.0,1785.0,success,361,1.0,,7133.0,earliest_reliable_tracked_reference_no_pre_gap,1.0,contact_part_local_affine,success,5,0.0,0.23524444444444445,,,,,,,success,keep,,6.0977930520852395,/Users/huhu/Documents/Code/bishe/vrb/vrbreproduction/outputs/100subaction-e9/experiments/E9/pipeline_outputs/subaction_58_P01_109_58/candidate_02_frame_007134_right,/Users/huhu/Documents/Code/bishe/vrb/vrbreproduction/outputs/100subaction-e9/experiments/E9/pipeline_outputs/subaction_58_P01_109_58/candidate_02_frame_007134_right,/Users/huhu/Documents/Code/bishe/vrb/vrbreproduction/outputs/100subaction-e9/experiments/E9/pipeline_outputs/subaction_58_P01_109_58/candidate_02_frame_007134_right/reference_frame.png,/Users/huhu/Documents/Code/bishe/vrb/vrbreproduction/outputs/100subaction-e9/experiments/E9/pipeline_outputs/subaction_58_P01_109_58/candidate_02_frame_007134_right/label_heatmap_merged_overlay.png,/Users/huhu/Documents/Code/bishe/vrb/vrbreproduction/outputs/100subaction-e9/experiments/E9/pipeline_outputs/subaction_58_P01_109_58/candidate_02_frame_007134_right/vrb_style_affordance.png,6.0,0.0,"[247.71, 121.3, 283.39, 172.14]",/Users/huhu/Documents/Code/bishe/vrb/vrbreproduction/outputs/100subaction-e9/experiments/E9/pipeline_outputs/subaction_58_P01_109_58/candidate_02_frame_007134_right/label_heatmap_merged.npy,/Users/huhu/Documents/Code/bishe/vrb/vrbreproduction/outputs/100subaction-e9/experiments/E9/pipeline_outputs/subaction_58_P01_109_58/candidate_02_frame_007134_right/label_heatmap_merged.png,/Users/huhu/Documents/Code/bishe/vrb/vrbreproduction/outputs/100subaction-e9/experiments/E9/pipeline_outputs/subaction_58_P01_109_58/candidate_02_frame_007134_right/mask_projection_overlay.png,"(256, 456)",isotropic_e7,True,True
E9,58,P01_109_58,peel potato,peel,potato,['potato'],5182,9529,5181.0,9528.0,3.0,7151.0,right,new_contact_episode,8679,12,234,"[210.0, 107.0, 253.0, 162.0]",4.422902773451706,grabcut_fallback,bbox_fallback,fallback_lk,failed,ModuleNotFoundError:No module named 'torch',small_object_whole_mask_allowed,904,1.0,3094.0,0.9041496201052016,True,5,0.0,contact_part_mask,26,0,contact_part_local_affine,False,0.933030303030303,36,33,16,0.48484848484848486,0.9602627754211426,5,0.0,3422.0,success,361,1.0,,7092.0,earliest_reliable_tracked_reference_no_pre_gap,59.0,contact_part_local_affine,success,5,0.0,0.36604444444444445,,,,,,,success,keep,,5.253883025828275,/Users/huhu/Documents/Code/bishe/vrb/vrbreproduction/outputs/100subaction-e9/experiments/E9/pipeline_outputs/subaction_58_P01_109_58/candidate_03_frame_007151_right,/Users/huhu/Documents/Code/bishe/vrb/vrbreproduction/outputs/100subaction-e9/experiments/E9/pipeline_outputs/subaction_58_P01_109_58/candidate_03_frame_007151_right,/Users/huhu/Documents/Code/bishe/vrb/vrbreproduction/outputs/100subaction-e9/experiments/E9/pipeline_outputs/subaction_58_P01_109_58/candidate_03_frame_007151_right/reference_frame.png,/Users/huhu/Documents/Code/bishe/vrb/vrbreproduction/outputs/100subaction-e9/experiments/E9/pipeline_outputs/subaction_58_P01_109_58/candidate_03_frame_007151_right/label_heatmap_merged_overlay.png,/Users/huhu/Documents/Code/bishe/vrb/vrbreproduction/outputs/100subaction-e9/experiments/E9/pipeline_outputs/subaction_58_P01_109_58/candidate_03_frame_007151_right/vrb_style_affordance.png,6.0,0.0,"[186.43, 104.29, 244.19, 162.64]",/Users/huhu/Documents/Code/bishe/vrb/vrbreproduction/outputs/100subaction-e9/experiments/E9/pipeline_outputs/subaction_58_P01_109_58/candidate_03_frame_007151_right/label_heatmap_merged.npy,/Users/huhu/Documents/Code/bishe/vrb/vrbreproduction/outputs/100subaction-e9/experiments/E9/pipeline_outputs/subaction_58_P01_109_58/candidate_03_frame_007151_right/label_heatmap_merged.png,/Users/huhu/Documents/Code/bishe/vrb/vrbreproduction/outputs/100subaction-e9/experiments/E9/pipeline_outputs/subaction_58_P01_109_58/candidate_03_frame_007151_right/mask_projection_overlay.png,"(256, 456)",isotropic_e7,True,False
E9,58,P01_109_58,peel potato,peel,potato,['potato'],5182,9529,5181.0,9528.0,4.0,7152.0,right,new_contact_episode,8679,12,185,"[224.0, 107.0, 255.0, 152.0]",4.973630113301866,grabcut_fallback,bbox_fallback,fallback_lk,failed,ModuleNotFoundError:No module named 'torch',small_object_whole_mask_allowed,489,1.0,1989.0,1.0,True,5,0.0,contact_part_mask,26,0,contact_part_local_affine,False,1.0,36,36,36,1.0,0.14160868525505066,5,0.0,1989.0,success,361,1.0,,7151.0,earliest_reliable_tracked_reference_no_pre_gap,1.0,contact_part_local_affine,success,5,0.0,0.3373333333333333,,,,,,,success,keep,,5.983751739442347,/Users/huhu/Documents/Code/bishe/vrb/vrbreproduction/outputs/100subaction-e9/experiments/E9/pipeline_outputs/subaction_58_P01_109_58/candidate_04_frame_007152_right,/Users/huhu/Documents/Code/bishe/vrb/vrbreproduction/outputs/100subaction-e9/experiments/E9/pipeline_outputs/subaction_58_P01_109_58/candidate_04_frame_007152_right,/Users/huhu/Documents/Code/bishe/vrb/vrbreproduction/outputs/100subaction-e9/experiments/E9/pipeline_outputs/subaction_58_P01_109_58/candidate_04_frame_007152_right/reference_frame.png,/Users/huhu/Documents/Code/bishe/vrb/vrbreproduction/outputs/100subaction-e9/experiments/E9/pipeline_outputs/subaction_58_P01_109_58/candidate_04_frame_007152_right/label_heatmap_merged_overlay.png,/Users/huhu/Documents/Code/bishe/vrb/vrbreproduction/outputs/100subaction-e9/experiments/E9/pipeline_outputs/subaction_58_P01_109_58/candidate_04_frame_007152_right/vrb_style_affordance.png,6.0,0.0,"[214.84, 107.02, 253.58, 158.41]",/Users/huhu/Documents/Code/bishe/vrb/vrbreproduction/outputs/100subaction-e9/experiments/E9/pipeline_outputs/subaction_58_P01_109_58/candidate_04_frame_007152_right/label_heatmap_merged.npy,/Users/huhu/Documents/Code/bishe/vrb/vrbreproduction/outputs/100subaction-e9/experiments/E9/pipeline_outputs/subaction_58_P01_109_58/candidate_04_frame_007152_right/label_heatmap_merged.png,/Users/huhu/Documents/Code/bishe/vrb/vrbreproduction/outputs/100subaction-e9/experiments/E9/pipeline_outputs/subaction_58_P01_109_58/candidate_04_frame_007152_right/mask_projection_overlay.png,"(256, 456)",isotropic_e7,True,True
E9,58,P01_109_58,peel potato,peel,potato,['potato'],5182,9529,5181.0,9528.0,5.0,7153.0,right,new_contact_episode,8679,12,163,"[220.0, 107.0, 254.0, 154.0]",5.0197956380696125,grabcut_fallback,bbox_fallback,fallback_lk,failed,ModuleNotFoundError:No module named 'torch',small_object_whole_mask_allowed,637,1.0,1472.0,1.0,True,5,0.0,contact_part_mask,26,0,contact_part_local_affine,False,1.0,36,36,36,1.0,0.140188068151474,5,0.0,1472.0,success,361,1.0,,7152.0,earliest_reliable_tracked_reference_no_pre_gap,1.0,contact_part_local_affine,success,5,0.0,0.3374666666666667,,,,,,,success,keep,,5.983594357955455,/Users/huhu/Documents/Code/bishe/vrb/vrbreproduction/outputs/100subaction-e9/experiments/E9/pipeline_outputs/subaction_58_P01_109_58/candidate_05_frame_007153_right,/Users/huhu/Documents/Code/bishe/vrb/vrbreproduction/outputs/100subaction-e9/experiments/E9/pipeline_outputs/subaction_58_P01_109_58/candidate_05_frame_007153_right,/Users/huhu/Documents/Code/bishe/vrb/vrbreproduction/outputs/100subaction-e9/experiments/E9/pipeline_outputs/subaction_58_P01_109_58/candidate_05_frame_007153_right/reference_frame.png,/Users/huhu/Documents/Code/bishe/vrb/vrbreproduction/outputs/100subaction-e9/experiments/E9/pipeline_outputs/subaction_58_P01_109_58/candidate_05_frame_007153_right/label_heatmap_merged_overlay.png,/Users/huhu/Documents/Code/bishe/vrb/vrbreproduction/outputs/100subaction-e9/experiments/E9/pipeline_outputs/subaction_58_P01_109_58/candidate_05_frame_007153_right/vrb_style_affordance.png,6.0,0.0,"[222.62, 106.92, 254.63, 152.54]",/Users/huhu/Documents/Code/bishe/vrb/vrbreproduction/outputs/100subaction-e9/experiments/E9/pipeline_outputs/subaction_58_P01_109_58/candidate_05_frame_007153_right/label_heatmap_merged.npy,/Users/huhu/Documents/Code/bishe/vrb/vrbreproduction/outputs/100subaction-e9/experiments/E9/pipeline_outputs/subaction_58_P01_109_58/candidate_05_frame_007153_right/label_heatmap_merged.png,/Users/huhu/Documents/Code/bishe/vrb/vrbreproduction/outputs/100subaction-e9/experiments/E9/pipeline_outputs/subaction_58_P01_109_58/candidate_05_frame_007153_right/mask_projection_overlay.png,"(256, 456)",isotropic_e7,True,False
E9,58,P01_109_58,peel potato,peel,potato,['potato'],5182,9529,5181.0,9528.0,6.0,7235.0,right,new_contact_episode,8679,12,144,"[247.0, 118.0, 279.0, 161.0]",3.808769616182274,grabcut_fallback,bbox_fallback,fallback_lk,failed,ModuleNotFoundError:No module named 'torch',small_object_whole_mask_allowed,710,1.0,1440.0,1.0,True,5,0.0,contact_part_mask,26,0,contact_part_local_affine,False,0.9620833333333334,36,24,17,0.7083333333333334,1.5278780460357666,5,0.0,1440.0,success,361,1.0,,7213.0,earliest_reliable_tracked_reference_no_pre_gap,22.0,contact_part_local_affine,success,5,0.0,0.35435555555555553,,,,,,,success,keep,,5.612713658618928,/Users/huhu/Documents/Code/bishe/vrb/vrbreproduction/outputs/100subaction-e9/experiments/E9/pipeline_outputs/subaction_58_P01_109_58/candidate_06_frame_007235_right,/Users/huhu/Documents/Code/bishe/vrb/vrbreproduction/outputs/100subaction-e9/experiments/E9/pipeline_outputs/subaction_58_P01_109_58/candidate_06_frame_007235_right,/Users/huhu/Documents/Code/bishe/vrb/vrbreproduction/outputs/100subaction-e9/experiments/E9/pipeline_outputs/subaction_58_P01_109_58/candidate_06_frame_007235_right/reference_frame.png,/Users/huhu/Documents/Code/bishe/vrb/vrbreproduction/outputs/100subaction-e9/experiments/E9/pipeline_outputs/subaction_58_P01_109_58/candidate_06_frame_007235_right/label_heatmap_merged_overlay.png,/Users/huhu/Documents/Code/bishe/vrb/vrbreproduction/outputs/100subaction-e9/experiments/E9/pipeline_outputs/subaction_58_P01_109_58/candidate_06_frame_007235_right/vrb_style_affordance.png,6.0,0.0,"[212.93, 126.81, 248.56, 167.12]",/Users/huhu/Documents/Code/bishe/vrb/vrbreproduction/outputs/100subaction-e9/experiments/E9/pipeline_outputs/subaction_58_P01_109_58/candidate_06_frame_007235_right/label_heatmap_merged.npy,/Users/huhu/Documents/Code/bishe/vrb/vrbreproduction/outputs/100subaction-e9/experiments/E9/pipeline_outputs/subaction_58_P01_109_58/candidate_06_frame_007235_right/label_heatmap_merged.png,/Users/huhu/Documents/Code/bishe/vrb/vrbreproduction/outputs/100subaction-e9/experiments/E9/pipeline_outputs/subaction_58_P01_109_58/candidate_06_frame_007235_right/mask_projection_overlay.png,"(256, 456)",isotropic_e7,False,False
E9,58,P01_109_58,peel potato,peel,potato,['potato'],5182,9529,5181.0,9528.0,7.0,7236.0,right,new_contact_episode,8679,12,126,"[251.0, 125.0, 280.0, 155.0]",4.202673503241113,grabcut_fallback,bbox_fallback,fallback_lk,failed,ModuleNotFoundError:No module named 'torch',small_object_whole_mask_allowed,618,1.0,1209.0,1.0,True,5,0.0,contact_part_mask,26,0,contact_part_local_affine,False,1.0,36,32,32,1.0,1.6244089603424072,5,0.0,1209.0,success,361,1.0,,7235.0,earliest_reliable_tracked_reference_no_pre_gap,1.0,contact_part_local_affine,success,5,0.0,0.25333333333333335,,,,,,,success,keep,,6.065267731189727,/Users/huhu/Documents/Code/bishe/vrb/vrbreproduction/outputs/100subaction-e9/experiments/E9/pipeline_outputs/subaction_58_P01_109_58/candidate_07_frame_007236_right,/Users/huhu/Documents/Code/bishe/vrb/vrbreproduction/outputs/100subaction-e9/experiments/E9/pipeline_outputs/subaction_58_P01_109_58/candidate_07_frame_007236_right,/Users/huhu/Documents/Code/bishe/vrb/vrbreproduction/outputs/100subaction-e9/experiments/E9/pipeline_outputs/subaction_58_P01_109_58/candidate_07_frame_007236_right/reference_frame.png,/Users/huhu/Documents/Code/bishe/vrb/vrbreproduction/outputs/100subaction-e9/experiments/E9/pipeline_outputs/subaction_58_P01_109_58/candidate_07_frame_007236_right/label_heatmap_merged_overlay.png,/Users/huhu/Documents/Code/bishe/vrb/vrbreproduction/outputs/100subaction-e9/experiments/E9/pipeline_outputs/subaction_58_P01_109_58/candidate_07_frame_007236_right/vrb_style_affordance.png,6.0,0.0,"[247.62, 121.09, 278.82, 159.73]",/Users/huhu/Documents/Code/bishe/vrb/vrbreproduction/outputs/100subaction-e9/experiments/E9/pipeline_outputs/subaction_58_P01_109_58/candidate_07_frame_007236_right/label_heatmap_merged.npy,/Users/huhu/Documents/Code/bishe/vrb/vrbreproduction/outputs/100subaction-e9/experiments/E9/pipeline_outputs/subaction_58_P01_109_58/candidate_07_frame_007236_right/label_heatmap_merged.png,/Users/huhu/Documents/Code/bishe/vrb/vrbreproduction/outputs/100subaction-e9/experiments/E9/pipeline_outputs/subaction_58_P01_109_58/candidate_07_frame_007236_right/mask_projection_overlay.png,"(256, 456)",isotropic_e7,True,False
E9,58,P01_109_58,peel potato,peel,potato,['potato'],5182,9529,5181.0,9528.0,8.0,7237.0,right,new_contact_episode,8679,12,93,"[251.0, 123.0, 280.0, 154.0]",4.157636026847712,grabcut_fallback,bbox_fallback,fallback_lk,failed,ModuleNotFoundError:No module named 'torch',small_object_whole_mask_allowed,671,1.0,870.0,1.0,True,5,0.0,contact_part_mask,26,0,contact_part_local_affine,False,1.0,36,36,36,1.0,0.7739482522010803,5,0.0,870.0,success,361,1.0,,7236.0,earliest_reliable_tracked_reference_no_pre_gap,1.0,contact_part_local_affine,success,5,0.0,0.23982222222222221,,,,,,,success,keep,,6.111048219100633,/Users/huhu/Documents/Code/bishe/vrb/vrbreproduction/outputs/100subaction-e9/experiments/E9/pipeline_outputs/subaction_58_P01_109_58/candidate_08_frame_007237_right,/Users/huhu/Documents/Code/bishe/vrb/vrbreproduction/outputs/100subaction-e9/experiments/E9/pipeline_outputs/subaction_58_P01_109_58/candidate_08_frame_007237_right,/Users/huhu/Documents/Code/bishe/vrb/vrbreproduction/outputs/100subaction-e9/experiments/E9/pipeline_outputs/subaction_58_P01_109_58/candidate_08_frame_007237_right/reference_frame.png,/Users/huhu/Documents/Code/bishe/vrb/vrbreproduction/outputs/100subaction-e9/experiments/E9/pipeline_outputs/subaction_58_P01_109_58/candidate_08_frame_007237_right/label_heatmap_merged_overlay.png,/Users/huhu/Documents/Code/bishe/vrb/vrbreproduction/outputs/100subaction-e9/experiments/E9/pipeline_outputs/subaction_58_P01_109_58/candidate_08_frame_007237_right/vrb_style_affordance.png,6.0,0.0,"[251.03, 124.92, 279.59, 154.79]",/Users/huhu/Documents/Code/bishe/vrb/vrbreproduction/outputs/100subaction-e9/experiments/E9/pipeline_outputs/subaction_58_P01_109_58/candidate_08_frame_007237_right/label_heatmap_merged.npy,/Users/huhu/Documents/Code/bishe/vrb/vrbreproduction/outputs/100subaction-e9/experiments/E9/pipeline_outputs/subaction_58_P01_109_58/candidate_08_frame_007237_right/label_heatmap_merged.png,/Users/huhu/Documents/Code/bishe/vrb/vrbreproduction/outputs/100subaction-e9/experiments/E9/pipeline_outputs/subaction_58_P01_109_58/candidate_08_frame_007237_right/mask_projection_overlay.png,"(256, 456)",isotropic_e7,True,True
E9,58,P01_109_58,peel potato,peel,potato,['potato'],5182,9529,5181.0,9528.0,9.0,7745.0,right,new_contact_episode,8679,12,35,"[244.0, 100.0, 266.0, 126.0]",3.0988407405248437,grabcut_fallback,bbox_fallback,fallback_lk,failed,ModuleNotFoundError:No module named 'torch',small_object_whole_mask_allowed,355,1.0,2497.0,0.9237883832778394,True,5,0.0,contact_part_mask,26,0,contact_part_local_affine,False,0.9442857142857143,36,14,8,0.5714285714285714,1.5887870788574219,5,0.0,2703.0,success,361,1.0,,7714.0,earliest_reliable_tracked_reference_no_pre_gap,31.0,contact_part_local_affine,success,5,0.0,0.3504888888888889,,,,,,,success,keep,,5.479174482872373,/Users/huhu/Documents/Code/bishe/vrb/vrbreproduction/outputs/100subaction-e9/experiments/E9/pipeline_outputs/subaction_58_P01_109_58/candidate_09_frame_007745_right,/Users/huhu/Documents/Code/bishe/vrb/vrbreproduction/outputs/100subaction-e9/experiments/E9/pipeline_outputs/subaction_58_P01_109_58/candidate_09_frame_007745_right,/Users/huhu/Documents/Code/bishe/vrb/vrbreproduction/outputs/100subaction-e9/experiments/E9/pipeline_outputs/subaction_58_P01_109_58/candidate_09_frame_007745_right/reference_frame.png,/Users/huhu/Documents/Code/bishe/vrb/vrbreproduction/outputs/100subaction-e9/experiments/E9/pipeline_outputs/subaction_58_P01_109_58/candidate_09_frame_007745_right/label_heatmap_merged_overlay.png,/Users/huhu/Documents/Code/bishe/vrb/vrbreproduction/outputs/100subaction-e9/experiments/E9/pipeline_outputs/subaction_58_P01_109_58/candidate_09_frame_007745_right/vrb_style_affordance.png,6.0,0.0,"[170.64, 113.01, 223.51, 163.76]",/Users/huhu/Documents/Code/bishe/vrb/vrbreproduction/outputs/100subaction-e9/experiments/E9/pipeline_outputs/subaction_58_P01_109_58/candidate_09_frame_007745_right/label_heatmap_merged.npy,/Users/huhu/Documents/Code/bishe/vrb/vrbreproduction/outputs/100subaction-e9/experiments/E9/pipeline_outputs/subaction_58_P01_109_58/candidate_09_frame_007745_right/label_heatmap_merged.png,/Users/huhu/Documents/Code/bishe/vrb/vrbreproduction/outputs/100subaction-e9/experiments/E9/pipeline_outputs/subaction_58_P01_109_58/candidate_09_frame_007745_right/mask_projection_overlay.png,"(256, 456)",isotropic_e7,True,False
E9,58,P01_109_58,peel potato,peel,potato,['potato'],5182,9529,5181.0,9528.0,10.0,7746.0,right,new_contact_episode,8679,12,0,"[166.0, 113.0, 219.0, 168.0]",1.1513063019662872,,,,,,,0,,,,,0,,,0,0,,False,,0,0,0,,,0,,,not_run,0,0.0,,,,,,not_run,0,,,,,,,,,not_run,discard,contact_points_lt5_after_object_boundary_filter,,/Users/huhu/Documents/Code/bishe/vrb/vrbreproduction/outputs/100subaction-e9/experiments/E9/pipeline_outputs/subaction_58_P01_109_58/candidate_10_frame_007746_right,,,,,,,,,,,,,,False
E9,58,P01_109_58,peel potato,peel,potato,['potato'],5182,9529,5181.0,9528.0,11.0,7747.0,right,new_contact_episode,8679,12,0,"[167.0, 114.0, 217.0, 168.0]",1.1402400880454637,,,,,,,0,,,,,0,,,0,0,,False,,0,0,0,,,0,,,not_run,0,0.0,,,,,,not_run,0,,,,,,,,,not_run,discard,contact_points_lt5_after_object_boundary_filter,,/Users/huhu/Documents/Code/bishe/vrb/vrbreproduction/outputs/100subaction-e9/experiments/E9/pipeline_outputs/subaction_58_P01_109_58/candidate_11_frame_007747_right,,,,,,,,,,,,,,False
E9,59,P01_109_59,put down potato,put-down,potato,['potato'],9494,9582,9493.0,9581.0,0.0,9493.0,left,continuation_entry_rescue,178,4,154,"[202.0, 132.0, 252.0, 185.0]",4.685500768890066,grabcut_fallback,bbox_fallback,fallback_lk,failed,ModuleNotFoundError:No module named 'torch',small_object_whole_mask_allowed,1869,1.0,2650.0,1.0,True,5,0.0,contact_part_mask,26,0,contact_part_local_affine,False,1.0,36,36,36,1.0,0.2525840997695923,5,0.0,2650.0,success,361,1.0,,9492.0,earliest_reliable_tracked_reference_no_pre_gap,1.0,contact_part_local_affine,success,5,0.0,0.29555555555555557,,,,,,,success,keep,,6.043089143673578,/Users/huhu/Documents/Code/bishe/vrb/vrbreproduction/outputs/100subaction-e9/experiments/E9/pipeline_outputs/subaction_59_P01_109_59/candidate_00_frame_009493_left,/Users/huhu/Documents/Code/bishe/vrb/vrbreproduction/outputs/100subaction-e9/experiments/E9/pipeline_outputs/subaction_59_P01_109_59/candidate_00_frame_009493_left,/Users/huhu/Documents/Code/bishe/vrb/vrbreproduction/outputs/100subaction-e9/experiments/E9/pipeline_outputs/subaction_59_P01_109_59/candidate_00_frame_009493_left/reference_frame.png,/Users/huhu/Documents/Code/bishe/vrb/vrbreproduction/outputs/100subaction-e9/experiments/E9/pipeline_outputs/subaction_59_P01_109_59/candidate_00_frame_009493_left/label_heatmap_merged_overlay.png,/Users/huhu/Documents/Code/bishe/vrb/vrbreproduction/outputs/100subaction-e9/experiments/E9/pipeline_outputs/subaction_59_P01_109_59/candidate_00_frame_009493_left/vrb_style_affordance.png,6.0,0.0,"[202.78, 131.78, 252.94, 184.92]",/Users/huhu/Documents/Code/bishe/vrb/vrbreproduction/outputs/100subaction-e9/experiments/E9/pipeline_outputs/subaction_59_P01_109_59/candidate_00_frame_009493_left/label_heatmap_merged.npy,/Users/huhu/Documents/Code/bishe/vrb/vrbreproduction/outputs/100subaction-e9/experiments/E9/pipeline_outputs/subaction_59_P01_109_59/candidate_00_frame_009493_left/label_heatmap_merged.png,/Users/huhu/Documents/Code/bishe/vrb/vrbreproduction/outputs/100subaction-e9/experiments/E9/pipeline_outputs/subaction_59_P01_109_59/candidate_00_frame_009493_left/mask_projection_overlay.png,"(256, 456)",isotropic_e7,True,False
E9,59,P01_109_59,put down potato,put-down,potato,['potato'],9494,9582,9493.0,9581.0,1.0,9494.0,left,continuation_entry_rescue,178,4,144,"[201.0, 133.0, 252.0, 185.0]",4.603236473981622,grabcut_fallback,bbox_fallback,fallback_lk,failed,ModuleNotFoundError:No module named 'torch',small_object_whole_mask_allowed,1764,1.0,2650.0,1.0,True,5,0.0,contact_part_mask,26,0,contact_part_local_affine,False,1.0,36,36,36,1.0,0.2599850296974182,5,0.0,2650.0,success,361,1.0,,9493.0,earliest_reliable_tracked_reference_no_pre_gap,1.0,contact_part_local_affine,success,5,0.0,0.2826222222222222,,,,,,,success,keep,,6.062267115775743,/Users/huhu/Documents/Code/bishe/vrb/vrbreproduction/outputs/100subaction-e9/experiments/E9/pipeline_outputs/subaction_59_P01_109_59/candidate_01_frame_009494_left,/Users/huhu/Documents/Code/bishe/vrb/vrbreproduction/outputs/100subaction-e9/experiments/E9/pipeline_outputs/subaction_59_P01_109_59/candidate_01_frame_009494_left,/Users/huhu/Documents/Code/bishe/vrb/vrbreproduction/outputs/100subaction-e9/experiments/E9/pipeline_outputs/subaction_59_P01_109_59/candidate_01_frame_009494_left/reference_frame.png,/Users/huhu/Documents/Code/bishe/vrb/vrbreproduction/outputs/100subaction-e9/experiments/E9/pipeline_outputs/subaction_59_P01_109_59/candidate_01_frame_009494_left/label_heatmap_merged_overlay.png,/Users/huhu/Documents/Code/bishe/vrb/vrbreproduction/outputs/100subaction-e9/experiments/E9/pipeline_outputs/subaction_59_P01_109_59/candidate_01_frame_009494_left/vrb_style_affordance.png,6.0,0.0,"[201.82, 132.14, 252.3, 184.92]",/Users/huhu/Documents/Code/bishe/vrb/vrbreproduction/outputs/100subaction-e9/experiments/E9/pipeline_outputs/subaction_59_P01_109_59/candidate_01_frame_009494_left/label_heatmap_merged.npy,/Users/huhu/Documents/Code/bishe/vrb/vrbreproduction/outputs/100subaction-e9/experiments/E9/pipeline_outputs/subaction_59_P01_109_59/candidate_01_frame_009494_left/label_heatmap_merged.png,/Users/huhu/Documents/Code/bishe/vrb/vrbreproduction/outputs/100subaction-e9/experiments/E9/pipeline_outputs/subaction_59_P01_109_59/candidate_01_frame_009494_left/mask_projection_overlay.png,"(256, 456)",isotropic_e7,True,False
E9,59,P01_109_59,put down potato,put-down,potato,['potato'],9494,9582,9493.0,9581.0,2.0,9493.0,right,continuation_entry_rescue,178,4,120,"[280.0, 110.0, 309.0, 148.0]",4.676174480880949,grabcut_fallback,bbox_fallback,fallback_lk,failed,ModuleNotFoundError:No module named 'torch',small_object_whole_mask_allowed,639,1.0,1140.0,1.0,True,5,0.0,contact_part_mask,26,0,contact_part_local_affine,False,1.0,36,36,36,1.0,0.23585306107997894,5,0.0,1140.0,success,361,1.0,,9492.0,earliest_reliable_tracked_reference_no_pre_gap,1.0,contact_part_local_affine,success,5,0.0,0.24675555555555556,,,,,,,success,keep,,6.116791074834266,/Users/huhu/Documents/Code/bishe/vrb/vrbreproduction/outputs/100subaction-e9/experiments/E9/pipeline_outputs/subaction_59_P01_109_59/candidate_02_frame_009493_right,/Users/huhu/Documents/Code/bishe/vrb/vrbreproduction/outputs/100subaction-e9/experiments/E9/pipeline_outputs/subaction_59_P01_109_59/candidate_02_frame_009493_right,/Users/huhu/Documents/Code/bishe/vrb/vrbreproduction/outputs/100subaction-e9/experiments/E9/pipeline_outputs/subaction_59_P01_109_59/candidate_02_frame_009493_right/reference_frame.png,/Users/huhu/Documents/Code/bishe/vrb/vrbreproduction/outputs/100subaction-e9/experiments/E9/pipeline_outputs/subaction_59_P01_109_59/candidate_02_frame_009493_right/label_heatmap_merged_overlay.png,/Users/huhu/Documents/Code/bishe/vrb/vrbreproduction/outputs/100subaction-e9/experiments/E9/pipeline_outputs/subaction_59_P01_109_59/candidate_02_frame_009493_right/vrb_style_affordance.png,6.0,0.0,"[278.39, 110.43, 308.04, 147.73]",/Users/huhu/Documents/Code/bishe/vrb/vrbreproduction/outputs/100subaction-e9/experiments/E9/pipeline_outputs/subaction_59_P01_109_59/candidate_02_frame_009493_right/label_heatmap_merged.npy,/Users/huhu/Documents/Code/bishe/vrb/vrbreproduction/outputs/100subaction-e9/experiments/E9/pipeline_outputs/subaction_59_P01_109_59/candidate_02_frame_009493_right/label_heatmap_merged.png,/Users/huhu/Documents/Code/bishe/vrb/vrbreproduction/outputs/100subaction-e9/experiments/E9/pipeline_outputs/subaction_59_P01_109_59/candidate_02_frame_009493_right/mask_projection_overlay.png,"(256, 456)",isotropic_e7,True,False
E9,59,P01_109_59,put down potato,put-down,potato,['potato'],9494,9582,9493.0,9581.0,3.0,9494.0,right,continuation_entry_rescue,178,4,131,"[280.0, 110.0, 310.0, 148.0]",4.682896471206107,grabcut_fallback,bbox_fallback,fallback_lk,failed,ModuleNotFoundError:No module named 'torch',small_object_whole_mask_allowed,422,1.0,1102.0,1.0,True,5,0.0,contact_part_mask,26,0,contact_part_local_affine,False,1.0,36,36,36,1.0,0.20215845108032227,5,0.0,1102.0,success,361,1.0,,9493.0,earliest_reliable_tracked_reference_no_pre_gap,1.0,contact_part_local_affine,success,5,0.0,0.24386666666666668,,,,,,,success,keep,,6.122135246467589,/Users/huhu/Documents/Code/bishe/vrb/vrbreproduction/outputs/100subaction-e9/experiments/E9/pipeline_outputs/subaction_59_P01_109_59/candidate_03_frame_009494_right,/Users/huhu/Documents/Code/bishe/vrb/vrbreproduction/outputs/100subaction-e9/experiments/E9/pipeline_outputs/subaction_59_P01_109_59/candidate_03_frame_009494_right,/Users/huhu/Documents/Code/bishe/vrb/vrbreproduction/outputs/100subaction-e9/experiments/E9/pipeline_outputs/subaction_59_P01_109_59/candidate_03_frame_009494_right/reference_frame.png,/Users/huhu/Documents/Code/bishe/vrb/vrbreproduction/outputs/100subaction-e9/experiments/E9/pipeline_outputs/subaction_59_P01_109_59/candidate_03_frame_009494_right/label_heatmap_merged_overlay.png,/Users/huhu/Documents/Code/bishe/vrb/vrbreproduction/outputs/100subaction-e9/experiments/E9/pipeline_outputs/subaction_59_P01_109_59/candidate_03_frame_009494_right/vrb_style_affordance.png,6.0,0.0,"[279.72, 109.84, 309.0, 147.74]",/Users/huhu/Documents/Code/bishe/vrb/vrbreproduction/outputs/100subaction-e9/experiments/E9/pipeline_outputs/subaction_59_P01_109_59/candidate_03_frame_009494_right/label_heatmap_merged.npy,/Users/huhu/Documents/Code/bishe/vrb/vrbreproduction/outputs/100subaction-e9/experiments/E9/pipeline_outputs/subaction_59_P01_109_59/candidate_03_frame_009494_right/label_heatmap_merged.png,/Users/huhu/Documents/Code/bishe/vrb/vrbreproduction/outputs/100subaction-e9/experiments/E9/pipeline_outputs/subaction_59_P01_109_59/candidate_03_frame_009494_right/mask_projection_overlay.png,"(256, 456)",isotropic_e7,True,True
E9,60,P01_109_60,put down peeler,put-down,peeler,['peeler'],9586,9607,9585.0,9606.0,0.0,9585.0,left,continuation_entry_rescue,31,4,48,"[145.0, 108.0, 186.0, 154.0]",4.429183636468423,grabcut_fallback,bbox_fallback,fallback_lk,failed,ModuleNotFoundError:No module named 'torch',handle_like_edge_or_endpoint,1317,1.0,1440.0,1.0,True,5,0.0,contact_part_mask,26,0,contact_part_local_affine,False,0.9675,36,36,27,0.75,1.6736884117126465,5,0.0,1440.0,success,361,1.0,,9567.0,earliest_reliable_tracked_reference_no_pre_gap,18.0,contact_part_local_affine,success,5,0.0,0.13426666666666667,,,,,,,success,keep,,5.987889347648622,/Users/huhu/Documents/Code/bishe/vrb/vrbreproduction/outputs/100subaction-e9/experiments/E9/pipeline_outputs/subaction_60_P01_109_60/candidate_00_frame_009585_left,/Users/huhu/Documents/Code/bishe/vrb/vrbreproduction/outputs/100subaction-e9/experiments/E9/pipeline_outputs/subaction_60_P01_109_60/candidate_00_frame_009585_left,/Users/huhu/Documents/Code/bishe/vrb/vrbreproduction/outputs/100subaction-e9/experiments/E9/pipeline_outputs/subaction_60_P01_109_60/candidate_00_frame_009585_left/reference_frame.png,/Users/huhu/Documents/Code/bishe/vrb/vrbreproduction/outputs/100subaction-e9/experiments/E9/pipeline_outputs/subaction_60_P01_109_60/candidate_00_frame_009585_left/label_heatmap_merged_overlay.png,/Users/huhu/Documents/Code/bishe/vrb/vrbreproduction/outputs/100subaction-e9/experiments/E9/pipeline_outputs/subaction_60_P01_109_60/candidate_00_frame_009585_left/vrb_style_affordance.png,6.0,0.0,"[178.56, 98.27, 211.1, 142.84]",/Users/huhu/Documents/Code/bishe/vrb/vrbreproduction/outputs/100subaction-e9/experiments/E9/pipeline_outputs/subaction_60_P01_109_60/candidate_00_frame_009585_left/label_heatmap_merged.npy,/Users/huhu/Documents/Code/bishe/vrb/vrbreproduction/outputs/100subaction-e9/experiments/E9/pipeline_outputs/subaction_60_P01_109_60/candidate_00_frame_009585_left/label_heatmap_merged.png,/Users/huhu/Documents/Code/bishe/vrb/vrbreproduction/outputs/100subaction-e9/experiments/E9/pipeline_outputs/subaction_60_P01_109_60/candidate_00_frame_009585_left/mask_projection_overlay.png,"(256, 456)",isotropic_e7,True,False
E9,60,P01_109_60,put down peeler,put-down,peeler,['peeler'],9586,9607,9585.0,9606.0,1.0,9586.0,left,continuation_entry_rescue,31,4,77,"[143.0, 109.0, 183.0, 154.0]",4.422377643142698,grabcut_fallback,bbox_fallback,fallback_lk,failed,ModuleNotFoundError:No module named 'torch',handle_like_edge_or_endpoint,1350,1.0,1886.0,1.0,True,5,0.0,contact_part_mask,26,0,contact_part_local_affine,False,1.0,36,36,36,1.0,0.17330212891101837,5,0.0,1886.0,success,361,1.0,,9585.0,earliest_reliable_tracked_reference_no_pre_gap,1.0,contact_part_local_affine,success,5,0.0,0.14177777777777778,,,,,,,success,keep,,6.276134269466002,/Users/huhu/Documents/Code/bishe/vrb/vrbreproduction/outputs/100subaction-e9/experiments/E9/pipeline_outputs/subaction_60_P01_109_60/candidate_01_frame_009586_left,/Users/huhu/Documents/Code/bishe/vrb/vrbreproduction/outputs/100subaction-e9/experiments/E9/pipeline_outputs/subaction_60_P01_109_60/candidate_01_frame_009586_left,/Users/huhu/Documents/Code/bishe/vrb/vrbreproduction/outputs/100subaction-e9/experiments/E9/pipeline_outputs/subaction_60_P01_109_60/candidate_01_frame_009586_left/reference_frame.png,/Users/huhu/Documents/Code/bishe/vrb/vrbreproduction/outputs/100subaction-e9/experiments/E9/pipeline_outputs/subaction_60_P01_109_60/candidate_01_frame_009586_left/label_heatmap_merged_overlay.png,/Users/huhu/Documents/Code/bishe/vrb/vrbreproduction/outputs/100subaction-e9/experiments/E9/pipeline_outputs/subaction_60_P01_109_60/candidate_01_frame_009586_left/vrb_style_affordance.png,6.0,0.0,"[145.0, 108.01, 185.66, 153.64]",/Users/huhu/Documents/Code/bishe/vrb/vrbreproduction/outputs/100subaction-e9/experiments/E9/pipeline_outputs/subaction_60_P01_109_60/candidate_01_frame_009586_left/label_heatmap_merged.npy,/Users/huhu/Documents/Code/bishe/vrb/vrbreproduction/outputs/100subaction-e9/experiments/E9/pipeline_outputs/subaction_60_P01_109_60/candidate_01_frame_009586_left/label_heatmap_merged.png,/Users/huhu/Documents/Code/bishe/vrb/vrbreproduction/outputs/100subaction-e9/experiments/E9/pipeline_outputs/subaction_60_P01_109_60/candidate_01_frame_009586_left/mask_projection_overlay.png,"(256, 456)",isotropic_e7,True,False
E9,60,P01_109_60,put down peeler,put-down,peeler,['peeler'],9586,9607,9585.0,9606.0,2.0,9585.0,right,continuation_entry_rescue,31,4,49,"[321.0, 72.0, 350.0, 96.0]",3.879145754935159,grabcut_fallback,bbox_fallback,fallback_lk,failed,ModuleNotFoundError:No module named 'torch',handle_like_edge_or_endpoint,270,1.0,3965.0,1.0,True,5,0.0,contact_part_mask,26,0,contact_part_local_affine,False,1.0,36,36,36,1.0,0.8084594011306763,5,0.0,3965.0,success,361,1.0,,9578.0,earliest_reliable_tracked_reference_no_pre_gap,7.0,contact_part_local_affine,success,5,0.0,0.09893333333333333,,,,,,,success,keep,,6.2853462179660795,/Users/huhu/Documents/Code/bishe/vrb/vrbreproduction/outputs/100subaction-e9/experiments/E9/pipeline_outputs/subaction_60_P01_109_60/candidate_02_frame_009585_right,/Users/huhu/Documents/Code/bishe/vrb/vrbreproduction/outputs/100subaction-e9/experiments/E9/pipeline_outputs/subaction_60_P01_109_60/candidate_02_frame_009585_right,/Users/huhu/Documents/Code/bishe/vrb/vrbreproduction/outputs/100subaction-e9/experiments/E9/pipeline_outputs/subaction_60_P01_109_60/candidate_02_frame_009585_right/reference_frame.png,/Users/huhu/Documents/Code/bishe/vrb/vrbreproduction/outputs/100subaction-e9/experiments/E9/pipeline_outputs/subaction_60_P01_109_60/candidate_02_frame_009585_right/label_heatmap_merged_overlay.png,/Users/huhu/Documents/Code/bishe/vrb/vrbreproduction/outputs/100subaction-e9/experiments/E9/pipeline_outputs/subaction_60_P01_109_60/candidate_02_frame_009585_right/vrb_style_affordance.png,6.0,0.0,"[350.36, 55.53, 415.48, 117.05]",/Users/huhu/Documents/Code/bishe/vrb/vrbreproduction/outputs/100subaction-e9/experiments/E9/pipeline_outputs/subaction_60_P01_109_60/candidate_02_frame_009585_right/label_heatmap_merged.npy,/Users/huhu/Documents/Code/bishe/vrb/vrbreproduction/outputs/100subaction-e9/experiments/E9/pipeline_outputs/subaction_60_P01_109_60/candidate_02_frame_009585_right/label_heatmap_merged.png,/Users/huhu/Documents/Code/bishe/vrb/vrbreproduction/outputs/100subaction-e9/experiments/E9/pipeline_outputs/subaction_60_P01_109_60/candidate_02_frame_009585_right/mask_projection_overlay.png,"(256, 456)",isotropic_e7,True,False
E9,60,P01_109_60,put down peeler,put-down,peeler,['peeler'],9586,9607,9585.0,9606.0,3.0,9586.0,right,continuation_entry_rescue,31,4,47,"[317.0, 75.0, 345.0, 95.0]",4.010871617520588,grabcut_fallback,bbox_fallback,fallback_lk,failed,ModuleNotFoundError:No module named 'torch',handle_like_edge_or_endpoint,256,1.0,667.0,1.0,True,5,0.0,contact_part_mask,26,0,contact_part_local_affine,False,1.0,36,36,36,1.0,0.22696846723556519,5,0.0,667.0,success,361,1.0,,9585.0,earliest_reliable_tracked_reference_no_pre_gap,1.0,contact_part_local_affine,success,5,0.0,0.1288888888888889,,,,,,,success,keep,,6.293857612649599,/Users/huhu/Documents/Code/bishe/vrb/vrbreproduction/outputs/100subaction-e9/experiments/E9/pipeline_outputs/subaction_60_P01_109_60/candidate_03_frame_009586_right,/Users/huhu/Documents/Code/bishe/vrb/vrbreproduction/outputs/100subaction-e9/experiments/E9/pipeline_outputs/subaction_60_P01_109_60/candidate_03_frame_009586_right,/Users/huhu/Documents/Code/bishe/vrb/vrbreproduction/outputs/100subaction-e9/experiments/E9/pipeline_outputs/subaction_60_P01_109_60/candidate_03_frame_009586_right/reference_frame.png,/Users/huhu/Documents/Code/bishe/vrb/vrbreproduction/outputs/100subaction-e9/experiments/E9/pipeline_outputs/subaction_60_P01_109_60/candidate_03_frame_009586_right/label_heatmap_merged_overlay.png,/Users/huhu/Documents/Code/bishe/vrb/vrbreproduction/outputs/100subaction-e9/experiments/E9/pipeline_outputs/subaction_60_P01_109_60/candidate_03_frame_009586_right/vrb_style_affordance.png,6.0,0.0,"[321.06, 72.84, 349.97, 95.74]",/Users/huhu/Documents/Code/bishe/vrb/vrbreproduction/outputs/100subaction-e9/experiments/E9/pipeline_outputs/subaction_60_P01_109_60/candidate_03_frame_009586_right/label_heatmap_merged.npy,/Users/huhu/Documents/Code/bishe/vrb/vrbreproduction/outputs/100subaction-e9/experiments/E9/pipeline_outputs/subaction_60_P01_109_60/candidate_03_frame_009586_right/label_heatmap_merged.png,/Users/huhu/Documents/Code/bishe/vrb/vrbreproduction/outputs/100subaction-e9/experiments/E9/pipeline_outputs/subaction_60_P01_109_60/candidate_03_frame_009586_right/mask_projection_overlay.png,"(256, 456)",isotropic_e7,True,True
E9,61,P01_109_61,pick up knife,pick-up,knife,['knife'],9668,9762,9667.0,9761.0,0.0,9689.0,right,new_contact_episode,3,3,0,,,,,,,,,0,,,,,0,,,0,0,,False,,0,0,0,,,0,,,not_run,0,0.0,,,,,,not_run,0,,,,,,,,,not_run,discard,missing_hand_or_object_bbox,,/Users/huhu/Documents/Code/bishe/vrb/vrbreproduction/outputs/100subaction-e9/experiments/E9/pipeline_outputs/subaction_61_P01_109_61/candidate_00_frame_009689_right,,,,,,,,,,,,,,False
E9,61,P01_109_61,pick up knife,pick-up,knife,['knife'],9668,9762,9667.0,9761.0,1.0,9690.0,right,new_contact_episode,3,3,0,,,,,,,,,0,,,,,0,,,0,0,,False,,0,0,0,,,0,,,not_run,0,0.0,,,,,,not_run,0,,,,,,,,,not_run,discard,missing_hand_or_object_bbox,,/Users/huhu/Documents/Code/bishe/vrb/vrbreproduction/outputs/100subaction-e9/experiments/E9/pipeline_outputs/subaction_61_P01_109_61/candidate_01_frame_009690_right,,,,,,,,,,,,,,False
E9,61,P01_109_61,pick up knife,pick-up,knife,['knife'],9668,9762,9667.0,9761.0,2.0,9691.0,right,new_contact_episode,3,3,0,,,,,,,,,0,,,,,0,,,0,0,,False,,0,0,0,,,0,,,not_run,0,0.0,,,,,,not_run,0,,,,,,,,,not_run,discard,missing_hand_or_object_bbox,,/Users/huhu/Documents/Code/bishe/vrb/vrbreproduction/outputs/100subaction-e9/experiments/E9/pipeline_outputs/subaction_61_P01_109_61/candidate_02_frame_009691_right,,,,,,,,,,,,,,False
E9,62,P01_109_62,grab potato,grab,potato,['potato'],9805,9835,9804.0,9834.0,0.0,9804.0,right,continuation_entry_rescue,62,4,137,"[212.0, 59.0, 303.0, 190.0]",2.856044062482677,,,,,,,0,,,,,0,,,0,0,,False,,0,0,0,,,0,,,not_run,0,0.0,,,,,,not_run,0,,,,,,,,,not_run,discard,gmm_failed:ValueError,,/Users/huhu/Documents/Code/bishe/vrb/vrbreproduction/outputs/100subaction-e9/experiments/E9/pipeline_outputs/subaction_62_P01_109_62/candidate_00_frame_009804_right,,,,,,,,,,,,,,False
E9,62,P01_109_62,grab potato,grab,potato,['potato'],9805,9835,9804.0,9834.0,1.0,9805.0,right,continuation_entry_rescue,62,4,162,"[213.0, 62.0, 305.0, 196.0]",2.9075620204305945,grabcut_fallback,,,,,small_object_whole_mask_allowed,958,1.0,,,,0,,,26,0,,False,,36,0,0,,,0,,,failed,158,0.17763882847280826,track_confidence_below_threshold,,,,,not_run,0,,,,,,,,,not_run,discard,track_confidence_below_threshold,,/Users/huhu/Documents/Code/bishe/vrb/vrbreproduction/outputs/100subaction-e9/experiments/E9/pipeline_outputs/subaction_62_P01_109_62/candidate_01_frame_009805_right,,,,,,,,,,,,,,False
E9,62,P01_109_62,grab potato,grab,potato,['potato'],9805,9835,9804.0,9834.0,2.0,9804.0,left,continuation_entry_rescue,62,4,15,"[196.0, 80.0, 234.0, 125.0]",4.18981502269533,grabcut_fallback,,,,,small_object_whole_mask_allowed,1318,1.0,,,,0,,,26,10,,False,,36,0,0,,,0,,,failed,157,0.17763882847280826,track_confidence_below_threshold,,,,,not_run,0,,,,,,,,,not_run,discard,track_confidence_below_threshold,,/Users/huhu/Documents/Code/bishe/vrb/vrbreproduction/outputs/100subaction-e9/experiments/E9/pipeline_outputs/subaction_62_P01_109_62/candidate_02_frame_009804_left,,,,,,,,,,,,,,False
E9,62,P01_109_62,grab potato,grab,potato,['potato'],9805,9835,9804.0,9834.0,3.0,9805.0,left,continuation_entry_rescue,62,4,36,"[198.0, 81.0, 236.0, 128.0]",4.2287327075121555,grabcut_fallback,,,,,small_object_whole_mask_allowed,1374,1.0,,,,0,,,26,0,,False,,36,0,0,,,0,,,failed,158,0.17763882847280826,track_confidence_below_threshold,,,,,not_run,0,,,,,,,,,not_run,discard,track_confidence_below_threshold,,/Users/huhu/Documents/Code/bishe/vrb/vrbreproduction/outputs/100subaction-e9/experiments/E9/pipeline_outputs/subaction_62_P01_109_62/candidate_03_frame_009805_left,,,,,,,,,,,,,,False
E9,63,P01_109_63,cut potato,cut,potato,['potato'],9831,10125,9830.0,10124.0,0.0,9830.0,right,continuation_entry_rescue,590,4,98,"[242.0, 102.0, 312.0, 196.0]",3.2167219404443737,grabcut_fallback,,,,,small_object_whole_mask_allowed,3522,0.8991575185090631,,,,0,,,26,0,,False,,36,0,0,,,0,,,failed,183,0.17763882847280826,track_confidence_below_threshold,,,,,not_run,0,,,,,,,,,not_run,discard,track_confidence_below_threshold,,/Users/huhu/Documents/Code/bishe/vrb/vrbreproduction/outputs/100subaction-e9/experiments/E9/pipeline_outputs/subaction_63_P01_109_63/candidate_00_frame_009830_right,,,,,,,,,,,,,,False
E9,63,P01_109_63,cut potato,cut,potato,['potato'],9831,10125,9830.0,10124.0,1.0,9831.0,right,continuation_entry_rescue,590,4,66,"[271.0, 150.0, 310.0, 197.0]",4.415801929834466,grabcut_fallback,,,,,small_object_whole_mask_allowed,456,1.0,,,,0,,,26,0,,False,,36,0,0,,,0,,,failed,184,0.17763882847280826,track_confidence_below_threshold,,,,,not_run,0,,,,,,,,,not_run,discard,track_confidence_below_threshold,,/Users/huhu/Documents/Code/bishe/vrb/vrbreproduction/outputs/100subaction-e9/experiments/E9/pipeline_outputs/subaction_63_P01_109_63/candidate_01_frame_009831_right,,,,,,,,,,,,,,False
E9,63,P01_109_63,cut potato,cut,potato,['potato'],9831,10125,9830.0,10124.0,2.0,9830.0,left,continuation_entry_rescue,590,4,69,"[206.0, 89.0, 246.0, 133.0]",4.71147713285969,grabcut_fallback,,,,,small_object_whole_mask_allowed,1188,1.0,,,,0,,,26,0,,False,,36,0,0,,,0,,,failed,183,0.17763882847280826,track_confidence_below_threshold,,,,,not_run,0,,,,,,,,,not_run,discard,track_confidence_below_threshold,,/Users/huhu/Documents/Code/bishe/vrb/vrbreproduction/outputs/100subaction-e9/experiments/E9/pipeline_outputs/subaction_63_P01_109_63/candidate_02_frame_009830_left,,,,,,,,,,,,,,False
E9,63,P01_109_63,cut potato,cut,potato,['potato'],9831,10125,9830.0,10124.0,3.0,9831.0,left,continuation_entry_rescue,590,4,58,"[205.0, 88.0, 245.0, 132.0]",4.7511752275319115,grabcut_fallback,,,,,small_object_whole_mask_allowed,1202,1.0,,,,0,,,26,0,,False,,36,0,0,,,0,,,failed,184,0.17763882847280826,track_confidence_below_threshold,,,,,not_run,0,,,,,,,,,not_run,discard,track_confidence_below_threshold,,/Users/huhu/Documents/Code/bishe/vrb/vrbreproduction/outputs/100subaction-e9/experiments/E9/pipeline_outputs/subaction_63_P01_109_63/candidate_03_frame_009831_left,,,,,,,,,,,,,,False
E9,64,P01_109_64,pick up potato bit,pick-up,bit:potato,['bit:potato'],10119,10183,10118.0,10182.0,0.0,10144.0,left,new_contact_episode,95,7,42,"[181.0, 111.0, 231.0, 155.0]",3.2588654438886087,grabcut_fallback,bbox_fallback,fallback_lk,failed,ModuleNotFoundError:No module named 'torch',small_object_whole_mask_allowed,1416,1.0,2198.0,0.9795008912655971,True,5,0.0,contact_part_mask,26,0,contact_part_local_affine,False,1.0,36,36,36,1.0,0.13756060600280762,5,0.0,2244.0,success,361,0.955671625,,10143.0,earliest_reliable_tracked_reference_no_pre_gap,1.0,contact_part_local_affine,success,5,0.0,0.13995555555555556,,,,,,,success,keep,,6.279939848486581,/Users/huhu/Documents/Code/bishe/vrb/vrbreproduction/outputs/100subaction-e9/experiments/E9/pipeline_outputs/subaction_64_P01_109_64/candidate_00_frame_010144_left,/Users/huhu/Documents/Code/bishe/vrb/vrbreproduction/outputs/100subaction-e9/experiments/E9/pipeline_outputs/subaction_64_P01_109_64/candidate_00_frame_010144_left,/Users/huhu/Documents/Code/bishe/vrb/vrbreproduction/outputs/100subaction-e9/experiments/E9/pipeline_outputs/subaction_64_P01_109_64/candidate_00_frame_010144_left/reference_frame.png,/Users/huhu/Documents/Code/bishe/vrb/vrbreproduction/outputs/100subaction-e9/experiments/E9/pipeline_outputs/subaction_64_P01_109_64/candidate_00_frame_010144_left/label_heatmap_merged_overlay.png,/Users/huhu/Documents/Code/bishe/vrb/vrbreproduction/outputs/100subaction-e9/experiments/E9/pipeline_outputs/subaction_64_P01_109_64/candidate_00_frame_010144_left/vrb_style_affordance.png,6.0,0.0,"[180.93, 109.94, 231.96, 154.36]",/Users/huhu/Documents/Code/bishe/vrb/vrbreproduction/outputs/100subaction-e9/experiments/E9/pipeline_outputs/subaction_64_P01_109_64/candidate_00_frame_010144_left/label_heatmap_merged.npy,/Users/huhu/Documents/Code/bishe/vrb/vrbreproduction/outputs/100subaction-e9/experiments/E9/pipeline_outputs/subaction_64_P01_109_64/candidate_00_frame_010144_left/label_heatmap_merged.png,/Users/huhu/Documents/Code/bishe/vrb/vrbreproduction/outputs/100subaction-e9/experiments/E9/pipeline_outputs/subaction_64_P01_109_64/candidate_00_frame_010144_left/mask_projection_overlay.png,"(256, 456)",isotropic_e7,False,True
E9,64,P01_109_64,pick up potato bit,pick-up,bit:potato,['bit:potato'],10119,10183,10118.0,10182.0,1.0,10145.0,left,new_contact_episode,95,7,39,"[180.0, 111.0, 230.0, 155.0]",3.2457160766457482,grabcut_fallback,bbox_fallback,fallback_lk,failed,ModuleNotFoundError:No module named 'torch',small_object_whole_mask_allowed,1395,1.0,2189.0,0.9754901960784313,True,5,0.0,contact_part_mask,26,0,contact_part_local_affine,False,1.0,36,36,36,1.0,0.12249952554702759,5,0.0,2244.0,success,361,0.955671625,,10143.0,earliest_reliable_tracked_reference_no_pre_gap,2.0,contact_part_local_affine,success,5,0.0,0.13995555555555556,,,,,,,success,keep,,6.274391680900255,/Users/huhu/Documents/Code/bishe/vrb/vrbreproduction/outputs/100subaction-e9/experiments/E9/pipeline_outputs/subaction_64_P01_109_64/candidate_01_frame_010145_left,/Users/huhu/Documents/Code/bishe/vrb/vrbreproduction/outputs/100subaction-e9/experiments/E9/pipeline_outputs/subaction_64_P01_109_64/candidate_01_frame_010145_left,/Users/huhu/Documents/Code/bishe/vrb/vrbreproduction/outputs/100subaction-e9/experiments/E9/pipeline_outputs/subaction_64_P01_109_64/candidate_01_frame_010145_left/reference_frame.png,/Users/huhu/Documents/Code/bishe/vrb/vrbreproduction/outputs/100subaction-e9/experiments/E9/pipeline_outputs/subaction_64_P01_109_64/candidate_01_frame_010145_left/label_heatmap_merged_overlay.png,/Users/huhu/Documents/Code/bishe/vrb/vrbreproduction/outputs/100subaction-e9/experiments/E9/pipeline_outputs/subaction_64_P01_109_64/candidate_01_frame_010145_left/vrb_style_affordance.png,6.0,0.0,"[180.8, 109.79, 231.94, 154.34]",/Users/huhu/Documents/Code/bishe/vrb/vrbreproduction/outputs/100subaction-e9/experiments/E9/pipeline_outputs/subaction_64_P01_109_64/candidate_01_frame_010145_left/label_heatmap_merged.npy,/Users/huhu/Documents/Code/bishe/vrb/vrbreproduction/outputs/100subaction-e9/experiments/E9/pipeline_outputs/subaction_64_P01_109_64/candidate_01_frame_010145_left/label_heatmap_merged.png,/Users/huhu/Documents/Code/bishe/vrb/vrbreproduction/outputs/100subaction-e9/experiments/E9/pipeline_outputs/subaction_64_P01_109_64/candidate_01_frame_010145_left/mask_projection_overlay.png,"(256, 456)",isotropic_e7,True,False
E9,64,P01_109_64,pick up potato bit,pick-up,bit:potato,['bit:potato'],10119,10183,10118.0,10182.0,2.0,10146.0,left,new_contact_episode,95,7,40,"[181.0, 111.0, 229.0, 156.0]",3.245140353099356,grabcut_fallback,bbox_fallback,fallback_lk,failed,ModuleNotFoundError:No module named 'torch',small_object_whole_mask_allowed,1407,1.0,2178.0,0.99,True,5,0.0,contact_part_mask,26,0,contact_part_local_affine,False,1.0,36,36,36,1.0,0.09003034234046936,5,0.0,2200.0,success,361,0.955671625,,10145.0,earliest_reliable_tracked_reference_no_pre_gap,1.0,contact_part_local_affine,success,5,0.0,0.14155555555555555,,,,,,,success,keep,,6.278965756396452,/Users/huhu/Documents/Code/bishe/vrb/vrbreproduction/outputs/100subaction-e9/experiments/E9/pipeline_outputs/subaction_64_P01_109_64/candidate_02_frame_010146_left,/Users/huhu/Documents/Code/bishe/vrb/vrbreproduction/outputs/100subaction-e9/experiments/E9/pipeline_outputs/subaction_64_P01_109_64/candidate_02_frame_010146_left,/Users/huhu/Documents/Code/bishe/vrb/vrbreproduction/outputs/100subaction-e9/experiments/E9/pipeline_outputs/subaction_64_P01_109_64/candidate_02_frame_010146_left/reference_frame.png,/Users/huhu/Documents/Code/bishe/vrb/vrbreproduction/outputs/100subaction-e9/experiments/E9/pipeline_outputs/subaction_64_P01_109_64/candidate_02_frame_010146_left/label_heatmap_merged_overlay.png,/Users/huhu/Documents/Code/bishe/vrb/vrbreproduction/outputs/100subaction-e9/experiments/E9/pipeline_outputs/subaction_64_P01_109_64/candidate_02_frame_010146_left/vrb_style_affordance.png,6.0,0.0,"[180.49, 110.78, 229.88, 155.22]",/Users/huhu/Documents/Code/bishe/vrb/vrbreproduction/outputs/100subaction-e9/experiments/E9/pipeline_outputs/subaction_64_P01_109_64/candidate_02_frame_010146_left/label_heatmap_merged.npy,/Users/huhu/Documents/Code/bishe/vrb/vrbreproduction/outputs/100subaction-e9/experiments/E9/pipeline_outputs/subaction_64_P01_109_64/candidate_02_frame_010146_left/label_heatmap_merged.png,/Users/huhu/Documents/Code/bishe/vrb/vrbreproduction/outputs/100subaction-e9/experiments/E9/pipeline_outputs/subaction_64_P01_109_64/candidate_02_frame_010146_left/mask_projection_overlay.png,"(256, 456)",isotropic_e7,True,True
E9,64,P01_109_64,pick up potato bit,pick-up,bit:potato,['bit:potato'],10119,10183,10118.0,10182.0,3.0,10173.0,left,new_contact_episode,95,7,0,"[263.0, 99.0, 319.0, 186.0]",0.8834057780655244,,,,,,,0,,,,,0,,,0,0,,False,,0,0,0,,,0,,,not_run,0,0.0,,,,,,not_run,0,,,,,,,,,not_run,discard,contact_points_lt5_after_object_boundary_filter,,/Users/huhu/Documents/Code/bishe/vrb/vrbreproduction/outputs/100subaction-e9/experiments/E9/pipeline_outputs/subaction_64_P01_109_64/candidate_03_frame_010173_left,,,,,,,,,,,,,,False
E9,64,P01_109_64,pick up potato bit,pick-up,bit:potato,['bit:potato'],10119,10183,10118.0,10182.0,4.0,10174.0,left,new_contact_episode,95,7,0,"[262.0, 99.0, 319.0, 185.0]",0.8849421710991323,,,,,,,0,,,,,0,,,0,0,,False,,0,0,0,,,0,,,not_run,0,0.0,,,,,,not_run,0,,,,,,,,,not_run,discard,contact_points_lt5_after_object_boundary_filter,,/Users/huhu/Documents/Code/bishe/vrb/vrbreproduction/outputs/100subaction-e9/experiments/E9/pipeline_outputs/subaction_64_P01_109_64/candidate_04_frame_010174_left,,,,,,,,,,,,,,False
E9,64,P01_109_64,pick up potato bit,pick-up,bit:potato,['bit:potato'],10119,10183,10118.0,10182.0,5.0,10175.0,left,new_contact_episode,95,7,0,"[263.0, 99.0, 319.0, 185.0]",0.8875036343807091,,,,,,,0,,,,,0,,,0,0,,False,,0,0,0,,,0,,,not_run,0,0.0,,,,,,not_run,0,,,,,,,,,not_run,discard,contact_points_lt5_after_object_boundary_filter,,/Users/huhu/Documents/Code/bishe/vrb/vrbreproduction/outputs/100subaction-e9/experiments/E9/pipeline_outputs/subaction_64_P01_109_64/candidate_05_frame_010175_left,,,,,,,,,,,,,,False
E9,64,P01_109_64,pick up potato bit,pick-up,bit:potato,['bit:potato'],10119,10183,10118.0,10182.0,6.0,10182.0,left,new_contact_episode,95,7,131,"[76.0, 62.0, 311.0, 216.0]",2.741107615403114,grabcut_fallback,,,,,small_object_whole_mask_allowed,10629,0.7530820461952671,,,,0,,,26,0,,False,,36,0,0,,,0,,,success,361,1.0,,,,,,failed,0,,,,,,,,,not_run,discard,affine_unreliable,,/Users/huhu/Documents/Code/bishe/vrb/vrbreproduction/outputs/100subaction-e9/experiments/E9/pipeline_outputs/subaction_64_P01_109_64/candidate_06_frame_010182_left,,,,,6.0,0.0,,,,,,,,False
E9,65,P01_109_65,put down potato bit,put-down,bit:potato,['bit:potato'],10148,10191,10147.0,10190.0,0.0,10173.0,left,new_contact_episode,59,7,0,"[263.0, 99.0, 319.0, 186.0]",0.8834057780655244,,,,,,,0,,,,,0,,,0,0,,False,,0,0,0,,,0,,,not_run,0,0.0,,,,,,not_run,0,,,,,,,,,not_run,discard,contact_points_lt5_after_object_boundary_filter,,/Users/huhu/Documents/Code/bishe/vrb/vrbreproduction/outputs/100subaction-e9/experiments/E9/pipeline_outputs/subaction_65_P01_109_65/candidate_00_frame_010173_left,,,,,,,,,,,,,,False
E9,65,P01_109_65,put down potato bit,put-down,bit:potato,['bit:potato'],10148,10191,10147.0,10190.0,1.0,10174.0,left,new_contact_episode,59,7,0,"[262.0, 99.0, 319.0, 185.0]",0.8849421710991323,,,,,,,0,,,,,0,,,0,0,,False,,0,0,0,,,0,,,not_run,0,0.0,,,,,,not_run,0,,,,,,,,,not_run,discard,contact_points_lt5_after_object_boundary_filter,,/Users/huhu/Documents/Code/bishe/vrb/vrbreproduction/outputs/100subaction-e9/experiments/E9/pipeline_outputs/subaction_65_P01_109_65/candidate_01_frame_010174_left,,,,,,,,,,,,,,False
E9,65,P01_109_65,put down potato bit,put-down,bit:potato,['bit:potato'],10148,10191,10147.0,10190.0,2.0,10175.0,left,new_contact_episode,59,7,0,"[263.0, 99.0, 319.0, 185.0]",0.8875036343807091,,,,,,,0,,,,,0,,,0,0,,False,,0,0,0,,,0,,,not_run,0,0.0,,,,,,not_run,0,,,,,,,,,not_run,discard,contact_points_lt5_after_object_boundary_filter,,/Users/huhu/Documents/Code/bishe/vrb/vrbreproduction/outputs/100subaction-e9/experiments/E9/pipeline_outputs/subaction_65_P01_109_65/candidate_02_frame_010175_left,,,,,,,,,,,,,,False
E9,65,P01_109_65,put down potato bit,put-down,bit:potato,['bit:potato'],10148,10191,10147.0,10190.0,3.0,10182.0,left,new_contact_episode,59,7,131,"[76.0, 62.0, 311.0, 216.0]",2.741107615403114,grabcut_fallback,,,,,small_object_whole_mask_allowed,10629,0.7530820461952671,,,,0,,,26,0,,False,,36,0,0,,,0,,,success,361,1.0,,,,,,failed,0,,,,,,,,,not_run,discard,affine_unreliable,,/Users/huhu/Documents/Code/bishe/vrb/vrbreproduction/outputs/100subaction-e9/experiments/E9/pipeline_outputs/subaction_65_P01_109_65/candidate_03_frame_010182_left,,,,,6.0,0.0,,,,,,,,False
E9,65,P01_109_65,put down potato bit,put-down,bit:potato,['bit:potato'],10148,10191,10147.0,10190.0,4.0,10184.0,left,new_contact_episode,59,7,153,"[127.0, 67.0, 293.0, 218.0]",2.9189062967848676,grabcut_fallback,bbox_fallback,fallback_lk,failed,ModuleNotFoundError:No module named 'torch',small_object_whole_mask_allowed,9800,0.7498087222647284,10892.0,0.4533799533799534,True,5,0.0,contact_part_mask,26,0,contact_part_local_affine,False,1.0,36,36,36,1.0,0.5461649894714355,5,0.0,24024.0,success,361,1.0,,10183.0,earliest_reliable_tracked_reference_no_pre_gap,1.0,contact_part_local_affine,success,5,0.0,0.0879111111111111,,,,,,,success,keep,,6.345748383649189,/Users/huhu/Documents/Code/bishe/vrb/vrbreproduction/outputs/100subaction-e9/experiments/E9/pipeline_outputs/subaction_65_P01_109_65/candidate_04_frame_010184_left,/Users/huhu/Documents/Code/bishe/vrb/vrbreproduction/outputs/100subaction-e9/experiments/E9/pipeline_outputs/subaction_65_P01_109_65/candidate_04_frame_010184_left,/Users/huhu/Documents/Code/bishe/vrb/vrbreproduction/outputs/100subaction-e9/experiments/E9/pipeline_outputs/subaction_65_P01_109_65/candidate_04_frame_010184_left/reference_frame.png,/Users/huhu/Documents/Code/bishe/vrb/vrbreproduction/outputs/100subaction-e9/experiments/E9/pipeline_outputs/subaction_65_P01_109_65/candidate_04_frame_010184_left/label_heatmap_merged_overlay.png,/Users/huhu/Documents/Code/bishe/vrb/vrbreproduction/outputs/100subaction-e9/experiments/E9/pipeline_outputs/subaction_65_P01_109_65/candidate_04_frame_010184_left/vrb_style_affordance.png,6.0,0.0,"[129.8, 63.85, 286.18, 218.24]",/Users/huhu/Documents/Code/bishe/vrb/vrbreproduction/outputs/100subaction-e9/experiments/E9/pipeline_outputs/subaction_65_P01_109_65/candidate_04_frame_010184_left/label_heatmap_merged.npy,/Users/huhu/Documents/Code/bishe/vrb/vrbreproduction/outputs/100subaction-e9/experiments/E9/pipeline_outputs/subaction_65_P01_109_65/candidate_04_frame_010184_left/label_heatmap_merged.png,/Users/huhu/Documents/Code/bishe/vrb/vrbreproduction/outputs/100subaction-e9/experiments/E9/pipeline_outputs/subaction_65_P01_109_65/candidate_04_frame_010184_left/mask_projection_overlay.png,"(256, 456)",isotropic_e7,True,True
E9,65,P01_109_65,put down potato bit,put-down,bit:potato,['bit:potato'],10148,10191,10147.0,10190.0,5.0,10185.0,left,new_contact_episode,59,7,101,"[144.0, 65.0, 283.0, 217.0]",2.8677759749927483,grabcut_fallback,bbox_fallback,fallback_lk,failed,ModuleNotFoundError:No module named 'torch',small_object_whole_mask_allowed,8170,0.7940519000874721,10744.0,0.4472753007784855,True,5,0.0,contact_part_mask,26,0,contact_part_local_affine,False,1.0,36,36,36,1.0,0.5878959894180298,5,0.0,24021.0,success,361,1.0,,10184.0,earliest_reliable_tracked_reference_no_pre_gap,1.0,contact_part_local_affine,success,5,0.0,0.09973333333333333,,,,,,,success,keep,,6.326763120317458,/Users/huhu/Documents/Code/bishe/vrb/vrbreproduction/outputs/100subaction-e9/experiments/E9/pipeline_outputs/subaction_65_P01_109_65/candidate_05_frame_010185_left,/Users/huhu/Documents/Code/bishe/vrb/vrbreproduction/outputs/100subaction-e9/experiments/E9/pipeline_outputs/subaction_65_P01_109_65/candidate_05_frame_010185_left,/Users/huhu/Documents/Code/bishe/vrb/vrbreproduction/outputs/100subaction-e9/experiments/E9/pipeline_outputs/subaction_65_P01_109_65/candidate_05_frame_010185_left/reference_frame.png,/Users/huhu/Documents/Code/bishe/vrb/vrbreproduction/outputs/100subaction-e9/experiments/E9/pipeline_outputs/subaction_65_P01_109_65/candidate_05_frame_010185_left/label_heatmap_merged_overlay.png,/Users/huhu/Documents/Code/bishe/vrb/vrbreproduction/outputs/100subaction-e9/experiments/E9/pipeline_outputs/subaction_65_P01_109_65/candidate_05_frame_010185_left/vrb_style_affordance.png,6.0,0.0,"[132.61, 65.33, 290.37, 217.91]",/Users/huhu/Documents/Code/bishe/vrb/vrbreproduction/outputs/100subaction-e9/experiments/E9/pipeline_outputs/subaction_65_P01_109_65/candidate_05_frame_010185_left/label_heatmap_merged.npy,/Users/huhu/Documents/Code/bishe/vrb/vrbreproduction/outputs/100subaction-e9/experiments/E9/pipeline_outputs/subaction_65_P01_109_65/candidate_05_frame_010185_left/label_heatmap_merged.png,/Users/huhu/Documents/Code/bishe/vrb/vrbreproduction/outputs/100subaction-e9/experiments/E9/pipeline_outputs/subaction_65_P01_109_65/candidate_05_frame_010185_left/mask_projection_overlay.png,"(256, 456)",isotropic_e7,True,False
E9,65,P01_109_65,put down potato bit,put-down,bit:potato,['bit:potato'],10148,10191,10147.0,10190.0,6.0,10186.0,left,new_contact_episode,59,7,142,"[132.0, 68.0, 287.0, 217.0]",2.9709032309591197,grabcut_fallback,bbox_fallback,fallback_lk,failed,ModuleNotFoundError:No module named 'torch',small_object_whole_mask_allowed,7430,0.7116858237547893,11152.0,0.4641831425598335,True,5,0.0,contact_part_mask,26,0,contact_part_local_affine,False,0.9777142857142858,36,35,29,0.8285714285714286,0.6572339534759521,5,0.0,24025.0,success,361,1.0,,10183.0,earliest_reliable_tracked_reference_no_pre_gap,3.0,contact_part_local_affine,success,5,0.0,0.0879111111111111,,,,,,,success,keep,,6.225844886157626,/Users/huhu/Documents/Code/bishe/vrb/vrbreproduction/outputs/100subaction-e9/experiments/E9/pipeline_outputs/subaction_65_P01_109_65/candidate_06_frame_010186_left,/Users/huhu/Documents/Code/bishe/vrb/vrbreproduction/outputs/100subaction-e9/experiments/E9/pipeline_outputs/subaction_65_P01_109_65/candidate_06_frame_010186_left,/Users/huhu/Documents/Code/bishe/vrb/vrbreproduction/outputs/100subaction-e9/experiments/E9/pipeline_outputs/subaction_65_P01_109_65/candidate_06_frame_010186_left/reference_frame.png,/Users/huhu/Documents/Code/bishe/vrb/vrbreproduction/outputs/100subaction-e9/experiments/E9/pipeline_outputs/subaction_65_P01_109_65/candidate_06_frame_010186_left/label_heatmap_merged_overlay.png,/Users/huhu/Documents/Code/bishe/vrb/vrbreproduction/outputs/100subaction-e9/experiments/E9/pipeline_outputs/subaction_65_P01_109_65/candidate_06_frame_010186_left/vrb_style_affordance.png,6.0,0.0,"[131.18, 63.22, 285.57, 218.23]",/Users/huhu/Documents/Code/bishe/vrb/vrbreproduction/outputs/100subaction-e9/experiments/E9/pipeline_outputs/subaction_65_P01_109_65/candidate_06_frame_010186_left/label_heatmap_merged.npy,/Users/huhu/Documents/Code/bishe/vrb/vrbreproduction/outputs/100subaction-e9/experiments/E9/pipeline_outputs/subaction_65_P01_109_65/candidate_06_frame_010186_left/label_heatmap_merged.png,/Users/huhu/Documents/Code/bishe/vrb/vrbreproduction/outputs/100subaction-e9/experiments/E9/pipeline_outputs/subaction_65_P01_109_65/candidate_06_frame_010186_left/mask_projection_overlay.png,"(256, 456)",isotropic_e7,True,True
E9,66,P01_109_66,move cutting board,move,board:cutting,['board:cutting'],10196,10232,10195.0,10231.0,0.0,10197.0,left,new_contact_episode,41,4,186,"[130.0, 78.0, 289.0, 212.0]",3.0772144282917955,grabcut_fallback,bbox_fallback,fallback_lk,failed,ModuleNotFoundError:No module named 'torch',contact_local_boundary,7325,0.7035151747983096,11030.0,0.516579243162233,True,5,0.0,contact_part_mask,26,0,contact_part_local_affine,False,1.0,36,36,36,1.0,0.3741919696331024,5,0.0,21352.0,success,361,1.0,,10196.0,earliest_reliable_tracked_reference_no_pre_gap,1.0,contact_part_local_affine,success,5,0.0,0.11071111111111111,,,,,,,success,keep,,6.316707574244339,/Users/huhu/Documents/Code/bishe/vrb/vrbreproduction/outputs/100subaction-e9/experiments/E9/pipeline_outputs/subaction_66_P01_109_66/candidate_00_frame_010197_left,/Users/huhu/Documents/Code/bishe/vrb/vrbreproduction/outputs/100subaction-e9/experiments/E9/pipeline_outputs/subaction_66_P01_109_66/candidate_00_frame_010197_left,/Users/huhu/Documents/Code/bishe/vrb/vrbreproduction/outputs/100subaction-e9/experiments/E9/pipeline_outputs/subaction_66_P01_109_66/candidate_00_frame_010197_left/reference_frame.png,/Users/huhu/Documents/Code/bishe/vrb/vrbreproduction/outputs/100subaction-e9/experiments/E9/pipeline_outputs/subaction_66_P01_109_66/candidate_00_frame_010197_left/label_heatmap_merged_overlay.png,/Users/huhu/Documents/Code/bishe/vrb/vrbreproduction/outputs/100subaction-e9/experiments/E9/pipeline_outputs/subaction_66_P01_109_66/candidate_00_frame_010197_left/vrb_style_affordance.png,6.0,0.0,"[137.95, 77.52, 295.19, 214.48]",/Users/huhu/Documents/Code/bishe/vrb/vrbreproduction/outputs/100subaction-e9/experiments/E9/pipeline_outputs/subaction_66_P01_109_66/candidate_00_frame_010197_left/label_heatmap_merged.npy,/Users/huhu/Documents/Code/bishe/vrb/vrbreproduction/outputs/100subaction-e9/experiments/E9/pipeline_outputs/subaction_66_P01_109_66/candidate_00_frame_010197_left/label_heatmap_merged.png,/Users/huhu/Documents/Code/bishe/vrb/vrbreproduction/outputs/100subaction-e9/experiments/E9/pipeline_outputs/subaction_66_P01_109_66/candidate_00_frame_010197_left/mask_projection_overlay.png,"(256, 456)",isotropic_e7,True,True
E9,66,P01_109_66,move cutting board,move,board:cutting,['board:cutting'],10196,10232,10195.0,10231.0,1.0,10198.0,left,new_contact_episode,41,4,201,"[147.0, 80.0, 291.0, 213.0]",3.0192162762823425,grabcut_fallback,bbox_fallback,fallback_lk,failed,ModuleNotFoundError:No module named 'torch',contact_local_boundary,8550,0.8085106382978723,11155.0,0.5370727010110736,True,5,0.0,contact_part_mask,26,0,contact_part_local_affine,False,1.0,36,36,36,1.0,0.4240395128726959,5,0.0,20770.0,success,361,1.0,,10197.0,earliest_reliable_tracked_reference_no_pre_gap,1.0,contact_part_local_affine,success,5,0.0,0.1128,,,,,,,success,keep,,6.312078814613818,/Users/huhu/Documents/Code/bishe/vrb/vrbreproduction/outputs/100subaction-e9/experiments/E9/pipeline_outputs/subaction_66_P01_109_66/candidate_01_frame_010198_left,/Users/huhu/Documents/Code/bishe/vrb/vrbreproduction/outputs/100subaction-e9/experiments/E9/pipeline_outputs/subaction_66_P01_109_66/candidate_01_frame_010198_left,/Users/huhu/Documents/Code/bishe/vrb/vrbreproduction/outputs/100subaction-e9/experiments/E9/pipeline_outputs/subaction_66_P01_109_66/candidate_01_frame_010198_left/reference_frame.png,/Users/huhu/Documents/Code/bishe/vrb/vrbreproduction/outputs/100subaction-e9/experiments/E9/pipeline_outputs/subaction_66_P01_109_66/candidate_01_frame_010198_left/label_heatmap_merged_overlay.png,/Users/huhu/Documents/Code/bishe/vrb/vrbreproduction/outputs/100subaction-e9/experiments/E9/pipeline_outputs/subaction_66_P01_109_66/candidate_01_frame_010198_left/vrb_style_affordance.png,6.0,0.0,"[135.4, 78.16, 289.52, 212.27]",/Users/huhu/Documents/Code/bishe/vrb/vrbreproduction/outputs/100subaction-e9/experiments/E9/pipeline_outputs/subaction_66_P01_109_66/candidate_01_frame_010198_left/label_heatmap_merged.npy,/Users/huhu/Documents/Code/bishe/vrb/vrbreproduction/outputs/100subaction-e9/experiments/E9/pipeline_outputs/subaction_66_P01_109_66/candidate_01_frame_010198_left/label_heatmap_merged.png,/Users/huhu/Documents/Code/bishe/vrb/vrbreproduction/outputs/100subaction-e9/experiments/E9/pipeline_outputs/subaction_66_P01_109_66/candidate_01_frame_010198_left/mask_projection_overlay.png,"(256, 456)",isotropic_e7,True,False
E9,66,P01_109_66,move cutting board,move,board:cutting,['board:cutting'],10196,10232,10195.0,10231.0,2.0,10199.0,left,new_contact_episode,41,4,182,"[143.0, 81.0, 299.0, 215.0]",3.031902805992206,grabcut_fallback,bbox_fallback,fallback_lk,failed,ModuleNotFoundError:No module named 'torch',contact_local_boundary,7928,0.6962325458856591,10346.0,0.5181809075428228,True,5,0.0,contact_part_mask,26,0,contact_part_local_affine,False,0.9963888888888889,36,36,35,0.9722222222222222,0.40279266238212585,5,0.0,19966.0,success,361,1.0,,10198.0,earliest_reliable_tracked_reference_no_pre_gap,1.0,contact_part_local_affine,success,5,0.0,0.1128,,,,,,,success,keep,,6.295771775684091,/Users/huhu/Documents/Code/bishe/vrb/vrbreproduction/outputs/100subaction-e9/experiments/E9/pipeline_outputs/subaction_66_P01_109_66/candidate_02_frame_010199_left,/Users/huhu/Documents/Code/bishe/vrb/vrbreproduction/outputs/100subaction-e9/experiments/E9/pipeline_outputs/subaction_66_P01_109_66/candidate_02_frame_010199_left,/Users/huhu/Documents/Code/bishe/vrb/vrbreproduction/outputs/100subaction-e9/experiments/E9/pipeline_outputs/subaction_66_P01_109_66/candidate_02_frame_010199_left/reference_frame.png,/Users/huhu/Documents/Code/bishe/vrb/vrbreproduction/outputs/100subaction-e9/experiments/E9/pipeline_outputs/subaction_66_P01_109_66/candidate_02_frame_010199_left/label_heatmap_merged_overlay.png,/Users/huhu/Documents/Code/bishe/vrb/vrbreproduction/outputs/100subaction-e9/experiments/E9/pipeline_outputs/subaction_66_P01_109_66/candidate_02_frame_010199_left/vrb_style_affordance.png,6.0,0.0,"[145.04, 79.7, 293.7, 213.68]",/Users/huhu/Documents/Code/bishe/vrb/vrbreproduction/outputs/100subaction-e9/experiments/E9/pipeline_outputs/subaction_66_P01_109_66/candidate_02_frame_010199_left/label_heatmap_merged.npy,/Users/huhu/Documents/Code/bishe/vrb/vrbreproduction/outputs/100subaction-e9/experiments/E9/pipeline_outputs/subaction_66_P01_109_66/candidate_02_frame_010199_left/label_heatmap_merged.png,/Users/huhu/Documents/Code/bishe/vrb/vrbreproduction/outputs/100subaction-e9/experiments/E9/pipeline_outputs/subaction_66_P01_109_66/candidate_02_frame_010199_left/mask_projection_overlay.png,"(256, 456)",isotropic_e7,True,True
E9,66,P01_109_66,move cutting board,move,board:cutting,['board:cutting'],10196,10232,10195.0,10231.0,3.0,10201.0,left,new_contact_episode,41,4,202,"[144.0, 84.0, 305.0, 218.0]",2.999759069782684,grabcut_fallback,bbox_fallback,fallback_lk,failed,ModuleNotFoundError:No module named 'torch',contact_local_boundary,9367,0.7713909248126493,10653.0,0.516759641038079,True,5,0.0,contact_part_mask,26,0,contact_part_local_affine,False,1.0,36,36,36,1.0,0.5161328911781311,5,0.0,20615.0,success,361,1.0,,10200.0,earliest_reliable_tracked_reference_no_pre_gap,1.0,contact_part_local_affine,success,5,0.0,0.1063111111111111,,,,,,,success,keep,,6.319049346597988,/Users/huhu/Documents/Code/bishe/vrb/vrbreproduction/outputs/100subaction-e9/experiments/E9/pipeline_outputs/subaction_66_P01_109_66/candidate_03_frame_010201_left,/Users/huhu/Documents/Code/bishe/vrb/vrbreproduction/outputs/100subaction-e9/experiments/E9/pipeline_outputs/subaction_66_P01_109_66/candidate_03_frame_010201_left,/Users/huhu/Documents/Code/bishe/vrb/vrbreproduction/outputs/100subaction-e9/experiments/E9/pipeline_outputs/subaction_66_P01_109_66/candidate_03_frame_010201_left/reference_frame.png,/Users/huhu/Documents/Code/bishe/vrb/vrbreproduction/outputs/100subaction-e9/experiments/E9/pipeline_outputs/subaction_66_P01_109_66/candidate_03_frame_010201_left/label_heatmap_merged_overlay.png,/Users/huhu/Documents/Code/bishe/vrb/vrbreproduction/outputs/100subaction-e9/experiments/E9/pipeline_outputs/subaction_66_P01_109_66/candidate_03_frame_010201_left/vrb_style_affordance.png,6.0,0.0,"[146.53, 81.91, 302.34, 214.81]",/Users/huhu/Documents/Code/bishe/vrb/vrbreproduction/outputs/100subaction-e9/experiments/E9/pipeline_outputs/subaction_66_P01_109_66/candidate_03_frame_010201_left/label_heatmap_merged.npy,/Users/huhu/Documents/Code/bishe/vrb/vrbreproduction/outputs/100subaction-e9/experiments/E9/pipeline_outputs/subaction_66_P01_109_66/candidate_03_frame_010201_left/label_heatmap_merged.png,/Users/huhu/Documents/Code/bishe/vrb/vrbreproduction/outputs/100subaction-e9/experiments/E9/pipeline_outputs/subaction_66_P01_109_66/candidate_03_frame_010201_left/mask_projection_overlay.png,"(256, 456)",isotropic_e7,True,True
E9,67,P01_109_67,put down knife,put-down,knife,['knife'],10237,10267,10236.0,10266.0,0.0,10261.0,right,new_contact_episode,21,2,92,"[210.0, 96.0, 304.0, 163.0]",3.156093067421982,grabcut_fallback,bbox_fallback,fallback_lk,failed,ModuleNotFoundError:No module named 'torch',handle_like_edge_or_endpoint,1356,1.0,3995.0,0.6094584286803967,True,5,0.0,contact_part_mask,26,0,contact_part_local_affine,False,1.0,36,36,36,1.0,0.15408626198768616,5,0.0,6555.0,success,361,0.941336550625,,10260.0,pre_contact_gap_tracked_reference,1.0,contact_part_local_affine,success,5,0.0,0.17333333333333334,,,,,,,success,keep,,6.229377412140368,/Users/huhu/Documents/Code/bishe/vrb/vrbreproduction/outputs/100subaction-e9/experiments/E9/pipeline_outputs/subaction_67_P01_109_67/candidate_00_frame_010261_right,/Users/huhu/Documents/Code/bishe/vrb/vrbreproduction/outputs/100subaction-e9/experiments/E9/pipeline_outputs/subaction_67_P01_109_67/candidate_00_frame_010261_right,/Users/huhu/Documents/Code/bishe/vrb/vrbreproduction/outputs/100subaction-e9/experiments/E9/pipeline_outputs/subaction_67_P01_109_67/candidate_00_frame_010261_right/reference_frame.png,/Users/huhu/Documents/Code/bishe/vrb/vrbreproduction/outputs/100subaction-e9/experiments/E9/pipeline_outputs/subaction_67_P01_109_67/candidate_00_frame_010261_right/label_heatmap_merged_overlay.png,/Users/huhu/Documents/Code/bishe/vrb/vrbreproduction/outputs/100subaction-e9/experiments/E9/pipeline_outputs/subaction_67_P01_109_67/candidate_00_frame_010261_right/vrb_style_affordance.png,6.0,0.0,"[211.21, 96.89, 305.64, 166.39]",/Users/huhu/Documents/Code/bishe/vrb/vrbreproduction/outputs/100subaction-e9/experiments/E9/pipeline_outputs/subaction_67_P01_109_67/candidate_00_frame_010261_right/label_heatmap_merged.npy,/Users/huhu/Documents/Code/bishe/vrb/vrbreproduction/outputs/100subaction-e9/experiments/E9/pipeline_outputs/subaction_67_P01_109_67/candidate_00_frame_010261_right/label_heatmap_merged.png,/Users/huhu/Documents/Code/bishe/vrb/vrbreproduction/outputs/100subaction-e9/experiments/E9/pipeline_outputs/subaction_67_P01_109_67/candidate_00_frame_010261_right/mask_projection_overlay.png,"(256, 456)",isotropic_e7,True,True
E9,67,P01_109_67,put down knife,put-down,knife,['knife'],10237,10267,10236.0,10266.0,1.0,10262.0,right,new_contact_episode,21,2,67,"[207.0, 97.0, 306.0, 161.0]",3.1926439957888695,grabcut_fallback,bbox_fallback,fallback_lk,failed,ModuleNotFoundError:No module named 'torch',handle_like_edge_or_endpoint,4065,0.6415719696969697,4110.0,0.6270022883295194,True,5,0.0,contact_part_mask,26,0,contact_part_local_affine,False,1.0,36,36,36,1.0,0.3538573384284973,5,0.0,6555.0,success,361,0.941336550625,,10260.0,pre_contact_gap_tracked_reference,2.0,contact_part_local_affine,success,5,0.0,0.17333333333333334,,,,,,,success,keep,,6.217384279847145,/Users/huhu/Documents/Code/bishe/vrb/vrbreproduction/outputs/100subaction-e9/experiments/E9/pipeline_outputs/subaction_67_P01_109_67/candidate_01_frame_010262_right,/Users/huhu/Documents/Code/bishe/vrb/vrbreproduction/outputs/100subaction-e9/experiments/E9/pipeline_outputs/subaction_67_P01_109_67/candidate_01_frame_010262_right,/Users/huhu/Documents/Code/bishe/vrb/vrbreproduction/outputs/100subaction-e9/experiments/E9/pipeline_outputs/subaction_67_P01_109_67/candidate_01_frame_010262_right/reference_frame.png,/Users/huhu/Documents/Code/bishe/vrb/vrbreproduction/outputs/100subaction-e9/experiments/E9/pipeline_outputs/subaction_67_P01_109_67/candidate_01_frame_010262_right/label_heatmap_merged_overlay.png,/Users/huhu/Documents/Code/bishe/vrb/vrbreproduction/outputs/100subaction-e9/experiments/E9/pipeline_outputs/subaction_67_P01_109_67/candidate_01_frame_010262_right/vrb_style_affordance.png,6.0,0.0,"[210.99, 97.03, 306.05, 166.2]",/Users/huhu/Documents/Code/bishe/vrb/vrbreproduction/outputs/100subaction-e9/experiments/E9/pipeline_outputs/subaction_67_P01_109_67/candidate_01_frame_010262_right/label_heatmap_merged.npy,/Users/huhu/Documents/Code/bishe/vrb/vrbreproduction/outputs/100subaction-e9/experiments/E9/pipeline_outputs/subaction_67_P01_109_67/candidate_01_frame_010262_right/label_heatmap_merged.png,/Users/huhu/Documents/Code/bishe/vrb/vrbreproduction/outputs/100subaction-e9/experiments/E9/pipeline_outputs/subaction_67_P01_109_67/candidate_01_frame_010262_right/mask_projection_overlay.png,"(256, 456)",isotropic_e7,True,False
E9,68,P01_109_68,pick up knife,pick-up,knife,['knife'],10264,10300,10263.0,10299.0,0.0,10269.0,right,new_contact_episode,55,6,70,"[207.0, 95.0, 282.0, 175.0]",3.6934768930622504,grabcut_fallback,bbox_fallback,fallback_lk,failed,ModuleNotFoundError:No module named 'torch',handle_like_edge_or_endpoint,3813,0.6355,3983.0,0.5996687744655225,True,4,0.0,contact_part_mask,26,0,contact_part_local_affine,False,0.8731060606060606,36,33,23,0.696969696969697,0.7872081398963928,4,0.0,6642.0,success,361,0.941336550625,,10266.0,pre_contact_gap_tracked_reference,3.0,contact_part_local_affine,success,4,0.0,0.17893333333333333,,,,,,,success,keep,,5.548635270954624,/Users/huhu/Documents/Code/bishe/vrb/vrbreproduction/outputs/100subaction-e9/experiments/E9/pipeline_outputs/subaction_68_P01_109_68/candidate_00_frame_010269_right,/Users/huhu/Documents/Code/bishe/vrb/vrbreproduction/outputs/100subaction-e9/experiments/E9/pipeline_outputs/subaction_68_P01_109_68/candidate_00_frame_010269_right,/Users/huhu/Documents/Code/bishe/vrb/vrbreproduction/outputs/100subaction-e9/experiments/E9/pipeline_outputs/subaction_68_P01_109_68/candidate_00_frame_010269_right/reference_frame.png,/Users/huhu/Documents/Code/bishe/vrb/vrbreproduction/outputs/100subaction-e9/experiments/E9/pipeline_outputs/subaction_68_P01_109_68/candidate_00_frame_010269_right/label_heatmap_merged_overlay.png,/Users/huhu/Documents/Code/bishe/vrb/vrbreproduction/outputs/100subaction-e9/experiments/E9/pipeline_outputs/subaction_68_P01_109_68/candidate_00_frame_010269_right/vrb_style_affordance.png,6.0,0.0,"[205.46, 93.71, 286.75, 175.0]",/Users/huhu/Documents/Code/bishe/vrb/vrbreproduction/outputs/100subaction-e9/experiments/E9/pipeline_outputs/subaction_68_P01_109_68/candidate_00_frame_010269_right/label_heatmap_merged.npy,/Users/huhu/Documents/Code/bishe/vrb/vrbreproduction/outputs/100subaction-e9/experiments/E9/pipeline_outputs/subaction_68_P01_109_68/candidate_00_frame_010269_right/label_heatmap_merged.png,/Users/huhu/Documents/Code/bishe/vrb/vrbreproduction/outputs/100subaction-e9/experiments/E9/pipeline_outputs/subaction_68_P01_109_68/candidate_00_frame_010269_right/mask_projection_overlay.png,"(256, 456)",isotropic_e7,True,False
E9,68,P01_109_68,pick up knife,pick-up,knife,['knife'],10264,10300,10263.0,10299.0,1.0,10270.0,right,new_contact_episode,55,6,90,"[203.0, 93.0, 282.0, 174.0]",3.691680848067711,grabcut_fallback,bbox_fallback,fallback_lk,failed,ModuleNotFoundError:No module named 'torch',handle_like_edge_or_endpoint,92,1.0,4748.0,0.7712800519818064,True,5,0.0,contact_part_mask,26,0,contact_part_local_affine,False,0.9796875,36,32,27,0.84375,0.759610652923584,5,0.0,6156.0,success,361,0.941336550625,,10268.0,pre_contact_gap_tracked_reference,2.0,contact_part_local_affine,success,5,0.0,0.16675555555555555,,,,,,,success,keep,,6.119765847078959,/Users/huhu/Documents/Code/bishe/vrb/vrbreproduction/outputs/100subaction-e9/experiments/E9/pipeline_outputs/subaction_68_P01_109_68/candidate_01_frame_010270_right,/Users/huhu/Documents/Code/bishe/vrb/vrbreproduction/outputs/100subaction-e9/experiments/E9/pipeline_outputs/subaction_68_P01_109_68/candidate_01_frame_010270_right,/Users/huhu/Documents/Code/bishe/vrb/vrbreproduction/outputs/100subaction-e9/experiments/E9/pipeline_outputs/subaction_68_P01_109_68/candidate_01_frame_010270_right/reference_frame.png,/Users/huhu/Documents/Code/bishe/vrb/vrbreproduction/outputs/100subaction-e9/experiments/E9/pipeline_outputs/subaction_68_P01_109_68/candidate_01_frame_010270_right/label_heatmap_merged_overlay.png,/Users/huhu/Documents/Code/bishe/vrb/vrbreproduction/outputs/100subaction-e9/experiments/E9/pipeline_outputs/subaction_68_P01_109_68/candidate_01_frame_010270_right/vrb_style_affordance.png,6.0,0.0,"[205.13, 92.64, 281.45, 174.2]",/Users/huhu/Documents/Code/bishe/vrb/vrbreproduction/outputs/100subaction-e9/experiments/E9/pipeline_outputs/subaction_68_P01_109_68/candidate_01_frame_010270_right/label_heatmap_merged.npy,/Users/huhu/Documents/Code/bishe/vrb/vrbreproduction/outputs/100subaction-e9/experiments/E9/pipeline_outputs/subaction_68_P01_109_68/candidate_01_frame_010270_right/label_heatmap_merged.png,/Users/huhu/Documents/Code/bishe/vrb/vrbreproduction/outputs/100subaction-e9/experiments/E9/pipeline_outputs/subaction_68_P01_109_68/candidate_01_frame_010270_right/mask_projection_overlay.png,"(256, 456)",isotropic_e7,True,True
E9,68,P01_109_68,pick up knife,pick-up,knife,['knife'],10264,10300,10263.0,10299.0,2.0,10271.0,right,new_contact_episode,55,6,102,"[198.0, 93.0, 282.0, 173.0]",3.66006837426682,grabcut_fallback,,,,,handle_like_edge_or_endpoint,119,1.0,,,,0,,,26,0,,False,,36,0,0,,,0,,,success,361,0.941336550625,,,,,,failed,0,,,,,,,,,not_run,discard,part_gate_failed,,/Users/huhu/Documents/Code/bishe/vrb/vrbreproduction/outputs/100subaction-e9/experiments/E9/pipeline_outputs/subaction_68_P01_109_68/candidate_02_frame_010271_right,,,,,6.0,0.0,,,,,,,,False
E9,68,P01_109_68,pick up knife,pick-up,knife,['knife'],10264,10300,10263.0,10299.0,3.0,10276.0,left,new_contact_episode,55,6,46,"[184.0, 131.0, 227.0, 180.0]",4.177110070536641,grabcut_fallback,bbox_fallback,fallback_lk,failed,ModuleNotFoundError:No module named 'torch',handle_like_edge_or_endpoint,2059,0.977218794494542,2148.0,0.9763636363636363,True,5,0.0,contact_part_mask,26,0,contact_part_local_affine,False,0.9579411764705882,36,34,23,0.6764705882352942,0.5823614001274109,5,0.0,2200.0,success,361,0.941336550625,,10275.0,earliest_reliable_tracked_reference_no_pre_gap,1.0,contact_part_local_affine,success,5,0.0,0.2919555555555556,,,,,,,success,keep,,5.841242883486372,/Users/huhu/Documents/Code/bishe/vrb/vrbreproduction/outputs/100subaction-e9/experiments/E9/pipeline_outputs/subaction_68_P01_109_68/candidate_03_frame_010276_left,/Users/huhu/Documents/Code/bishe/vrb/vrbreproduction/outputs/100subaction-e9/experiments/E9/pipeline_outputs/subaction_68_P01_109_68/candidate_03_frame_010276_left,/Users/huhu/Documents/Code/bishe/vrb/vrbreproduction/outputs/100subaction-e9/experiments/E9/pipeline_outputs/subaction_68_P01_109_68/candidate_03_frame_010276_left/reference_frame.png,/Users/huhu/Documents/Code/bishe/vrb/vrbreproduction/outputs/100subaction-e9/experiments/E9/pipeline_outputs/subaction_68_P01_109_68/candidate_03_frame_010276_left/label_heatmap_merged_overlay.png,/Users/huhu/Documents/Code/bishe/vrb/vrbreproduction/outputs/100subaction-e9/experiments/E9/pipeline_outputs/subaction_68_P01_109_68/candidate_03_frame_010276_left/vrb_style_affordance.png,6.0,0.0,"[182.26, 130.63, 226.33, 181.19]",/Users/huhu/Documents/Code/bishe/vrb/vrbreproduction/outputs/100subaction-e9/experiments/E9/pipeline_outputs/subaction_68_P01_109_68/candidate_03_frame_010276_left/label_heatmap_merged.npy,/Users/huhu/Documents/Code/bishe/vrb/vrbreproduction/outputs/100subaction-e9/experiments/E9/pipeline_outputs/subaction_68_P01_109_68/candidate_03_frame_010276_left/label_heatmap_merged.png,/Users/huhu/Documents/Code/bishe/vrb/vrbreproduction/outputs/100subaction-e9/experiments/E9/pipeline_outputs/subaction_68_P01_109_68/candidate_03_frame_010276_left/mask_projection_overlay.png,"(256, 456)",isotropic_e7,True,True
E9,68,P01_109_68,pick up knife,pick-up,knife,['knife'],10264,10300,10263.0,10299.0,4.0,10277.0,left,new_contact_episode,55,6,86,"[186.0, 130.0, 227.0, 178.0]",4.4212717632411795,grabcut_fallback,bbox_fallback,fallback_lk,failed,ModuleNotFoundError:No module named 'torch',handle_like_edge_or_endpoint,1968,1.0,2340.0,1.0,True,5,0.0,contact_part_mask,26,0,contact_part_local_affine,False,0.935,36,30,15,0.5,0.47124066948890686,5,0.0,2340.0,success,361,0.941336550625,,10275.0,earliest_reliable_tracked_reference_no_pre_gap,2.0,contact_part_local_affine,success,5,0.0,0.31684444444444443,,,,,,,success,keep,,5.693596113248668,/Users/huhu/Documents/Code/bishe/vrb/vrbreproduction/outputs/100subaction-e9/experiments/E9/pipeline_outputs/subaction_68_P01_109_68/candidate_04_frame_010277_left,/Users/huhu/Documents/Code/bishe/vrb/vrbreproduction/outputs/100subaction-e9/experiments/E9/pipeline_outputs/subaction_68_P01_109_68/candidate_04_frame_010277_left,/Users/huhu/Documents/Code/bishe/vrb/vrbreproduction/outputs/100subaction-e9/experiments/E9/pipeline_outputs/subaction_68_P01_109_68/candidate_04_frame_010277_left/reference_frame.png,/Users/huhu/Documents/Code/bishe/vrb/vrbreproduction/outputs/100subaction-e9/experiments/E9/pipeline_outputs/subaction_68_P01_109_68/candidate_04_frame_010277_left/label_heatmap_merged_overlay.png,/Users/huhu/Documents/Code/bishe/vrb/vrbreproduction/outputs/100subaction-e9/experiments/E9/pipeline_outputs/subaction_68_P01_109_68/candidate_04_frame_010277_left/vrb_style_affordance.png,6.0,0.0,"[181.81, 130.28, 226.56, 181.62]",/Users/huhu/Documents/Code/bishe/vrb/vrbreproduction/outputs/100subaction-e9/experiments/E9/pipeline_outputs/subaction_68_P01_109_68/candidate_04_frame_010277_left/label_heatmap_merged.npy,/Users/huhu/Documents/Code/bishe/vrb/vrbreproduction/outputs/100subaction-e9/experiments/E9/pipeline_outputs/subaction_68_P01_109_68/candidate_04_frame_010277_left/label_heatmap_merged.png,/Users/huhu/Documents/Code/bishe/vrb/vrbreproduction/outputs/100subaction-e9/experiments/E9/pipeline_outputs/subaction_68_P01_109_68/candidate_04_frame_010277_left/mask_projection_overlay.png,"(256, 456)",isotropic_e7,True,False
E9,68,P01_109_68,pick up knife,pick-up,knife,['knife'],10264,10300,10263.0,10299.0,5.0,10278.0,left,new_contact_episode,55,6,91,"[190.0, 130.0, 228.0, 177.0]",4.69104746182393,grabcut_fallback,bbox_fallback,fallback_lk,failed,ModuleNotFoundError:No module named 'torch',handle_like_edge_or_endpoint,1786,1.0,2009.0,1.0,True,5,0.0,contact_part_mask,26,0,contact_part_local_affine,False,1.0,36,36,36,1.0,1.0953969955444336,5,0.0,2009.0,success,361,0.941336550625,,10277.0,earliest_reliable_tracked_reference_no_pre_gap,1.0,contact_part_local_affine,success,5,0.0,0.30973333333333336,,,,,,,success,keep,,5.996538090133666,/Users/huhu/Documents/Code/bishe/vrb/vrbreproduction/outputs/100subaction-e9/experiments/E9/pipeline_outputs/subaction_68_P01_109_68/candidate_05_frame_010278_left,/Users/huhu/Documents/Code/bishe/vrb/vrbreproduction/outputs/100subaction-e9/experiments/E9/pipeline_outputs/subaction_68_P01_109_68/candidate_05_frame_010278_left,/Users/huhu/Documents/Code/bishe/vrb/vrbreproduction/outputs/100subaction-e9/experiments/E9/pipeline_outputs/subaction_68_P01_109_68/candidate_05_frame_010278_left/reference_frame.png,/Users/huhu/Documents/Code/bishe/vrb/vrbreproduction/outputs/100subaction-e9/experiments/E9/pipeline_outputs/subaction_68_P01_109_68/candidate_05_frame_010278_left/label_heatmap_merged_overlay.png,/Users/huhu/Documents/Code/bishe/vrb/vrbreproduction/outputs/100subaction-e9/experiments/E9/pipeline_outputs/subaction_68_P01_109_68/candidate_05_frame_010278_left/vrb_style_affordance.png,6.0,0.0,"[186.35, 130.11, 226.97, 178.55]",/Users/huhu/Documents/Code/bishe/vrb/vrbreproduction/outputs/100subaction-e9/experiments/E9/pipeline_outputs/subaction_68_P01_109_68/candidate_05_frame_010278_left/label_heatmap_merged.npy,/Users/huhu/Documents/Code/bishe/vrb/vrbreproduction/outputs/100subaction-e9/experiments/E9/pipeline_outputs/subaction_68_P01_109_68/candidate_05_frame_010278_left/label_heatmap_merged.png,/Users/huhu/Documents/Code/bishe/vrb/vrbreproduction/outputs/100subaction-e9/experiments/E9/pipeline_outputs/subaction_68_P01_109_68/candidate_05_frame_010278_left/mask_projection_overlay.png,"(256, 456)",isotropic_e7,True,True
E9,69,P01_109_69,slice potato,slice,potato,['potato'],10297,11900,10296.0,11899.0,0.0,10374.0,left,new_contact_episode,3179,12,61,"[225.0, 105.0, 257.0, 150.0]",3.241960622666016,grabcut_fallback,bbox_fallback,fallback_lk,failed,ModuleNotFoundError:No module named 'torch',small_object_whole_mask_allowed,1440,1.0,1610.0,1.0,True,5,0.0,contact_part_mask,26,0,contact_part_local_affine,False,1.0,36,36,36,1.0,0.4943767786026001,5,0.0,1610.0,success,361,0.941336550625,,10373.0,earliest_reliable_tracked_reference_no_pre_gap,1.0,contact_part_local_affine,success,5,0.0,0.4080888888888889,,,,,,,success,keep,,5.867035363308587,/Users/huhu/Documents/Code/bishe/vrb/vrbreproduction/outputs/100subaction-e9/experiments/E9/pipeline_outputs/subaction_69_P01_109_69/candidate_00_frame_010374_left,/Users/huhu/Documents/Code/bishe/vrb/vrbreproduction/outputs/100subaction-e9/experiments/E9/pipeline_outputs/subaction_69_P01_109_69/candidate_00_frame_010374_left,/Users/huhu/Documents/Code/bishe/vrb/vrbreproduction/outputs/100subaction-e9/experiments/E9/pipeline_outputs/subaction_69_P01_109_69/candidate_00_frame_010374_left/reference_frame.png,/Users/huhu/Documents/Code/bishe/vrb/vrbreproduction/outputs/100subaction-e9/experiments/E9/pipeline_outputs/subaction_69_P01_109_69/candidate_00_frame_010374_left/label_heatmap_merged_overlay.png,/Users/huhu/Documents/Code/bishe/vrb/vrbreproduction/outputs/100subaction-e9/experiments/E9/pipeline_outputs/subaction_69_P01_109_69/candidate_00_frame_010374_left/vrb_style_affordance.png,6.0,0.0,"[223.48, 102.68, 257.67, 149.08]",/Users/huhu/Documents/Code/bishe/vrb/vrbreproduction/outputs/100subaction-e9/experiments/E9/pipeline_outputs/subaction_69_P01_109_69/candidate_00_frame_010374_left/label_heatmap_merged.npy,/Users/huhu/Documents/Code/bishe/vrb/vrbreproduction/outputs/100subaction-e9/experiments/E9/pipeline_outputs/subaction_69_P01_109_69/candidate_00_frame_010374_left/label_heatmap_merged.png,/Users/huhu/Documents/Code/bishe/vrb/vrbreproduction/outputs/100subaction-e9/experiments/E9/pipeline_outputs/subaction_69_P01_109_69/candidate_00_frame_010374_left/mask_projection_overlay.png,"(256, 456)",isotropic_e7,True,False
E9,69,P01_109_69,slice potato,slice,potato,['potato'],10297,11900,10296.0,11899.0,1.0,10375.0,left,new_contact_episode,3179,12,56,"[226.0, 104.0, 259.0, 150.0]",3.1189876988565497,grabcut_fallback,bbox_fallback,fallback_lk,failed,ModuleNotFoundError:No module named 'torch',small_object_whole_mask_allowed,1518,1.0,1518.0,1.0,True,5,0.0,contact_part_mask,26,0,contact_part_local_affine,False,1.0,36,35,35,1.0,0.7094092965126038,5,0.0,1518.0,success,361,0.941336550625,,10374.0,earliest_reliable_tracked_reference_no_pre_gap,1.0,contact_part_local_affine,success,5,0.0,0.38986666666666664,,,,,,,success,keep,,5.887917721104621,/Users/huhu/Documents/Code/bishe/vrb/vrbreproduction/outputs/100subaction-e9/experiments/E9/pipeline_outputs/subaction_69_P01_109_69/candidate_01_frame_010375_left,/Users/huhu/Documents/Code/bishe/vrb/vrbreproduction/outputs/100subaction-e9/experiments/E9/pipeline_outputs/subaction_69_P01_109_69/candidate_01_frame_010375_left,/Users/huhu/Documents/Code/bishe/vrb/vrbreproduction/outputs/100subaction-e9/experiments/E9/pipeline_outputs/subaction_69_P01_109_69/candidate_01_frame_010375_left/reference_frame.png,/Users/huhu/Documents/Code/bishe/vrb/vrbreproduction/outputs/100subaction-e9/experiments/E9/pipeline_outputs/subaction_69_P01_109_69/candidate_01_frame_010375_left/label_heatmap_merged_overlay.png,/Users/huhu/Documents/Code/bishe/vrb/vrbreproduction/outputs/100subaction-e9/experiments/E9/pipeline_outputs/subaction_69_P01_109_69/candidate_01_frame_010375_left/vrb_style_affordance.png,6.0,0.0,"[225.28, 104.43, 257.69, 149.72]",/Users/huhu/Documents/Code/bishe/vrb/vrbreproduction/outputs/100subaction-e9/experiments/E9/pipeline_outputs/subaction_69_P01_109_69/candidate_01_frame_010375_left/label_heatmap_merged.npy,/Users/huhu/Documents/Code/bishe/vrb/vrbreproduction/outputs/100subaction-e9/experiments/E9/pipeline_outputs/subaction_69_P01_109_69/candidate_01_frame_010375_left/label_heatmap_merged.png,/Users/huhu/Documents/Code/bishe/vrb/vrbreproduction/outputs/100subaction-e9/experiments/E9/pipeline_outputs/subaction_69_P01_109_69/candidate_01_frame_010375_left/mask_projection_overlay.png,"(256, 456)",isotropic_e7,True,True
E9,69,P01_109_69,slice potato,slice,potato,['potato'],10297,11900,10296.0,11899.0,2.0,10376.0,left,new_contact_episode,3179,12,76,"[221.0, 101.0, 260.0, 151.0]",3.4467732011971886,grabcut_fallback,bbox_fallback,fallback_lk,failed,ModuleNotFoundError:No module named 'torch',small_object_whole_mask_allowed,1949,0.9994871794871795,1632.0,1.0,True,5,0.0,contact_part_mask,26,0,contact_part_local_affine,False,0.98375,36,32,28,0.875,1.383458137512207,5,0.0,1632.0,success,361,0.941336550625,,10368.0,earliest_reliable_tracked_reference_no_pre_gap,8.0,contact_part_local_affine,success,5,0.0,0.4089333333333333,,,,,,,success,keep,,5.720846255874634,/Users/huhu/Documents/Code/bishe/vrb/vrbreproduction/outputs/100subaction-e9/experiments/E9/pipeline_outputs/subaction_69_P01_109_69/candidate_02_frame_010376_left,/Users/huhu/Documents/Code/bishe/vrb/vrbreproduction/outputs/100subaction-e9/experiments/E9/pipeline_outputs/subaction_69_P01_109_69/candidate_02_frame_010376_left,/Users/huhu/Documents/Code/bishe/vrb/vrbreproduction/outputs/100subaction-e9/experiments/E9/pipeline_outputs/subaction_69_P01_109_69/candidate_02_frame_010376_left/reference_frame.png,/Users/huhu/Documents/Code/bishe/vrb/vrbreproduction/outputs/100subaction-e9/experiments/E9/pipeline_outputs/subaction_69_P01_109_69/candidate_02_frame_010376_left/label_heatmap_merged_overlay.png,/Users/huhu/Documents/Code/bishe/vrb/vrbreproduction/outputs/100subaction-e9/experiments/E9/pipeline_outputs/subaction_69_P01_109_69/candidate_02_frame_010376_left/vrb_style_affordance.png,6.0,0.0,"[220.27, 97.14, 253.61, 145.32]",/Users/huhu/Documents/Code/bishe/vrb/vrbreproduction/outputs/100subaction-e9/experiments/E9/pipeline_outputs/subaction_69_P01_109_69/candidate_02_frame_010376_left/label_heatmap_merged.npy,/Users/huhu/Documents/Code/bishe/vrb/vrbreproduction/outputs/100subaction-e9/experiments/E9/pipeline_outputs/subaction_69_P01_109_69/candidate_02_frame_010376_left/label_heatmap_merged.png,/Users/huhu/Documents/Code/bishe/vrb/vrbreproduction/outputs/100subaction-e9/experiments/E9/pipeline_outputs/subaction_69_P01_109_69/candidate_02_frame_010376_left/mask_projection_overlay.png,"(256, 456)",isotropic_e7,True,False
E9,69,P01_109_69,slice potato,slice,potato,['potato'],10297,11900,10296.0,11899.0,3.0,10384.0,left,new_contact_episode,3179,12,114,"[185.0, 111.0, 217.0, 148.0]",5.1389375063923,grabcut_fallback,bbox_fallback,fallback_lk,failed,ModuleNotFoundError:No module named 'torch',small_object_whole_mask_allowed,1184,1.0,2320.0,1.0,True,4,0.0,contact_part_mask,26,0,contact_part_local_affine,False,0.8836111111111111,36,36,28,0.7777777777777778,1.4980865716934204,4,0.0,2320.0,success,361,0.941336550625,,10364.0,earliest_reliable_tracked_reference_no_pre_gap,20.0,contact_part_local_affine,success,4,0.0,0.40826666666666667,,,,,,,success,keep,,5.162101847293642,/Users/huhu/Documents/Code/bishe/vrb/vrbreproduction/outputs/100subaction-e9/experiments/E9/pipeline_outputs/subaction_69_P01_109_69/candidate_03_frame_010384_left,/Users/huhu/Documents/Code/bishe/vrb/vrbreproduction/outputs/100subaction-e9/experiments/E9/pipeline_outputs/subaction_69_P01_109_69/candidate_03_frame_010384_left,/Users/huhu/Documents/Code/bishe/vrb/vrbreproduction/outputs/100subaction-e9/experiments/E9/pipeline_outputs/subaction_69_P01_109_69/candidate_03_frame_010384_left/reference_frame.png,/Users/huhu/Documents/Code/bishe/vrb/vrbreproduction/outputs/100subaction-e9/experiments/E9/pipeline_outputs/subaction_69_P01_109_69/candidate_03_frame_010384_left/label_heatmap_merged_overlay.png,/Users/huhu/Documents/Code/bishe/vrb/vrbreproduction/outputs/100subaction-e9/experiments/E9/pipeline_outputs/subaction_69_P01_109_69/candidate_03_frame_010384_left/vrb_style_affordance.png,6.0,0.0,"[212.37, 86.89, 251.86, 144.74]",/Users/huhu/Documents/Code/bishe/vrb/vrbreproduction/outputs/100subaction-e9/experiments/E9/pipeline_outputs/subaction_69_P01_109_69/candidate_03_frame_010384_left/label_heatmap_merged.npy,/Users/huhu/Documents/Code/bishe/vrb/vrbreproduction/outputs/100subaction-e9/experiments/E9/pipeline_outputs/subaction_69_P01_109_69/candidate_03_frame_010384_left/label_heatmap_merged.png,/Users/huhu/Documents/Code/bishe/vrb/vrbreproduction/outputs/100subaction-e9/experiments/E9/pipeline_outputs/subaction_69_P01_109_69/candidate_03_frame_010384_left/mask_projection_overlay.png,"(256, 456)",isotropic_e7,True,False
E9,69,P01_109_69,slice potato,slice,potato,['potato'],10297,11900,10296.0,11899.0,4.0,10385.0,left,new_contact_episode,3179,12,158,"[187.0, 111.0, 219.0, 150.0]",5.030424237288695,grabcut_fallback,bbox_fallback,fallback_lk,failed,ModuleNotFoundError:No module named 'torch',small_object_whole_mask_allowed,1248,1.0,2795.0,1.0,True,5,0.0,contact_part_mask,26,0,contact_part_local_affine,False,0.9290909090909092,36,33,15,0.45454545454545453,1.5579867362976074,5,0.0,2795.0,success,361,0.941336550625,,10360.0,earliest_reliable_tracked_reference_no_pre_gap,25.0,contact_part_local_affine,success,5,0.0,0.38835555555555556,,,,,,,success,keep,,5.387999791850466,/Users/huhu/Documents/Code/bishe/vrb/vrbreproduction/outputs/100subaction-e9/experiments/E9/pipeline_outputs/subaction_69_P01_109_69/candidate_04_frame_010385_left,/Users/huhu/Documents/Code/bishe/vrb/vrbreproduction/outputs/100subaction-e9/experiments/E9/pipeline_outputs/subaction_69_P01_109_69/candidate_04_frame_010385_left,/Users/huhu/Documents/Code/bishe/vrb/vrbreproduction/outputs/100subaction-e9/experiments/E9/pipeline_outputs/subaction_69_P01_109_69/candidate_04_frame_010385_left/reference_frame.png,/Users/huhu/Documents/Code/bishe/vrb/vrbreproduction/outputs/100subaction-e9/experiments/E9/pipeline_outputs/subaction_69_P01_109_69/candidate_04_frame_010385_left/label_heatmap_merged_overlay.png,/Users/huhu/Documents/Code/bishe/vrb/vrbreproduction/outputs/100subaction-e9/experiments/E9/pipeline_outputs/subaction_69_P01_109_69/candidate_04_frame_010385_left/vrb_style_affordance.png,6.0,0.0,"[208.24, 81.27, 251.42, 146.07]",/Users/huhu/Documents/Code/bishe/vrb/vrbreproduction/outputs/100subaction-e9/experiments/E9/pipeline_outputs/subaction_69_P01_109_69/candidate_04_frame_010385_left/label_heatmap_merged.npy,/Users/huhu/Documents/Code/bishe/vrb/vrbreproduction/outputs/100subaction-e9/experiments/E9/pipeline_outputs/subaction_69_P01_109_69/candidate_04_frame_010385_left/label_heatmap_merged.png,/Users/huhu/Documents/Code/bishe/vrb/vrbreproduction/outputs/100subaction-e9/experiments/E9/pipeline_outputs/subaction_69_P01_109_69/candidate_04_frame_010385_left/mask_projection_overlay.png,"(256, 456)",isotropic_e7,True,False
E9,69,P01_109_69,slice potato,slice,potato,['potato'],10297,11900,10296.0,11899.0,5.0,10386.0,left,new_contact_episode,3179,12,165,"[184.0, 112.0, 217.0, 152.0]",5.055990683882484,grabcut_fallback,bbox_fallback,fallback_lk,failed,ModuleNotFoundError:No module named 'torch',small_object_whole_mask_allowed,704,1.0,1287.0,1.0,True,5,0.0,contact_part_mask,26,0,contact_part_local_affine,False,1.0,36,36,36,1.0,0.7331233620643616,5,0.0,1287.0,success,361,0.941336550625,,10385.0,earliest_reliable_tracked_reference_no_pre_gap,1.0,contact_part_local_affine,success,5,0.0,0.3273333333333333,,,,,,,success,keep,,5.981006299138069,/Users/huhu/Documents/Code/bishe/vrb/vrbreproduction/outputs/100subaction-e9/experiments/E9/pipeline_outputs/subaction_69_P01_109_69/candidate_05_frame_010386_left,/Users/huhu/Documents/Code/bishe/vrb/vrbreproduction/outputs/100subaction-e9/experiments/E9/pipeline_outputs/subaction_69_P01_109_69/candidate_05_frame_010386_left,/Users/huhu/Documents/Code/bishe/vrb/vrbreproduction/outputs/100subaction-e9/experiments/E9/pipeline_outputs/subaction_69_P01_109_69/candidate_05_frame_010386_left/reference_frame.png,/Users/huhu/Documents/Code/bishe/vrb/vrbreproduction/outputs/100subaction-e9/experiments/E9/pipeline_outputs/subaction_69_P01_109_69/candidate_05_frame_010386_left/label_heatmap_merged_overlay.png,/Users/huhu/Documents/Code/bishe/vrb/vrbreproduction/outputs/100subaction-e9/experiments/E9/pipeline_outputs/subaction_69_P01_109_69/candidate_05_frame_010386_left/vrb_style_affordance.png,6.0,0.0,"[186.22, 110.69, 218.6, 149.94]",/Users/huhu/Documents/Code/bishe/vrb/vrbreproduction/outputs/100subaction-e9/experiments/E9/pipeline_outputs/subaction_69_P01_109_69/candidate_05_frame_010386_left/label_heatmap_merged.npy,/Users/huhu/Documents/Code/bishe/vrb/vrbreproduction/outputs/100subaction-e9/experiments/E9/pipeline_outputs/subaction_69_P01_109_69/candidate_05_frame_010386_left/label_heatmap_merged.png,/Users/huhu/Documents/Code/bishe/vrb/vrbreproduction/outputs/100subaction-e9/experiments/E9/pipeline_outputs/subaction_69_P01_109_69/candidate_05_frame_010386_left/mask_projection_overlay.png,"(256, 456)",isotropic_e7,True,True
E9,69,P01_109_69,slice potato,slice,potato,['potato'],10297,11900,10296.0,11899.0,6.0,10771.0,right,new_contact_episode,3179,12,0,"[215.0, 108.0, 251.0, 147.0]",1.2835229309820984,,,,,,,0,,,,,0,,,0,0,,False,,0,0,0,,,0,,,not_run,0,0.0,,,,,,not_run,0,,,,,,,,,not_run,discard,contact_points_lt5_after_object_boundary_filter,,/Users/huhu/Documents/Code/bishe/vrb/vrbreproduction/outputs/100subaction-e9/experiments/E9/pipeline_outputs/subaction_69_P01_109_69/candidate_06_frame_010771_right,,,,,,,,,,,,,,False
E9,69,P01_109_69,slice potato,slice,potato,['potato'],10297,11900,10296.0,11899.0,7.0,10772.0,right,new_contact_episode,3179,12,0,"[217.0, 107.0, 254.0, 148.0]",1.3374873243230205,,,,,,,0,,,,,0,,,0,0,,False,,0,0,0,,,0,,,not_run,0,0.0,,,,,,not_run,0,,,,,,,,,not_run,discard,contact_points_lt5_after_object_boundary_filter,,/Users/huhu/Documents/Code/bishe/vrb/vrbreproduction/outputs/100subaction-e9/experiments/E9/pipeline_outputs/subaction_69_P01_109_69/candidate_07_frame_010772_right,,,,,,,,,,,,,,False
E9,69,P01_109_69,slice potato,slice,potato,['potato'],10297,11900,10296.0,11899.0,8.0,10773.0,right,new_contact_episode,3179,12,0,"[215.0, 105.0, 255.0, 146.0]",1.3553490450140793,,,,,,,0,,,,,0,,,0,0,,False,,0,0,0,,,0,,,not_run,0,0.0,,,,,,not_run,0,,,,,,,,,not_run,discard,contact_points_lt5_after_object_boundary_filter,,/Users/huhu/Documents/Code/bishe/vrb/vrbreproduction/outputs/100subaction-e9/experiments/E9/pipeline_outputs/subaction_69_P01_109_69/candidate_08_frame_010773_right,,,,,,,,,,,,,,False
E9,69,P01_109_69,slice potato,slice,potato,['potato'],10297,11900,10296.0,11899.0,9.0,11288.0,left,new_contact_episode,3179,12,74,"[227.0, 71.0, 254.0, 124.0]",3.6701317351402425,grabcut_fallback,bbox_fallback,fallback_lk,failed,ModuleNotFoundError:No module named 'torch',small_object_whole_mask_allowed,552,1.0,3828.0,0.9088319088319088,True,5,0.0,contact_part_mask,26,0,contact_part_local_affine,False,0.9729166666666667,36,24,19,0.7916666666666666,1.0538324117660522,5,0.0,4212.0,success,361,1.0,,11280.0,earliest_reliable_tracked_reference_no_pre_gap,8.0,contact_part_local_affine,success,5,0.0,0.2880888888888889,,,,,,,success,keep,,5.8611683609803515,/Users/huhu/Documents/Code/bishe/vrb/vrbreproduction/outputs/100subaction-e9/experiments/E9/pipeline_outputs/subaction_69_P01_109_69/candidate_09_frame_011288_left,/Users/huhu/Documents/Code/bishe/vrb/vrbreproduction/outputs/100subaction-e9/experiments/E9/pipeline_outputs/subaction_69_P01_109_69/candidate_09_frame_011288_left,/Users/huhu/Documents/Code/bishe/vrb/vrbreproduction/outputs/100subaction-e9/experiments/E9/pipeline_outputs/subaction_69_P01_109_69/candidate_09_frame_011288_left/reference_frame.png,/Users/huhu/Documents/Code/bishe/vrb/vrbreproduction/outputs/100subaction-e9/experiments/E9/pipeline_outputs/subaction_69_P01_109_69/candidate_09_frame_011288_left/label_heatmap_merged_overlay.png,/Users/huhu/Documents/Code/bishe/vrb/vrbreproduction/outputs/100subaction-e9/experiments/E9/pipeline_outputs/subaction_69_P01_109_69/candidate_09_frame_011288_left/vrb_style_affordance.png,6.0,0.0,"[214.42, 63.88, 265.64, 145.36]",/Users/huhu/Documents/Code/bishe/vrb/vrbreproduction/outputs/100subaction-e9/experiments/E9/pipeline_outputs/subaction_69_P01_109_69/candidate_09_frame_011288_left/label_heatmap_merged.npy,/Users/huhu/Documents/Code/bishe/vrb/vrbreproduction/outputs/100subaction-e9/experiments/E9/pipeline_outputs/subaction_69_P01_109_69/candidate_09_frame_011288_left/label_heatmap_merged.png,/Users/huhu/Documents/Code/bishe/vrb/vrbreproduction/outputs/100subaction-e9/experiments/E9/pipeline_outputs/subaction_69_P01_109_69/candidate_09_frame_011288_left/mask_projection_overlay.png,"(256, 456)",isotropic_e7,True,False
E9,69,P01_109_69,slice potato,slice,potato,['potato'],10297,11900,10296.0,11899.0,10.0,11289.0,left,new_contact_episode,3179,12,58,"[226.0, 72.0, 255.0, 124.0]",3.6499378365307242,grabcut_fallback,bbox_fallback,fallback_lk,failed,ModuleNotFoundError:No module named 'torch',small_object_whole_mask_allowed,653,1.0,3823.0,0.9673582995951417,True,5,0.0,contact_part_mask,26,0,contact_part_local_affine,False,0.9521052631578947,36,19,12,0.631578947368421,1.486647129058838,5,0.0,3952.0,success,361,1.0,,11279.0,earliest_reliable_tracked_reference_no_pre_gap,10.0,contact_part_local_affine,success,5,0.0,0.3232,,,,,,,success,keep,,5.6858637440229725,/Users/huhu/Documents/Code/bishe/vrb/vrbreproduction/outputs/100subaction-e9/experiments/E9/pipeline_outputs/subaction_69_P01_109_69/candidate_10_frame_011289_left,/Users/huhu/Documents/Code/bishe/vrb/vrbreproduction/outputs/100subaction-e9/experiments/E9/pipeline_outputs/subaction_69_P01_109_69/candidate_10_frame_011289_left,/Users/huhu/Documents/Code/bishe/vrb/vrbreproduction/outputs/100subaction-e9/experiments/E9/pipeline_outputs/subaction_69_P01_109_69/candidate_10_frame_011289_left/reference_frame.png,/Users/huhu/Documents/Code/bishe/vrb/vrbreproduction/outputs/100subaction-e9/experiments/E9/pipeline_outputs/subaction_69_P01_109_69/candidate_10_frame_011289_left/label_heatmap_merged_overlay.png,/Users/huhu/Documents/Code/bishe/vrb/vrbreproduction/outputs/100subaction-e9/experiments/E9/pipeline_outputs/subaction_69_P01_109_69/candidate_10_frame_011289_left/vrb_style_affordance.png,6.0,0.0,"[208.11, 69.1, 259.85, 145.46]",/Users/huhu/Documents/Code/bishe/vrb/vrbreproduction/outputs/100subaction-e9/experiments/E9/pipeline_outputs/subaction_69_P01_109_69/candidate_10_frame_011289_left/label_heatmap_merged.npy,/Users/huhu/Documents/Code/bishe/vrb/vrbreproduction/outputs/100subaction-e9/experiments/E9/pipeline_outputs/subaction_69_P01_109_69/candidate_10_frame_011289_left/label_heatmap_merged.png,/Users/huhu/Documents/Code/bishe/vrb/vrbreproduction/outputs/100subaction-e9/experiments/E9/pipeline_outputs/subaction_69_P01_109_69/candidate_10_frame_011289_left/mask_projection_overlay.png,"(256, 456)",isotropic_e7,True,False
E9,69,P01_109_69,slice potato,slice,potato,['potato'],10297,11900,10296.0,11899.0,11.0,11290.0,left,new_contact_episode,3179,12,96,"[230.0, 71.0, 258.0, 124.0]",3.473784987099235,grabcut_fallback,bbox_fallback,fallback_lk,failed,ModuleNotFoundError:No module named 'torch',small_object_whole_mask_allowed,842,1.0,1508.0,1.0,True,5,0.0,contact_part_mask,26,0,contact_part_local_affine,False,1.0,36,36,36,1.0,0.39483100175857544,5,0.0,1508.0,success,361,1.0,,11289.0,earliest_reliable_tracked_reference_no_pre_gap,1.0,contact_part_local_affine,success,5,0.0,0.30195555555555553,,,,,,,success,keep,,6.029221736613908,/Users/huhu/Documents/Code/bishe/vrb/vrbreproduction/outputs/100subaction-e9/experiments/E9/pipeline_outputs/subaction_69_P01_109_69/candidate_11_frame_011290_left,/Users/huhu/Documents/Code/bishe/vrb/vrbreproduction/outputs/100subaction-e9/experiments/E9/pipeline_outputs/subaction_69_P01_109_69/candidate_11_frame_011290_left,/Users/huhu/Documents/Code/bishe/vrb/vrbreproduction/outputs/100subaction-e9/experiments/E9/pipeline_outputs/subaction_69_P01_109_69/candidate_11_frame_011290_left/reference_frame.png,/Users/huhu/Documents/Code/bishe/vrb/vrbreproduction/outputs/100subaction-e9/experiments/E9/pipeline_outputs/subaction_69_P01_109_69/candidate_11_frame_011290_left/label_heatmap_merged_overlay.png,/Users/huhu/Documents/Code/bishe/vrb/vrbreproduction/outputs/100subaction-e9/experiments/E9/pipeline_outputs/subaction_69_P01_109_69/candidate_11_frame_011290_left/vrb_style_affordance.png,6.0,0.0,"[227.21, 71.65, 256.35, 124.23]",/Users/huhu/Documents/Code/bishe/vrb/vrbreproduction/outputs/100subaction-e9/experiments/E9/pipeline_outputs/subaction_69_P01_109_69/candidate_11_frame_011290_left/label_heatmap_merged.npy,/Users/huhu/Documents/Code/bishe/vrb/vrbreproduction/outputs/100subaction-e9/experiments/E9/pipeline_outputs/subaction_69_P01_109_69/candidate_11_frame_011290_left/label_heatmap_merged.png,/Users/huhu/Documents/Code/bishe/vrb/vrbreproduction/outputs/100subaction-e9/experiments/E9/pipeline_outputs/subaction_69_P01_109_69/candidate_11_frame_011290_left/mask_projection_overlay.png,"(256, 456)",isotropic_e7,True,True
E9,70,P01_109_70,put down knife,put-down,knife,['knife'],11914,11935,11913.0,11934.0,0.0,11913.0,right,continuation_entry_rescue,37,4,0,"[264.0, 70.0, 315.0, 140.0]",1.3490636254250032,,,,,,,0,,,,,0,,,0,0,,False,,0,0,0,,,0,,,not_run,0,0.0,,,,,,not_run,0,,,,,,,,,not_run,discard,contact_points_lt5_after_object_boundary_filter,,/Users/huhu/Documents/Code/bishe/vrb/vrbreproduction/outputs/100subaction-e9/experiments/E9/pipeline_outputs/subaction_70_P01_109_70/candidate_00_frame_011913_right,,,,,,,,,,,,,,False
E9,70,P01_109_70,put down knife,put-down,knife,['knife'],11914,11935,11913.0,11934.0,1.0,11914.0,right,continuation_entry_rescue,37,4,0,"[261.0, 65.0, 311.0, 133.0]",1.3574133950117475,,,,,,,0,,,,,0,,,0,0,,False,,0,0,0,,,0,,,not_run,0,0.0,,,,,,not_run,0,,,,,,,,,not_run,discard,contact_points_lt5_after_object_boundary_filter,,/Users/huhu/Documents/Code/bishe/vrb/vrbreproduction/outputs/100subaction-e9/experiments/E9/pipeline_outputs/subaction_70_P01_109_70/candidate_01_frame_011914_right,,,,,,,,,,,,,,False
E9,70,P01_109_70,put down knife,put-down,knife,['knife'],11914,11935,11913.0,11934.0,2.0,11913.0,left,continuation_entry_rescue,37,4,97,"[185.0, 125.0, 210.0, 150.0]",4.681500775736687,grabcut_fallback,bbox_fallback,fallback_lk,failed,ModuleNotFoundError:No module named 'torch',handle_like_edge_or_endpoint,428,1.0,625.0,1.0,True,5,0.0,contact_part_mask,26,0,contact_part_local_affine,False,1.0,36,36,36,1.0,0.2443547248840332,5,0.0,625.0,success,361,0.8996086310076885,,11912.0,earliest_reliable_tracked_reference_no_pre_gap,1.0,contact_part_local_affine,success,5,0.0,0.12026666666666666,,,,,,,success,keep,,6.2747693582534785,/Users/huhu/Documents/Code/bishe/vrb/vrbreproduction/outputs/100subaction-e9/experiments/E9/pipeline_outputs/subaction_70_P01_109_70/candidate_02_frame_011913_left,/Users/huhu/Documents/Code/bishe/vrb/vrbreproduction/outputs/100subaction-e9/experiments/E9/pipeline_outputs/subaction_70_P01_109_70/candidate_02_frame_011913_left,/Users/huhu/Documents/Code/bishe/vrb/vrbreproduction/outputs/100subaction-e9/experiments/E9/pipeline_outputs/subaction_70_P01_109_70/candidate_02_frame_011913_left/reference_frame.png,/Users/huhu/Documents/Code/bishe/vrb/vrbreproduction/outputs/100subaction-e9/experiments/E9/pipeline_outputs/subaction_70_P01_109_70/candidate_02_frame_011913_left/label_heatmap_merged_overlay.png,/Users/huhu/Documents/Code/bishe/vrb/vrbreproduction/outputs/100subaction-e9/experiments/E9/pipeline_outputs/subaction_70_P01_109_70/candidate_02_frame_011913_left/vrb_style_affordance.png,6.0,0.0,"[185.37, 123.13, 210.18, 147.93]",/Users/huhu/Documents/Code/bishe/vrb/vrbreproduction/outputs/100subaction-e9/experiments/E9/pipeline_outputs/subaction_70_P01_109_70/candidate_02_frame_011913_left/label_heatmap_merged.npy,/Users/huhu/Documents/Code/bishe/vrb/vrbreproduction/outputs/100subaction-e9/experiments/E9/pipeline_outputs/subaction_70_P01_109_70/candidate_02_frame_011913_left/label_heatmap_merged.png,/Users/huhu/Documents/Code/bishe/vrb/vrbreproduction/outputs/100subaction-e9/experiments/E9/pipeline_outputs/subaction_70_P01_109_70/candidate_02_frame_011913_left/mask_projection_overlay.png,"(256, 456)",isotropic_e7,True,False
E9,70,P01_109_70,put down knife,put-down,knife,['knife'],11914,11935,11913.0,11934.0,3.0,11914.0,left,continuation_entry_rescue,37,4,117,"[184.0, 128.0, 210.0, 154.0]",4.920411039762669,grabcut_fallback,bbox_fallback,fallback_lk,failed,ModuleNotFoundError:No module named 'torch',handle_like_edge_or_endpoint,481,1.0,650.0,1.0,True,5,0.0,contact_part_mask,26,0,contact_part_local_affine,False,1.0,36,36,36,1.0,0.2869599461555481,5,0.0,650.0,success,361,0.8996086310076885,,11913.0,earliest_reliable_tracked_reference_no_pre_gap,1.0,contact_part_local_affine,success,5,0.0,0.12088888888888889,,,,,,,success,keep,,6.304057868281999,/Users/huhu/Documents/Code/bishe/vrb/vrbreproduction/outputs/100subaction-e9/experiments/E9/pipeline_outputs/subaction_70_P01_109_70/candidate_03_frame_011914_left,/Users/huhu/Documents/Code/bishe/vrb/vrbreproduction/outputs/100subaction-e9/experiments/E9/pipeline_outputs/subaction_70_P01_109_70/candidate_03_frame_011914_left,/Users/huhu/Documents/Code/bishe/vrb/vrbreproduction/outputs/100subaction-e9/experiments/E9/pipeline_outputs/subaction_70_P01_109_70/candidate_03_frame_011914_left/reference_frame.png,/Users/huhu/Documents/Code/bishe/vrb/vrbreproduction/outputs/100subaction-e9/experiments/E9/pipeline_outputs/subaction_70_P01_109_70/candidate_03_frame_011914_left/label_heatmap_merged_overlay.png,/Users/huhu/Documents/Code/bishe/vrb/vrbreproduction/outputs/100subaction-e9/experiments/E9/pipeline_outputs/subaction_70_P01_109_70/candidate_03_frame_011914_left/vrb_style_affordance.png,6.0,0.0,"[184.61, 125.36, 210.0, 150.76]",/Users/huhu/Documents/Code/bishe/vrb/vrbreproduction/outputs/100subaction-e9/experiments/E9/pipeline_outputs/subaction_70_P01_109_70/candidate_03_frame_011914_left/label_heatmap_merged.npy,/Users/huhu/Documents/Code/bishe/vrb/vrbreproduction/outputs/100subaction-e9/experiments/E9/pipeline_outputs/subaction_70_P01_109_70/candidate_03_frame_011914_left/label_heatmap_merged.png,/Users/huhu/Documents/Code/bishe/vrb/vrbreproduction/outputs/100subaction-e9/experiments/E9/pipeline_outputs/subaction_70_P01_109_70/candidate_03_frame_011914_left/mask_projection_overlay.png,"(256, 456)",isotropic_e7,True,True
E9,71,P01_109_71,put down potato slices,put-down,slice:potato,['slice:potato'],11963,11994,11962.0,11993.0,0.0,11977.0,right,new_contact_episode,23,4,43,"[311.0, 106.0, 333.0, 134.0]",3.4475551598004257,grabcut_fallback,,,,,small_object_whole_mask_allowed,254,1.0,,,,0,,,26,0,,False,,36,0,0,,,0,,,success,361,0.8996086310076885,,,,,,failed,0,,,,,,,,,not_run,discard,track_visibility_below_threshold,,/Users/huhu/Documents/Code/bishe/vrb/vrbreproduction/outputs/100subaction-e9/experiments/E9/pipeline_outputs/subaction_71_P01_109_71/candidate_00_frame_011977_right,,,,,6.0,0.0,,,,,,,,False
E9,71,P01_109_71,put down potato slices,put-down,slice:potato,['slice:potato'],11963,11994,11962.0,11993.0,1.0,11983.0,left,new_contact_episode,23,4,24,"[292.0, 77.0, 399.0, 173.0]",2.8682132785214676,grabcut_fallback,bbox_fallback,fallback_lk,failed,ModuleNotFoundError:No module named 'torch',small_object_whole_mask_allowed,5229,0.9744688781215057,5910.0,0.5919471153846154,True,5,0.0,contact_part_mask,26,0,contact_part_local_affine,False,0.9881818181818183,36,33,30,0.9090909090909091,0.6811695098876953,5,0.0,9984.0,success,361,0.8996086310076885,,11982.0,pre_contact_gap_tracked_reference,1.0,contact_part_local_affine,success,5,0.0,0.27484444444444445,,,,,,,success,keep,,6.0058437025821565,/Users/huhu/Documents/Code/bishe/vrb/vrbreproduction/outputs/100subaction-e9/experiments/E9/pipeline_outputs/subaction_71_P01_109_71/candidate_01_frame_011983_left,/Users/huhu/Documents/Code/bishe/vrb/vrbreproduction/outputs/100subaction-e9/experiments/E9/pipeline_outputs/subaction_71_P01_109_71/candidate_01_frame_011983_left,/Users/huhu/Documents/Code/bishe/vrb/vrbreproduction/outputs/100subaction-e9/experiments/E9/pipeline_outputs/subaction_71_P01_109_71/candidate_01_frame_011983_left/reference_frame.png,/Users/huhu/Documents/Code/bishe/vrb/vrbreproduction/outputs/100subaction-e9/experiments/E9/pipeline_outputs/subaction_71_P01_109_71/candidate_01_frame_011983_left/label_heatmap_merged_overlay.png,/Users/huhu/Documents/Code/bishe/vrb/vrbreproduction/outputs/100subaction-e9/experiments/E9/pipeline_outputs/subaction_71_P01_109_71/candidate_01_frame_011983_left/vrb_style_affordance.png,6.0,0.0,"[289.26, 76.4, 393.21, 172.0]",/Users/huhu/Documents/Code/bishe/vrb/vrbreproduction/outputs/100subaction-e9/experiments/E9/pipeline_outputs/subaction_71_P01_109_71/candidate_01_frame_011983_left/label_heatmap_merged.npy,/Users/huhu/Documents/Code/bishe/vrb/vrbreproduction/outputs/100subaction-e9/experiments/E9/pipeline_outputs/subaction_71_P01_109_71/candidate_01_frame_011983_left/label_heatmap_merged.png,/Users/huhu/Documents/Code/bishe/vrb/vrbreproduction/outputs/100subaction-e9/experiments/E9/pipeline_outputs/subaction_71_P01_109_71/candidate_01_frame_011983_left/mask_projection_overlay.png,"(256, 456)",isotropic_e7,True,False
E9,71,P01_109_71,put down potato slices,put-down,slice:potato,['slice:potato'],11963,11994,11962.0,11993.0,2.0,11983.0,right,new_contact_episode,23,4,82,"[292.0, 77.0, 399.0, 173.0]",3.4467298998182154,grabcut_fallback,bbox_fallback,fallback_lk,failed,ModuleNotFoundError:No module named 'torch',small_object_whole_mask_allowed,5266,0.9813641446142378,8207.0,0.8220152243589743,True,5,0.0,contact_part_mask,26,0,contact_part_local_affine,False,0.9963888888888889,36,36,35,0.9722222222222222,0.5662570595741272,5,0.0,9984.0,success,361,0.8996086310076885,,11982.0,pre_contact_gap_tracked_reference,1.0,contact_part_local_affine,success,5,0.0,0.24906666666666666,,,,,,,success,keep,,6.0864678437683315,/Users/huhu/Documents/Code/bishe/vrb/vrbreproduction/outputs/100subaction-e9/experiments/E9/pipeline_outputs/subaction_71_P01_109_71/candidate_02_frame_011983_right,/Users/huhu/Documents/Code/bishe/vrb/vrbreproduction/outputs/100subaction-e9/experiments/E9/pipeline_outputs/subaction_71_P01_109_71/candidate_02_frame_011983_right,/Users/huhu/Documents/Code/bishe/vrb/vrbreproduction/outputs/100subaction-e9/experiments/E9/pipeline_outputs/subaction_71_P01_109_71/candidate_02_frame_011983_right/reference_frame.png,/Users/huhu/Documents/Code/bishe/vrb/vrbreproduction/outputs/100subaction-e9/experiments/E9/pipeline_outputs/subaction_71_P01_109_71/candidate_02_frame_011983_right/label_heatmap_merged_overlay.png,/Users/huhu/Documents/Code/bishe/vrb/vrbreproduction/outputs/100subaction-e9/experiments/E9/pipeline_outputs/subaction_71_P01_109_71/candidate_02_frame_011983_right/vrb_style_affordance.png,6.0,0.0,"[289.26, 76.4, 393.21, 172.0]",/Users/huhu/Documents/Code/bishe/vrb/vrbreproduction/outputs/100subaction-e9/experiments/E9/pipeline_outputs/subaction_71_P01_109_71/candidate_02_frame_011983_right/label_heatmap_merged.npy,/Users/huhu/Documents/Code/bishe/vrb/vrbreproduction/outputs/100subaction-e9/experiments/E9/pipeline_outputs/subaction_71_P01_109_71/candidate_02_frame_011983_right/label_heatmap_merged.png,/Users/huhu/Documents/Code/bishe/vrb/vrbreproduction/outputs/100subaction-e9/experiments/E9/pipeline_outputs/subaction_71_P01_109_71/candidate_02_frame_011983_right/mask_projection_overlay.png,"(256, 456)",isotropic_e7,True,True
E9,71,P01_109_71,put down potato slices,put-down,slice:potato,['slice:potato'],11963,11994,11962.0,11993.0,3.0,11984.0,right,new_contact_episode,23,4,123,"[299.0, 74.0, 420.0, 201.0]",3.372435797977271,grabcut_fallback,bbox_fallback,fallback_lk,failed,ModuleNotFoundError:No module named 'torch',small_object_whole_mask_allowed,11715,0.9426295461860316,8813.0,0.8478114478114478,True,4,0.0,contact_part_mask,26,0,contact_part_local_affine,False,0.8928030303030303,36,33,28,0.8484848484848485,0.9869987964630127,4,0.0,10395.0,success,361,0.8996086310076885,,11982.0,pre_contact_gap_tracked_reference,2.0,contact_part_local_affine,success,4,0.0,0.24906666666666666,,,,,,,success,keep,,5.5673657936818675,/Users/huhu/Documents/Code/bishe/vrb/vrbreproduction/outputs/100subaction-e9/experiments/E9/pipeline_outputs/subaction_71_P01_109_71/candidate_03_frame_011984_right,/Users/huhu/Documents/Code/bishe/vrb/vrbreproduction/outputs/100subaction-e9/experiments/E9/pipeline_outputs/subaction_71_P01_109_71/candidate_03_frame_011984_right,/Users/huhu/Documents/Code/bishe/vrb/vrbreproduction/outputs/100subaction-e9/experiments/E9/pipeline_outputs/subaction_71_P01_109_71/candidate_03_frame_011984_right/reference_frame.png,/Users/huhu/Documents/Code/bishe/vrb/vrbreproduction/outputs/100subaction-e9/experiments/E9/pipeline_outputs/subaction_71_P01_109_71/candidate_03_frame_011984_right/label_heatmap_merged_overlay.png,/Users/huhu/Documents/Code/bishe/vrb/vrbreproduction/outputs/100subaction-e9/experiments/E9/pipeline_outputs/subaction_71_P01_109_71/candidate_03_frame_011984_right/vrb_style_affordance.png,6.0,0.0,"[289.59, 75.92, 395.31, 175.32]",/Users/huhu/Documents/Code/bishe/vrb/vrbreproduction/outputs/100subaction-e9/experiments/E9/pipeline_outputs/subaction_71_P01_109_71/candidate_03_frame_011984_right/label_heatmap_merged.npy,/Users/huhu/Documents/Code/bishe/vrb/vrbreproduction/outputs/100subaction-e9/experiments/E9/pipeline_outputs/subaction_71_P01_109_71/candidate_03_frame_011984_right/label_heatmap_merged.png,/Users/huhu/Documents/Code/bishe/vrb/vrbreproduction/outputs/100subaction-e9/experiments/E9/pipeline_outputs/subaction_71_P01_109_71/candidate_03_frame_011984_right/mask_projection_overlay.png,"(256, 456)",isotropic_e7,True,False
E9,72,P01_109_72,pick up potato slices,pick-up,slice:potato,['slice:potato'],12007,12071,12006.0,12070.0,0.0,12006.0,left,continuation_entry_rescue,130,4,0,"[177.0, 144.0, 221.0, 190.0]",2.61223935898395,,,,,,,0,,,,,0,,,0,0,,False,,0,0,0,,,0,,,not_run,0,0.0,,,,,,not_run,0,,,,,,,,,not_run,discard,contact_points_lt5_after_object_boundary_filter,,/Users/huhu/Documents/Code/bishe/vrb/vrbreproduction/outputs/100subaction-e9/experiments/E9/pipeline_outputs/subaction_72_P01_109_72/candidate_00_frame_012006_left,,,,,,,,,,,,,,False
E9,72,P01_109_72,pick up potato slices,pick-up,slice:potato,['slice:potato'],12007,12071,12006.0,12070.0,1.0,12007.0,left,continuation_entry_rescue,130,4,53,"[181.0, 144.0, 223.0, 192.0]",4.08568017977828,grabcut_fallback,bbox_fallback,fallback_lk,failed,ModuleNotFoundError:No module named 'torch',small_object_whole_mask_allowed,2013,0.9985119047619048,2404.0,0.9256834809395457,True,3,0.0,contact_part_mask,26,0,contact_part_local_affine,False,0.7729999999999999,36,10,6,0.6,1.404476523399353,3,0.0,2597.0,success,361,0.5100594460712041,,11996.0,pre_contact_gap_tracked_reference,11.0,contact_part_local_affine,success,3,0.0,0.26204444444444447,,,,,,,success,keep,,4.811709450131352,/Users/huhu/Documents/Code/bishe/vrb/vrbreproduction/outputs/100subaction-e9/experiments/E9/pipeline_outputs/subaction_72_P01_109_72/candidate_01_frame_012007_left,/Users/huhu/Documents/Code/bishe/vrb/vrbreproduction/outputs/100subaction-e9/experiments/E9/pipeline_outputs/subaction_72_P01_109_72/candidate_01_frame_012007_left,/Users/huhu/Documents/Code/bishe/vrb/vrbreproduction/outputs/100subaction-e9/experiments/E9/pipeline_outputs/subaction_72_P01_109_72/candidate_01_frame_012007_left/reference_frame.png,/Users/huhu/Documents/Code/bishe/vrb/vrbreproduction/outputs/100subaction-e9/experiments/E9/pipeline_outputs/subaction_72_P01_109_72/candidate_01_frame_012007_left/label_heatmap_merged_overlay.png,/Users/huhu/Documents/Code/bishe/vrb/vrbreproduction/outputs/100subaction-e9/experiments/E9/pipeline_outputs/subaction_72_P01_109_72/candidate_01_frame_012007_left/vrb_style_affordance.png,6.0,0.0,"[143.95, 151.1, 197.19, 200.0]",/Users/huhu/Documents/Code/bishe/vrb/vrbreproduction/outputs/100subaction-e9/experiments/E9/pipeline_outputs/subaction_72_P01_109_72/candidate_01_frame_012007_left/label_heatmap_merged.npy,/Users/huhu/Documents/Code/bishe/vrb/vrbreproduction/outputs/100subaction-e9/experiments/E9/pipeline_outputs/subaction_72_P01_109_72/candidate_01_frame_012007_left/label_heatmap_merged.png,/Users/huhu/Documents/Code/bishe/vrb/vrbreproduction/outputs/100subaction-e9/experiments/E9/pipeline_outputs/subaction_72_P01_109_72/candidate_01_frame_012007_left/mask_projection_overlay.png,"(256, 456)",isotropic_e7,True,False
E9,72,P01_109_72,pick up potato slices,pick-up,slice:potato,['slice:potato'],12007,12071,12006.0,12070.0,2.0,12006.0,right,continuation_entry_rescue,130,4,26,"[177.0, 144.0, 221.0, 190.0]",3.518894952101486,grabcut_fallback,bbox_fallback,fallback_lk,failed,ModuleNotFoundError:No module named 'torch',small_object_whole_mask_allowed,95,1.0,4738.0,0.9323101141282959,True,4,0.0,contact_part_mask,26,0,contact_part_local_affine,False,0.8995,36,10,9,0.9,0.6702780723571777,4,0.0,5082.0,success,361,0.5100594460712041,,11988.0,earliest_reliable_tracked_reference_no_pre_gap,18.0,contact_part_local_affine,success,4,0.0,0.0128,,,,,,,success,keep,,5.697890979645254,/Users/huhu/Documents/Code/bishe/vrb/vrbreproduction/outputs/100subaction-e9/experiments/E9/pipeline_outputs/subaction_72_P01_109_72/candidate_02_frame_012006_right,/Users/huhu/Documents/Code/bishe/vrb/vrbreproduction/outputs/100subaction-e9/experiments/E9/pipeline_outputs/subaction_72_P01_109_72/candidate_02_frame_012006_right,/Users/huhu/Documents/Code/bishe/vrb/vrbreproduction/outputs/100subaction-e9/experiments/E9/pipeline_outputs/subaction_72_P01_109_72/candidate_02_frame_012006_right/reference_frame.png,/Users/huhu/Documents/Code/bishe/vrb/vrbreproduction/outputs/100subaction-e9/experiments/E9/pipeline_outputs/subaction_72_P01_109_72/candidate_02_frame_012006_right/label_heatmap_merged_overlay.png,/Users/huhu/Documents/Code/bishe/vrb/vrbreproduction/outputs/100subaction-e9/experiments/E9/pipeline_outputs/subaction_72_P01_109_72/candidate_02_frame_012006_right/vrb_style_affordance.png,6.0,0.0,"[141.1, 129.72, 207.18, 207.16]",/Users/huhu/Documents/Code/bishe/vrb/vrbreproduction/outputs/100subaction-e9/experiments/E9/pipeline_outputs/subaction_72_P01_109_72/candidate_02_frame_012006_right/label_heatmap_merged.npy,/Users/huhu/Documents/Code/bishe/vrb/vrbreproduction/outputs/100subaction-e9/experiments/E9/pipeline_outputs/subaction_72_P01_109_72/candidate_02_frame_012006_right/label_heatmap_merged.png,/Users/huhu/Documents/Code/bishe/vrb/vrbreproduction/outputs/100subaction-e9/experiments/E9/pipeline_outputs/subaction_72_P01_109_72/candidate_02_frame_012006_right/mask_projection_overlay.png,"(256, 456)",isotropic_e7,True,False
E9,72,P01_109_72,pick up potato slices,pick-up,slice:potato,['slice:potato'],12007,12071,12006.0,12070.0,3.0,12007.0,right,continuation_entry_rescue,130,4,76,"[181.0, 144.0, 223.0, 192.0]",3.6446616944844674,grabcut_fallback,bbox_fallback,fallback_lk,failed,ModuleNotFoundError:No module named 'torch',small_object_whole_mask_allowed,2016,1.0,2068.0,1.0,True,5,0.0,contact_part_mask,26,0,contact_part_local_affine,False,1.0,36,36,36,1.0,0.40234869718551636,5,0.0,2068.0,success,361,0.5100594460712041,,12006.0,earliest_reliable_tracked_reference_no_pre_gap,1.0,contact_part_local_affine,success,5,0.0,0.3384,,,,,,,success,keep,,5.974329539084433,/Users/huhu/Documents/Code/bishe/vrb/vrbreproduction/outputs/100subaction-e9/experiments/E9/pipeline_outputs/subaction_72_P01_109_72/candidate_03_frame_012007_right,/Users/huhu/Documents/Code/bishe/vrb/vrbreproduction/outputs/100subaction-e9/experiments/E9/pipeline_outputs/subaction_72_P01_109_72/candidate_03_frame_012007_right,/Users/huhu/Documents/Code/bishe/vrb/vrbreproduction/outputs/100subaction-e9/experiments/E9/pipeline_outputs/subaction_72_P01_109_72/candidate_03_frame_012007_right/reference_frame.png,/Users/huhu/Documents/Code/bishe/vrb/vrbreproduction/outputs/100subaction-e9/experiments/E9/pipeline_outputs/subaction_72_P01_109_72/candidate_03_frame_012007_right/label_heatmap_merged_overlay.png,/Users/huhu/Documents/Code/bishe/vrb/vrbreproduction/outputs/100subaction-e9/experiments/E9/pipeline_outputs/subaction_72_P01_109_72/candidate_03_frame_012007_right/vrb_style_affordance.png,6.0,0.0,"[177.48, 144.01, 221.11, 191.03]",/Users/huhu/Documents/Code/bishe/vrb/vrbreproduction/outputs/100subaction-e9/experiments/E9/pipeline_outputs/subaction_72_P01_109_72/candidate_03_frame_012007_right/label_heatmap_merged.npy,/Users/huhu/Documents/Code/bishe/vrb/vrbreproduction/outputs/100subaction-e9/experiments/E9/pipeline_outputs/subaction_72_P01_109_72/candidate_03_frame_012007_right/label_heatmap_merged.png,/Users/huhu/Documents/Code/bishe/vrb/vrbreproduction/outputs/100subaction-e9/experiments/E9/pipeline_outputs/subaction_72_P01_109_72/candidate_03_frame_012007_right/mask_projection_overlay.png,"(256, 456)",isotropic_e7,True,True
E9,73,P01_109_73,put down potato slices,put-down,slice:potato,['slice:potato'],12070,12186,12069.0,12185.0,0.0,12104.0,right,new_contact_episode,194,12,85,"[214.0, 145.0, 242.0, 183.0]",4.009811632506393,grabcut_fallback,bbox_fallback,fallback_lk,failed,ModuleNotFoundError:No module named 'torch',small_object_whole_mask_allowed,697,1.0,1160.0,1.0,True,5,0.0,contact_part_mask,26,0,contact_part_local_affine,False,0.9596551724137932,36,29,20,0.6896551724137931,1.6860620975494385,5,0.0,1160.0,success,361,0.5100594460712041,,12096.0,earliest_reliable_tracked_reference_no_pre_gap,8.0,contact_part_local_affine,success,5,0.0,0.17026666666666668,,,,,,,success,keep,,5.95670779224593,/Users/huhu/Documents/Code/bishe/vrb/vrbreproduction/outputs/100subaction-e9/experiments/E9/pipeline_outputs/subaction_73_P01_109_73/candidate_00_frame_012104_right,/Users/huhu/Documents/Code/bishe/vrb/vrbreproduction/outputs/100subaction-e9/experiments/E9/pipeline_outputs/subaction_73_P01_109_73/candidate_00_frame_012104_right,/Users/huhu/Documents/Code/bishe/vrb/vrbreproduction/outputs/100subaction-e9/experiments/E9/pipeline_outputs/subaction_73_P01_109_73/candidate_00_frame_012104_right/reference_frame.png,/Users/huhu/Documents/Code/bishe/vrb/vrbreproduction/outputs/100subaction-e9/experiments/E9/pipeline_outputs/subaction_73_P01_109_73/candidate_00_frame_012104_right/label_heatmap_merged_overlay.png,/Users/huhu/Documents/Code/bishe/vrb/vrbreproduction/outputs/100subaction-e9/experiments/E9/pipeline_outputs/subaction_73_P01_109_73/candidate_00_frame_012104_right/vrb_style_affordance.png,6.0,0.0,"[193.97, 148.26, 223.05, 187.75]",/Users/huhu/Documents/Code/bishe/vrb/vrbreproduction/outputs/100subaction-e9/experiments/E9/pipeline_outputs/subaction_73_P01_109_73/candidate_00_frame_012104_right/label_heatmap_merged.npy,/Users/huhu/Documents/Code/bishe/vrb/vrbreproduction/outputs/100subaction-e9/experiments/E9/pipeline_outputs/subaction_73_P01_109_73/candidate_00_frame_012104_right/label_heatmap_merged.png,/Users/huhu/Documents/Code/bishe/vrb/vrbreproduction/outputs/100subaction-e9/experiments/E9/pipeline_outputs/subaction_73_P01_109_73/candidate_00_frame_012104_right/mask_projection_overlay.png,"(256, 456)",isotropic_e7,True,True
E9,73,P01_109_73,put down potato slices,put-down,slice:potato,['slice:potato'],12070,12186,12069.0,12185.0,1.0,12105.0,right,new_contact_episode,194,12,111,"[215.0, 143.0, 242.0, 183.0]",4.129972246202392,grabcut_fallback,bbox_fallback,fallback_lk,failed,ModuleNotFoundError:No module named 'torch',small_object_whole_mask_allowed,747,1.0,1394.0,1.0,True,5,0.0,contact_part_mask,26,0,contact_part_local_affine,False,0.9303571428571429,36,28,13,0.4642857142857143,1.3929766416549683,5,0.0,1394.0,success,361,0.5100594460712041,,12083.0,earliest_reliable_tracked_reference_no_pre_gap,22.0,contact_part_local_affine,success,5,0.0,0.19826666666666667,,,,,,,success,keep,,5.702024986464637,/Users/huhu/Documents/Code/bishe/vrb/vrbreproduction/outputs/100subaction-e9/experiments/E9/pipeline_outputs/subaction_73_P01_109_73/candidate_01_frame_012105_right,/Users/huhu/Documents/Code/bishe/vrb/vrbreproduction/outputs/100subaction-e9/experiments/E9/pipeline_outputs/subaction_73_P01_109_73/candidate_01_frame_012105_right,/Users/huhu/Documents/Code/bishe/vrb/vrbreproduction/outputs/100subaction-e9/experiments/E9/pipeline_outputs/subaction_73_P01_109_73/candidate_01_frame_012105_right/reference_frame.png,/Users/huhu/Documents/Code/bishe/vrb/vrbreproduction/outputs/100subaction-e9/experiments/E9/pipeline_outputs/subaction_73_P01_109_73/candidate_01_frame_012105_right/label_heatmap_merged_overlay.png,/Users/huhu/Documents/Code/bishe/vrb/vrbreproduction/outputs/100subaction-e9/experiments/E9/pipeline_outputs/subaction_73_P01_109_73/candidate_01_frame_012105_right/vrb_style_affordance.png,6.0,0.0,"[194.19, 137.24, 228.47, 178.17]",/Users/huhu/Documents/Code/bishe/vrb/vrbreproduction/outputs/100subaction-e9/experiments/E9/pipeline_outputs/subaction_73_P01_109_73/candidate_01_frame_012105_right/label_heatmap_merged.npy,/Users/huhu/Documents/Code/bishe/vrb/vrbreproduction/outputs/100subaction-e9/experiments/E9/pipeline_outputs/subaction_73_P01_109_73/candidate_01_frame_012105_right/label_heatmap_merged.png,/Users/huhu/Documents/Code/bishe/vrb/vrbreproduction/outputs/100subaction-e9/experiments/E9/pipeline_outputs/subaction_73_P01_109_73/candidate_01_frame_012105_right/mask_projection_overlay.png,"(256, 456)",isotropic_e7,True,False
E9,73,P01_109_73,put down potato slices,put-down,slice:potato,['slice:potato'],12070,12186,12069.0,12185.0,2.0,12106.0,right,new_contact_episode,194,12,112,"[218.0, 141.0, 244.0, 181.0]",4.133042278033143,grabcut_fallback,bbox_fallback,fallback_lk,failed,ModuleNotFoundError:No module named 'torch',small_object_whole_mask_allowed,691,1.0,1080.0,1.0,True,4,0.0,contact_part_mask,26,0,contact_part_local_affine,False,0.9124999999999999,36,36,36,1.0,0.6919118165969849,4,0.0,1080.0,success,361,0.5100594460712041,,12105.0,earliest_reliable_tracked_reference_no_pre_gap,1.0,contact_part_local_affine,success,4,0.0,0.3267555555555556,,,,,,,success,keep,,5.558109312168756,/Users/huhu/Documents/Code/bishe/vrb/vrbreproduction/outputs/100subaction-e9/experiments/E9/pipeline_outputs/subaction_73_P01_109_73/candidate_02_frame_012106_right,/Users/huhu/Documents/Code/bishe/vrb/vrbreproduction/outputs/100subaction-e9/experiments/E9/pipeline_outputs/subaction_73_P01_109_73/candidate_02_frame_012106_right,/Users/huhu/Documents/Code/bishe/vrb/vrbreproduction/outputs/100subaction-e9/experiments/E9/pipeline_outputs/subaction_73_P01_109_73/candidate_02_frame_012106_right/reference_frame.png,/Users/huhu/Documents/Code/bishe/vrb/vrbreproduction/outputs/100subaction-e9/experiments/E9/pipeline_outputs/subaction_73_P01_109_73/candidate_02_frame_012106_right/label_heatmap_merged_overlay.png,/Users/huhu/Documents/Code/bishe/vrb/vrbreproduction/outputs/100subaction-e9/experiments/E9/pipeline_outputs/subaction_73_P01_109_73/candidate_02_frame_012106_right/vrb_style_affordance.png,6.0,0.0,"[215.43, 142.57, 242.2, 182.73]",/Users/huhu/Documents/Code/bishe/vrb/vrbreproduction/outputs/100subaction-e9/experiments/E9/pipeline_outputs/subaction_73_P01_109_73/candidate_02_frame_012106_right/label_heatmap_merged.npy,/Users/huhu/Documents/Code/bishe/vrb/vrbreproduction/outputs/100subaction-e9/experiments/E9/pipeline_outputs/subaction_73_P01_109_73/candidate_02_frame_012106_right/label_heatmap_merged.png,/Users/huhu/Documents/Code/bishe/vrb/vrbreproduction/outputs/100subaction-e9/experiments/E9/pipeline_outputs/subaction_73_P01_109_73/candidate_02_frame_012106_right/mask_projection_overlay.png,"(256, 456)",isotropic_e7,True,False
E9,73,P01_109_73,put down potato slices,put-down,slice:potato,['slice:potato'],12070,12186,12069.0,12185.0,3.0,12135.0,right,new_contact_episode,194,12,96,"[202.0, 124.0, 248.0, 162.0]",3.8905506123479037,grabcut_fallback,bbox_fallback,fallback_lk,failed,ModuleNotFoundError:No module named 'torch',small_object_whole_mask_allowed,1746,0.9988558352402745,1751.0,0.9948863636363636,True,3,0.0,contact_part_mask,26,0,contact_part_local_affine,False,0.8128124999999999,36,32,29,0.90625,0.5710958242416382,3,0.0,1760.0,success,361,0.5100594460712041,,12134.0,earliest_reliable_tracked_reference_no_pre_gap,1.0,contact_part_local_affine,success,3,0.0,0.3181333333333333,,,,,,,success,keep,,5.092479625272752,/Users/huhu/Documents/Code/bishe/vrb/vrbreproduction/outputs/100subaction-e9/experiments/E9/pipeline_outputs/subaction_73_P01_109_73/candidate_03_frame_012135_right,/Users/huhu/Documents/Code/bishe/vrb/vrbreproduction/outputs/100subaction-e9/experiments/E9/pipeline_outputs/subaction_73_P01_109_73/candidate_03_frame_012135_right,/Users/huhu/Documents/Code/bishe/vrb/vrbreproduction/outputs/100subaction-e9/experiments/E9/pipeline_outputs/subaction_73_P01_109_73/candidate_03_frame_012135_right/reference_frame.png,/Users/huhu/Documents/Code/bishe/vrb/vrbreproduction/outputs/100subaction-e9/experiments/E9/pipeline_outputs/subaction_73_P01_109_73/candidate_03_frame_012135_right/label_heatmap_merged_overlay.png,/Users/huhu/Documents/Code/bishe/vrb/vrbreproduction/outputs/100subaction-e9/experiments/E9/pipeline_outputs/subaction_73_P01_109_73/candidate_03_frame_012135_right/vrb_style_affordance.png,6.0,0.0,"[200.89, 123.4, 245.4, 163.16]",/Users/huhu/Documents/Code/bishe/vrb/vrbreproduction/outputs/100subaction-e9/experiments/E9/pipeline_outputs/subaction_73_P01_109_73/candidate_03_frame_012135_right/label_heatmap_merged.npy,/Users/huhu/Documents/Code/bishe/vrb/vrbreproduction/outputs/100subaction-e9/experiments/E9/pipeline_outputs/subaction_73_P01_109_73/candidate_03_frame_012135_right/label_heatmap_merged.png,/Users/huhu/Documents/Code/bishe/vrb/vrbreproduction/outputs/100subaction-e9/experiments/E9/pipeline_outputs/subaction_73_P01_109_73/candidate_03_frame_012135_right/mask_projection_overlay.png,"(256, 456)",isotropic_e7,True,False
E9,73,P01_109_73,put down potato slices,put-down,slice:potato,['slice:potato'],12070,12186,12069.0,12185.0,4.0,12136.0,right,new_contact_episode,194,12,122,"[205.0, 122.0, 249.0, 161.0]",3.8941748263141935,grabcut_fallback,bbox_fallback,fallback_lk,failed,ModuleNotFoundError:No module named 'torch',small_object_whole_mask_allowed,1704,0.993006993006993,1728.0,1.0,True,5,0.0,contact_part_mask,26,0,contact_part_local_affine,False,0.9285,36,20,9,0.45,2.0851895809173584,5,0.0,1728.0,success,361,0.5100594460712041,,12050.0,earliest_reliable_tracked_reference_no_pre_gap,86.0,contact_part_local_affine,success,5,0.0,0.36746666666666666,,,,,,,success,keep,,5.034744312572479,/Users/huhu/Documents/Code/bishe/vrb/vrbreproduction/outputs/100subaction-e9/experiments/E9/pipeline_outputs/subaction_73_P01_109_73/candidate_04_frame_012136_right,/Users/huhu/Documents/Code/bishe/vrb/vrbreproduction/outputs/100subaction-e9/experiments/E9/pipeline_outputs/subaction_73_P01_109_73/candidate_04_frame_012136_right,/Users/huhu/Documents/Code/bishe/vrb/vrbreproduction/outputs/100subaction-e9/experiments/E9/pipeline_outputs/subaction_73_P01_109_73/candidate_04_frame_012136_right/reference_frame.png,/Users/huhu/Documents/Code/bishe/vrb/vrbreproduction/outputs/100subaction-e9/experiments/E9/pipeline_outputs/subaction_73_P01_109_73/candidate_04_frame_012136_right/label_heatmap_merged_overlay.png,/Users/huhu/Documents/Code/bishe/vrb/vrbreproduction/outputs/100subaction-e9/experiments/E9/pipeline_outputs/subaction_73_P01_109_73/candidate_04_frame_012136_right/vrb_style_affordance.png,6.0,0.0,"[216.29, 160.5, 251.64, 208.29]",/Users/huhu/Documents/Code/bishe/vrb/vrbreproduction/outputs/100subaction-e9/experiments/E9/pipeline_outputs/subaction_73_P01_109_73/candidate_04_frame_012136_right/label_heatmap_merged.npy,/Users/huhu/Documents/Code/bishe/vrb/vrbreproduction/outputs/100subaction-e9/experiments/E9/pipeline_outputs/subaction_73_P01_109_73/candidate_04_frame_012136_right/label_heatmap_merged.png,/Users/huhu/Documents/Code/bishe/vrb/vrbreproduction/outputs/100subaction-e9/experiments/E9/pipeline_outputs/subaction_73_P01_109_73/candidate_04_frame_012136_right/mask_projection_overlay.png,"(256, 456)",isotropic_e7,True,False
E9,73,P01_109_73,put down potato slices,put-down,slice:potato,['slice:potato'],12070,12186,12069.0,12185.0,5.0,12137.0,right,new_contact_episode,194,12,140,"[202.0, 120.0, 250.0, 162.0]",3.8617644702501575,grabcut_fallback,bbox_fallback,fallback_lk,failed,ModuleNotFoundError:No module named 'torch',small_object_whole_mask_allowed,1980,0.9821428571428571,1833.0,0.9934959349593496,True,3,0.0,contact_part_mask,26,0,contact_part_local_affine,False,0.825,36,36,36,1.0,0.563289999961853,3,0.0,1845.0,success,361,0.5100594460712041,,12136.0,earliest_reliable_tracked_reference_no_pre_gap,1.0,contact_part_local_affine,success,3,0.0,0.3159111111111111,,,,,,,success,keep,,5.153234633334477,/Users/huhu/Documents/Code/bishe/vrb/vrbreproduction/outputs/100subaction-e9/experiments/E9/pipeline_outputs/subaction_73_P01_109_73/candidate_05_frame_012137_right,/Users/huhu/Documents/Code/bishe/vrb/vrbreproduction/outputs/100subaction-e9/experiments/E9/pipeline_outputs/subaction_73_P01_109_73/candidate_05_frame_012137_right,/Users/huhu/Documents/Code/bishe/vrb/vrbreproduction/outputs/100subaction-e9/experiments/E9/pipeline_outputs/subaction_73_P01_109_73/candidate_05_frame_012137_right/reference_frame.png,/Users/huhu/Documents/Code/bishe/vrb/vrbreproduction/outputs/100subaction-e9/experiments/E9/pipeline_outputs/subaction_73_P01_109_73/candidate_05_frame_012137_right/label_heatmap_merged_overlay.png,/Users/huhu/Documents/Code/bishe/vrb/vrbreproduction/outputs/100subaction-e9/experiments/E9/pipeline_outputs/subaction_73_P01_109_73/candidate_05_frame_012137_right/vrb_style_affordance.png,6.0,0.0,"[203.56, 121.12, 249.32, 161.57]",/Users/huhu/Documents/Code/bishe/vrb/vrbreproduction/outputs/100subaction-e9/experiments/E9/pipeline_outputs/subaction_73_P01_109_73/candidate_05_frame_012137_right/label_heatmap_merged.npy,/Users/huhu/Documents/Code/bishe/vrb/vrbreproduction/outputs/100subaction-e9/experiments/E9/pipeline_outputs/subaction_73_P01_109_73/candidate_05_frame_012137_right/label_heatmap_merged.png,/Users/huhu/Documents/Code/bishe/vrb/vrbreproduction/outputs/100subaction-e9/experiments/E9/pipeline_outputs/subaction_73_P01_109_73/candidate_05_frame_012137_right/mask_projection_overlay.png,"(256, 456)",isotropic_e7,True,False
E9,73,P01_109_73,put down potato slices,put-down,slice:potato,['slice:potato'],12070,12186,12069.0,12185.0,6.0,12169.0,left,new_contact_episode,194,12,9,"[274.0, 86.0, 297.0, 116.0]",3.8939442531306843,grabcut_fallback,bbox_fallback,fallback_lk,failed,ModuleNotFoundError:No module named 'torch',small_object_whole_mask_allowed,690,1.0,713.0,1.0,True,5,0.0,contact_part_mask,26,0,contact_part_local_affine,False,1.0,36,36,36,1.0,0.371135950088501,5,0.0,713.0,success,361,0.5100594460712041,,12168.0,pre_contact_gap_tracked_reference,1.0,contact_part_local_affine,success,5,0.0,0.18826666666666667,,,,,,,success,keep,,6.168965921497344,/Users/huhu/Documents/Code/bishe/vrb/vrbreproduction/outputs/100subaction-e9/experiments/E9/pipeline_outputs/subaction_73_P01_109_73/candidate_06_frame_012169_left,/Users/huhu/Documents/Code/bishe/vrb/vrbreproduction/outputs/100subaction-e9/experiments/E9/pipeline_outputs/subaction_73_P01_109_73/candidate_06_frame_012169_left,/Users/huhu/Documents/Code/bishe/vrb/vrbreproduction/outputs/100subaction-e9/experiments/E9/pipeline_outputs/subaction_73_P01_109_73/candidate_06_frame_012169_left/reference_frame.png,/Users/huhu/Documents/Code/bishe/vrb/vrbreproduction/outputs/100subaction-e9/experiments/E9/pipeline_outputs/subaction_73_P01_109_73/candidate_06_frame_012169_left/label_heatmap_merged_overlay.png,/Users/huhu/Documents/Code/bishe/vrb/vrbreproduction/outputs/100subaction-e9/experiments/E9/pipeline_outputs/subaction_73_P01_109_73/candidate_06_frame_012169_left/vrb_style_affordance.png,6.0,0.0,"[271.72, 84.01, 295.43, 114.69]",/Users/huhu/Documents/Code/bishe/vrb/vrbreproduction/outputs/100subaction-e9/experiments/E9/pipeline_outputs/subaction_73_P01_109_73/candidate_06_frame_012169_left/label_heatmap_merged.npy,/Users/huhu/Documents/Code/bishe/vrb/vrbreproduction/outputs/100subaction-e9/experiments/E9/pipeline_outputs/subaction_73_P01_109_73/candidate_06_frame_012169_left/label_heatmap_merged.png,/Users/huhu/Documents/Code/bishe/vrb/vrbreproduction/outputs/100subaction-e9/experiments/E9/pipeline_outputs/subaction_73_P01_109_73/candidate_06_frame_012169_left/mask_projection_overlay.png,"(256, 456)",isotropic_e7,True,True
E9,73,P01_109_73,put down potato slices,put-down,slice:potato,['slice:potato'],12070,12186,12069.0,12185.0,7.0,12170.0,left,new_contact_episode,194,12,16,"[275.0, 88.0, 302.0, 119.0]",4.0250317934909505,grabcut_fallback,,,,,small_object_whole_mask_allowed,837,1.0,,,,0,,,26,10,,False,,36,0,0,,,0,,,success,361,0.5100594460712041,,,,,,failed,0,,,,,,,,,not_run,discard,part_gate_failed,,/Users/huhu/Documents/Code/bishe/vrb/vrbreproduction/outputs/100subaction-e9/experiments/E9/pipeline_outputs/subaction_73_P01_109_73/candidate_07_frame_012170_left,,,,,6.0,0.0,,,,,,,,False
E9,73,P01_109_73,put down potato slices,put-down,slice:potato,['slice:potato'],12070,12186,12069.0,12185.0,8.0,12171.0,left,new_contact_episode,194,12,8,"[278.0, 88.0, 304.0, 118.0]",3.975365457591889,grabcut_fallback,,,,,small_object_whole_mask_allowed,25,1.0,,,,0,,,25,11,,False,,36,0,0,,,0,,,success,361,0.5100594460712041,,,,,,failed,0,,,,,,,,,not_run,discard,part_gate_failed,,/Users/huhu/Documents/Code/bishe/vrb/vrbreproduction/outputs/100subaction-e9/experiments/E9/pipeline_outputs/subaction_73_P01_109_73/candidate_08_frame_012171_left,,,,,6.0,0.0,,,,,,,,False
E9,73,P01_109_73,put down potato slices,put-down,slice:potato,['slice:potato'],12070,12186,12069.0,12185.0,9.0,12169.0,right,new_contact_episode,194,12,51,"[307.0, 129.0, 336.0, 156.0]",3.761484190165907,grabcut_fallback,bbox_fallback,fallback_lk,failed,ModuleNotFoundError:No module named 'torch',small_object_whole_mask_allowed,505,1.0,870.0,1.0,True,5,0.0,contact_part_mask,26,0,contact_part_local_affine,False,1.0,36,36,36,1.0,0.5598021745681763,5,0.0,870.0,success,361,0.5100594460712041,,12168.0,pre_contact_gap_tracked_reference,1.0,contact_part_local_affine,success,5,0.0,0.21257777777777778,,,,,,,success,keep,,6.126839268096288,/Users/huhu/Documents/Code/bishe/vrb/vrbreproduction/outputs/100subaction-e9/experiments/E9/pipeline_outputs/subaction_73_P01_109_73/candidate_09_frame_012169_right,/Users/huhu/Documents/Code/bishe/vrb/vrbreproduction/outputs/100subaction-e9/experiments/E9/pipeline_outputs/subaction_73_P01_109_73/candidate_09_frame_012169_right,/Users/huhu/Documents/Code/bishe/vrb/vrbreproduction/outputs/100subaction-e9/experiments/E9/pipeline_outputs/subaction_73_P01_109_73/candidate_09_frame_012169_right/reference_frame.png,/Users/huhu/Documents/Code/bishe/vrb/vrbreproduction/outputs/100subaction-e9/experiments/E9/pipeline_outputs/subaction_73_P01_109_73/candidate_09_frame_012169_right/label_heatmap_merged_overlay.png,/Users/huhu/Documents/Code/bishe/vrb/vrbreproduction/outputs/100subaction-e9/experiments/E9/pipeline_outputs/subaction_73_P01_109_73/candidate_09_frame_012169_right/vrb_style_affordance.png,6.0,0.0,"[304.94, 126.44, 335.42, 154.9]",/Users/huhu/Documents/Code/bishe/vrb/vrbreproduction/outputs/100subaction-e9/experiments/E9/pipeline_outputs/subaction_73_P01_109_73/candidate_09_frame_012169_right/label_heatmap_merged.npy,/Users/huhu/Documents/Code/bishe/vrb/vrbreproduction/outputs/100subaction-e9/experiments/E9/pipeline_outputs/subaction_73_P01_109_73/candidate_09_frame_012169_right/label_heatmap_merged.png,/Users/huhu/Documents/Code/bishe/vrb/vrbreproduction/outputs/100subaction-e9/experiments/E9/pipeline_outputs/subaction_73_P01_109_73/candidate_09_frame_012169_right/mask_projection_overlay.png,"(256, 456)",isotropic_e7,True,False
E9,73,P01_109_73,put down potato slices,put-down,slice:potato,['slice:potato'],12070,12186,12069.0,12185.0,10.0,12170.0,right,new_contact_episode,194,12,58,"[308.0, 130.0, 338.0, 158.0]",3.9220561803081777,grabcut_fallback,bbox_fallback,fallback_lk,failed,ModuleNotFoundError:No module named 'torch',small_object_whole_mask_allowed,477,1.0,4708.0,0.9369154228855722,True,5,0.0,contact_part_mask,26,0,contact_part_local_affine,False,0.9855555555555556,36,36,32,0.8888888888888888,1.3350518941879272,5,0.0,5025.0,success,361,0.5100594460712041,,12165.0,pre_contact_gap_tracked_reference,5.0,contact_part_local_affine,success,5,0.0,0.23302222222222221,,,,,,,success,keep,,6.0126373320632505,/Users/huhu/Documents/Code/bishe/vrb/vrbreproduction/outputs/100subaction-e9/experiments/E9/pipeline_outputs/subaction_73_P01_109_73/candidate_10_frame_012170_right,/Users/huhu/Documents/Code/bishe/vrb/vrbreproduction/outputs/100subaction-e9/experiments/E9/pipeline_outputs/subaction_73_P01_109_73/candidate_10_frame_012170_right,/Users/huhu/Documents/Code/bishe/vrb/vrbreproduction/outputs/100subaction-e9/experiments/E9/pipeline_outputs/subaction_73_P01_109_73/candidate_10_frame_012170_right/reference_frame.png,/Users/huhu/Documents/Code/bishe/vrb/vrbreproduction/outputs/100subaction-e9/experiments/E9/pipeline_outputs/subaction_73_P01_109_73/candidate_10_frame_012170_right/label_heatmap_merged_overlay.png,/Users/huhu/Documents/Code/bishe/vrb/vrbreproduction/outputs/100subaction-e9/experiments/E9/pipeline_outputs/subaction_73_P01_109_73/candidate_10_frame_012170_right/vrb_style_affordance.png,6.0,0.0,"[272.59, 85.39, 347.73, 151.56]",/Users/huhu/Documents/Code/bishe/vrb/vrbreproduction/outputs/100subaction-e9/experiments/E9/pipeline_outputs/subaction_73_P01_109_73/candidate_10_frame_012170_right/label_heatmap_merged.npy,/Users/huhu/Documents/Code/bishe/vrb/vrbreproduction/outputs/100subaction-e9/experiments/E9/pipeline_outputs/subaction_73_P01_109_73/candidate_10_frame_012170_right/label_heatmap_merged.png,/Users/huhu/Documents/Code/bishe/vrb/vrbreproduction/outputs/100subaction-e9/experiments/E9/pipeline_outputs/subaction_73_P01_109_73/candidate_10_frame_012170_right/mask_projection_overlay.png,"(256, 456)",isotropic_e7,True,False
E9,73,P01_109_73,put down potato slices,put-down,slice:potato,['slice:potato'],12070,12186,12069.0,12185.0,11.0,12171.0,right,new_contact_episode,194,12,55,"[311.0, 131.0, 341.0, 159.0]",4.001155299442431,grabcut_fallback,bbox_fallback,fallback_lk,failed,ModuleNotFoundError:No module named 'torch',small_object_whole_mask_allowed,840,1.0,4607.0,0.91681592039801,True,5,0.0,contact_part_mask,26,0,contact_part_local_affine,False,0.9891666666666667,36,36,33,0.9166666666666666,1.242284893989563,5,0.0,5025.0,success,361,0.5100594460712041,,12165.0,pre_contact_gap_tracked_reference,6.0,contact_part_local_affine,success,5,0.0,0.23048888888888888,,,,,,,success,keep,,6.030164786513647,/Users/huhu/Documents/Code/bishe/vrb/vrbreproduction/outputs/100subaction-e9/experiments/E9/pipeline_outputs/subaction_73_P01_109_73/candidate_11_frame_012171_right,/Users/huhu/Documents/Code/bishe/vrb/vrbreproduction/outputs/100subaction-e9/experiments/E9/pipeline_outputs/subaction_73_P01_109_73/candidate_11_frame_012171_right,/Users/huhu/Documents/Code/bishe/vrb/vrbreproduction/outputs/100subaction-e9/experiments/E9/pipeline_outputs/subaction_73_P01_109_73/candidate_11_frame_012171_right/reference_frame.png,/Users/huhu/Documents/Code/bishe/vrb/vrbreproduction/outputs/100subaction-e9/experiments/E9/pipeline_outputs/subaction_73_P01_109_73/candidate_11_frame_012171_right/label_heatmap_merged_overlay.png,/Users/huhu/Documents/Code/bishe/vrb/vrbreproduction/outputs/100subaction-e9/experiments/E9/pipeline_outputs/subaction_73_P01_109_73/candidate_11_frame_012171_right/vrb_style_affordance.png,6.0,0.0,"[272.6, 85.37, 347.75, 151.56]",/Users/huhu/Documents/Code/bishe/vrb/vrbreproduction/outputs/100subaction-e9/experiments/E9/pipeline_outputs/subaction_73_P01_109_73/candidate_11_frame_012171_right/label_heatmap_merged.npy,/Users/huhu/Documents/Code/bishe/vrb/vrbreproduction/outputs/100subaction-e9/experiments/E9/pipeline_outputs/subaction_73_P01_109_73/candidate_11_frame_012171_right/label_heatmap_merged.png,/Users/huhu/Documents/Code/bishe/vrb/vrbreproduction/outputs/100subaction-e9/experiments/E9/pipeline_outputs/subaction_73_P01_109_73/candidate_11_frame_012171_right/mask_projection_overlay.png,"(256, 456)",isotropic_e7,True,True
E9,74,P01_109_74,pick up potato slices,pick-up,slice:potato,['slice:potato'],12181,12263,12180.0,12262.0,0.0,12190.0,left,new_contact_episode,131,11,83,"[204.0, 154.0, 264.0, 211.0]",3.6395223693982106,grabcut_fallback,bbox_fallback,fallback_lk,failed,ModuleNotFoundError:No module named 'torch',small_object_whole_mask_allowed,3420,1.0,3658.0,1.0,True,5,0.0,contact_part_mask,26,0,contact_part_local_affine,False,0.9471875000000001,36,32,19,0.59375,0.27716782689094543,5,0.0,3658.0,success,361,0.24896208118177174,,12189.0,earliest_reliable_tracked_reference_no_pre_gap,1.0,contact_part_local_affine,success,5,0.0,0.1991111111111111,,,,,,,success,keep,,5.907705798526605,/Users/huhu/Documents/Code/bishe/vrb/vrbreproduction/outputs/100subaction-e9/experiments/E9/pipeline_outputs/subaction_74_P01_109_74/candidate_00_frame_012190_left,/Users/huhu/Documents/Code/bishe/vrb/vrbreproduction/outputs/100subaction-e9/experiments/E9/pipeline_outputs/subaction_74_P01_109_74/candidate_00_frame_012190_left,/Users/huhu/Documents/Code/bishe/vrb/vrbreproduction/outputs/100subaction-e9/experiments/E9/pipeline_outputs/subaction_74_P01_109_74/candidate_00_frame_012190_left/reference_frame.png,/Users/huhu/Documents/Code/bishe/vrb/vrbreproduction/outputs/100subaction-e9/experiments/E9/pipeline_outputs/subaction_74_P01_109_74/candidate_00_frame_012190_left/label_heatmap_merged_overlay.png,/Users/huhu/Documents/Code/bishe/vrb/vrbreproduction/outputs/100subaction-e9/experiments/E9/pipeline_outputs/subaction_74_P01_109_74/candidate_00_frame_012190_left/vrb_style_affordance.png,6.0,0.0,"[199.52, 153.99, 261.83, 213.34]",/Users/huhu/Documents/Code/bishe/vrb/vrbreproduction/outputs/100subaction-e9/experiments/E9/pipeline_outputs/subaction_74_P01_109_74/candidate_00_frame_012190_left/label_heatmap_merged.npy,/Users/huhu/Documents/Code/bishe/vrb/vrbreproduction/outputs/100subaction-e9/experiments/E9/pipeline_outputs/subaction_74_P01_109_74/candidate_00_frame_012190_left/label_heatmap_merged.png,/Users/huhu/Documents/Code/bishe/vrb/vrbreproduction/outputs/100subaction-e9/experiments/E9/pipeline_outputs/subaction_74_P01_109_74/candidate_00_frame_012190_left/mask_projection_overlay.png,"(256, 456)",isotropic_e7,True,False
E9,74,P01_109_74,pick up potato slices,pick-up,slice:potato,['slice:potato'],12181,12263,12180.0,12262.0,1.0,12191.0,left,new_contact_episode,131,11,0,"[385.0, 147.0, 424.0, 177.0]",0.6870105274451626,,,,,,,0,,,,,0,,,0,0,,False,,0,0,0,,,0,,,not_run,0,0.0,,,,,,not_run,0,,,,,,,,,not_run,discard,contact_points_lt5_after_object_boundary_filter,,/Users/huhu/Documents/Code/bishe/vrb/vrbreproduction/outputs/100subaction-e9/experiments/E9/pipeline_outputs/subaction_74_P01_109_74/candidate_01_frame_012191_left,,,,,,,,,,,,,,False
E9,74,P01_109_74,pick up potato slices,pick-up,slice:potato,['slice:potato'],12181,12263,12180.0,12262.0,2.0,12192.0,left,new_contact_episode,131,11,0,"[388.0, 147.0, 425.0, 177.0]",0.6682067831886938,,,,,,,0,,,,,0,,,0,0,,False,,0,0,0,,,0,,,not_run,0,0.0,,,,,,not_run,0,,,,,,,,,not_run,discard,contact_points_lt5_after_object_boundary_filter,,/Users/huhu/Documents/Code/bishe/vrb/vrbreproduction/outputs/100subaction-e9/experiments/E9/pipeline_outputs/subaction_74_P01_109_74/candidate_02_frame_012192_left,,,,,,,,,,,,,,False
E9,74,P01_109_74,pick up potato slices,pick-up,slice:potato,['slice:potato'],12181,12263,12180.0,12262.0,3.0,12199.0,left,new_contact_episode,131,11,68,"[177.0, 142.0, 222.0, 182.0]",3.758651368548458,grabcut_fallback,bbox_fallback,fallback_lk,failed,ModuleNotFoundError:No module named 'torch',small_object_whole_mask_allowed,1264,1.0,1932.0,1.0,True,5,0.0,contact_part_mask,26,0,contact_part_local_affine,False,0.9694117647058824,36,34,26,0.7647058823529411,1.6142655611038208,5,0.0,1932.0,success,361,0.2092942838098164,,12198.0,earliest_reliable_tracked_reference_no_pre_gap,1.0,contact_part_local_affine,success,5,0.0,0.17666666666666667,,,,,,,success,keep,,6.03704262140218,/Users/huhu/Documents/Code/bishe/vrb/vrbreproduction/outputs/100subaction-e9/experiments/E9/pipeline_outputs/subaction_74_P01_109_74/candidate_03_frame_012199_left,/Users/huhu/Documents/Code/bishe/vrb/vrbreproduction/outputs/100subaction-e9/experiments/E9/pipeline_outputs/subaction_74_P01_109_74/candidate_03_frame_012199_left,/Users/huhu/Documents/Code/bishe/vrb/vrbreproduction/outputs/100subaction-e9/experiments/E9/pipeline_outputs/subaction_74_P01_109_74/candidate_03_frame_012199_left/reference_frame.png,/Users/huhu/Documents/Code/bishe/vrb/vrbreproduction/outputs/100subaction-e9/experiments/E9/pipeline_outputs/subaction_74_P01_109_74/candidate_03_frame_012199_left/label_heatmap_merged_overlay.png,/Users/huhu/Documents/Code/bishe/vrb/vrbreproduction/outputs/100subaction-e9/experiments/E9/pipeline_outputs/subaction_74_P01_109_74/candidate_03_frame_012199_left/vrb_style_affordance.png,6.0,0.0,"[174.05, 142.86, 220.05, 185.36]",/Users/huhu/Documents/Code/bishe/vrb/vrbreproduction/outputs/100subaction-e9/experiments/E9/pipeline_outputs/subaction_74_P01_109_74/candidate_03_frame_012199_left/label_heatmap_merged.npy,/Users/huhu/Documents/Code/bishe/vrb/vrbreproduction/outputs/100subaction-e9/experiments/E9/pipeline_outputs/subaction_74_P01_109_74/candidate_03_frame_012199_left/label_heatmap_merged.png,/Users/huhu/Documents/Code/bishe/vrb/vrbreproduction/outputs/100subaction-e9/experiments/E9/pipeline_outputs/subaction_74_P01_109_74/candidate_03_frame_012199_left/mask_projection_overlay.png,"(256, 456)",isotropic_e7,True,True
E9,74,P01_109_74,pick up potato slices,pick-up,slice:potato,['slice:potato'],12181,12263,12180.0,12262.0,4.0,12200.0,left,new_contact_episode,131,11,78,"[179.0, 141.0, 224.0, 181.0]",3.9720643457733966,grabcut_fallback,bbox_fallback,fallback_lk,failed,ModuleNotFoundError:No module named 'torch',small_object_whole_mask_allowed,1270,1.0,1845.0,1.0,True,5,0.0,contact_part_mask,26,0,contact_part_local_affine,False,0.9925714285714287,36,35,33,0.9428571428571428,1.41169273853302,5,0.0,1845.0,success,361,0.2092942838098164,,12199.0,earliest_reliable_tracked_reference_no_pre_gap,1.0,contact_part_local_affine,success,5,0.0,0.18088888888888888,,,,,,,success,keep,,6.145458741653533,/Users/huhu/Documents/Code/bishe/vrb/vrbreproduction/outputs/100subaction-e9/experiments/E9/pipeline_outputs/subaction_74_P01_109_74/candidate_04_frame_012200_left,/Users/huhu/Documents/Code/bishe/vrb/vrbreproduction/outputs/100subaction-e9/experiments/E9/pipeline_outputs/subaction_74_P01_109_74/candidate_04_frame_012200_left,/Users/huhu/Documents/Code/bishe/vrb/vrbreproduction/outputs/100subaction-e9/experiments/E9/pipeline_outputs/subaction_74_P01_109_74/candidate_04_frame_012200_left/reference_frame.png,/Users/huhu/Documents/Code/bishe/vrb/vrbreproduction/outputs/100subaction-e9/experiments/E9/pipeline_outputs/subaction_74_P01_109_74/candidate_04_frame_012200_left/label_heatmap_merged_overlay.png,/Users/huhu/Documents/Code/bishe/vrb/vrbreproduction/outputs/100subaction-e9/experiments/E9/pipeline_outputs/subaction_74_P01_109_74/candidate_04_frame_012200_left/vrb_style_affordance.png,6.0,0.0,"[176.95, 142.06, 222.38, 182.63]",/Users/huhu/Documents/Code/bishe/vrb/vrbreproduction/outputs/100subaction-e9/experiments/E9/pipeline_outputs/subaction_74_P01_109_74/candidate_04_frame_012200_left/label_heatmap_merged.npy,/Users/huhu/Documents/Code/bishe/vrb/vrbreproduction/outputs/100subaction-e9/experiments/E9/pipeline_outputs/subaction_74_P01_109_74/candidate_04_frame_012200_left/label_heatmap_merged.png,/Users/huhu/Documents/Code/bishe/vrb/vrbreproduction/outputs/100subaction-e9/experiments/E9/pipeline_outputs/subaction_74_P01_109_74/candidate_04_frame_012200_left/mask_projection_overlay.png,"(256, 456)",isotropic_e7,True,False
E9,74,P01_109_74,pick up potato slices,pick-up,slice:potato,['slice:potato'],12181,12263,12180.0,12262.0,5.0,12201.0,left,new_contact_episode,131,11,127,"[180.0, 141.0, 225.0, 181.0]",4.256530760232172,grabcut_fallback,bbox_fallback,fallback_lk,failed,ModuleNotFoundError:No module named 'torch',small_object_whole_mask_allowed,1282,1.0,1845.0,1.0,True,5,0.0,contact_part_mask,26,0,contact_part_local_affine,False,0.9962857142857143,36,35,34,0.9714285714285714,0.5562235116958618,5,0.0,1845.0,success,361,0.2092942838098164,,12200.0,earliest_reliable_tracked_reference_no_pre_gap,1.0,contact_part_local_affine,success,5,0.0,0.20364444444444443,,,,,,,success,keep,,6.154418056553886,/Users/huhu/Documents/Code/bishe/vrb/vrbreproduction/outputs/100subaction-e9/experiments/E9/pipeline_outputs/subaction_74_P01_109_74/candidate_05_frame_012201_left,/Users/huhu/Documents/Code/bishe/vrb/vrbreproduction/outputs/100subaction-e9/experiments/E9/pipeline_outputs/subaction_74_P01_109_74/candidate_05_frame_012201_left,/Users/huhu/Documents/Code/bishe/vrb/vrbreproduction/outputs/100subaction-e9/experiments/E9/pipeline_outputs/subaction_74_P01_109_74/candidate_05_frame_012201_left/reference_frame.png,/Users/huhu/Documents/Code/bishe/vrb/vrbreproduction/outputs/100subaction-e9/experiments/E9/pipeline_outputs/subaction_74_P01_109_74/candidate_05_frame_012201_left/label_heatmap_merged_overlay.png,/Users/huhu/Documents/Code/bishe/vrb/vrbreproduction/outputs/100subaction-e9/experiments/E9/pipeline_outputs/subaction_74_P01_109_74/candidate_05_frame_012201_left/vrb_style_affordance.png,6.0,0.0,"[178.53, 141.4, 223.73, 181.65]",/Users/huhu/Documents/Code/bishe/vrb/vrbreproduction/outputs/100subaction-e9/experiments/E9/pipeline_outputs/subaction_74_P01_109_74/candidate_05_frame_012201_left/label_heatmap_merged.npy,/Users/huhu/Documents/Code/bishe/vrb/vrbreproduction/outputs/100subaction-e9/experiments/E9/pipeline_outputs/subaction_74_P01_109_74/candidate_05_frame_012201_left/label_heatmap_merged.png,/Users/huhu/Documents/Code/bishe/vrb/vrbreproduction/outputs/100subaction-e9/experiments/E9/pipeline_outputs/subaction_74_P01_109_74/candidate_05_frame_012201_left/mask_projection_overlay.png,"(256, 456)",isotropic_e7,True,True
E9,74,P01_109_74,pick up potato slices,pick-up,slice:potato,['slice:potato'],12181,12263,12180.0,12262.0,6.0,12212.0,right,new_contact_episode,131,11,65,"[230.0, 106.0, 296.0, 190.0]",3.1112543901831025,grabcut_fallback,bbox_fallback,fallback_lk,failed,ModuleNotFoundError:No module named 'torch',small_object_whole_mask_allowed,4073,0.7346681096681097,3244.0,0.8305171530977983,True,3,0.0,contact_part_mask,26,0,contact_part_local_affine,False,0.825,36,20,20,1.0,0.9684423208236694,3,0.0,3906.0,success,361,0.2092942838098164,,12190.0,earliest_reliable_tracked_reference_no_pre_gap,22.0,contact_part_local_affine,success,3,0.0,0.20826666666666666,,,,,,,success,keep,,5.09918109497553,/Users/huhu/Documents/Code/bishe/vrb/vrbreproduction/outputs/100subaction-e9/experiments/E9/pipeline_outputs/subaction_74_P01_109_74/candidate_06_frame_012212_right,/Users/huhu/Documents/Code/bishe/vrb/vrbreproduction/outputs/100subaction-e9/experiments/E9/pipeline_outputs/subaction_74_P01_109_74/candidate_06_frame_012212_right,/Users/huhu/Documents/Code/bishe/vrb/vrbreproduction/outputs/100subaction-e9/experiments/E9/pipeline_outputs/subaction_74_P01_109_74/candidate_06_frame_012212_right/reference_frame.png,/Users/huhu/Documents/Code/bishe/vrb/vrbreproduction/outputs/100subaction-e9/experiments/E9/pipeline_outputs/subaction_74_P01_109_74/candidate_06_frame_012212_right/label_heatmap_merged_overlay.png,/Users/huhu/Documents/Code/bishe/vrb/vrbreproduction/outputs/100subaction-e9/experiments/E9/pipeline_outputs/subaction_74_P01_109_74/candidate_06_frame_012212_right/vrb_style_affordance.png,6.0,0.0,"[190.83, 145.39, 253.46, 208.45]",/Users/huhu/Documents/Code/bishe/vrb/vrbreproduction/outputs/100subaction-e9/experiments/E9/pipeline_outputs/subaction_74_P01_109_74/candidate_06_frame_012212_right/label_heatmap_merged.npy,/Users/huhu/Documents/Code/bishe/vrb/vrbreproduction/outputs/100subaction-e9/experiments/E9/pipeline_outputs/subaction_74_P01_109_74/candidate_06_frame_012212_right/label_heatmap_merged.png,/Users/huhu/Documents/Code/bishe/vrb/vrbreproduction/outputs/100subaction-e9/experiments/E9/pipeline_outputs/subaction_74_P01_109_74/candidate_06_frame_012212_right/mask_projection_overlay.png,"(256, 456)",isotropic_e7,True,False
E9,74,P01_109_74,pick up potato slices,pick-up,slice:potato,['slice:potato'],12181,12263,12180.0,12262.0,7.0,12214.0,right,new_contact_episode,131,11,50,"[229.0, 103.0, 280.0, 168.0]",3.1192284758658717,grabcut_fallback,bbox_fallback,fallback_lk,failed,ModuleNotFoundError:No module named 'torch',small_object_whole_mask_allowed,2906,0.8766214177978884,4152.0,0.9177718832891246,True,5,0.0,contact_part_mask,26,0,contact_part_local_affine,False,1.0,36,35,35,1.0,0.5514340400695801,5,0.0,4524.0,success,361,0.2092942838098164,,12213.0,earliest_reliable_tracked_reference_no_pre_gap,1.0,contact_part_local_affine,success,5,0.0,0.2712888888888889,,,,,,,success,keep,,6.070523645464578,/Users/huhu/Documents/Code/bishe/vrb/vrbreproduction/outputs/100subaction-e9/experiments/E9/pipeline_outputs/subaction_74_P01_109_74/candidate_07_frame_012214_right,/Users/huhu/Documents/Code/bishe/vrb/vrbreproduction/outputs/100subaction-e9/experiments/E9/pipeline_outputs/subaction_74_P01_109_74/candidate_07_frame_012214_right,/Users/huhu/Documents/Code/bishe/vrb/vrbreproduction/outputs/100subaction-e9/experiments/E9/pipeline_outputs/subaction_74_P01_109_74/candidate_07_frame_012214_right/reference_frame.png,/Users/huhu/Documents/Code/bishe/vrb/vrbreproduction/outputs/100subaction-e9/experiments/E9/pipeline_outputs/subaction_74_P01_109_74/candidate_07_frame_012214_right/label_heatmap_merged_overlay.png,/Users/huhu/Documents/Code/bishe/vrb/vrbreproduction/outputs/100subaction-e9/experiments/E9/pipeline_outputs/subaction_74_P01_109_74/candidate_07_frame_012214_right/vrb_style_affordance.png,6.0,0.0,"[228.86, 103.0, 286.97, 180.81]",/Users/huhu/Documents/Code/bishe/vrb/vrbreproduction/outputs/100subaction-e9/experiments/E9/pipeline_outputs/subaction_74_P01_109_74/candidate_07_frame_012214_right/label_heatmap_merged.npy,/Users/huhu/Documents/Code/bishe/vrb/vrbreproduction/outputs/100subaction-e9/experiments/E9/pipeline_outputs/subaction_74_P01_109_74/candidate_07_frame_012214_right/label_heatmap_merged.png,/Users/huhu/Documents/Code/bishe/vrb/vrbreproduction/outputs/100subaction-e9/experiments/E9/pipeline_outputs/subaction_74_P01_109_74/candidate_07_frame_012214_right/mask_projection_overlay.png,"(256, 456)",isotropic_e7,True,True
E9,74,P01_109_74,pick up potato slices,pick-up,slice:potato,['slice:potato'],12181,12263,12180.0,12262.0,8.0,12223.0,right,new_contact_episode,131,11,61,"[193.0, 131.0, 237.0, 172.0]",3.2043519214878016,grabcut_fallback,bbox_fallback,fallback_lk,failed,ModuleNotFoundError:No module named 'torch',small_object_whole_mask_allowed,1142,1.0,1763.0,1.0,True,5,0.0,contact_part_mask,26,0,contact_part_local_affine,False,1.0,36,36,36,1.0,0.4235246777534485,5,0.0,1763.0,success,361,0.2092942838098164,,12222.0,earliest_reliable_tracked_reference_no_pre_gap,1.0,contact_part_local_affine,success,5,0.0,0.3296,,,,,,,success,keep,,5.9868942596673955,/Users/huhu/Documents/Code/bishe/vrb/vrbreproduction/outputs/100subaction-e9/experiments/E9/pipeline_outputs/subaction_74_P01_109_74/candidate_08_frame_012223_right,/Users/huhu/Documents/Code/bishe/vrb/vrbreproduction/outputs/100subaction-e9/experiments/E9/pipeline_outputs/subaction_74_P01_109_74/candidate_08_frame_012223_right,/Users/huhu/Documents/Code/bishe/vrb/vrbreproduction/outputs/100subaction-e9/experiments/E9/pipeline_outputs/subaction_74_P01_109_74/candidate_08_frame_012223_right/reference_frame.png,/Users/huhu/Documents/Code/bishe/vrb/vrbreproduction/outputs/100subaction-e9/experiments/E9/pipeline_outputs/subaction_74_P01_109_74/candidate_08_frame_012223_right/label_heatmap_merged_overlay.png,/Users/huhu/Documents/Code/bishe/vrb/vrbreproduction/outputs/100subaction-e9/experiments/E9/pipeline_outputs/subaction_74_P01_109_74/candidate_08_frame_012223_right/vrb_style_affordance.png,6.0,0.0,"[193.87, 132.32, 236.68, 173.44]",/Users/huhu/Documents/Code/bishe/vrb/vrbreproduction/outputs/100subaction-e9/experiments/E9/pipeline_outputs/subaction_74_P01_109_74/candidate_08_frame_012223_right/label_heatmap_merged.npy,/Users/huhu/Documents/Code/bishe/vrb/vrbreproduction/outputs/100subaction-e9/experiments/E9/pipeline_outputs/subaction_74_P01_109_74/candidate_08_frame_012223_right/label_heatmap_merged.png,/Users/huhu/Documents/Code/bishe/vrb/vrbreproduction/outputs/100subaction-e9/experiments/E9/pipeline_outputs/subaction_74_P01_109_74/candidate_08_frame_012223_right/mask_projection_overlay.png,"(256, 456)",isotropic_e7,True,False
E9,74,P01_109_74,pick up potato slices,pick-up,slice:potato,['slice:potato'],12181,12263,12180.0,12262.0,9.0,12224.0,right,new_contact_episode,131,11,74,"[192.0, 133.0, 236.0, 173.0]",3.2775889538467444,grabcut_fallback,bbox_fallback,fallback_lk,failed,ModuleNotFoundError:No module named 'torch',small_object_whole_mask_allowed,1364,1.0,1804.0,1.0,True,5,0.0,contact_part_mask,26,0,contact_part_local_affine,False,1.0,36,36,36,1.0,0.4219682216644287,5,0.0,1804.0,success,361,0.2092942838098164,,12223.0,earliest_reliable_tracked_reference_no_pre_gap,1.0,contact_part_local_affine,success,5,0.0,0.30862222222222224,,,,,,,success,keep,,6.018407620016733,/Users/huhu/Documents/Code/bishe/vrb/vrbreproduction/outputs/100subaction-e9/experiments/E9/pipeline_outputs/subaction_74_P01_109_74/candidate_09_frame_012224_right,/Users/huhu/Documents/Code/bishe/vrb/vrbreproduction/outputs/100subaction-e9/experiments/E9/pipeline_outputs/subaction_74_P01_109_74/candidate_09_frame_012224_right,/Users/huhu/Documents/Code/bishe/vrb/vrbreproduction/outputs/100subaction-e9/experiments/E9/pipeline_outputs/subaction_74_P01_109_74/candidate_09_frame_012224_right/reference_frame.png,/Users/huhu/Documents/Code/bishe/vrb/vrbreproduction/outputs/100subaction-e9/experiments/E9/pipeline_outputs/subaction_74_P01_109_74/candidate_09_frame_012224_right/label_heatmap_merged_overlay.png,/Users/huhu/Documents/Code/bishe/vrb/vrbreproduction/outputs/100subaction-e9/experiments/E9/pipeline_outputs/subaction_74_P01_109_74/candidate_09_frame_012224_right/vrb_style_affordance.png,6.0,0.0,"[192.87, 131.6, 237.13, 172.52]",/Users/huhu/Documents/Code/bishe/vrb/vrbreproduction/outputs/100subaction-e9/experiments/E9/pipeline_outputs/subaction_74_P01_109_74/candidate_09_frame_012224_right/label_heatmap_merged.npy,/Users/huhu/Documents/Code/bishe/vrb/vrbreproduction/outputs/100subaction-e9/experiments/E9/pipeline_outputs/subaction_74_P01_109_74/candidate_09_frame_012224_right/label_heatmap_merged.png,/Users/huhu/Documents/Code/bishe/vrb/vrbreproduction/outputs/100subaction-e9/experiments/E9/pipeline_outputs/subaction_74_P01_109_74/candidate_09_frame_012224_right/mask_projection_overlay.png,"(256, 456)",isotropic_e7,True,False
E9,74,P01_109_74,pick up potato slices,pick-up,slice:potato,['slice:potato'],12181,12263,12180.0,12262.0,10.0,12225.0,right,new_contact_episode,131,11,49,"[191.0, 134.0, 232.0, 172.0]",3.261459384685347,grabcut_fallback,bbox_fallback,fallback_lk,failed,ModuleNotFoundError:No module named 'torch',small_object_whole_mask_allowed,1184,1.0,1720.0,1.0,True,5,0.0,contact_part_mask,26,0,contact_part_local_affine,False,1.0,36,36,36,1.0,0.4318312406539917,5,0.0,1720.0,success,361,0.2092942838098164,,12224.0,earliest_reliable_tracked_reference_no_pre_gap,1.0,contact_part_local_affine,success,5,0.0,0.3085333333333333,,,,,,,success,keep,,6.018245062780379,/Users/huhu/Documents/Code/bishe/vrb/vrbreproduction/outputs/100subaction-e9/experiments/E9/pipeline_outputs/subaction_74_P01_109_74/candidate_10_frame_012225_right,/Users/huhu/Documents/Code/bishe/vrb/vrbreproduction/outputs/100subaction-e9/experiments/E9/pipeline_outputs/subaction_74_P01_109_74/candidate_10_frame_012225_right,/Users/huhu/Documents/Code/bishe/vrb/vrbreproduction/outputs/100subaction-e9/experiments/E9/pipeline_outputs/subaction_74_P01_109_74/candidate_10_frame_012225_right/reference_frame.png,/Users/huhu/Documents/Code/bishe/vrb/vrbreproduction/outputs/100subaction-e9/experiments/E9/pipeline_outputs/subaction_74_P01_109_74/candidate_10_frame_012225_right/label_heatmap_merged_overlay.png,/Users/huhu/Documents/Code/bishe/vrb/vrbreproduction/outputs/100subaction-e9/experiments/E9/pipeline_outputs/subaction_74_P01_109_74/candidate_10_frame_012225_right/vrb_style_affordance.png,6.0,0.0,"[191.81, 133.22, 235.12, 172.89]",/Users/huhu/Documents/Code/bishe/vrb/vrbreproduction/outputs/100subaction-e9/experiments/E9/pipeline_outputs/subaction_74_P01_109_74/candidate_10_frame_012225_right/label_heatmap_merged.npy,/Users/huhu/Documents/Code/bishe/vrb/vrbreproduction/outputs/100subaction-e9/experiments/E9/pipeline_outputs/subaction_74_P01_109_74/candidate_10_frame_012225_right/label_heatmap_merged.png,/Users/huhu/Documents/Code/bishe/vrb/vrbreproduction/outputs/100subaction-e9/experiments/E9/pipeline_outputs/subaction_74_P01_109_74/candidate_10_frame_012225_right/mask_projection_overlay.png,"(256, 456)",isotropic_e7,True,False
E9,75,P01_109_75,put down potato slices,put-down,slice:potato,['slice:potato'],12267,12332,12266.0,12331.0,0.0,12294.0,right,new_contact_episode,71,6,0,"[181.0, 187.0, 235.0, 244.0]",2.2315438680441275,,,,,,,0,,,,,0,,,0,0,,False,,0,0,0,,,0,,,not_run,0,0.0,,,,,,not_run,0,,,,,,,,,not_run,discard,contact_points_lt5_after_object_boundary_filter,,/Users/huhu/Documents/Code/bishe/vrb/vrbreproduction/outputs/100subaction-e9/experiments/E9/pipeline_outputs/subaction_75_P01_109_75/candidate_00_frame_012294_right,,,,,,,,,,,,,,False
E9,75,P01_109_75,put down potato slices,put-down,slice:potato,['slice:potato'],12267,12332,12266.0,12331.0,1.0,12295.0,right,new_contact_episode,71,6,78,"[191.0, 187.0, 227.0, 217.0]",3.526853502601667,grabcut_fallback,bbox_fallback,fallback_lk,failed,ModuleNotFoundError:No module named 'torch',small_object_whole_mask_allowed,1080,1.0,1722.0,1.0,True,5,0.0,contact_part_mask,26,0,contact_part_local_affine,False,0.9881818181818183,36,22,20,0.9090909090909091,1.756605863571167,5,0.0,1722.0,success,361,0.2092942838098164,,12286.0,earliest_reliable_tracked_reference_no_pre_gap,9.0,contact_part_local_affine,success,5,0.0,0.14186666666666667,,,,,,,success,keep,,6.125047278638319,/Users/huhu/Documents/Code/bishe/vrb/vrbreproduction/outputs/100subaction-e9/experiments/E9/pipeline_outputs/subaction_75_P01_109_75/candidate_01_frame_012295_right,/Users/huhu/Documents/Code/bishe/vrb/vrbreproduction/outputs/100subaction-e9/experiments/E9/pipeline_outputs/subaction_75_P01_109_75/candidate_01_frame_012295_right,/Users/huhu/Documents/Code/bishe/vrb/vrbreproduction/outputs/100subaction-e9/experiments/E9/pipeline_outputs/subaction_75_P01_109_75/candidate_01_frame_012295_right/reference_frame.png,/Users/huhu/Documents/Code/bishe/vrb/vrbreproduction/outputs/100subaction-e9/experiments/E9/pipeline_outputs/subaction_75_P01_109_75/candidate_01_frame_012295_right/label_heatmap_merged_overlay.png,/Users/huhu/Documents/Code/bishe/vrb/vrbreproduction/outputs/100subaction-e9/experiments/E9/pipeline_outputs/subaction_75_P01_109_75/candidate_01_frame_012295_right/vrb_style_affordance.png,6.0,0.0,"[162.04, 195.86, 204.3, 237.21]",/Users/huhu/Documents/Code/bishe/vrb/vrbreproduction/outputs/100subaction-e9/experiments/E9/pipeline_outputs/subaction_75_P01_109_75/candidate_01_frame_012295_right/label_heatmap_merged.npy,/Users/huhu/Documents/Code/bishe/vrb/vrbreproduction/outputs/100subaction-e9/experiments/E9/pipeline_outputs/subaction_75_P01_109_75/candidate_01_frame_012295_right/label_heatmap_merged.png,/Users/huhu/Documents/Code/bishe/vrb/vrbreproduction/outputs/100subaction-e9/experiments/E9/pipeline_outputs/subaction_75_P01_109_75/candidate_01_frame_012295_right/mask_projection_overlay.png,"(256, 456)",isotropic_e7,True,True
E9,75,P01_109_75,put down potato slices,put-down,slice:potato,['slice:potato'],12267,12332,12266.0,12331.0,2.0,12296.0,right,new_contact_episode,71,6,0,"[192.0, 183.0, 238.0, 240.0]",2.3442473841576636,,,,,,,0,,,,,0,,,0,0,,False,,0,0,0,,,0,,,not_run,0,0.0,,,,,,not_run,0,,,,,,,,,not_run,discard,contact_points_lt5_after_object_boundary_filter,,/Users/huhu/Documents/Code/bishe/vrb/vrbreproduction/outputs/100subaction-e9/experiments/E9/pipeline_outputs/subaction_75_P01_109_75/candidate_02_frame_012296_right,,,,,,,,,,,,,,False
E9,75,P01_109_75,put down potato slices,put-down,slice:potato,['slice:potato'],12267,12332,12266.0,12331.0,3.0,12325.0,right,new_contact_episode,71,6,19,"[371.0, 109.0, 399.0, 143.0]",2.929573845115833,grabcut_fallback,,,,,small_object_whole_mask_allowed,758,1.0,,,,0,,,26,0,,False,,36,0,0,,,0,,,success,361,0.2092942838098164,,,,,,failed,0,,,,,,,,,failed,discard,trajectory_out_of_bounds,,/Users/huhu/Documents/Code/bishe/vrb/vrbreproduction/outputs/100subaction-e9/experiments/E9/pipeline_outputs/subaction_75_P01_109_75/candidate_03_frame_012325_right,,,,,6.0,0.0,,,,,,,,False
E9,75,P01_109_75,put down potato slices,put-down,slice:potato,['slice:potato'],12267,12332,12266.0,12331.0,4.0,12326.0,right,new_contact_episode,71,6,122,"[330.0, 66.0, 423.0, 209.0]",3.1447391314718796,grabcut_fallback,bbox_fallback,fallback_lk,failed,ModuleNotFoundError:No module named 'torch',small_object_whole_mask_allowed,5765,0.83285177694308,7637.0,0.7304638928742229,True,5,0.0,contact_part_mask,26,0,contact_part_local_affine,False,0.9963888888888889,36,36,35,0.9722222222222222,0.17713132500648499,5,0.0,10455.0,success,361,0.2092942838098164,,12324.0,pre_contact_gap_tracked_reference,2.0,contact_part_local_affine,success,5,0.0,0.15253333333333333,,,,,,,success,keep,,6.236941615805362,/Users/huhu/Documents/Code/bishe/vrb/vrbreproduction/outputs/100subaction-e9/experiments/E9/pipeline_outputs/subaction_75_P01_109_75/candidate_04_frame_012326_right,/Users/huhu/Documents/Code/bishe/vrb/vrbreproduction/outputs/100subaction-e9/experiments/E9/pipeline_outputs/subaction_75_P01_109_75/candidate_04_frame_012326_right,/Users/huhu/Documents/Code/bishe/vrb/vrbreproduction/outputs/100subaction-e9/experiments/E9/pipeline_outputs/subaction_75_P01_109_75/candidate_04_frame_012326_right/reference_frame.png,/Users/huhu/Documents/Code/bishe/vrb/vrbreproduction/outputs/100subaction-e9/experiments/E9/pipeline_outputs/subaction_75_P01_109_75/candidate_04_frame_012326_right/label_heatmap_merged_overlay.png,/Users/huhu/Documents/Code/bishe/vrb/vrbreproduction/outputs/100subaction-e9/experiments/E9/pipeline_outputs/subaction_75_P01_109_75/candidate_04_frame_012326_right/vrb_style_affordance.png,6.0,0.0,"[329.85, 74.49, 415.43, 197.29]",/Users/huhu/Documents/Code/bishe/vrb/vrbreproduction/outputs/100subaction-e9/experiments/E9/pipeline_outputs/subaction_75_P01_109_75/candidate_04_frame_012326_right/label_heatmap_merged.npy,/Users/huhu/Documents/Code/bishe/vrb/vrbreproduction/outputs/100subaction-e9/experiments/E9/pipeline_outputs/subaction_75_P01_109_75/candidate_04_frame_012326_right/label_heatmap_merged.png,/Users/huhu/Documents/Code/bishe/vrb/vrbreproduction/outputs/100subaction-e9/experiments/E9/pipeline_outputs/subaction_75_P01_109_75/candidate_04_frame_012326_right/mask_projection_overlay.png,"(256, 456)",isotropic_e7,True,True
E9,75,P01_109_75,put down potato slices,put-down,slice:potato,['slice:potato'],12267,12332,12266.0,12331.0,5.0,12327.0,right,new_contact_episode,71,6,29,"[379.0, 111.0, 404.0, 146.0]",3.0490802683487623,grabcut_fallback,,,,,small_object_whole_mask_allowed,666,1.0,,,,0,,,26,0,,False,,36,0,0,,,0,,,success,361,0.2092942838098164,,,,,,failed,0,,,,,,,,,failed,discard,trajectory_out_of_bounds,,/Users/huhu/Documents/Code/bishe/vrb/vrbreproduction/outputs/100subaction-e9/experiments/E9/pipeline_outputs/subaction_75_P01_109_75/candidate_05_frame_012327_right,,,,,6.0,0.0,,,,,,,,False
E9,76,P01_109_76,pick up potato slice,pick-up,slice:potato,['slice:potato'],12325,12391,12324.0,12390.0,0.0,12325.0,right,new_contact_episode,65,12,19,"[371.0, 109.0, 399.0, 143.0]",2.929573845115833,grabcut_fallback,,,,,small_object_whole_mask_allowed,758,1.0,,,,0,,,26,0,,False,,36,0,0,,,0,,,success,361,0.2092942838098164,,,,,,failed,0,,,,,,,,,failed,discard,trajectory_out_of_bounds,,/Users/huhu/Documents/Code/bishe/vrb/vrbreproduction/outputs/100subaction-e9/experiments/E9/pipeline_outputs/subaction_76_P01_109_76/candidate_00_frame_012325_right,,,,,6.0,0.0,,,,,,,,False
E9,76,P01_109_76,pick up potato slice,pick-up,slice:potato,['slice:potato'],12325,12391,12324.0,12390.0,1.0,12326.0,right,new_contact_episode,65,12,122,"[330.0, 66.0, 423.0, 209.0]",3.1447391314718796,grabcut_fallback,bbox_fallback,fallback_lk,failed,ModuleNotFoundError:No module named 'torch',small_object_whole_mask_allowed,5765,0.83285177694308,7637.0,0.7304638928742229,True,5,0.0,contact_part_mask,26,0,contact_part_local_affine,False,0.9963888888888889,36,36,35,0.9722222222222222,0.17713132500648499,5,0.0,10455.0,success,361,0.2092942838098164,,12324.0,pre_contact_gap_tracked_reference,2.0,contact_part_local_affine,success,5,0.0,0.15253333333333333,,,,,,,success,keep,,6.236941615805362,/Users/huhu/Documents/Code/bishe/vrb/vrbreproduction/outputs/100subaction-e9/experiments/E9/pipeline_outputs/subaction_76_P01_109_76/candidate_01_frame_012326_right,/Users/huhu/Documents/Code/bishe/vrb/vrbreproduction/outputs/100subaction-e9/experiments/E9/pipeline_outputs/subaction_76_P01_109_76/candidate_01_frame_012326_right,/Users/huhu/Documents/Code/bishe/vrb/vrbreproduction/outputs/100subaction-e9/experiments/E9/pipeline_outputs/subaction_76_P01_109_76/candidate_01_frame_012326_right/reference_frame.png,/Users/huhu/Documents/Code/bishe/vrb/vrbreproduction/outputs/100subaction-e9/experiments/E9/pipeline_outputs/subaction_76_P01_109_76/candidate_01_frame_012326_right/label_heatmap_merged_overlay.png,/Users/huhu/Documents/Code/bishe/vrb/vrbreproduction/outputs/100subaction-e9/experiments/E9/pipeline_outputs/subaction_76_P01_109_76/candidate_01_frame_012326_right/vrb_style_affordance.png,6.0,0.0,"[329.85, 74.49, 415.43, 197.29]",/Users/huhu/Documents/Code/bishe/vrb/vrbreproduction/outputs/100subaction-e9/experiments/E9/pipeline_outputs/subaction_76_P01_109_76/candidate_01_frame_012326_right/label_heatmap_merged.npy,/Users/huhu/Documents/Code/bishe/vrb/vrbreproduction/outputs/100subaction-e9/experiments/E9/pipeline_outputs/subaction_76_P01_109_76/candidate_01_frame_012326_right/label_heatmap_merged.png,/Users/huhu/Documents/Code/bishe/vrb/vrbreproduction/outputs/100subaction-e9/experiments/E9/pipeline_outputs/subaction_76_P01_109_76/candidate_01_frame_012326_right/mask_projection_overlay.png,"(256, 456)",isotropic_e7,True,True
E9,76,P01_109_76,pick up potato slice,pick-up,slice:potato,['slice:potato'],12325,12391,12324.0,12390.0,2.0,12327.0,right,new_contact_episode,65,12,29,"[379.0, 111.0, 404.0, 146.0]",3.0490802683487623,grabcut_fallback,,,,,small_object_whole_mask_allowed,666,1.0,,,,0,,,26,0,,False,,36,0,0,,,0,,,success,361,0.2092942838098164,,,,,,failed,0,,,,,,,,,failed,discard,trajectory_out_of_bounds,,/Users/huhu/Documents/Code/bishe/vrb/vrbreproduction/outputs/100subaction-e9/experiments/E9/pipeline_outputs/subaction_76_P01_109_76/candidate_02_frame_012327_right,,,,,6.0,0.0,,,,,,,,False
E9,76,P01_109_76,pick up potato slice,pick-up,slice:potato,['slice:potato'],12325,12391,12324.0,12390.0,3.0,12335.0,left,new_contact_episode,65,12,48,"[112.0, 181.0, 148.0, 218.0]",4.698591888139635,grabcut_fallback,bbox_fallback,fallback_lk,failed,ModuleNotFoundError:No module named 'torch',small_object_whole_mask_allowed,584,1.0,1482.0,1.0,True,5,0.0,contact_part_mask,26,0,contact_part_local_affine,False,1.0,36,28,28,1.0,1.5603039264678955,5,0.0,1482.0,success,361,0.2092942838098164,,12334.0,pre_contact_gap_tracked_reference,1.0,contact_part_local_affine,success,5,0.0,0.15431111111111112,,,,,,,success,keep,,6.184224215539295,/Users/huhu/Documents/Code/bishe/vrb/vrbreproduction/outputs/100subaction-e9/experiments/E9/pipeline_outputs/subaction_76_P01_109_76/candidate_03_frame_012335_left,/Users/huhu/Documents/Code/bishe/vrb/vrbreproduction/outputs/100subaction-e9/experiments/E9/pipeline_outputs/subaction_76_P01_109_76/candidate_03_frame_012335_left,/Users/huhu/Documents/Code/bishe/vrb/vrbreproduction/outputs/100subaction-e9/experiments/E9/pipeline_outputs/subaction_76_P01_109_76/candidate_03_frame_012335_left/reference_frame.png,/Users/huhu/Documents/Code/bishe/vrb/vrbreproduction/outputs/100subaction-e9/experiments/E9/pipeline_outputs/subaction_76_P01_109_76/candidate_03_frame_012335_left/label_heatmap_merged_overlay.png,/Users/huhu/Documents/Code/bishe/vrb/vrbreproduction/outputs/100subaction-e9/experiments/E9/pipeline_outputs/subaction_76_P01_109_76/candidate_03_frame_012335_left/vrb_style_affordance.png,6.0,0.0,"[110.9, 180.69, 149.5, 220.18]",/Users/huhu/Documents/Code/bishe/vrb/vrbreproduction/outputs/100subaction-e9/experiments/E9/pipeline_outputs/subaction_76_P01_109_76/candidate_03_frame_012335_left/label_heatmap_merged.npy,/Users/huhu/Documents/Code/bishe/vrb/vrbreproduction/outputs/100subaction-e9/experiments/E9/pipeline_outputs/subaction_76_P01_109_76/candidate_03_frame_012335_left/label_heatmap_merged.png,/Users/huhu/Documents/Code/bishe/vrb/vrbreproduction/outputs/100subaction-e9/experiments/E9/pipeline_outputs/subaction_76_P01_109_76/candidate_03_frame_012335_left/mask_projection_overlay.png,"(256, 456)",isotropic_e7,True,True
E9,76,P01_109_76,pick up potato slice,pick-up,slice:potato,['slice:potato'],12325,12391,12324.0,12390.0,4.0,12336.0,left,new_contact_episode,65,12,97,"[116.0, 180.0, 150.0, 220.0]",4.900577892853047,grabcut_fallback,bbox_fallback,fallback_lk,failed,ModuleNotFoundError:No module named 'torch',small_object_whole_mask_allowed,1360,1.0,1520.0,1.0,True,5,0.0,contact_part_mask,26,0,contact_part_local_affine,False,0.9910344827586207,36,29,27,0.9310344827586207,1.3322702646255493,5,0.0,1520.0,success,361,0.2092942838098164,,12334.0,pre_contact_gap_tracked_reference,2.0,contact_part_local_affine,success,5,0.0,0.15431111111111112,,,,,,,success,keep,,6.142996259877326,/Users/huhu/Documents/Code/bishe/vrb/vrbreproduction/outputs/100subaction-e9/experiments/E9/pipeline_outputs/subaction_76_P01_109_76/candidate_04_frame_012336_left,/Users/huhu/Documents/Code/bishe/vrb/vrbreproduction/outputs/100subaction-e9/experiments/E9/pipeline_outputs/subaction_76_P01_109_76/candidate_04_frame_012336_left,/Users/huhu/Documents/Code/bishe/vrb/vrbreproduction/outputs/100subaction-e9/experiments/E9/pipeline_outputs/subaction_76_P01_109_76/candidate_04_frame_012336_left/reference_frame.png,/Users/huhu/Documents/Code/bishe/vrb/vrbreproduction/outputs/100subaction-e9/experiments/E9/pipeline_outputs/subaction_76_P01_109_76/candidate_04_frame_012336_left/label_heatmap_merged_overlay.png,/Users/huhu/Documents/Code/bishe/vrb/vrbreproduction/outputs/100subaction-e9/experiments/E9/pipeline_outputs/subaction_76_P01_109_76/candidate_04_frame_012336_left/vrb_style_affordance.png,6.0,0.0,"[112.98, 180.93, 150.8, 220.99]",/Users/huhu/Documents/Code/bishe/vrb/vrbreproduction/outputs/100subaction-e9/experiments/E9/pipeline_outputs/subaction_76_P01_109_76/candidate_04_frame_012336_left/label_heatmap_merged.npy,/Users/huhu/Documents/Code/bishe/vrb/vrbreproduction/outputs/100subaction-e9/experiments/E9/pipeline_outputs/subaction_76_P01_109_76/candidate_04_frame_012336_left/label_heatmap_merged.png,/Users/huhu/Documents/Code/bishe/vrb/vrbreproduction/outputs/100subaction-e9/experiments/E9/pipeline_outputs/subaction_76_P01_109_76/candidate_04_frame_012336_left/mask_projection_overlay.png,"(256, 456)",isotropic_e7,True,False
E9,76,P01_109_76,pick up potato slice,pick-up,slice:potato,['slice:potato'],12325,12391,12324.0,12390.0,5.0,12337.0,left,new_contact_episode,65,12,93,"[114.0, 180.0, 150.0, 219.0]",5.097979982612178,grabcut_fallback,bbox_fallback,fallback_lk,failed,ModuleNotFoundError:No module named 'torch',small_object_whole_mask_allowed,681,1.0,1558.0,1.0,True,5,0.0,contact_part_mask,26,0,contact_part_local_affine,False,0.9480000000000001,36,15,9,0.6,1.3367489576339722,5,0.0,1558.0,success,361,0.2092942838098164,,12333.0,pre_contact_gap_tracked_reference,4.0,contact_part_local_affine,success,5,0.0,0.1456,,,,,,,success,keep,,5.910970031270981,/Users/huhu/Documents/Code/bishe/vrb/vrbreproduction/outputs/100subaction-e9/experiments/E9/pipeline_outputs/subaction_76_P01_109_76/candidate_05_frame_012337_left,/Users/huhu/Documents/Code/bishe/vrb/vrbreproduction/outputs/100subaction-e9/experiments/E9/pipeline_outputs/subaction_76_P01_109_76/candidate_05_frame_012337_left,/Users/huhu/Documents/Code/bishe/vrb/vrbreproduction/outputs/100subaction-e9/experiments/E9/pipeline_outputs/subaction_76_P01_109_76/candidate_05_frame_012337_left/reference_frame.png,/Users/huhu/Documents/Code/bishe/vrb/vrbreproduction/outputs/100subaction-e9/experiments/E9/pipeline_outputs/subaction_76_P01_109_76/candidate_05_frame_012337_left/label_heatmap_merged_overlay.png,/Users/huhu/Documents/Code/bishe/vrb/vrbreproduction/outputs/100subaction-e9/experiments/E9/pipeline_outputs/subaction_76_P01_109_76/candidate_05_frame_012337_left/vrb_style_affordance.png,6.0,0.0,"[117.63, 181.28, 156.15, 221.54]",/Users/huhu/Documents/Code/bishe/vrb/vrbreproduction/outputs/100subaction-e9/experiments/E9/pipeline_outputs/subaction_76_P01_109_76/candidate_05_frame_012337_left/label_heatmap_merged.npy,/Users/huhu/Documents/Code/bishe/vrb/vrbreproduction/outputs/100subaction-e9/experiments/E9/pipeline_outputs/subaction_76_P01_109_76/candidate_05_frame_012337_left/label_heatmap_merged.png,/Users/huhu/Documents/Code/bishe/vrb/vrbreproduction/outputs/100subaction-e9/experiments/E9/pipeline_outputs/subaction_76_P01_109_76/candidate_05_frame_012337_left/mask_projection_overlay.png,"(256, 456)",isotropic_e7,True,False
E9,76,P01_109_76,pick up potato slice,pick-up,slice:potato,['slice:potato'],12325,12391,12324.0,12390.0,6.0,12340.0,left,new_contact_episode,65,12,0,,,,,,,,,0,,,,,0,,,0,0,,False,,0,0,0,,,0,,,not_run,0,0.0,,,,,,not_run,0,,,,,,,,,not_run,discard,missing_hand_or_object_bbox,,/Users/huhu/Documents/Code/bishe/vrb/vrbreproduction/outputs/100subaction-e9/experiments/E9/pipeline_outputs/subaction_76_P01_109_76/candidate_06_frame_012340_left,,,,,,,,,,,,,,False
E9,76,P01_109_76,pick up potato slice,pick-up,slice:potato,['slice:potato'],12325,12391,12324.0,12390.0,7.0,12341.0,left,new_contact_episode,65,12,86,"[124.0, 175.0, 150.0, 207.0]",4.978095679905576,grabcut_fallback,bbox_fallback,fallback_lk,failed,ModuleNotFoundError:No module named 'torch',small_object_whole_mask_allowed,649,1.0,1015.0,1.0,True,5,0.0,contact_part_mask,26,0,contact_part_local_affine,False,1.0,36,36,36,1.0,0.96051025390625,5,0.0,1015.0,success,361,0.2092942838098164,,12339.0,pre_contact_gap_tracked_reference,2.0,contact_part_local_affine,success,5,0.0,0.1792,,,,,,,success,keep,,6.1278571923828125,/Users/huhu/Documents/Code/bishe/vrb/vrbreproduction/outputs/100subaction-e9/experiments/E9/pipeline_outputs/subaction_76_P01_109_76/candidate_07_frame_012341_left,/Users/huhu/Documents/Code/bishe/vrb/vrbreproduction/outputs/100subaction-e9/experiments/E9/pipeline_outputs/subaction_76_P01_109_76/candidate_07_frame_012341_left,/Users/huhu/Documents/Code/bishe/vrb/vrbreproduction/outputs/100subaction-e9/experiments/E9/pipeline_outputs/subaction_76_P01_109_76/candidate_07_frame_012341_left/reference_frame.png,/Users/huhu/Documents/Code/bishe/vrb/vrbreproduction/outputs/100subaction-e9/experiments/E9/pipeline_outputs/subaction_76_P01_109_76/candidate_07_frame_012341_left/label_heatmap_merged_overlay.png,/Users/huhu/Documents/Code/bishe/vrb/vrbreproduction/outputs/100subaction-e9/experiments/E9/pipeline_outputs/subaction_76_P01_109_76/candidate_07_frame_012341_left/vrb_style_affordance.png,6.0,0.0,"[119.56, 175.64, 149.32, 211.38]",/Users/huhu/Documents/Code/bishe/vrb/vrbreproduction/outputs/100subaction-e9/experiments/E9/pipeline_outputs/subaction_76_P01_109_76/candidate_07_frame_012341_left/label_heatmap_merged.npy,/Users/huhu/Documents/Code/bishe/vrb/vrbreproduction/outputs/100subaction-e9/experiments/E9/pipeline_outputs/subaction_76_P01_109_76/candidate_07_frame_012341_left/label_heatmap_merged.png,/Users/huhu/Documents/Code/bishe/vrb/vrbreproduction/outputs/100subaction-e9/experiments/E9/pipeline_outputs/subaction_76_P01_109_76/candidate_07_frame_012341_left/mask_projection_overlay.png,"(256, 456)",isotropic_e7,True,True
E9,76,P01_109_76,pick up potato slice,pick-up,slice:potato,['slice:potato'],12325,12391,12324.0,12390.0,8.0,12342.0,left,new_contact_episode,65,12,74,"[124.0, 174.0, 150.0, 208.0]",5.075197648577075,grabcut_fallback,bbox_fallback,fallback_lk,failed,ModuleNotFoundError:No module named 'torch',small_object_whole_mask_allowed,676,1.0,1400.0,1.0,True,4,0.0,contact_part_mask,26,0,contact_part_local_affine,False,0.7175,36,36,27,0.75,0.8907020092010498,4,0.0,1400.0,success,361,0.2092942838098164,,12338.0,pre_contact_gap_tracked_reference,4.0,contact_part_local_affine,success,4,0.0,0.15724444444444444,,,,,,,success,keep,,5.301197410557303,/Users/huhu/Documents/Code/bishe/vrb/vrbreproduction/outputs/100subaction-e9/experiments/E9/pipeline_outputs/subaction_76_P01_109_76/candidate_08_frame_012342_left,/Users/huhu/Documents/Code/bishe/vrb/vrbreproduction/outputs/100subaction-e9/experiments/E9/pipeline_outputs/subaction_76_P01_109_76/candidate_08_frame_012342_left,/Users/huhu/Documents/Code/bishe/vrb/vrbreproduction/outputs/100subaction-e9/experiments/E9/pipeline_outputs/subaction_76_P01_109_76/candidate_08_frame_012342_left/reference_frame.png,/Users/huhu/Documents/Code/bishe/vrb/vrbreproduction/outputs/100subaction-e9/experiments/E9/pipeline_outputs/subaction_76_P01_109_76/candidate_08_frame_012342_left/label_heatmap_merged_overlay.png,/Users/huhu/Documents/Code/bishe/vrb/vrbreproduction/outputs/100subaction-e9/experiments/E9/pipeline_outputs/subaction_76_P01_109_76/candidate_08_frame_012342_left/vrb_style_affordance.png,6.0,0.0,"[114.24, 177.1, 149.23, 216.98]",/Users/huhu/Documents/Code/bishe/vrb/vrbreproduction/outputs/100subaction-e9/experiments/E9/pipeline_outputs/subaction_76_P01_109_76/candidate_08_frame_012342_left/label_heatmap_merged.npy,/Users/huhu/Documents/Code/bishe/vrb/vrbreproduction/outputs/100subaction-e9/experiments/E9/pipeline_outputs/subaction_76_P01_109_76/candidate_08_frame_012342_left/label_heatmap_merged.png,/Users/huhu/Documents/Code/bishe/vrb/vrbreproduction/outputs/100subaction-e9/experiments/E9/pipeline_outputs/subaction_76_P01_109_76/candidate_08_frame_012342_left/mask_projection_overlay.png,"(256, 456)",isotropic_e7,True,False
E9,76,P01_109_76,pick up potato slice,pick-up,slice:potato,['slice:potato'],12325,12391,12324.0,12390.0,9.0,12346.0,left,new_contact_episode,65,12,115,"[127.0, 174.0, 151.0, 204.0]",4.865901027812928,grabcut_fallback,bbox_fallback,fallback_lk,failed,ModuleNotFoundError:No module named 'torch',small_object_whole_mask_allowed,720,1.0,720.0,1.0,True,4,0.0,contact_part_mask,26,0,contact_part_local_affine,False,0.75,36,36,36,1.0,1.4817427396774292,4,0.0,720.0,success,361,0.2092942838098164,,12344.0,pre_contact_gap_tracked_reference,2.0,contact_part_local_affine,success,4,0.0,0.1248,,,,,,,success,keep,,5.474847717809677,/Users/huhu/Documents/Code/bishe/vrb/vrbreproduction/outputs/100subaction-e9/experiments/E9/pipeline_outputs/subaction_76_P01_109_76/candidate_09_frame_012346_left,/Users/huhu/Documents/Code/bishe/vrb/vrbreproduction/outputs/100subaction-e9/experiments/E9/pipeline_outputs/subaction_76_P01_109_76/candidate_09_frame_012346_left,/Users/huhu/Documents/Code/bishe/vrb/vrbreproduction/outputs/100subaction-e9/experiments/E9/pipeline_outputs/subaction_76_P01_109_76/candidate_09_frame_012346_left/reference_frame.png,/Users/huhu/Documents/Code/bishe/vrb/vrbreproduction/outputs/100subaction-e9/experiments/E9/pipeline_outputs/subaction_76_P01_109_76/candidate_09_frame_012346_left/label_heatmap_merged_overlay.png,/Users/huhu/Documents/Code/bishe/vrb/vrbreproduction/outputs/100subaction-e9/experiments/E9/pipeline_outputs/subaction_76_P01_109_76/candidate_09_frame_012346_left/vrb_style_affordance.png,6.0,0.0,"[126.75, 174.26, 151.0, 204.43]",/Users/huhu/Documents/Code/bishe/vrb/vrbreproduction/outputs/100subaction-e9/experiments/E9/pipeline_outputs/subaction_76_P01_109_76/candidate_09_frame_012346_left/label_heatmap_merged.npy,/Users/huhu/Documents/Code/bishe/vrb/vrbreproduction/outputs/100subaction-e9/experiments/E9/pipeline_outputs/subaction_76_P01_109_76/candidate_09_frame_012346_left/label_heatmap_merged.png,/Users/huhu/Documents/Code/bishe/vrb/vrbreproduction/outputs/100subaction-e9/experiments/E9/pipeline_outputs/subaction_76_P01_109_76/candidate_09_frame_012346_left/mask_projection_overlay.png,"(256, 456)",isotropic_e7,True,False
E9,76,P01_109_76,pick up potato slice,pick-up,slice:potato,['slice:potato'],12325,12391,12324.0,12390.0,10.0,12347.0,left,new_contact_episode,65,12,119,"[126.0, 174.0, 151.0, 203.0]",4.932154140529263,grabcut_fallback,bbox_fallback,fallback_lk,failed,ModuleNotFoundError:No module named 'torch',small_object_whole_mask_allowed,725,1.0,720.0,1.0,True,4,0.0,contact_part_mask,26,0,contact_part_local_affine,False,0.8908333333333334,36,36,30,0.8333333333333334,1.5753202438354492,4,0.0,720.0,success,361,0.2092942838098164,,12345.0,pre_contact_gap_tracked_reference,2.0,contact_part_local_affine,success,4,0.0,0.15484444444444445,,,,,,,success,keep,,5.681807059351604,/Users/huhu/Documents/Code/bishe/vrb/vrbreproduction/outputs/100subaction-e9/experiments/E9/pipeline_outputs/subaction_76_P01_109_76/candidate_10_frame_012347_left,/Users/huhu/Documents/Code/bishe/vrb/vrbreproduction/outputs/100subaction-e9/experiments/E9/pipeline_outputs/subaction_76_P01_109_76/candidate_10_frame_012347_left,/Users/huhu/Documents/Code/bishe/vrb/vrbreproduction/outputs/100subaction-e9/experiments/E9/pipeline_outputs/subaction_76_P01_109_76/candidate_10_frame_012347_left/reference_frame.png,/Users/huhu/Documents/Code/bishe/vrb/vrbreproduction/outputs/100subaction-e9/experiments/E9/pipeline_outputs/subaction_76_P01_109_76/candidate_10_frame_012347_left/label_heatmap_merged_overlay.png,/Users/huhu/Documents/Code/bishe/vrb/vrbreproduction/outputs/100subaction-e9/experiments/E9/pipeline_outputs/subaction_76_P01_109_76/candidate_10_frame_012347_left/vrb_style_affordance.png,6.0,0.0,"[126.37, 173.87, 150.45, 203.67]",/Users/huhu/Documents/Code/bishe/vrb/vrbreproduction/outputs/100subaction-e9/experiments/E9/pipeline_outputs/subaction_76_P01_109_76/candidate_10_frame_012347_left/label_heatmap_merged.npy,/Users/huhu/Documents/Code/bishe/vrb/vrbreproduction/outputs/100subaction-e9/experiments/E9/pipeline_outputs/subaction_76_P01_109_76/candidate_10_frame_012347_left/label_heatmap_merged.png,/Users/huhu/Documents/Code/bishe/vrb/vrbreproduction/outputs/100subaction-e9/experiments/E9/pipeline_outputs/subaction_76_P01_109_76/candidate_10_frame_012347_left/mask_projection_overlay.png,"(256, 456)",isotropic_e7,True,False
E9,76,P01_109_76,pick up potato slice,pick-up,slice:potato,['slice:potato'],12325,12391,12324.0,12390.0,11.0,12348.0,left,new_contact_episode,65,12,103,"[126.0, 174.0, 151.0, 203.0]",4.928774696928674,grabcut_fallback,bbox_fallback,fallback_lk,failed,ModuleNotFoundError:No module named 'torch',small_object_whole_mask_allowed,725,1.0,1026.0,1.0,True,4,0.0,contact_part_mask,26,0,contact_part_local_affine,False,0.8727777777777777,36,36,25,0.6944444444444444,1.6208096742630005,4,0.0,1026.0,success,361,0.2092942838098164,,12343.0,pre_contact_gap_tracked_reference,5.0,contact_part_local_affine,success,4,0.0,0.16177777777777777,,,,,,,success,keep,,5.567320154216554,/Users/huhu/Documents/Code/bishe/vrb/vrbreproduction/outputs/100subaction-e9/experiments/E9/pipeline_outputs/subaction_76_P01_109_76/candidate_11_frame_012348_left,/Users/huhu/Documents/Code/bishe/vrb/vrbreproduction/outputs/100subaction-e9/experiments/E9/pipeline_outputs/subaction_76_P01_109_76/candidate_11_frame_012348_left,/Users/huhu/Documents/Code/bishe/vrb/vrbreproduction/outputs/100subaction-e9/experiments/E9/pipeline_outputs/subaction_76_P01_109_76/candidate_11_frame_012348_left/reference_frame.png,/Users/huhu/Documents/Code/bishe/vrb/vrbreproduction/outputs/100subaction-e9/experiments/E9/pipeline_outputs/subaction_76_P01_109_76/candidate_11_frame_012348_left/label_heatmap_merged_overlay.png,/Users/huhu/Documents/Code/bishe/vrb/vrbreproduction/outputs/100subaction-e9/experiments/E9/pipeline_outputs/subaction_76_P01_109_76/candidate_11_frame_012348_left/vrb_style_affordance.png,6.0,0.0,"[123.7, 172.93, 151.18, 210.8]",/Users/huhu/Documents/Code/bishe/vrb/vrbreproduction/outputs/100subaction-e9/experiments/E9/pipeline_outputs/subaction_76_P01_109_76/candidate_11_frame_012348_left/label_heatmap_merged.npy,/Users/huhu/Documents/Code/bishe/vrb/vrbreproduction/outputs/100subaction-e9/experiments/E9/pipeline_outputs/subaction_76_P01_109_76/candidate_11_frame_012348_left/label_heatmap_merged.png,/Users/huhu/Documents/Code/bishe/vrb/vrbreproduction/outputs/100subaction-e9/experiments/E9/pipeline_outputs/subaction_76_P01_109_76/candidate_11_frame_012348_left/mask_projection_overlay.png,"(256, 456)",isotropic_e7,True,False
E9,77,P01_109_78,pick up potato slice,pick-up,slice:potato,['slice:potato'],12336,12390,12335.0,12389.0,0.0,12335.0,left,new_contact_episode,60,12,48,"[112.0, 181.0, 148.0, 218.0]",4.698591888139635,grabcut_fallback,bbox_fallback,fallback_lk,failed,ModuleNotFoundError:No module named 'torch',small_object_whole_mask_allowed,584,1.0,1482.0,1.0,True,5,0.0,contact_part_mask,26,0,contact_part_local_affine,False,1.0,36,28,28,1.0,1.5603039264678955,5,0.0,1482.0,success,361,0.2092942838098164,,12334.0,pre_contact_gap_tracked_reference,1.0,contact_part_local_affine,success,5,0.0,0.15431111111111112,,,,,,,success,keep,,6.184224215539295,/Users/huhu/Documents/Code/bishe/vrb/vrbreproduction/outputs/100subaction-e9/experiments/E9/pipeline_outputs/subaction_77_P01_109_78/candidate_00_frame_012335_left,/Users/huhu/Documents/Code/bishe/vrb/vrbreproduction/outputs/100subaction-e9/experiments/E9/pipeline_outputs/subaction_77_P01_109_78/candidate_00_frame_012335_left,/Users/huhu/Documents/Code/bishe/vrb/vrbreproduction/outputs/100subaction-e9/experiments/E9/pipeline_outputs/subaction_77_P01_109_78/candidate_00_frame_012335_left/reference_frame.png,/Users/huhu/Documents/Code/bishe/vrb/vrbreproduction/outputs/100subaction-e9/experiments/E9/pipeline_outputs/subaction_77_P01_109_78/candidate_00_frame_012335_left/label_heatmap_merged_overlay.png,/Users/huhu/Documents/Code/bishe/vrb/vrbreproduction/outputs/100subaction-e9/experiments/E9/pipeline_outputs/subaction_77_P01_109_78/candidate_00_frame_012335_left/vrb_style_affordance.png,6.0,0.0,"[110.9, 180.69, 149.5, 220.18]",/Users/huhu/Documents/Code/bishe/vrb/vrbreproduction/outputs/100subaction-e9/experiments/E9/pipeline_outputs/subaction_77_P01_109_78/candidate_00_frame_012335_left/label_heatmap_merged.npy,/Users/huhu/Documents/Code/bishe/vrb/vrbreproduction/outputs/100subaction-e9/experiments/E9/pipeline_outputs/subaction_77_P01_109_78/candidate_00_frame_012335_left/label_heatmap_merged.png,/Users/huhu/Documents/Code/bishe/vrb/vrbreproduction/outputs/100subaction-e9/experiments/E9/pipeline_outputs/subaction_77_P01_109_78/candidate_00_frame_012335_left/mask_projection_overlay.png,"(256, 456)",isotropic_e7,True,True
E9,77,P01_109_78,pick up potato slice,pick-up,slice:potato,['slice:potato'],12336,12390,12335.0,12389.0,1.0,12336.0,left,new_contact_episode,60,12,97,"[116.0, 180.0, 150.0, 220.0]",4.900577892853047,grabcut_fallback,bbox_fallback,fallback_lk,failed,ModuleNotFoundError:No module named 'torch',small_object_whole_mask_allowed,1360,1.0,1520.0,1.0,True,5,0.0,contact_part_mask,26,0,contact_part_local_affine,False,0.9910344827586207,36,29,27,0.9310344827586207,1.3322702646255493,5,0.0,1520.0,success,361,0.2092942838098164,,12334.0,pre_contact_gap_tracked_reference,2.0,contact_part_local_affine,success,5,0.0,0.15431111111111112,,,,,,,success,keep,,6.142996259877326,/Users/huhu/Documents/Code/bishe/vrb/vrbreproduction/outputs/100subaction-e9/experiments/E9/pipeline_outputs/subaction_77_P01_109_78/candidate_01_frame_012336_left,/Users/huhu/Documents/Code/bishe/vrb/vrbreproduction/outputs/100subaction-e9/experiments/E9/pipeline_outputs/subaction_77_P01_109_78/candidate_01_frame_012336_left,/Users/huhu/Documents/Code/bishe/vrb/vrbreproduction/outputs/100subaction-e9/experiments/E9/pipeline_outputs/subaction_77_P01_109_78/candidate_01_frame_012336_left/reference_frame.png,/Users/huhu/Documents/Code/bishe/vrb/vrbreproduction/outputs/100subaction-e9/experiments/E9/pipeline_outputs/subaction_77_P01_109_78/candidate_01_frame_012336_left/label_heatmap_merged_overlay.png,/Users/huhu/Documents/Code/bishe/vrb/vrbreproduction/outputs/100subaction-e9/experiments/E9/pipeline_outputs/subaction_77_P01_109_78/candidate_01_frame_012336_left/vrb_style_affordance.png,6.0,0.0,"[112.98, 180.93, 150.8, 220.99]",/Users/huhu/Documents/Code/bishe/vrb/vrbreproduction/outputs/100subaction-e9/experiments/E9/pipeline_outputs/subaction_77_P01_109_78/candidate_01_frame_012336_left/label_heatmap_merged.npy,/Users/huhu/Documents/Code/bishe/vrb/vrbreproduction/outputs/100subaction-e9/experiments/E9/pipeline_outputs/subaction_77_P01_109_78/candidate_01_frame_012336_left/label_heatmap_merged.png,/Users/huhu/Documents/Code/bishe/vrb/vrbreproduction/outputs/100subaction-e9/experiments/E9/pipeline_outputs/subaction_77_P01_109_78/candidate_01_frame_012336_left/mask_projection_overlay.png,"(256, 456)",isotropic_e7,True,False
E9,77,P01_109_78,pick up potato slice,pick-up,slice:potato,['slice:potato'],12336,12390,12335.0,12389.0,2.0,12337.0,left,new_contact_episode,60,12,93,"[114.0, 180.0, 150.0, 219.0]",5.097979982612178,grabcut_fallback,bbox_fallback,fallback_lk,failed,ModuleNotFoundError:No module named 'torch',small_object_whole_mask_allowed,681,1.0,1558.0,1.0,True,5,0.0,contact_part_mask,26,0,contact_part_local_affine,False,0.9480000000000001,36,15,9,0.6,1.3367489576339722,5,0.0,1558.0,success,361,0.2092942838098164,,12333.0,pre_contact_gap_tracked_reference,4.0,contact_part_local_affine,success,5,0.0,0.1456,,,,,,,success,keep,,5.910970031270981,/Users/huhu/Documents/Code/bishe/vrb/vrbreproduction/outputs/100subaction-e9/experiments/E9/pipeline_outputs/subaction_77_P01_109_78/candidate_02_frame_012337_left,/Users/huhu/Documents/Code/bishe/vrb/vrbreproduction/outputs/100subaction-e9/experiments/E9/pipeline_outputs/subaction_77_P01_109_78/candidate_02_frame_012337_left,/Users/huhu/Documents/Code/bishe/vrb/vrbreproduction/outputs/100subaction-e9/experiments/E9/pipeline_outputs/subaction_77_P01_109_78/candidate_02_frame_012337_left/reference_frame.png,/Users/huhu/Documents/Code/bishe/vrb/vrbreproduction/outputs/100subaction-e9/experiments/E9/pipeline_outputs/subaction_77_P01_109_78/candidate_02_frame_012337_left/label_heatmap_merged_overlay.png,/Users/huhu/Documents/Code/bishe/vrb/vrbreproduction/outputs/100subaction-e9/experiments/E9/pipeline_outputs/subaction_77_P01_109_78/candidate_02_frame_012337_left/vrb_style_affordance.png,6.0,0.0,"[117.63, 181.28, 156.15, 221.54]",/Users/huhu/Documents/Code/bishe/vrb/vrbreproduction/outputs/100subaction-e9/experiments/E9/pipeline_outputs/subaction_77_P01_109_78/candidate_02_frame_012337_left/label_heatmap_merged.npy,/Users/huhu/Documents/Code/bishe/vrb/vrbreproduction/outputs/100subaction-e9/experiments/E9/pipeline_outputs/subaction_77_P01_109_78/candidate_02_frame_012337_left/label_heatmap_merged.png,/Users/huhu/Documents/Code/bishe/vrb/vrbreproduction/outputs/100subaction-e9/experiments/E9/pipeline_outputs/subaction_77_P01_109_78/candidate_02_frame_012337_left/mask_projection_overlay.png,"(256, 456)",isotropic_e7,True,False
E9,77,P01_109_78,pick up potato slice,pick-up,slice:potato,['slice:potato'],12336,12390,12335.0,12389.0,3.0,12340.0,left,new_contact_episode,60,12,0,,,,,,,,,0,,,,,0,,,0,0,,False,,0,0,0,,,0,,,not_run,0,0.0,,,,,,not_run,0,,,,,,,,,not_run,discard,missing_hand_or_object_bbox,,/Users/huhu/Documents/Code/bishe/vrb/vrbreproduction/outputs/100subaction-e9/experiments/E9/pipeline_outputs/subaction_77_P01_109_78/candidate_03_frame_012340_left,,,,,,,,,,,,,,False
E9,77,P01_109_78,pick up potato slice,pick-up,slice:potato,['slice:potato'],12336,12390,12335.0,12389.0,4.0,12341.0,left,new_contact_episode,60,12,86,"[124.0, 175.0, 150.0, 207.0]",4.978095679905576,grabcut_fallback,bbox_fallback,fallback_lk,failed,ModuleNotFoundError:No module named 'torch',small_object_whole_mask_allowed,649,1.0,1015.0,1.0,True,5,0.0,contact_part_mask,26,0,contact_part_local_affine,False,1.0,36,36,36,1.0,0.96051025390625,5,0.0,1015.0,success,361,0.2092942838098164,,12339.0,pre_contact_gap_tracked_reference,2.0,contact_part_local_affine,success,5,0.0,0.1792,,,,,,,success,keep,,6.1278571923828125,/Users/huhu/Documents/Code/bishe/vrb/vrbreproduction/outputs/100subaction-e9/experiments/E9/pipeline_outputs/subaction_77_P01_109_78/candidate_04_frame_012341_left,/Users/huhu/Documents/Code/bishe/vrb/vrbreproduction/outputs/100subaction-e9/experiments/E9/pipeline_outputs/subaction_77_P01_109_78/candidate_04_frame_012341_left,/Users/huhu/Documents/Code/bishe/vrb/vrbreproduction/outputs/100subaction-e9/experiments/E9/pipeline_outputs/subaction_77_P01_109_78/candidate_04_frame_012341_left/reference_frame.png,/Users/huhu/Documents/Code/bishe/vrb/vrbreproduction/outputs/100subaction-e9/experiments/E9/pipeline_outputs/subaction_77_P01_109_78/candidate_04_frame_012341_left/label_heatmap_merged_overlay.png,/Users/huhu/Documents/Code/bishe/vrb/vrbreproduction/outputs/100subaction-e9/experiments/E9/pipeline_outputs/subaction_77_P01_109_78/candidate_04_frame_012341_left/vrb_style_affordance.png,6.0,0.0,"[119.56, 175.64, 149.32, 211.38]",/Users/huhu/Documents/Code/bishe/vrb/vrbreproduction/outputs/100subaction-e9/experiments/E9/pipeline_outputs/subaction_77_P01_109_78/candidate_04_frame_012341_left/label_heatmap_merged.npy,/Users/huhu/Documents/Code/bishe/vrb/vrbreproduction/outputs/100subaction-e9/experiments/E9/pipeline_outputs/subaction_77_P01_109_78/candidate_04_frame_012341_left/label_heatmap_merged.png,/Users/huhu/Documents/Code/bishe/vrb/vrbreproduction/outputs/100subaction-e9/experiments/E9/pipeline_outputs/subaction_77_P01_109_78/candidate_04_frame_012341_left/mask_projection_overlay.png,"(256, 456)",isotropic_e7,True,False
E9,77,P01_109_78,pick up potato slice,pick-up,slice:potato,['slice:potato'],12336,12390,12335.0,12389.0,5.0,12342.0,left,new_contact_episode,60,12,74,"[124.0, 174.0, 150.0, 208.0]",5.075197648577075,grabcut_fallback,bbox_fallback,fallback_lk,failed,ModuleNotFoundError:No module named 'torch',small_object_whole_mask_allowed,676,1.0,1400.0,1.0,True,4,0.0,contact_part_mask,26,0,contact_part_local_affine,False,0.7175,36,36,27,0.75,0.8907020092010498,4,0.0,1400.0,success,361,0.2092942838098164,,12338.0,pre_contact_gap_tracked_reference,4.0,contact_part_local_affine,success,4,0.0,0.15724444444444444,,,,,,,success,keep,,5.301197410557303,/Users/huhu/Documents/Code/bishe/vrb/vrbreproduction/outputs/100subaction-e9/experiments/E9/pipeline_outputs/subaction_77_P01_109_78/candidate_05_frame_012342_left,/Users/huhu/Documents/Code/bishe/vrb/vrbreproduction/outputs/100subaction-e9/experiments/E9/pipeline_outputs/subaction_77_P01_109_78/candidate_05_frame_012342_left,/Users/huhu/Documents/Code/bishe/vrb/vrbreproduction/outputs/100subaction-e9/experiments/E9/pipeline_outputs/subaction_77_P01_109_78/candidate_05_frame_012342_left/reference_frame.png,/Users/huhu/Documents/Code/bishe/vrb/vrbreproduction/outputs/100subaction-e9/experiments/E9/pipeline_outputs/subaction_77_P01_109_78/candidate_05_frame_012342_left/label_heatmap_merged_overlay.png,/Users/huhu/Documents/Code/bishe/vrb/vrbreproduction/outputs/100subaction-e9/experiments/E9/pipeline_outputs/subaction_77_P01_109_78/candidate_05_frame_012342_left/vrb_style_affordance.png,6.0,0.0,"[114.24, 177.1, 149.23, 216.98]",/Users/huhu/Documents/Code/bishe/vrb/vrbreproduction/outputs/100subaction-e9/experiments/E9/pipeline_outputs/subaction_77_P01_109_78/candidate_05_frame_012342_left/label_heatmap_merged.npy,/Users/huhu/Documents/Code/bishe/vrb/vrbreproduction/outputs/100subaction-e9/experiments/E9/pipeline_outputs/subaction_77_P01_109_78/candidate_05_frame_012342_left/label_heatmap_merged.png,/Users/huhu/Documents/Code/bishe/vrb/vrbreproduction/outputs/100subaction-e9/experiments/E9/pipeline_outputs/subaction_77_P01_109_78/candidate_05_frame_012342_left/mask_projection_overlay.png,"(256, 456)",isotropic_e7,True,False
E9,77,P01_109_78,pick up potato slice,pick-up,slice:potato,['slice:potato'],12336,12390,12335.0,12389.0,6.0,12346.0,left,new_contact_episode,60,12,115,"[127.0, 174.0, 151.0, 204.0]",4.865901027812928,grabcut_fallback,bbox_fallback,fallback_lk,failed,ModuleNotFoundError:No module named 'torch',small_object_whole_mask_allowed,720,1.0,720.0,1.0,True,4,0.0,contact_part_mask,26,0,contact_part_local_affine,False,0.75,36,36,36,1.0,1.4817427396774292,4,0.0,720.0,success,361,0.2092942838098164,,12344.0,pre_contact_gap_tracked_reference,2.0,contact_part_local_affine,success,4,0.0,0.1248,,,,,,,success,keep,,5.474847717809677,/Users/huhu/Documents/Code/bishe/vrb/vrbreproduction/outputs/100subaction-e9/experiments/E9/pipeline_outputs/subaction_77_P01_109_78/candidate_06_frame_012346_left,/Users/huhu/Documents/Code/bishe/vrb/vrbreproduction/outputs/100subaction-e9/experiments/E9/pipeline_outputs/subaction_77_P01_109_78/candidate_06_frame_012346_left,/Users/huhu/Documents/Code/bishe/vrb/vrbreproduction/outputs/100subaction-e9/experiments/E9/pipeline_outputs/subaction_77_P01_109_78/candidate_06_frame_012346_left/reference_frame.png,/Users/huhu/Documents/Code/bishe/vrb/vrbreproduction/outputs/100subaction-e9/experiments/E9/pipeline_outputs/subaction_77_P01_109_78/candidate_06_frame_012346_left/label_heatmap_merged_overlay.png,/Users/huhu/Documents/Code/bishe/vrb/vrbreproduction/outputs/100subaction-e9/experiments/E9/pipeline_outputs/subaction_77_P01_109_78/candidate_06_frame_012346_left/vrb_style_affordance.png,6.0,0.0,"[126.75, 174.26, 151.0, 204.43]",/Users/huhu/Documents/Code/bishe/vrb/vrbreproduction/outputs/100subaction-e9/experiments/E9/pipeline_outputs/subaction_77_P01_109_78/candidate_06_frame_012346_left/label_heatmap_merged.npy,/Users/huhu/Documents/Code/bishe/vrb/vrbreproduction/outputs/100subaction-e9/experiments/E9/pipeline_outputs/subaction_77_P01_109_78/candidate_06_frame_012346_left/label_heatmap_merged.png,/Users/huhu/Documents/Code/bishe/vrb/vrbreproduction/outputs/100subaction-e9/experiments/E9/pipeline_outputs/subaction_77_P01_109_78/candidate_06_frame_012346_left/mask_projection_overlay.png,"(256, 456)",isotropic_e7,True,False
E9,77,P01_109_78,pick up potato slice,pick-up,slice:potato,['slice:potato'],12336,12390,12335.0,12389.0,7.0,12347.0,left,new_contact_episode,60,12,119,"[126.0, 174.0, 151.0, 203.0]",4.932154140529263,grabcut_fallback,bbox_fallback,fallback_lk,failed,ModuleNotFoundError:No module named 'torch',small_object_whole_mask_allowed,725,1.0,720.0,1.0,True,4,0.0,contact_part_mask,26,0,contact_part_local_affine,False,0.8908333333333334,36,36,30,0.8333333333333334,1.5753202438354492,4,0.0,720.0,success,361,0.2092942838098164,,12345.0,pre_contact_gap_tracked_reference,2.0,contact_part_local_affine,success,4,0.0,0.15484444444444445,,,,,,,success,keep,,5.681807059351604,/Users/huhu/Documents/Code/bishe/vrb/vrbreproduction/outputs/100subaction-e9/experiments/E9/pipeline_outputs/subaction_77_P01_109_78/candidate_07_frame_012347_left,/Users/huhu/Documents/Code/bishe/vrb/vrbreproduction/outputs/100subaction-e9/experiments/E9/pipeline_outputs/subaction_77_P01_109_78/candidate_07_frame_012347_left,/Users/huhu/Documents/Code/bishe/vrb/vrbreproduction/outputs/100subaction-e9/experiments/E9/pipeline_outputs/subaction_77_P01_109_78/candidate_07_frame_012347_left/reference_frame.png,/Users/huhu/Documents/Code/bishe/vrb/vrbreproduction/outputs/100subaction-e9/experiments/E9/pipeline_outputs/subaction_77_P01_109_78/candidate_07_frame_012347_left/label_heatmap_merged_overlay.png,/Users/huhu/Documents/Code/bishe/vrb/vrbreproduction/outputs/100subaction-e9/experiments/E9/pipeline_outputs/subaction_77_P01_109_78/candidate_07_frame_012347_left/vrb_style_affordance.png,6.0,0.0,"[126.37, 173.87, 150.45, 203.67]",/Users/huhu/Documents/Code/bishe/vrb/vrbreproduction/outputs/100subaction-e9/experiments/E9/pipeline_outputs/subaction_77_P01_109_78/candidate_07_frame_012347_left/label_heatmap_merged.npy,/Users/huhu/Documents/Code/bishe/vrb/vrbreproduction/outputs/100subaction-e9/experiments/E9/pipeline_outputs/subaction_77_P01_109_78/candidate_07_frame_012347_left/label_heatmap_merged.png,/Users/huhu/Documents/Code/bishe/vrb/vrbreproduction/outputs/100subaction-e9/experiments/E9/pipeline_outputs/subaction_77_P01_109_78/candidate_07_frame_012347_left/mask_projection_overlay.png,"(256, 456)",isotropic_e7,True,False
E9,77,P01_109_78,pick up potato slice,pick-up,slice:potato,['slice:potato'],12336,12390,12335.0,12389.0,8.0,12348.0,left,new_contact_episode,60,12,103,"[126.0, 174.0, 151.0, 203.0]",4.928774696928674,grabcut_fallback,bbox_fallback,fallback_lk,failed,ModuleNotFoundError:No module named 'torch',small_object_whole_mask_allowed,725,1.0,1026.0,1.0,True,4,0.0,contact_part_mask,26,0,contact_part_local_affine,False,0.8727777777777777,36,36,25,0.6944444444444444,1.6208096742630005,4,0.0,1026.0,success,361,0.2092942838098164,,12343.0,pre_contact_gap_tracked_reference,5.0,contact_part_local_affine,success,4,0.0,0.16177777777777777,,,,,,,success,keep,,5.567320154216554,/Users/huhu/Documents/Code/bishe/vrb/vrbreproduction/outputs/100subaction-e9/experiments/E9/pipeline_outputs/subaction_77_P01_109_78/candidate_08_frame_012348_left,/Users/huhu/Documents/Code/bishe/vrb/vrbreproduction/outputs/100subaction-e9/experiments/E9/pipeline_outputs/subaction_77_P01_109_78/candidate_08_frame_012348_left,/Users/huhu/Documents/Code/bishe/vrb/vrbreproduction/outputs/100subaction-e9/experiments/E9/pipeline_outputs/subaction_77_P01_109_78/candidate_08_frame_012348_left/reference_frame.png,/Users/huhu/Documents/Code/bishe/vrb/vrbreproduction/outputs/100subaction-e9/experiments/E9/pipeline_outputs/subaction_77_P01_109_78/candidate_08_frame_012348_left/label_heatmap_merged_overlay.png,/Users/huhu/Documents/Code/bishe/vrb/vrbreproduction/outputs/100subaction-e9/experiments/E9/pipeline_outputs/subaction_77_P01_109_78/candidate_08_frame_012348_left/vrb_style_affordance.png,6.0,0.0,"[123.7, 172.93, 151.18, 210.8]",/Users/huhu/Documents/Code/bishe/vrb/vrbreproduction/outputs/100subaction-e9/experiments/E9/pipeline_outputs/subaction_77_P01_109_78/candidate_08_frame_012348_left/label_heatmap_merged.npy,/Users/huhu/Documents/Code/bishe/vrb/vrbreproduction/outputs/100subaction-e9/experiments/E9/pipeline_outputs/subaction_77_P01_109_78/candidate_08_frame_012348_left/label_heatmap_merged.png,/Users/huhu/Documents/Code/bishe/vrb/vrbreproduction/outputs/100subaction-e9/experiments/E9/pipeline_outputs/subaction_77_P01_109_78/candidate_08_frame_012348_left/mask_projection_overlay.png,"(256, 456)",isotropic_e7,True,False
E9,77,P01_109_78,pick up potato slice,pick-up,slice:potato,['slice:potato'],12336,12390,12335.0,12389.0,9.0,12361.0,right,new_contact_episode,60,12,52,"[184.0, 120.0, 259.0, 192.0]",2.9000874076820975,grabcut_fallback,bbox_fallback,fallback_lk,failed,ModuleNotFoundError:No module named 'torch',small_object_whole_mask_allowed,1029,1.0,3921.0,0.7261111111111112,True,5,0.0,contact_part_mask,26,0,contact_part_local_affine,False,1.0,36,32,32,1.0,0.08550509810447693,5,0.0,5400.0,success,361,0.2092942838098164,,12360.0,earliest_reliable_tracked_reference_no_pre_gap,1.0,contact_part_local_affine,success,5,0.0,0.1680888888888889,,,,,,,success,keep,,6.207801513723532,/Users/huhu/Documents/Code/bishe/vrb/vrbreproduction/outputs/100subaction-e9/experiments/E9/pipeline_outputs/subaction_77_P01_109_78/candidate_09_frame_012361_right,/Users/huhu/Documents/Code/bishe/vrb/vrbreproduction/outputs/100subaction-e9/experiments/E9/pipeline_outputs/subaction_77_P01_109_78/candidate_09_frame_012361_right,/Users/huhu/Documents/Code/bishe/vrb/vrbreproduction/outputs/100subaction-e9/experiments/E9/pipeline_outputs/subaction_77_P01_109_78/candidate_09_frame_012361_right/reference_frame.png,/Users/huhu/Documents/Code/bishe/vrb/vrbreproduction/outputs/100subaction-e9/experiments/E9/pipeline_outputs/subaction_77_P01_109_78/candidate_09_frame_012361_right/label_heatmap_merged_overlay.png,/Users/huhu/Documents/Code/bishe/vrb/vrbreproduction/outputs/100subaction-e9/experiments/E9/pipeline_outputs/subaction_77_P01_109_78/candidate_09_frame_012361_right/vrb_style_affordance.png,6.0,0.0,"[184.62, 119.93, 259.76, 192.06]",/Users/huhu/Documents/Code/bishe/vrb/vrbreproduction/outputs/100subaction-e9/experiments/E9/pipeline_outputs/subaction_77_P01_109_78/candidate_09_frame_012361_right/label_heatmap_merged.npy,/Users/huhu/Documents/Code/bishe/vrb/vrbreproduction/outputs/100subaction-e9/experiments/E9/pipeline_outputs/subaction_77_P01_109_78/candidate_09_frame_012361_right/label_heatmap_merged.png,/Users/huhu/Documents/Code/bishe/vrb/vrbreproduction/outputs/100subaction-e9/experiments/E9/pipeline_outputs/subaction_77_P01_109_78/candidate_09_frame_012361_right/mask_projection_overlay.png,"(256, 456)",isotropic_e7,True,True
E9,77,P01_109_78,pick up potato slice,pick-up,slice:potato,['slice:potato'],12336,12390,12335.0,12389.0,10.0,12362.0,right,new_contact_episode,60,12,61,"[185.0, 120.0, 252.0, 186.0]",2.9380239532350916,grabcut_fallback,bbox_fallback,fallback_lk,failed,ModuleNotFoundError:No module named 'torch',small_object_whole_mask_allowed,3401,0.769109000452284,3915.0,0.7767857142857143,True,5,0.0,contact_part_mask,26,0,contact_part_local_affine,False,0.9855555555555556,36,36,32,0.8888888888888888,0.11269080638885498,5,0.0,5040.0,success,361,0.2092942838098164,,12361.0,earliest_reliable_tracked_reference_no_pre_gap,1.0,contact_part_local_affine,success,5,0.0,0.1652,,,,,,,success,keep,,6.175041498030557,/Users/huhu/Documents/Code/bishe/vrb/vrbreproduction/outputs/100subaction-e9/experiments/E9/pipeline_outputs/subaction_77_P01_109_78/candidate_10_frame_012362_right,/Users/huhu/Documents/Code/bishe/vrb/vrbreproduction/outputs/100subaction-e9/experiments/E9/pipeline_outputs/subaction_77_P01_109_78/candidate_10_frame_012362_right,/Users/huhu/Documents/Code/bishe/vrb/vrbreproduction/outputs/100subaction-e9/experiments/E9/pipeline_outputs/subaction_77_P01_109_78/candidate_10_frame_012362_right/reference_frame.png,/Users/huhu/Documents/Code/bishe/vrb/vrbreproduction/outputs/100subaction-e9/experiments/E9/pipeline_outputs/subaction_77_P01_109_78/candidate_10_frame_012362_right/label_heatmap_merged_overlay.png,/Users/huhu/Documents/Code/bishe/vrb/vrbreproduction/outputs/100subaction-e9/experiments/E9/pipeline_outputs/subaction_77_P01_109_78/candidate_10_frame_012362_right/vrb_style_affordance.png,6.0,0.0,"[184.6, 119.94, 256.83, 189.87]",/Users/huhu/Documents/Code/bishe/vrb/vrbreproduction/outputs/100subaction-e9/experiments/E9/pipeline_outputs/subaction_77_P01_109_78/candidate_10_frame_012362_right/label_heatmap_merged.npy,/Users/huhu/Documents/Code/bishe/vrb/vrbreproduction/outputs/100subaction-e9/experiments/E9/pipeline_outputs/subaction_77_P01_109_78/candidate_10_frame_012362_right/label_heatmap_merged.png,/Users/huhu/Documents/Code/bishe/vrb/vrbreproduction/outputs/100subaction-e9/experiments/E9/pipeline_outputs/subaction_77_P01_109_78/candidate_10_frame_012362_right/mask_projection_overlay.png,"(256, 456)",isotropic_e7,True,False
E9,77,P01_109_78,pick up potato slice,pick-up,slice:potato,['slice:potato'],12336,12390,12335.0,12389.0,11.0,12363.0,right,new_contact_episode,60,12,56,"[184.0, 121.0, 242.0, 185.0]",2.9087238784823204,grabcut_fallback,bbox_fallback,fallback_lk,failed,ModuleNotFoundError:No module named 'torch',small_object_whole_mask_allowed,3275,0.8822737068965517,4372.0,0.8796780684104628,True,5,0.0,contact_part_mask,26,0,contact_part_local_affine,False,0.9925714285714287,36,35,33,0.9428571428571428,0.3041825592517853,5,0.0,4970.0,success,361,0.2092942838098164,,12361.0,earliest_reliable_tracked_reference_no_pre_gap,2.0,contact_part_local_affine,success,5,0.0,0.1652,,,,,,,success,keep,,6.1962173803653045,/Users/huhu/Documents/Code/bishe/vrb/vrbreproduction/outputs/100subaction-e9/experiments/E9/pipeline_outputs/subaction_77_P01_109_78/candidate_11_frame_012363_right,/Users/huhu/Documents/Code/bishe/vrb/vrbreproduction/outputs/100subaction-e9/experiments/E9/pipeline_outputs/subaction_77_P01_109_78/candidate_11_frame_012363_right,/Users/huhu/Documents/Code/bishe/vrb/vrbreproduction/outputs/100subaction-e9/experiments/E9/pipeline_outputs/subaction_77_P01_109_78/candidate_11_frame_012363_right/reference_frame.png,/Users/huhu/Documents/Code/bishe/vrb/vrbreproduction/outputs/100subaction-e9/experiments/E9/pipeline_outputs/subaction_77_P01_109_78/candidate_11_frame_012363_right/label_heatmap_merged_overlay.png,/Users/huhu/Documents/Code/bishe/vrb/vrbreproduction/outputs/100subaction-e9/experiments/E9/pipeline_outputs/subaction_77_P01_109_78/candidate_11_frame_012363_right/vrb_style_affordance.png,6.0,0.0,"[184.54, 119.97, 255.84, 189.84]",/Users/huhu/Documents/Code/bishe/vrb/vrbreproduction/outputs/100subaction-e9/experiments/E9/pipeline_outputs/subaction_77_P01_109_78/candidate_11_frame_012363_right/label_heatmap_merged.npy,/Users/huhu/Documents/Code/bishe/vrb/vrbreproduction/outputs/100subaction-e9/experiments/E9/pipeline_outputs/subaction_77_P01_109_78/candidate_11_frame_012363_right/label_heatmap_merged.png,/Users/huhu/Documents/Code/bishe/vrb/vrbreproduction/outputs/100subaction-e9/experiments/E9/pipeline_outputs/subaction_77_P01_109_78/candidate_11_frame_012363_right/mask_projection_overlay.png,"(256, 456)",isotropic_e7,True,True
E9,78,P01_109_79,put down potato slice,put-down,slice:potato,['slice:potato'],12389,12411,12388.0,12410.0,0.0,12388.0,right,continuation_entry_rescue,16,2,77,"[272.0, 127.0, 304.0, 156.0]",4.083433712964384,grabcut_fallback,bbox_fallback,fallback_lk,failed,ModuleNotFoundError:No module named 'torch',small_object_whole_mask_allowed,928,1.0,1332.0,1.0,True,5,0.0,contact_part_mask,26,0,contact_part_local_affine,False,0.9886956521739131,36,23,21,0.9130434782608695,0.47910770773887634,5,0.0,1332.0,success,361,0.2092942838098164,,12387.0,earliest_reliable_tracked_reference_no_pre_gap,1.0,contact_part_local_affine,success,5,0.0,0.16635555555555556,,,,,,,success,keep,,6.17704995717363,/Users/huhu/Documents/Code/bishe/vrb/vrbreproduction/outputs/100subaction-e9/experiments/E9/pipeline_outputs/subaction_78_P01_109_79/candidate_00_frame_012388_right,/Users/huhu/Documents/Code/bishe/vrb/vrbreproduction/outputs/100subaction-e9/experiments/E9/pipeline_outputs/subaction_78_P01_109_79/candidate_00_frame_012388_right,/Users/huhu/Documents/Code/bishe/vrb/vrbreproduction/outputs/100subaction-e9/experiments/E9/pipeline_outputs/subaction_78_P01_109_79/candidate_00_frame_012388_right/reference_frame.png,/Users/huhu/Documents/Code/bishe/vrb/vrbreproduction/outputs/100subaction-e9/experiments/E9/pipeline_outputs/subaction_78_P01_109_79/candidate_00_frame_012388_right/label_heatmap_merged_overlay.png,/Users/huhu/Documents/Code/bishe/vrb/vrbreproduction/outputs/100subaction-e9/experiments/E9/pipeline_outputs/subaction_78_P01_109_79/candidate_00_frame_012388_right/vrb_style_affordance.png,6.0,0.0,"[256.01, 132.79, 291.92, 169.67]",/Users/huhu/Documents/Code/bishe/vrb/vrbreproduction/outputs/100subaction-e9/experiments/E9/pipeline_outputs/subaction_78_P01_109_79/candidate_00_frame_012388_right/label_heatmap_merged.npy,/Users/huhu/Documents/Code/bishe/vrb/vrbreproduction/outputs/100subaction-e9/experiments/E9/pipeline_outputs/subaction_78_P01_109_79/candidate_00_frame_012388_right/label_heatmap_merged.png,/Users/huhu/Documents/Code/bishe/vrb/vrbreproduction/outputs/100subaction-e9/experiments/E9/pipeline_outputs/subaction_78_P01_109_79/candidate_00_frame_012388_right/mask_projection_overlay.png,"(256, 456)",isotropic_e7,True,True
E9,78,P01_109_79,put down potato slice,put-down,slice:potato,['slice:potato'],12389,12411,12388.0,12410.0,1.0,12389.0,right,continuation_entry_rescue,16,2,66,"[283.0, 122.0, 317.0, 153.0]",4.065460933972805,grabcut_fallback,bbox_fallback,fallback_lk,failed,ModuleNotFoundError:No module named 'torch',small_object_whole_mask_allowed,1054,1.0,1332.0,1.0,True,4,0.0,contact_part_mask,26,0,contact_part_local_affine,False,0.9124999999999999,36,12,12,1.0,0.6782607436180115,4,0.0,1332.0,success,361,0.2092942838098164,,12387.0,earliest_reliable_tracked_reference_no_pre_gap,2.0,contact_part_local_affine,success,4,0.0,0.16991111111111112,,,,,,,success,keep,,5.787785511024793,/Users/huhu/Documents/Code/bishe/vrb/vrbreproduction/outputs/100subaction-e9/experiments/E9/pipeline_outputs/subaction_78_P01_109_79/candidate_01_frame_012389_right,/Users/huhu/Documents/Code/bishe/vrb/vrbreproduction/outputs/100subaction-e9/experiments/E9/pipeline_outputs/subaction_78_P01_109_79/candidate_01_frame_012389_right,/Users/huhu/Documents/Code/bishe/vrb/vrbreproduction/outputs/100subaction-e9/experiments/E9/pipeline_outputs/subaction_78_P01_109_79/candidate_01_frame_012389_right/reference_frame.png,/Users/huhu/Documents/Code/bishe/vrb/vrbreproduction/outputs/100subaction-e9/experiments/E9/pipeline_outputs/subaction_78_P01_109_79/candidate_01_frame_012389_right/label_heatmap_merged_overlay.png,/Users/huhu/Documents/Code/bishe/vrb/vrbreproduction/outputs/100subaction-e9/experiments/E9/pipeline_outputs/subaction_78_P01_109_79/candidate_01_frame_012389_right/vrb_style_affordance.png,6.0,0.0,"[255.87, 132.74, 292.23, 170.07]",/Users/huhu/Documents/Code/bishe/vrb/vrbreproduction/outputs/100subaction-e9/experiments/E9/pipeline_outputs/subaction_78_P01_109_79/candidate_01_frame_012389_right/label_heatmap_merged.npy,/Users/huhu/Documents/Code/bishe/vrb/vrbreproduction/outputs/100subaction-e9/experiments/E9/pipeline_outputs/subaction_78_P01_109_79/candidate_01_frame_012389_right/label_heatmap_merged.png,/Users/huhu/Documents/Code/bishe/vrb/vrbreproduction/outputs/100subaction-e9/experiments/E9/pipeline_outputs/subaction_78_P01_109_79/candidate_01_frame_012389_right/mask_projection_overlay.png,"(256, 456)",isotropic_e7,True,False
E9,79,P01_109_77,put down potato slice,put-down,slice:potato,['slice:potato'],12390,12417,12389.0,12416.0,0.0,12411.0,left,new_contact_episode,21,3,0,,,,,,,,,0,,,,,0,,,0,0,,False,,0,0,0,,,0,,,not_run,0,0.0,,,,,,not_run,0,,,,,,,,,not_run,discard,missing_hand_or_object_bbox,,/Users/huhu/Documents/Code/bishe/vrb/vrbreproduction/outputs/100subaction-e9/experiments/E9/pipeline_outputs/subaction_79_P01_109_77/candidate_00_frame_012411_left,,,,,,,,,,,,,,False
E9,79,P01_109_77,put down potato slice,put-down,slice:potato,['slice:potato'],12390,12417,12389.0,12416.0,1.0,12412.0,left,new_contact_episode,21,3,110,"[146.0, 150.0, 177.0, 191.0]",5.014426108303565,grabcut_fallback,bbox_fallback,fallback_lk,failed,ModuleNotFoundError:No module named 'torch',small_object_whole_mask_allowed,793,1.0,1386.0,1.0,True,5,0.0,contact_part_mask,26,0,contact_part_local_affine,False,1.0,36,36,36,1.0,0.8804811239242554,5,0.0,1386.0,success,361,0.2092942838098164,,12410.0,pre_contact_gap_tracked_reference,2.0,contact_part_local_affine,success,5,0.0,0.2232,,,,,,,success,keep,,6.064258066282273,/Users/huhu/Documents/Code/bishe/vrb/vrbreproduction/outputs/100subaction-e9/experiments/E9/pipeline_outputs/subaction_79_P01_109_77/candidate_01_frame_012412_left,/Users/huhu/Documents/Code/bishe/vrb/vrbreproduction/outputs/100subaction-e9/experiments/E9/pipeline_outputs/subaction_79_P01_109_77/candidate_01_frame_012412_left,/Users/huhu/Documents/Code/bishe/vrb/vrbreproduction/outputs/100subaction-e9/experiments/E9/pipeline_outputs/subaction_79_P01_109_77/candidate_01_frame_012412_left/reference_frame.png,/Users/huhu/Documents/Code/bishe/vrb/vrbreproduction/outputs/100subaction-e9/experiments/E9/pipeline_outputs/subaction_79_P01_109_77/candidate_01_frame_012412_left/label_heatmap_merged_overlay.png,/Users/huhu/Documents/Code/bishe/vrb/vrbreproduction/outputs/100subaction-e9/experiments/E9/pipeline_outputs/subaction_79_P01_109_77/candidate_01_frame_012412_left/vrb_style_affordance.png,6.0,0.0,"[144.17, 150.51, 177.15, 193.19]",/Users/huhu/Documents/Code/bishe/vrb/vrbreproduction/outputs/100subaction-e9/experiments/E9/pipeline_outputs/subaction_79_P01_109_77/candidate_01_frame_012412_left/label_heatmap_merged.npy,/Users/huhu/Documents/Code/bishe/vrb/vrbreproduction/outputs/100subaction-e9/experiments/E9/pipeline_outputs/subaction_79_P01_109_77/candidate_01_frame_012412_left/label_heatmap_merged.png,/Users/huhu/Documents/Code/bishe/vrb/vrbreproduction/outputs/100subaction-e9/experiments/E9/pipeline_outputs/subaction_79_P01_109_77/candidate_01_frame_012412_left/mask_projection_overlay.png,"(256, 456)",isotropic_e7,True,True
E9,79,P01_109_77,put down potato slice,put-down,slice:potato,['slice:potato'],12390,12417,12389.0,12416.0,2.0,12413.0,left,new_contact_episode,21,3,116,"[146.0, 152.0, 177.0, 196.0]",5.157330137116177,grabcut_fallback,bbox_fallback,fallback_lk,failed,ModuleNotFoundError:No module named 'torch',small_object_whole_mask_allowed,1364,1.0,2142.0,1.0,True,5,0.0,contact_part_mask,26,0,contact_part_local_affine,False,0.9390625,36,32,17,0.53125,1.30364191532135,5,0.0,2142.0,success,361,0.2092942838098164,,12407.0,pre_contact_gap_tracked_reference,6.0,contact_part_local_affine,success,5,0.0,0.22595555555555555,,,,,,,success,keep,,5.7299426317379645,/Users/huhu/Documents/Code/bishe/vrb/vrbreproduction/outputs/100subaction-e9/experiments/E9/pipeline_outputs/subaction_79_P01_109_77/candidate_02_frame_012413_left,/Users/huhu/Documents/Code/bishe/vrb/vrbreproduction/outputs/100subaction-e9/experiments/E9/pipeline_outputs/subaction_79_P01_109_77/candidate_02_frame_012413_left,/Users/huhu/Documents/Code/bishe/vrb/vrbreproduction/outputs/100subaction-e9/experiments/E9/pipeline_outputs/subaction_79_P01_109_77/candidate_02_frame_012413_left/reference_frame.png,/Users/huhu/Documents/Code/bishe/vrb/vrbreproduction/outputs/100subaction-e9/experiments/E9/pipeline_outputs/subaction_79_P01_109_77/candidate_02_frame_012413_left/label_heatmap_merged_overlay.png,/Users/huhu/Documents/Code/bishe/vrb/vrbreproduction/outputs/100subaction-e9/experiments/E9/pipeline_outputs/subaction_79_P01_109_77/candidate_02_frame_012413_left/vrb_style_affordance.png,6.0,0.0,"[137.35, 154.72, 178.86, 205.79]",/Users/huhu/Documents/Code/bishe/vrb/vrbreproduction/outputs/100subaction-e9/experiments/E9/pipeline_outputs/subaction_79_P01_109_77/candidate_02_frame_012413_left/label_heatmap_merged.npy,/Users/huhu/Documents/Code/bishe/vrb/vrbreproduction/outputs/100subaction-e9/experiments/E9/pipeline_outputs/subaction_79_P01_109_77/candidate_02_frame_012413_left/label_heatmap_merged.png,/Users/huhu/Documents/Code/bishe/vrb/vrbreproduction/outputs/100subaction-e9/experiments/E9/pipeline_outputs/subaction_79_P01_109_77/candidate_02_frame_012413_left/mask_projection_overlay.png,"(256, 456)",isotropic_e7,True,False
E9,80,P01_109_80,pick up potato slices,pick-up,slice:potato,['slice:potato'],12416,12455,12415.0,12454.0,0.0,12424.0,right,new_contact_episode,54,6,71,"[190.0, 150.0, 230.0, 182.0]",3.655030164783963,grabcut_fallback,bbox_fallback,fallback_lk,failed,ModuleNotFoundError:No module named 'torch',small_object_whole_mask_allowed,373,1.0,1932.0,1.0,True,5,0.0,contact_part_mask,26,0,contact_part_local_affine,False,0.9925714285714287,36,35,33,0.9428571428571428,0.08970040827989578,5,0.0,1932.0,success,361,0.2092942838098164,,12423.0,earliest_reliable_tracked_reference_no_pre_gap,1.0,contact_part_local_affine,success,5,0.0,0.2859555555555556,,,,,,,success,keep,,6.027518511561127,/Users/huhu/Documents/Code/bishe/vrb/vrbreproduction/outputs/100subaction-e9/experiments/E9/pipeline_outputs/subaction_80_P01_109_80/candidate_00_frame_012424_right,/Users/huhu/Documents/Code/bishe/vrb/vrbreproduction/outputs/100subaction-e9/experiments/E9/pipeline_outputs/subaction_80_P01_109_80/candidate_00_frame_012424_right,/Users/huhu/Documents/Code/bishe/vrb/vrbreproduction/outputs/100subaction-e9/experiments/E9/pipeline_outputs/subaction_80_P01_109_80/candidate_00_frame_012424_right/reference_frame.png,/Users/huhu/Documents/Code/bishe/vrb/vrbreproduction/outputs/100subaction-e9/experiments/E9/pipeline_outputs/subaction_80_P01_109_80/candidate_00_frame_012424_right/label_heatmap_merged_overlay.png,/Users/huhu/Documents/Code/bishe/vrb/vrbreproduction/outputs/100subaction-e9/experiments/E9/pipeline_outputs/subaction_80_P01_109_80/candidate_00_frame_012424_right/vrb_style_affordance.png,6.0,0.0,"[189.84, 148.28, 236.29, 190.02]",/Users/huhu/Documents/Code/bishe/vrb/vrbreproduction/outputs/100subaction-e9/experiments/E9/pipeline_outputs/subaction_80_P01_109_80/candidate_00_frame_012424_right/label_heatmap_merged.npy,/Users/huhu/Documents/Code/bishe/vrb/vrbreproduction/outputs/100subaction-e9/experiments/E9/pipeline_outputs/subaction_80_P01_109_80/candidate_00_frame_012424_right/label_heatmap_merged.png,/Users/huhu/Documents/Code/bishe/vrb/vrbreproduction/outputs/100subaction-e9/experiments/E9/pipeline_outputs/subaction_80_P01_109_80/candidate_00_frame_012424_right/mask_projection_overlay.png,"(256, 456)",isotropic_e7,True,False
E9,80,P01_109_80,pick up potato slices,pick-up,slice:potato,['slice:potato'],12416,12455,12415.0,12454.0,1.0,12425.0,right,new_contact_episode,54,6,91,"[191.0, 152.0, 225.0, 181.0]",3.786381022210735,grabcut_fallback,bbox_fallback,fallback_lk,failed,ModuleNotFoundError:No module named 'torch',small_object_whole_mask_allowed,240,1.0,1248.0,1.0,True,5,0.0,contact_part_mask,26,0,contact_part_local_affine,False,1.0,36,36,36,1.0,0.7214065790176392,5,0.0,1248.0,success,361,0.2092942838098164,,12424.0,earliest_reliable_tracked_reference_no_pre_gap,1.0,contact_part_local_affine,success,5,0.0,0.28835555555555553,,,,,,,success,keep,,6.0398244692961365,/Users/huhu/Documents/Code/bishe/vrb/vrbreproduction/outputs/100subaction-e9/experiments/E9/pipeline_outputs/subaction_80_P01_109_80/candidate_01_frame_012425_right,/Users/huhu/Documents/Code/bishe/vrb/vrbreproduction/outputs/100subaction-e9/experiments/E9/pipeline_outputs/subaction_80_P01_109_80/candidate_01_frame_012425_right,/Users/huhu/Documents/Code/bishe/vrb/vrbreproduction/outputs/100subaction-e9/experiments/E9/pipeline_outputs/subaction_80_P01_109_80/candidate_01_frame_012425_right/reference_frame.png,/Users/huhu/Documents/Code/bishe/vrb/vrbreproduction/outputs/100subaction-e9/experiments/E9/pipeline_outputs/subaction_80_P01_109_80/candidate_01_frame_012425_right/label_heatmap_merged_overlay.png,/Users/huhu/Documents/Code/bishe/vrb/vrbreproduction/outputs/100subaction-e9/experiments/E9/pipeline_outputs/subaction_80_P01_109_80/candidate_01_frame_012425_right/vrb_style_affordance.png,6.0,0.0,"[190.0, 149.88, 229.43, 182.46]",/Users/huhu/Documents/Code/bishe/vrb/vrbreproduction/outputs/100subaction-e9/experiments/E9/pipeline_outputs/subaction_80_P01_109_80/candidate_01_frame_012425_right/label_heatmap_merged.npy,/Users/huhu/Documents/Code/bishe/vrb/vrbreproduction/outputs/100subaction-e9/experiments/E9/pipeline_outputs/subaction_80_P01_109_80/candidate_01_frame_012425_right/label_heatmap_merged.png,/Users/huhu/Documents/Code/bishe/vrb/vrbreproduction/outputs/100subaction-e9/experiments/E9/pipeline_outputs/subaction_80_P01_109_80/candidate_01_frame_012425_right/mask_projection_overlay.png,"(256, 456)",isotropic_e7,True,True
E9,80,P01_109_80,pick up potato slices,pick-up,slice:potato,['slice:potato'],12416,12455,12415.0,12454.0,2.0,12426.0,right,new_contact_episode,54,6,0,"[161.0, 124.0, 221.0, 182.0]",1.3095756967042687,,,,,,,0,,,,,0,,,0,0,,False,,0,0,0,,,0,,,not_run,0,0.0,,,,,,not_run,0,,,,,,,,,not_run,discard,contact_points_lt5_after_object_boundary_filter,,/Users/huhu/Documents/Code/bishe/vrb/vrbreproduction/outputs/100subaction-e9/experiments/E9/pipeline_outputs/subaction_80_P01_109_80/candidate_02_frame_012426_right,,,,,,,,,,,,,,False
E9,80,P01_109_80,pick up potato slices,pick-up,slice:potato,['slice:potato'],12416,12455,12415.0,12454.0,3.0,12437.0,right,new_contact_episode,54,6,110,"[133.0, 162.0, 169.0, 211.0]",3.3358899237948596,grabcut_fallback,bbox_fallback,fallback_lk,failed,ModuleNotFoundError:No module named 'torch',small_object_whole_mask_allowed,1332,1.0,1230.0,1.0,True,5,0.0,contact_part_mask,26,0,contact_part_local_affine,False,0.9790322580645161,36,31,26,0.8387096774193549,2.1968040466308594,5,0.0,1230.0,success,361,0.2092942838098164,,12417.0,earliest_reliable_tracked_reference_no_pre_gap,20.0,contact_part_local_affine,success,5,0.0,0.15946666666666667,,,,,,,success,keep,,5.9765087818268805,/Users/huhu/Documents/Code/bishe/vrb/vrbreproduction/outputs/100subaction-e9/experiments/E9/pipeline_outputs/subaction_80_P01_109_80/candidate_03_frame_012437_right,/Users/huhu/Documents/Code/bishe/vrb/vrbreproduction/outputs/100subaction-e9/experiments/E9/pipeline_outputs/subaction_80_P01_109_80/candidate_03_frame_012437_right,/Users/huhu/Documents/Code/bishe/vrb/vrbreproduction/outputs/100subaction-e9/experiments/E9/pipeline_outputs/subaction_80_P01_109_80/candidate_03_frame_012437_right/reference_frame.png,/Users/huhu/Documents/Code/bishe/vrb/vrbreproduction/outputs/100subaction-e9/experiments/E9/pipeline_outputs/subaction_80_P01_109_80/candidate_03_frame_012437_right/label_heatmap_merged_overlay.png,/Users/huhu/Documents/Code/bishe/vrb/vrbreproduction/outputs/100subaction-e9/experiments/E9/pipeline_outputs/subaction_80_P01_109_80/candidate_03_frame_012437_right/vrb_style_affordance.png,6.0,0.0,"[146.66, 151.43, 177.11, 191.97]",/Users/huhu/Documents/Code/bishe/vrb/vrbreproduction/outputs/100subaction-e9/experiments/E9/pipeline_outputs/subaction_80_P01_109_80/candidate_03_frame_012437_right/label_heatmap_merged.npy,/Users/huhu/Documents/Code/bishe/vrb/vrbreproduction/outputs/100subaction-e9/experiments/E9/pipeline_outputs/subaction_80_P01_109_80/candidate_03_frame_012437_right/label_heatmap_merged.png,/Users/huhu/Documents/Code/bishe/vrb/vrbreproduction/outputs/100subaction-e9/experiments/E9/pipeline_outputs/subaction_80_P01_109_80/candidate_03_frame_012437_right/mask_projection_overlay.png,"(256, 456)",isotropic_e7,True,True
E9,80,P01_109_80,pick up potato slices,pick-up,slice:potato,['slice:potato'],12416,12455,12415.0,12454.0,4.0,12438.0,right,new_contact_episode,54,6,98,"[136.0, 173.0, 167.0, 213.0]",3.38676059369835,grabcut_fallback,bbox_fallback,fallback_lk,failed,ModuleNotFoundError:No module named 'torch',small_object_whole_mask_allowed,855,1.0,1230.0,1.0,True,5,0.0,contact_part_mask,26,0,contact_part_local_affine,False,0.9770588235294118,36,34,28,0.8235294117647058,1.9590835571289062,5,0.0,1230.0,success,361,0.2092942838098164,,12417.0,earliest_reliable_tracked_reference_no_pre_gap,21.0,contact_part_local_affine,success,5,0.0,0.15946666666666667,,,,,,,success,keep,,5.968380434462603,/Users/huhu/Documents/Code/bishe/vrb/vrbreproduction/outputs/100subaction-e9/experiments/E9/pipeline_outputs/subaction_80_P01_109_80/candidate_04_frame_012438_right,/Users/huhu/Documents/Code/bishe/vrb/vrbreproduction/outputs/100subaction-e9/experiments/E9/pipeline_outputs/subaction_80_P01_109_80/candidate_04_frame_012438_right,/Users/huhu/Documents/Code/bishe/vrb/vrbreproduction/outputs/100subaction-e9/experiments/E9/pipeline_outputs/subaction_80_P01_109_80/candidate_04_frame_012438_right/reference_frame.png,/Users/huhu/Documents/Code/bishe/vrb/vrbreproduction/outputs/100subaction-e9/experiments/E9/pipeline_outputs/subaction_80_P01_109_80/candidate_04_frame_012438_right/label_heatmap_merged_overlay.png,/Users/huhu/Documents/Code/bishe/vrb/vrbreproduction/outputs/100subaction-e9/experiments/E9/pipeline_outputs/subaction_80_P01_109_80/candidate_04_frame_012438_right/vrb_style_affordance.png,6.0,0.0,"[146.66, 151.43, 177.11, 191.97]",/Users/huhu/Documents/Code/bishe/vrb/vrbreproduction/outputs/100subaction-e9/experiments/E9/pipeline_outputs/subaction_80_P01_109_80/candidate_04_frame_012438_right/label_heatmap_merged.npy,/Users/huhu/Documents/Code/bishe/vrb/vrbreproduction/outputs/100subaction-e9/experiments/E9/pipeline_outputs/subaction_80_P01_109_80/candidate_04_frame_012438_right/label_heatmap_merged.png,/Users/huhu/Documents/Code/bishe/vrb/vrbreproduction/outputs/100subaction-e9/experiments/E9/pipeline_outputs/subaction_80_P01_109_80/candidate_04_frame_012438_right/mask_projection_overlay.png,"(256, 456)",isotropic_e7,True,False
E9,80,P01_109_80,pick up potato slices,pick-up,slice:potato,['slice:potato'],12416,12455,12415.0,12454.0,5.0,12439.0,right,new_contact_episode,54,6,104,"[133.0, 155.0, 170.0, 215.0]",3.352786352593163,grabcut_fallback,bbox_fallback,fallback_lk,failed,ModuleNotFoundError:No module named 'torch',small_object_whole_mask_allowed,1463,1.0,1632.0,1.0,True,5,0.0,contact_part_mask,26,0,contact_part_local_affine,False,0.9962857142857143,36,35,34,0.9714285714285714,1.4063775539398193,5,0.0,1632.0,success,361,0.2092942838098164,,12438.0,earliest_reliable_tracked_reference_no_pre_gap,1.0,contact_part_local_affine,success,5,0.0,0.3283111111111111,,,,,,,success,keep,,5.941913435286566,/Users/huhu/Documents/Code/bishe/vrb/vrbreproduction/outputs/100subaction-e9/experiments/E9/pipeline_outputs/subaction_80_P01_109_80/candidate_05_frame_012439_right,/Users/huhu/Documents/Code/bishe/vrb/vrbreproduction/outputs/100subaction-e9/experiments/E9/pipeline_outputs/subaction_80_P01_109_80/candidate_05_frame_012439_right,/Users/huhu/Documents/Code/bishe/vrb/vrbreproduction/outputs/100subaction-e9/experiments/E9/pipeline_outputs/subaction_80_P01_109_80/candidate_05_frame_012439_right/reference_frame.png,/Users/huhu/Documents/Code/bishe/vrb/vrbreproduction/outputs/100subaction-e9/experiments/E9/pipeline_outputs/subaction_80_P01_109_80/candidate_05_frame_012439_right/label_heatmap_merged_overlay.png,/Users/huhu/Documents/Code/bishe/vrb/vrbreproduction/outputs/100subaction-e9/experiments/E9/pipeline_outputs/subaction_80_P01_109_80/candidate_05_frame_012439_right/vrb_style_affordance.png,6.0,0.0,"[134.14, 166.41, 167.58, 213.52]",/Users/huhu/Documents/Code/bishe/vrb/vrbreproduction/outputs/100subaction-e9/experiments/E9/pipeline_outputs/subaction_80_P01_109_80/candidate_05_frame_012439_right/label_heatmap_merged.npy,/Users/huhu/Documents/Code/bishe/vrb/vrbreproduction/outputs/100subaction-e9/experiments/E9/pipeline_outputs/subaction_80_P01_109_80/candidate_05_frame_012439_right/label_heatmap_merged.png,/Users/huhu/Documents/Code/bishe/vrb/vrbreproduction/outputs/100subaction-e9/experiments/E9/pipeline_outputs/subaction_80_P01_109_80/candidate_05_frame_012439_right/mask_projection_overlay.png,"(256, 456)",isotropic_e7,True,True
E9,81,P01_109_81,put down potato slices,put-down,slice:potato,['slice:potato'],12458,12480,12457.0,12479.0,0.0,12468.0,right,new_contact_episode,17,3,108,"[290.0, 52.0, 363.0, 116.0]",3.5728990664938656,grabcut_fallback,bbox_fallback,fallback_lk,failed,ModuleNotFoundError:No module named 'torch',small_object_whole_mask_allowed,2958,1.0,4751.0,0.9767680921052632,True,5,0.0,contact_part_mask,26,0,contact_part_local_affine,False,1.0,36,36,36,1.0,0.32359516620635986,5,0.0,4864.0,success,361,0.27891314817092505,,12467.0,pre_contact_gap_tracked_reference,1.0,contact_part_local_affine,success,5,0.0,0.11448888888888889,,,,,,,success,keep,,6.312558811680475,/Users/huhu/Documents/Code/bishe/vrb/vrbreproduction/outputs/100subaction-e9/experiments/E9/pipeline_outputs/subaction_81_P01_109_81/candidate_00_frame_012468_right,/Users/huhu/Documents/Code/bishe/vrb/vrbreproduction/outputs/100subaction-e9/experiments/E9/pipeline_outputs/subaction_81_P01_109_81/candidate_00_frame_012468_right,/Users/huhu/Documents/Code/bishe/vrb/vrbreproduction/outputs/100subaction-e9/experiments/E9/pipeline_outputs/subaction_81_P01_109_81/candidate_00_frame_012468_right/reference_frame.png,/Users/huhu/Documents/Code/bishe/vrb/vrbreproduction/outputs/100subaction-e9/experiments/E9/pipeline_outputs/subaction_81_P01_109_81/candidate_00_frame_012468_right/label_heatmap_merged_overlay.png,/Users/huhu/Documents/Code/bishe/vrb/vrbreproduction/outputs/100subaction-e9/experiments/E9/pipeline_outputs/subaction_81_P01_109_81/candidate_00_frame_012468_right/vrb_style_affordance.png,6.0,0.0,"[289.82, 50.72, 365.78, 115.09]",/Users/huhu/Documents/Code/bishe/vrb/vrbreproduction/outputs/100subaction-e9/experiments/E9/pipeline_outputs/subaction_81_P01_109_81/candidate_00_frame_012468_right/label_heatmap_merged.npy,/Users/huhu/Documents/Code/bishe/vrb/vrbreproduction/outputs/100subaction-e9/experiments/E9/pipeline_outputs/subaction_81_P01_109_81/candidate_00_frame_012468_right/label_heatmap_merged.png,/Users/huhu/Documents/Code/bishe/vrb/vrbreproduction/outputs/100subaction-e9/experiments/E9/pipeline_outputs/subaction_81_P01_109_81/candidate_00_frame_012468_right/mask_projection_overlay.png,"(256, 456)",isotropic_e7,False,True
E9,81,P01_109_81,put down potato slices,put-down,slice:potato,['slice:potato'],12458,12480,12457.0,12479.0,1.0,12469.0,right,new_contact_episode,17,3,131,"[299.0, 47.0, 366.0, 195.0]",3.6236414737077687,grabcut_fallback,,,,,small_object_whole_mask_allowed,7089,0.9913298839323171,,,,0,,,26,0,,False,,36,0,0,,,0,,,success,361,0.28316055651870564,,,,,,failed,0,,,,,,,,,not_run,discard,part_gate_failed,,/Users/huhu/Documents/Code/bishe/vrb/vrbreproduction/outputs/100subaction-e9/experiments/E9/pipeline_outputs/subaction_81_P01_109_81/candidate_01_frame_012469_right,,,,,6.0,0.0,,,,,,,,False
E9,81,P01_109_81,put down potato slices,put-down,slice:potato,['slice:potato'],12458,12480,12457.0,12479.0,2.0,12470.0,right,new_contact_episode,17,3,162,"[300.0, 49.0, 364.0, 196.0]",3.733520234964382,grabcut_fallback,,,,,small_object_whole_mask_allowed,4942,0.9981821854170875,,,,0,,,26,0,,False,,36,0,0,,,0,,,success,361,0.2874726462118839,,,,,,failed,0,,,,,,,,,not_run,discard,part_gate_failed,,/Users/huhu/Documents/Code/bishe/vrb/vrbreproduction/outputs/100subaction-e9/experiments/E9/pipeline_outputs/subaction_81_P01_109_81/candidate_02_frame_012470_right,,,,,6.0,0.0,,,,,,,,False
E9,82,P01_109_82,pick up potato slice,pick-up,slice:potato,['slice:potato'],12484,12562,12483.0,12561.0,0.0,12493.0,right,new_contact_episode,143,6,75,"[184.0, 142.0, 232.0, 188.0]",3.9335570908154533,grabcut_fallback,bbox_fallback,fallback_lk,failed,ModuleNotFoundError:No module named 'torch',small_object_whole_mask_allowed,2208,1.0,4775.0,0.8888682055100521,True,5,0.0,contact_part_mask,26,0,contact_part_local_affine,False,0.947037037037037,36,27,16,0.5925925925925926,1.2795345783233643,5,0.0,5372.0,success,361,0.40697077693865086,,12459.0,earliest_reliable_tracked_reference_no_pre_gap,34.0,contact_part_local_affine,success,5,0.0,0.19355555555555556,,,,,,,success,keep,,5.328310080306938,/Users/huhu/Documents/Code/bishe/vrb/vrbreproduction/outputs/100subaction-e9/experiments/E9/pipeline_outputs/subaction_82_P01_109_82/candidate_00_frame_012493_right,/Users/huhu/Documents/Code/bishe/vrb/vrbreproduction/outputs/100subaction-e9/experiments/E9/pipeline_outputs/subaction_82_P01_109_82/candidate_00_frame_012493_right,/Users/huhu/Documents/Code/bishe/vrb/vrbreproduction/outputs/100subaction-e9/experiments/E9/pipeline_outputs/subaction_82_P01_109_82/candidate_00_frame_012493_right/reference_frame.png,/Users/huhu/Documents/Code/bishe/vrb/vrbreproduction/outputs/100subaction-e9/experiments/E9/pipeline_outputs/subaction_82_P01_109_82/candidate_00_frame_012493_right/label_heatmap_merged_overlay.png,/Users/huhu/Documents/Code/bishe/vrb/vrbreproduction/outputs/100subaction-e9/experiments/E9/pipeline_outputs/subaction_82_P01_109_82/candidate_00_frame_012493_right/vrb_style_affordance.png,6.0,0.0,"[127.32, 129.77, 206.05, 198.44]",/Users/huhu/Documents/Code/bishe/vrb/vrbreproduction/outputs/100subaction-e9/experiments/E9/pipeline_outputs/subaction_82_P01_109_82/candidate_00_frame_012493_right/label_heatmap_merged.npy,/Users/huhu/Documents/Code/bishe/vrb/vrbreproduction/outputs/100subaction-e9/experiments/E9/pipeline_outputs/subaction_82_P01_109_82/candidate_00_frame_012493_right/label_heatmap_merged.png,/Users/huhu/Documents/Code/bishe/vrb/vrbreproduction/outputs/100subaction-e9/experiments/E9/pipeline_outputs/subaction_82_P01_109_82/candidate_00_frame_012493_right/mask_projection_overlay.png,"(256, 456)",isotropic_e7,True,True
E9,82,P01_109_82,pick up potato slice,pick-up,slice:potato,['slice:potato'],12484,12562,12483.0,12561.0,1.0,12494.0,right,new_contact_episode,143,6,46,"[185.0, 143.0, 224.0, 173.0]",3.943090895604606,grabcut_fallback,bbox_fallback,fallback_lk,failed,ModuleNotFoundError:No module named 'torch',small_object_whole_mask_allowed,1170,1.0,2112.0,1.0,True,5,0.0,contact_part_mask,26,0,contact_part_local_affine,False,0.9878125000000001,36,32,29,0.90625,0.3429732918739319,5,0.0,2112.0,success,361,0.4131683014605593,,12493.0,earliest_reliable_tracked_reference_no_pre_gap,1.0,contact_part_local_affine,success,5,0.0,0.2668888888888889,,,,,,,success,keep,,6.026189967910449,/Users/huhu/Documents/Code/bishe/vrb/vrbreproduction/outputs/100subaction-e9/experiments/E9/pipeline_outputs/subaction_82_P01_109_82/candidate_01_frame_012494_right,/Users/huhu/Documents/Code/bishe/vrb/vrbreproduction/outputs/100subaction-e9/experiments/E9/pipeline_outputs/subaction_82_P01_109_82/candidate_01_frame_012494_right,/Users/huhu/Documents/Code/bishe/vrb/vrbreproduction/outputs/100subaction-e9/experiments/E9/pipeline_outputs/subaction_82_P01_109_82/candidate_01_frame_012494_right/reference_frame.png,/Users/huhu/Documents/Code/bishe/vrb/vrbreproduction/outputs/100subaction-e9/experiments/E9/pipeline_outputs/subaction_82_P01_109_82/candidate_01_frame_012494_right/label_heatmap_merged_overlay.png,/Users/huhu/Documents/Code/bishe/vrb/vrbreproduction/outputs/100subaction-e9/experiments/E9/pipeline_outputs/subaction_82_P01_109_82/candidate_01_frame_012494_right/vrb_style_affordance.png,6.0,0.0,"[183.08, 140.65, 231.48, 184.59]",/Users/huhu/Documents/Code/bishe/vrb/vrbreproduction/outputs/100subaction-e9/experiments/E9/pipeline_outputs/subaction_82_P01_109_82/candidate_01_frame_012494_right/label_heatmap_merged.npy,/Users/huhu/Documents/Code/bishe/vrb/vrbreproduction/outputs/100subaction-e9/experiments/E9/pipeline_outputs/subaction_82_P01_109_82/candidate_01_frame_012494_right/label_heatmap_merged.png,/Users/huhu/Documents/Code/bishe/vrb/vrbreproduction/outputs/100subaction-e9/experiments/E9/pipeline_outputs/subaction_82_P01_109_82/candidate_01_frame_012494_right/mask_projection_overlay.png,"(256, 456)",isotropic_e7,True,False
E9,82,P01_109_82,pick up potato slice,pick-up,slice:potato,['slice:potato'],12484,12562,12483.0,12561.0,2.0,12495.0,right,new_contact_episode,143,6,38,"[156.0, 117.0, 214.0, 169.0]",2.804975826278144,grabcut_fallback,bbox_fallback,fallback_lk,failed,ModuleNotFoundError:No module named 'torch',small_object_whole_mask_allowed,2625,0.8703580901856764,1748.0,1.0,True,5,0.0,contact_part_mask,26,0,contact_part_local_affine,False,0.9963888888888889,36,36,35,0.9722222222222222,0.4589551091194153,5,0.0,1748.0,success,361,0.4194602045284866,,12494.0,earliest_reliable_tracked_reference_no_pre_gap,1.0,contact_part_local_affine,success,5,0.0,0.26293333333333335,,,,,,,success,keep,,6.068886902281973,/Users/huhu/Documents/Code/bishe/vrb/vrbreproduction/outputs/100subaction-e9/experiments/E9/pipeline_outputs/subaction_82_P01_109_82/candidate_02_frame_012495_right,/Users/huhu/Documents/Code/bishe/vrb/vrbreproduction/outputs/100subaction-e9/experiments/E9/pipeline_outputs/subaction_82_P01_109_82/candidate_02_frame_012495_right,/Users/huhu/Documents/Code/bishe/vrb/vrbreproduction/outputs/100subaction-e9/experiments/E9/pipeline_outputs/subaction_82_P01_109_82/candidate_02_frame_012495_right/reference_frame.png,/Users/huhu/Documents/Code/bishe/vrb/vrbreproduction/outputs/100subaction-e9/experiments/E9/pipeline_outputs/subaction_82_P01_109_82/candidate_02_frame_012495_right/label_heatmap_merged_overlay.png,/Users/huhu/Documents/Code/bishe/vrb/vrbreproduction/outputs/100subaction-e9/experiments/E9/pipeline_outputs/subaction_82_P01_109_82/candidate_02_frame_012495_right/vrb_style_affordance.png,6.0,0.0,"[174.52, 133.82, 220.53, 171.9]",/Users/huhu/Documents/Code/bishe/vrb/vrbreproduction/outputs/100subaction-e9/experiments/E9/pipeline_outputs/subaction_82_P01_109_82/candidate_02_frame_012495_right/label_heatmap_merged.npy,/Users/huhu/Documents/Code/bishe/vrb/vrbreproduction/outputs/100subaction-e9/experiments/E9/pipeline_outputs/subaction_82_P01_109_82/candidate_02_frame_012495_right/label_heatmap_merged.png,/Users/huhu/Documents/Code/bishe/vrb/vrbreproduction/outputs/100subaction-e9/experiments/E9/pipeline_outputs/subaction_82_P01_109_82/candidate_02_frame_012495_right/mask_projection_overlay.png,"(256, 456)",isotropic_e7,True,True
E9,82,P01_109_82,pick up potato slice,pick-up,slice:potato,['slice:potato'],12484,12562,12483.0,12561.0,3.0,12502.0,right,new_contact_episode,143,6,35,"[148.0, 147.0, 177.0, 182.0]",3.044646603454511,grabcut_fallback,bbox_fallback,fallback_lk,failed,ModuleNotFoundError:No module named 'torch',small_object_whole_mask_allowed,1015,1.0,1152.0,1.0,True,5,0.0,contact_part_mask,26,0,contact_part_local_affine,False,1.0,36,36,36,1.0,0.5415717363357544,5,0.0,1152.0,success,361,0.4662696533476252,,12501.0,earliest_reliable_tracked_reference_no_pre_gap,1.0,contact_part_local_affine,success,5,0.0,0.29355555555555557,,,,,,,success,keep,,6.037419514576593,/Users/huhu/Documents/Code/bishe/vrb/vrbreproduction/outputs/100subaction-e9/experiments/E9/pipeline_outputs/subaction_82_P01_109_82/candidate_03_frame_012502_right,/Users/huhu/Documents/Code/bishe/vrb/vrbreproduction/outputs/100subaction-e9/experiments/E9/pipeline_outputs/subaction_82_P01_109_82/candidate_03_frame_012502_right,/Users/huhu/Documents/Code/bishe/vrb/vrbreproduction/outputs/100subaction-e9/experiments/E9/pipeline_outputs/subaction_82_P01_109_82/candidate_03_frame_012502_right/reference_frame.png,/Users/huhu/Documents/Code/bishe/vrb/vrbreproduction/outputs/100subaction-e9/experiments/E9/pipeline_outputs/subaction_82_P01_109_82/candidate_03_frame_012502_right/label_heatmap_merged_overlay.png,/Users/huhu/Documents/Code/bishe/vrb/vrbreproduction/outputs/100subaction-e9/experiments/E9/pipeline_outputs/subaction_82_P01_109_82/candidate_03_frame_012502_right/vrb_style_affordance.png,6.0,0.0,"[146.68, 147.03, 178.78, 183.15]",/Users/huhu/Documents/Code/bishe/vrb/vrbreproduction/outputs/100subaction-e9/experiments/E9/pipeline_outputs/subaction_82_P01_109_82/candidate_03_frame_012502_right/label_heatmap_merged.npy,/Users/huhu/Documents/Code/bishe/vrb/vrbreproduction/outputs/100subaction-e9/experiments/E9/pipeline_outputs/subaction_82_P01_109_82/candidate_03_frame_012502_right/label_heatmap_merged.png,/Users/huhu/Documents/Code/bishe/vrb/vrbreproduction/outputs/100subaction-e9/experiments/E9/pipeline_outputs/subaction_82_P01_109_82/candidate_03_frame_012502_right/mask_projection_overlay.png,"(256, 456)",isotropic_e7,True,False
E9,82,P01_109_82,pick up potato slice,pick-up,slice:potato,['slice:potato'],12484,12562,12483.0,12561.0,4.0,12503.0,right,new_contact_episode,143,6,41,"[151.0, 148.0, 180.0, 184.0]",3.278936921121306,grabcut_fallback,bbox_fallback,fallback_lk,failed,ModuleNotFoundError:No module named 'torch',small_object_whole_mask_allowed,444,1.0,945.0,1.0,True,5,0.0,contact_part_mask,26,0,contact_part_local_affine,False,1.0,36,35,35,1.0,1.1037404537200928,5,0.0,945.0,success,361,0.47337020644428957,,12491.0,earliest_reliable_tracked_reference_no_pre_gap,12.0,contact_part_local_affine,success,5,0.0,0.2152888888888889,,,,,,,success,keep,,6.071954453055063,/Users/huhu/Documents/Code/bishe/vrb/vrbreproduction/outputs/100subaction-e9/experiments/E9/pipeline_outputs/subaction_82_P01_109_82/candidate_04_frame_012503_right,/Users/huhu/Documents/Code/bishe/vrb/vrbreproduction/outputs/100subaction-e9/experiments/E9/pipeline_outputs/subaction_82_P01_109_82/candidate_04_frame_012503_right,/Users/huhu/Documents/Code/bishe/vrb/vrbreproduction/outputs/100subaction-e9/experiments/E9/pipeline_outputs/subaction_82_P01_109_82/candidate_04_frame_012503_right/reference_frame.png,/Users/huhu/Documents/Code/bishe/vrb/vrbreproduction/outputs/100subaction-e9/experiments/E9/pipeline_outputs/subaction_82_P01_109_82/candidate_04_frame_012503_right/label_heatmap_merged_overlay.png,/Users/huhu/Documents/Code/bishe/vrb/vrbreproduction/outputs/100subaction-e9/experiments/E9/pipeline_outputs/subaction_82_P01_109_82/candidate_04_frame_012503_right/vrb_style_affordance.png,6.0,0.0,"[144.99, 151.95, 172.06, 186.93]",/Users/huhu/Documents/Code/bishe/vrb/vrbreproduction/outputs/100subaction-e9/experiments/E9/pipeline_outputs/subaction_82_P01_109_82/candidate_04_frame_012503_right/label_heatmap_merged.npy,/Users/huhu/Documents/Code/bishe/vrb/vrbreproduction/outputs/100subaction-e9/experiments/E9/pipeline_outputs/subaction_82_P01_109_82/candidate_04_frame_012503_right/label_heatmap_merged.png,/Users/huhu/Documents/Code/bishe/vrb/vrbreproduction/outputs/100subaction-e9/experiments/E9/pipeline_outputs/subaction_82_P01_109_82/candidate_04_frame_012503_right/mask_projection_overlay.png,"(256, 456)",isotropic_e7,True,True
E9,82,P01_109_82,pick up potato slice,pick-up,slice:potato,['slice:potato'],12484,12562,12483.0,12561.0,5.0,12504.0,right,new_contact_episode,143,6,40,"[151.0, 148.0, 181.0, 187.0]",3.4642974039433136,grabcut_fallback,bbox_fallback,fallback_lk,failed,ModuleNotFoundError:No module named 'torch',small_object_whole_mask_allowed,584,1.0,1064.0,1.0,True,5,0.0,contact_part_mask,26,0,contact_part_local_affine,False,1.0,36,36,36,1.0,1.4662272930145264,5,0.0,1064.0,success,361,0.4805788897911569,,12489.0,earliest_reliable_tracked_reference_no_pre_gap,15.0,contact_part_local_affine,success,5,0.0,0.2076,,,,,,,success,keep,,6.054613181209564,/Users/huhu/Documents/Code/bishe/vrb/vrbreproduction/outputs/100subaction-e9/experiments/E9/pipeline_outputs/subaction_82_P01_109_82/candidate_05_frame_012504_right,/Users/huhu/Documents/Code/bishe/vrb/vrbreproduction/outputs/100subaction-e9/experiments/E9/pipeline_outputs/subaction_82_P01_109_82/candidate_05_frame_012504_right,/Users/huhu/Documents/Code/bishe/vrb/vrbreproduction/outputs/100subaction-e9/experiments/E9/pipeline_outputs/subaction_82_P01_109_82/candidate_05_frame_012504_right/reference_frame.png,/Users/huhu/Documents/Code/bishe/vrb/vrbreproduction/outputs/100subaction-e9/experiments/E9/pipeline_outputs/subaction_82_P01_109_82/candidate_05_frame_012504_right/label_heatmap_merged_overlay.png,/Users/huhu/Documents/Code/bishe/vrb/vrbreproduction/outputs/100subaction-e9/experiments/E9/pipeline_outputs/subaction_82_P01_109_82/candidate_05_frame_012504_right/vrb_style_affordance.png,6.0,0.0,"[142.06, 151.87, 169.51, 190.07]",/Users/huhu/Documents/Code/bishe/vrb/vrbreproduction/outputs/100subaction-e9/experiments/E9/pipeline_outputs/subaction_82_P01_109_82/candidate_05_frame_012504_right/label_heatmap_merged.npy,/Users/huhu/Documents/Code/bishe/vrb/vrbreproduction/outputs/100subaction-e9/experiments/E9/pipeline_outputs/subaction_82_P01_109_82/candidate_05_frame_012504_right/label_heatmap_merged.png,/Users/huhu/Documents/Code/bishe/vrb/vrbreproduction/outputs/100subaction-e9/experiments/E9/pipeline_outputs/subaction_82_P01_109_82/candidate_05_frame_012504_right/mask_projection_overlay.png,"(256, 456)",isotropic_e7,True,False
E9,83,P01_109_83,put down potato slice,put-down,slice:potato,['slice:potato'],12562,12585,12561.0,12584.0,0.0,12578.0,right,new_contact_episode,45,3,116,"[307.0, 55.0, 353.0, 123.0]",3.5902324135140273,grabcut_fallback,bbox_fallback,fallback_lk,failed,ModuleNotFoundError:No module named 'torch',small_object_whole_mask_allowed,868,1.0,3128.0,1.0,True,5,0.0,contact_part_mask,26,0,contact_part_local_affine,False,1.0,36,36,36,1.0,0.4874999225139618,5,0.0,3128.0,success,361,0.64744518989815,,12577.0,earliest_reliable_tracked_reference_no_pre_gap,1.0,contact_part_local_affine,success,5,0.0,0.11106666666666666,,,,,,,success,keep,,6.2812750023245805,/Users/huhu/Documents/Code/bishe/vrb/vrbreproduction/outputs/100subaction-e9/experiments/E9/pipeline_outputs/subaction_83_P01_109_83/candidate_00_frame_012578_right,/Users/huhu/Documents/Code/bishe/vrb/vrbreproduction/outputs/100subaction-e9/experiments/E9/pipeline_outputs/subaction_83_P01_109_83/candidate_00_frame_012578_right,/Users/huhu/Documents/Code/bishe/vrb/vrbreproduction/outputs/100subaction-e9/experiments/E9/pipeline_outputs/subaction_83_P01_109_83/candidate_00_frame_012578_right/reference_frame.png,/Users/huhu/Documents/Code/bishe/vrb/vrbreproduction/outputs/100subaction-e9/experiments/E9/pipeline_outputs/subaction_83_P01_109_83/candidate_00_frame_012578_right/label_heatmap_merged_overlay.png,/Users/huhu/Documents/Code/bishe/vrb/vrbreproduction/outputs/100subaction-e9/experiments/E9/pipeline_outputs/subaction_83_P01_109_83/candidate_00_frame_012578_right/vrb_style_affordance.png,6.0,0.0,"[308.29, 55.34, 354.22, 123.05]",/Users/huhu/Documents/Code/bishe/vrb/vrbreproduction/outputs/100subaction-e9/experiments/E9/pipeline_outputs/subaction_83_P01_109_83/candidate_00_frame_012578_right/label_heatmap_merged.npy,/Users/huhu/Documents/Code/bishe/vrb/vrbreproduction/outputs/100subaction-e9/experiments/E9/pipeline_outputs/subaction_83_P01_109_83/candidate_00_frame_012578_right/label_heatmap_merged.png,/Users/huhu/Documents/Code/bishe/vrb/vrbreproduction/outputs/100subaction-e9/experiments/E9/pipeline_outputs/subaction_83_P01_109_83/candidate_00_frame_012578_right/mask_projection_overlay.png,"(256, 456)",isotropic_e7,True,True
E9,83,P01_109_83,put down potato slice,put-down,slice:potato,['slice:potato'],12562,12585,12561.0,12584.0,1.0,12579.0,right,new_contact_episode,45,3,0,"[121.0, 168.0, 154.0, 208.0]",0.8419229391413228,,,,,,,0,,,,,0,,,0,0,,False,,0,0,0,,,0,,,not_run,0,0.0,,,,,,not_run,0,,,,,,,,,not_run,discard,contact_points_lt5_after_object_boundary_filter,,/Users/huhu/Documents/Code/bishe/vrb/vrbreproduction/outputs/100subaction-e9/experiments/E9/pipeline_outputs/subaction_83_P01_109_83/candidate_01_frame_012579_right,,,,,,,,,,,,,,False
E9,83,P01_109_83,put down potato slice,put-down,slice:potato,['slice:potato'],12562,12585,12561.0,12584.0,2.0,12580.0,right,new_contact_episode,45,3,0,"[121.0, 168.0, 156.0, 209.0]",0.8558576522591331,,,,,,,0,,,,,0,,,0,0,,False,,0,0,0,,,0,,,not_run,0,0.0,,,,,,not_run,0,,,,,,,,,not_run,discard,contact_points_lt5_after_object_boundary_filter,,/Users/huhu/Documents/Code/bishe/vrb/vrbreproduction/outputs/100subaction-e9/experiments/E9/pipeline_outputs/subaction_83_P01_109_83/candidate_02_frame_012580_right,,,,,,,,,,,,,,False
E9,84,P01_109_84,pick up potato slice,pick-up,slice:potato,['slice:potato'],12634,12667,12633.0,12666.0,0.0,12634.0,right,new_contact_episode,38,12,107,"[299.0, 32.0, 391.0, 117.0]",3.2812684160338237,grabcut_fallback,bbox_fallback,fallback_lk,failed,ModuleNotFoundError:No module named 'torch',small_object_whole_mask_allowed,5432,0.999815939628198,6183.0,0.7312832643406268,True,5,0.0,contact_part_mask,26,0,contact_part_local_affine,False,0.9881818181818183,36,33,30,0.9090909090909091,0.10856463015079498,5,0.0,8455.0,success,361,0.64744518989815,,12633.0,pre_contact_gap_tracked_reference,1.0,contact_part_local_affine,success,5,0.0,0.1436888888888889,,,,,,,success,keep,,6.219755182307597,/Users/huhu/Documents/Code/bishe/vrb/vrbreproduction/outputs/100subaction-e9/experiments/E9/pipeline_outputs/subaction_84_P01_109_84/candidate_00_frame_012634_right,/Users/huhu/Documents/Code/bishe/vrb/vrbreproduction/outputs/100subaction-e9/experiments/E9/pipeline_outputs/subaction_84_P01_109_84/candidate_00_frame_012634_right,/Users/huhu/Documents/Code/bishe/vrb/vrbreproduction/outputs/100subaction-e9/experiments/E9/pipeline_outputs/subaction_84_P01_109_84/candidate_00_frame_012634_right/reference_frame.png,/Users/huhu/Documents/Code/bishe/vrb/vrbreproduction/outputs/100subaction-e9/experiments/E9/pipeline_outputs/subaction_84_P01_109_84/candidate_00_frame_012634_right/label_heatmap_merged_overlay.png,/Users/huhu/Documents/Code/bishe/vrb/vrbreproduction/outputs/100subaction-e9/experiments/E9/pipeline_outputs/subaction_84_P01_109_84/candidate_00_frame_012634_right/vrb_style_affordance.png,6.0,0.0,"[297.36, 30.2, 391.52, 118.79]",/Users/huhu/Documents/Code/bishe/vrb/vrbreproduction/outputs/100subaction-e9/experiments/E9/pipeline_outputs/subaction_84_P01_109_84/candidate_00_frame_012634_right/label_heatmap_merged.npy,/Users/huhu/Documents/Code/bishe/vrb/vrbreproduction/outputs/100subaction-e9/experiments/E9/pipeline_outputs/subaction_84_P01_109_84/candidate_00_frame_012634_right/label_heatmap_merged.png,/Users/huhu/Documents/Code/bishe/vrb/vrbreproduction/outputs/100subaction-e9/experiments/E9/pipeline_outputs/subaction_84_P01_109_84/candidate_00_frame_012634_right/mask_projection_overlay.png,"(256, 456)",isotropic_e7,True,False
E9,84,P01_109_84,pick up potato slice,pick-up,slice:potato,['slice:potato'],12634,12667,12633.0,12666.0,1.0,12635.0,right,new_contact_episode,38,12,138,"[301.0, 31.0, 388.0, 117.0]",3.2563472173893278,grabcut_fallback,bbox_fallback,fallback_lk,failed,ModuleNotFoundError:No module named 'torch',small_object_whole_mask_allowed,5506,0.9989114658925979,5604.0,0.7237504843084076,True,5,0.0,contact_part_mask,26,0,contact_part_local_affine,False,1.0,36,33,33,1.0,0.6266392469406128,5,0.0,7743.0,success,361,0.64744518989815,,12632.0,pre_contact_gap_tracked_reference,3.0,contact_part_local_affine,success,5,0.0,0.1484,,,,,,,success,keep,,6.240600822591781,/Users/huhu/Documents/Code/bishe/vrb/vrbreproduction/outputs/100subaction-e9/experiments/E9/pipeline_outputs/subaction_84_P01_109_84/candidate_01_frame_012635_right,/Users/huhu/Documents/Code/bishe/vrb/vrbreproduction/outputs/100subaction-e9/experiments/E9/pipeline_outputs/subaction_84_P01_109_84/candidate_01_frame_012635_right,/Users/huhu/Documents/Code/bishe/vrb/vrbreproduction/outputs/100subaction-e9/experiments/E9/pipeline_outputs/subaction_84_P01_109_84/candidate_01_frame_012635_right/reference_frame.png,/Users/huhu/Documents/Code/bishe/vrb/vrbreproduction/outputs/100subaction-e9/experiments/E9/pipeline_outputs/subaction_84_P01_109_84/candidate_01_frame_012635_right/label_heatmap_merged_overlay.png,/Users/huhu/Documents/Code/bishe/vrb/vrbreproduction/outputs/100subaction-e9/experiments/E9/pipeline_outputs/subaction_84_P01_109_84/candidate_01_frame_012635_right/vrb_style_affordance.png,6.0,0.0,"[295.85, 30.62, 385.22, 118.29]",/Users/huhu/Documents/Code/bishe/vrb/vrbreproduction/outputs/100subaction-e9/experiments/E9/pipeline_outputs/subaction_84_P01_109_84/candidate_01_frame_012635_right/label_heatmap_merged.npy,/Users/huhu/Documents/Code/bishe/vrb/vrbreproduction/outputs/100subaction-e9/experiments/E9/pipeline_outputs/subaction_84_P01_109_84/candidate_01_frame_012635_right/label_heatmap_merged.png,/Users/huhu/Documents/Code/bishe/vrb/vrbreproduction/outputs/100subaction-e9/experiments/E9/pipeline_outputs/subaction_84_P01_109_84/candidate_01_frame_012635_right/mask_projection_overlay.png,"(256, 456)",isotropic_e7,True,True
E9,84,P01_109_84,pick up potato slice,pick-up,slice:potato,['slice:potato'],12634,12667,12633.0,12666.0,2.0,12636.0,right,new_contact_episode,38,12,104,"[303.0, 34.0, 390.0, 120.0]",3.178229149747468,grabcut_fallback,bbox_fallback,fallback_lk,failed,ModuleNotFoundError:No module named 'torch',small_object_whole_mask_allowed,5668,1.0,5784.0,0.6913698302653598,True,5,0.0,contact_part_mask,26,0,contact_part_local_affine,False,0.9874193548387097,36,31,28,0.9032258064516129,0.18564945459365845,5,0.0,8366.0,success,361,0.64744518989815,,12633.0,pre_contact_gap_tracked_reference,3.0,contact_part_local_affine,success,5,0.0,0.1436888888888889,,,,,,,success,keep,,6.201864924964341,/Users/huhu/Documents/Code/bishe/vrb/vrbreproduction/outputs/100subaction-e9/experiments/E9/pipeline_outputs/subaction_84_P01_109_84/candidate_02_frame_012636_right,/Users/huhu/Documents/Code/bishe/vrb/vrbreproduction/outputs/100subaction-e9/experiments/E9/pipeline_outputs/subaction_84_P01_109_84/candidate_02_frame_012636_right,/Users/huhu/Documents/Code/bishe/vrb/vrbreproduction/outputs/100subaction-e9/experiments/E9/pipeline_outputs/subaction_84_P01_109_84/candidate_02_frame_012636_right/reference_frame.png,/Users/huhu/Documents/Code/bishe/vrb/vrbreproduction/outputs/100subaction-e9/experiments/E9/pipeline_outputs/subaction_84_P01_109_84/candidate_02_frame_012636_right/label_heatmap_merged_overlay.png,/Users/huhu/Documents/Code/bishe/vrb/vrbreproduction/outputs/100subaction-e9/experiments/E9/pipeline_outputs/subaction_84_P01_109_84/candidate_02_frame_012636_right/vrb_style_affordance.png,6.0,0.0,"[297.42, 30.2, 391.05, 118.97]",/Users/huhu/Documents/Code/bishe/vrb/vrbreproduction/outputs/100subaction-e9/experiments/E9/pipeline_outputs/subaction_84_P01_109_84/candidate_02_frame_012636_right/label_heatmap_merged.npy,/Users/huhu/Documents/Code/bishe/vrb/vrbreproduction/outputs/100subaction-e9/experiments/E9/pipeline_outputs/subaction_84_P01_109_84/candidate_02_frame_012636_right/label_heatmap_merged.png,/Users/huhu/Documents/Code/bishe/vrb/vrbreproduction/outputs/100subaction-e9/experiments/E9/pipeline_outputs/subaction_84_P01_109_84/candidate_02_frame_012636_right/mask_projection_overlay.png,"(256, 456)",isotropic_e7,True,False
E9,84,P01_109_84,pick up potato slice,pick-up,slice:potato,['slice:potato'],12634,12667,12633.0,12666.0,3.0,12639.0,left,new_contact_episode,38,12,99,"[137.0, 161.0, 170.0, 199.0]",4.893152834628455,grabcut_fallback,bbox_fallback,fallback_lk,failed,ModuleNotFoundError:No module named 'torch',small_object_whole_mask_allowed,1254,1.0,1554.0,1.0,True,5,0.0,contact_part_mask,26,0,contact_part_local_affine,False,1.0,36,36,36,1.0,0.5889552235603333,5,0.0,1554.0,success,361,0.64744518989815,,12638.0,pre_contact_gap_tracked_reference,1.0,contact_part_local_affine,success,5,0.0,0.1711111111111111,,,,,,,success,keep,,6.188164676626522,/Users/huhu/Documents/Code/bishe/vrb/vrbreproduction/outputs/100subaction-e9/experiments/E9/pipeline_outputs/subaction_84_P01_109_84/candidate_03_frame_012639_left,/Users/huhu/Documents/Code/bishe/vrb/vrbreproduction/outputs/100subaction-e9/experiments/E9/pipeline_outputs/subaction_84_P01_109_84/candidate_03_frame_012639_left,/Users/huhu/Documents/Code/bishe/vrb/vrbreproduction/outputs/100subaction-e9/experiments/E9/pipeline_outputs/subaction_84_P01_109_84/candidate_03_frame_012639_left/reference_frame.png,/Users/huhu/Documents/Code/bishe/vrb/vrbreproduction/outputs/100subaction-e9/experiments/E9/pipeline_outputs/subaction_84_P01_109_84/candidate_03_frame_012639_left/label_heatmap_merged_overlay.png,/Users/huhu/Documents/Code/bishe/vrb/vrbreproduction/outputs/100subaction-e9/experiments/E9/pipeline_outputs/subaction_84_P01_109_84/candidate_03_frame_012639_left/vrb_style_affordance.png,6.0,0.0,"[133.47, 160.3, 169.76, 201.67]",/Users/huhu/Documents/Code/bishe/vrb/vrbreproduction/outputs/100subaction-e9/experiments/E9/pipeline_outputs/subaction_84_P01_109_84/candidate_03_frame_012639_left/label_heatmap_merged.npy,/Users/huhu/Documents/Code/bishe/vrb/vrbreproduction/outputs/100subaction-e9/experiments/E9/pipeline_outputs/subaction_84_P01_109_84/candidate_03_frame_012639_left/label_heatmap_merged.png,/Users/huhu/Documents/Code/bishe/vrb/vrbreproduction/outputs/100subaction-e9/experiments/E9/pipeline_outputs/subaction_84_P01_109_84/candidate_03_frame_012639_left/mask_projection_overlay.png,"(256, 456)",isotropic_e7,True,True
E9,84,P01_109_84,pick up potato slice,pick-up,slice:potato,['slice:potato'],12634,12667,12633.0,12666.0,4.0,12640.0,left,new_contact_episode,38,12,134,"[137.0, 162.0, 171.0, 200.0]",4.981355169745489,grabcut_fallback,bbox_fallback,fallback_lk,failed,ModuleNotFoundError:No module named 'torch',small_object_whole_mask_allowed,1292,1.0,1517.0,1.0,True,4,0.0,contact_part_mask,26,0,contact_part_local_affine,False,0.9124999999999999,36,36,36,1.0,1.0623905658721924,4,0.0,1517.0,success,361,0.64744518989815,,12638.0,pre_contact_gap_tracked_reference,2.0,contact_part_local_affine,success,4,0.0,0.1711111111111111,,,,,,,success,keep,,5.742961616357166,/Users/huhu/Documents/Code/bishe/vrb/vrbreproduction/outputs/100subaction-e9/experiments/E9/pipeline_outputs/subaction_84_P01_109_84/candidate_04_frame_012640_left,/Users/huhu/Documents/Code/bishe/vrb/vrbreproduction/outputs/100subaction-e9/experiments/E9/pipeline_outputs/subaction_84_P01_109_84/candidate_04_frame_012640_left,/Users/huhu/Documents/Code/bishe/vrb/vrbreproduction/outputs/100subaction-e9/experiments/E9/pipeline_outputs/subaction_84_P01_109_84/candidate_04_frame_012640_left/reference_frame.png,/Users/huhu/Documents/Code/bishe/vrb/vrbreproduction/outputs/100subaction-e9/experiments/E9/pipeline_outputs/subaction_84_P01_109_84/candidate_04_frame_012640_left/label_heatmap_merged_overlay.png,/Users/huhu/Documents/Code/bishe/vrb/vrbreproduction/outputs/100subaction-e9/experiments/E9/pipeline_outputs/subaction_84_P01_109_84/candidate_04_frame_012640_left/vrb_style_affordance.png,6.0,0.0,"[133.05, 160.73, 170.04, 202.35]",/Users/huhu/Documents/Code/bishe/vrb/vrbreproduction/outputs/100subaction-e9/experiments/E9/pipeline_outputs/subaction_84_P01_109_84/candidate_04_frame_012640_left/label_heatmap_merged.npy,/Users/huhu/Documents/Code/bishe/vrb/vrbreproduction/outputs/100subaction-e9/experiments/E9/pipeline_outputs/subaction_84_P01_109_84/candidate_04_frame_012640_left/label_heatmap_merged.png,/Users/huhu/Documents/Code/bishe/vrb/vrbreproduction/outputs/100subaction-e9/experiments/E9/pipeline_outputs/subaction_84_P01_109_84/candidate_04_frame_012640_left/mask_projection_overlay.png,"(256, 456)",isotropic_e7,True,False
E9,84,P01_109_84,pick up potato slice,pick-up,slice:potato,['slice:potato'],12634,12667,12633.0,12666.0,5.0,12641.0,left,new_contact_episode,38,12,121,"[145.0, 162.0, 172.0, 195.0]",4.894383744647829,grabcut_fallback,bbox_fallback,fallback_lk,failed,ModuleNotFoundError:No module named 'torch',small_object_whole_mask_allowed,891,1.0,1800.0,1.0,True,5,0.0,contact_part_mask,26,0,contact_part_local_affine,False,0.9747222222222223,36,36,29,0.8055555555555556,1.4539942741394043,5,0.0,1800.0,success,361,0.64744518989815,,12637.0,pre_contact_gap_tracked_reference,4.0,contact_part_local_affine,success,5,0.0,0.17666666666666667,,,,,,,success,keep,,5.986241560664707,/Users/huhu/Documents/Code/bishe/vrb/vrbreproduction/outputs/100subaction-e9/experiments/E9/pipeline_outputs/subaction_84_P01_109_84/candidate_05_frame_012641_left,/Users/huhu/Documents/Code/bishe/vrb/vrbreproduction/outputs/100subaction-e9/experiments/E9/pipeline_outputs/subaction_84_P01_109_84/candidate_05_frame_012641_left,/Users/huhu/Documents/Code/bishe/vrb/vrbreproduction/outputs/100subaction-e9/experiments/E9/pipeline_outputs/subaction_84_P01_109_84/candidate_05_frame_012641_left/reference_frame.png,/Users/huhu/Documents/Code/bishe/vrb/vrbreproduction/outputs/100subaction-e9/experiments/E9/pipeline_outputs/subaction_84_P01_109_84/candidate_05_frame_012641_left/label_heatmap_merged_overlay.png,/Users/huhu/Documents/Code/bishe/vrb/vrbreproduction/outputs/100subaction-e9/experiments/E9/pipeline_outputs/subaction_84_P01_109_84/candidate_05_frame_012641_left/vrb_style_affordance.png,6.0,0.0,"[130.33, 160.11, 169.96, 204.67]",/Users/huhu/Documents/Code/bishe/vrb/vrbreproduction/outputs/100subaction-e9/experiments/E9/pipeline_outputs/subaction_84_P01_109_84/candidate_05_frame_012641_left/label_heatmap_merged.npy,/Users/huhu/Documents/Code/bishe/vrb/vrbreproduction/outputs/100subaction-e9/experiments/E9/pipeline_outputs/subaction_84_P01_109_84/candidate_05_frame_012641_left/label_heatmap_merged.png,/Users/huhu/Documents/Code/bishe/vrb/vrbreproduction/outputs/100subaction-e9/experiments/E9/pipeline_outputs/subaction_84_P01_109_84/candidate_05_frame_012641_left/mask_projection_overlay.png,"(256, 456)",isotropic_e7,True,False
E9,84,P01_109_84,pick up potato slice,pick-up,slice:potato,['slice:potato'],12634,12667,12633.0,12666.0,6.0,12655.0,right,new_contact_episode,38,12,0,,,,,,,,,0,,,,,0,,,0,0,,False,,0,0,0,,,0,,,not_run,0,0.0,,,,,,not_run,0,,,,,,,,,not_run,discard,missing_hand_or_object_bbox,,/Users/huhu/Documents/Code/bishe/vrb/vrbreproduction/outputs/100subaction-e9/experiments/E9/pipeline_outputs/subaction_84_P01_109_84/candidate_06_frame_012655_right,,,,,,,,,,,,,,False
E9,84,P01_109_84,pick up potato slice,pick-up,slice:potato,['slice:potato'],12634,12667,12633.0,12666.0,7.0,12657.0,right,new_contact_episode,38,12,0,"[155.0, 161.0, 186.0, 193.0]",1.112827510377135,,,,,,,0,,,,,0,,,0,0,,False,,0,0,0,,,0,,,not_run,0,0.0,,,,,,not_run,0,,,,,,,,,not_run,discard,contact_points_lt5_after_object_boundary_filter,,/Users/huhu/Documents/Code/bishe/vrb/vrbreproduction/outputs/100subaction-e9/experiments/E9/pipeline_outputs/subaction_84_P01_109_84/candidate_07_frame_012657_right,,,,,,,,,,,,,,False
E9,84,P01_109_84,pick up potato slice,pick-up,slice:potato,['slice:potato'],12634,12667,12633.0,12666.0,8.0,12658.0,right,new_contact_episode,38,12,55,"[163.0, 162.0, 192.0, 194.0]",3.0689899547473747,grabcut_fallback,bbox_fallback,fallback_lk,failed,ModuleNotFoundError:No module named 'torch',small_object_whole_mask_allowed,455,1.0,1120.0,1.0,True,5,0.0,contact_part_mask,26,0,contact_part_local_affine,False,1.0,36,36,36,1.0,0.4709039628505707,5,0.0,1120.0,success,361,0.64744518989815,,12656.0,pre_contact_gap_tracked_reference,2.0,contact_part_local_affine,success,5,0.0,0.29986666666666667,,,,,,,success,keep,,6.024072881114483,/Users/huhu/Documents/Code/bishe/vrb/vrbreproduction/outputs/100subaction-e9/experiments/E9/pipeline_outputs/subaction_84_P01_109_84/candidate_08_frame_012658_right,/Users/huhu/Documents/Code/bishe/vrb/vrbreproduction/outputs/100subaction-e9/experiments/E9/pipeline_outputs/subaction_84_P01_109_84/candidate_08_frame_012658_right,/Users/huhu/Documents/Code/bishe/vrb/vrbreproduction/outputs/100subaction-e9/experiments/E9/pipeline_outputs/subaction_84_P01_109_84/candidate_08_frame_012658_right/reference_frame.png,/Users/huhu/Documents/Code/bishe/vrb/vrbreproduction/outputs/100subaction-e9/experiments/E9/pipeline_outputs/subaction_84_P01_109_84/candidate_08_frame_012658_right/label_heatmap_merged_overlay.png,/Users/huhu/Documents/Code/bishe/vrb/vrbreproduction/outputs/100subaction-e9/experiments/E9/pipeline_outputs/subaction_84_P01_109_84/candidate_08_frame_012658_right/vrb_style_affordance.png,6.0,0.0,"[149.98, 160.82, 182.29, 195.67]",/Users/huhu/Documents/Code/bishe/vrb/vrbreproduction/outputs/100subaction-e9/experiments/E9/pipeline_outputs/subaction_84_P01_109_84/candidate_08_frame_012658_right/label_heatmap_merged.npy,/Users/huhu/Documents/Code/bishe/vrb/vrbreproduction/outputs/100subaction-e9/experiments/E9/pipeline_outputs/subaction_84_P01_109_84/candidate_08_frame_012658_right/label_heatmap_merged.png,/Users/huhu/Documents/Code/bishe/vrb/vrbreproduction/outputs/100subaction-e9/experiments/E9/pipeline_outputs/subaction_84_P01_109_84/candidate_08_frame_012658_right/mask_projection_overlay.png,"(256, 456)",isotropic_e7,True,False
E9,84,P01_109_84,pick up potato slice,pick-up,slice:potato,['slice:potato'],12634,12667,12633.0,12666.0,9.0,12659.0,right,new_contact_episode,38,12,68,"[171.0, 163.0, 200.0, 197.0]",3.589696122581274,grabcut_fallback,bbox_fallback,fallback_lk,failed,ModuleNotFoundError:No module named 'torch',small_object_whole_mask_allowed,590,1.0,1155.0,1.0,True,4,0.0,contact_part_mask,26,0,contact_part_local_affine,False,0.901029411764706,36,34,31,0.9117647058823529,0.6794880032539368,4,0.0,1155.0,success,361,0.64744518989815,,12656.0,pre_contact_gap_tracked_reference,3.0,contact_part_local_affine,success,4,0.0,0.3044,,,,,,,success,keep,,5.5261918304906175,/Users/huhu/Documents/Code/bishe/vrb/vrbreproduction/outputs/100subaction-e9/experiments/E9/pipeline_outputs/subaction_84_P01_109_84/candidate_09_frame_012659_right,/Users/huhu/Documents/Code/bishe/vrb/vrbreproduction/outputs/100subaction-e9/experiments/E9/pipeline_outputs/subaction_84_P01_109_84/candidate_09_frame_012659_right,/Users/huhu/Documents/Code/bishe/vrb/vrbreproduction/outputs/100subaction-e9/experiments/E9/pipeline_outputs/subaction_84_P01_109_84/candidate_09_frame_012659_right/reference_frame.png,/Users/huhu/Documents/Code/bishe/vrb/vrbreproduction/outputs/100subaction-e9/experiments/E9/pipeline_outputs/subaction_84_P01_109_84/candidate_09_frame_012659_right/label_heatmap_merged_overlay.png,/Users/huhu/Documents/Code/bishe/vrb/vrbreproduction/outputs/100subaction-e9/experiments/E9/pipeline_outputs/subaction_84_P01_109_84/candidate_09_frame_012659_right/vrb_style_affordance.png,6.0,0.0,"[150.15, 160.71, 182.66, 195.86]",/Users/huhu/Documents/Code/bishe/vrb/vrbreproduction/outputs/100subaction-e9/experiments/E9/pipeline_outputs/subaction_84_P01_109_84/candidate_09_frame_012659_right/label_heatmap_merged.npy,/Users/huhu/Documents/Code/bishe/vrb/vrbreproduction/outputs/100subaction-e9/experiments/E9/pipeline_outputs/subaction_84_P01_109_84/candidate_09_frame_012659_right/label_heatmap_merged.png,/Users/huhu/Documents/Code/bishe/vrb/vrbreproduction/outputs/100subaction-e9/experiments/E9/pipeline_outputs/subaction_84_P01_109_84/candidate_09_frame_012659_right/mask_projection_overlay.png,"(256, 456)",isotropic_e7,True,False
E9,84,P01_109_84,pick up potato slice,pick-up,slice:potato,['slice:potato'],12634,12667,12633.0,12666.0,10.0,12658.0,left,new_contact_episode,38,12,92,"[163.0, 162.0, 192.0, 194.0]",4.88861298395141,grabcut_fallback,bbox_fallback,fallback_lk,failed,ModuleNotFoundError:No module named 'torch',small_object_whole_mask_allowed,455,1.0,870.0,1.0,True,5,0.0,contact_part_mask,26,0,contact_part_local_affine,False,0.9819444444444445,36,36,31,0.8611111111111112,1.3789057731628418,5,0.0,870.0,success,361,0.64744518989815,,12649.0,earliest_reliable_tracked_reference_no_pre_gap,9.0,contact_part_local_affine,success,5,0.0,0.1428,,,,,,,success,keep,,6.105710604582892,/Users/huhu/Documents/Code/bishe/vrb/vrbreproduction/outputs/100subaction-e9/experiments/E9/pipeline_outputs/subaction_84_P01_109_84/candidate_10_frame_012658_left,/Users/huhu/Documents/Code/bishe/vrb/vrbreproduction/outputs/100subaction-e9/experiments/E9/pipeline_outputs/subaction_84_P01_109_84/candidate_10_frame_012658_left,/Users/huhu/Documents/Code/bishe/vrb/vrbreproduction/outputs/100subaction-e9/experiments/E9/pipeline_outputs/subaction_84_P01_109_84/candidate_10_frame_012658_left/reference_frame.png,/Users/huhu/Documents/Code/bishe/vrb/vrbreproduction/outputs/100subaction-e9/experiments/E9/pipeline_outputs/subaction_84_P01_109_84/candidate_10_frame_012658_left/label_heatmap_merged_overlay.png,/Users/huhu/Documents/Code/bishe/vrb/vrbreproduction/outputs/100subaction-e9/experiments/E9/pipeline_outputs/subaction_84_P01_109_84/candidate_10_frame_012658_left/vrb_style_affordance.png,6.0,0.0,"[144.56, 162.42, 173.78, 191.91]",/Users/huhu/Documents/Code/bishe/vrb/vrbreproduction/outputs/100subaction-e9/experiments/E9/pipeline_outputs/subaction_84_P01_109_84/candidate_10_frame_012658_left/label_heatmap_merged.npy,/Users/huhu/Documents/Code/bishe/vrb/vrbreproduction/outputs/100subaction-e9/experiments/E9/pipeline_outputs/subaction_84_P01_109_84/candidate_10_frame_012658_left/label_heatmap_merged.png,/Users/huhu/Documents/Code/bishe/vrb/vrbreproduction/outputs/100subaction-e9/experiments/E9/pipeline_outputs/subaction_84_P01_109_84/candidate_10_frame_012658_left/mask_projection_overlay.png,"(256, 456)",isotropic_e7,True,False
E9,84,P01_109_84,pick up potato slice,pick-up,slice:potato,['slice:potato'],12634,12667,12633.0,12666.0,11.0,12659.0,left,new_contact_episode,38,12,26,"[171.0, 163.0, 200.0, 197.0]",4.289804526129475,grabcut_fallback,bbox_fallback,fallback_lk,failed,ModuleNotFoundError:No module named 'torch',small_object_whole_mask_allowed,590,1.0,870.0,1.0,True,5,0.0,contact_part_mask,26,0,contact_part_local_affine,False,0.9847058823529412,36,34,30,0.8823529411764706,1.3561835289001465,5,0.0,870.0,success,361,0.64744518989815,,12649.0,earliest_reliable_tracked_reference_no_pre_gap,10.0,contact_part_local_affine,success,5,0.0,0.13782222222222223,,,,,,,success,keep,,6.12081645491731,/Users/huhu/Documents/Code/bishe/vrb/vrbreproduction/outputs/100subaction-e9/experiments/E9/pipeline_outputs/subaction_84_P01_109_84/candidate_11_frame_012659_left,/Users/huhu/Documents/Code/bishe/vrb/vrbreproduction/outputs/100subaction-e9/experiments/E9/pipeline_outputs/subaction_84_P01_109_84/candidate_11_frame_012659_left,/Users/huhu/Documents/Code/bishe/vrb/vrbreproduction/outputs/100subaction-e9/experiments/E9/pipeline_outputs/subaction_84_P01_109_84/candidate_11_frame_012659_left/reference_frame.png,/Users/huhu/Documents/Code/bishe/vrb/vrbreproduction/outputs/100subaction-e9/experiments/E9/pipeline_outputs/subaction_84_P01_109_84/candidate_11_frame_012659_left/label_heatmap_merged_overlay.png,/Users/huhu/Documents/Code/bishe/vrb/vrbreproduction/outputs/100subaction-e9/experiments/E9/pipeline_outputs/subaction_84_P01_109_84/candidate_11_frame_012659_left/vrb_style_affordance.png,6.0,0.0,"[144.56, 162.42, 173.78, 191.91]",/Users/huhu/Documents/Code/bishe/vrb/vrbreproduction/outputs/100subaction-e9/experiments/E9/pipeline_outputs/subaction_84_P01_109_84/candidate_11_frame_012659_left/label_heatmap_merged.npy,/Users/huhu/Documents/Code/bishe/vrb/vrbreproduction/outputs/100subaction-e9/experiments/E9/pipeline_outputs/subaction_84_P01_109_84/candidate_11_frame_012659_left/label_heatmap_merged.png,/Users/huhu/Documents/Code/bishe/vrb/vrbreproduction/outputs/100subaction-e9/experiments/E9/pipeline_outputs/subaction_84_P01_109_84/candidate_11_frame_012659_left/mask_projection_overlay.png,"(256, 456)",isotropic_e7,True,True
E9,85,P01_109_85,put down potato slice,put-down,slice:potato,['slice:potato'],12670,12692,12669.0,12691.0,0.0,12679.0,left,new_contact_episode,21,4,125,"[129.0, 136.0, 214.0, 203.0]",3.584021475210957,grabcut_fallback,bbox_fallback,fallback_lk,failed,ModuleNotFoundError:No module named 'torch',small_object_whole_mask_allowed,4231,0.7429323968393328,4232.0,0.7431079894644425,True,4,0.0,contact_part_mask,26,0,contact_part_local_affine,False,0.9124999999999999,36,36,36,1.0,0.29668062925338745,4,0.0,5695.0,success,361,0.7363975911830737,,12678.0,earliest_reliable_tracked_reference_no_pre_gap,1.0,contact_part_local_affine,success,4,0.0,0.15733333333333333,,,,,,,success,keep,,5.792599581122397,/Users/huhu/Documents/Code/bishe/vrb/vrbreproduction/outputs/100subaction-e9/experiments/E9/pipeline_outputs/subaction_85_P01_109_85/candidate_00_frame_012679_left,/Users/huhu/Documents/Code/bishe/vrb/vrbreproduction/outputs/100subaction-e9/experiments/E9/pipeline_outputs/subaction_85_P01_109_85/candidate_00_frame_012679_left,/Users/huhu/Documents/Code/bishe/vrb/vrbreproduction/outputs/100subaction-e9/experiments/E9/pipeline_outputs/subaction_85_P01_109_85/candidate_00_frame_012679_left/reference_frame.png,/Users/huhu/Documents/Code/bishe/vrb/vrbreproduction/outputs/100subaction-e9/experiments/E9/pipeline_outputs/subaction_85_P01_109_85/candidate_00_frame_012679_left/label_heatmap_merged_overlay.png,/Users/huhu/Documents/Code/bishe/vrb/vrbreproduction/outputs/100subaction-e9/experiments/E9/pipeline_outputs/subaction_85_P01_109_85/candidate_00_frame_012679_left/vrb_style_affordance.png,6.0,0.0,"[129.81, 135.67, 214.99, 202.91]",/Users/huhu/Documents/Code/bishe/vrb/vrbreproduction/outputs/100subaction-e9/experiments/E9/pipeline_outputs/subaction_85_P01_109_85/candidate_00_frame_012679_left/label_heatmap_merged.npy,/Users/huhu/Documents/Code/bishe/vrb/vrbreproduction/outputs/100subaction-e9/experiments/E9/pipeline_outputs/subaction_85_P01_109_85/candidate_00_frame_012679_left/label_heatmap_merged.png,/Users/huhu/Documents/Code/bishe/vrb/vrbreproduction/outputs/100subaction-e9/experiments/E9/pipeline_outputs/subaction_85_P01_109_85/candidate_00_frame_012679_left/mask_projection_overlay.png,"(256, 456)",isotropic_e7,True,False
E9,85,P01_109_85,put down potato slice,put-down,slice:potato,['slice:potato'],12670,12692,12669.0,12691.0,1.0,12680.0,left,new_contact_episode,21,4,112,"[130.0, 136.0, 211.0, 200.0]",3.710816516949845,grabcut_fallback,bbox_fallback,fallback_lk,failed,ModuleNotFoundError:No module named 'torch',small_object_whole_mask_allowed,5155,0.9944058641975309,5430.0,0.9912376779846659,True,5,0.0,contact_part_mask,26,0,contact_part_local_affine,False,1.0,36,36,36,1.0,0.24487408995628357,5,0.0,5478.0,success,361,0.7363975911830737,,12679.0,earliest_reliable_tracked_reference_no_pre_gap,1.0,contact_part_local_affine,success,5,0.0,0.19333333333333333,,,,,,,success,keep,,6.19665377730131,/Users/huhu/Documents/Code/bishe/vrb/vrbreproduction/outputs/100subaction-e9/experiments/E9/pipeline_outputs/subaction_85_P01_109_85/candidate_01_frame_012680_left,/Users/huhu/Documents/Code/bishe/vrb/vrbreproduction/outputs/100subaction-e9/experiments/E9/pipeline_outputs/subaction_85_P01_109_85/candidate_01_frame_012680_left,/Users/huhu/Documents/Code/bishe/vrb/vrbreproduction/outputs/100subaction-e9/experiments/E9/pipeline_outputs/subaction_85_P01_109_85/candidate_01_frame_012680_left/reference_frame.png,/Users/huhu/Documents/Code/bishe/vrb/vrbreproduction/outputs/100subaction-e9/experiments/E9/pipeline_outputs/subaction_85_P01_109_85/candidate_01_frame_012680_left/label_heatmap_merged_overlay.png,/Users/huhu/Documents/Code/bishe/vrb/vrbreproduction/outputs/100subaction-e9/experiments/E9/pipeline_outputs/subaction_85_P01_109_85/candidate_01_frame_012680_left/vrb_style_affordance.png,6.0,0.0,"[129.6, 135.89, 213.32, 201.98]",/Users/huhu/Documents/Code/bishe/vrb/vrbreproduction/outputs/100subaction-e9/experiments/E9/pipeline_outputs/subaction_85_P01_109_85/candidate_01_frame_012680_left/label_heatmap_merged.npy,/Users/huhu/Documents/Code/bishe/vrb/vrbreproduction/outputs/100subaction-e9/experiments/E9/pipeline_outputs/subaction_85_P01_109_85/candidate_01_frame_012680_left/label_heatmap_merged.png,/Users/huhu/Documents/Code/bishe/vrb/vrbreproduction/outputs/100subaction-e9/experiments/E9/pipeline_outputs/subaction_85_P01_109_85/candidate_01_frame_012680_left/mask_projection_overlay.png,"(256, 456)",isotropic_e7,True,True
E9,85,P01_109_85,put down potato slice,put-down,slice:potato,['slice:potato'],12670,12692,12669.0,12691.0,2.0,12681.0,left,new_contact_episode,21,4,86,"[130.0, 135.0, 210.0, 221.0]",3.8286133679121113,grabcut_fallback,bbox_fallback,fallback_lk,failed,ModuleNotFoundError:No module named 'torch',small_object_whole_mask_allowed,4739,0.6888081395348837,5385.0,0.8767502442201237,True,5,0.0,contact_part_mask,26,0,contact_part_local_affine,False,0.922,36,20,8,0.4,0.9081996083259583,5,0.0,6142.0,success,361,0.7363975911830737,,12619.0,earliest_reliable_tracked_reference_no_pre_gap,62.0,contact_part_local_affine,success,5,0.0,0.17044444444444445,,,,,,,success,keep,,5.261265191941198,/Users/huhu/Documents/Code/bishe/vrb/vrbreproduction/outputs/100subaction-e9/experiments/E9/pipeline_outputs/subaction_85_P01_109_85/candidate_02_frame_012681_left,/Users/huhu/Documents/Code/bishe/vrb/vrbreproduction/outputs/100subaction-e9/experiments/E9/pipeline_outputs/subaction_85_P01_109_85/candidate_02_frame_012681_left,/Users/huhu/Documents/Code/bishe/vrb/vrbreproduction/outputs/100subaction-e9/experiments/E9/pipeline_outputs/subaction_85_P01_109_85/candidate_02_frame_012681_left/reference_frame.png,/Users/huhu/Documents/Code/bishe/vrb/vrbreproduction/outputs/100subaction-e9/experiments/E9/pipeline_outputs/subaction_85_P01_109_85/candidate_02_frame_012681_left/label_heatmap_merged_overlay.png,/Users/huhu/Documents/Code/bishe/vrb/vrbreproduction/outputs/100subaction-e9/experiments/E9/pipeline_outputs/subaction_85_P01_109_85/candidate_02_frame_012681_left/vrb_style_affordance.png,6.0,0.0,"[132.59, 148.83, 216.02, 223.09]",/Users/huhu/Documents/Code/bishe/vrb/vrbreproduction/outputs/100subaction-e9/experiments/E9/pipeline_outputs/subaction_85_P01_109_85/candidate_02_frame_012681_left/label_heatmap_merged.npy,/Users/huhu/Documents/Code/bishe/vrb/vrbreproduction/outputs/100subaction-e9/experiments/E9/pipeline_outputs/subaction_85_P01_109_85/candidate_02_frame_012681_left/label_heatmap_merged.png,/Users/huhu/Documents/Code/bishe/vrb/vrbreproduction/outputs/100subaction-e9/experiments/E9/pipeline_outputs/subaction_85_P01_109_85/candidate_02_frame_012681_left/mask_projection_overlay.png,"(256, 456)",isotropic_e7,True,False
E9,85,P01_109_85,put down potato slice,put-down,slice:potato,['slice:potato'],12670,12692,12669.0,12691.0,3.0,12691.0,right,new_contact_episode,21,4,0,,,,,,,,,0,,,,,0,,,0,0,,False,,0,0,0,,,0,,,not_run,0,0.0,,,,,,not_run,0,,,,,,,,,not_run,discard,missing_hand_or_object_bbox,,/Users/huhu/Documents/Code/bishe/vrb/vrbreproduction/outputs/100subaction-e9/experiments/E9/pipeline_outputs/subaction_85_P01_109_85/candidate_03_frame_012691_right,,,,,,,,,,,,,,False
E9,86,P01_109_86,pick up potato slice,pick-up,slice:potato,['slice:potato'],12723,12753,12722.0,12752.0,0.0,12724.0,left,new_contact_episode,54,5,34,"[123.0, 134.0, 185.0, 181.0]",3.0353414587780034,grabcut_fallback,bbox_fallback,fallback_lk,failed,ModuleNotFoundError:No module named 'torch',small_object_whole_mask_allowed,2509,0.861015785861359,1056.0,1.0,True,5,0.0,contact_part_mask,26,0,contact_part_local_affine,False,0.9566666666666667,36,30,20,0.6666666666666666,1.0682674646377563,5,0.0,1056.0,success,361,0.7363975911830737,,12650.0,earliest_reliable_tracked_reference_no_pre_gap,74.0,contact_part_local_affine,success,5,0.0,0.13013333333333332,,,,,,,success,keep,,5.625418642727534,/Users/huhu/Documents/Code/bishe/vrb/vrbreproduction/outputs/100subaction-e9/experiments/E9/pipeline_outputs/subaction_86_P01_109_86/candidate_00_frame_012724_left,/Users/huhu/Documents/Code/bishe/vrb/vrbreproduction/outputs/100subaction-e9/experiments/E9/pipeline_outputs/subaction_86_P01_109_86/candidate_00_frame_012724_left,/Users/huhu/Documents/Code/bishe/vrb/vrbreproduction/outputs/100subaction-e9/experiments/E9/pipeline_outputs/subaction_86_P01_109_86/candidate_00_frame_012724_left/reference_frame.png,/Users/huhu/Documents/Code/bishe/vrb/vrbreproduction/outputs/100subaction-e9/experiments/E9/pipeline_outputs/subaction_86_P01_109_86/candidate_00_frame_012724_left/label_heatmap_merged_overlay.png,/Users/huhu/Documents/Code/bishe/vrb/vrbreproduction/outputs/100subaction-e9/experiments/E9/pipeline_outputs/subaction_86_P01_109_86/candidate_00_frame_012724_left/vrb_style_affordance.png,6.0,0.0,"[142.01, 160.99, 174.8, 192.62]",/Users/huhu/Documents/Code/bishe/vrb/vrbreproduction/outputs/100subaction-e9/experiments/E9/pipeline_outputs/subaction_86_P01_109_86/candidate_00_frame_012724_left/label_heatmap_merged.npy,/Users/huhu/Documents/Code/bishe/vrb/vrbreproduction/outputs/100subaction-e9/experiments/E9/pipeline_outputs/subaction_86_P01_109_86/candidate_00_frame_012724_left/label_heatmap_merged.png,/Users/huhu/Documents/Code/bishe/vrb/vrbreproduction/outputs/100subaction-e9/experiments/E9/pipeline_outputs/subaction_86_P01_109_86/candidate_00_frame_012724_left/mask_projection_overlay.png,"(256, 456)",isotropic_e7,True,True
E9,86,P01_109_86,pick up potato slice,pick-up,slice:potato,['slice:potato'],12723,12753,12722.0,12752.0,1.0,12726.0,left,new_contact_episode,54,5,58,"[134.0, 165.0, 157.0, 194.0]",3.224256593736979,grabcut_fallback,bbox_fallback,fallback_lk,failed,ModuleNotFoundError:No module named 'torch',small_object_whole_mask_allowed,667,1.0,910.0,1.0,True,5,0.0,contact_part_mask,26,0,contact_part_local_affine,False,0.9309375,36,32,15,0.46875,1.378924012184143,5,0.0,910.0,success,361,0.7363975911830737,,12705.0,earliest_reliable_tracked_reference_no_pre_gap,21.0,contact_part_local_affine,success,5,0.0,0.15866666666666668,,,,,,,success,keep,,5.770569779634474,/Users/huhu/Documents/Code/bishe/vrb/vrbreproduction/outputs/100subaction-e9/experiments/E9/pipeline_outputs/subaction_86_P01_109_86/candidate_01_frame_012726_left,/Users/huhu/Documents/Code/bishe/vrb/vrbreproduction/outputs/100subaction-e9/experiments/E9/pipeline_outputs/subaction_86_P01_109_86/candidate_01_frame_012726_left,/Users/huhu/Documents/Code/bishe/vrb/vrbreproduction/outputs/100subaction-e9/experiments/E9/pipeline_outputs/subaction_86_P01_109_86/candidate_01_frame_012726_left/reference_frame.png,/Users/huhu/Documents/Code/bishe/vrb/vrbreproduction/outputs/100subaction-e9/experiments/E9/pipeline_outputs/subaction_86_P01_109_86/candidate_01_frame_012726_left/label_heatmap_merged_overlay.png,/Users/huhu/Documents/Code/bishe/vrb/vrbreproduction/outputs/100subaction-e9/experiments/E9/pipeline_outputs/subaction_86_P01_109_86/candidate_01_frame_012726_left/vrb_style_affordance.png,6.0,0.0,"[114.37, 168.21, 140.2, 203.12]",/Users/huhu/Documents/Code/bishe/vrb/vrbreproduction/outputs/100subaction-e9/experiments/E9/pipeline_outputs/subaction_86_P01_109_86/candidate_01_frame_012726_left/label_heatmap_merged.npy,/Users/huhu/Documents/Code/bishe/vrb/vrbreproduction/outputs/100subaction-e9/experiments/E9/pipeline_outputs/subaction_86_P01_109_86/candidate_01_frame_012726_left/label_heatmap_merged.png,/Users/huhu/Documents/Code/bishe/vrb/vrbreproduction/outputs/100subaction-e9/experiments/E9/pipeline_outputs/subaction_86_P01_109_86/candidate_01_frame_012726_left/mask_projection_overlay.png,"(256, 456)",isotropic_e7,True,True
E9,86,P01_109_86,pick up potato slice,pick-up,slice:potato,['slice:potato'],12723,12753,12722.0,12752.0,2.0,12729.0,left,new_contact_episode,54,5,0,,,,,,,,,0,,,,,0,,,0,0,,False,,0,0,0,,,0,,,not_run,0,0.0,,,,,,not_run,0,,,,,,,,,not_run,discard,missing_hand_or_object_bbox,,/Users/huhu/Documents/Code/bishe/vrb/vrbreproduction/outputs/100subaction-e9/experiments/E9/pipeline_outputs/subaction_86_P01_109_86/candidate_02_frame_012729_left,,,,,,,,,,,,,,False
E9,86,P01_109_86,pick up potato slice,pick-up,slice:potato,['slice:potato'],12723,12753,12722.0,12752.0,3.0,12730.0,left,new_contact_episode,54,5,19,"[137.0, 162.0, 166.0, 187.0]",3.240314832839641,grabcut_fallback,bbox_fallback,fallback_lk,failed,ModuleNotFoundError:No module named 'torch',small_object_whole_mask_allowed,725,1.0,837.0,1.0,True,5,0.0,contact_part_mask,26,0,contact_part_local_affine,False,0.9963888888888889,36,36,35,0.9722222222222222,0.956508219242096,5,0.0,837.0,success,361,0.7363975911830737,,12729.0,earliest_reliable_tracked_reference_no_pre_gap,1.0,contact_part_local_affine,success,5,0.0,0.2584,,,,,,,success,keep,,6.029260308978293,/Users/huhu/Documents/Code/bishe/vrb/vrbreproduction/outputs/100subaction-e9/experiments/E9/pipeline_outputs/subaction_86_P01_109_86/candidate_03_frame_012730_left,/Users/huhu/Documents/Code/bishe/vrb/vrbreproduction/outputs/100subaction-e9/experiments/E9/pipeline_outputs/subaction_86_P01_109_86/candidate_03_frame_012730_left,/Users/huhu/Documents/Code/bishe/vrb/vrbreproduction/outputs/100subaction-e9/experiments/E9/pipeline_outputs/subaction_86_P01_109_86/candidate_03_frame_012730_left/reference_frame.png,/Users/huhu/Documents/Code/bishe/vrb/vrbreproduction/outputs/100subaction-e9/experiments/E9/pipeline_outputs/subaction_86_P01_109_86/candidate_03_frame_012730_left/label_heatmap_merged_overlay.png,/Users/huhu/Documents/Code/bishe/vrb/vrbreproduction/outputs/100subaction-e9/experiments/E9/pipeline_outputs/subaction_86_P01_109_86/candidate_03_frame_012730_left/vrb_style_affordance.png,6.0,0.0,"[135.58, 160.06, 166.81, 187.0]",/Users/huhu/Documents/Code/bishe/vrb/vrbreproduction/outputs/100subaction-e9/experiments/E9/pipeline_outputs/subaction_86_P01_109_86/candidate_03_frame_012730_left/label_heatmap_merged.npy,/Users/huhu/Documents/Code/bishe/vrb/vrbreproduction/outputs/100subaction-e9/experiments/E9/pipeline_outputs/subaction_86_P01_109_86/candidate_03_frame_012730_left/label_heatmap_merged.png,/Users/huhu/Documents/Code/bishe/vrb/vrbreproduction/outputs/100subaction-e9/experiments/E9/pipeline_outputs/subaction_86_P01_109_86/candidate_03_frame_012730_left/mask_projection_overlay.png,"(256, 456)",isotropic_e7,True,True
E9,86,P01_109_86,pick up potato slice,pick-up,slice:potato,['slice:potato'],12723,12753,12722.0,12752.0,4.0,12731.0,left,new_contact_episode,54,5,50,"[126.0, 133.0, 176.0, 175.0]",2.8336197673942505,grabcut_fallback,bbox_fallback,fallback_lk,failed,ModuleNotFoundError:No module named 'torch',small_object_whole_mask_allowed,2035,0.969047619047619,870.0,1.0,True,5,0.0,contact_part_mask,26,0,contact_part_local_affine,False,0.9596551724137932,36,29,20,0.6896551724137931,0.480169415473938,5,0.0,870.0,success,361,0.7363975911830737,,12649.0,earliest_reliable_tracked_reference_no_pre_gap,82.0,contact_part_local_affine,success,5,0.0,0.13284444444444443,,,,,,,success,keep,,5.605017906041528,/Users/huhu/Documents/Code/bishe/vrb/vrbreproduction/outputs/100subaction-e9/experiments/E9/pipeline_outputs/subaction_86_P01_109_86/candidate_04_frame_012731_left,/Users/huhu/Documents/Code/bishe/vrb/vrbreproduction/outputs/100subaction-e9/experiments/E9/pipeline_outputs/subaction_86_P01_109_86/candidate_04_frame_012731_left,/Users/huhu/Documents/Code/bishe/vrb/vrbreproduction/outputs/100subaction-e9/experiments/E9/pipeline_outputs/subaction_86_P01_109_86/candidate_04_frame_012731_left/reference_frame.png,/Users/huhu/Documents/Code/bishe/vrb/vrbreproduction/outputs/100subaction-e9/experiments/E9/pipeline_outputs/subaction_86_P01_109_86/candidate_04_frame_012731_left/label_heatmap_merged_overlay.png,/Users/huhu/Documents/Code/bishe/vrb/vrbreproduction/outputs/100subaction-e9/experiments/E9/pipeline_outputs/subaction_86_P01_109_86/candidate_04_frame_012731_left/vrb_style_affordance.png,6.0,0.0,"[144.56, 162.42, 173.78, 191.91]",/Users/huhu/Documents/Code/bishe/vrb/vrbreproduction/outputs/100subaction-e9/experiments/E9/pipeline_outputs/subaction_86_P01_109_86/candidate_04_frame_012731_left/label_heatmap_merged.npy,/Users/huhu/Documents/Code/bishe/vrb/vrbreproduction/outputs/100subaction-e9/experiments/E9/pipeline_outputs/subaction_86_P01_109_86/candidate_04_frame_012731_left/label_heatmap_merged.png,/Users/huhu/Documents/Code/bishe/vrb/vrbreproduction/outputs/100subaction-e9/experiments/E9/pipeline_outputs/subaction_86_P01_109_86/candidate_04_frame_012731_left/mask_projection_overlay.png,"(256, 456)",isotropic_e7,True,False
E9,87,P01_109_87,put down potato slice,put-down,slice:potato,['slice:potato'],12758,12786,12757.0,12785.0,0.0,12758.0,right,new_contact_episode,30,6,28,"[266.0, 77.0, 291.0, 100.0]",3.8289480933268343,grabcut_fallback,,,,,small_object_whole_mask_allowed,20,1.0,,,,0,,,20,0,,False,,36,0,0,,,0,,,success,361,0.7363975911830737,no_detection_or_flow,,,,,failed,0,,,,,,,,,not_run,discard,track_visibility_below_threshold,,/Users/huhu/Documents/Code/bishe/vrb/vrbreproduction/outputs/100subaction-e9/experiments/E9/pipeline_outputs/subaction_87_P01_109_87/candidate_00_frame_012758_right,,,,,6.0,0.0,,,,,,,,False
E9,87,P01_109_87,put down potato slice,put-down,slice:potato,['slice:potato'],12758,12786,12757.0,12785.0,1.0,12759.0,right,new_contact_episode,30,6,0,,,,,,,,,0,,,,,0,,,0,0,,False,,0,0,0,,,0,,,not_run,0,0.0,,,,,,not_run,0,,,,,,,,,not_run,discard,missing_hand_or_object_bbox,,/Users/huhu/Documents/Code/bishe/vrb/vrbreproduction/outputs/100subaction-e9/experiments/E9/pipeline_outputs/subaction_87_P01_109_87/candidate_01_frame_012759_right,,,,,,,,,,,,,,False
E9,87,P01_109_87,put down potato slice,put-down,slice:potato,['slice:potato'],12758,12786,12757.0,12785.0,2.0,12760.0,right,new_contact_episode,30,6,0,,,,,,,,,0,,,,,0,,,0,0,,False,,0,0,0,,,0,,,not_run,0,0.0,,,,,,not_run,0,,,,,,,,,not_run,discard,missing_hand_or_object_bbox,,/Users/huhu/Documents/Code/bishe/vrb/vrbreproduction/outputs/100subaction-e9/experiments/E9/pipeline_outputs/subaction_87_P01_109_87/candidate_02_frame_012760_right,,,,,,,,,,,,,,False
E9,87,P01_109_87,put down potato slice,put-down,slice:potato,['slice:potato'],12758,12786,12757.0,12785.0,3.0,12778.0,left,new_contact_episode,30,6,0,,,,,,,,,0,,,,,0,,,0,0,,False,,0,0,0,,,0,,,not_run,0,0.0,,,,,,not_run,0,,,,,,,,,not_run,discard,missing_hand_or_object_bbox,,/Users/huhu/Documents/Code/bishe/vrb/vrbreproduction/outputs/100subaction-e9/experiments/E9/pipeline_outputs/subaction_87_P01_109_87/candidate_03_frame_012778_left,,,,,,,,,,,,,,False
E9,87,P01_109_87,put down potato slice,put-down,slice:potato,['slice:potato'],12758,12786,12757.0,12785.0,4.0,12779.0,left,new_contact_episode,30,6,0,,,,,,,,,0,,,,,0,,,0,0,,False,,0,0,0,,,0,,,not_run,0,0.0,,,,,,not_run,0,,,,,,,,,not_run,discard,missing_hand_or_object_bbox,,/Users/huhu/Documents/Code/bishe/vrb/vrbreproduction/outputs/100subaction-e9/experiments/E9/pipeline_outputs/subaction_87_P01_109_87/candidate_04_frame_012779_left,,,,,,,,,,,,,,False
E9,87,P01_109_87,put down potato slice,put-down,slice:potato,['slice:potato'],12758,12786,12757.0,12785.0,5.0,12780.0,left,new_contact_episode,30,6,0,,,,,,,,,0,,,,,0,,,0,0,,False,,0,0,0,,,0,,,not_run,0,0.0,,,,,,not_run,0,,,,,,,,,not_run,discard,missing_hand_or_object_bbox,,/Users/huhu/Documents/Code/bishe/vrb/vrbreproduction/outputs/100subaction-e9/experiments/E9/pipeline_outputs/subaction_87_P01_109_87/candidate_05_frame_012780_left,,,,,,,,,,,,,,False
E9,88,P01_109_88,pick up knife,pick-up,knife,['knife'],12876,12926,12875.0,12925.0,0.0,12879.0,right,new_contact_episode,98,3,0,"[164.0, 148.0, 183.0, 174.0]",1.2320053987245165,,,,,,,0,,,,,0,,,0,0,,False,,0,0,0,,,0,,,not_run,0,0.0,,,,,,not_run,0,,,,,,,,,not_run,discard,contact_points_lt5_after_object_boundary_filter,,/Users/huhu/Documents/Code/bishe/vrb/vrbreproduction/outputs/100subaction-e9/experiments/E9/pipeline_outputs/subaction_88_P01_109_88/candidate_00_frame_012879_right,,,,,,,,,,,,,,False
E9,88,P01_109_88,pick up knife,pick-up,knife,['knife'],12876,12926,12875.0,12925.0,1.0,12880.0,right,new_contact_episode,98,3,44,"[171.0, 104.0, 237.0, 164.0]",3.23706231620461,grabcut_fallback,bbox_fallback,fallback_lk,failed,ModuleNotFoundError:No module named 'torch',handle_like_edge_or_endpoint,694,1.0,1353.0,1.0,True,4,0.0,contact_part_mask,26,0,contact_part_local_affine,False,0.8951666666666667,36,30,26,0.8666666666666667,0.6031187772750854,4,0.0,1353.0,success,361,0.4961090437133778,,12870.0,earliest_reliable_tracked_reference_no_pre_gap,10.0,contact_part_local_affine,success,4,0.0,0.38466666666666666,,,,,,,success,keep,,5.3385731033484145,/Users/huhu/Documents/Code/bishe/vrb/vrbreproduction/outputs/100subaction-e9/experiments/E9/pipeline_outputs/subaction_88_P01_109_88/candidate_01_frame_012880_right,/Users/huhu/Documents/Code/bishe/vrb/vrbreproduction/outputs/100subaction-e9/experiments/E9/pipeline_outputs/subaction_88_P01_109_88/candidate_01_frame_012880_right,/Users/huhu/Documents/Code/bishe/vrb/vrbreproduction/outputs/100subaction-e9/experiments/E9/pipeline_outputs/subaction_88_P01_109_88/candidate_01_frame_012880_right/reference_frame.png,/Users/huhu/Documents/Code/bishe/vrb/vrbreproduction/outputs/100subaction-e9/experiments/E9/pipeline_outputs/subaction_88_P01_109_88/candidate_01_frame_012880_right/label_heatmap_merged_overlay.png,/Users/huhu/Documents/Code/bishe/vrb/vrbreproduction/outputs/100subaction-e9/experiments/E9/pipeline_outputs/subaction_88_P01_109_88/candidate_01_frame_012880_right/vrb_style_affordance.png,6.0,0.0,"[186.52, 136.83, 219.8, 178.03]",/Users/huhu/Documents/Code/bishe/vrb/vrbreproduction/outputs/100subaction-e9/experiments/E9/pipeline_outputs/subaction_88_P01_109_88/candidate_01_frame_012880_right/label_heatmap_merged.npy,/Users/huhu/Documents/Code/bishe/vrb/vrbreproduction/outputs/100subaction-e9/experiments/E9/pipeline_outputs/subaction_88_P01_109_88/candidate_01_frame_012880_right/label_heatmap_merged.png,/Users/huhu/Documents/Code/bishe/vrb/vrbreproduction/outputs/100subaction-e9/experiments/E9/pipeline_outputs/subaction_88_P01_109_88/candidate_01_frame_012880_right/mask_projection_overlay.png,"(256, 456)",isotropic_e7,True,False
E9,88,P01_109_88,pick up knife,pick-up,knife,['knife'],12876,12926,12875.0,12925.0,2.0,12881.0,right,new_contact_episode,98,3,80,"[172.0, 102.0, 239.0, 163.0]",3.2345311196983886,grabcut_fallback,bbox_fallback,fallback_lk,failed,ModuleNotFoundError:No module named 'torch',handle_like_edge_or_endpoint,768,1.0,3619.0,0.9138888888888889,True,5,0.0,contact_part_mask,26,0,contact_part_local_affine,False,1.0,36,36,36,1.0,0.3305419087409973,5,0.0,3960.0,success,361,0.4961090437133778,,12880.0,earliest_reliable_tracked_reference_no_pre_gap,1.0,contact_part_local_affine,success,5,0.0,0.24173333333333333,,,,,,,success,keep,,6.1214837427377695,/Users/huhu/Documents/Code/bishe/vrb/vrbreproduction/outputs/100subaction-e9/experiments/E9/pipeline_outputs/subaction_88_P01_109_88/candidate_02_frame_012881_right,/Users/huhu/Documents/Code/bishe/vrb/vrbreproduction/outputs/100subaction-e9/experiments/E9/pipeline_outputs/subaction_88_P01_109_88/candidate_02_frame_012881_right,/Users/huhu/Documents/Code/bishe/vrb/vrbreproduction/outputs/100subaction-e9/experiments/E9/pipeline_outputs/subaction_88_P01_109_88/candidate_02_frame_012881_right/reference_frame.png,/Users/huhu/Documents/Code/bishe/vrb/vrbreproduction/outputs/100subaction-e9/experiments/E9/pipeline_outputs/subaction_88_P01_109_88/candidate_02_frame_012881_right/label_heatmap_merged_overlay.png,/Users/huhu/Documents/Code/bishe/vrb/vrbreproduction/outputs/100subaction-e9/experiments/E9/pipeline_outputs/subaction_88_P01_109_88/candidate_02_frame_012881_right/vrb_style_affordance.png,6.0,0.0,"[170.89, 103.93, 236.72, 163.84]",/Users/huhu/Documents/Code/bishe/vrb/vrbreproduction/outputs/100subaction-e9/experiments/E9/pipeline_outputs/subaction_88_P01_109_88/candidate_02_frame_012881_right/label_heatmap_merged.npy,/Users/huhu/Documents/Code/bishe/vrb/vrbreproduction/outputs/100subaction-e9/experiments/E9/pipeline_outputs/subaction_88_P01_109_88/candidate_02_frame_012881_right/label_heatmap_merged.png,/Users/huhu/Documents/Code/bishe/vrb/vrbreproduction/outputs/100subaction-e9/experiments/E9/pipeline_outputs/subaction_88_P01_109_88/candidate_02_frame_012881_right/mask_projection_overlay.png,"(256, 456)",isotropic_e7,True,True
E9,89,P01_109_89,cut potato slice,cut,slice:potato,['slice:potato'],12915,13036,12914.0,13035.0,0.0,12999.0,left,new_contact_episode,241,3,33,"[206.0, 91.0, 230.0, 117.0]",3.791446466128969,grabcut_fallback,bbox_fallback,fallback_lk,failed,ModuleNotFoundError:No module named 'torch',small_object_whole_mask_allowed,624,1.0,702.0,1.0,True,3,0.0,contact_part_mask,26,0,contact_part_local_affine,False,0.825,36,36,36,1.0,0.759911060333252,3,0.0,702.0,success,361,0.4961090437133778,,12998.0,earliest_reliable_tracked_reference_no_pre_gap,1.0,contact_part_local_affine,success,3,0.0,0.21333333333333335,,,,,,,success,keep,,5.301202668190001,/Users/huhu/Documents/Code/bishe/vrb/vrbreproduction/outputs/100subaction-e9/experiments/E9/pipeline_outputs/subaction_89_P01_109_89/candidate_00_frame_012999_left,/Users/huhu/Documents/Code/bishe/vrb/vrbreproduction/outputs/100subaction-e9/experiments/E9/pipeline_outputs/subaction_89_P01_109_89/candidate_00_frame_012999_left,/Users/huhu/Documents/Code/bishe/vrb/vrbreproduction/outputs/100subaction-e9/experiments/E9/pipeline_outputs/subaction_89_P01_109_89/candidate_00_frame_012999_left/reference_frame.png,/Users/huhu/Documents/Code/bishe/vrb/vrbreproduction/outputs/100subaction-e9/experiments/E9/pipeline_outputs/subaction_89_P01_109_89/candidate_00_frame_012999_left/label_heatmap_merged_overlay.png,/Users/huhu/Documents/Code/bishe/vrb/vrbreproduction/outputs/100subaction-e9/experiments/E9/pipeline_outputs/subaction_89_P01_109_89/candidate_00_frame_012999_left/vrb_style_affordance.png,6.0,0.0,"[206.35, 89.3, 232.12, 115.78]",/Users/huhu/Documents/Code/bishe/vrb/vrbreproduction/outputs/100subaction-e9/experiments/E9/pipeline_outputs/subaction_89_P01_109_89/candidate_00_frame_012999_left/label_heatmap_merged.npy,/Users/huhu/Documents/Code/bishe/vrb/vrbreproduction/outputs/100subaction-e9/experiments/E9/pipeline_outputs/subaction_89_P01_109_89/candidate_00_frame_012999_left/label_heatmap_merged.png,/Users/huhu/Documents/Code/bishe/vrb/vrbreproduction/outputs/100subaction-e9/experiments/E9/pipeline_outputs/subaction_89_P01_109_89/candidate_00_frame_012999_left/mask_projection_overlay.png,"(256, 456)",isotropic_e7,True,True
E9,89,P01_109_89,cut potato slice,cut,slice:potato,['slice:potato'],12915,13036,12914.0,13035.0,1.0,13000.0,left,new_contact_episode,241,3,0,"[219.0, 97.0, 271.0, 167.0]",1.410087300845017,,,,,,,0,,,,,0,,,0,0,,False,,0,0,0,,,0,,,not_run,0,0.0,,,,,,not_run,0,,,,,,,,,not_run,discard,contact_points_lt5_after_object_boundary_filter,,/Users/huhu/Documents/Code/bishe/vrb/vrbreproduction/outputs/100subaction-e9/experiments/E9/pipeline_outputs/subaction_89_P01_109_89/candidate_01_frame_013000_left,,,,,,,,,,,,,,False
E9,89,P01_109_89,cut potato slice,cut,slice:potato,['slice:potato'],12915,13036,12914.0,13035.0,2.0,13001.0,left,new_contact_episode,241,3,0,"[219.0, 97.0, 271.0, 166.0]",1.4273047044842921,,,,,,,0,,,,,0,,,0,0,,False,,0,0,0,,,0,,,not_run,0,0.0,,,,,,not_run,0,,,,,,,,,not_run,discard,contact_points_lt5_after_object_boundary_filter,,/Users/huhu/Documents/Code/bishe/vrb/vrbreproduction/outputs/100subaction-e9/experiments/E9/pipeline_outputs/subaction_89_P01_109_89/candidate_02_frame_013001_left,,,,,,,,,,,,,,False
E9,90,P01_109_90,put down knife,put-down,knife,['knife'],13025,13055,13024.0,13054.0,0.0,13047.0,right,new_contact_episode,58,3,0,,,,,,,,,0,,,,,0,,,0,0,,False,,0,0,0,,,0,,,not_run,0,0.0,,,,,,not_run,0,,,,,,,,,not_run,discard,missing_hand_or_object_bbox,,/Users/huhu/Documents/Code/bishe/vrb/vrbreproduction/outputs/100subaction-e9/experiments/E9/pipeline_outputs/subaction_90_P01_109_90/candidate_00_frame_013047_right,,,,,,,,,,,,,,False
E9,90,P01_109_90,put down knife,put-down,knife,['knife'],13025,13055,13024.0,13054.0,1.0,13048.0,right,new_contact_episode,58,3,0,,,,,,,,,0,,,,,0,,,0,0,,False,,0,0,0,,,0,,,not_run,0,0.0,,,,,,not_run,0,,,,,,,,,not_run,discard,missing_hand_or_object_bbox,,/Users/huhu/Documents/Code/bishe/vrb/vrbreproduction/outputs/100subaction-e9/experiments/E9/pipeline_outputs/subaction_90_P01_109_90/candidate_01_frame_013048_right,,,,,,,,,,,,,,False
E9,90,P01_109_90,put down knife,put-down,knife,['knife'],13025,13055,13024.0,13054.0,2.0,13049.0,right,new_contact_episode,58,3,0,,,,,,,,,0,,,,,0,,,0,0,,False,,0,0,0,,,0,,,not_run,0,0.0,,,,,,not_run,0,,,,,,,,,not_run,discard,missing_hand_or_object_bbox,,/Users/huhu/Documents/Code/bishe/vrb/vrbreproduction/outputs/100subaction-e9/experiments/E9/pipeline_outputs/subaction_90_P01_109_90/candidate_02_frame_013049_right,,,,,,,,,,,,,,False
E9,91,P01_109_91,put down potato slice,put-down,slice:potato,['slice:potato'],13065,13090,13064.0,13089.0,0.0,13078.0,left,new_contact_episode,34,3,0,"[303.0, 38.0, 389.0, 135.0]",0.7127372455776363,,,,,,,0,,,,,0,,,0,0,,False,,0,0,0,,,0,,,not_run,0,0.0,,,,,,not_run,0,,,,,,,,,not_run,discard,contact_points_lt5_after_object_boundary_filter,,/Users/huhu/Documents/Code/bishe/vrb/vrbreproduction/outputs/100subaction-e9/experiments/E9/pipeline_outputs/subaction_91_P01_109_91/candidate_00_frame_013078_left,,,,,,,,,,,,,,False
E9,91,P01_109_91,put down potato slice,put-down,slice:potato,['slice:potato'],13065,13090,13064.0,13089.0,1.0,13080.0,left,new_contact_episode,34,3,79,"[217.0, 87.0, 268.0, 156.0]",3.3253564272121685,grabcut_fallback,bbox_fallback,fallback_lk,failed,ModuleNotFoundError:No module named 'torch',small_object_whole_mask_allowed,3087,0.8772378516624041,3491.0,0.9105372978612415,True,5,0.0,contact_part_mask,26,0,contact_part_local_affine,False,0.9888571428571429,36,35,32,0.9142857142857143,0.24027493596076965,5,0.0,3834.0,success,361,0.4961090437133778,,13076.0,earliest_reliable_tracked_reference_no_pre_gap,4.0,contact_part_local_affine,success,5,0.0,0.10666666666666667,,,,,,,success,keep,,6.2467911751354634,/Users/huhu/Documents/Code/bishe/vrb/vrbreproduction/outputs/100subaction-e9/experiments/E9/pipeline_outputs/subaction_91_P01_109_91/candidate_01_frame_013080_left,/Users/huhu/Documents/Code/bishe/vrb/vrbreproduction/outputs/100subaction-e9/experiments/E9/pipeline_outputs/subaction_91_P01_109_91/candidate_01_frame_013080_left,/Users/huhu/Documents/Code/bishe/vrb/vrbreproduction/outputs/100subaction-e9/experiments/E9/pipeline_outputs/subaction_91_P01_109_91/candidate_01_frame_013080_left/reference_frame.png,/Users/huhu/Documents/Code/bishe/vrb/vrbreproduction/outputs/100subaction-e9/experiments/E9/pipeline_outputs/subaction_91_P01_109_91/candidate_01_frame_013080_left/label_heatmap_merged_overlay.png,/Users/huhu/Documents/Code/bishe/vrb/vrbreproduction/outputs/100subaction-e9/experiments/E9/pipeline_outputs/subaction_91_P01_109_91/candidate_01_frame_013080_left/vrb_style_affordance.png,6.0,0.0,"[212.05, 81.68, 266.16, 152.57]",/Users/huhu/Documents/Code/bishe/vrb/vrbreproduction/outputs/100subaction-e9/experiments/E9/pipeline_outputs/subaction_91_P01_109_91/candidate_01_frame_013080_left/label_heatmap_merged.npy,/Users/huhu/Documents/Code/bishe/vrb/vrbreproduction/outputs/100subaction-e9/experiments/E9/pipeline_outputs/subaction_91_P01_109_91/candidate_01_frame_013080_left/label_heatmap_merged.png,/Users/huhu/Documents/Code/bishe/vrb/vrbreproduction/outputs/100subaction-e9/experiments/E9/pipeline_outputs/subaction_91_P01_109_91/candidate_01_frame_013080_left/mask_projection_overlay.png,"(256, 456)",isotropic_e7,True,False
E9,91,P01_109_91,put down potato slice,put-down,slice:potato,['slice:potato'],13065,13090,13064.0,13089.0,2.0,13081.0,left,new_contact_episode,34,3,73,"[215.0, 87.0, 269.0, 158.0]",3.403939687292774,grabcut_fallback,bbox_fallback,fallback_lk,failed,ModuleNotFoundError:No module named 'torch',small_object_whole_mask_allowed,691,1.0,3570.0,0.9949832775919732,True,5,0.0,contact_part_mask,26,0,contact_part_local_affine,False,1.0,36,36,36,1.0,0.26362448930740356,5,0.0,3588.0,success,361,0.4961090437133778,,13080.0,earliest_reliable_tracked_reference_no_pre_gap,1.0,contact_part_local_affine,success,5,0.0,0.09817777777777778,,,,,,,success,keep,,6.33882459865411,/Users/huhu/Documents/Code/bishe/vrb/vrbreproduction/outputs/100subaction-e9/experiments/E9/pipeline_outputs/subaction_91_P01_109_91/candidate_02_frame_013081_left,/Users/huhu/Documents/Code/bishe/vrb/vrbreproduction/outputs/100subaction-e9/experiments/E9/pipeline_outputs/subaction_91_P01_109_91/candidate_02_frame_013081_left,/Users/huhu/Documents/Code/bishe/vrb/vrbreproduction/outputs/100subaction-e9/experiments/E9/pipeline_outputs/subaction_91_P01_109_91/candidate_02_frame_013081_left/reference_frame.png,/Users/huhu/Documents/Code/bishe/vrb/vrbreproduction/outputs/100subaction-e9/experiments/E9/pipeline_outputs/subaction_91_P01_109_91/candidate_02_frame_013081_left/label_heatmap_merged_overlay.png,/Users/huhu/Documents/Code/bishe/vrb/vrbreproduction/outputs/100subaction-e9/experiments/E9/pipeline_outputs/subaction_91_P01_109_91/candidate_02_frame_013081_left/vrb_style_affordance.png,6.0,0.0,"[215.86, 86.62, 268.1, 156.5]",/Users/huhu/Documents/Code/bishe/vrb/vrbreproduction/outputs/100subaction-e9/experiments/E9/pipeline_outputs/subaction_91_P01_109_91/candidate_02_frame_013081_left/label_heatmap_merged.npy,/Users/huhu/Documents/Code/bishe/vrb/vrbreproduction/outputs/100subaction-e9/experiments/E9/pipeline_outputs/subaction_91_P01_109_91/candidate_02_frame_013081_left/label_heatmap_merged.png,/Users/huhu/Documents/Code/bishe/vrb/vrbreproduction/outputs/100subaction-e9/experiments/E9/pipeline_outputs/subaction_91_P01_109_91/candidate_02_frame_013081_left/mask_projection_overlay.png,"(256, 456)",isotropic_e7,True,True
E9,92,P01_109_92,pick up potato,pick-up,potato,['potato'],13096,13121,13095.0,13120.0,0.0,13108.0,right,new_contact_episode,32,8,0,,,,,,,,,0,,,,,0,,,0,0,,False,,0,0,0,,,0,,,not_run,0,0.0,,,,,,not_run,0,,,,,,,,,not_run,discard,missing_hand_or_object_bbox,,/Users/huhu/Documents/Code/bishe/vrb/vrbreproduction/outputs/100subaction-e9/experiments/E9/pipeline_outputs/subaction_92_P01_109_92/candidate_00_frame_013108_right,,,,,,,,,,,,,,False
E9,92,P01_109_92,pick up potato,pick-up,potato,['potato'],13096,13121,13095.0,13120.0,1.0,13109.0,right,new_contact_episode,32,8,0,,,,,,,,,0,,,,,0,,,0,0,,False,,0,0,0,,,0,,,not_run,0,0.0,,,,,,not_run,0,,,,,,,,,not_run,discard,missing_hand_or_object_bbox,,/Users/huhu/Documents/Code/bishe/vrb/vrbreproduction/outputs/100subaction-e9/experiments/E9/pipeline_outputs/subaction_92_P01_109_92/candidate_01_frame_013109_right,,,,,,,,,,,,,,False
E9,92,P01_109_92,pick up potato,pick-up,potato,['potato'],13096,13121,13095.0,13120.0,2.0,13110.0,left,new_contact_episode,32,8,37,"[163.0, 67.0, 192.0, 94.0]",5.001851358506925,grabcut_fallback,bbox_fallback,fallback_lk,failed,ModuleNotFoundError:No module named 'torch',small_object_whole_mask_allowed,783,1.0,754.0,1.0,True,5,0.0,contact_part_mask,26,0,contact_part_local_affine,False,1.0,36,36,36,1.0,0.15785740315914154,5,0.0,754.0,success,361,0.4961090437133778,,13109.0,earliest_reliable_tracked_reference_no_pre_gap,1.0,contact_part_local_affine,success,5,0.0,0.1534222222222222,,,,,,,success,keep,,6.227630944571892,/Users/huhu/Documents/Code/bishe/vrb/vrbreproduction/outputs/100subaction-e9/experiments/E9/pipeline_outputs/subaction_92_P01_109_92/candidate_02_frame_013110_left,/Users/huhu/Documents/Code/bishe/vrb/vrbreproduction/outputs/100subaction-e9/experiments/E9/pipeline_outputs/subaction_92_P01_109_92/candidate_02_frame_013110_left,/Users/huhu/Documents/Code/bishe/vrb/vrbreproduction/outputs/100subaction-e9/experiments/E9/pipeline_outputs/subaction_92_P01_109_92/candidate_02_frame_013110_left/reference_frame.png,/Users/huhu/Documents/Code/bishe/vrb/vrbreproduction/outputs/100subaction-e9/experiments/E9/pipeline_outputs/subaction_92_P01_109_92/candidate_02_frame_013110_left/label_heatmap_merged_overlay.png,/Users/huhu/Documents/Code/bishe/vrb/vrbreproduction/outputs/100subaction-e9/experiments/E9/pipeline_outputs/subaction_92_P01_109_92/candidate_02_frame_013110_left/vrb_style_affordance.png,6.0,0.0,"[163.07, 66.52, 191.82, 93.34]",/Users/huhu/Documents/Code/bishe/vrb/vrbreproduction/outputs/100subaction-e9/experiments/E9/pipeline_outputs/subaction_92_P01_109_92/candidate_02_frame_013110_left/label_heatmap_merged.npy,/Users/huhu/Documents/Code/bishe/vrb/vrbreproduction/outputs/100subaction-e9/experiments/E9/pipeline_outputs/subaction_92_P01_109_92/candidate_02_frame_013110_left/label_heatmap_merged.png,/Users/huhu/Documents/Code/bishe/vrb/vrbreproduction/outputs/100subaction-e9/experiments/E9/pipeline_outputs/subaction_92_P01_109_92/candidate_02_frame_013110_left/mask_projection_overlay.png,"(256, 456)",isotropic_e7,True,True
E9,92,P01_109_92,pick up potato,pick-up,potato,['potato'],13096,13121,13095.0,13120.0,3.0,13111.0,left,new_contact_episode,32,8,40,"[167.0, 69.0, 192.0, 95.0]",5.070005257642791,grabcut_fallback,bbox_fallback,fallback_lk,failed,ModuleNotFoundError:No module named 'torch',small_object_whole_mask_allowed,650,1.0,702.0,1.0,True,5,0.0,contact_part_mask,26,0,contact_part_local_affine,False,1.0,36,36,36,1.0,0.48541590571403503,5,0.0,702.0,success,361,0.4961090437133778,,13110.0,earliest_reliable_tracked_reference_no_pre_gap,1.0,contact_part_local_affine,success,5,0.0,0.18511111111111112,,,,,,,success,keep,,6.201770856161911,/Users/huhu/Documents/Code/bishe/vrb/vrbreproduction/outputs/100subaction-e9/experiments/E9/pipeline_outputs/subaction_92_P01_109_92/candidate_03_frame_013111_left,/Users/huhu/Documents/Code/bishe/vrb/vrbreproduction/outputs/100subaction-e9/experiments/E9/pipeline_outputs/subaction_92_P01_109_92/candidate_03_frame_013111_left,/Users/huhu/Documents/Code/bishe/vrb/vrbreproduction/outputs/100subaction-e9/experiments/E9/pipeline_outputs/subaction_92_P01_109_92/candidate_03_frame_013111_left/reference_frame.png,/Users/huhu/Documents/Code/bishe/vrb/vrbreproduction/outputs/100subaction-e9/experiments/E9/pipeline_outputs/subaction_92_P01_109_92/candidate_03_frame_013111_left/label_heatmap_merged_overlay.png,/Users/huhu/Documents/Code/bishe/vrb/vrbreproduction/outputs/100subaction-e9/experiments/E9/pipeline_outputs/subaction_92_P01_109_92/candidate_03_frame_013111_left/vrb_style_affordance.png,6.0,0.0,"[164.56, 67.56, 191.99, 94.02]",/Users/huhu/Documents/Code/bishe/vrb/vrbreproduction/outputs/100subaction-e9/experiments/E9/pipeline_outputs/subaction_92_P01_109_92/candidate_03_frame_013111_left/label_heatmap_merged.npy,/Users/huhu/Documents/Code/bishe/vrb/vrbreproduction/outputs/100subaction-e9/experiments/E9/pipeline_outputs/subaction_92_P01_109_92/candidate_03_frame_013111_left/label_heatmap_merged.png,/Users/huhu/Documents/Code/bishe/vrb/vrbreproduction/outputs/100subaction-e9/experiments/E9/pipeline_outputs/subaction_92_P01_109_92/candidate_03_frame_013111_left/mask_projection_overlay.png,"(256, 456)",isotropic_e7,True,False
E9,92,P01_109_92,pick up potato,pick-up,potato,['potato'],13096,13121,13095.0,13120.0,4.0,13112.0,left,new_contact_episode,32,8,47,"[166.0, 69.0, 191.0, 105.0]",5.104799947001826,grabcut_fallback,bbox_fallback,fallback_lk,failed,ModuleNotFoundError:No module named 'torch',small_object_whole_mask_allowed,900,1.0,725.0,1.0,True,4,0.0,contact_part_mask,26,0,contact_part_local_affine,False,0.9124999999999999,36,36,36,1.0,1.030622959136963,4,0.0,725.0,success,361,0.4961090437133778,,13111.0,earliest_reliable_tracked_reference_no_pre_gap,1.0,contact_part_local_affine,success,4,0.0,0.15462222222222222,,,,,,,success,keep,,5.806147977892557,/Users/huhu/Documents/Code/bishe/vrb/vrbreproduction/outputs/100subaction-e9/experiments/E9/pipeline_outputs/subaction_92_P01_109_92/candidate_04_frame_013112_left,/Users/huhu/Documents/Code/bishe/vrb/vrbreproduction/outputs/100subaction-e9/experiments/E9/pipeline_outputs/subaction_92_P01_109_92/candidate_04_frame_013112_left,/Users/huhu/Documents/Code/bishe/vrb/vrbreproduction/outputs/100subaction-e9/experiments/E9/pipeline_outputs/subaction_92_P01_109_92/candidate_04_frame_013112_left/reference_frame.png,/Users/huhu/Documents/Code/bishe/vrb/vrbreproduction/outputs/100subaction-e9/experiments/E9/pipeline_outputs/subaction_92_P01_109_92/candidate_04_frame_013112_left/label_heatmap_merged_overlay.png,/Users/huhu/Documents/Code/bishe/vrb/vrbreproduction/outputs/100subaction-e9/experiments/E9/pipeline_outputs/subaction_92_P01_109_92/candidate_04_frame_013112_left/vrb_style_affordance.png,6.0,0.0,"[166.68, 68.72, 191.99, 98.19]",/Users/huhu/Documents/Code/bishe/vrb/vrbreproduction/outputs/100subaction-e9/experiments/E9/pipeline_outputs/subaction_92_P01_109_92/candidate_04_frame_013112_left/label_heatmap_merged.npy,/Users/huhu/Documents/Code/bishe/vrb/vrbreproduction/outputs/100subaction-e9/experiments/E9/pipeline_outputs/subaction_92_P01_109_92/candidate_04_frame_013112_left/label_heatmap_merged.png,/Users/huhu/Documents/Code/bishe/vrb/vrbreproduction/outputs/100subaction-e9/experiments/E9/pipeline_outputs/subaction_92_P01_109_92/candidate_04_frame_013112_left/mask_projection_overlay.png,"(256, 456)",isotropic_e7,True,True
E9,92,P01_109_92,pick up potato,pick-up,potato,['potato'],13096,13121,13095.0,13120.0,5.0,13114.0,right,new_contact_episode,32,8,67,"[227.0, 64.0, 257.0, 90.0]",3.217756128161663,grabcut_fallback,,,,,small_object_whole_mask_allowed,321,1.0,,,,0,,,26,0,,False,,36,0,0,,,0,,,success,361,0.5036640037699267,,,,,,failed,0,,,,,,,,,not_run,discard,track_visibility_below_threshold,,/Users/huhu/Documents/Code/bishe/vrb/vrbreproduction/outputs/100subaction-e9/experiments/E9/pipeline_outputs/subaction_92_P01_109_92/candidate_05_frame_013114_right,,,,,6.0,0.0,,,,,,,,False
E9,92,P01_109_92,pick up potato,pick-up,potato,['potato'],13096,13121,13095.0,13120.0,6.0,13115.0,right,new_contact_episode,32,8,70,"[227.0, 63.0, 256.0, 89.0]",3.2415571526282525,grabcut_fallback,bbox_fallback,fallback_lk,failed,ModuleNotFoundError:No module named 'torch',small_object_whole_mask_allowed,315,1.0,806.0,1.0,True,5,0.0,contact_part_mask,26,0,contact_part_local_affine,False,1.0,36,36,36,1.0,0.07778903841972351,5,0.0,806.0,success,361,0.5113340139796211,,13114.0,earliest_reliable_tracked_reference_no_pre_gap,1.0,contact_part_local_affine,success,5,0.0,0.16791111111111112,,,,,,,success,keep,,6.239799662180741,/Users/huhu/Documents/Code/bishe/vrb/vrbreproduction/outputs/100subaction-e9/experiments/E9/pipeline_outputs/subaction_92_P01_109_92/candidate_06_frame_013115_right,/Users/huhu/Documents/Code/bishe/vrb/vrbreproduction/outputs/100subaction-e9/experiments/E9/pipeline_outputs/subaction_92_P01_109_92/candidate_06_frame_013115_right,/Users/huhu/Documents/Code/bishe/vrb/vrbreproduction/outputs/100subaction-e9/experiments/E9/pipeline_outputs/subaction_92_P01_109_92/candidate_06_frame_013115_right/reference_frame.png,/Users/huhu/Documents/Code/bishe/vrb/vrbreproduction/outputs/100subaction-e9/experiments/E9/pipeline_outputs/subaction_92_P01_109_92/candidate_06_frame_013115_right/label_heatmap_merged_overlay.png,/Users/huhu/Documents/Code/bishe/vrb/vrbreproduction/outputs/100subaction-e9/experiments/E9/pipeline_outputs/subaction_92_P01_109_92/candidate_06_frame_013115_right/vrb_style_affordance.png,6.0,0.0,"[226.48, 63.57, 256.56, 90.02]",/Users/huhu/Documents/Code/bishe/vrb/vrbreproduction/outputs/100subaction-e9/experiments/E9/pipeline_outputs/subaction_92_P01_109_92/candidate_06_frame_013115_right/label_heatmap_merged.npy,/Users/huhu/Documents/Code/bishe/vrb/vrbreproduction/outputs/100subaction-e9/experiments/E9/pipeline_outputs/subaction_92_P01_109_92/candidate_06_frame_013115_right/label_heatmap_merged.png,/Users/huhu/Documents/Code/bishe/vrb/vrbreproduction/outputs/100subaction-e9/experiments/E9/pipeline_outputs/subaction_92_P01_109_92/candidate_06_frame_013115_right/mask_projection_overlay.png,"(256, 456)",isotropic_e7,True,True
E9,92,P01_109_92,pick up potato,pick-up,potato,['potato'],13096,13121,13095.0,13120.0,7.0,13116.0,right,new_contact_episode,32,8,0,"[160.0, 69.0, 194.0, 113.0]",1.0839541270436146,,,,,,,0,,,,,0,,,0,0,,False,,0,0,0,,,0,,,not_run,0,0.0,,,,,,not_run,0,,,,,,,,,not_run,discard,contact_points_lt5_after_object_boundary_filter,,/Users/huhu/Documents/Code/bishe/vrb/vrbreproduction/outputs/100subaction-e9/experiments/E9/pipeline_outputs/subaction_92_P01_109_92/candidate_07_frame_013116_right,,,,,,,,,,,,,,False
E9,93,P01_109_93,pick up peeler,pick-up,peeler,['peeler'],13126,13155,13125.0,13154.0,0.0,13134.0,right,new_contact_episode,56,3,96,"[255.0, 51.0, 283.0, 75.0]",4.351139643976062,grabcut_fallback,bbox_fallback,fallback_lk,failed,ModuleNotFoundError:No module named 'torch',handle_like_edge_or_endpoint,266,1.0,648.0,1.0,True,5,0.0,contact_part_mask,26,0,contact_part_local_affine,False,1.0,36,36,36,1.0,0.3308587074279785,5,0.0,648.0,success,361,0.6542882604752328,,13133.0,earliest_reliable_tracked_reference_no_pre_gap,1.0,contact_part_local_affine,success,5,0.0,0.12017777777777777,,,,,,,success,keep,,6.303807572110493,/Users/huhu/Documents/Code/bishe/vrb/vrbreproduction/outputs/100subaction-e9/experiments/E9/pipeline_outputs/subaction_93_P01_109_93/candidate_00_frame_013134_right,/Users/huhu/Documents/Code/bishe/vrb/vrbreproduction/outputs/100subaction-e9/experiments/E9/pipeline_outputs/subaction_93_P01_109_93/candidate_00_frame_013134_right,/Users/huhu/Documents/Code/bishe/vrb/vrbreproduction/outputs/100subaction-e9/experiments/E9/pipeline_outputs/subaction_93_P01_109_93/candidate_00_frame_013134_right/reference_frame.png,/Users/huhu/Documents/Code/bishe/vrb/vrbreproduction/outputs/100subaction-e9/experiments/E9/pipeline_outputs/subaction_93_P01_109_93/candidate_00_frame_013134_right/label_heatmap_merged_overlay.png,/Users/huhu/Documents/Code/bishe/vrb/vrbreproduction/outputs/100subaction-e9/experiments/E9/pipeline_outputs/subaction_93_P01_109_93/candidate_00_frame_013134_right/vrb_style_affordance.png,6.0,0.0,"[254.32, 52.61, 280.6, 76.94]",/Users/huhu/Documents/Code/bishe/vrb/vrbreproduction/outputs/100subaction-e9/experiments/E9/pipeline_outputs/subaction_93_P01_109_93/candidate_00_frame_013134_right/label_heatmap_merged.npy,/Users/huhu/Documents/Code/bishe/vrb/vrbreproduction/outputs/100subaction-e9/experiments/E9/pipeline_outputs/subaction_93_P01_109_93/candidate_00_frame_013134_right/label_heatmap_merged.png,/Users/huhu/Documents/Code/bishe/vrb/vrbreproduction/outputs/100subaction-e9/experiments/E9/pipeline_outputs/subaction_93_P01_109_93/candidate_00_frame_013134_right/mask_projection_overlay.png,"(256, 456)",isotropic_e7,True,True
E9,93,P01_109_93,pick up peeler,pick-up,peeler,['peeler'],13126,13155,13125.0,13154.0,1.0,13135.0,right,new_contact_episode,56,3,106,"[255.0, 50.0, 283.0, 76.0]",4.308354700830742,,,,,,,0,,,,,0,,,0,0,,False,,0,0,0,,,0,,,not_run,0,0.0,,,,,,not_run,0,,,,,,,,,not_run,discard,gmm_failed:ValueError,,/Users/huhu/Documents/Code/bishe/vrb/vrbreproduction/outputs/100subaction-e9/experiments/E9/pipeline_outputs/subaction_93_P01_109_93/candidate_01_frame_013135_right,,,,,,,,,,,,,,False
E9,93,P01_109_93,pick up peeler,pick-up,peeler,['peeler'],13126,13155,13125.0,13154.0,2.0,13136.0,right,new_contact_episode,56,3,80,"[255.0, 51.0, 282.0, 78.0]",4.052646543534452,grabcut_fallback,bbox_fallback,fallback_lk,failed,ModuleNotFoundError:No module named 'torch',handle_like_edge_or_endpoint,301,1.0,624.0,1.0,True,5,0.0,contact_part_mask,26,0,contact_part_local_affine,False,1.0,36,36,36,1.0,0.6105764508247375,5,0.0,624.0,success,361,0.6542882604752328,,13133.0,earliest_reliable_tracked_reference_no_pre_gap,3.0,contact_part_local_affine,success,5,0.0,0.12017777777777777,,,,,,,success,keep,,6.283416039808591,/Users/huhu/Documents/Code/bishe/vrb/vrbreproduction/outputs/100subaction-e9/experiments/E9/pipeline_outputs/subaction_93_P01_109_93/candidate_02_frame_013136_right,/Users/huhu/Documents/Code/bishe/vrb/vrbreproduction/outputs/100subaction-e9/experiments/E9/pipeline_outputs/subaction_93_P01_109_93/candidate_02_frame_013136_right,/Users/huhu/Documents/Code/bishe/vrb/vrbreproduction/outputs/100subaction-e9/experiments/E9/pipeline_outputs/subaction_93_P01_109_93/candidate_02_frame_013136_right/reference_frame.png,/Users/huhu/Documents/Code/bishe/vrb/vrbreproduction/outputs/100subaction-e9/experiments/E9/pipeline_outputs/subaction_93_P01_109_93/candidate_02_frame_013136_right/label_heatmap_merged_overlay.png,/Users/huhu/Documents/Code/bishe/vrb/vrbreproduction/outputs/100subaction-e9/experiments/E9/pipeline_outputs/subaction_93_P01_109_93/candidate_02_frame_013136_right/vrb_style_affordance.png,6.0,0.0,"[254.19, 52.59, 280.47, 77.25]",/Users/huhu/Documents/Code/bishe/vrb/vrbreproduction/outputs/100subaction-e9/experiments/E9/pipeline_outputs/subaction_93_P01_109_93/candidate_02_frame_013136_right/label_heatmap_merged.npy,/Users/huhu/Documents/Code/bishe/vrb/vrbreproduction/outputs/100subaction-e9/experiments/E9/pipeline_outputs/subaction_93_P01_109_93/candidate_02_frame_013136_right/label_heatmap_merged.png,/Users/huhu/Documents/Code/bishe/vrb/vrbreproduction/outputs/100subaction-e9/experiments/E9/pipeline_outputs/subaction_93_P01_109_93/candidate_02_frame_013136_right/mask_projection_overlay.png,"(256, 456)",isotropic_e7,True,True
E9,94,P01_109_94,peel potato,peel,potato,['potato'],13152,15461,13151.0,15460.0,0.0,13151.0,left,continuation_entry_rescue,4620,4,55,"[195.0, 86.0, 235.0, 138.0]",4.182275062005586,grabcut_fallback,bbox_fallback,fallback_lk,failed,ModuleNotFoundError:No module named 'torch',small_object_whole_mask_allowed,2054,0.9875,2058.0,0.989423076923077,True,5,0.0,contact_part_mask,26,0,contact_part_local_affine,False,1.0,36,36,36,1.0,0.32160842418670654,5,0.0,2080.0,success,361,0.6542882604752328,,13150.0,earliest_reliable_tracked_reference_no_pre_gap,1.0,contact_part_local_affine,success,5,0.0,0.22835555555555556,,,,,,,success,keep,,6.141818413941064,/Users/huhu/Documents/Code/bishe/vrb/vrbreproduction/outputs/100subaction-e9/experiments/E9/pipeline_outputs/subaction_94_P01_109_94/candidate_00_frame_013151_left,/Users/huhu/Documents/Code/bishe/vrb/vrbreproduction/outputs/100subaction-e9/experiments/E9/pipeline_outputs/subaction_94_P01_109_94/candidate_00_frame_013151_left,/Users/huhu/Documents/Code/bishe/vrb/vrbreproduction/outputs/100subaction-e9/experiments/E9/pipeline_outputs/subaction_94_P01_109_94/candidate_00_frame_013151_left/reference_frame.png,/Users/huhu/Documents/Code/bishe/vrb/vrbreproduction/outputs/100subaction-e9/experiments/E9/pipeline_outputs/subaction_94_P01_109_94/candidate_00_frame_013151_left/label_heatmap_merged_overlay.png,/Users/huhu/Documents/Code/bishe/vrb/vrbreproduction/outputs/100subaction-e9/experiments/E9/pipeline_outputs/subaction_94_P01_109_94/candidate_00_frame_013151_left/vrb_style_affordance.png,6.0,0.0,"[192.86, 86.83, 233.33, 139.16]",/Users/huhu/Documents/Code/bishe/vrb/vrbreproduction/outputs/100subaction-e9/experiments/E9/pipeline_outputs/subaction_94_P01_109_94/candidate_00_frame_013151_left/label_heatmap_merged.npy,/Users/huhu/Documents/Code/bishe/vrb/vrbreproduction/outputs/100subaction-e9/experiments/E9/pipeline_outputs/subaction_94_P01_109_94/candidate_00_frame_013151_left/label_heatmap_merged.png,/Users/huhu/Documents/Code/bishe/vrb/vrbreproduction/outputs/100subaction-e9/experiments/E9/pipeline_outputs/subaction_94_P01_109_94/candidate_00_frame_013151_left/mask_projection_overlay.png,"(256, 456)",isotropic_e7,True,False
E9,94,P01_109_94,peel potato,peel,potato,['potato'],13152,15461,13151.0,15460.0,1.0,13152.0,left,continuation_entry_rescue,4620,4,63,"[196.0, 85.0, 236.0, 138.0]",4.179233748198579,grabcut_fallback,bbox_fallback,fallback_lk,failed,ModuleNotFoundError:No module named 'torch',small_object_whole_mask_allowed,2097,0.9891509433962264,2106.0,1.0,True,5,0.0,contact_part_mask,26,0,contact_part_local_affine,False,0.9665714285714286,36,35,26,0.7428571428571429,1.4980435371398926,5,0.0,2106.0,success,361,0.6542882604752328,,13143.0,earliest_reliable_tracked_reference_no_pre_gap,9.0,contact_part_local_affine,success,5,0.0,0.1867111111111111,,,,,,,success,keep,,5.964134884361994,/Users/huhu/Documents/Code/bishe/vrb/vrbreproduction/outputs/100subaction-e9/experiments/E9/pipeline_outputs/subaction_94_P01_109_94/candidate_01_frame_013152_left,/Users/huhu/Documents/Code/bishe/vrb/vrbreproduction/outputs/100subaction-e9/experiments/E9/pipeline_outputs/subaction_94_P01_109_94/candidate_01_frame_013152_left,/Users/huhu/Documents/Code/bishe/vrb/vrbreproduction/outputs/100subaction-e9/experiments/E9/pipeline_outputs/subaction_94_P01_109_94/candidate_01_frame_013152_left/reference_frame.png,/Users/huhu/Documents/Code/bishe/vrb/vrbreproduction/outputs/100subaction-e9/experiments/E9/pipeline_outputs/subaction_94_P01_109_94/candidate_01_frame_013152_left/label_heatmap_merged_overlay.png,/Users/huhu/Documents/Code/bishe/vrb/vrbreproduction/outputs/100subaction-e9/experiments/E9/pipeline_outputs/subaction_94_P01_109_94/candidate_01_frame_013152_left/vrb_style_affordance.png,6.0,0.0,"[181.29, 97.06, 220.21, 150.57]",/Users/huhu/Documents/Code/bishe/vrb/vrbreproduction/outputs/100subaction-e9/experiments/E9/pipeline_outputs/subaction_94_P01_109_94/candidate_01_frame_013152_left/label_heatmap_merged.npy,/Users/huhu/Documents/Code/bishe/vrb/vrbreproduction/outputs/100subaction-e9/experiments/E9/pipeline_outputs/subaction_94_P01_109_94/candidate_01_frame_013152_left/label_heatmap_merged.png,/Users/huhu/Documents/Code/bishe/vrb/vrbreproduction/outputs/100subaction-e9/experiments/E9/pipeline_outputs/subaction_94_P01_109_94/candidate_01_frame_013152_left/mask_projection_overlay.png,"(256, 456)",isotropic_e7,True,False
E9,94,P01_109_94,peel potato,peel,potato,['potato'],13152,15461,13151.0,15460.0,2.0,13151.0,right,continuation_entry_rescue,4620,4,125,"[240.0, 89.0, 272.0, 131.0]",4.202973671297247,grabcut_fallback,bbox_fallback,fallback_lk,failed,ModuleNotFoundError:No module named 'torch',small_object_whole_mask_allowed,456,1.0,1643.0,1.0,True,5,0.0,contact_part_mask,26,0,contact_part_local_affine,False,1.0,36,36,36,1.0,0.7158935070037842,5,0.0,1643.0,success,361,0.6542882604752328,,13139.0,earliest_reliable_tracked_reference_no_pre_gap,12.0,contact_part_local_affine,success,5,0.0,0.14177777777777778,,,,,,,success,keep,,6.193856528123219,/Users/huhu/Documents/Code/bishe/vrb/vrbreproduction/outputs/100subaction-e9/experiments/E9/pipeline_outputs/subaction_94_P01_109_94/candidate_02_frame_013151_right,/Users/huhu/Documents/Code/bishe/vrb/vrbreproduction/outputs/100subaction-e9/experiments/E9/pipeline_outputs/subaction_94_P01_109_94/candidate_02_frame_013151_right,/Users/huhu/Documents/Code/bishe/vrb/vrbreproduction/outputs/100subaction-e9/experiments/E9/pipeline_outputs/subaction_94_P01_109_94/candidate_02_frame_013151_right/reference_frame.png,/Users/huhu/Documents/Code/bishe/vrb/vrbreproduction/outputs/100subaction-e9/experiments/E9/pipeline_outputs/subaction_94_P01_109_94/candidate_02_frame_013151_right/label_heatmap_merged_overlay.png,/Users/huhu/Documents/Code/bishe/vrb/vrbreproduction/outputs/100subaction-e9/experiments/E9/pipeline_outputs/subaction_94_P01_109_94/candidate_02_frame_013151_right/vrb_style_affordance.png,6.0,0.0,"[253.22, 56.17, 284.39, 109.45]",/Users/huhu/Documents/Code/bishe/vrb/vrbreproduction/outputs/100subaction-e9/experiments/E9/pipeline_outputs/subaction_94_P01_109_94/candidate_02_frame_013151_right/label_heatmap_merged.npy,/Users/huhu/Documents/Code/bishe/vrb/vrbreproduction/outputs/100subaction-e9/experiments/E9/pipeline_outputs/subaction_94_P01_109_94/candidate_02_frame_013151_right/label_heatmap_merged.png,/Users/huhu/Documents/Code/bishe/vrb/vrbreproduction/outputs/100subaction-e9/experiments/E9/pipeline_outputs/subaction_94_P01_109_94/candidate_02_frame_013151_right/mask_projection_overlay.png,"(256, 456)",isotropic_e7,True,True
E9,94,P01_109_94,peel potato,peel,potato,['potato'],13152,15461,13151.0,15460.0,3.0,13152.0,right,continuation_entry_rescue,4620,4,141,"[240.0, 89.0, 271.0, 129.0]",4.242948461990681,grabcut_fallback,bbox_fallback,fallback_lk,failed,ModuleNotFoundError:No module named 'torch',small_object_whole_mask_allowed,389,1.0,1247.0,1.0,True,5,0.0,contact_part_mask,26,0,contact_part_local_affine,False,0.9885294117647059,36,34,31,0.9117647058823529,0.9413822293281555,5,0.0,1247.0,success,361,0.6542882604752328,,13140.0,earliest_reliable_tracked_reference_no_pre_gap,12.0,contact_part_local_affine,success,5,0.0,0.1416,,,,,,,success,keep,,6.133535003708391,/Users/huhu/Documents/Code/bishe/vrb/vrbreproduction/outputs/100subaction-e9/experiments/E9/pipeline_outputs/subaction_94_P01_109_94/candidate_03_frame_013152_right,/Users/huhu/Documents/Code/bishe/vrb/vrbreproduction/outputs/100subaction-e9/experiments/E9/pipeline_outputs/subaction_94_P01_109_94/candidate_03_frame_013152_right,/Users/huhu/Documents/Code/bishe/vrb/vrbreproduction/outputs/100subaction-e9/experiments/E9/pipeline_outputs/subaction_94_P01_109_94/candidate_03_frame_013152_right/reference_frame.png,/Users/huhu/Documents/Code/bishe/vrb/vrbreproduction/outputs/100subaction-e9/experiments/E9/pipeline_outputs/subaction_94_P01_109_94/candidate_03_frame_013152_right/label_heatmap_merged_overlay.png,/Users/huhu/Documents/Code/bishe/vrb/vrbreproduction/outputs/100subaction-e9/experiments/E9/pipeline_outputs/subaction_94_P01_109_94/candidate_03_frame_013152_right/vrb_style_affordance.png,6.0,0.0,"[252.61, 60.53, 281.68, 104.11]",/Users/huhu/Documents/Code/bishe/vrb/vrbreproduction/outputs/100subaction-e9/experiments/E9/pipeline_outputs/subaction_94_P01_109_94/candidate_03_frame_013152_right/label_heatmap_merged.npy,/Users/huhu/Documents/Code/bishe/vrb/vrbreproduction/outputs/100subaction-e9/experiments/E9/pipeline_outputs/subaction_94_P01_109_94/candidate_03_frame_013152_right/label_heatmap_merged.png,/Users/huhu/Documents/Code/bishe/vrb/vrbreproduction/outputs/100subaction-e9/experiments/E9/pipeline_outputs/subaction_94_P01_109_94/candidate_03_frame_013152_right/mask_projection_overlay.png,"(256, 456)",isotropic_e7,True,False
E9,95,P01_109_95,put down potato,put-down,potato,['potato'],15463,15503,15462.0,15502.0,0.0,15464.0,right,new_contact_episode,80,3,147,"[213.0, 121.0, 253.0, 159.0]",4.183719825209753,grabcut_fallback,bbox_fallback,fallback_lk,failed,ModuleNotFoundError:No module named 'torch',small_object_whole_mask_allowed,665,1.0,1520.0,1.0,True,5,0.0,contact_part_mask,26,0,contact_part_local_affine,False,1.0,36,36,36,1.0,0.40886160731315613,5,0.0,1520.0,success,361,1.0,,15463.0,earliest_reliable_tracked_reference_no_pre_gap,1.0,contact_part_local_affine,success,5,0.0,0.40973333333333334,,,,,,,success,keep,,5.867134151780604,/Users/huhu/Documents/Code/bishe/vrb/vrbreproduction/outputs/100subaction-e9/experiments/E9/pipeline_outputs/subaction_95_P01_109_95/candidate_00_frame_015464_right,/Users/huhu/Documents/Code/bishe/vrb/vrbreproduction/outputs/100subaction-e9/experiments/E9/pipeline_outputs/subaction_95_P01_109_95/candidate_00_frame_015464_right,/Users/huhu/Documents/Code/bishe/vrb/vrbreproduction/outputs/100subaction-e9/experiments/E9/pipeline_outputs/subaction_95_P01_109_95/candidate_00_frame_015464_right/reference_frame.png,/Users/huhu/Documents/Code/bishe/vrb/vrbreproduction/outputs/100subaction-e9/experiments/E9/pipeline_outputs/subaction_95_P01_109_95/candidate_00_frame_015464_right/label_heatmap_merged_overlay.png,/Users/huhu/Documents/Code/bishe/vrb/vrbreproduction/outputs/100subaction-e9/experiments/E9/pipeline_outputs/subaction_95_P01_109_95/candidate_00_frame_015464_right/vrb_style_affordance.png,6.0,0.0,"[212.93, 122.52, 252.93, 160.56]",/Users/huhu/Documents/Code/bishe/vrb/vrbreproduction/outputs/100subaction-e9/experiments/E9/pipeline_outputs/subaction_95_P01_109_95/candidate_00_frame_015464_right/label_heatmap_merged.npy,/Users/huhu/Documents/Code/bishe/vrb/vrbreproduction/outputs/100subaction-e9/experiments/E9/pipeline_outputs/subaction_95_P01_109_95/candidate_00_frame_015464_right/label_heatmap_merged.png,/Users/huhu/Documents/Code/bishe/vrb/vrbreproduction/outputs/100subaction-e9/experiments/E9/pipeline_outputs/subaction_95_P01_109_95/candidate_00_frame_015464_right/mask_projection_overlay.png,"(256, 456)",isotropic_e7,True,True
E9,95,P01_109_95,put down potato,put-down,potato,['potato'],15463,15503,15462.0,15502.0,1.0,15465.0,right,new_contact_episode,80,3,162,"[216.0, 120.0, 253.0, 157.0]",4.394450477129649,grabcut_fallback,bbox_fallback,fallback_lk,failed,ModuleNotFoundError:No module named 'torch',small_object_whole_mask_allowed,790,1.0,1482.0,1.0,True,5,0.0,contact_part_mask,26,0,contact_part_local_affine,False,1.0,36,36,36,1.0,0.275128573179245,5,0.0,1482.0,success,361,1.0,,15464.0,earliest_reliable_tracked_reference_no_pre_gap,1.0,contact_part_local_affine,success,5,0.0,0.4128,,,,,,,success,keep,,5.866546142804621,/Users/huhu/Documents/Code/bishe/vrb/vrbreproduction/outputs/100subaction-e9/experiments/E9/pipeline_outputs/subaction_95_P01_109_95/candidate_01_frame_015465_right,/Users/huhu/Documents/Code/bishe/vrb/vrbreproduction/outputs/100subaction-e9/experiments/E9/pipeline_outputs/subaction_95_P01_109_95/candidate_01_frame_015465_right,/Users/huhu/Documents/Code/bishe/vrb/vrbreproduction/outputs/100subaction-e9/experiments/E9/pipeline_outputs/subaction_95_P01_109_95/candidate_01_frame_015465_right/reference_frame.png,/Users/huhu/Documents/Code/bishe/vrb/vrbreproduction/outputs/100subaction-e9/experiments/E9/pipeline_outputs/subaction_95_P01_109_95/candidate_01_frame_015465_right/label_heatmap_merged_overlay.png,/Users/huhu/Documents/Code/bishe/vrb/vrbreproduction/outputs/100subaction-e9/experiments/E9/pipeline_outputs/subaction_95_P01_109_95/candidate_01_frame_015465_right/vrb_style_affordance.png,6.0,0.0,"[213.93, 120.85, 252.94, 158.56]",/Users/huhu/Documents/Code/bishe/vrb/vrbreproduction/outputs/100subaction-e9/experiments/E9/pipeline_outputs/subaction_95_P01_109_95/candidate_01_frame_015465_right/label_heatmap_merged.npy,/Users/huhu/Documents/Code/bishe/vrb/vrbreproduction/outputs/100subaction-e9/experiments/E9/pipeline_outputs/subaction_95_P01_109_95/candidate_01_frame_015465_right/label_heatmap_merged.png,/Users/huhu/Documents/Code/bishe/vrb/vrbreproduction/outputs/100subaction-e9/experiments/E9/pipeline_outputs/subaction_95_P01_109_95/candidate_01_frame_015465_right/mask_projection_overlay.png,"(256, 456)",isotropic_e7,True,False
E9,95,P01_109_95,put down potato,put-down,potato,['potato'],15463,15503,15462.0,15502.0,2.0,15466.0,right,new_contact_episode,80,3,130,"[216.0, 118.0, 255.0, 156.0]",4.16256939040209,grabcut_fallback,bbox_fallback,fallback_lk,failed,ModuleNotFoundError:No module named 'torch',small_object_whole_mask_allowed,645,1.0,1444.0,1.0,True,5,0.0,contact_part_mask,26,0,contact_part_local_affine,False,1.0,36,36,36,1.0,0.1825474351644516,5,0.0,1444.0,success,361,1.0,,15465.0,earliest_reliable_tracked_reference_no_pre_gap,1.0,contact_part_local_affine,success,5,0.0,0.3837333333333333,,,,,,,success,keep,,5.912923576945066,/Users/huhu/Documents/Code/bishe/vrb/vrbreproduction/outputs/100subaction-e9/experiments/E9/pipeline_outputs/subaction_95_P01_109_95/candidate_02_frame_015466_right,/Users/huhu/Documents/Code/bishe/vrb/vrbreproduction/outputs/100subaction-e9/experiments/E9/pipeline_outputs/subaction_95_P01_109_95/candidate_02_frame_015466_right,/Users/huhu/Documents/Code/bishe/vrb/vrbreproduction/outputs/100subaction-e9/experiments/E9/pipeline_outputs/subaction_95_P01_109_95/candidate_02_frame_015466_right/reference_frame.png,/Users/huhu/Documents/Code/bishe/vrb/vrbreproduction/outputs/100subaction-e9/experiments/E9/pipeline_outputs/subaction_95_P01_109_95/candidate_02_frame_015466_right/label_heatmap_merged_overlay.png,/Users/huhu/Documents/Code/bishe/vrb/vrbreproduction/outputs/100subaction-e9/experiments/E9/pipeline_outputs/subaction_95_P01_109_95/candidate_02_frame_015466_right/vrb_style_affordance.png,6.0,0.0,"[215.9, 119.47, 253.6, 156.84]",/Users/huhu/Documents/Code/bishe/vrb/vrbreproduction/outputs/100subaction-e9/experiments/E9/pipeline_outputs/subaction_95_P01_109_95/candidate_02_frame_015466_right/label_heatmap_merged.npy,/Users/huhu/Documents/Code/bishe/vrb/vrbreproduction/outputs/100subaction-e9/experiments/E9/pipeline_outputs/subaction_95_P01_109_95/candidate_02_frame_015466_right/label_heatmap_merged.png,/Users/huhu/Documents/Code/bishe/vrb/vrbreproduction/outputs/100subaction-e9/experiments/E9/pipeline_outputs/subaction_95_P01_109_95/candidate_02_frame_015466_right/mask_projection_overlay.png,"(256, 456)",isotropic_e7,True,True
E9,96,P01_109_96,pick up peeler blade,pick-up,blade:peeler,['blade:peeler'],15508,15575,15507.0,15574.0,0.0,15508.0,left,new_contact_episode,132,6,0,"[265.0, 114.0, 290.0, 154.0]",1.0645117785364098,,,,,,,0,,,,,0,,,0,0,,False,,0,0,0,,,0,,,not_run,0,0.0,,,,,,not_run,0,,,,,,,,,not_run,discard,contact_points_lt5_after_object_boundary_filter,,/Users/huhu/Documents/Code/bishe/vrb/vrbreproduction/outputs/100subaction-e9/experiments/E9/pipeline_outputs/subaction_96_P01_109_96/candidate_00_frame_015508_left,,,,,,,,,,,,,,False
E9,96,P01_109_96,pick up peeler blade,pick-up,blade:peeler,['blade:peeler'],15508,15575,15507.0,15574.0,1.0,15509.0,left,new_contact_episode,132,6,0,"[264.0, 114.0, 290.0, 154.0]",1.072632817333839,,,,,,,0,,,,,0,,,0,0,,False,,0,0,0,,,0,,,not_run,0,0.0,,,,,,not_run,0,,,,,,,,,not_run,discard,contact_points_lt5_after_object_boundary_filter,,/Users/huhu/Documents/Code/bishe/vrb/vrbreproduction/outputs/100subaction-e9/experiments/E9/pipeline_outputs/subaction_96_P01_109_96/candidate_01_frame_015509_left,,,,,,,,,,,,,,False
E9,96,P01_109_96,pick up peeler blade,pick-up,blade:peeler,['blade:peeler'],15508,15575,15507.0,15574.0,2.0,15510.0,left,new_contact_episode,132,6,0,"[263.0, 114.0, 290.0, 156.0]",1.10007909583996,,,,,,,0,,,,,0,,,0,0,,False,,0,0,0,,,0,,,not_run,0,0.0,,,,,,not_run,0,,,,,,,,,not_run,discard,contact_points_lt5_after_object_boundary_filter,,/Users/huhu/Documents/Code/bishe/vrb/vrbreproduction/outputs/100subaction-e9/experiments/E9/pipeline_outputs/subaction_96_P01_109_96/candidate_02_frame_015510_left,,,,,,,,,,,,,,False
E9,96,P01_109_96,pick up peeler blade,pick-up,blade:peeler,['blade:peeler'],15508,15575,15507.0,15574.0,3.0,15557.0,left,new_contact_episode,132,6,0,"[226.0, 63.0, 284.0, 157.0]",1.1230335986403053,,,,,,,0,,,,,0,,,0,0,,False,,0,0,0,,,0,,,not_run,0,0.0,,,,,,not_run,0,,,,,,,,,not_run,discard,contact_points_lt5_after_object_boundary_filter,,/Users/huhu/Documents/Code/bishe/vrb/vrbreproduction/outputs/100subaction-e9/experiments/E9/pipeline_outputs/subaction_96_P01_109_96/candidate_03_frame_015557_left,,,,,,,,,,,,,,False
E9,96,P01_109_96,pick up peeler blade,pick-up,blade:peeler,['blade:peeler'],15508,15575,15507.0,15574.0,4.0,15558.0,left,new_contact_episode,132,6,0,"[236.0, 116.0, 290.0, 157.0]",1.221126724303216,,,,,,,0,,,,,0,,,0,0,,False,,0,0,0,,,0,,,not_run,0,0.0,,,,,,not_run,0,,,,,,,,,not_run,discard,contact_points_lt5_after_object_boundary_filter,,/Users/huhu/Documents/Code/bishe/vrb/vrbreproduction/outputs/100subaction-e9/experiments/E9/pipeline_outputs/subaction_96_P01_109_96/candidate_04_frame_015558_left,,,,,,,,,,,,,,False
E9,96,P01_109_96,pick up peeler blade,pick-up,blade:peeler,['blade:peeler'],15508,15575,15507.0,15574.0,5.0,15559.0,left,new_contact_episode,132,6,0,"[235.0, 115.0, 289.0, 158.0]",1.2384212710938765,,,,,,,0,,,,,0,,,0,0,,False,,0,0,0,,,0,,,not_run,0,0.0,,,,,,not_run,0,,,,,,,,,not_run,discard,contact_points_lt5_after_object_boundary_filter,,/Users/huhu/Documents/Code/bishe/vrb/vrbreproduction/outputs/100subaction-e9/experiments/E9/pipeline_outputs/subaction_96_P01_109_96/candidate_05_frame_015559_left,,,,,,,,,,,,,,False
E9,97,P01_109_97,fix peeler blade,fix,blade:peeler,['blade:peeler'],15574,15772,15573.0,15771.0,0.0,15760.0,left,new_contact_episode,389,3,0,"[240.0, 80.0, 288.0, 145.0]",0.6893217268014942,,,,,,,0,,,,,0,,,0,0,,False,,0,0,0,,,0,,,not_run,0,0.0,,,,,,not_run,0,,,,,,,,,not_run,discard,contact_points_lt5_after_object_boundary_filter,,/Users/huhu/Documents/Code/bishe/vrb/vrbreproduction/outputs/100subaction-e9/experiments/E9/pipeline_outputs/subaction_97_P01_109_97/candidate_00_frame_015760_left,,,,,,,,,,,,,,False
E9,97,P01_109_97,fix peeler blade,fix,blade:peeler,['blade:peeler'],15574,15772,15573.0,15771.0,1.0,15761.0,left,new_contact_episode,389,3,134,"[137.0, 70.0, 169.0, 99.0]",5.072313831683065,grabcut_fallback,bbox_fallback,fallback_lk,failed,ModuleNotFoundError:No module named 'torch',handle_like_edge_or_endpoint,928,1.0,1260.0,1.0,True,4,0.0,contact_part_mask,26,0,contact_part_local_affine,False,0.797821076711019,36,33,33,1.0,1.3332867622375488,4,0.0,1260.0,success,361,0.955671625,,15759.0,earliest_reliable_tracked_reference_no_pre_gap,2.0,contact_part_local_affine,success,4,0.0,0.21417777777777777,,,,,,,success,keep,,5.472376883888245,/Users/huhu/Documents/Code/bishe/vrb/vrbreproduction/outputs/100subaction-e9/experiments/E9/pipeline_outputs/subaction_97_P01_109_97/candidate_01_frame_015761_left,/Users/huhu/Documents/Code/bishe/vrb/vrbreproduction/outputs/100subaction-e9/experiments/E9/pipeline_outputs/subaction_97_P01_109_97/candidate_01_frame_015761_left,/Users/huhu/Documents/Code/bishe/vrb/vrbreproduction/outputs/100subaction-e9/experiments/E9/pipeline_outputs/subaction_97_P01_109_97/candidate_01_frame_015761_left/reference_frame.png,/Users/huhu/Documents/Code/bishe/vrb/vrbreproduction/outputs/100subaction-e9/experiments/E9/pipeline_outputs/subaction_97_P01_109_97/candidate_01_frame_015761_left/label_heatmap_merged_overlay.png,/Users/huhu/Documents/Code/bishe/vrb/vrbreproduction/outputs/100subaction-e9/experiments/E9/pipeline_outputs/subaction_97_P01_109_97/candidate_01_frame_015761_left/vrb_style_affordance.png,6.0,0.0,"[133.65, 68.43, 169.12, 103.53]",/Users/huhu/Documents/Code/bishe/vrb/vrbreproduction/outputs/100subaction-e9/experiments/E9/pipeline_outputs/subaction_97_P01_109_97/candidate_01_frame_015761_left/label_heatmap_merged.npy,/Users/huhu/Documents/Code/bishe/vrb/vrbreproduction/outputs/100subaction-e9/experiments/E9/pipeline_outputs/subaction_97_P01_109_97/candidate_01_frame_015761_left/label_heatmap_merged.png,/Users/huhu/Documents/Code/bishe/vrb/vrbreproduction/outputs/100subaction-e9/experiments/E9/pipeline_outputs/subaction_97_P01_109_97/candidate_01_frame_015761_left/mask_projection_overlay.png,"(256, 456)",isotropic_e7,True,True
E9,97,P01_109_97,fix peeler blade,fix,blade:peeler,['blade:peeler'],15574,15772,15573.0,15771.0,2.0,15762.0,left,new_contact_episode,389,3,112,"[137.0, 70.0, 171.0, 100.0]",5.142081238228088,grabcut_fallback,bbox_fallback,fallback_lk,failed,ModuleNotFoundError:No module named 'torch',handle_like_edge_or_endpoint,1020,1.0,990.0,1.0,True,4,0.0,contact_part_mask,26,0,contact_part_local_affine,False,0.7966797934638129,36,36,36,1.0,1.2885417938232422,4,0.0,990.0,success,361,0.955671625,,15761.0,earliest_reliable_tracked_reference_no_pre_gap,1.0,contact_part_local_affine,success,4,0.0,0.22364444444444445,,,,,,,success,keep,,5.463236666446261,/Users/huhu/Documents/Code/bishe/vrb/vrbreproduction/outputs/100subaction-e9/experiments/E9/pipeline_outputs/subaction_97_P01_109_97/candidate_02_frame_015762_left,/Users/huhu/Documents/Code/bishe/vrb/vrbreproduction/outputs/100subaction-e9/experiments/E9/pipeline_outputs/subaction_97_P01_109_97/candidate_02_frame_015762_left,/Users/huhu/Documents/Code/bishe/vrb/vrbreproduction/outputs/100subaction-e9/experiments/E9/pipeline_outputs/subaction_97_P01_109_97/candidate_02_frame_015762_left/reference_frame.png,/Users/huhu/Documents/Code/bishe/vrb/vrbreproduction/outputs/100subaction-e9/experiments/E9/pipeline_outputs/subaction_97_P01_109_97/candidate_02_frame_015762_left/label_heatmap_merged_overlay.png,/Users/huhu/Documents/Code/bishe/vrb/vrbreproduction/outputs/100subaction-e9/experiments/E9/pipeline_outputs/subaction_97_P01_109_97/candidate_02_frame_015762_left/vrb_style_affordance.png,6.0,0.0,"[136.42, 69.42, 169.48, 99.26]",/Users/huhu/Documents/Code/bishe/vrb/vrbreproduction/outputs/100subaction-e9/experiments/E9/pipeline_outputs/subaction_97_P01_109_97/candidate_02_frame_015762_left/label_heatmap_merged.npy,/Users/huhu/Documents/Code/bishe/vrb/vrbreproduction/outputs/100subaction-e9/experiments/E9/pipeline_outputs/subaction_97_P01_109_97/candidate_02_frame_015762_left/label_heatmap_merged.png,/Users/huhu/Documents/Code/bishe/vrb/vrbreproduction/outputs/100subaction-e9/experiments/E9/pipeline_outputs/subaction_97_P01_109_97/candidate_02_frame_015762_left/mask_projection_overlay.png,"(256, 456)",isotropic_e7,True,False
E9,98,P01_109_98,pick up potato,pick-up,potato,['potato'],15772,15799,15771.0,15798.0,0.0,15771.0,right,continuation_entry_rescue,56,4,173,"[248.0, 94.0, 296.0, 144.0]",4.095930443701276,grabcut_fallback,bbox_fallback,fallback_lk,failed,ModuleNotFoundError:No module named 'torch',small_object_whole_mask_allowed,1179,1.0,2750.0,1.0,True,5,0.0,contact_part_mask,26,0,contact_part_local_affine,False,1.0,36,36,36,1.0,0.15843574702739716,5,0.0,2750.0,success,361,0.985,,15770.0,earliest_reliable_tracked_reference_no_pre_gap,1.0,contact_part_local_affine,success,5,0.0,0.2538666666666667,,,,,,,success,keep,,6.108446927589177,/Users/huhu/Documents/Code/bishe/vrb/vrbreproduction/outputs/100subaction-e9/experiments/E9/pipeline_outputs/subaction_98_P01_109_98/candidate_00_frame_015771_right,/Users/huhu/Documents/Code/bishe/vrb/vrbreproduction/outputs/100subaction-e9/experiments/E9/pipeline_outputs/subaction_98_P01_109_98/candidate_00_frame_015771_right,/Users/huhu/Documents/Code/bishe/vrb/vrbreproduction/outputs/100subaction-e9/experiments/E9/pipeline_outputs/subaction_98_P01_109_98/candidate_00_frame_015771_right/reference_frame.png,/Users/huhu/Documents/Code/bishe/vrb/vrbreproduction/outputs/100subaction-e9/experiments/E9/pipeline_outputs/subaction_98_P01_109_98/candidate_00_frame_015771_right/label_heatmap_merged_overlay.png,/Users/huhu/Documents/Code/bishe/vrb/vrbreproduction/outputs/100subaction-e9/experiments/E9/pipeline_outputs/subaction_98_P01_109_98/candidate_00_frame_015771_right/vrb_style_affordance.png,6.0,0.0,"[247.39, 90.43, 296.88, 144.53]",/Users/huhu/Documents/Code/bishe/vrb/vrbreproduction/outputs/100subaction-e9/experiments/E9/pipeline_outputs/subaction_98_P01_109_98/candidate_00_frame_015771_right/label_heatmap_merged.npy,/Users/huhu/Documents/Code/bishe/vrb/vrbreproduction/outputs/100subaction-e9/experiments/E9/pipeline_outputs/subaction_98_P01_109_98/candidate_00_frame_015771_right/label_heatmap_merged.png,/Users/huhu/Documents/Code/bishe/vrb/vrbreproduction/outputs/100subaction-e9/experiments/E9/pipeline_outputs/subaction_98_P01_109_98/candidate_00_frame_015771_right/mask_projection_overlay.png,"(256, 456)",isotropic_e7,True,False
E9,98,P01_109_98,pick up potato,pick-up,potato,['potato'],15772,15799,15771.0,15798.0,1.0,15772.0,right,continuation_entry_rescue,56,4,168,"[248.0, 92.0, 296.0, 145.0]",4.130661527027736,grabcut_fallback,bbox_fallback,fallback_lk,failed,ModuleNotFoundError:No module named 'torch',small_object_whole_mask_allowed,1047,1.0,2448.0,1.0,True,5,0.0,contact_part_mask,26,0,contact_part_local_affine,False,1.0,36,36,36,1.0,0.14917728304862976,5,0.0,2448.0,success,361,0.985,,15771.0,earliest_reliable_tracked_reference_no_pre_gap,1.0,contact_part_local_affine,success,5,0.0,0.25822222222222224,,,,,,,success,keep,,6.102191348175206,/Users/huhu/Documents/Code/bishe/vrb/vrbreproduction/outputs/100subaction-e9/experiments/E9/pipeline_outputs/subaction_98_P01_109_98/candidate_01_frame_015772_right,/Users/huhu/Documents/Code/bishe/vrb/vrbreproduction/outputs/100subaction-e9/experiments/E9/pipeline_outputs/subaction_98_P01_109_98/candidate_01_frame_015772_right,/Users/huhu/Documents/Code/bishe/vrb/vrbreproduction/outputs/100subaction-e9/experiments/E9/pipeline_outputs/subaction_98_P01_109_98/candidate_01_frame_015772_right/reference_frame.png,/Users/huhu/Documents/Code/bishe/vrb/vrbreproduction/outputs/100subaction-e9/experiments/E9/pipeline_outputs/subaction_98_P01_109_98/candidate_01_frame_015772_right/label_heatmap_merged_overlay.png,/Users/huhu/Documents/Code/bishe/vrb/vrbreproduction/outputs/100subaction-e9/experiments/E9/pipeline_outputs/subaction_98_P01_109_98/candidate_01_frame_015772_right/vrb_style_affordance.png,6.0,0.0,"[248.03, 93.04, 296.14, 144.2]",/Users/huhu/Documents/Code/bishe/vrb/vrbreproduction/outputs/100subaction-e9/experiments/E9/pipeline_outputs/subaction_98_P01_109_98/candidate_01_frame_015772_right/label_heatmap_merged.npy,/Users/huhu/Documents/Code/bishe/vrb/vrbreproduction/outputs/100subaction-e9/experiments/E9/pipeline_outputs/subaction_98_P01_109_98/candidate_01_frame_015772_right/label_heatmap_merged.png,/Users/huhu/Documents/Code/bishe/vrb/vrbreproduction/outputs/100subaction-e9/experiments/E9/pipeline_outputs/subaction_98_P01_109_98/candidate_01_frame_015772_right/mask_projection_overlay.png,"(256, 456)",isotropic_e7,True,False
E9,98,P01_109_98,pick up potato,pick-up,potato,['potato'],15772,15799,15771.0,15798.0,2.0,15771.0,left,continuation_entry_rescue,56,4,106,"[143.0, 73.0, 172.0, 106.0]",5.242942839959358,grabcut_fallback,bbox_fallback,fallback_lk,failed,ModuleNotFoundError:No module named 'torch',small_object_whole_mask_allowed,957,1.0,1020.0,1.0,True,5,0.0,contact_part_mask,26,0,contact_part_local_affine,False,1.0,36,36,36,1.0,0.11177358031272888,5,0.0,1020.0,success,361,0.955671625,,15769.0,earliest_reliable_tracked_reference_no_pre_gap,2.0,contact_part_local_affine,success,5,0.0,0.144,,,,,,,success,keep,,6.2686467925906175,/Users/huhu/Documents/Code/bishe/vrb/vrbreproduction/outputs/100subaction-e9/experiments/E9/pipeline_outputs/subaction_98_P01_109_98/candidate_02_frame_015771_left,/Users/huhu/Documents/Code/bishe/vrb/vrbreproduction/outputs/100subaction-e9/experiments/E9/pipeline_outputs/subaction_98_P01_109_98/candidate_02_frame_015771_left,/Users/huhu/Documents/Code/bishe/vrb/vrbreproduction/outputs/100subaction-e9/experiments/E9/pipeline_outputs/subaction_98_P01_109_98/candidate_02_frame_015771_left/reference_frame.png,/Users/huhu/Documents/Code/bishe/vrb/vrbreproduction/outputs/100subaction-e9/experiments/E9/pipeline_outputs/subaction_98_P01_109_98/candidate_02_frame_015771_left/label_heatmap_merged_overlay.png,/Users/huhu/Documents/Code/bishe/vrb/vrbreproduction/outputs/100subaction-e9/experiments/E9/pipeline_outputs/subaction_98_P01_109_98/candidate_02_frame_015771_left/vrb_style_affordance.png,6.0,0.0,"[142.39, 72.1, 171.94, 105.88]",/Users/huhu/Documents/Code/bishe/vrb/vrbreproduction/outputs/100subaction-e9/experiments/E9/pipeline_outputs/subaction_98_P01_109_98/candidate_02_frame_015771_left/label_heatmap_merged.npy,/Users/huhu/Documents/Code/bishe/vrb/vrbreproduction/outputs/100subaction-e9/experiments/E9/pipeline_outputs/subaction_98_P01_109_98/candidate_02_frame_015771_left/label_heatmap_merged.png,/Users/huhu/Documents/Code/bishe/vrb/vrbreproduction/outputs/100subaction-e9/experiments/E9/pipeline_outputs/subaction_98_P01_109_98/candidate_02_frame_015771_left/mask_projection_overlay.png,"(256, 456)",isotropic_e7,True,True
E9,98,P01_109_98,pick up potato,pick-up,potato,['potato'],15772,15799,15771.0,15798.0,3.0,15772.0,left,continuation_entry_rescue,56,4,137,"[143.0, 73.0, 173.0, 107.0]",5.1989764676436465,grabcut_fallback,bbox_fallback,fallback_lk,failed,ModuleNotFoundError:No module named 'torch',small_object_whole_mask_allowed,1020,1.0,1085.0,1.0,True,4,0.0,contact_part_mask,26,0,contact_part_local_affine,False,0.9124999999999999,36,36,36,1.0,0.5368497371673584,4,0.0,1085.0,success,361,0.955671625,,15767.0,earliest_reliable_tracked_reference_no_pre_gap,5.0,contact_part_local_affine,success,4,0.0,0.15022222222222223,,,,,,,success,keep,,5.803561174551645,/Users/huhu/Documents/Code/bishe/vrb/vrbreproduction/outputs/100subaction-e9/experiments/E9/pipeline_outputs/subaction_98_P01_109_98/candidate_03_frame_015772_left,/Users/huhu/Documents/Code/bishe/vrb/vrbreproduction/outputs/100subaction-e9/experiments/E9/pipeline_outputs/subaction_98_P01_109_98/candidate_03_frame_015772_left,/Users/huhu/Documents/Code/bishe/vrb/vrbreproduction/outputs/100subaction-e9/experiments/E9/pipeline_outputs/subaction_98_P01_109_98/candidate_03_frame_015772_left/reference_frame.png,/Users/huhu/Documents/Code/bishe/vrb/vrbreproduction/outputs/100subaction-e9/experiments/E9/pipeline_outputs/subaction_98_P01_109_98/candidate_03_frame_015772_left/label_heatmap_merged_overlay.png,/Users/huhu/Documents/Code/bishe/vrb/vrbreproduction/outputs/100subaction-e9/experiments/E9/pipeline_outputs/subaction_98_P01_109_98/candidate_03_frame_015772_left/vrb_style_affordance.png,6.0,0.0,"[141.05, 69.82, 172.04, 104.6]",/Users/huhu/Documents/Code/bishe/vrb/vrbreproduction/outputs/100subaction-e9/experiments/E9/pipeline_outputs/subaction_98_P01_109_98/candidate_03_frame_015772_left/label_heatmap_merged.npy,/Users/huhu/Documents/Code/bishe/vrb/vrbreproduction/outputs/100subaction-e9/experiments/E9/pipeline_outputs/subaction_98_P01_109_98/candidate_03_frame_015772_left/label_heatmap_merged.png,/Users/huhu/Documents/Code/bishe/vrb/vrbreproduction/outputs/100subaction-e9/experiments/E9/pipeline_outputs/subaction_98_P01_109_98/candidate_03_frame_015772_left/mask_projection_overlay.png,"(256, 456)",isotropic_e7,True,False
E9,99,P01_109_99,peel potato,peel,potato,['potato'],15883,16103,15882.0,16102.0,0.0,15882.0,right,continuation_entry_rescue,442,4,143,"[202.0, 105.0, 242.0, 166.0]",3.7966256356148578,grabcut_fallback,bbox_fallback,fallback_lk,failed,ModuleNotFoundError:No module named 'torch',small_object_whole_mask_allowed,976,1.0,3207.0,0.9377192982456141,True,5,0.0,contact_part_mask,26,0,contact_part_local_affine,False,1.0,36,36,36,1.0,0.9362564086914062,5,0.0,3420.0,success,361,0.955671625,,15878.0,earliest_reliable_tracked_reference_no_pre_gap,4.0,contact_part_local_affine,success,5,0.0,0.5252444444444444,,,,,,,success,keep,,5.66004564107259,/Users/huhu/Documents/Code/bishe/vrb/vrbreproduction/outputs/100subaction-e9/experiments/E9/pipeline_outputs/subaction_99_P01_109_99/candidate_00_frame_015882_right,/Users/huhu/Documents/Code/bishe/vrb/vrbreproduction/outputs/100subaction-e9/experiments/E9/pipeline_outputs/subaction_99_P01_109_99/candidate_00_frame_015882_right,/Users/huhu/Documents/Code/bishe/vrb/vrbreproduction/outputs/100subaction-e9/experiments/E9/pipeline_outputs/subaction_99_P01_109_99/candidate_00_frame_015882_right/reference_frame.png,/Users/huhu/Documents/Code/bishe/vrb/vrbreproduction/outputs/100subaction-e9/experiments/E9/pipeline_outputs/subaction_99_P01_109_99/candidate_00_frame_015882_right/label_heatmap_merged_overlay.png,/Users/huhu/Documents/Code/bishe/vrb/vrbreproduction/outputs/100subaction-e9/experiments/E9/pipeline_outputs/subaction_99_P01_109_99/candidate_00_frame_015882_right/vrb_style_affordance.png,6.0,0.0,"[184.56, 101.61, 244.71, 159.44]",/Users/huhu/Documents/Code/bishe/vrb/vrbreproduction/outputs/100subaction-e9/experiments/E9/pipeline_outputs/subaction_99_P01_109_99/candidate_00_frame_015882_right/label_heatmap_merged.npy,/Users/huhu/Documents/Code/bishe/vrb/vrbreproduction/outputs/100subaction-e9/experiments/E9/pipeline_outputs/subaction_99_P01_109_99/candidate_00_frame_015882_right/label_heatmap_merged.png,/Users/huhu/Documents/Code/bishe/vrb/vrbreproduction/outputs/100subaction-e9/experiments/E9/pipeline_outputs/subaction_99_P01_109_99/candidate_00_frame_015882_right/mask_projection_overlay.png,"(256, 456)",isotropic_e7,True,False
E9,99,P01_109_99,peel potato,peel,potato,['potato'],15883,16103,15882.0,16102.0,1.0,15883.0,right,continuation_entry_rescue,442,4,138,"[201.0, 106.0, 240.0, 167.0]",3.8195817734494097,grabcut_fallback,bbox_fallback,fallback_lk,failed,ModuleNotFoundError:No module named 'torch',small_object_whole_mask_allowed,907,1.0,2480.0,1.0,True,5,0.0,contact_part_mask,26,0,contact_part_local_affine,False,1.0,36,36,36,1.0,0.10144799947738647,5,0.0,2480.0,success,361,0.955671625,,15882.0,earliest_reliable_tracked_reference_no_pre_gap,1.0,contact_part_local_affine,success,5,0.0,0.5176888888888889,,,,,,,success,keep,,5.714423226682344,/Users/huhu/Documents/Code/bishe/vrb/vrbreproduction/outputs/100subaction-e9/experiments/E9/pipeline_outputs/subaction_99_P01_109_99/candidate_01_frame_015883_right,/Users/huhu/Documents/Code/bishe/vrb/vrbreproduction/outputs/100subaction-e9/experiments/E9/pipeline_outputs/subaction_99_P01_109_99/candidate_01_frame_015883_right,/Users/huhu/Documents/Code/bishe/vrb/vrbreproduction/outputs/100subaction-e9/experiments/E9/pipeline_outputs/subaction_99_P01_109_99/candidate_01_frame_015883_right/reference_frame.png,/Users/huhu/Documents/Code/bishe/vrb/vrbreproduction/outputs/100subaction-e9/experiments/E9/pipeline_outputs/subaction_99_P01_109_99/candidate_01_frame_015883_right/label_heatmap_merged_overlay.png,/Users/huhu/Documents/Code/bishe/vrb/vrbreproduction/outputs/100subaction-e9/experiments/E9/pipeline_outputs/subaction_99_P01_109_99/candidate_01_frame_015883_right/vrb_style_affordance.png,6.0,0.0,"[201.68, 105.26, 241.57, 166.53]",/Users/huhu/Documents/Code/bishe/vrb/vrbreproduction/outputs/100subaction-e9/experiments/E9/pipeline_outputs/subaction_99_P01_109_99/candidate_01_frame_015883_right/label_heatmap_merged.npy,/Users/huhu/Documents/Code/bishe/vrb/vrbreproduction/outputs/100subaction-e9/experiments/E9/pipeline_outputs/subaction_99_P01_109_99/candidate_01_frame_015883_right/label_heatmap_merged.png,/Users/huhu/Documents/Code/bishe/vrb/vrbreproduction/outputs/100subaction-e9/experiments/E9/pipeline_outputs/subaction_99_P01_109_99/candidate_01_frame_015883_right/mask_projection_overlay.png,"(256, 456)",isotropic_e7,True,False
E9,99,P01_109_99,peel potato,peel,potato,['potato'],15883,16103,15882.0,16102.0,2.0,15882.0,left,continuation_entry_rescue,442,4,95,"[177.0, 101.0, 222.0, 156.0]",4.931299032262181,grabcut_fallback,bbox_fallback,fallback_lk,failed,ModuleNotFoundError:No module named 'torch',small_object_whole_mask_allowed,1727,1.0,2688.0,1.0,True,5,0.0,contact_part_mask,26,0,contact_part_local_affine,False,1.0,36,36,36,1.0,0.2604101002216339,5,0.0,2688.0,success,361,0.955671625,,15881.0,earliest_reliable_tracked_reference_no_pre_gap,1.0,contact_part_local_affine,success,5,0.0,0.4653777777777778,,,,,,,success,keep,,5.788121030326684,/Users/huhu/Documents/Code/bishe/vrb/vrbreproduction/outputs/100subaction-e9/experiments/E9/pipeline_outputs/subaction_99_P01_109_99/candidate_02_frame_015882_left,/Users/huhu/Documents/Code/bishe/vrb/vrbreproduction/outputs/100subaction-e9/experiments/E9/pipeline_outputs/subaction_99_P01_109_99/candidate_02_frame_015882_left,/Users/huhu/Documents/Code/bishe/vrb/vrbreproduction/outputs/100subaction-e9/experiments/E9/pipeline_outputs/subaction_99_P01_109_99/candidate_02_frame_015882_left/reference_frame.png,/Users/huhu/Documents/Code/bishe/vrb/vrbreproduction/outputs/100subaction-e9/experiments/E9/pipeline_outputs/subaction_99_P01_109_99/candidate_02_frame_015882_left/label_heatmap_merged_overlay.png,/Users/huhu/Documents/Code/bishe/vrb/vrbreproduction/outputs/100subaction-e9/experiments/E9/pipeline_outputs/subaction_99_P01_109_99/candidate_02_frame_015882_left/vrb_style_affordance.png,6.0,0.0,"[177.68, 100.88, 225.53, 156.78]",/Users/huhu/Documents/Code/bishe/vrb/vrbreproduction/outputs/100subaction-e9/experiments/E9/pipeline_outputs/subaction_99_P01_109_99/candidate_02_frame_015882_left/label_heatmap_merged.npy,/Users/huhu/Documents/Code/bishe/vrb/vrbreproduction/outputs/100subaction-e9/experiments/E9/pipeline_outputs/subaction_99_P01_109_99/candidate_02_frame_015882_left/label_heatmap_merged.png,/Users/huhu/Documents/Code/bishe/vrb/vrbreproduction/outputs/100subaction-e9/experiments/E9/pipeline_outputs/subaction_99_P01_109_99/candidate_02_frame_015882_left/mask_projection_overlay.png,"(256, 456)",isotropic_e7,True,False
E9,99,P01_109_99,peel potato,peel,potato,['potato'],15883,16103,15882.0,16102.0,3.0,15883.0,left,continuation_entry_rescue,442,4,97,"[177.0, 101.0, 221.0, 156.0]",4.946258656434864,grabcut_fallback,bbox_fallback,fallback_lk,failed,ModuleNotFoundError:No module named 'torch',small_object_whole_mask_allowed,1709,1.0,2475.0,1.0,True,5,0.0,contact_part_mask,26,0,contact_part_local_affine,False,1.0,36,36,36,1.0,0.22519665956497192,5,0.0,2475.0,success,361,0.955671625,,15882.0,earliest_reliable_tracked_reference_no_pre_gap,1.0,contact_part_local_affine,success,5,0.0,0.45453333333333334,,,,,,,success,keep,,5.80544410021305,/Users/huhu/Documents/Code/bishe/vrb/vrbreproduction/outputs/100subaction-e9/experiments/E9/pipeline_outputs/subaction_99_P01_109_99/candidate_03_frame_015883_left,/Users/huhu/Documents/Code/bishe/vrb/vrbreproduction/outputs/100subaction-e9/experiments/E9/pipeline_outputs/subaction_99_P01_109_99/candidate_03_frame_015883_left,/Users/huhu/Documents/Code/bishe/vrb/vrbreproduction/outputs/100subaction-e9/experiments/E9/pipeline_outputs/subaction_99_P01_109_99/candidate_03_frame_015883_left/reference_frame.png,/Users/huhu/Documents/Code/bishe/vrb/vrbreproduction/outputs/100subaction-e9/experiments/E9/pipeline_outputs/subaction_99_P01_109_99/candidate_03_frame_015883_left/label_heatmap_merged_overlay.png,/Users/huhu/Documents/Code/bishe/vrb/vrbreproduction/outputs/100subaction-e9/experiments/E9/pipeline_outputs/subaction_99_P01_109_99/candidate_03_frame_015883_left/vrb_style_affordance.png,6.0,0.0,"[177.04, 100.91, 221.86, 156.1]",/Users/huhu/Documents/Code/bishe/vrb/vrbreproduction/outputs/100subaction-e9/experiments/E9/pipeline_outputs/subaction_99_P01_109_99/candidate_03_frame_015883_left/label_heatmap_merged.npy,/Users/huhu/Documents/Code/bishe/vrb/vrbreproduction/outputs/100subaction-e9/experiments/E9/pipeline_outputs/subaction_99_P01_109_99/candidate_03_frame_015883_left/label_heatmap_merged.png,/Users/huhu/Documents/Code/bishe/vrb/vrbreproduction/outputs/100subaction-e9/experiments/E9/pipeline_outputs/subaction_99_P01_109_99/candidate_03_frame_015883_left/mask_projection_overlay.png,"(256, 456)",isotropic_e7,True,True
