subaction_index,narration_id,narration,verb,noun,frame_0_based,hand,candidate_source,ref_idx,reference_gap,projection_source,projection_method,mask_source_contact,mask_source_reference,tracker_backend,cotracker_init_status,cotracker_init_error,contact_part_prior,contact_part_mask_area,contact_part_mask_area_ratio,reference_part_mask_area,reference_part_mask_area_ratio,part_gate_passed,part_inside_count,part_distance,part_gate_source,part_tracking_point_count,whole_boundary_fallback_point_count,articulated_object,final_quality_score,track_point_count,visible_point_count,affine_inlier_count,affine_inlier_ratio,affine_median_residual,projected_contact_inside_mask_count,projected_contact_to_mask_distance,object_track_confidence,local_flow_steps,local_flow_fb_error,local_flow_points,local_flow_inliers,local_flow_inlier_ratio,local_flow_weighted_residual,sample_score,contact_points,projected_contact_inside_count,reference_hand_overlap_ratio,heatmap_mode,sample_dir,reference_frame,label_heatmap_overlay,vrb_style_affordance,mask_projection_overlay
0,P01_109_0,grab rucksack,grab,rucksack,88.0,left,new_contact_episode,87.0,1.0,contact_part_local_affine,contact_part_local_affine,grabcut_fallback,bbox_fallback,fallback_lk,failed,ModuleNotFoundError:No module named 'torch',contact_local_boundary,6444,0.7983151635282458,6350.0,0.5377710027100271,True,5,0.0,contact_part_mask,26,0,False,0.9963888888888889,36,36,35,0.9722222222222222,0.9961296319961548,5,0.0,0.34195768265117316,,,,,,,6.321838333262337,87,5,0.08355555555555555,isotropic_e7,/Users/huhu/Documents/Code/bishe/vrb/vrbreproduction/outputs/100subaction-e9/experiments/E9/pipeline_outputs/subaction_00_P01_109_0/candidate_00_frame_000088_left,/Users/huhu/Documents/Code/bishe/vrb/vrbreproduction/outputs/100subaction-e9/experiments/E9/pipeline_outputs/subaction_00_P01_109_0/candidate_00_frame_000088_left/reference_frame.png,/Users/huhu/Documents/Code/bishe/vrb/vrbreproduction/outputs/100subaction-e9/experiments/E9/pipeline_outputs/subaction_00_P01_109_0/candidate_00_frame_000088_left/label_heatmap_merged_overlay.png,/Users/huhu/Documents/Code/bishe/vrb/vrbreproduction/outputs/100subaction-e9/experiments/E9/pipeline_outputs/subaction_00_P01_109_0/candidate_00_frame_000088_left/vrb_style_affordance.png,/Users/huhu/Documents/Code/bishe/vrb/vrbreproduction/outputs/100subaction-e9/experiments/E9/pipeline_outputs/subaction_00_P01_109_0/candidate_00_frame_000088_left/mask_projection_overlay.png
0,P01_109_0,grab rucksack,grab,rucksack,90.0,left,new_contact_episode,86.0,4.0,contact_part_local_affine,contact_part_local_affine,grabcut_fallback,bbox_fallback,fallback_lk,failed,ModuleNotFoundError:No module named 'torch',contact_local_boundary,7424,0.8633562042097919,9222.0,0.6540425531914894,True,5,0.0,contact_part_mask,26,0,False,0.9368571428571429,36,35,18,0.5142857142857142,1.4845173358917236,5,0.0,0.34195768265117316,,,,,,,6.036378765637534,193,5,0.06586666666666667,isotropic_e7,/Users/huhu/Documents/Code/bishe/vrb/vrbreproduction/outputs/100subaction-e9/experiments/E9/pipeline_outputs/subaction_00_P01_109_0/candidate_02_frame_000090_left,/Users/huhu/Documents/Code/bishe/vrb/vrbreproduction/outputs/100subaction-e9/experiments/E9/pipeline_outputs/subaction_00_P01_109_0/candidate_02_frame_000090_left/reference_frame.png,/Users/huhu/Documents/Code/bishe/vrb/vrbreproduction/outputs/100subaction-e9/experiments/E9/pipeline_outputs/subaction_00_P01_109_0/candidate_02_frame_000090_left/label_heatmap_merged_overlay.png,/Users/huhu/Documents/Code/bishe/vrb/vrbreproduction/outputs/100subaction-e9/experiments/E9/pipeline_outputs/subaction_00_P01_109_0/candidate_02_frame_000090_left/vrb_style_affordance.png,/Users/huhu/Documents/Code/bishe/vrb/vrbreproduction/outputs/100subaction-e9/experiments/E9/pipeline_outputs/subaction_00_P01_109_0/candidate_02_frame_000090_left/mask_projection_overlay.png
0,P01_109_0,grab rucksack,grab,rucksack,98.0,right,new_contact_episode,97.0,1.0,contact_part_local_affine,contact_part_local_affine,grabcut_fallback,bbox_fallback,fallback_lk,failed,ModuleNotFoundError:No module named 'torch',contact_local_boundary,1060,1.0,1479.0,1.0,True,5,0.0,contact_part_mask,26,0,False,1.0,36,36,36,1.0,1.0863025188446045,5,0.0,0.34195768265117316,,,,,,,6.329110924434662,109,5,0.0672,isotropic_e7,/Users/huhu/Documents/Code/bishe/vrb/vrbreproduction/outputs/100subaction-e9/experiments/E9/pipeline_outputs/subaction_00_P01_109_0/candidate_05_frame_000098_right,/Users/huhu/Documents/Code/bishe/vrb/vrbreproduction/outputs/100subaction-e9/experiments/E9/pipeline_outputs/subaction_00_P01_109_0/candidate_05_frame_000098_right/reference_frame.png,/Users/huhu/Documents/Code/bishe/vrb/vrbreproduction/outputs/100subaction-e9/experiments/E9/pipeline_outputs/subaction_00_P01_109_0/candidate_05_frame_000098_right/label_heatmap_merged_overlay.png,/Users/huhu/Documents/Code/bishe/vrb/vrbreproduction/outputs/100subaction-e9/experiments/E9/pipeline_outputs/subaction_00_P01_109_0/candidate_05_frame_000098_right/vrb_style_affordance.png,/Users/huhu/Documents/Code/bishe/vrb/vrbreproduction/outputs/100subaction-e9/experiments/E9/pipeline_outputs/subaction_00_P01_109_0/candidate_05_frame_000098_right/mask_projection_overlay.png
1,P01_109_1,open rucksack,open,rucksack,170.0,left,new_contact_episode,169.0,1.0,contact_part_local_affine,contact_part_local_affine,grabcut_fallback,bbox_fallback,fallback_lk,failed,ModuleNotFoundError:No module named 'torch',contact_local_boundary,12326,0.7477553991749575,9332.0,0.39758009543285616,True,5,0.0,contact_part_mask,26,0,False,1.0,36,34,34,1.0,1.147273302078247,5,0.0,0.34195768265117316,,,,,,,6.135515134270984,36,5,0.21604444444444446,isotropic_e7,/Users/huhu/Documents/Code/bishe/vrb/vrbreproduction/outputs/100subaction-e9/experiments/E9/pipeline_outputs/subaction_01_P01_109_1/candidate_04_frame_000170_left,/Users/huhu/Documents/Code/bishe/vrb/vrbreproduction/outputs/100subaction-e9/experiments/E9/pipeline_outputs/subaction_01_P01_109_1/candidate_04_frame_000170_left/reference_frame.png,/Users/huhu/Documents/Code/bishe/vrb/vrbreproduction/outputs/100subaction-e9/experiments/E9/pipeline_outputs/subaction_01_P01_109_1/candidate_04_frame_000170_left/label_heatmap_merged_overlay.png,/Users/huhu/Documents/Code/bishe/vrb/vrbreproduction/outputs/100subaction-e9/experiments/E9/pipeline_outputs/subaction_01_P01_109_1/candidate_04_frame_000170_left/vrb_style_affordance.png,/Users/huhu/Documents/Code/bishe/vrb/vrbreproduction/outputs/100subaction-e9/experiments/E9/pipeline_outputs/subaction_01_P01_109_1/candidate_04_frame_000170_left/mask_projection_overlay.png
1,P01_109_1,open rucksack,open,rucksack,178.0,right,new_contact_episode,177.0,1.0,contact_part_local_affine,contact_part_local_affine,grabcut_fallback,bbox_fallback,fallback_lk,failed,ModuleNotFoundError:No module named 'torch',contact_local_boundary,10011,0.7467551842458601,8751.0,0.4373313343328336,True,5,0.0,contact_part_mask,26,0,False,0.9961764705882353,36,34,33,0.9705882352941176,1.2226086854934692,5,0.0,0.34195768265117316,,,,,,,6.129580562964608,52,5,0.20653333333333335,isotropic_e7,/Users/huhu/Documents/Code/bishe/vrb/vrbreproduction/outputs/100subaction-e9/experiments/E9/pipeline_outputs/subaction_01_P01_109_1/candidate_10_frame_000178_right,/Users/huhu/Documents/Code/bishe/vrb/vrbreproduction/outputs/100subaction-e9/experiments/E9/pipeline_outputs/subaction_01_P01_109_1/candidate_10_frame_000178_right/reference_frame.png,/Users/huhu/Documents/Code/bishe/vrb/vrbreproduction/outputs/100subaction-e9/experiments/E9/pipeline_outputs/subaction_01_P01_109_1/candidate_10_frame_000178_right/label_heatmap_merged_overlay.png,/Users/huhu/Documents/Code/bishe/vrb/vrbreproduction/outputs/100subaction-e9/experiments/E9/pipeline_outputs/subaction_01_P01_109_1/candidate_10_frame_000178_right/vrb_style_affordance.png,/Users/huhu/Documents/Code/bishe/vrb/vrbreproduction/outputs/100subaction-e9/experiments/E9/pipeline_outputs/subaction_01_P01_109_1/candidate_10_frame_000178_right/mask_projection_overlay.png
1,P01_109_1,open rucksack,open,rucksack,180.0,right,new_contact_episode,179.0,1.0,contact_part_local_affine,contact_part_local_affine,grabcut_fallback,bbox_fallback,fallback_lk,failed,ModuleNotFoundError:No module named 'torch',contact_local_boundary,10630,0.8201527659902785,9502.0,0.5101744966442953,True,5,0.0,contact_part_mask,26,0,False,0.9921212121212122,36,33,31,0.9393939393939394,1.386329174041748,5,0.0,0.34195768265117316,,,,,,,6.108640427809051,114,5,0.20453333333333334,isotropic_e7,/Users/huhu/Documents/Code/bishe/vrb/vrbreproduction/outputs/100subaction-e9/experiments/E9/pipeline_outputs/subaction_01_P01_109_1/candidate_11_frame_000180_right,/Users/huhu/Documents/Code/bishe/vrb/vrbreproduction/outputs/100subaction-e9/experiments/E9/pipeline_outputs/subaction_01_P01_109_1/candidate_11_frame_000180_right/reference_frame.png,/Users/huhu/Documents/Code/bishe/vrb/vrbreproduction/outputs/100subaction-e9/experiments/E9/pipeline_outputs/subaction_01_P01_109_1/candidate_11_frame_000180_right/label_heatmap_merged_overlay.png,/Users/huhu/Documents/Code/bishe/vrb/vrbreproduction/outputs/100subaction-e9/experiments/E9/pipeline_outputs/subaction_01_P01_109_1/candidate_11_frame_000180_right/vrb_style_affordance.png,/Users/huhu/Documents/Code/bishe/vrb/vrbreproduction/outputs/100subaction-e9/experiments/E9/pipeline_outputs/subaction_01_P01_109_1/candidate_11_frame_000180_right/mask_projection_overlay.png
3,P01_109_3,put down eggs,put-down,egg,363.0,left,new_contact_episode,361.0,2.0,contact_part_local_affine,contact_part_local_affine,grabcut_fallback,bbox_fallback,fallback_lk,failed,ModuleNotFoundError:No module named 'torch',small_object_whole_mask_allowed,7737,0.802676626206038,7147.0,0.5369646882043576,True,5,0.0,contact_part_mask,26,0,False,0.9891666666666667,36,36,33,0.9166666666666666,0.183934286236763,5,0.0,0.3578192275523229,,,,,,,6.375148638079564,100,5,0.016666666666666666,isotropic_e7,/Users/huhu/Documents/Code/bishe/vrb/vrbreproduction/outputs/100subaction-e9/experiments/E9/pipeline_outputs/subaction_03_P01_109_3/candidate_01_frame_000363_left,/Users/huhu/Documents/Code/bishe/vrb/vrbreproduction/outputs/100subaction-e9/experiments/E9/pipeline_outputs/subaction_03_P01_109_3/candidate_01_frame_000363_left/reference_frame.png,/Users/huhu/Documents/Code/bishe/vrb/vrbreproduction/outputs/100subaction-e9/experiments/E9/pipeline_outputs/subaction_03_P01_109_3/candidate_01_frame_000363_left/label_heatmap_merged_overlay.png,/Users/huhu/Documents/Code/bishe/vrb/vrbreproduction/outputs/100subaction-e9/experiments/E9/pipeline_outputs/subaction_03_P01_109_3/candidate_01_frame_000363_left/vrb_style_affordance.png,/Users/huhu/Documents/Code/bishe/vrb/vrbreproduction/outputs/100subaction-e9/experiments/E9/pipeline_outputs/subaction_03_P01_109_3/candidate_01_frame_000363_left/mask_projection_overlay.png
3,P01_109_3,put down eggs,put-down,egg,369.0,left,new_contact_episode,366.0,3.0,contact_part_local_affine,contact_part_local_affine,grabcut_fallback,bbox_fallback,fallback_lk,failed,ModuleNotFoundError:No module named 'torch',small_object_whole_mask_allowed,7995,0.8196637277014558,8372.0,0.5962962962962963,True,5,0.0,contact_part_mask,26,0,False,0.9777142857142858,36,35,29,0.8285714285714286,0.4334525763988495,5,0.0,0.391783634561445,,,,,,,6.287424994136606,130,5,0.051333333333333335,isotropic_e7,/Users/huhu/Documents/Code/bishe/vrb/vrbreproduction/outputs/100subaction-e9/experiments/E9/pipeline_outputs/subaction_03_P01_109_3/candidate_03_frame_000369_left,/Users/huhu/Documents/Code/bishe/vrb/vrbreproduction/outputs/100subaction-e9/experiments/E9/pipeline_outputs/subaction_03_P01_109_3/candidate_03_frame_000369_left/reference_frame.png,/Users/huhu/Documents/Code/bishe/vrb/vrbreproduction/outputs/100subaction-e9/experiments/E9/pipeline_outputs/subaction_03_P01_109_3/candidate_03_frame_000369_left/label_heatmap_merged_overlay.png,/Users/huhu/Documents/Code/bishe/vrb/vrbreproduction/outputs/100subaction-e9/experiments/E9/pipeline_outputs/subaction_03_P01_109_3/candidate_03_frame_000369_left/vrb_style_affordance.png,/Users/huhu/Documents/Code/bishe/vrb/vrbreproduction/outputs/100subaction-e9/experiments/E9/pipeline_outputs/subaction_03_P01_109_3/candidate_03_frame_000369_left/mask_projection_overlay.png
3,P01_109_3,put down eggs,put-down,egg,372.0,right,new_contact_episode,363.0,9.0,contact_part_local_affine,contact_part_local_affine,grabcut_fallback,bbox_fallback,fallback_lk,failed,ModuleNotFoundError:No module named 'torch',small_object_whole_mask_allowed,3738,1.0,8583.0,0.6395678092399404,True,5,0.0,contact_part_mask,26,0,False,0.99,36,26,24,0.9230769230769231,0.6107357144355774,5,0.0,0.4099563326068669,,,,,,,6.368354851643855,112,5,0.008266666666666667,isotropic_e7,/Users/huhu/Documents/Code/bishe/vrb/vrbreproduction/outputs/100subaction-e9/experiments/E9/pipeline_outputs/subaction_03_P01_109_3/candidate_07_frame_000372_right,/Users/huhu/Documents/Code/bishe/vrb/vrbreproduction/outputs/100subaction-e9/experiments/E9/pipeline_outputs/subaction_03_P01_109_3/candidate_07_frame_000372_right/reference_frame.png,/Users/huhu/Documents/Code/bishe/vrb/vrbreproduction/outputs/100subaction-e9/experiments/E9/pipeline_outputs/subaction_03_P01_109_3/candidate_07_frame_000372_right/label_heatmap_merged_overlay.png,/Users/huhu/Documents/Code/bishe/vrb/vrbreproduction/outputs/100subaction-e9/experiments/E9/pipeline_outputs/subaction_03_P01_109_3/candidate_07_frame_000372_right/vrb_style_affordance.png,/Users/huhu/Documents/Code/bishe/vrb/vrbreproduction/outputs/100subaction-e9/experiments/E9/pipeline_outputs/subaction_03_P01_109_3/candidate_07_frame_000372_right/mask_projection_overlay.png
4,P01_109_4,pick up onion and potato,pick-up,onion,423.0,left,continuation_entry_rescue,418.0,5.0,contact_part_local_affine,contact_part_local_affine,grabcut_fallback,bbox_fallback,fallback_lk,failed,ModuleNotFoundError:No module named 'torch',small_object_whole_mask_allowed,1746,0.9988558352402745,2590.0,0.9961538461538462,True,5,0.0,contact_part_mask,26,0,False,0.9675,36,36,27,0.75,2.0837669372558594,5,0.0,0.6451351195242122,,,,,,,6.0054536585489915,59,5,0.16635555555555556,isotropic_e7,/Users/huhu/Documents/Code/bishe/vrb/vrbreproduction/outputs/100subaction-e9/experiments/E9/pipeline_outputs/subaction_04_P01_109_4/candidate_02_frame_000423_left,/Users/huhu/Documents/Code/bishe/vrb/vrbreproduction/outputs/100subaction-e9/experiments/E9/pipeline_outputs/subaction_04_P01_109_4/candidate_02_frame_000423_left/reference_frame.png,/Users/huhu/Documents/Code/bishe/vrb/vrbreproduction/outputs/100subaction-e9/experiments/E9/pipeline_outputs/subaction_04_P01_109_4/candidate_02_frame_000423_left/label_heatmap_merged_overlay.png,/Users/huhu/Documents/Code/bishe/vrb/vrbreproduction/outputs/100subaction-e9/experiments/E9/pipeline_outputs/subaction_04_P01_109_4/candidate_02_frame_000423_left/vrb_style_affordance.png,/Users/huhu/Documents/Code/bishe/vrb/vrbreproduction/outputs/100subaction-e9/experiments/E9/pipeline_outputs/subaction_04_P01_109_4/candidate_02_frame_000423_left/mask_projection_overlay.png
5,P01_109_5,put down onion and potato,put-down,onion,480.0,left,continuation_entry_rescue,456.0,24.0,contact_part_local_affine,contact_part_local_affine,grabcut_fallback,bbox_fallback,fallback_lk,failed,ModuleNotFoundError:No module named 'torch',small_object_whole_mask_allowed,3208,0.8428796636889122,552.0,1.0,True,5,0.0,contact_part_mask,26,0,False,0.9881818181818183,36,22,20,0.9090909090909091,1.3458280563354492,5,0.0,0.6451351195242122,,,,,,,6.160437279522058,47,5,0.06648888888888889,isotropic_e7,/Users/huhu/Documents/Code/bishe/vrb/vrbreproduction/outputs/100subaction-e9/experiments/E9/pipeline_outputs/subaction_05_P01_109_5/candidate_03_frame_000480_left,/Users/huhu/Documents/Code/bishe/vrb/vrbreproduction/outputs/100subaction-e9/experiments/E9/pipeline_outputs/subaction_05_P01_109_5/candidate_03_frame_000480_left/reference_frame.png,/Users/huhu/Documents/Code/bishe/vrb/vrbreproduction/outputs/100subaction-e9/experiments/E9/pipeline_outputs/subaction_05_P01_109_5/candidate_03_frame_000480_left/label_heatmap_merged_overlay.png,/Users/huhu/Documents/Code/bishe/vrb/vrbreproduction/outputs/100subaction-e9/experiments/E9/pipeline_outputs/subaction_05_P01_109_5/candidate_03_frame_000480_left/vrb_style_affordance.png,/Users/huhu/Documents/Code/bishe/vrb/vrbreproduction/outputs/100subaction-e9/experiments/E9/pipeline_outputs/subaction_05_P01_109_5/candidate_03_frame_000480_left/mask_projection_overlay.png
6,P01_109_8,pick up potato,pick-up,potato,527.0,right,new_contact_episode,516.0,11.0,contact_part_local_affine,contact_part_local_affine,grabcut_fallback,bbox_fallback,fallback_lk,failed,ModuleNotFoundError:No module named 'torch',small_object_whole_mask_allowed,192,1.0,7085.0,0.6598062953995157,True,5,0.0,contact_part_mask,26,0,False,0.9891666666666667,36,12,11,0.9166666666666666,1.2590056657791138,5,0.0,0.5371707625918725,,,,,,,6.015394097460439,69,5,0.058355555555555556,isotropic_e7,/Users/huhu/Documents/Code/bishe/vrb/vrbreproduction/outputs/100subaction-e9/experiments/E9/pipeline_outputs/subaction_06_P01_109_8/candidate_00_frame_000527_right,/Users/huhu/Documents/Code/bishe/vrb/vrbreproduction/outputs/100subaction-e9/experiments/E9/pipeline_outputs/subaction_06_P01_109_8/candidate_00_frame_000527_right/reference_frame.png,/Users/huhu/Documents/Code/bishe/vrb/vrbreproduction/outputs/100subaction-e9/experiments/E9/pipeline_outputs/subaction_06_P01_109_8/candidate_00_frame_000527_right/label_heatmap_merged_overlay.png,/Users/huhu/Documents/Code/bishe/vrb/vrbreproduction/outputs/100subaction-e9/experiments/E9/pipeline_outputs/subaction_06_P01_109_8/candidate_00_frame_000527_right/vrb_style_affordance.png,/Users/huhu/Documents/Code/bishe/vrb/vrbreproduction/outputs/100subaction-e9/experiments/E9/pipeline_outputs/subaction_06_P01_109_8/candidate_00_frame_000527_right/mask_projection_overlay.png
6,P01_109_8,pick up potato,pick-up,potato,529.0,left,new_contact_episode,528.0,1.0,contact_part_local_affine,contact_part_local_affine,grabcut_fallback,bbox_fallback,fallback_lk,failed,ModuleNotFoundError:No module named 'torch',small_object_whole_mask_allowed,1334,1.0,2381.0,0.9077392298894396,True,5,0.0,contact_part_mask,26,0,False,1.0,36,36,36,1.0,0.5695262551307678,5,0.0,0.5371707625918725,,,,,,,6.162780879012742,25,5,0.20942222222222223,isotropic_e7,/Users/huhu/Documents/Code/bishe/vrb/vrbreproduction/outputs/100subaction-e9/experiments/E9/pipeline_outputs/subaction_06_P01_109_8/candidate_04_frame_000529_left,/Users/huhu/Documents/Code/bishe/vrb/vrbreproduction/outputs/100subaction-e9/experiments/E9/pipeline_outputs/subaction_06_P01_109_8/candidate_04_frame_000529_left/reference_frame.png,/Users/huhu/Documents/Code/bishe/vrb/vrbreproduction/outputs/100subaction-e9/experiments/E9/pipeline_outputs/subaction_06_P01_109_8/candidate_04_frame_000529_left/label_heatmap_merged_overlay.png,/Users/huhu/Documents/Code/bishe/vrb/vrbreproduction/outputs/100subaction-e9/experiments/E9/pipeline_outputs/subaction_06_P01_109_8/candidate_04_frame_000529_left/vrb_style_affordance.png,/Users/huhu/Documents/Code/bishe/vrb/vrbreproduction/outputs/100subaction-e9/experiments/E9/pipeline_outputs/subaction_06_P01_109_8/candidate_04_frame_000529_left/mask_projection_overlay.png
7,P01_109_6,pick up potatoes,pick-up,potato,543.0,left,continuation_entry_rescue,542.0,1.0,contact_part_local_affine,contact_part_local_affine,grabcut_fallback,bbox_fallback,fallback_lk,failed,ModuleNotFoundError:No module named 'torch',small_object_whole_mask_allowed,14506,0.7455797697368421,9713.0,0.4783786446020489,True,4,0.0,contact_part_mask,26,0,False,0.9124999999999999,36,35,35,1.0,0.4716931879520416,4,0.0,0.5371707625918725,,,,,,,5.925182537694771,18,4,0.08644444444444445,isotropic_e7,/Users/huhu/Documents/Code/bishe/vrb/vrbreproduction/outputs/100subaction-e9/experiments/E9/pipeline_outputs/subaction_07_P01_109_6/candidate_03_frame_000543_left,/Users/huhu/Documents/Code/bishe/vrb/vrbreproduction/outputs/100subaction-e9/experiments/E9/pipeline_outputs/subaction_07_P01_109_6/candidate_03_frame_000543_left/reference_frame.png,/Users/huhu/Documents/Code/bishe/vrb/vrbreproduction/outputs/100subaction-e9/experiments/E9/pipeline_outputs/subaction_07_P01_109_6/candidate_03_frame_000543_left/label_heatmap_merged_overlay.png,/Users/huhu/Documents/Code/bishe/vrb/vrbreproduction/outputs/100subaction-e9/experiments/E9/pipeline_outputs/subaction_07_P01_109_6/candidate_03_frame_000543_left/vrb_style_affordance.png,/Users/huhu/Documents/Code/bishe/vrb/vrbreproduction/outputs/100subaction-e9/experiments/E9/pipeline_outputs/subaction_07_P01_109_6/candidate_03_frame_000543_left/mask_projection_overlay.png
8,P01_109_7,put down potatoes,put-down,potato,645.0,left,new_contact_episode,644.0,1.0,contact_part_local_affine,contact_part_local_affine,grabcut_fallback,bbox_fallback,fallback_lk,failed,ModuleNotFoundError:No module named 'torch',small_object_whole_mask_allowed,13142,0.6392023346303501,7681.0,0.5578068264342774,True,5,0.0,contact_part_mask,26,0,False,1.0,36,36,36,1.0,0.8186648488044739,5,0.0,0.5371707625918725,,,,,,,6.252306721202531,84,5,0.14475555555555555,isotropic_e7,/Users/huhu/Documents/Code/bishe/vrb/vrbreproduction/outputs/100subaction-e9/experiments/E9/pipeline_outputs/subaction_08_P01_109_7/candidate_07_frame_000645_left,/Users/huhu/Documents/Code/bishe/vrb/vrbreproduction/outputs/100subaction-e9/experiments/E9/pipeline_outputs/subaction_08_P01_109_7/candidate_07_frame_000645_left/reference_frame.png,/Users/huhu/Documents/Code/bishe/vrb/vrbreproduction/outputs/100subaction-e9/experiments/E9/pipeline_outputs/subaction_08_P01_109_7/candidate_07_frame_000645_left/label_heatmap_merged_overlay.png,/Users/huhu/Documents/Code/bishe/vrb/vrbreproduction/outputs/100subaction-e9/experiments/E9/pipeline_outputs/subaction_08_P01_109_7/candidate_07_frame_000645_left/vrb_style_affordance.png,/Users/huhu/Documents/Code/bishe/vrb/vrbreproduction/outputs/100subaction-e9/experiments/E9/pipeline_outputs/subaction_08_P01_109_7/candidate_07_frame_000645_left/mask_projection_overlay.png
8,P01_109_7,put down potatoes,put-down,potato,647.0,left,new_contact_episode,646.0,1.0,contact_part_local_affine,contact_part_local_affine,grabcut_fallback,bbox_fallback,fallback_lk,failed,ModuleNotFoundError:No module named 'torch',small_object_whole_mask_allowed,12686,0.761007798440312,10238.0,0.5156124093473006,True,5,0.0,contact_part_mask,26,0,False,1.0,36,36,36,1.0,0.4067462086677551,5,0.0,0.5371707625918725,,,,,,,6.2064642804066334,48,5,0.18355555555555556,isotropic_e7,/Users/huhu/Documents/Code/bishe/vrb/vrbreproduction/outputs/100subaction-e9/experiments/E9/pipeline_outputs/subaction_08_P01_109_7/candidate_09_frame_000647_left,/Users/huhu/Documents/Code/bishe/vrb/vrbreproduction/outputs/100subaction-e9/experiments/E9/pipeline_outputs/subaction_08_P01_109_7/candidate_09_frame_000647_left/reference_frame.png,/Users/huhu/Documents/Code/bishe/vrb/vrbreproduction/outputs/100subaction-e9/experiments/E9/pipeline_outputs/subaction_08_P01_109_7/candidate_09_frame_000647_left/label_heatmap_merged_overlay.png,/Users/huhu/Documents/Code/bishe/vrb/vrbreproduction/outputs/100subaction-e9/experiments/E9/pipeline_outputs/subaction_08_P01_109_7/candidate_09_frame_000647_left/vrb_style_affordance.png,/Users/huhu/Documents/Code/bishe/vrb/vrbreproduction/outputs/100subaction-e9/experiments/E9/pipeline_outputs/subaction_08_P01_109_7/candidate_09_frame_000647_left/mask_projection_overlay.png
8,P01_109_7,put down potatoes,put-down,potato,657.0,left,new_contact_episode,654.0,3.0,contact_part_local_affine,contact_part_local_affine,grabcut_fallback,bbox_fallback,fallback_lk,failed,ModuleNotFoundError:No module named 'torch',small_object_whole_mask_allowed,13704,0.6314334423812377,10190.0,0.4445510862926446,True,5,0.0,contact_part_mask,26,0,False,0.9855555555555556,36,36,32,0.8888888888888888,0.4570823311805725,5,0.0,0.5371707625918725,,,,,,,6.271509752286806,78,5,0.086,isotropic_e7,/Users/huhu/Documents/Code/bishe/vrb/vrbreproduction/outputs/100subaction-e9/experiments/E9/pipeline_outputs/subaction_08_P01_109_7/candidate_11_frame_000657_left,/Users/huhu/Documents/Code/bishe/vrb/vrbreproduction/outputs/100subaction-e9/experiments/E9/pipeline_outputs/subaction_08_P01_109_7/candidate_11_frame_000657_left/reference_frame.png,/Users/huhu/Documents/Code/bishe/vrb/vrbreproduction/outputs/100subaction-e9/experiments/E9/pipeline_outputs/subaction_08_P01_109_7/candidate_11_frame_000657_left/label_heatmap_merged_overlay.png,/Users/huhu/Documents/Code/bishe/vrb/vrbreproduction/outputs/100subaction-e9/experiments/E9/pipeline_outputs/subaction_08_P01_109_7/candidate_11_frame_000657_left/vrb_style_affordance.png,/Users/huhu/Documents/Code/bishe/vrb/vrbreproduction/outputs/100subaction-e9/experiments/E9/pipeline_outputs/subaction_08_P01_109_7/candidate_11_frame_000657_left/mask_projection_overlay.png
9,P01_109_9,put down potato,put-down,potato,645.0,left,new_contact_episode,644.0,1.0,contact_part_local_affine,contact_part_local_affine,grabcut_fallback,bbox_fallback,fallback_lk,failed,ModuleNotFoundError:No module named 'torch',small_object_whole_mask_allowed,13142,0.6392023346303501,7681.0,0.5578068264342774,True,5,0.0,contact_part_mask,26,0,False,1.0,36,36,36,1.0,0.8186648488044739,5,0.0,0.5371707625918725,,,,,,,6.252306721202531,84,5,0.14475555555555555,isotropic_e7,/Users/huhu/Documents/Code/bishe/vrb/vrbreproduction/outputs/100subaction-e9/experiments/E9/pipeline_outputs/subaction_09_P01_109_9/candidate_07_frame_000645_left,/Users/huhu/Documents/Code/bishe/vrb/vrbreproduction/outputs/100subaction-e9/experiments/E9/pipeline_outputs/subaction_09_P01_109_9/candidate_07_frame_000645_left/reference_frame.png,/Users/huhu/Documents/Code/bishe/vrb/vrbreproduction/outputs/100subaction-e9/experiments/E9/pipeline_outputs/subaction_09_P01_109_9/candidate_07_frame_000645_left/label_heatmap_merged_overlay.png,/Users/huhu/Documents/Code/bishe/vrb/vrbreproduction/outputs/100subaction-e9/experiments/E9/pipeline_outputs/subaction_09_P01_109_9/candidate_07_frame_000645_left/vrb_style_affordance.png,/Users/huhu/Documents/Code/bishe/vrb/vrbreproduction/outputs/100subaction-e9/experiments/E9/pipeline_outputs/subaction_09_P01_109_9/candidate_07_frame_000645_left/mask_projection_overlay.png
9,P01_109_9,put down potato,put-down,potato,647.0,left,new_contact_episode,646.0,1.0,contact_part_local_affine,contact_part_local_affine,grabcut_fallback,bbox_fallback,fallback_lk,failed,ModuleNotFoundError:No module named 'torch',small_object_whole_mask_allowed,12686,0.761007798440312,10238.0,0.5156124093473006,True,5,0.0,contact_part_mask,26,0,False,1.0,36,36,36,1.0,0.4067462086677551,5,0.0,0.5371707625918725,,,,,,,6.2064642804066334,48,5,0.18355555555555556,isotropic_e7,/Users/huhu/Documents/Code/bishe/vrb/vrbreproduction/outputs/100subaction-e9/experiments/E9/pipeline_outputs/subaction_09_P01_109_9/candidate_09_frame_000647_left,/Users/huhu/Documents/Code/bishe/vrb/vrbreproduction/outputs/100subaction-e9/experiments/E9/pipeline_outputs/subaction_09_P01_109_9/candidate_09_frame_000647_left/reference_frame.png,/Users/huhu/Documents/Code/bishe/vrb/vrbreproduction/outputs/100subaction-e9/experiments/E9/pipeline_outputs/subaction_09_P01_109_9/candidate_09_frame_000647_left/label_heatmap_merged_overlay.png,/Users/huhu/Documents/Code/bishe/vrb/vrbreproduction/outputs/100subaction-e9/experiments/E9/pipeline_outputs/subaction_09_P01_109_9/candidate_09_frame_000647_left/vrb_style_affordance.png,/Users/huhu/Documents/Code/bishe/vrb/vrbreproduction/outputs/100subaction-e9/experiments/E9/pipeline_outputs/subaction_09_P01_109_9/candidate_09_frame_000647_left/mask_projection_overlay.png
9,P01_109_9,put down potato,put-down,potato,657.0,left,new_contact_episode,654.0,3.0,contact_part_local_affine,contact_part_local_affine,grabcut_fallback,bbox_fallback,fallback_lk,failed,ModuleNotFoundError:No module named 'torch',small_object_whole_mask_allowed,13704,0.6314334423812377,10190.0,0.4445510862926446,True,5,0.0,contact_part_mask,26,0,False,0.9855555555555556,36,36,32,0.8888888888888888,0.4570823311805725,5,0.0,0.5371707625918725,,,,,,,6.271509752286806,78,5,0.086,isotropic_e7,/Users/huhu/Documents/Code/bishe/vrb/vrbreproduction/outputs/100subaction-e9/experiments/E9/pipeline_outputs/subaction_09_P01_109_9/candidate_11_frame_000657_left,/Users/huhu/Documents/Code/bishe/vrb/vrbreproduction/outputs/100subaction-e9/experiments/E9/pipeline_outputs/subaction_09_P01_109_9/candidate_11_frame_000657_left/reference_frame.png,/Users/huhu/Documents/Code/bishe/vrb/vrbreproduction/outputs/100subaction-e9/experiments/E9/pipeline_outputs/subaction_09_P01_109_9/candidate_11_frame_000657_left/label_heatmap_merged_overlay.png,/Users/huhu/Documents/Code/bishe/vrb/vrbreproduction/outputs/100subaction-e9/experiments/E9/pipeline_outputs/subaction_09_P01_109_9/candidate_11_frame_000657_left/vrb_style_affordance.png,/Users/huhu/Documents/Code/bishe/vrb/vrbreproduction/outputs/100subaction-e9/experiments/E9/pipeline_outputs/subaction_09_P01_109_9/candidate_11_frame_000657_left/mask_projection_overlay.png
10,P01_109_10,pick up beers,pick-up,beer,776.0,left,new_contact_episode,775.0,1.0,contact_part_local_affine,contact_part_local_affine,grabcut_fallback,bbox_fallback,fallback_lk,failed,ModuleNotFoundError:No module named 'torch',contact_local_boundary,14717,0.5571455612341473,13309.0,0.31879371466896617,True,4,0.0,contact_part_mask,26,0,False,0.9124999999999999,36,36,36,1.0,0.23976609110832214,4,0.0,0.5371707625918725,,,,,,,5.94620701726675,8,4,0.07706666666666667,isotropic_e7,/Users/huhu/Documents/Code/bishe/vrb/vrbreproduction/outputs/100subaction-e9/experiments/E9/pipeline_outputs/subaction_10_P01_109_10/candidate_02_frame_000776_left,/Users/huhu/Documents/Code/bishe/vrb/vrbreproduction/outputs/100subaction-e9/experiments/E9/pipeline_outputs/subaction_10_P01_109_10/candidate_02_frame_000776_left/reference_frame.png,/Users/huhu/Documents/Code/bishe/vrb/vrbreproduction/outputs/100subaction-e9/experiments/E9/pipeline_outputs/subaction_10_P01_109_10/candidate_02_frame_000776_left/label_heatmap_merged_overlay.png,/Users/huhu/Documents/Code/bishe/vrb/vrbreproduction/outputs/100subaction-e9/experiments/E9/pipeline_outputs/subaction_10_P01_109_10/candidate_02_frame_000776_left/vrb_style_affordance.png,/Users/huhu/Documents/Code/bishe/vrb/vrbreproduction/outputs/100subaction-e9/experiments/E9/pipeline_outputs/subaction_10_P01_109_10/candidate_02_frame_000776_left/mask_projection_overlay.png
10,P01_109_10,pick up beers,pick-up,beer,785.0,left,new_contact_episode,776.0,9.0,contact_part_local_affine,contact_part_local_affine,grabcut_fallback,bbox_fallback,fallback_lk,failed,ModuleNotFoundError:No module named 'torch',contact_local_boundary,2080,0.9223946784922394,10100.0,0.4429630279373712,True,4,0.0,contact_part_mask,26,0,False,0.8944444444444444,36,36,31,0.8611111111111112,1.2167563438415527,4,0.0,0.5371707625918725,,,,,,,5.734241754129198,14,4,0.11035555555555555,isotropic_e7,/Users/huhu/Documents/Code/bishe/vrb/vrbreproduction/outputs/100subaction-e9/experiments/E9/pipeline_outputs/subaction_10_P01_109_10/candidate_06_frame_000785_left,/Users/huhu/Documents/Code/bishe/vrb/vrbreproduction/outputs/100subaction-e9/experiments/E9/pipeline_outputs/subaction_10_P01_109_10/candidate_06_frame_000785_left/reference_frame.png,/Users/huhu/Documents/Code/bishe/vrb/vrbreproduction/outputs/100subaction-e9/experiments/E9/pipeline_outputs/subaction_10_P01_109_10/candidate_06_frame_000785_left/label_heatmap_merged_overlay.png,/Users/huhu/Documents/Code/bishe/vrb/vrbreproduction/outputs/100subaction-e9/experiments/E9/pipeline_outputs/subaction_10_P01_109_10/candidate_06_frame_000785_left/vrb_style_affordance.png,/Users/huhu/Documents/Code/bishe/vrb/vrbreproduction/outputs/100subaction-e9/experiments/E9/pipeline_outputs/subaction_10_P01_109_10/candidate_06_frame_000785_left/mask_projection_overlay.png
12,P01_109_12,open drawer,open,drawer,1070.0,left,new_contact_episode,1068.0,2.0,contact_part_local_affine,contact_part_local_affine,grabcut_fallback,bbox_fallback,fallback_lk,failed,ModuleNotFoundError:No module named 'torch',panel_edge_or_handle,3012,0.8051323175621492,2268.0,0.31671554252199413,True,5,0.0,contact_part_mask,26,0,True,1.0,36,36,36,1.0,0.12381590902805328,5,0.0,0.4161993224435197,,,,,,,6.452785522729158,63,5,0.0,isotropic_e7,/Users/huhu/Documents/Code/bishe/vrb/vrbreproduction/outputs/100subaction-e9/experiments/E9/pipeline_outputs/subaction_12_P01_109_12/candidate_00_frame_001070_left,/Users/huhu/Documents/Code/bishe/vrb/vrbreproduction/outputs/100subaction-e9/experiments/E9/pipeline_outputs/subaction_12_P01_109_12/candidate_00_frame_001070_left/reference_frame.png,/Users/huhu/Documents/Code/bishe/vrb/vrbreproduction/outputs/100subaction-e9/experiments/E9/pipeline_outputs/subaction_12_P01_109_12/candidate_00_frame_001070_left/label_heatmap_merged_overlay.png,/Users/huhu/Documents/Code/bishe/vrb/vrbreproduction/outputs/100subaction-e9/experiments/E9/pipeline_outputs/subaction_12_P01_109_12/candidate_00_frame_001070_left/vrb_style_affordance.png,/Users/huhu/Documents/Code/bishe/vrb/vrbreproduction/outputs/100subaction-e9/experiments/E9/pipeline_outputs/subaction_12_P01_109_12/candidate_00_frame_001070_left/mask_projection_overlay.png
12,P01_109_12,open drawer,open,drawer,1072.0,left,new_contact_episode,1071.0,1.0,contact_part_local_affine,contact_part_local_affine,grabcut_fallback,bbox_fallback,fallback_lk,failed,ModuleNotFoundError:No module named 'torch',panel_edge_or_handle,3103,0.8299010430596416,2321.0,0.31655755591925805,True,5,0.0,contact_part_mask,26,0,True,1.0,36,36,36,1.0,0.06590138375759125,5,0.0,0.4161993224435197,,,,,,,6.436289625153938,59,5,0.03715555555555555,isotropic_e7,/Users/huhu/Documents/Code/bishe/vrb/vrbreproduction/outputs/100subaction-e9/experiments/E9/pipeline_outputs/subaction_12_P01_109_12/candidate_02_frame_001072_left,/Users/huhu/Documents/Code/bishe/vrb/vrbreproduction/outputs/100subaction-e9/experiments/E9/pipeline_outputs/subaction_12_P01_109_12/candidate_02_frame_001072_left/reference_frame.png,/Users/huhu/Documents/Code/bishe/vrb/vrbreproduction/outputs/100subaction-e9/experiments/E9/pipeline_outputs/subaction_12_P01_109_12/candidate_02_frame_001072_left/label_heatmap_merged_overlay.png,/Users/huhu/Documents/Code/bishe/vrb/vrbreproduction/outputs/100subaction-e9/experiments/E9/pipeline_outputs/subaction_12_P01_109_12/candidate_02_frame_001072_left/vrb_style_affordance.png,/Users/huhu/Documents/Code/bishe/vrb/vrbreproduction/outputs/100subaction-e9/experiments/E9/pipeline_outputs/subaction_12_P01_109_12/candidate_02_frame_001072_left/mask_projection_overlay.png
13,P01_109_13,put beer into drawer,put-into,beer,1182.0,right,new_contact_episode,1179.0,3.0,contact_part_local_affine,contact_part_local_affine,grabcut_fallback,bbox_fallback,fallback_lk,failed,ModuleNotFoundError:No module named 'torch',panel_edge_or_handle,2843,0.706159960258321,2848.0,0.7074018877297565,True,5,0.0,contact_part_mask,26,0,True,0.9963888888888889,36,36,35,0.9722222222222222,0.6278829574584961,5,0.0,0.6928464959274072,,,,,,,6.213729479331801,26,5,0.09293333333333334,isotropic_e7,/Users/huhu/Documents/Code/bishe/vrb/vrbreproduction/outputs/100subaction-e9/experiments/E9/pipeline_outputs/subaction_13_P01_109_13/candidate_02_frame_001182_right,/Users/huhu/Documents/Code/bishe/vrb/vrbreproduction/outputs/100subaction-e9/experiments/E9/pipeline_outputs/subaction_13_P01_109_13/candidate_02_frame_001182_right/reference_frame.png,/Users/huhu/Documents/Code/bishe/vrb/vrbreproduction/outputs/100subaction-e9/experiments/E9/pipeline_outputs/subaction_13_P01_109_13/candidate_02_frame_001182_right/label_heatmap_merged_overlay.png,/Users/huhu/Documents/Code/bishe/vrb/vrbreproduction/outputs/100subaction-e9/experiments/E9/pipeline_outputs/subaction_13_P01_109_13/candidate_02_frame_001182_right/vrb_style_affordance.png,/Users/huhu/Documents/Code/bishe/vrb/vrbreproduction/outputs/100subaction-e9/experiments/E9/pipeline_outputs/subaction_13_P01_109_13/candidate_02_frame_001182_right/mask_projection_overlay.png
13,P01_109_13,put beer into drawer,put-into,beer,1201.0,left,new_contact_episode,1200.0,1.0,contact_part_local_affine,contact_part_local_affine,grabcut_fallback,bbox_fallback,fallback_lk,failed,ModuleNotFoundError:No module named 'torch',panel_edge_or_handle,3052,0.4289529163738581,2160.0,0.19987045433515313,True,5,0.0,contact_part_mask,26,0,True,1.0,36,34,34,1.0,0.5680743455886841,5,0.0,0.4161993224435197,,,,,,,6.380124436299005,39,5,0.043555555555555556,isotropic_e7,/Users/huhu/Documents/Code/bishe/vrb/vrbreproduction/outputs/100subaction-e9/experiments/E9/pipeline_outputs/subaction_13_P01_109_13/candidate_03_frame_001201_left,/Users/huhu/Documents/Code/bishe/vrb/vrbreproduction/outputs/100subaction-e9/experiments/E9/pipeline_outputs/subaction_13_P01_109_13/candidate_03_frame_001201_left/reference_frame.png,/Users/huhu/Documents/Code/bishe/vrb/vrbreproduction/outputs/100subaction-e9/experiments/E9/pipeline_outputs/subaction_13_P01_109_13/candidate_03_frame_001201_left/label_heatmap_merged_overlay.png,/Users/huhu/Documents/Code/bishe/vrb/vrbreproduction/outputs/100subaction-e9/experiments/E9/pipeline_outputs/subaction_13_P01_109_13/candidate_03_frame_001201_left/vrb_style_affordance.png,/Users/huhu/Documents/Code/bishe/vrb/vrbreproduction/outputs/100subaction-e9/experiments/E9/pipeline_outputs/subaction_13_P01_109_13/candidate_03_frame_001201_left/mask_projection_overlay.png
13,P01_109_13,put beer into drawer,put-into,beer,1259.0,right,new_contact_episode,1257.0,2.0,contact_part_local_affine,contact_part_local_affine,grabcut_fallback,bbox_fallback,fallback_lk,failed,ModuleNotFoundError:No module named 'torch',panel_edge_or_handle,3271,0.5000764409111756,3692.0,0.38314653383146535,True,5,0.0,contact_part_mask,26,0,True,0.9962857142857143,36,35,34,0.9714285714285714,0.7096609473228455,5,0.0,0.4161993224435197,,,,,,,6.4492816001517435,139,5,0.0,isotropic_e7,/Users/huhu/Documents/Code/bishe/vrb/vrbreproduction/outputs/100subaction-e9/experiments/E9/pipeline_outputs/subaction_13_P01_109_13/candidate_10_frame_001259_right,/Users/huhu/Documents/Code/bishe/vrb/vrbreproduction/outputs/100subaction-e9/experiments/E9/pipeline_outputs/subaction_13_P01_109_13/candidate_10_frame_001259_right/reference_frame.png,/Users/huhu/Documents/Code/bishe/vrb/vrbreproduction/outputs/100subaction-e9/experiments/E9/pipeline_outputs/subaction_13_P01_109_13/candidate_10_frame_001259_right/label_heatmap_merged_overlay.png,/Users/huhu/Documents/Code/bishe/vrb/vrbreproduction/outputs/100subaction-e9/experiments/E9/pipeline_outputs/subaction_13_P01_109_13/candidate_10_frame_001259_right/vrb_style_affordance.png,/Users/huhu/Documents/Code/bishe/vrb/vrbreproduction/outputs/100subaction-e9/experiments/E9/pipeline_outputs/subaction_13_P01_109_13/candidate_10_frame_001259_right/mask_projection_overlay.png
14,P01_109_14,put beer into drawer,put-into,beer,1259.0,right,new_contact_episode,1257.0,2.0,contact_part_local_affine,contact_part_local_affine,grabcut_fallback,bbox_fallback,fallback_lk,failed,ModuleNotFoundError:No module named 'torch',panel_edge_or_handle,3271,0.5000764409111756,3692.0,0.38314653383146535,True,5,0.0,contact_part_mask,26,0,True,0.9962857142857143,36,35,34,0.9714285714285714,0.7096609473228455,5,0.0,0.4161993224435197,,,,,,,6.4492816001517435,139,5,0.0,isotropic_e7,/Users/huhu/Documents/Code/bishe/vrb/vrbreproduction/outputs/100subaction-e9/experiments/E9/pipeline_outputs/subaction_14_P01_109_14/candidate_01_frame_001259_right,/Users/huhu/Documents/Code/bishe/vrb/vrbreproduction/outputs/100subaction-e9/experiments/E9/pipeline_outputs/subaction_14_P01_109_14/candidate_01_frame_001259_right/reference_frame.png,/Users/huhu/Documents/Code/bishe/vrb/vrbreproduction/outputs/100subaction-e9/experiments/E9/pipeline_outputs/subaction_14_P01_109_14/candidate_01_frame_001259_right/label_heatmap_merged_overlay.png,/Users/huhu/Documents/Code/bishe/vrb/vrbreproduction/outputs/100subaction-e9/experiments/E9/pipeline_outputs/subaction_14_P01_109_14/candidate_01_frame_001259_right/vrb_style_affordance.png,/Users/huhu/Documents/Code/bishe/vrb/vrbreproduction/outputs/100subaction-e9/experiments/E9/pipeline_outputs/subaction_14_P01_109_14/candidate_01_frame_001259_right/mask_projection_overlay.png
14,P01_109_14,put beer into drawer,put-into,beer,1261.0,left,new_contact_episode,1259.0,2.0,contact_part_local_affine,contact_part_local_affine,grabcut_fallback,bbox_fallback,fallback_lk,failed,ModuleNotFoundError:No module named 'torch',panel_edge_or_handle,1467,0.3296629213483146,2010.0,0.261038961038961,True,5,0.0,contact_part_mask,26,0,True,1.0,36,36,36,1.0,0.2514219582080841,5,0.0,0.4161993224435197,,,,,,,6.205757341253758,30,5,0.16213333333333332,isotropic_e7,/Users/huhu/Documents/Code/bishe/vrb/vrbreproduction/outputs/100subaction-e9/experiments/E9/pipeline_outputs/subaction_14_P01_109_14/candidate_04_frame_001261_left,/Users/huhu/Documents/Code/bishe/vrb/vrbreproduction/outputs/100subaction-e9/experiments/E9/pipeline_outputs/subaction_14_P01_109_14/candidate_04_frame_001261_left/reference_frame.png,/Users/huhu/Documents/Code/bishe/vrb/vrbreproduction/outputs/100subaction-e9/experiments/E9/pipeline_outputs/subaction_14_P01_109_14/candidate_04_frame_001261_left/label_heatmap_merged_overlay.png,/Users/huhu/Documents/Code/bishe/vrb/vrbreproduction/outputs/100subaction-e9/experiments/E9/pipeline_outputs/subaction_14_P01_109_14/candidate_04_frame_001261_left/vrb_style_affordance.png,/Users/huhu/Documents/Code/bishe/vrb/vrbreproduction/outputs/100subaction-e9/experiments/E9/pipeline_outputs/subaction_14_P01_109_14/candidate_04_frame_001261_left/mask_projection_overlay.png
14,P01_109_14,put beer into drawer,put-into,beer,1271.0,right,new_contact_episode,1269.0,2.0,contact_part_local_affine,contact_part_local_affine,grabcut_fallback,bbox_fallback,fallback_lk,failed,ModuleNotFoundError:No module named 'torch',panel_edge_or_handle,3345,0.7009639564124057,4402.0,0.4881889763779528,True,5,0.0,contact_part_mask,26,0,True,0.9943478260869566,36,23,22,0.9565217391304348,1.9155746698379517,5,0.0,0.4161993224435197,,,,,,,6.372511020774427,172,5,0.0,isotropic_e7,/Users/huhu/Documents/Code/bishe/vrb/vrbreproduction/outputs/100subaction-e9/experiments/E9/pipeline_outputs/subaction_14_P01_109_14/candidate_09_frame_001271_right,/Users/huhu/Documents/Code/bishe/vrb/vrbreproduction/outputs/100subaction-e9/experiments/E9/pipeline_outputs/subaction_14_P01_109_14/candidate_09_frame_001271_right/reference_frame.png,/Users/huhu/Documents/Code/bishe/vrb/vrbreproduction/outputs/100subaction-e9/experiments/E9/pipeline_outputs/subaction_14_P01_109_14/candidate_09_frame_001271_right/label_heatmap_merged_overlay.png,/Users/huhu/Documents/Code/bishe/vrb/vrbreproduction/outputs/100subaction-e9/experiments/E9/pipeline_outputs/subaction_14_P01_109_14/candidate_09_frame_001271_right/vrb_style_affordance.png,/Users/huhu/Documents/Code/bishe/vrb/vrbreproduction/outputs/100subaction-e9/experiments/E9/pipeline_outputs/subaction_14_P01_109_14/candidate_09_frame_001271_right/mask_projection_overlay.png
15,P01_109_15,put beer into drawer,put-into,beer,1298.0,left,continuation_entry_rescue,1297.0,1.0,contact_part_local_affine,contact_part_local_affine,grabcut_fallback,bbox_fallback,fallback_lk,failed,ModuleNotFoundError:No module named 'torch',panel_edge_or_handle,3772,0.6412784767086025,4333.0,0.28298066875653083,True,5,0.0,contact_part_mask,26,0,True,1.0,36,36,36,1.0,0.46611982583999634,5,0.0,0.4161993224435197,,,,,,,6.251616405224799,76,5,0.15226666666666666,isotropic_e7,/Users/huhu/Documents/Code/bishe/vrb/vrbreproduction/outputs/100subaction-e9/experiments/E9/pipeline_outputs/subaction_15_P01_109_15/candidate_03_frame_001298_left,/Users/huhu/Documents/Code/bishe/vrb/vrbreproduction/outputs/100subaction-e9/experiments/E9/pipeline_outputs/subaction_15_P01_109_15/candidate_03_frame_001298_left/reference_frame.png,/Users/huhu/Documents/Code/bishe/vrb/vrbreproduction/outputs/100subaction-e9/experiments/E9/pipeline_outputs/subaction_15_P01_109_15/candidate_03_frame_001298_left/label_heatmap_merged_overlay.png,/Users/huhu/Documents/Code/bishe/vrb/vrbreproduction/outputs/100subaction-e9/experiments/E9/pipeline_outputs/subaction_15_P01_109_15/candidate_03_frame_001298_left/vrb_style_affordance.png,/Users/huhu/Documents/Code/bishe/vrb/vrbreproduction/outputs/100subaction-e9/experiments/E9/pipeline_outputs/subaction_15_P01_109_15/candidate_03_frame_001298_left/mask_projection_overlay.png
16,P01_109_16,close drawer,close,drawer,1345.0,left,new_contact_episode,1344.0,1.0,contact_part_local_affine,contact_part_local_affine,grabcut_fallback,bbox_fallback,fallback_lk,failed,ModuleNotFoundError:No module named 'torch',panel_edge_or_handle,5154,0.26089597570235384,5833.0,0.14202580959337716,True,5,0.0,contact_part_mask,26,0,True,0.9963888888888889,36,36,35,0.9722222222222222,0.5656654238700867,5,0.0,0.4161993224435197,,,,,,,6.027485592839453,101,5,0.2884,isotropic_e7,/Users/huhu/Documents/Code/bishe/vrb/vrbreproduction/outputs/100subaction-e9/experiments/E9/pipeline_outputs/subaction_16_P01_109_16/candidate_00_frame_001345_left,/Users/huhu/Documents/Code/bishe/vrb/vrbreproduction/outputs/100subaction-e9/experiments/E9/pipeline_outputs/subaction_16_P01_109_16/candidate_00_frame_001345_left/reference_frame.png,/Users/huhu/Documents/Code/bishe/vrb/vrbreproduction/outputs/100subaction-e9/experiments/E9/pipeline_outputs/subaction_16_P01_109_16/candidate_00_frame_001345_left/label_heatmap_merged_overlay.png,/Users/huhu/Documents/Code/bishe/vrb/vrbreproduction/outputs/100subaction-e9/experiments/E9/pipeline_outputs/subaction_16_P01_109_16/candidate_00_frame_001345_left/vrb_style_affordance.png,/Users/huhu/Documents/Code/bishe/vrb/vrbreproduction/outputs/100subaction-e9/experiments/E9/pipeline_outputs/subaction_16_P01_109_16/candidate_00_frame_001345_left/mask_projection_overlay.png
16,P01_109_16,close drawer,close,drawer,1347.0,left,new_contact_episode,1344.0,3.0,contact_part_local_affine,contact_part_local_affine,grabcut_fallback,bbox_fallback,fallback_lk,failed,ModuleNotFoundError:No module named 'torch',panel_edge_or_handle,4915,0.21513612886282063,6199.0,0.1473321449792038,True,5,0.0,contact_part_mask,26,0,True,0.9808823529411765,36,34,29,0.8529411764705882,1.6732085943222046,5,0.0,0.4161993224435197,,,,,,,5.919097859817394,106,5,0.282,isotropic_e7,/Users/huhu/Documents/Code/bishe/vrb/vrbreproduction/outputs/100subaction-e9/experiments/E9/pipeline_outputs/subaction_16_P01_109_16/candidate_02_frame_001347_left,/Users/huhu/Documents/Code/bishe/vrb/vrbreproduction/outputs/100subaction-e9/experiments/E9/pipeline_outputs/subaction_16_P01_109_16/candidate_02_frame_001347_left/reference_frame.png,/Users/huhu/Documents/Code/bishe/vrb/vrbreproduction/outputs/100subaction-e9/experiments/E9/pipeline_outputs/subaction_16_P01_109_16/candidate_02_frame_001347_left/label_heatmap_merged_overlay.png,/Users/huhu/Documents/Code/bishe/vrb/vrbreproduction/outputs/100subaction-e9/experiments/E9/pipeline_outputs/subaction_16_P01_109_16/candidate_02_frame_001347_left/vrb_style_affordance.png,/Users/huhu/Documents/Code/bishe/vrb/vrbreproduction/outputs/100subaction-e9/experiments/E9/pipeline_outputs/subaction_16_P01_109_16/candidate_02_frame_001347_left/mask_projection_overlay.png
16,P01_109_16,close drawer,close,drawer,1353.0,right,new_contact_episode,1352.0,1.0,contact_part_local_affine,contact_part_local_affine,grabcut_fallback,bbox_fallback,fallback_lk,failed,ModuleNotFoundError:No module named 'torch',panel_edge_or_handle,4568,0.21104181104181105,5027.0,0.17971542971542973,True,5,0.0,contact_part_mask,26,0,True,1.0,36,36,36,1.0,0.28891611099243164,5,0.0,0.4161993224435197,,,,,,,6.0473325166702265,167,5,0.292,isotropic_e7,/Users/huhu/Documents/Code/bishe/vrb/vrbreproduction/outputs/100subaction-e9/experiments/E9/pipeline_outputs/subaction_16_P01_109_16/candidate_06_frame_001353_right,/Users/huhu/Documents/Code/bishe/vrb/vrbreproduction/outputs/100subaction-e9/experiments/E9/pipeline_outputs/subaction_16_P01_109_16/candidate_06_frame_001353_right/reference_frame.png,/Users/huhu/Documents/Code/bishe/vrb/vrbreproduction/outputs/100subaction-e9/experiments/E9/pipeline_outputs/subaction_16_P01_109_16/candidate_06_frame_001353_right/label_heatmap_merged_overlay.png,/Users/huhu/Documents/Code/bishe/vrb/vrbreproduction/outputs/100subaction-e9/experiments/E9/pipeline_outputs/subaction_16_P01_109_16/candidate_06_frame_001353_right/vrb_style_affordance.png,/Users/huhu/Documents/Code/bishe/vrb/vrbreproduction/outputs/100subaction-e9/experiments/E9/pipeline_outputs/subaction_16_P01_109_16/candidate_06_frame_001353_right/mask_projection_overlay.png
17,P01_109_17,close freezer,close,freezer,1422.0,left,new_contact_episode,1421.0,1.0,contact_part_local_affine,contact_part_local_affine,grabcut_fallback,bbox_fallback,fallback_lk,failed,ModuleNotFoundError:No module named 'torch',panel_edge_or_handle,3457,0.1316902213249019,3727.0,0.08520804755372656,True,5,0.0,contact_part_mask,26,0,True,0.9921212121212122,36,33,31,0.9393939393939394,0.808269739151001,5,0.0,0.44213657927888206,,,,,,,6.267782210855772,121,5,0.11,isotropic_e7,/Users/huhu/Documents/Code/bishe/vrb/vrbreproduction/outputs/100subaction-e9/experiments/E9/pipeline_outputs/subaction_17_P01_109_17/candidate_00_frame_001422_left,/Users/huhu/Documents/Code/bishe/vrb/vrbreproduction/outputs/100subaction-e9/experiments/E9/pipeline_outputs/subaction_17_P01_109_17/candidate_00_frame_001422_left/reference_frame.png,/Users/huhu/Documents/Code/bishe/vrb/vrbreproduction/outputs/100subaction-e9/experiments/E9/pipeline_outputs/subaction_17_P01_109_17/candidate_00_frame_001422_left/label_heatmap_merged_overlay.png,/Users/huhu/Documents/Code/bishe/vrb/vrbreproduction/outputs/100subaction-e9/experiments/E9/pipeline_outputs/subaction_17_P01_109_17/candidate_00_frame_001422_left/vrb_style_affordance.png,/Users/huhu/Documents/Code/bishe/vrb/vrbreproduction/outputs/100subaction-e9/experiments/E9/pipeline_outputs/subaction_17_P01_109_17/candidate_00_frame_001422_left/mask_projection_overlay.png
17,P01_109_17,close freezer,close,freezer,1424.0,left,new_contact_episode,1421.0,3.0,contact_part_local_affine,contact_part_local_affine,grabcut_fallback,bbox_fallback,fallback_lk,failed,ModuleNotFoundError:No module named 'torch',panel_edge_or_handle,4456,0.18804861580013504,4421.0,0.10122263943584578,True,5,0.0,contact_part_mask,26,0,True,0.9620833333333334,36,24,17,0.7083333333333334,2.208895683288574,5,0.0,0.44213657927888206,,,,,,,6.072816462834677,105,5,0.11,isotropic_e7,/Users/huhu/Documents/Code/bishe/vrb/vrbreproduction/outputs/100subaction-e9/experiments/E9/pipeline_outputs/subaction_17_P01_109_17/candidate_02_frame_001424_left,/Users/huhu/Documents/Code/bishe/vrb/vrbreproduction/outputs/100subaction-e9/experiments/E9/pipeline_outputs/subaction_17_P01_109_17/candidate_02_frame_001424_left/reference_frame.png,/Users/huhu/Documents/Code/bishe/vrb/vrbreproduction/outputs/100subaction-e9/experiments/E9/pipeline_outputs/subaction_17_P01_109_17/candidate_02_frame_001424_left/label_heatmap_merged_overlay.png,/Users/huhu/Documents/Code/bishe/vrb/vrbreproduction/outputs/100subaction-e9/experiments/E9/pipeline_outputs/subaction_17_P01_109_17/candidate_02_frame_001424_left/vrb_style_affordance.png,/Users/huhu/Documents/Code/bishe/vrb/vrbreproduction/outputs/100subaction-e9/experiments/E9/pipeline_outputs/subaction_17_P01_109_17/candidate_02_frame_001424_left/mask_projection_overlay.png
18,P01_109_18,pick up rucksack,pick-up,rucksack,1496.0,right,new_contact_episode,1495.0,1.0,contact_part_local_affine,contact_part_local_affine,grabcut_fallback,bbox_fallback,fallback_lk,failed,ModuleNotFoundError:No module named 'torch',contact_local_boundary,11310,0.47942011784154975,12333.0,0.44562075444428384,True,5,0.0,contact_part_mask,26,0,False,1.0,36,35,35,1.0,0.8803531527519226,5,0.0,0.44213657927888206,,,,,,,6.312922738750775,252,5,0.10311111111111111,isotropic_e7,/Users/huhu/Documents/Code/bishe/vrb/vrbreproduction/outputs/100subaction-e9/experiments/E9/pipeline_outputs/subaction_18_P01_109_18/candidate_00_frame_001496_right,/Users/huhu/Documents/Code/bishe/vrb/vrbreproduction/outputs/100subaction-e9/experiments/E9/pipeline_outputs/subaction_18_P01_109_18/candidate_00_frame_001496_right/reference_frame.png,/Users/huhu/Documents/Code/bishe/vrb/vrbreproduction/outputs/100subaction-e9/experiments/E9/pipeline_outputs/subaction_18_P01_109_18/candidate_00_frame_001496_right/label_heatmap_merged_overlay.png,/Users/huhu/Documents/Code/bishe/vrb/vrbreproduction/outputs/100subaction-e9/experiments/E9/pipeline_outputs/subaction_18_P01_109_18/candidate_00_frame_001496_right/vrb_style_affordance.png,/Users/huhu/Documents/Code/bishe/vrb/vrbreproduction/outputs/100subaction-e9/experiments/E9/pipeline_outputs/subaction_18_P01_109_18/candidate_00_frame_001496_right/mask_projection_overlay.png
18,P01_109_18,pick up rucksack,pick-up,rucksack,1498.0,right,new_contact_episode,1495.0,3.0,contact_part_local_affine,contact_part_local_affine,grabcut_fallback,bbox_fallback,fallback_lk,failed,ModuleNotFoundError:No module named 'torch',contact_local_boundary,11945,0.4778,12287.0,0.43401624867537975,True,5,0.0,contact_part_mask,26,0,False,0.9777142857142858,36,35,29,0.8285714285714286,1.4602785110473633,5,0.0,0.44213657927888206,,,,,,,6.178953549430484,259,5,0.10311111111111111,isotropic_e7,/Users/huhu/Documents/Code/bishe/vrb/vrbreproduction/outputs/100subaction-e9/experiments/E9/pipeline_outputs/subaction_18_P01_109_18/candidate_02_frame_001498_right,/Users/huhu/Documents/Code/bishe/vrb/vrbreproduction/outputs/100subaction-e9/experiments/E9/pipeline_outputs/subaction_18_P01_109_18/candidate_02_frame_001498_right/reference_frame.png,/Users/huhu/Documents/Code/bishe/vrb/vrbreproduction/outputs/100subaction-e9/experiments/E9/pipeline_outputs/subaction_18_P01_109_18/candidate_02_frame_001498_right/label_heatmap_merged_overlay.png,/Users/huhu/Documents/Code/bishe/vrb/vrbreproduction/outputs/100subaction-e9/experiments/E9/pipeline_outputs/subaction_18_P01_109_18/candidate_02_frame_001498_right/vrb_style_affordance.png,/Users/huhu/Documents/Code/bishe/vrb/vrbreproduction/outputs/100subaction-e9/experiments/E9/pipeline_outputs/subaction_18_P01_109_18/candidate_02_frame_001498_right/mask_projection_overlay.png
18,P01_109_18,pick up rucksack,pick-up,rucksack,1518.0,right,new_contact_episode,1517.0,1.0,contact_part_local_affine,contact_part_local_affine,grabcut_fallback,bbox_fallback,fallback_lk,failed,ModuleNotFoundError:No module named 'torch',contact_local_boundary,8453,0.6600296712735223,9301.0,0.5663743758372914,True,5,0.0,contact_part_mask,26,0,False,0.9925714285714287,36,35,33,0.9428571428571428,1.2957451343536377,5,0.0,0.5142734949771753,,,,,,,6.2730705031122485,142,5,0.09813333333333334,isotropic_e7,/Users/huhu/Documents/Code/bishe/vrb/vrbreproduction/outputs/100subaction-e9/experiments/E9/pipeline_outputs/subaction_18_P01_109_18/candidate_03_frame_001518_right,/Users/huhu/Documents/Code/bishe/vrb/vrbreproduction/outputs/100subaction-e9/experiments/E9/pipeline_outputs/subaction_18_P01_109_18/candidate_03_frame_001518_right/reference_frame.png,/Users/huhu/Documents/Code/bishe/vrb/vrbreproduction/outputs/100subaction-e9/experiments/E9/pipeline_outputs/subaction_18_P01_109_18/candidate_03_frame_001518_right/label_heatmap_merged_overlay.png,/Users/huhu/Documents/Code/bishe/vrb/vrbreproduction/outputs/100subaction-e9/experiments/E9/pipeline_outputs/subaction_18_P01_109_18/candidate_03_frame_001518_right/vrb_style_affordance.png,/Users/huhu/Documents/Code/bishe/vrb/vrbreproduction/outputs/100subaction-e9/experiments/E9/pipeline_outputs/subaction_18_P01_109_18/candidate_03_frame_001518_right/mask_projection_overlay.png
20,P01_109_20,close door,close,door,1906.0,right,new_contact_episode,1905.0,1.0,contact_part_local_affine,contact_part_local_affine,grabcut_fallback,bbox_fallback,fallback_lk,failed,ModuleNotFoundError:No module named 'torch',panel_edge_or_handle,2797,0.19103886346561028,4813.0,0.28412042502951596,True,5,0.0,contact_part_mask,26,0,True,1.0,36,32,32,1.0,0.38745832443237305,5,0.0,0.21688926096391722,,,,,,,6.335176250267028,52,5,0.09813333333333334,isotropic_e7,/Users/huhu/Documents/Code/bishe/vrb/vrbreproduction/outputs/100subaction-e9/experiments/E9/pipeline_outputs/subaction_20_P01_109_20/candidate_11_frame_001906_right,/Users/huhu/Documents/Code/bishe/vrb/vrbreproduction/outputs/100subaction-e9/experiments/E9/pipeline_outputs/subaction_20_P01_109_20/candidate_11_frame_001906_right/reference_frame.png,/Users/huhu/Documents/Code/bishe/vrb/vrbreproduction/outputs/100subaction-e9/experiments/E9/pipeline_outputs/subaction_20_P01_109_20/candidate_11_frame_001906_right/label_heatmap_merged_overlay.png,/Users/huhu/Documents/Code/bishe/vrb/vrbreproduction/outputs/100subaction-e9/experiments/E9/pipeline_outputs/subaction_20_P01_109_20/candidate_11_frame_001906_right/vrb_style_affordance.png,/Users/huhu/Documents/Code/bishe/vrb/vrbreproduction/outputs/100subaction-e9/experiments/E9/pipeline_outputs/subaction_20_P01_109_20/candidate_11_frame_001906_right/mask_projection_overlay.png
23,P01_109_23,pick up spoon,pick-up,spoon,2214.0,right,new_contact_episode,2212.0,2.0,contact_part_local_affine,contact_part_local_affine,grabcut_fallback,bbox_fallback,fallback_lk,failed,ModuleNotFoundError:No module named 'torch',contact_local_boundary,10045,0.5353336175655511,13773.0,0.4401303805962995,True,5,0.0,contact_part_mask,26,0,False,0.9706451612903225,36,31,24,0.7741935483870968,0.1689404547214508,5,0.0,0.19172068432777054,,,,,,,6.019329017541152,194,5,0.17555555555555555,isotropic_e7,/Users/huhu/Documents/Code/bishe/vrb/vrbreproduction/outputs/100subaction-e9/experiments/E9/pipeline_outputs/subaction_23_P01_109_23/candidate_01_frame_002214_right,/Users/huhu/Documents/Code/bishe/vrb/vrbreproduction/outputs/100subaction-e9/experiments/E9/pipeline_outputs/subaction_23_P01_109_23/candidate_01_frame_002214_right/reference_frame.png,/Users/huhu/Documents/Code/bishe/vrb/vrbreproduction/outputs/100subaction-e9/experiments/E9/pipeline_outputs/subaction_23_P01_109_23/candidate_01_frame_002214_right/label_heatmap_merged_overlay.png,/Users/huhu/Documents/Code/bishe/vrb/vrbreproduction/outputs/100subaction-e9/experiments/E9/pipeline_outputs/subaction_23_P01_109_23/candidate_01_frame_002214_right/vrb_style_affordance.png,/Users/huhu/Documents/Code/bishe/vrb/vrbreproduction/outputs/100subaction-e9/experiments/E9/pipeline_outputs/subaction_23_P01_109_23/candidate_01_frame_002214_right/mask_projection_overlay.png
27,P01_109_27,pour hand wash,pour,wash:hand,2468.0,right,new_contact_episode,2467.0,1.0,contact_part_local_affine,contact_part_local_affine,grabcut_fallback,bbox_fallback,fallback_lk,failed,ModuleNotFoundError:No module named 'torch',contact_local_boundary,1598,1.0,1632.0,1.0,True,5,0.0,contact_part_mask,26,0,False,1.0,36,36,36,1.0,0.6601669788360596,5,0.0,0.2081649469166817,,,,,,,6.308294990634917,19,5,0.0896,isotropic_e7,/Users/huhu/Documents/Code/bishe/vrb/vrbreproduction/outputs/100subaction-e9/experiments/E9/pipeline_outputs/subaction_27_P01_109_27/candidate_00_frame_002468_right,/Users/huhu/Documents/Code/bishe/vrb/vrbreproduction/outputs/100subaction-e9/experiments/E9/pipeline_outputs/subaction_27_P01_109_27/candidate_00_frame_002468_right/reference_frame.png,/Users/huhu/Documents/Code/bishe/vrb/vrbreproduction/outputs/100subaction-e9/experiments/E9/pipeline_outputs/subaction_27_P01_109_27/candidate_00_frame_002468_right/label_heatmap_merged_overlay.png,/Users/huhu/Documents/Code/bishe/vrb/vrbreproduction/outputs/100subaction-e9/experiments/E9/pipeline_outputs/subaction_27_P01_109_27/candidate_00_frame_002468_right/vrb_style_affordance.png,/Users/huhu/Documents/Code/bishe/vrb/vrbreproduction/outputs/100subaction-e9/experiments/E9/pipeline_outputs/subaction_27_P01_109_27/candidate_00_frame_002468_right/mask_projection_overlay.png
27,P01_109_27,pour hand wash,pour,wash:hand,2477.0,right,new_contact_episode,2475.0,2.0,contact_part_local_affine,contact_part_local_affine,grabcut_fallback,bbox_fallback,fallback_lk,failed,ModuleNotFoundError:No module named 'torch',contact_local_boundary,1924,1.0,2583.0,1.0,True,5,0.0,contact_part_mask,26,0,False,1.0,36,36,36,1.0,0.7065554857254028,5,0.0,0.2081649469166817,,,,,,,6.330136668761571,27,5,0.09111111111111111,isotropic_e7,/Users/huhu/Documents/Code/bishe/vrb/vrbreproduction/outputs/100subaction-e9/experiments/E9/pipeline_outputs/subaction_27_P01_109_27/candidate_04_frame_002477_right,/Users/huhu/Documents/Code/bishe/vrb/vrbreproduction/outputs/100subaction-e9/experiments/E9/pipeline_outputs/subaction_27_P01_109_27/candidate_04_frame_002477_right/reference_frame.png,/Users/huhu/Documents/Code/bishe/vrb/vrbreproduction/outputs/100subaction-e9/experiments/E9/pipeline_outputs/subaction_27_P01_109_27/candidate_04_frame_002477_right/label_heatmap_merged_overlay.png,/Users/huhu/Documents/Code/bishe/vrb/vrbreproduction/outputs/100subaction-e9/experiments/E9/pipeline_outputs/subaction_27_P01_109_27/candidate_04_frame_002477_right/vrb_style_affordance.png,/Users/huhu/Documents/Code/bishe/vrb/vrbreproduction/outputs/100subaction-e9/experiments/E9/pipeline_outputs/subaction_27_P01_109_27/candidate_04_frame_002477_right/mask_projection_overlay.png
27,P01_109_27,pour hand wash,pour,wash:hand,2484.0,right,new_contact_episode,2483.0,1.0,contact_part_local_affine,contact_part_local_affine,grabcut_fallback,bbox_fallback,fallback_lk,failed,ModuleNotFoundError:No module named 'torch',contact_local_boundary,2242,0.9614065180102916,2242.0,0.9614065180102916,True,5,0.0,contact_part_mask,26,0,False,1.0,36,36,36,1.0,0.2717146873474121,5,0.0,0.2081649469166817,,,,,,,6.319148559379577,69,5,0.09013333333333333,isotropic_e7,/Users/huhu/Documents/Code/bishe/vrb/vrbreproduction/outputs/100subaction-e9/experiments/E9/pipeline_outputs/subaction_27_P01_109_27/candidate_06_frame_002484_right,/Users/huhu/Documents/Code/bishe/vrb/vrbreproduction/outputs/100subaction-e9/experiments/E9/pipeline_outputs/subaction_27_P01_109_27/candidate_06_frame_002484_right/reference_frame.png,/Users/huhu/Documents/Code/bishe/vrb/vrbreproduction/outputs/100subaction-e9/experiments/E9/pipeline_outputs/subaction_27_P01_109_27/candidate_06_frame_002484_right/label_heatmap_merged_overlay.png,/Users/huhu/Documents/Code/bishe/vrb/vrbreproduction/outputs/100subaction-e9/experiments/E9/pipeline_outputs/subaction_27_P01_109_27/candidate_06_frame_002484_right/vrb_style_affordance.png,/Users/huhu/Documents/Code/bishe/vrb/vrbreproduction/outputs/100subaction-e9/experiments/E9/pipeline_outputs/subaction_27_P01_109_27/candidate_06_frame_002484_right/mask_projection_overlay.png
28,P01_109_28,wash hands,wash,hand,2484.0,right,new_contact_episode,2483.0,1.0,contact_part_local_affine,contact_part_local_affine,grabcut_fallback,bbox_fallback,fallback_lk,failed,ModuleNotFoundError:No module named 'torch',contact_local_boundary,2242,0.9614065180102916,2242.0,0.9614065180102916,True,5,0.0,contact_part_mask,26,0,False,1.0,36,36,36,1.0,0.2717146873474121,5,0.0,0.2081649469166817,,,,,,,6.319148559379577,69,5,0.09013333333333333,isotropic_e7,/Users/huhu/Documents/Code/bishe/vrb/vrbreproduction/outputs/100subaction-e9/experiments/E9/pipeline_outputs/subaction_28_P01_109_28/candidate_00_frame_002484_right,/Users/huhu/Documents/Code/bishe/vrb/vrbreproduction/outputs/100subaction-e9/experiments/E9/pipeline_outputs/subaction_28_P01_109_28/candidate_00_frame_002484_right/reference_frame.png,/Users/huhu/Documents/Code/bishe/vrb/vrbreproduction/outputs/100subaction-e9/experiments/E9/pipeline_outputs/subaction_28_P01_109_28/candidate_00_frame_002484_right/label_heatmap_merged_overlay.png,/Users/huhu/Documents/Code/bishe/vrb/vrbreproduction/outputs/100subaction-e9/experiments/E9/pipeline_outputs/subaction_28_P01_109_28/candidate_00_frame_002484_right/vrb_style_affordance.png,/Users/huhu/Documents/Code/bishe/vrb/vrbreproduction/outputs/100subaction-e9/experiments/E9/pipeline_outputs/subaction_28_P01_109_28/candidate_00_frame_002484_right/mask_projection_overlay.png
31,P01_109_31,turn off tap,turn-off,tap,2968.0,left,new_contact_episode,2967.0,1.0,contact_part_local_affine,contact_part_local_affine,grabcut_fallback,bbox_fallback,fallback_lk,failed,ModuleNotFoundError:No module named 'torch',tap_knob_or_spout_edge,22,1.0,4910.0,0.8551027516544758,True,5,0.0,contact_part_mask,22,0,False,1.0,36,36,36,1.0,0.30633580684661865,5,0.0,0.773420926196382,,,,,,,6.3624099257946005,21,5,0.0816,isotropic_e7,/Users/huhu/Documents/Code/bishe/vrb/vrbreproduction/outputs/100subaction-e9/experiments/E9/pipeline_outputs/subaction_31_P01_109_31/candidate_00_frame_002968_left,/Users/huhu/Documents/Code/bishe/vrb/vrbreproduction/outputs/100subaction-e9/experiments/E9/pipeline_outputs/subaction_31_P01_109_31/candidate_00_frame_002968_left/reference_frame.png,/Users/huhu/Documents/Code/bishe/vrb/vrbreproduction/outputs/100subaction-e9/experiments/E9/pipeline_outputs/subaction_31_P01_109_31/candidate_00_frame_002968_left/label_heatmap_merged_overlay.png,/Users/huhu/Documents/Code/bishe/vrb/vrbreproduction/outputs/100subaction-e9/experiments/E9/pipeline_outputs/subaction_31_P01_109_31/candidate_00_frame_002968_left/vrb_style_affordance.png,/Users/huhu/Documents/Code/bishe/vrb/vrbreproduction/outputs/100subaction-e9/experiments/E9/pipeline_outputs/subaction_31_P01_109_31/candidate_00_frame_002968_left/mask_projection_overlay.png
31,P01_109_31,turn off tap,turn-off,tap,2978.0,left,new_contact_episode,2977.0,1.0,contact_part_local_affine,contact_part_local_affine,grabcut_fallback,bbox_fallback,fallback_lk,failed,ModuleNotFoundError:No module named 'torch',tap_knob_or_spout_edge,3431,0.6320928518791452,3533.0,0.6653483992467043,True,5,0.0,contact_part_mask,26,0,False,1.0,36,36,36,1.0,0.5267390608787537,5,0.0,0.7543074510206053,,,,,,,6.365397828173636,19,5,0.0752,isotropic_e7,/Users/huhu/Documents/Code/bishe/vrb/vrbreproduction/outputs/100subaction-e9/experiments/E9/pipeline_outputs/subaction_31_P01_109_31/candidate_03_frame_002978_left,/Users/huhu/Documents/Code/bishe/vrb/vrbreproduction/outputs/100subaction-e9/experiments/E9/pipeline_outputs/subaction_31_P01_109_31/candidate_03_frame_002978_left/reference_frame.png,/Users/huhu/Documents/Code/bishe/vrb/vrbreproduction/outputs/100subaction-e9/experiments/E9/pipeline_outputs/subaction_31_P01_109_31/candidate_03_frame_002978_left/label_heatmap_merged_overlay.png,/Users/huhu/Documents/Code/bishe/vrb/vrbreproduction/outputs/100subaction-e9/experiments/E9/pipeline_outputs/subaction_31_P01_109_31/candidate_03_frame_002978_left/vrb_style_affordance.png,/Users/huhu/Documents/Code/bishe/vrb/vrbreproduction/outputs/100subaction-e9/experiments/E9/pipeline_outputs/subaction_31_P01_109_31/candidate_03_frame_002978_left/mask_projection_overlay.png
31,P01_109_31,turn off tap,turn-off,tap,2980.0,left,new_contact_episode,2977.0,3.0,contact_part_local_affine,contact_part_local_affine,grabcut_fallback,bbox_fallback,fallback_lk,failed,ModuleNotFoundError:No module named 'torch',tap_knob_or_spout_edge,3420,0.6440677966101694,3558.0,0.6775852218625024,True,5,0.0,contact_part_mask,26,0,False,0.9927777777777778,36,36,34,0.9444444444444444,1.1739418506622314,5,0.0,0.7543074510206053,,,,,,,6.300092855591244,19,5,0.0752,isotropic_e7,/Users/huhu/Documents/Code/bishe/vrb/vrbreproduction/outputs/100subaction-e9/experiments/E9/pipeline_outputs/subaction_31_P01_109_31/candidate_05_frame_002980_left,/Users/huhu/Documents/Code/bishe/vrb/vrbreproduction/outputs/100subaction-e9/experiments/E9/pipeline_outputs/subaction_31_P01_109_31/candidate_05_frame_002980_left/reference_frame.png,/Users/huhu/Documents/Code/bishe/vrb/vrbreproduction/outputs/100subaction-e9/experiments/E9/pipeline_outputs/subaction_31_P01_109_31/candidate_05_frame_002980_left/label_heatmap_merged_overlay.png,/Users/huhu/Documents/Code/bishe/vrb/vrbreproduction/outputs/100subaction-e9/experiments/E9/pipeline_outputs/subaction_31_P01_109_31/candidate_05_frame_002980_left/vrb_style_affordance.png,/Users/huhu/Documents/Code/bishe/vrb/vrbreproduction/outputs/100subaction-e9/experiments/E9/pipeline_outputs/subaction_31_P01_109_31/candidate_05_frame_002980_left/mask_projection_overlay.png
32,P01_109_32,shake hands,shake,hand,3010.0,left,new_contact_episode,2990.0,20.0,contact_part_local_affine,contact_part_local_affine,grabcut_fallback,bbox_fallback,fallback_lk,failed,ModuleNotFoundError:No module named 'torch',contact_local_boundary,9582,0.502122307813237,9823.0,0.38359106529209624,True,5,0.0,contact_part_mask,26,0,False,0.935,36,12,6,0.5,1.5732932090759277,5,0.0,0.6057073726004573,,,,,,,5.728822525362201,212,5,0.09742222222222222,isotropic_e7,/Users/huhu/Documents/Code/bishe/vrb/vrbreproduction/outputs/100subaction-e9/experiments/E9/pipeline_outputs/subaction_32_P01_109_32/candidate_01_frame_003010_left,/Users/huhu/Documents/Code/bishe/vrb/vrbreproduction/outputs/100subaction-e9/experiments/E9/pipeline_outputs/subaction_32_P01_109_32/candidate_01_frame_003010_left/reference_frame.png,/Users/huhu/Documents/Code/bishe/vrb/vrbreproduction/outputs/100subaction-e9/experiments/E9/pipeline_outputs/subaction_32_P01_109_32/candidate_01_frame_003010_left/label_heatmap_merged_overlay.png,/Users/huhu/Documents/Code/bishe/vrb/vrbreproduction/outputs/100subaction-e9/experiments/E9/pipeline_outputs/subaction_32_P01_109_32/candidate_01_frame_003010_left/vrb_style_affordance.png,/Users/huhu/Documents/Code/bishe/vrb/vrbreproduction/outputs/100subaction-e9/experiments/E9/pipeline_outputs/subaction_32_P01_109_32/candidate_01_frame_003010_left/mask_projection_overlay.png
33,P01_109_33,pick up cloth,pick-up,cloth,3089.0,left,new_contact_episode,3087.0,2.0,contact_part_local_affine,contact_part_local_affine,grabcut_fallback,bbox_fallback,fallback_lk,failed,ModuleNotFoundError:No module named 'torch',contact_local_boundary,2635,0.8932203389830509,2671.0,0.9216701173222912,True,5,0.0,contact_part_mask,26,0,False,1.0,36,36,36,1.0,0.7535691261291504,5,0.0,0.2271414305349922,,,,,,,6.356459592882791,48,5,0.07262222222222223,isotropic_e7,/Users/huhu/Documents/Code/bishe/vrb/vrbreproduction/outputs/100subaction-e9/experiments/E9/pipeline_outputs/subaction_33_P01_109_33/candidate_01_frame_003089_left,/Users/huhu/Documents/Code/bishe/vrb/vrbreproduction/outputs/100subaction-e9/experiments/E9/pipeline_outputs/subaction_33_P01_109_33/candidate_01_frame_003089_left/reference_frame.png,/Users/huhu/Documents/Code/bishe/vrb/vrbreproduction/outputs/100subaction-e9/experiments/E9/pipeline_outputs/subaction_33_P01_109_33/candidate_01_frame_003089_left/label_heatmap_merged_overlay.png,/Users/huhu/Documents/Code/bishe/vrb/vrbreproduction/outputs/100subaction-e9/experiments/E9/pipeline_outputs/subaction_33_P01_109_33/candidate_01_frame_003089_left/vrb_style_affordance.png,/Users/huhu/Documents/Code/bishe/vrb/vrbreproduction/outputs/100subaction-e9/experiments/E9/pipeline_outputs/subaction_33_P01_109_33/candidate_01_frame_003089_left/mask_projection_overlay.png
33,P01_109_33,pick up cloth,pick-up,cloth,3122.0,left,new_contact_episode,3119.0,3.0,contact_part_local_affine,contact_part_local_affine,grabcut_fallback,bbox_fallback,fallback_lk,failed,ModuleNotFoundError:No module named 'torch',contact_local_boundary,1968,1.0,3422.0,1.0,True,5,0.0,contact_part_mask,26,0,False,1.0,36,36,36,1.0,0.8827023506164551,5,0.0,0.2271414305349922,,,,,,,6.362429341981506,89,5,0.0,isotropic_e7,/Users/huhu/Documents/Code/bishe/vrb/vrbreproduction/outputs/100subaction-e9/experiments/E9/pipeline_outputs/subaction_33_P01_109_33/candidate_04_frame_003122_left,/Users/huhu/Documents/Code/bishe/vrb/vrbreproduction/outputs/100subaction-e9/experiments/E9/pipeline_outputs/subaction_33_P01_109_33/candidate_04_frame_003122_left/reference_frame.png,/Users/huhu/Documents/Code/bishe/vrb/vrbreproduction/outputs/100subaction-e9/experiments/E9/pipeline_outputs/subaction_33_P01_109_33/candidate_04_frame_003122_left/label_heatmap_merged_overlay.png,/Users/huhu/Documents/Code/bishe/vrb/vrbreproduction/outputs/100subaction-e9/experiments/E9/pipeline_outputs/subaction_33_P01_109_33/candidate_04_frame_003122_left/vrb_style_affordance.png,/Users/huhu/Documents/Code/bishe/vrb/vrbreproduction/outputs/100subaction-e9/experiments/E9/pipeline_outputs/subaction_33_P01_109_33/candidate_04_frame_003122_left/mask_projection_overlay.png
33,P01_109_33,pick up cloth,pick-up,cloth,3137.0,right,new_contact_episode,3128.0,9.0,contact_part_local_affine,contact_part_local_affine,grabcut_fallback,bbox_fallback,fallback_lk,failed,ModuleNotFoundError:No module named 'torch',contact_local_boundary,1534,1.0,3134.0,0.9949206349206349,True,5,0.0,contact_part_mask,26,0,False,0.962857142857143,36,21,15,0.7142857142857143,1.1660245656967163,5,0.0,0.2271414305349922,,,,,,,6.1299406761864965,93,5,0.0,isotropic_e7,/Users/huhu/Documents/Code/bishe/vrb/vrbreproduction/outputs/100subaction-e9/experiments/E9/pipeline_outputs/subaction_33_P01_109_33/candidate_07_frame_003137_right,/Users/huhu/Documents/Code/bishe/vrb/vrbreproduction/outputs/100subaction-e9/experiments/E9/pipeline_outputs/subaction_33_P01_109_33/candidate_07_frame_003137_right/reference_frame.png,/Users/huhu/Documents/Code/bishe/vrb/vrbreproduction/outputs/100subaction-e9/experiments/E9/pipeline_outputs/subaction_33_P01_109_33/candidate_07_frame_003137_right/label_heatmap_merged_overlay.png,/Users/huhu/Documents/Code/bishe/vrb/vrbreproduction/outputs/100subaction-e9/experiments/E9/pipeline_outputs/subaction_33_P01_109_33/candidate_07_frame_003137_right/vrb_style_affordance.png,/Users/huhu/Documents/Code/bishe/vrb/vrbreproduction/outputs/100subaction-e9/experiments/E9/pipeline_outputs/subaction_33_P01_109_33/candidate_07_frame_003137_right/mask_projection_overlay.png
34,P01_109_34,dry hands,dry,hand,3122.0,left,new_contact_episode,3119.0,3.0,contact_part_local_affine,contact_part_local_affine,grabcut_fallback,bbox_fallback,fallback_lk,failed,ModuleNotFoundError:No module named 'torch',contact_local_boundary,1968,1.0,3422.0,1.0,True,5,0.0,contact_part_mask,26,0,False,1.0,36,36,36,1.0,0.8827023506164551,5,0.0,0.2271414305349922,,,,,,,6.362429341981506,89,5,0.0,isotropic_e7,/Users/huhu/Documents/Code/bishe/vrb/vrbreproduction/outputs/100subaction-e9/experiments/E9/pipeline_outputs/subaction_34_P01_109_34/candidate_01_frame_003122_left,/Users/huhu/Documents/Code/bishe/vrb/vrbreproduction/outputs/100subaction-e9/experiments/E9/pipeline_outputs/subaction_34_P01_109_34/candidate_01_frame_003122_left/reference_frame.png,/Users/huhu/Documents/Code/bishe/vrb/vrbreproduction/outputs/100subaction-e9/experiments/E9/pipeline_outputs/subaction_34_P01_109_34/candidate_01_frame_003122_left/label_heatmap_merged_overlay.png,/Users/huhu/Documents/Code/bishe/vrb/vrbreproduction/outputs/100subaction-e9/experiments/E9/pipeline_outputs/subaction_34_P01_109_34/candidate_01_frame_003122_left/vrb_style_affordance.png,/Users/huhu/Documents/Code/bishe/vrb/vrbreproduction/outputs/100subaction-e9/experiments/E9/pipeline_outputs/subaction_34_P01_109_34/candidate_01_frame_003122_left/mask_projection_overlay.png
34,P01_109_34,dry hands,dry,hand,3146.0,left,new_contact_episode,3144.0,2.0,contact_part_local_affine,contact_part_local_affine,grabcut_fallback,bbox_fallback,fallback_lk,failed,ModuleNotFoundError:No module named 'torch',contact_local_boundary,640,1.0,798.0,1.0,True,5,0.0,contact_part_mask,26,0,False,1.0,36,36,36,1.0,0.18690326809883118,5,0.0,0.2271414305349922,,,,,,,6.299692901957035,34,5,0.1008,isotropic_e7,/Users/huhu/Documents/Code/bishe/vrb/vrbreproduction/outputs/100subaction-e9/experiments/E9/pipeline_outputs/subaction_34_P01_109_34/candidate_06_frame_003146_left,/Users/huhu/Documents/Code/bishe/vrb/vrbreproduction/outputs/100subaction-e9/experiments/E9/pipeline_outputs/subaction_34_P01_109_34/candidate_06_frame_003146_left/reference_frame.png,/Users/huhu/Documents/Code/bishe/vrb/vrbreproduction/outputs/100subaction-e9/experiments/E9/pipeline_outputs/subaction_34_P01_109_34/candidate_06_frame_003146_left/label_heatmap_merged_overlay.png,/Users/huhu/Documents/Code/bishe/vrb/vrbreproduction/outputs/100subaction-e9/experiments/E9/pipeline_outputs/subaction_34_P01_109_34/candidate_06_frame_003146_left/vrb_style_affordance.png,/Users/huhu/Documents/Code/bishe/vrb/vrbreproduction/outputs/100subaction-e9/experiments/E9/pipeline_outputs/subaction_34_P01_109_34/candidate_06_frame_003146_left/mask_projection_overlay.png
34,P01_109_34,dry hands,dry,hand,3148.0,left,new_contact_episode,3134.0,14.0,contact_part_local_affine,contact_part_local_affine,grabcut_fallback,bbox_fallback,fallback_lk,failed,ModuleNotFoundError:No module named 'torch',contact_local_boundary,250,1.0,3449.0,0.778906955736224,True,5,0.0,contact_part_mask,26,0,False,1.0,36,16,16,1.0,0.5876377820968628,5,0.0,0.2271414305349922,,,,,,,6.305281279037094,46,5,0.0,isotropic_e7,/Users/huhu/Documents/Code/bishe/vrb/vrbreproduction/outputs/100subaction-e9/experiments/E9/pipeline_outputs/subaction_34_P01_109_34/candidate_08_frame_003148_left,/Users/huhu/Documents/Code/bishe/vrb/vrbreproduction/outputs/100subaction-e9/experiments/E9/pipeline_outputs/subaction_34_P01_109_34/candidate_08_frame_003148_left/reference_frame.png,/Users/huhu/Documents/Code/bishe/vrb/vrbreproduction/outputs/100subaction-e9/experiments/E9/pipeline_outputs/subaction_34_P01_109_34/candidate_08_frame_003148_left/label_heatmap_merged_overlay.png,/Users/huhu/Documents/Code/bishe/vrb/vrbreproduction/outputs/100subaction-e9/experiments/E9/pipeline_outputs/subaction_34_P01_109_34/candidate_08_frame_003148_left/vrb_style_affordance.png,/Users/huhu/Documents/Code/bishe/vrb/vrbreproduction/outputs/100subaction-e9/experiments/E9/pipeline_outputs/subaction_34_P01_109_34/candidate_08_frame_003148_left/mask_projection_overlay.png
37,P01_109_37,put down potatoes,put-down,potato,3550.0,left,new_contact_episode,3548.0,2.0,contact_part_local_affine,contact_part_local_affine,grabcut_fallback,bbox_fallback,fallback_lk,failed,ModuleNotFoundError:No module named 'torch',small_object_whole_mask_allowed,1209,1.0,1518.0,1.0,True,5,0.0,contact_part_mask,26,0,False,0.9819444444444445,36,36,31,0.8611111111111112,1.7248291969299316,5,0.0,0.4765935695485121,,,,,,,5.93563290186988,28,5,0.25626666666666664,isotropic_e7,/Users/huhu/Documents/Code/bishe/vrb/vrbreproduction/outputs/100subaction-e9/experiments/E9/pipeline_outputs/subaction_37_P01_109_37/candidate_01_frame_003550_left,/Users/huhu/Documents/Code/bishe/vrb/vrbreproduction/outputs/100subaction-e9/experiments/E9/pipeline_outputs/subaction_37_P01_109_37/candidate_01_frame_003550_left/reference_frame.png,/Users/huhu/Documents/Code/bishe/vrb/vrbreproduction/outputs/100subaction-e9/experiments/E9/pipeline_outputs/subaction_37_P01_109_37/candidate_01_frame_003550_left/label_heatmap_merged_overlay.png,/Users/huhu/Documents/Code/bishe/vrb/vrbreproduction/outputs/100subaction-e9/experiments/E9/pipeline_outputs/subaction_37_P01_109_37/candidate_01_frame_003550_left/vrb_style_affordance.png,/Users/huhu/Documents/Code/bishe/vrb/vrbreproduction/outputs/100subaction-e9/experiments/E9/pipeline_outputs/subaction_37_P01_109_37/candidate_01_frame_003550_left/mask_projection_overlay.png
38,P01_109_38,move potatoes,move,potato,3654.0,left,new_contact_episode,3653.0,1.0,contact_part_local_affine,contact_part_local_affine,grabcut_fallback,bbox_fallback,fallback_lk,failed,ModuleNotFoundError:No module named 'torch',small_object_whole_mask_allowed,2144,0.9727767695099818,2200.0,0.9725906277630415,True,5,0.0,contact_part_mask,26,0,False,1.0,36,36,36,1.0,0.31090641021728516,5,0.0,0.20155983860272014,,,,,,,6.183739474360148,49,5,0.20062222222222223,isotropic_e7,/Users/huhu/Documents/Code/bishe/vrb/vrbreproduction/outputs/100subaction-e9/experiments/E9/pipeline_outputs/subaction_38_P01_109_38/candidate_00_frame_003654_left,/Users/huhu/Documents/Code/bishe/vrb/vrbreproduction/outputs/100subaction-e9/experiments/E9/pipeline_outputs/subaction_38_P01_109_38/candidate_00_frame_003654_left/reference_frame.png,/Users/huhu/Documents/Code/bishe/vrb/vrbreproduction/outputs/100subaction-e9/experiments/E9/pipeline_outputs/subaction_38_P01_109_38/candidate_00_frame_003654_left/label_heatmap_merged_overlay.png,/Users/huhu/Documents/Code/bishe/vrb/vrbreproduction/outputs/100subaction-e9/experiments/E9/pipeline_outputs/subaction_38_P01_109_38/candidate_00_frame_003654_left/vrb_style_affordance.png,/Users/huhu/Documents/Code/bishe/vrb/vrbreproduction/outputs/100subaction-e9/experiments/E9/pipeline_outputs/subaction_38_P01_109_38/candidate_00_frame_003654_left/mask_projection_overlay.png
38,P01_109_38,move potatoes,move,potato,3656.0,left,new_contact_episode,3651.0,5.0,contact_part_local_affine,contact_part_local_affine,grabcut_fallback,bbox_fallback,fallback_lk,failed,ModuleNotFoundError:No module named 'torch',small_object_whole_mask_allowed,2016,1.0,2280.0,1.0,True,5,0.0,contact_part_mask,26,0,False,0.9891666666666667,36,36,33,0.9166666666666666,1.2346559762954712,5,0.0,0.20155983860272014,,,,,,,6.082126987377802,116,5,0.2,isotropic_e7,/Users/huhu/Documents/Code/bishe/vrb/vrbreproduction/outputs/100subaction-e9/experiments/E9/pipeline_outputs/subaction_38_P01_109_38/candidate_02_frame_003656_left,/Users/huhu/Documents/Code/bishe/vrb/vrbreproduction/outputs/100subaction-e9/experiments/E9/pipeline_outputs/subaction_38_P01_109_38/candidate_02_frame_003656_left/reference_frame.png,/Users/huhu/Documents/Code/bishe/vrb/vrbreproduction/outputs/100subaction-e9/experiments/E9/pipeline_outputs/subaction_38_P01_109_38/candidate_02_frame_003656_left/label_heatmap_merged_overlay.png,/Users/huhu/Documents/Code/bishe/vrb/vrbreproduction/outputs/100subaction-e9/experiments/E9/pipeline_outputs/subaction_38_P01_109_38/candidate_02_frame_003656_left/vrb_style_affordance.png,/Users/huhu/Documents/Code/bishe/vrb/vrbreproduction/outputs/100subaction-e9/experiments/E9/pipeline_outputs/subaction_38_P01_109_38/candidate_02_frame_003656_left/mask_projection_overlay.png
39,P01_109_39,open cupboard,open,cupboard,3754.0,left,new_contact_episode,3753.0,1.0,contact_part_local_affine,contact_part_local_affine,grabcut_fallback,bbox_fallback,fallback_lk,failed,ModuleNotFoundError:No module named 'torch',panel_edge_or_handle,1188,0.40993788819875776,4935.0,0.34171167428334026,True,5,0.0,contact_part_mask,26,0,True,0.9610000000000001,36,10,7,0.7,0.6088621616363525,5,0.0,0.20155983860272014,,,,,,,6.07363413515091,35,5,0.12506666666666666,isotropic_e7,/Users/huhu/Documents/Code/bishe/vrb/vrbreproduction/outputs/100subaction-e9/experiments/E9/pipeline_outputs/subaction_39_P01_109_39/candidate_06_frame_003754_left,/Users/huhu/Documents/Code/bishe/vrb/vrbreproduction/outputs/100subaction-e9/experiments/E9/pipeline_outputs/subaction_39_P01_109_39/candidate_06_frame_003754_left/reference_frame.png,/Users/huhu/Documents/Code/bishe/vrb/vrbreproduction/outputs/100subaction-e9/experiments/E9/pipeline_outputs/subaction_39_P01_109_39/candidate_06_frame_003754_left/label_heatmap_merged_overlay.png,/Users/huhu/Documents/Code/bishe/vrb/vrbreproduction/outputs/100subaction-e9/experiments/E9/pipeline_outputs/subaction_39_P01_109_39/candidate_06_frame_003754_left/vrb_style_affordance.png,/Users/huhu/Documents/Code/bishe/vrb/vrbreproduction/outputs/100subaction-e9/experiments/E9/pipeline_outputs/subaction_39_P01_109_39/candidate_06_frame_003754_left/mask_projection_overlay.png
39,P01_109_39,open cupboard,open,cupboard,3762.0,right,new_contact_episode,3761.0,1.0,contact_part_local_affine,contact_part_local_affine,grabcut_fallback,bbox_fallback,fallback_lk,failed,ModuleNotFoundError:No module named 'torch',panel_edge_or_handle,576,1.0,552.0,1.0,True,5,0.0,contact_part_mask,26,0,True,1.0,36,36,36,1.0,0.3500480353832245,5,0.0,0.20155983860272014,,,,,,,6.320965225605169,57,5,0.10835555555555555,isotropic_e7,/Users/huhu/Documents/Code/bishe/vrb/vrbreproduction/outputs/100subaction-e9/experiments/E9/pipeline_outputs/subaction_39_P01_109_39/candidate_11_frame_003762_right,/Users/huhu/Documents/Code/bishe/vrb/vrbreproduction/outputs/100subaction-e9/experiments/E9/pipeline_outputs/subaction_39_P01_109_39/candidate_11_frame_003762_right/reference_frame.png,/Users/huhu/Documents/Code/bishe/vrb/vrbreproduction/outputs/100subaction-e9/experiments/E9/pipeline_outputs/subaction_39_P01_109_39/candidate_11_frame_003762_right/label_heatmap_merged_overlay.png,/Users/huhu/Documents/Code/bishe/vrb/vrbreproduction/outputs/100subaction-e9/experiments/E9/pipeline_outputs/subaction_39_P01_109_39/candidate_11_frame_003762_right/vrb_style_affordance.png,/Users/huhu/Documents/Code/bishe/vrb/vrbreproduction/outputs/100subaction-e9/experiments/E9/pipeline_outputs/subaction_39_P01_109_39/candidate_11_frame_003762_right/mask_projection_overlay.png
40,P01_109_40,move pans,move,pan,3856.0,right,new_contact_episode,3854.0,2.0,contact_part_local_affine,contact_part_local_affine,grabcut_fallback,bbox_fallback,fallback_lk,failed,ModuleNotFoundError:No module named 'torch',handle_like_edge_or_endpoint,7146,0.09717425004759445,7568.0,0.08171903682107763,True,5,0.0,contact_part_mask,26,0,False,0.975625,36,32,26,0.8125,1.0700578689575195,5,0.0,0.20155983860272014,,,,,,,5.907262430597941,232,5,0.24782222222222222,isotropic_e7,/Users/huhu/Documents/Code/bishe/vrb/vrbreproduction/outputs/100subaction-e9/experiments/E9/pipeline_outputs/subaction_40_P01_109_40/candidate_09_frame_003856_right,/Users/huhu/Documents/Code/bishe/vrb/vrbreproduction/outputs/100subaction-e9/experiments/E9/pipeline_outputs/subaction_40_P01_109_40/candidate_09_frame_003856_right/reference_frame.png,/Users/huhu/Documents/Code/bishe/vrb/vrbreproduction/outputs/100subaction-e9/experiments/E9/pipeline_outputs/subaction_40_P01_109_40/candidate_09_frame_003856_right/label_heatmap_merged_overlay.png,/Users/huhu/Documents/Code/bishe/vrb/vrbreproduction/outputs/100subaction-e9/experiments/E9/pipeline_outputs/subaction_40_P01_109_40/candidate_09_frame_003856_right/vrb_style_affordance.png,/Users/huhu/Documents/Code/bishe/vrb/vrbreproduction/outputs/100subaction-e9/experiments/E9/pipeline_outputs/subaction_40_P01_109_40/candidate_09_frame_003856_right/mask_projection_overlay.png
41,P01_109_41,pick up pan,pick-up,pan,4037.0,right,continuation_entry_rescue,4036.0,1.0,contact_part_local_affine,contact_part_local_affine,grabcut_fallback,bbox_fallback,fallback_lk,failed,ModuleNotFoundError:No module named 'torch',handle_like_edge_or_endpoint,3123,0.902340364056631,3870.0,0.7220149253731343,True,5,0.0,contact_part_mask,26,0,False,1.0,36,35,35,1.0,0.7890353798866272,5,0.0,0.46268226503345383,,,,,,,5.978262271936733,107,5,0.32804444444444447,isotropic_e7,/Users/huhu/Documents/Code/bishe/vrb/vrbreproduction/outputs/100subaction-e9/experiments/E9/pipeline_outputs/subaction_41_P01_109_41/candidate_00_frame_004037_right,/Users/huhu/Documents/Code/bishe/vrb/vrbreproduction/outputs/100subaction-e9/experiments/E9/pipeline_outputs/subaction_41_P01_109_41/candidate_00_frame_004037_right/reference_frame.png,/Users/huhu/Documents/Code/bishe/vrb/vrbreproduction/outputs/100subaction-e9/experiments/E9/pipeline_outputs/subaction_41_P01_109_41/candidate_00_frame_004037_right/label_heatmap_merged_overlay.png,/Users/huhu/Documents/Code/bishe/vrb/vrbreproduction/outputs/100subaction-e9/experiments/E9/pipeline_outputs/subaction_41_P01_109_41/candidate_00_frame_004037_right/vrb_style_affordance.png,/Users/huhu/Documents/Code/bishe/vrb/vrbreproduction/outputs/100subaction-e9/experiments/E9/pipeline_outputs/subaction_41_P01_109_41/candidate_00_frame_004037_right/mask_projection_overlay.png
42,P01_109_42,put down pan,put-down,pan,4273.0,left,new_contact_episode,4271.0,2.0,contact_part_local_affine,contact_part_local_affine,grabcut_fallback,bbox_fallback,fallback_lk,failed,ModuleNotFoundError:No module named 'torch',handle_like_edge_or_endpoint,4067,0.42937077702702703,7556.0,0.33588193456614507,True,5,0.0,contact_part_mask,26,0,False,0.9711111111111111,36,18,14,0.7777777777777778,0.8142352104187012,5,0.0,0.941336550625,,,,,,,5.962750721465217,194,5,0.24351111111111112,isotropic_e7,/Users/huhu/Documents/Code/bishe/vrb/vrbreproduction/outputs/100subaction-e9/experiments/E9/pipeline_outputs/subaction_42_P01_109_42/candidate_00_frame_004273_left,/Users/huhu/Documents/Code/bishe/vrb/vrbreproduction/outputs/100subaction-e9/experiments/E9/pipeline_outputs/subaction_42_P01_109_42/candidate_00_frame_004273_left/reference_frame.png,/Users/huhu/Documents/Code/bishe/vrb/vrbreproduction/outputs/100subaction-e9/experiments/E9/pipeline_outputs/subaction_42_P01_109_42/candidate_00_frame_004273_left/label_heatmap_merged_overlay.png,/Users/huhu/Documents/Code/bishe/vrb/vrbreproduction/outputs/100subaction-e9/experiments/E9/pipeline_outputs/subaction_42_P01_109_42/candidate_00_frame_004273_left/vrb_style_affordance.png,/Users/huhu/Documents/Code/bishe/vrb/vrbreproduction/outputs/100subaction-e9/experiments/E9/pipeline_outputs/subaction_42_P01_109_42/candidate_00_frame_004273_left/mask_projection_overlay.png
42,P01_109_42,put down pan,put-down,pan,4275.0,left,new_contact_episode,4274.0,1.0,contact_part_local_affine,contact_part_local_affine,grabcut_fallback,bbox_fallback,fallback_lk,failed,ModuleNotFoundError:No module named 'torch',handle_like_edge_or_endpoint,7884,0.4869371873262924,6533.0,0.3296664479991926,True,4,0.0,contact_part_mask,26,0,False,0.8800000000000001,36,16,12,0.75,1.0891814231872559,4,0.0,0.941336550625,,,,,,,4.973157890637717,223,4,0.6071111111111112,isotropic_e7,/Users/huhu/Documents/Code/bishe/vrb/vrbreproduction/outputs/100subaction-e9/experiments/E9/pipeline_outputs/subaction_42_P01_109_42/candidate_02_frame_004275_left,/Users/huhu/Documents/Code/bishe/vrb/vrbreproduction/outputs/100subaction-e9/experiments/E9/pipeline_outputs/subaction_42_P01_109_42/candidate_02_frame_004275_left/reference_frame.png,/Users/huhu/Documents/Code/bishe/vrb/vrbreproduction/outputs/100subaction-e9/experiments/E9/pipeline_outputs/subaction_42_P01_109_42/candidate_02_frame_004275_left/label_heatmap_merged_overlay.png,/Users/huhu/Documents/Code/bishe/vrb/vrbreproduction/outputs/100subaction-e9/experiments/E9/pipeline_outputs/subaction_42_P01_109_42/candidate_02_frame_004275_left/vrb_style_affordance.png,/Users/huhu/Documents/Code/bishe/vrb/vrbreproduction/outputs/100subaction-e9/experiments/E9/pipeline_outputs/subaction_42_P01_109_42/candidate_02_frame_004275_left/mask_projection_overlay.png
43,P01_109_44,put down pan,put-down,pan,4273.0,left,new_contact_episode,4271.0,2.0,contact_part_local_affine,contact_part_local_affine,grabcut_fallback,bbox_fallback,fallback_lk,failed,ModuleNotFoundError:No module named 'torch',handle_like_edge_or_endpoint,4067,0.42937077702702703,7556.0,0.33588193456614507,True,5,0.0,contact_part_mask,26,0,False,0.9711111111111111,36,18,14,0.7777777777777778,0.8142352104187012,5,0.0,0.941336550625,,,,,,,5.962750721465217,194,5,0.24351111111111112,isotropic_e7,/Users/huhu/Documents/Code/bishe/vrb/vrbreproduction/outputs/100subaction-e9/experiments/E9/pipeline_outputs/subaction_43_P01_109_44/candidate_00_frame_004273_left,/Users/huhu/Documents/Code/bishe/vrb/vrbreproduction/outputs/100subaction-e9/experiments/E9/pipeline_outputs/subaction_43_P01_109_44/candidate_00_frame_004273_left/reference_frame.png,/Users/huhu/Documents/Code/bishe/vrb/vrbreproduction/outputs/100subaction-e9/experiments/E9/pipeline_outputs/subaction_43_P01_109_44/candidate_00_frame_004273_left/label_heatmap_merged_overlay.png,/Users/huhu/Documents/Code/bishe/vrb/vrbreproduction/outputs/100subaction-e9/experiments/E9/pipeline_outputs/subaction_43_P01_109_44/candidate_00_frame_004273_left/vrb_style_affordance.png,/Users/huhu/Documents/Code/bishe/vrb/vrbreproduction/outputs/100subaction-e9/experiments/E9/pipeline_outputs/subaction_43_P01_109_44/candidate_00_frame_004273_left/mask_projection_overlay.png
43,P01_109_44,put down pan,put-down,pan,4275.0,left,new_contact_episode,4274.0,1.0,contact_part_local_affine,contact_part_local_affine,grabcut_fallback,bbox_fallback,fallback_lk,failed,ModuleNotFoundError:No module named 'torch',handle_like_edge_or_endpoint,7884,0.4869371873262924,6533.0,0.3296664479991926,True,4,0.0,contact_part_mask,26,0,False,0.8800000000000001,36,16,12,0.75,1.0891814231872559,4,0.0,0.941336550625,,,,,,,4.973157890637717,223,4,0.6071111111111112,isotropic_e7,/Users/huhu/Documents/Code/bishe/vrb/vrbreproduction/outputs/100subaction-e9/experiments/E9/pipeline_outputs/subaction_43_P01_109_44/candidate_02_frame_004275_left,/Users/huhu/Documents/Code/bishe/vrb/vrbreproduction/outputs/100subaction-e9/experiments/E9/pipeline_outputs/subaction_43_P01_109_44/candidate_02_frame_004275_left/reference_frame.png,/Users/huhu/Documents/Code/bishe/vrb/vrbreproduction/outputs/100subaction-e9/experiments/E9/pipeline_outputs/subaction_43_P01_109_44/candidate_02_frame_004275_left/label_heatmap_merged_overlay.png,/Users/huhu/Documents/Code/bishe/vrb/vrbreproduction/outputs/100subaction-e9/experiments/E9/pipeline_outputs/subaction_43_P01_109_44/candidate_02_frame_004275_left/vrb_style_affordance.png,/Users/huhu/Documents/Code/bishe/vrb/vrbreproduction/outputs/100subaction-e9/experiments/E9/pipeline_outputs/subaction_43_P01_109_44/candidate_02_frame_004275_left/mask_projection_overlay.png
44,P01_109_43,pick up pan,pick-up,pan,4381.0,left,new_contact_episode,4379.0,2.0,contact_part_local_affine,contact_part_local_affine,grabcut_fallback,bbox_fallback,fallback_lk,failed,ModuleNotFoundError:No module named 'torch',handle_like_edge_or_endpoint,5122,0.14575152239485517,6584.0,0.14422150179619733,True,5,0.0,contact_part_mask,26,0,False,0.975,36,26,21,0.8076923076923077,0.986541748046875,5,0.0,0.6957761406082257,,,,,,,6.278568555250902,107,5,0.0,isotropic_e7,/Users/huhu/Documents/Code/bishe/vrb/vrbreproduction/outputs/100subaction-e9/experiments/E9/pipeline_outputs/subaction_44_P01_109_43/candidate_03_frame_004381_left,/Users/huhu/Documents/Code/bishe/vrb/vrbreproduction/outputs/100subaction-e9/experiments/E9/pipeline_outputs/subaction_44_P01_109_43/candidate_03_frame_004381_left/reference_frame.png,/Users/huhu/Documents/Code/bishe/vrb/vrbreproduction/outputs/100subaction-e9/experiments/E9/pipeline_outputs/subaction_44_P01_109_43/candidate_03_frame_004381_left/label_heatmap_merged_overlay.png,/Users/huhu/Documents/Code/bishe/vrb/vrbreproduction/outputs/100subaction-e9/experiments/E9/pipeline_outputs/subaction_44_P01_109_43/candidate_03_frame_004381_left/vrb_style_affordance.png,/Users/huhu/Documents/Code/bishe/vrb/vrbreproduction/outputs/100subaction-e9/experiments/E9/pipeline_outputs/subaction_44_P01_109_43/candidate_03_frame_004381_left/mask_projection_overlay.png
44,P01_109_43,pick up pan,pick-up,pan,4383.0,left,new_contact_episode,4382.0,1.0,contact_part_local_affine,contact_part_local_affine,grabcut_fallback,bbox_fallback,fallback_lk,failed,ModuleNotFoundError:No module named 'torch',handle_like_edge_or_endpoint,5335,0.1299634591961023,6366.0,0.11195526010340826,True,5,0.0,contact_part_mask,26,0,False,0.9596551724137932,36,29,20,0.6896551724137931,0.9272763729095459,5,0.0,0.6957761406082257,,,,,,,6.12020469731846,88,5,0.10444444444444445,isotropic_e7,/Users/huhu/Documents/Code/bishe/vrb/vrbreproduction/outputs/100subaction-e9/experiments/E9/pipeline_outputs/subaction_44_P01_109_43/candidate_05_frame_004383_left,/Users/huhu/Documents/Code/bishe/vrb/vrbreproduction/outputs/100subaction-e9/experiments/E9/pipeline_outputs/subaction_44_P01_109_43/candidate_05_frame_004383_left/reference_frame.png,/Users/huhu/Documents/Code/bishe/vrb/vrbreproduction/outputs/100subaction-e9/experiments/E9/pipeline_outputs/subaction_44_P01_109_43/candidate_05_frame_004383_left/label_heatmap_merged_overlay.png,/Users/huhu/Documents/Code/bishe/vrb/vrbreproduction/outputs/100subaction-e9/experiments/E9/pipeline_outputs/subaction_44_P01_109_43/candidate_05_frame_004383_left/vrb_style_affordance.png,/Users/huhu/Documents/Code/bishe/vrb/vrbreproduction/outputs/100subaction-e9/experiments/E9/pipeline_outputs/subaction_44_P01_109_43/candidate_05_frame_004383_left/mask_projection_overlay.png
45,P01_109_45,put down pan,put-down,pan,4381.0,left,new_contact_episode,4379.0,2.0,contact_part_local_affine,contact_part_local_affine,grabcut_fallback,bbox_fallback,fallback_lk,failed,ModuleNotFoundError:No module named 'torch',handle_like_edge_or_endpoint,5122,0.14575152239485517,6584.0,0.14422150179619733,True,5,0.0,contact_part_mask,26,0,False,0.975,36,26,21,0.8076923076923077,0.986541748046875,5,0.0,0.6957761406082257,,,,,,,6.278568555250902,107,5,0.0,isotropic_e7,/Users/huhu/Documents/Code/bishe/vrb/vrbreproduction/outputs/100subaction-e9/experiments/E9/pipeline_outputs/subaction_45_P01_109_45/candidate_03_frame_004381_left,/Users/huhu/Documents/Code/bishe/vrb/vrbreproduction/outputs/100subaction-e9/experiments/E9/pipeline_outputs/subaction_45_P01_109_45/candidate_03_frame_004381_left/reference_frame.png,/Users/huhu/Documents/Code/bishe/vrb/vrbreproduction/outputs/100subaction-e9/experiments/E9/pipeline_outputs/subaction_45_P01_109_45/candidate_03_frame_004381_left/label_heatmap_merged_overlay.png,/Users/huhu/Documents/Code/bishe/vrb/vrbreproduction/outputs/100subaction-e9/experiments/E9/pipeline_outputs/subaction_45_P01_109_45/candidate_03_frame_004381_left/vrb_style_affordance.png,/Users/huhu/Documents/Code/bishe/vrb/vrbreproduction/outputs/100subaction-e9/experiments/E9/pipeline_outputs/subaction_45_P01_109_45/candidate_03_frame_004381_left/mask_projection_overlay.png
45,P01_109_45,put down pan,put-down,pan,4383.0,left,new_contact_episode,4382.0,1.0,contact_part_local_affine,contact_part_local_affine,grabcut_fallback,bbox_fallback,fallback_lk,failed,ModuleNotFoundError:No module named 'torch',handle_like_edge_or_endpoint,5335,0.1299634591961023,6366.0,0.11195526010340826,True,5,0.0,contact_part_mask,26,0,False,0.9596551724137932,36,29,20,0.6896551724137931,0.9272763729095459,5,0.0,0.6957761406082257,,,,,,,6.12020469731846,88,5,0.10444444444444445,isotropic_e7,/Users/huhu/Documents/Code/bishe/vrb/vrbreproduction/outputs/100subaction-e9/experiments/E9/pipeline_outputs/subaction_45_P01_109_45/candidate_05_frame_004383_left,/Users/huhu/Documents/Code/bishe/vrb/vrbreproduction/outputs/100subaction-e9/experiments/E9/pipeline_outputs/subaction_45_P01_109_45/candidate_05_frame_004383_left/reference_frame.png,/Users/huhu/Documents/Code/bishe/vrb/vrbreproduction/outputs/100subaction-e9/experiments/E9/pipeline_outputs/subaction_45_P01_109_45/candidate_05_frame_004383_left/label_heatmap_merged_overlay.png,/Users/huhu/Documents/Code/bishe/vrb/vrbreproduction/outputs/100subaction-e9/experiments/E9/pipeline_outputs/subaction_45_P01_109_45/candidate_05_frame_004383_left/vrb_style_affordance.png,/Users/huhu/Documents/Code/bishe/vrb/vrbreproduction/outputs/100subaction-e9/experiments/E9/pipeline_outputs/subaction_45_P01_109_45/candidate_05_frame_004383_left/mask_projection_overlay.png
46,P01_109_46,pick up cutting board,pick-up,board:cutting,4539.0,left,new_contact_episode,4537.0,2.0,contact_part_local_affine,contact_part_local_affine,grabcut_fallback,bbox_fallback,fallback_lk,failed,ModuleNotFoundError:No module named 'torch',contact_local_boundary,6756,0.28960905349794236,10153.0,0.22626582278481014,True,5,0.0,contact_part_mask,26,0,False,0.9855555555555556,36,36,32,0.8888888888888888,0.8657428026199341,5,0.0,0.19014588786486256,,,,,,,6.141589104810291,44,5,0.12675555555555557,isotropic_e7,/Users/huhu/Documents/Code/bishe/vrb/vrbreproduction/outputs/100subaction-e9/experiments/E9/pipeline_outputs/subaction_46_P01_109_46/candidate_07_frame_004539_left,/Users/huhu/Documents/Code/bishe/vrb/vrbreproduction/outputs/100subaction-e9/experiments/E9/pipeline_outputs/subaction_46_P01_109_46/candidate_07_frame_004539_left/reference_frame.png,/Users/huhu/Documents/Code/bishe/vrb/vrbreproduction/outputs/100subaction-e9/experiments/E9/pipeline_outputs/subaction_46_P01_109_46/candidate_07_frame_004539_left/label_heatmap_merged_overlay.png,/Users/huhu/Documents/Code/bishe/vrb/vrbreproduction/outputs/100subaction-e9/experiments/E9/pipeline_outputs/subaction_46_P01_109_46/candidate_07_frame_004539_left/vrb_style_affordance.png,/Users/huhu/Documents/Code/bishe/vrb/vrbreproduction/outputs/100subaction-e9/experiments/E9/pipeline_outputs/subaction_46_P01_109_46/candidate_07_frame_004539_left/mask_projection_overlay.png
46,P01_109_46,pick up cutting board,pick-up,board:cutting,4554.0,left,new_contact_episode,4553.0,1.0,contact_part_local_affine,contact_part_local_affine,grabcut_fallback,bbox_fallback,fallback_lk,failed,ModuleNotFoundError:No module named 'torch',contact_local_boundary,14130,0.39617562945101775,18620.0,0.35539777065200795,True,5,0.0,contact_part_mask,26,0,False,0.9959375,36,32,31,0.96875,1.1134918928146362,5,0.0,0.18658121996654473,,,,,,,6.250032743215561,192,5,0.10666666666666667,isotropic_e7,/Users/huhu/Documents/Code/bishe/vrb/vrbreproduction/outputs/100subaction-e9/experiments/E9/pipeline_outputs/subaction_46_P01_109_46/candidate_09_frame_004554_left,/Users/huhu/Documents/Code/bishe/vrb/vrbreproduction/outputs/100subaction-e9/experiments/E9/pipeline_outputs/subaction_46_P01_109_46/candidate_09_frame_004554_left/reference_frame.png,/Users/huhu/Documents/Code/bishe/vrb/vrbreproduction/outputs/100subaction-e9/experiments/E9/pipeline_outputs/subaction_46_P01_109_46/candidate_09_frame_004554_left/label_heatmap_merged_overlay.png,/Users/huhu/Documents/Code/bishe/vrb/vrbreproduction/outputs/100subaction-e9/experiments/E9/pipeline_outputs/subaction_46_P01_109_46/candidate_09_frame_004554_left/vrb_style_affordance.png,/Users/huhu/Documents/Code/bishe/vrb/vrbreproduction/outputs/100subaction-e9/experiments/E9/pipeline_outputs/subaction_46_P01_109_46/candidate_09_frame_004554_left/mask_projection_overlay.png
46,P01_109_46,pick up cutting board,pick-up,board:cutting,4556.0,left,new_contact_episode,4551.0,5.0,contact_part_local_affine,contact_part_local_affine,grabcut_fallback,bbox_fallback,fallback_lk,failed,ModuleNotFoundError:No module named 'torch',contact_local_boundary,14814,0.3761521468653988,18135.0,0.3506787330316742,True,5,0.0,contact_part_mask,26,0,False,0.947037037037037,36,27,16,0.5925925925925926,1.3056414127349854,5,0.0,0.18658121996654473,,,,,,,6.024997376599432,118,5,0.0984,isotropic_e7,/Users/huhu/Documents/Code/bishe/vrb/vrbreproduction/outputs/100subaction-e9/experiments/E9/pipeline_outputs/subaction_46_P01_109_46/candidate_11_frame_004556_left,/Users/huhu/Documents/Code/bishe/vrb/vrbreproduction/outputs/100subaction-e9/experiments/E9/pipeline_outputs/subaction_46_P01_109_46/candidate_11_frame_004556_left/reference_frame.png,/Users/huhu/Documents/Code/bishe/vrb/vrbreproduction/outputs/100subaction-e9/experiments/E9/pipeline_outputs/subaction_46_P01_109_46/candidate_11_frame_004556_left/label_heatmap_merged_overlay.png,/Users/huhu/Documents/Code/bishe/vrb/vrbreproduction/outputs/100subaction-e9/experiments/E9/pipeline_outputs/subaction_46_P01_109_46/candidate_11_frame_004556_left/vrb_style_affordance.png,/Users/huhu/Documents/Code/bishe/vrb/vrbreproduction/outputs/100subaction-e9/experiments/E9/pipeline_outputs/subaction_46_P01_109_46/candidate_11_frame_004556_left/mask_projection_overlay.png
55,P01_109_55,move cutting board,move,board:cutting,5019.0,left,new_contact_episode,5018.0,1.0,contact_part_local_affine,contact_part_local_affine,grabcut_fallback,bbox_fallback,fallback_lk,failed,ModuleNotFoundError:No module named 'torch',contact_local_boundary,7370,0.6687840290381125,8711.0,0.5280033943508304,True,5,0.0,contact_part_mask,26,0,False,1.0,36,34,34,1.0,0.586845338344574,5,0.0,0.2566024181831758,,,,,,,6.319727973182995,133,5,0.10444444444444445,isotropic_e7,/Users/huhu/Documents/Code/bishe/vrb/vrbreproduction/outputs/100subaction-e9/experiments/E9/pipeline_outputs/subaction_55_P01_109_55/candidate_00_frame_005019_left,/Users/huhu/Documents/Code/bishe/vrb/vrbreproduction/outputs/100subaction-e9/experiments/E9/pipeline_outputs/subaction_55_P01_109_55/candidate_00_frame_005019_left/reference_frame.png,/Users/huhu/Documents/Code/bishe/vrb/vrbreproduction/outputs/100subaction-e9/experiments/E9/pipeline_outputs/subaction_55_P01_109_55/candidate_00_frame_005019_left/label_heatmap_merged_overlay.png,/Users/huhu/Documents/Code/bishe/vrb/vrbreproduction/outputs/100subaction-e9/experiments/E9/pipeline_outputs/subaction_55_P01_109_55/candidate_00_frame_005019_left/vrb_style_affordance.png,/Users/huhu/Documents/Code/bishe/vrb/vrbreproduction/outputs/100subaction-e9/experiments/E9/pipeline_outputs/subaction_55_P01_109_55/candidate_00_frame_005019_left/mask_projection_overlay.png
55,P01_109_55,move cutting board,move,board:cutting,5021.0,left,new_contact_episode,5020.0,1.0,contact_part_local_affine,contact_part_local_affine,grabcut_fallback,bbox_fallback,fallback_lk,failed,ModuleNotFoundError:No module named 'torch',contact_local_boundary,8230,0.7102174663444943,9007.0,0.5292942351765881,True,5,0.0,contact_part_mask,26,0,False,0.9962857142857143,36,35,34,0.9714285714285714,0.7791545391082764,5,0.0,0.2605631758614574,,,,,,,6.29119679239818,132,5,0.108,isotropic_e7,/Users/huhu/Documents/Code/bishe/vrb/vrbreproduction/outputs/100subaction-e9/experiments/E9/pipeline_outputs/subaction_55_P01_109_55/candidate_02_frame_005021_left,/Users/huhu/Documents/Code/bishe/vrb/vrbreproduction/outputs/100subaction-e9/experiments/E9/pipeline_outputs/subaction_55_P01_109_55/candidate_02_frame_005021_left/reference_frame.png,/Users/huhu/Documents/Code/bishe/vrb/vrbreproduction/outputs/100subaction-e9/experiments/E9/pipeline_outputs/subaction_55_P01_109_55/candidate_02_frame_005021_left/label_heatmap_merged_overlay.png,/Users/huhu/Documents/Code/bishe/vrb/vrbreproduction/outputs/100subaction-e9/experiments/E9/pipeline_outputs/subaction_55_P01_109_55/candidate_02_frame_005021_left/vrb_style_affordance.png,/Users/huhu/Documents/Code/bishe/vrb/vrbreproduction/outputs/100subaction-e9/experiments/E9/pipeline_outputs/subaction_55_P01_109_55/candidate_02_frame_005021_left/mask_projection_overlay.png
55,P01_109_55,move cutting board,move,board:cutting,5045.0,left,new_contact_episode,5044.0,1.0,contact_part_local_affine,contact_part_local_affine,grabcut_fallback,bbox_fallback,fallback_lk,failed,ModuleNotFoundError:No module named 'torch',contact_local_boundary,8255,0.8126599724355188,10966.0,0.6028918577162021,True,5,0.0,contact_part_mask,26,0,False,1.0,36,36,36,1.0,0.2890239953994751,5,0.0,0.2605631758614574,,,,,,,6.209995946804681,89,5,0.18355555555555556,isotropic_e7,/Users/huhu/Documents/Code/bishe/vrb/vrbreproduction/outputs/100subaction-e9/experiments/E9/pipeline_outputs/subaction_55_P01_109_55/candidate_08_frame_005045_left,/Users/huhu/Documents/Code/bishe/vrb/vrbreproduction/outputs/100subaction-e9/experiments/E9/pipeline_outputs/subaction_55_P01_109_55/candidate_08_frame_005045_left/reference_frame.png,/Users/huhu/Documents/Code/bishe/vrb/vrbreproduction/outputs/100subaction-e9/experiments/E9/pipeline_outputs/subaction_55_P01_109_55/candidate_08_frame_005045_left/label_heatmap_merged_overlay.png,/Users/huhu/Documents/Code/bishe/vrb/vrbreproduction/outputs/100subaction-e9/experiments/E9/pipeline_outputs/subaction_55_P01_109_55/candidate_08_frame_005045_left/vrb_style_affordance.png,/Users/huhu/Documents/Code/bishe/vrb/vrbreproduction/outputs/100subaction-e9/experiments/E9/pipeline_outputs/subaction_55_P01_109_55/candidate_08_frame_005045_left/mask_projection_overlay.png
56,P01_109_56,pick up potato,pick-up,potato,5063.0,left,new_contact_episode,5062.0,1.0,contact_part_local_affine,contact_part_local_affine,grabcut_fallback,bbox_fallback,fallback_lk,failed,ModuleNotFoundError:No module named 'torch',small_object_whole_mask_allowed,7091,0.7685054730681695,10456.0,0.566813031929311,True,5,0.0,contact_part_mask,26,0,False,0.9923529411764707,36,34,32,0.9411764705882353,0.37927722930908203,5,0.0,0.2605631758614574,,,,,,,6.249405996846217,97,5,0.13155555555555556,isotropic_e7,/Users/huhu/Documents/Code/bishe/vrb/vrbreproduction/outputs/100subaction-e9/experiments/E9/pipeline_outputs/subaction_56_P01_109_56/candidate_01_frame_005063_left,/Users/huhu/Documents/Code/bishe/vrb/vrbreproduction/outputs/100subaction-e9/experiments/E9/pipeline_outputs/subaction_56_P01_109_56/candidate_01_frame_005063_left/reference_frame.png,/Users/huhu/Documents/Code/bishe/vrb/vrbreproduction/outputs/100subaction-e9/experiments/E9/pipeline_outputs/subaction_56_P01_109_56/candidate_01_frame_005063_left/label_heatmap_merged_overlay.png,/Users/huhu/Documents/Code/bishe/vrb/vrbreproduction/outputs/100subaction-e9/experiments/E9/pipeline_outputs/subaction_56_P01_109_56/candidate_01_frame_005063_left/vrb_style_affordance.png,/Users/huhu/Documents/Code/bishe/vrb/vrbreproduction/outputs/100subaction-e9/experiments/E9/pipeline_outputs/subaction_56_P01_109_56/candidate_01_frame_005063_left/mask_projection_overlay.png
56,P01_109_56,pick up potato,pick-up,potato,5102.0,left,new_contact_episode,5092.0,10.0,contact_part_local_affine,contact_part_local_affine,grabcut_fallback,bbox_fallback,fallback_lk,failed,ModuleNotFoundError:No module named 'torch',small_object_whole_mask_allowed,1263,1.0,3024.0,1.0,True,5,0.0,contact_part_mask,26,0,False,0.9907142857142858,36,28,26,0.9285714285714286,0.8511908054351807,5,0.0,0.2605631758614574,,,,,,,6.019092847265517,68,5,0.23453333333333334,isotropic_e7,/Users/huhu/Documents/Code/bishe/vrb/vrbreproduction/outputs/100subaction-e9/experiments/E9/pipeline_outputs/subaction_56_P01_109_56/candidate_07_frame_005102_left,/Users/huhu/Documents/Code/bishe/vrb/vrbreproduction/outputs/100subaction-e9/experiments/E9/pipeline_outputs/subaction_56_P01_109_56/candidate_07_frame_005102_left/reference_frame.png,/Users/huhu/Documents/Code/bishe/vrb/vrbreproduction/outputs/100subaction-e9/experiments/E9/pipeline_outputs/subaction_56_P01_109_56/candidate_07_frame_005102_left/label_heatmap_merged_overlay.png,/Users/huhu/Documents/Code/bishe/vrb/vrbreproduction/outputs/100subaction-e9/experiments/E9/pipeline_outputs/subaction_56_P01_109_56/candidate_07_frame_005102_left/vrb_style_affordance.png,/Users/huhu/Documents/Code/bishe/vrb/vrbreproduction/outputs/100subaction-e9/experiments/E9/pipeline_outputs/subaction_56_P01_109_56/candidate_07_frame_005102_left/mask_projection_overlay.png
56,P01_109_56,pick up potato,pick-up,potato,5121.0,right,new_contact_episode,5120.0,1.0,contact_part_local_affine,contact_part_local_affine,grabcut_fallback,bbox_fallback,fallback_lk,failed,ModuleNotFoundError:No module named 'torch',small_object_whole_mask_allowed,868,1.0,960.0,1.0,True,5,0.0,contact_part_mask,26,0,False,1.0,36,36,36,1.0,0.3230412006378174,5,0.0,0.2605631758614574,,,,,,,5.925908763980865,32,5,0.3722666666666667,isotropic_e7,/Users/huhu/Documents/Code/bishe/vrb/vrbreproduction/outputs/100subaction-e9/experiments/E9/pipeline_outputs/subaction_56_P01_109_56/candidate_11_frame_005121_right,/Users/huhu/Documents/Code/bishe/vrb/vrbreproduction/outputs/100subaction-e9/experiments/E9/pipeline_outputs/subaction_56_P01_109_56/candidate_11_frame_005121_right/reference_frame.png,/Users/huhu/Documents/Code/bishe/vrb/vrbreproduction/outputs/100subaction-e9/experiments/E9/pipeline_outputs/subaction_56_P01_109_56/candidate_11_frame_005121_right/label_heatmap_merged_overlay.png,/Users/huhu/Documents/Code/bishe/vrb/vrbreproduction/outputs/100subaction-e9/experiments/E9/pipeline_outputs/subaction_56_P01_109_56/candidate_11_frame_005121_right/vrb_style_affordance.png,/Users/huhu/Documents/Code/bishe/vrb/vrbreproduction/outputs/100subaction-e9/experiments/E9/pipeline_outputs/subaction_56_P01_109_56/candidate_11_frame_005121_right/mask_projection_overlay.png
57,P01_109_57,move potato,move,potato,5082.0,left,continuation_entry_rescue,5081.0,1.0,contact_part_local_affine,contact_part_local_affine,grabcut_fallback,bbox_fallback,fallback_lk,failed,ModuleNotFoundError:No module named 'torch',small_object_whole_mask_allowed,924,1.0,924.0,1.0,True,4,0.0,contact_part_mask,26,0,False,0.75,36,36,36,1.0,0.36918848752975464,4,0.0,0.2605631758614574,,,,,,,5.570524345374106,70,4,0.10826666666666666,isotropic_e7,/Users/huhu/Documents/Code/bishe/vrb/vrbreproduction/outputs/100subaction-e9/experiments/E9/pipeline_outputs/subaction_57_P01_109_57/candidate_03_frame_005082_left,/Users/huhu/Documents/Code/bishe/vrb/vrbreproduction/outputs/100subaction-e9/experiments/E9/pipeline_outputs/subaction_57_P01_109_57/candidate_03_frame_005082_left/reference_frame.png,/Users/huhu/Documents/Code/bishe/vrb/vrbreproduction/outputs/100subaction-e9/experiments/E9/pipeline_outputs/subaction_57_P01_109_57/candidate_03_frame_005082_left/label_heatmap_merged_overlay.png,/Users/huhu/Documents/Code/bishe/vrb/vrbreproduction/outputs/100subaction-e9/experiments/E9/pipeline_outputs/subaction_57_P01_109_57/candidate_03_frame_005082_left/vrb_style_affordance.png,/Users/huhu/Documents/Code/bishe/vrb/vrbreproduction/outputs/100subaction-e9/experiments/E9/pipeline_outputs/subaction_57_P01_109_57/candidate_03_frame_005082_left/mask_projection_overlay.png
58,P01_109_58,peel potato,peel,potato,7134.0,right,new_contact_episode,7133.0,1.0,contact_part_local_affine,contact_part_local_affine,grabcut_fallback,bbox_fallback,fallback_lk,failed,ModuleNotFoundError:No module named 'torch',small_object_whole_mask_allowed,1113,1.0,1785.0,1.0,True,5,0.0,contact_part_mask,26,0,False,1.0,36,35,35,1.0,1.4446760416030884,5,0.0,1.0,,,,,,,6.0977930520852395,252,5,0.23524444444444445,isotropic_e7,/Users/huhu/Documents/Code/bishe/vrb/vrbreproduction/outputs/100subaction-e9/experiments/E9/pipeline_outputs/subaction_58_P01_109_58/candidate_02_frame_007134_right,/Users/huhu/Documents/Code/bishe/vrb/vrbreproduction/outputs/100subaction-e9/experiments/E9/pipeline_outputs/subaction_58_P01_109_58/candidate_02_frame_007134_right/reference_frame.png,/Users/huhu/Documents/Code/bishe/vrb/vrbreproduction/outputs/100subaction-e9/experiments/E9/pipeline_outputs/subaction_58_P01_109_58/candidate_02_frame_007134_right/label_heatmap_merged_overlay.png,/Users/huhu/Documents/Code/bishe/vrb/vrbreproduction/outputs/100subaction-e9/experiments/E9/pipeline_outputs/subaction_58_P01_109_58/candidate_02_frame_007134_right/vrb_style_affordance.png,/Users/huhu/Documents/Code/bishe/vrb/vrbreproduction/outputs/100subaction-e9/experiments/E9/pipeline_outputs/subaction_58_P01_109_58/candidate_02_frame_007134_right/mask_projection_overlay.png
58,P01_109_58,peel potato,peel,potato,7152.0,right,new_contact_episode,7151.0,1.0,contact_part_local_affine,contact_part_local_affine,grabcut_fallback,bbox_fallback,fallback_lk,failed,ModuleNotFoundError:No module named 'torch',small_object_whole_mask_allowed,489,1.0,1989.0,1.0,True,5,0.0,contact_part_mask,26,0,False,1.0,36,36,36,1.0,0.14160868525505066,5,0.0,1.0,,,,,,,5.983751739442347,185,5,0.3373333333333333,isotropic_e7,/Users/huhu/Documents/Code/bishe/vrb/vrbreproduction/outputs/100subaction-e9/experiments/E9/pipeline_outputs/subaction_58_P01_109_58/candidate_04_frame_007152_right,/Users/huhu/Documents/Code/bishe/vrb/vrbreproduction/outputs/100subaction-e9/experiments/E9/pipeline_outputs/subaction_58_P01_109_58/candidate_04_frame_007152_right/reference_frame.png,/Users/huhu/Documents/Code/bishe/vrb/vrbreproduction/outputs/100subaction-e9/experiments/E9/pipeline_outputs/subaction_58_P01_109_58/candidate_04_frame_007152_right/label_heatmap_merged_overlay.png,/Users/huhu/Documents/Code/bishe/vrb/vrbreproduction/outputs/100subaction-e9/experiments/E9/pipeline_outputs/subaction_58_P01_109_58/candidate_04_frame_007152_right/vrb_style_affordance.png,/Users/huhu/Documents/Code/bishe/vrb/vrbreproduction/outputs/100subaction-e9/experiments/E9/pipeline_outputs/subaction_58_P01_109_58/candidate_04_frame_007152_right/mask_projection_overlay.png
58,P01_109_58,peel potato,peel,potato,7237.0,right,new_contact_episode,7236.0,1.0,contact_part_local_affine,contact_part_local_affine,grabcut_fallback,bbox_fallback,fallback_lk,failed,ModuleNotFoundError:No module named 'torch',small_object_whole_mask_allowed,671,1.0,870.0,1.0,True,5,0.0,contact_part_mask,26,0,False,1.0,36,36,36,1.0,0.7739482522010803,5,0.0,1.0,,,,,,,6.111048219100633,93,5,0.23982222222222221,isotropic_e7,/Users/huhu/Documents/Code/bishe/vrb/vrbreproduction/outputs/100subaction-e9/experiments/E9/pipeline_outputs/subaction_58_P01_109_58/candidate_08_frame_007237_right,/Users/huhu/Documents/Code/bishe/vrb/vrbreproduction/outputs/100subaction-e9/experiments/E9/pipeline_outputs/subaction_58_P01_109_58/candidate_08_frame_007237_right/reference_frame.png,/Users/huhu/Documents/Code/bishe/vrb/vrbreproduction/outputs/100subaction-e9/experiments/E9/pipeline_outputs/subaction_58_P01_109_58/candidate_08_frame_007237_right/label_heatmap_merged_overlay.png,/Users/huhu/Documents/Code/bishe/vrb/vrbreproduction/outputs/100subaction-e9/experiments/E9/pipeline_outputs/subaction_58_P01_109_58/candidate_08_frame_007237_right/vrb_style_affordance.png,/Users/huhu/Documents/Code/bishe/vrb/vrbreproduction/outputs/100subaction-e9/experiments/E9/pipeline_outputs/subaction_58_P01_109_58/candidate_08_frame_007237_right/mask_projection_overlay.png
59,P01_109_59,put down potato,put-down,potato,9494.0,right,continuation_entry_rescue,9493.0,1.0,contact_part_local_affine,contact_part_local_affine,grabcut_fallback,bbox_fallback,fallback_lk,failed,ModuleNotFoundError:No module named 'torch',small_object_whole_mask_allowed,422,1.0,1102.0,1.0,True,5,0.0,contact_part_mask,26,0,False,1.0,36,36,36,1.0,0.20215845108032227,5,0.0,1.0,,,,,,,6.122135246467589,131,5,0.24386666666666668,isotropic_e7,/Users/huhu/Documents/Code/bishe/vrb/vrbreproduction/outputs/100subaction-e9/experiments/E9/pipeline_outputs/subaction_59_P01_109_59/candidate_03_frame_009494_right,/Users/huhu/Documents/Code/bishe/vrb/vrbreproduction/outputs/100subaction-e9/experiments/E9/pipeline_outputs/subaction_59_P01_109_59/candidate_03_frame_009494_right/reference_frame.png,/Users/huhu/Documents/Code/bishe/vrb/vrbreproduction/outputs/100subaction-e9/experiments/E9/pipeline_outputs/subaction_59_P01_109_59/candidate_03_frame_009494_right/label_heatmap_merged_overlay.png,/Users/huhu/Documents/Code/bishe/vrb/vrbreproduction/outputs/100subaction-e9/experiments/E9/pipeline_outputs/subaction_59_P01_109_59/candidate_03_frame_009494_right/vrb_style_affordance.png,/Users/huhu/Documents/Code/bishe/vrb/vrbreproduction/outputs/100subaction-e9/experiments/E9/pipeline_outputs/subaction_59_P01_109_59/candidate_03_frame_009494_right/mask_projection_overlay.png
60,P01_109_60,put down peeler,put-down,peeler,9586.0,right,continuation_entry_rescue,9585.0,1.0,contact_part_local_affine,contact_part_local_affine,grabcut_fallback,bbox_fallback,fallback_lk,failed,ModuleNotFoundError:No module named 'torch',handle_like_edge_or_endpoint,256,1.0,667.0,1.0,True,5,0.0,contact_part_mask,26,0,False,1.0,36,36,36,1.0,0.22696846723556519,5,0.0,1.0,,,,,,,6.293857612649599,47,5,0.1288888888888889,isotropic_e7,/Users/huhu/Documents/Code/bishe/vrb/vrbreproduction/outputs/100subaction-e9/experiments/E9/pipeline_outputs/subaction_60_P01_109_60/candidate_03_frame_009586_right,/Users/huhu/Documents/Code/bishe/vrb/vrbreproduction/outputs/100subaction-e9/experiments/E9/pipeline_outputs/subaction_60_P01_109_60/candidate_03_frame_009586_right/reference_frame.png,/Users/huhu/Documents/Code/bishe/vrb/vrbreproduction/outputs/100subaction-e9/experiments/E9/pipeline_outputs/subaction_60_P01_109_60/candidate_03_frame_009586_right/label_heatmap_merged_overlay.png,/Users/huhu/Documents/Code/bishe/vrb/vrbreproduction/outputs/100subaction-e9/experiments/E9/pipeline_outputs/subaction_60_P01_109_60/candidate_03_frame_009586_right/vrb_style_affordance.png,/Users/huhu/Documents/Code/bishe/vrb/vrbreproduction/outputs/100subaction-e9/experiments/E9/pipeline_outputs/subaction_60_P01_109_60/candidate_03_frame_009586_right/mask_projection_overlay.png
64,P01_109_64,pick up potato bit,pick-up,bit:potato,10144.0,left,new_contact_episode,10143.0,1.0,contact_part_local_affine,contact_part_local_affine,grabcut_fallback,bbox_fallback,fallback_lk,failed,ModuleNotFoundError:No module named 'torch',small_object_whole_mask_allowed,1416,1.0,2198.0,0.9795008912655971,True,5,0.0,contact_part_mask,26,0,False,1.0,36,36,36,1.0,0.13756060600280762,5,0.0,0.955671625,,,,,,,6.279939848486581,42,5,0.13995555555555556,isotropic_e7,/Users/huhu/Documents/Code/bishe/vrb/vrbreproduction/outputs/100subaction-e9/experiments/E9/pipeline_outputs/subaction_64_P01_109_64/candidate_00_frame_010144_left,/Users/huhu/Documents/Code/bishe/vrb/vrbreproduction/outputs/100subaction-e9/experiments/E9/pipeline_outputs/subaction_64_P01_109_64/candidate_00_frame_010144_left/reference_frame.png,/Users/huhu/Documents/Code/bishe/vrb/vrbreproduction/outputs/100subaction-e9/experiments/E9/pipeline_outputs/subaction_64_P01_109_64/candidate_00_frame_010144_left/label_heatmap_merged_overlay.png,/Users/huhu/Documents/Code/bishe/vrb/vrbreproduction/outputs/100subaction-e9/experiments/E9/pipeline_outputs/subaction_64_P01_109_64/candidate_00_frame_010144_left/vrb_style_affordance.png,/Users/huhu/Documents/Code/bishe/vrb/vrbreproduction/outputs/100subaction-e9/experiments/E9/pipeline_outputs/subaction_64_P01_109_64/candidate_00_frame_010144_left/mask_projection_overlay.png
64,P01_109_64,pick up potato bit,pick-up,bit:potato,10146.0,left,new_contact_episode,10145.0,1.0,contact_part_local_affine,contact_part_local_affine,grabcut_fallback,bbox_fallback,fallback_lk,failed,ModuleNotFoundError:No module named 'torch',small_object_whole_mask_allowed,1407,1.0,2178.0,0.99,True,5,0.0,contact_part_mask,26,0,False,1.0,36,36,36,1.0,0.09003034234046936,5,0.0,0.955671625,,,,,,,6.278965756396452,40,5,0.14155555555555555,isotropic_e7,/Users/huhu/Documents/Code/bishe/vrb/vrbreproduction/outputs/100subaction-e9/experiments/E9/pipeline_outputs/subaction_64_P01_109_64/candidate_02_frame_010146_left,/Users/huhu/Documents/Code/bishe/vrb/vrbreproduction/outputs/100subaction-e9/experiments/E9/pipeline_outputs/subaction_64_P01_109_64/candidate_02_frame_010146_left/reference_frame.png,/Users/huhu/Documents/Code/bishe/vrb/vrbreproduction/outputs/100subaction-e9/experiments/E9/pipeline_outputs/subaction_64_P01_109_64/candidate_02_frame_010146_left/label_heatmap_merged_overlay.png,/Users/huhu/Documents/Code/bishe/vrb/vrbreproduction/outputs/100subaction-e9/experiments/E9/pipeline_outputs/subaction_64_P01_109_64/candidate_02_frame_010146_left/vrb_style_affordance.png,/Users/huhu/Documents/Code/bishe/vrb/vrbreproduction/outputs/100subaction-e9/experiments/E9/pipeline_outputs/subaction_64_P01_109_64/candidate_02_frame_010146_left/mask_projection_overlay.png
65,P01_109_65,put down potato bit,put-down,bit:potato,10184.0,left,new_contact_episode,10183.0,1.0,contact_part_local_affine,contact_part_local_affine,grabcut_fallback,bbox_fallback,fallback_lk,failed,ModuleNotFoundError:No module named 'torch',small_object_whole_mask_allowed,9800,0.7498087222647284,10892.0,0.4533799533799534,True,5,0.0,contact_part_mask,26,0,False,1.0,36,36,36,1.0,0.5461649894714355,5,0.0,1.0,,,,,,,6.345748383649189,153,5,0.0879111111111111,isotropic_e7,/Users/huhu/Documents/Code/bishe/vrb/vrbreproduction/outputs/100subaction-e9/experiments/E9/pipeline_outputs/subaction_65_P01_109_65/candidate_04_frame_010184_left,/Users/huhu/Documents/Code/bishe/vrb/vrbreproduction/outputs/100subaction-e9/experiments/E9/pipeline_outputs/subaction_65_P01_109_65/candidate_04_frame_010184_left/reference_frame.png,/Users/huhu/Documents/Code/bishe/vrb/vrbreproduction/outputs/100subaction-e9/experiments/E9/pipeline_outputs/subaction_65_P01_109_65/candidate_04_frame_010184_left/label_heatmap_merged_overlay.png,/Users/huhu/Documents/Code/bishe/vrb/vrbreproduction/outputs/100subaction-e9/experiments/E9/pipeline_outputs/subaction_65_P01_109_65/candidate_04_frame_010184_left/vrb_style_affordance.png,/Users/huhu/Documents/Code/bishe/vrb/vrbreproduction/outputs/100subaction-e9/experiments/E9/pipeline_outputs/subaction_65_P01_109_65/candidate_04_frame_010184_left/mask_projection_overlay.png
65,P01_109_65,put down potato bit,put-down,bit:potato,10186.0,left,new_contact_episode,10183.0,3.0,contact_part_local_affine,contact_part_local_affine,grabcut_fallback,bbox_fallback,fallback_lk,failed,ModuleNotFoundError:No module named 'torch',small_object_whole_mask_allowed,7430,0.7116858237547893,11152.0,0.4641831425598335,True,5,0.0,contact_part_mask,26,0,False,0.9777142857142858,36,35,29,0.8285714285714286,0.6572339534759521,5,0.0,1.0,,,,,,,6.225844886157626,142,5,0.0879111111111111,isotropic_e7,/Users/huhu/Documents/Code/bishe/vrb/vrbreproduction/outputs/100subaction-e9/experiments/E9/pipeline_outputs/subaction_65_P01_109_65/candidate_06_frame_010186_left,/Users/huhu/Documents/Code/bishe/vrb/vrbreproduction/outputs/100subaction-e9/experiments/E9/pipeline_outputs/subaction_65_P01_109_65/candidate_06_frame_010186_left/reference_frame.png,/Users/huhu/Documents/Code/bishe/vrb/vrbreproduction/outputs/100subaction-e9/experiments/E9/pipeline_outputs/subaction_65_P01_109_65/candidate_06_frame_010186_left/label_heatmap_merged_overlay.png,/Users/huhu/Documents/Code/bishe/vrb/vrbreproduction/outputs/100subaction-e9/experiments/E9/pipeline_outputs/subaction_65_P01_109_65/candidate_06_frame_010186_left/vrb_style_affordance.png,/Users/huhu/Documents/Code/bishe/vrb/vrbreproduction/outputs/100subaction-e9/experiments/E9/pipeline_outputs/subaction_65_P01_109_65/candidate_06_frame_010186_left/mask_projection_overlay.png
66,P01_109_66,move cutting board,move,board:cutting,10197.0,left,new_contact_episode,10196.0,1.0,contact_part_local_affine,contact_part_local_affine,grabcut_fallback,bbox_fallback,fallback_lk,failed,ModuleNotFoundError:No module named 'torch',contact_local_boundary,7325,0.7035151747983096,11030.0,0.516579243162233,True,5,0.0,contact_part_mask,26,0,False,1.0,36,36,36,1.0,0.3741919696331024,5,0.0,1.0,,,,,,,6.316707574244339,186,5,0.11071111111111111,isotropic_e7,/Users/huhu/Documents/Code/bishe/vrb/vrbreproduction/outputs/100subaction-e9/experiments/E9/pipeline_outputs/subaction_66_P01_109_66/candidate_00_frame_010197_left,/Users/huhu/Documents/Code/bishe/vrb/vrbreproduction/outputs/100subaction-e9/experiments/E9/pipeline_outputs/subaction_66_P01_109_66/candidate_00_frame_010197_left/reference_frame.png,/Users/huhu/Documents/Code/bishe/vrb/vrbreproduction/outputs/100subaction-e9/experiments/E9/pipeline_outputs/subaction_66_P01_109_66/candidate_00_frame_010197_left/label_heatmap_merged_overlay.png,/Users/huhu/Documents/Code/bishe/vrb/vrbreproduction/outputs/100subaction-e9/experiments/E9/pipeline_outputs/subaction_66_P01_109_66/candidate_00_frame_010197_left/vrb_style_affordance.png,/Users/huhu/Documents/Code/bishe/vrb/vrbreproduction/outputs/100subaction-e9/experiments/E9/pipeline_outputs/subaction_66_P01_109_66/candidate_00_frame_010197_left/mask_projection_overlay.png
66,P01_109_66,move cutting board,move,board:cutting,10199.0,left,new_contact_episode,10198.0,1.0,contact_part_local_affine,contact_part_local_affine,grabcut_fallback,bbox_fallback,fallback_lk,failed,ModuleNotFoundError:No module named 'torch',contact_local_boundary,7928,0.6962325458856591,10346.0,0.5181809075428228,True,5,0.0,contact_part_mask,26,0,False,0.9963888888888889,36,36,35,0.9722222222222222,0.40279266238212585,5,0.0,1.0,,,,,,,6.295771775684091,182,5,0.1128,isotropic_e7,/Users/huhu/Documents/Code/bishe/vrb/vrbreproduction/outputs/100subaction-e9/experiments/E9/pipeline_outputs/subaction_66_P01_109_66/candidate_02_frame_010199_left,/Users/huhu/Documents/Code/bishe/vrb/vrbreproduction/outputs/100subaction-e9/experiments/E9/pipeline_outputs/subaction_66_P01_109_66/candidate_02_frame_010199_left/reference_frame.png,/Users/huhu/Documents/Code/bishe/vrb/vrbreproduction/outputs/100subaction-e9/experiments/E9/pipeline_outputs/subaction_66_P01_109_66/candidate_02_frame_010199_left/label_heatmap_merged_overlay.png,/Users/huhu/Documents/Code/bishe/vrb/vrbreproduction/outputs/100subaction-e9/experiments/E9/pipeline_outputs/subaction_66_P01_109_66/candidate_02_frame_010199_left/vrb_style_affordance.png,/Users/huhu/Documents/Code/bishe/vrb/vrbreproduction/outputs/100subaction-e9/experiments/E9/pipeline_outputs/subaction_66_P01_109_66/candidate_02_frame_010199_left/mask_projection_overlay.png
66,P01_109_66,move cutting board,move,board:cutting,10201.0,left,new_contact_episode,10200.0,1.0,contact_part_local_affine,contact_part_local_affine,grabcut_fallback,bbox_fallback,fallback_lk,failed,ModuleNotFoundError:No module named 'torch',contact_local_boundary,9367,0.7713909248126493,10653.0,0.516759641038079,True,5,0.0,contact_part_mask,26,0,False,1.0,36,36,36,1.0,0.5161328911781311,5,0.0,1.0,,,,,,,6.319049346597988,202,5,0.1063111111111111,isotropic_e7,/Users/huhu/Documents/Code/bishe/vrb/vrbreproduction/outputs/100subaction-e9/experiments/E9/pipeline_outputs/subaction_66_P01_109_66/candidate_03_frame_010201_left,/Users/huhu/Documents/Code/bishe/vrb/vrbreproduction/outputs/100subaction-e9/experiments/E9/pipeline_outputs/subaction_66_P01_109_66/candidate_03_frame_010201_left/reference_frame.png,/Users/huhu/Documents/Code/bishe/vrb/vrbreproduction/outputs/100subaction-e9/experiments/E9/pipeline_outputs/subaction_66_P01_109_66/candidate_03_frame_010201_left/label_heatmap_merged_overlay.png,/Users/huhu/Documents/Code/bishe/vrb/vrbreproduction/outputs/100subaction-e9/experiments/E9/pipeline_outputs/subaction_66_P01_109_66/candidate_03_frame_010201_left/vrb_style_affordance.png,/Users/huhu/Documents/Code/bishe/vrb/vrbreproduction/outputs/100subaction-e9/experiments/E9/pipeline_outputs/subaction_66_P01_109_66/candidate_03_frame_010201_left/mask_projection_overlay.png
67,P01_109_67,put down knife,put-down,knife,10261.0,right,new_contact_episode,10260.0,1.0,contact_part_local_affine,contact_part_local_affine,grabcut_fallback,bbox_fallback,fallback_lk,failed,ModuleNotFoundError:No module named 'torch',handle_like_edge_or_endpoint,1356,1.0,3995.0,0.6094584286803967,True,5,0.0,contact_part_mask,26,0,False,1.0,36,36,36,1.0,0.15408626198768616,5,0.0,0.941336550625,,,,,,,6.229377412140368,92,5,0.17333333333333334,isotropic_e7,/Users/huhu/Documents/Code/bishe/vrb/vrbreproduction/outputs/100subaction-e9/experiments/E9/pipeline_outputs/subaction_67_P01_109_67/candidate_00_frame_010261_right,/Users/huhu/Documents/Code/bishe/vrb/vrbreproduction/outputs/100subaction-e9/experiments/E9/pipeline_outputs/subaction_67_P01_109_67/candidate_00_frame_010261_right/reference_frame.png,/Users/huhu/Documents/Code/bishe/vrb/vrbreproduction/outputs/100subaction-e9/experiments/E9/pipeline_outputs/subaction_67_P01_109_67/candidate_00_frame_010261_right/label_heatmap_merged_overlay.png,/Users/huhu/Documents/Code/bishe/vrb/vrbreproduction/outputs/100subaction-e9/experiments/E9/pipeline_outputs/subaction_67_P01_109_67/candidate_00_frame_010261_right/vrb_style_affordance.png,/Users/huhu/Documents/Code/bishe/vrb/vrbreproduction/outputs/100subaction-e9/experiments/E9/pipeline_outputs/subaction_67_P01_109_67/candidate_00_frame_010261_right/mask_projection_overlay.png
68,P01_109_68,pick up knife,pick-up,knife,10270.0,right,new_contact_episode,10268.0,2.0,contact_part_local_affine,contact_part_local_affine,grabcut_fallback,bbox_fallback,fallback_lk,failed,ModuleNotFoundError:No module named 'torch',handle_like_edge_or_endpoint,92,1.0,4748.0,0.7712800519818064,True,5,0.0,contact_part_mask,26,0,False,0.9796875,36,32,27,0.84375,0.759610652923584,5,0.0,0.941336550625,,,,,,,6.119765847078959,90,5,0.16675555555555555,isotropic_e7,/Users/huhu/Documents/Code/bishe/vrb/vrbreproduction/outputs/100subaction-e9/experiments/E9/pipeline_outputs/subaction_68_P01_109_68/candidate_01_frame_010270_right,/Users/huhu/Documents/Code/bishe/vrb/vrbreproduction/outputs/100subaction-e9/experiments/E9/pipeline_outputs/subaction_68_P01_109_68/candidate_01_frame_010270_right/reference_frame.png,/Users/huhu/Documents/Code/bishe/vrb/vrbreproduction/outputs/100subaction-e9/experiments/E9/pipeline_outputs/subaction_68_P01_109_68/candidate_01_frame_010270_right/label_heatmap_merged_overlay.png,/Users/huhu/Documents/Code/bishe/vrb/vrbreproduction/outputs/100subaction-e9/experiments/E9/pipeline_outputs/subaction_68_P01_109_68/candidate_01_frame_010270_right/vrb_style_affordance.png,/Users/huhu/Documents/Code/bishe/vrb/vrbreproduction/outputs/100subaction-e9/experiments/E9/pipeline_outputs/subaction_68_P01_109_68/candidate_01_frame_010270_right/mask_projection_overlay.png
68,P01_109_68,pick up knife,pick-up,knife,10276.0,left,new_contact_episode,10275.0,1.0,contact_part_local_affine,contact_part_local_affine,grabcut_fallback,bbox_fallback,fallback_lk,failed,ModuleNotFoundError:No module named 'torch',handle_like_edge_or_endpoint,2059,0.977218794494542,2148.0,0.9763636363636363,True,5,0.0,contact_part_mask,26,0,False,0.9579411764705882,36,34,23,0.6764705882352942,0.5823614001274109,5,0.0,0.941336550625,,,,,,,5.841242883486372,46,5,0.2919555555555556,isotropic_e7,/Users/huhu/Documents/Code/bishe/vrb/vrbreproduction/outputs/100subaction-e9/experiments/E9/pipeline_outputs/subaction_68_P01_109_68/candidate_03_frame_010276_left,/Users/huhu/Documents/Code/bishe/vrb/vrbreproduction/outputs/100subaction-e9/experiments/E9/pipeline_outputs/subaction_68_P01_109_68/candidate_03_frame_010276_left/reference_frame.png,/Users/huhu/Documents/Code/bishe/vrb/vrbreproduction/outputs/100subaction-e9/experiments/E9/pipeline_outputs/subaction_68_P01_109_68/candidate_03_frame_010276_left/label_heatmap_merged_overlay.png,/Users/huhu/Documents/Code/bishe/vrb/vrbreproduction/outputs/100subaction-e9/experiments/E9/pipeline_outputs/subaction_68_P01_109_68/candidate_03_frame_010276_left/vrb_style_affordance.png,/Users/huhu/Documents/Code/bishe/vrb/vrbreproduction/outputs/100subaction-e9/experiments/E9/pipeline_outputs/subaction_68_P01_109_68/candidate_03_frame_010276_left/mask_projection_overlay.png
68,P01_109_68,pick up knife,pick-up,knife,10278.0,left,new_contact_episode,10277.0,1.0,contact_part_local_affine,contact_part_local_affine,grabcut_fallback,bbox_fallback,fallback_lk,failed,ModuleNotFoundError:No module named 'torch',handle_like_edge_or_endpoint,1786,1.0,2009.0,1.0,True,5,0.0,contact_part_mask,26,0,False,1.0,36,36,36,1.0,1.0953969955444336,5,0.0,0.941336550625,,,,,,,5.996538090133666,91,5,0.30973333333333336,isotropic_e7,/Users/huhu/Documents/Code/bishe/vrb/vrbreproduction/outputs/100subaction-e9/experiments/E9/pipeline_outputs/subaction_68_P01_109_68/candidate_05_frame_010278_left,/Users/huhu/Documents/Code/bishe/vrb/vrbreproduction/outputs/100subaction-e9/experiments/E9/pipeline_outputs/subaction_68_P01_109_68/candidate_05_frame_010278_left/reference_frame.png,/Users/huhu/Documents/Code/bishe/vrb/vrbreproduction/outputs/100subaction-e9/experiments/E9/pipeline_outputs/subaction_68_P01_109_68/candidate_05_frame_010278_left/label_heatmap_merged_overlay.png,/Users/huhu/Documents/Code/bishe/vrb/vrbreproduction/outputs/100subaction-e9/experiments/E9/pipeline_outputs/subaction_68_P01_109_68/candidate_05_frame_010278_left/vrb_style_affordance.png,/Users/huhu/Documents/Code/bishe/vrb/vrbreproduction/outputs/100subaction-e9/experiments/E9/pipeline_outputs/subaction_68_P01_109_68/candidate_05_frame_010278_left/mask_projection_overlay.png
69,P01_109_69,slice potato,slice,potato,10375.0,left,new_contact_episode,10374.0,1.0,contact_part_local_affine,contact_part_local_affine,grabcut_fallback,bbox_fallback,fallback_lk,failed,ModuleNotFoundError:No module named 'torch',small_object_whole_mask_allowed,1518,1.0,1518.0,1.0,True,5,0.0,contact_part_mask,26,0,False,1.0,36,35,35,1.0,0.7094092965126038,5,0.0,0.941336550625,,,,,,,5.887917721104621,56,5,0.38986666666666664,isotropic_e7,/Users/huhu/Documents/Code/bishe/vrb/vrbreproduction/outputs/100subaction-e9/experiments/E9/pipeline_outputs/subaction_69_P01_109_69/candidate_01_frame_010375_left,/Users/huhu/Documents/Code/bishe/vrb/vrbreproduction/outputs/100subaction-e9/experiments/E9/pipeline_outputs/subaction_69_P01_109_69/candidate_01_frame_010375_left/reference_frame.png,/Users/huhu/Documents/Code/bishe/vrb/vrbreproduction/outputs/100subaction-e9/experiments/E9/pipeline_outputs/subaction_69_P01_109_69/candidate_01_frame_010375_left/label_heatmap_merged_overlay.png,/Users/huhu/Documents/Code/bishe/vrb/vrbreproduction/outputs/100subaction-e9/experiments/E9/pipeline_outputs/subaction_69_P01_109_69/candidate_01_frame_010375_left/vrb_style_affordance.png,/Users/huhu/Documents/Code/bishe/vrb/vrbreproduction/outputs/100subaction-e9/experiments/E9/pipeline_outputs/subaction_69_P01_109_69/candidate_01_frame_010375_left/mask_projection_overlay.png
69,P01_109_69,slice potato,slice,potato,10386.0,left,new_contact_episode,10385.0,1.0,contact_part_local_affine,contact_part_local_affine,grabcut_fallback,bbox_fallback,fallback_lk,failed,ModuleNotFoundError:No module named 'torch',small_object_whole_mask_allowed,704,1.0,1287.0,1.0,True,5,0.0,contact_part_mask,26,0,False,1.0,36,36,36,1.0,0.7331233620643616,5,0.0,0.941336550625,,,,,,,5.981006299138069,165,5,0.3273333333333333,isotropic_e7,/Users/huhu/Documents/Code/bishe/vrb/vrbreproduction/outputs/100subaction-e9/experiments/E9/pipeline_outputs/subaction_69_P01_109_69/candidate_05_frame_010386_left,/Users/huhu/Documents/Code/bishe/vrb/vrbreproduction/outputs/100subaction-e9/experiments/E9/pipeline_outputs/subaction_69_P01_109_69/candidate_05_frame_010386_left/reference_frame.png,/Users/huhu/Documents/Code/bishe/vrb/vrbreproduction/outputs/100subaction-e9/experiments/E9/pipeline_outputs/subaction_69_P01_109_69/candidate_05_frame_010386_left/label_heatmap_merged_overlay.png,/Users/huhu/Documents/Code/bishe/vrb/vrbreproduction/outputs/100subaction-e9/experiments/E9/pipeline_outputs/subaction_69_P01_109_69/candidate_05_frame_010386_left/vrb_style_affordance.png,/Users/huhu/Documents/Code/bishe/vrb/vrbreproduction/outputs/100subaction-e9/experiments/E9/pipeline_outputs/subaction_69_P01_109_69/candidate_05_frame_010386_left/mask_projection_overlay.png
69,P01_109_69,slice potato,slice,potato,11290.0,left,new_contact_episode,11289.0,1.0,contact_part_local_affine,contact_part_local_affine,grabcut_fallback,bbox_fallback,fallback_lk,failed,ModuleNotFoundError:No module named 'torch',small_object_whole_mask_allowed,842,1.0,1508.0,1.0,True,5,0.0,contact_part_mask,26,0,False,1.0,36,36,36,1.0,0.39483100175857544,5,0.0,1.0,,,,,,,6.029221736613908,96,5,0.30195555555555553,isotropic_e7,/Users/huhu/Documents/Code/bishe/vrb/vrbreproduction/outputs/100subaction-e9/experiments/E9/pipeline_outputs/subaction_69_P01_109_69/candidate_11_frame_011290_left,/Users/huhu/Documents/Code/bishe/vrb/vrbreproduction/outputs/100subaction-e9/experiments/E9/pipeline_outputs/subaction_69_P01_109_69/candidate_11_frame_011290_left/reference_frame.png,/Users/huhu/Documents/Code/bishe/vrb/vrbreproduction/outputs/100subaction-e9/experiments/E9/pipeline_outputs/subaction_69_P01_109_69/candidate_11_frame_011290_left/label_heatmap_merged_overlay.png,/Users/huhu/Documents/Code/bishe/vrb/vrbreproduction/outputs/100subaction-e9/experiments/E9/pipeline_outputs/subaction_69_P01_109_69/candidate_11_frame_011290_left/vrb_style_affordance.png,/Users/huhu/Documents/Code/bishe/vrb/vrbreproduction/outputs/100subaction-e9/experiments/E9/pipeline_outputs/subaction_69_P01_109_69/candidate_11_frame_011290_left/mask_projection_overlay.png
70,P01_109_70,put down knife,put-down,knife,11914.0,left,continuation_entry_rescue,11913.0,1.0,contact_part_local_affine,contact_part_local_affine,grabcut_fallback,bbox_fallback,fallback_lk,failed,ModuleNotFoundError:No module named 'torch',handle_like_edge_or_endpoint,481,1.0,650.0,1.0,True,5,0.0,contact_part_mask,26,0,False,1.0,36,36,36,1.0,0.2869599461555481,5,0.0,0.8996086310076885,,,,,,,6.304057868281999,117,5,0.12088888888888889,isotropic_e7,/Users/huhu/Documents/Code/bishe/vrb/vrbreproduction/outputs/100subaction-e9/experiments/E9/pipeline_outputs/subaction_70_P01_109_70/candidate_03_frame_011914_left,/Users/huhu/Documents/Code/bishe/vrb/vrbreproduction/outputs/100subaction-e9/experiments/E9/pipeline_outputs/subaction_70_P01_109_70/candidate_03_frame_011914_left/reference_frame.png,/Users/huhu/Documents/Code/bishe/vrb/vrbreproduction/outputs/100subaction-e9/experiments/E9/pipeline_outputs/subaction_70_P01_109_70/candidate_03_frame_011914_left/label_heatmap_merged_overlay.png,/Users/huhu/Documents/Code/bishe/vrb/vrbreproduction/outputs/100subaction-e9/experiments/E9/pipeline_outputs/subaction_70_P01_109_70/candidate_03_frame_011914_left/vrb_style_affordance.png,/Users/huhu/Documents/Code/bishe/vrb/vrbreproduction/outputs/100subaction-e9/experiments/E9/pipeline_outputs/subaction_70_P01_109_70/candidate_03_frame_011914_left/mask_projection_overlay.png
71,P01_109_71,put down potato slices,put-down,slice:potato,11983.0,right,new_contact_episode,11982.0,1.0,contact_part_local_affine,contact_part_local_affine,grabcut_fallback,bbox_fallback,fallback_lk,failed,ModuleNotFoundError:No module named 'torch',small_object_whole_mask_allowed,5266,0.9813641446142378,8207.0,0.8220152243589743,True,5,0.0,contact_part_mask,26,0,False,0.9963888888888889,36,36,35,0.9722222222222222,0.5662570595741272,5,0.0,0.8996086310076885,,,,,,,6.0864678437683315,82,5,0.24906666666666666,isotropic_e7,/Users/huhu/Documents/Code/bishe/vrb/vrbreproduction/outputs/100subaction-e9/experiments/E9/pipeline_outputs/subaction_71_P01_109_71/candidate_02_frame_011983_right,/Users/huhu/Documents/Code/bishe/vrb/vrbreproduction/outputs/100subaction-e9/experiments/E9/pipeline_outputs/subaction_71_P01_109_71/candidate_02_frame_011983_right/reference_frame.png,/Users/huhu/Documents/Code/bishe/vrb/vrbreproduction/outputs/100subaction-e9/experiments/E9/pipeline_outputs/subaction_71_P01_109_71/candidate_02_frame_011983_right/label_heatmap_merged_overlay.png,/Users/huhu/Documents/Code/bishe/vrb/vrbreproduction/outputs/100subaction-e9/experiments/E9/pipeline_outputs/subaction_71_P01_109_71/candidate_02_frame_011983_right/vrb_style_affordance.png,/Users/huhu/Documents/Code/bishe/vrb/vrbreproduction/outputs/100subaction-e9/experiments/E9/pipeline_outputs/subaction_71_P01_109_71/candidate_02_frame_011983_right/mask_projection_overlay.png
72,P01_109_72,pick up potato slices,pick-up,slice:potato,12007.0,right,continuation_entry_rescue,12006.0,1.0,contact_part_local_affine,contact_part_local_affine,grabcut_fallback,bbox_fallback,fallback_lk,failed,ModuleNotFoundError:No module named 'torch',small_object_whole_mask_allowed,2016,1.0,2068.0,1.0,True,5,0.0,contact_part_mask,26,0,False,1.0,36,36,36,1.0,0.40234869718551636,5,0.0,0.5100594460712041,,,,,,,5.974329539084433,76,5,0.3384,isotropic_e7,/Users/huhu/Documents/Code/bishe/vrb/vrbreproduction/outputs/100subaction-e9/experiments/E9/pipeline_outputs/subaction_72_P01_109_72/candidate_03_frame_012007_right,/Users/huhu/Documents/Code/bishe/vrb/vrbreproduction/outputs/100subaction-e9/experiments/E9/pipeline_outputs/subaction_72_P01_109_72/candidate_03_frame_012007_right/reference_frame.png,/Users/huhu/Documents/Code/bishe/vrb/vrbreproduction/outputs/100subaction-e9/experiments/E9/pipeline_outputs/subaction_72_P01_109_72/candidate_03_frame_012007_right/label_heatmap_merged_overlay.png,/Users/huhu/Documents/Code/bishe/vrb/vrbreproduction/outputs/100subaction-e9/experiments/E9/pipeline_outputs/subaction_72_P01_109_72/candidate_03_frame_012007_right/vrb_style_affordance.png,/Users/huhu/Documents/Code/bishe/vrb/vrbreproduction/outputs/100subaction-e9/experiments/E9/pipeline_outputs/subaction_72_P01_109_72/candidate_03_frame_012007_right/mask_projection_overlay.png
73,P01_109_73,put down potato slices,put-down,slice:potato,12104.0,right,new_contact_episode,12096.0,8.0,contact_part_local_affine,contact_part_local_affine,grabcut_fallback,bbox_fallback,fallback_lk,failed,ModuleNotFoundError:No module named 'torch',small_object_whole_mask_allowed,697,1.0,1160.0,1.0,True,5,0.0,contact_part_mask,26,0,False,0.9596551724137932,36,29,20,0.6896551724137931,1.6860620975494385,5,0.0,0.5100594460712041,,,,,,,5.95670779224593,85,5,0.17026666666666668,isotropic_e7,/Users/huhu/Documents/Code/bishe/vrb/vrbreproduction/outputs/100subaction-e9/experiments/E9/pipeline_outputs/subaction_73_P01_109_73/candidate_00_frame_012104_right,/Users/huhu/Documents/Code/bishe/vrb/vrbreproduction/outputs/100subaction-e9/experiments/E9/pipeline_outputs/subaction_73_P01_109_73/candidate_00_frame_012104_right/reference_frame.png,/Users/huhu/Documents/Code/bishe/vrb/vrbreproduction/outputs/100subaction-e9/experiments/E9/pipeline_outputs/subaction_73_P01_109_73/candidate_00_frame_012104_right/label_heatmap_merged_overlay.png,/Users/huhu/Documents/Code/bishe/vrb/vrbreproduction/outputs/100subaction-e9/experiments/E9/pipeline_outputs/subaction_73_P01_109_73/candidate_00_frame_012104_right/vrb_style_affordance.png,/Users/huhu/Documents/Code/bishe/vrb/vrbreproduction/outputs/100subaction-e9/experiments/E9/pipeline_outputs/subaction_73_P01_109_73/candidate_00_frame_012104_right/mask_projection_overlay.png
73,P01_109_73,put down potato slices,put-down,slice:potato,12169.0,left,new_contact_episode,12168.0,1.0,contact_part_local_affine,contact_part_local_affine,grabcut_fallback,bbox_fallback,fallback_lk,failed,ModuleNotFoundError:No module named 'torch',small_object_whole_mask_allowed,690,1.0,713.0,1.0,True,5,0.0,contact_part_mask,26,0,False,1.0,36,36,36,1.0,0.371135950088501,5,0.0,0.5100594460712041,,,,,,,6.168965921497344,9,5,0.18826666666666667,isotropic_e7,/Users/huhu/Documents/Code/bishe/vrb/vrbreproduction/outputs/100subaction-e9/experiments/E9/pipeline_outputs/subaction_73_P01_109_73/candidate_06_frame_012169_left,/Users/huhu/Documents/Code/bishe/vrb/vrbreproduction/outputs/100subaction-e9/experiments/E9/pipeline_outputs/subaction_73_P01_109_73/candidate_06_frame_012169_left/reference_frame.png,/Users/huhu/Documents/Code/bishe/vrb/vrbreproduction/outputs/100subaction-e9/experiments/E9/pipeline_outputs/subaction_73_P01_109_73/candidate_06_frame_012169_left/label_heatmap_merged_overlay.png,/Users/huhu/Documents/Code/bishe/vrb/vrbreproduction/outputs/100subaction-e9/experiments/E9/pipeline_outputs/subaction_73_P01_109_73/candidate_06_frame_012169_left/vrb_style_affordance.png,/Users/huhu/Documents/Code/bishe/vrb/vrbreproduction/outputs/100subaction-e9/experiments/E9/pipeline_outputs/subaction_73_P01_109_73/candidate_06_frame_012169_left/mask_projection_overlay.png
73,P01_109_73,put down potato slices,put-down,slice:potato,12171.0,right,new_contact_episode,12165.0,6.0,contact_part_local_affine,contact_part_local_affine,grabcut_fallback,bbox_fallback,fallback_lk,failed,ModuleNotFoundError:No module named 'torch',small_object_whole_mask_allowed,840,1.0,4607.0,0.91681592039801,True,5,0.0,contact_part_mask,26,0,False,0.9891666666666667,36,36,33,0.9166666666666666,1.242284893989563,5,0.0,0.5100594460712041,,,,,,,6.030164786513647,55,5,0.23048888888888888,isotropic_e7,/Users/huhu/Documents/Code/bishe/vrb/vrbreproduction/outputs/100subaction-e9/experiments/E9/pipeline_outputs/subaction_73_P01_109_73/candidate_11_frame_012171_right,/Users/huhu/Documents/Code/bishe/vrb/vrbreproduction/outputs/100subaction-e9/experiments/E9/pipeline_outputs/subaction_73_P01_109_73/candidate_11_frame_012171_right/reference_frame.png,/Users/huhu/Documents/Code/bishe/vrb/vrbreproduction/outputs/100subaction-e9/experiments/E9/pipeline_outputs/subaction_73_P01_109_73/candidate_11_frame_012171_right/label_heatmap_merged_overlay.png,/Users/huhu/Documents/Code/bishe/vrb/vrbreproduction/outputs/100subaction-e9/experiments/E9/pipeline_outputs/subaction_73_P01_109_73/candidate_11_frame_012171_right/vrb_style_affordance.png,/Users/huhu/Documents/Code/bishe/vrb/vrbreproduction/outputs/100subaction-e9/experiments/E9/pipeline_outputs/subaction_73_P01_109_73/candidate_11_frame_012171_right/mask_projection_overlay.png
74,P01_109_74,pick up potato slices,pick-up,slice:potato,12199.0,left,new_contact_episode,12198.0,1.0,contact_part_local_affine,contact_part_local_affine,grabcut_fallback,bbox_fallback,fallback_lk,failed,ModuleNotFoundError:No module named 'torch',small_object_whole_mask_allowed,1264,1.0,1932.0,1.0,True,5,0.0,contact_part_mask,26,0,False,0.9694117647058824,36,34,26,0.7647058823529411,1.6142655611038208,5,0.0,0.2092942838098164,,,,,,,6.03704262140218,68,5,0.17666666666666667,isotropic_e7,/Users/huhu/Documents/Code/bishe/vrb/vrbreproduction/outputs/100subaction-e9/experiments/E9/pipeline_outputs/subaction_74_P01_109_74/candidate_03_frame_012199_left,/Users/huhu/Documents/Code/bishe/vrb/vrbreproduction/outputs/100subaction-e9/experiments/E9/pipeline_outputs/subaction_74_P01_109_74/candidate_03_frame_012199_left/reference_frame.png,/Users/huhu/Documents/Code/bishe/vrb/vrbreproduction/outputs/100subaction-e9/experiments/E9/pipeline_outputs/subaction_74_P01_109_74/candidate_03_frame_012199_left/label_heatmap_merged_overlay.png,/Users/huhu/Documents/Code/bishe/vrb/vrbreproduction/outputs/100subaction-e9/experiments/E9/pipeline_outputs/subaction_74_P01_109_74/candidate_03_frame_012199_left/vrb_style_affordance.png,/Users/huhu/Documents/Code/bishe/vrb/vrbreproduction/outputs/100subaction-e9/experiments/E9/pipeline_outputs/subaction_74_P01_109_74/candidate_03_frame_012199_left/mask_projection_overlay.png
74,P01_109_74,pick up potato slices,pick-up,slice:potato,12201.0,left,new_contact_episode,12200.0,1.0,contact_part_local_affine,contact_part_local_affine,grabcut_fallback,bbox_fallback,fallback_lk,failed,ModuleNotFoundError:No module named 'torch',small_object_whole_mask_allowed,1282,1.0,1845.0,1.0,True,5,0.0,contact_part_mask,26,0,False,0.9962857142857143,36,35,34,0.9714285714285714,0.5562235116958618,5,0.0,0.2092942838098164,,,,,,,6.154418056553886,127,5,0.20364444444444443,isotropic_e7,/Users/huhu/Documents/Code/bishe/vrb/vrbreproduction/outputs/100subaction-e9/experiments/E9/pipeline_outputs/subaction_74_P01_109_74/candidate_05_frame_012201_left,/Users/huhu/Documents/Code/bishe/vrb/vrbreproduction/outputs/100subaction-e9/experiments/E9/pipeline_outputs/subaction_74_P01_109_74/candidate_05_frame_012201_left/reference_frame.png,/Users/huhu/Documents/Code/bishe/vrb/vrbreproduction/outputs/100subaction-e9/experiments/E9/pipeline_outputs/subaction_74_P01_109_74/candidate_05_frame_012201_left/label_heatmap_merged_overlay.png,/Users/huhu/Documents/Code/bishe/vrb/vrbreproduction/outputs/100subaction-e9/experiments/E9/pipeline_outputs/subaction_74_P01_109_74/candidate_05_frame_012201_left/vrb_style_affordance.png,/Users/huhu/Documents/Code/bishe/vrb/vrbreproduction/outputs/100subaction-e9/experiments/E9/pipeline_outputs/subaction_74_P01_109_74/candidate_05_frame_012201_left/mask_projection_overlay.png
74,P01_109_74,pick up potato slices,pick-up,slice:potato,12214.0,right,new_contact_episode,12213.0,1.0,contact_part_local_affine,contact_part_local_affine,grabcut_fallback,bbox_fallback,fallback_lk,failed,ModuleNotFoundError:No module named 'torch',small_object_whole_mask_allowed,2906,0.8766214177978884,4152.0,0.9177718832891246,True,5,0.0,contact_part_mask,26,0,False,1.0,36,35,35,1.0,0.5514340400695801,5,0.0,0.2092942838098164,,,,,,,6.070523645464578,50,5,0.2712888888888889,isotropic_e7,/Users/huhu/Documents/Code/bishe/vrb/vrbreproduction/outputs/100subaction-e9/experiments/E9/pipeline_outputs/subaction_74_P01_109_74/candidate_07_frame_012214_right,/Users/huhu/Documents/Code/bishe/vrb/vrbreproduction/outputs/100subaction-e9/experiments/E9/pipeline_outputs/subaction_74_P01_109_74/candidate_07_frame_012214_right/reference_frame.png,/Users/huhu/Documents/Code/bishe/vrb/vrbreproduction/outputs/100subaction-e9/experiments/E9/pipeline_outputs/subaction_74_P01_109_74/candidate_07_frame_012214_right/label_heatmap_merged_overlay.png,/Users/huhu/Documents/Code/bishe/vrb/vrbreproduction/outputs/100subaction-e9/experiments/E9/pipeline_outputs/subaction_74_P01_109_74/candidate_07_frame_012214_right/vrb_style_affordance.png,/Users/huhu/Documents/Code/bishe/vrb/vrbreproduction/outputs/100subaction-e9/experiments/E9/pipeline_outputs/subaction_74_P01_109_74/candidate_07_frame_012214_right/mask_projection_overlay.png
75,P01_109_75,put down potato slices,put-down,slice:potato,12295.0,right,new_contact_episode,12286.0,9.0,contact_part_local_affine,contact_part_local_affine,grabcut_fallback,bbox_fallback,fallback_lk,failed,ModuleNotFoundError:No module named 'torch',small_object_whole_mask_allowed,1080,1.0,1722.0,1.0,True,5,0.0,contact_part_mask,26,0,False,0.9881818181818183,36,22,20,0.9090909090909091,1.756605863571167,5,0.0,0.2092942838098164,,,,,,,6.125047278638319,78,5,0.14186666666666667,isotropic_e7,/Users/huhu/Documents/Code/bishe/vrb/vrbreproduction/outputs/100subaction-e9/experiments/E9/pipeline_outputs/subaction_75_P01_109_75/candidate_01_frame_012295_right,/Users/huhu/Documents/Code/bishe/vrb/vrbreproduction/outputs/100subaction-e9/experiments/E9/pipeline_outputs/subaction_75_P01_109_75/candidate_01_frame_012295_right/reference_frame.png,/Users/huhu/Documents/Code/bishe/vrb/vrbreproduction/outputs/100subaction-e9/experiments/E9/pipeline_outputs/subaction_75_P01_109_75/candidate_01_frame_012295_right/label_heatmap_merged_overlay.png,/Users/huhu/Documents/Code/bishe/vrb/vrbreproduction/outputs/100subaction-e9/experiments/E9/pipeline_outputs/subaction_75_P01_109_75/candidate_01_frame_012295_right/vrb_style_affordance.png,/Users/huhu/Documents/Code/bishe/vrb/vrbreproduction/outputs/100subaction-e9/experiments/E9/pipeline_outputs/subaction_75_P01_109_75/candidate_01_frame_012295_right/mask_projection_overlay.png
75,P01_109_75,put down potato slices,put-down,slice:potato,12326.0,right,new_contact_episode,12324.0,2.0,contact_part_local_affine,contact_part_local_affine,grabcut_fallback,bbox_fallback,fallback_lk,failed,ModuleNotFoundError:No module named 'torch',small_object_whole_mask_allowed,5765,0.83285177694308,7637.0,0.7304638928742229,True,5,0.0,contact_part_mask,26,0,False,0.9963888888888889,36,36,35,0.9722222222222222,0.17713132500648499,5,0.0,0.2092942838098164,,,,,,,6.236941615805362,122,5,0.15253333333333333,isotropic_e7,/Users/huhu/Documents/Code/bishe/vrb/vrbreproduction/outputs/100subaction-e9/experiments/E9/pipeline_outputs/subaction_75_P01_109_75/candidate_04_frame_012326_right,/Users/huhu/Documents/Code/bishe/vrb/vrbreproduction/outputs/100subaction-e9/experiments/E9/pipeline_outputs/subaction_75_P01_109_75/candidate_04_frame_012326_right/reference_frame.png,/Users/huhu/Documents/Code/bishe/vrb/vrbreproduction/outputs/100subaction-e9/experiments/E9/pipeline_outputs/subaction_75_P01_109_75/candidate_04_frame_012326_right/label_heatmap_merged_overlay.png,/Users/huhu/Documents/Code/bishe/vrb/vrbreproduction/outputs/100subaction-e9/experiments/E9/pipeline_outputs/subaction_75_P01_109_75/candidate_04_frame_012326_right/vrb_style_affordance.png,/Users/huhu/Documents/Code/bishe/vrb/vrbreproduction/outputs/100subaction-e9/experiments/E9/pipeline_outputs/subaction_75_P01_109_75/candidate_04_frame_012326_right/mask_projection_overlay.png
76,P01_109_76,pick up potato slice,pick-up,slice:potato,12326.0,right,new_contact_episode,12324.0,2.0,contact_part_local_affine,contact_part_local_affine,grabcut_fallback,bbox_fallback,fallback_lk,failed,ModuleNotFoundError:No module named 'torch',small_object_whole_mask_allowed,5765,0.83285177694308,7637.0,0.7304638928742229,True,5,0.0,contact_part_mask,26,0,False,0.9963888888888889,36,36,35,0.9722222222222222,0.17713132500648499,5,0.0,0.2092942838098164,,,,,,,6.236941615805362,122,5,0.15253333333333333,isotropic_e7,/Users/huhu/Documents/Code/bishe/vrb/vrbreproduction/outputs/100subaction-e9/experiments/E9/pipeline_outputs/subaction_76_P01_109_76/candidate_01_frame_012326_right,/Users/huhu/Documents/Code/bishe/vrb/vrbreproduction/outputs/100subaction-e9/experiments/E9/pipeline_outputs/subaction_76_P01_109_76/candidate_01_frame_012326_right/reference_frame.png,/Users/huhu/Documents/Code/bishe/vrb/vrbreproduction/outputs/100subaction-e9/experiments/E9/pipeline_outputs/subaction_76_P01_109_76/candidate_01_frame_012326_right/label_heatmap_merged_overlay.png,/Users/huhu/Documents/Code/bishe/vrb/vrbreproduction/outputs/100subaction-e9/experiments/E9/pipeline_outputs/subaction_76_P01_109_76/candidate_01_frame_012326_right/vrb_style_affordance.png,/Users/huhu/Documents/Code/bishe/vrb/vrbreproduction/outputs/100subaction-e9/experiments/E9/pipeline_outputs/subaction_76_P01_109_76/candidate_01_frame_012326_right/mask_projection_overlay.png
76,P01_109_76,pick up potato slice,pick-up,slice:potato,12335.0,left,new_contact_episode,12334.0,1.0,contact_part_local_affine,contact_part_local_affine,grabcut_fallback,bbox_fallback,fallback_lk,failed,ModuleNotFoundError:No module named 'torch',small_object_whole_mask_allowed,584,1.0,1482.0,1.0,True,5,0.0,contact_part_mask,26,0,False,1.0,36,28,28,1.0,1.5603039264678955,5,0.0,0.2092942838098164,,,,,,,6.184224215539295,48,5,0.15431111111111112,isotropic_e7,/Users/huhu/Documents/Code/bishe/vrb/vrbreproduction/outputs/100subaction-e9/experiments/E9/pipeline_outputs/subaction_76_P01_109_76/candidate_03_frame_012335_left,/Users/huhu/Documents/Code/bishe/vrb/vrbreproduction/outputs/100subaction-e9/experiments/E9/pipeline_outputs/subaction_76_P01_109_76/candidate_03_frame_012335_left/reference_frame.png,/Users/huhu/Documents/Code/bishe/vrb/vrbreproduction/outputs/100subaction-e9/experiments/E9/pipeline_outputs/subaction_76_P01_109_76/candidate_03_frame_012335_left/label_heatmap_merged_overlay.png,/Users/huhu/Documents/Code/bishe/vrb/vrbreproduction/outputs/100subaction-e9/experiments/E9/pipeline_outputs/subaction_76_P01_109_76/candidate_03_frame_012335_left/vrb_style_affordance.png,/Users/huhu/Documents/Code/bishe/vrb/vrbreproduction/outputs/100subaction-e9/experiments/E9/pipeline_outputs/subaction_76_P01_109_76/candidate_03_frame_012335_left/mask_projection_overlay.png
76,P01_109_76,pick up potato slice,pick-up,slice:potato,12341.0,left,new_contact_episode,12339.0,2.0,contact_part_local_affine,contact_part_local_affine,grabcut_fallback,bbox_fallback,fallback_lk,failed,ModuleNotFoundError:No module named 'torch',small_object_whole_mask_allowed,649,1.0,1015.0,1.0,True,5,0.0,contact_part_mask,26,0,False,1.0,36,36,36,1.0,0.96051025390625,5,0.0,0.2092942838098164,,,,,,,6.1278571923828125,86,5,0.1792,isotropic_e7,/Users/huhu/Documents/Code/bishe/vrb/vrbreproduction/outputs/100subaction-e9/experiments/E9/pipeline_outputs/subaction_76_P01_109_76/candidate_07_frame_012341_left,/Users/huhu/Documents/Code/bishe/vrb/vrbreproduction/outputs/100subaction-e9/experiments/E9/pipeline_outputs/subaction_76_P01_109_76/candidate_07_frame_012341_left/reference_frame.png,/Users/huhu/Documents/Code/bishe/vrb/vrbreproduction/outputs/100subaction-e9/experiments/E9/pipeline_outputs/subaction_76_P01_109_76/candidate_07_frame_012341_left/label_heatmap_merged_overlay.png,/Users/huhu/Documents/Code/bishe/vrb/vrbreproduction/outputs/100subaction-e9/experiments/E9/pipeline_outputs/subaction_76_P01_109_76/candidate_07_frame_012341_left/vrb_style_affordance.png,/Users/huhu/Documents/Code/bishe/vrb/vrbreproduction/outputs/100subaction-e9/experiments/E9/pipeline_outputs/subaction_76_P01_109_76/candidate_07_frame_012341_left/mask_projection_overlay.png
77,P01_109_78,pick up potato slice,pick-up,slice:potato,12335.0,left,new_contact_episode,12334.0,1.0,contact_part_local_affine,contact_part_local_affine,grabcut_fallback,bbox_fallback,fallback_lk,failed,ModuleNotFoundError:No module named 'torch',small_object_whole_mask_allowed,584,1.0,1482.0,1.0,True,5,0.0,contact_part_mask,26,0,False,1.0,36,28,28,1.0,1.5603039264678955,5,0.0,0.2092942838098164,,,,,,,6.184224215539295,48,5,0.15431111111111112,isotropic_e7,/Users/huhu/Documents/Code/bishe/vrb/vrbreproduction/outputs/100subaction-e9/experiments/E9/pipeline_outputs/subaction_77_P01_109_78/candidate_00_frame_012335_left,/Users/huhu/Documents/Code/bishe/vrb/vrbreproduction/outputs/100subaction-e9/experiments/E9/pipeline_outputs/subaction_77_P01_109_78/candidate_00_frame_012335_left/reference_frame.png,/Users/huhu/Documents/Code/bishe/vrb/vrbreproduction/outputs/100subaction-e9/experiments/E9/pipeline_outputs/subaction_77_P01_109_78/candidate_00_frame_012335_left/label_heatmap_merged_overlay.png,/Users/huhu/Documents/Code/bishe/vrb/vrbreproduction/outputs/100subaction-e9/experiments/E9/pipeline_outputs/subaction_77_P01_109_78/candidate_00_frame_012335_left/vrb_style_affordance.png,/Users/huhu/Documents/Code/bishe/vrb/vrbreproduction/outputs/100subaction-e9/experiments/E9/pipeline_outputs/subaction_77_P01_109_78/candidate_00_frame_012335_left/mask_projection_overlay.png
77,P01_109_78,pick up potato slice,pick-up,slice:potato,12361.0,right,new_contact_episode,12360.0,1.0,contact_part_local_affine,contact_part_local_affine,grabcut_fallback,bbox_fallback,fallback_lk,failed,ModuleNotFoundError:No module named 'torch',small_object_whole_mask_allowed,1029,1.0,3921.0,0.7261111111111112,True,5,0.0,contact_part_mask,26,0,False,1.0,36,32,32,1.0,0.08550509810447693,5,0.0,0.2092942838098164,,,,,,,6.207801513723532,52,5,0.1680888888888889,isotropic_e7,/Users/huhu/Documents/Code/bishe/vrb/vrbreproduction/outputs/100subaction-e9/experiments/E9/pipeline_outputs/subaction_77_P01_109_78/candidate_09_frame_012361_right,/Users/huhu/Documents/Code/bishe/vrb/vrbreproduction/outputs/100subaction-e9/experiments/E9/pipeline_outputs/subaction_77_P01_109_78/candidate_09_frame_012361_right/reference_frame.png,/Users/huhu/Documents/Code/bishe/vrb/vrbreproduction/outputs/100subaction-e9/experiments/E9/pipeline_outputs/subaction_77_P01_109_78/candidate_09_frame_012361_right/label_heatmap_merged_overlay.png,/Users/huhu/Documents/Code/bishe/vrb/vrbreproduction/outputs/100subaction-e9/experiments/E9/pipeline_outputs/subaction_77_P01_109_78/candidate_09_frame_012361_right/vrb_style_affordance.png,/Users/huhu/Documents/Code/bishe/vrb/vrbreproduction/outputs/100subaction-e9/experiments/E9/pipeline_outputs/subaction_77_P01_109_78/candidate_09_frame_012361_right/mask_projection_overlay.png
77,P01_109_78,pick up potato slice,pick-up,slice:potato,12363.0,right,new_contact_episode,12361.0,2.0,contact_part_local_affine,contact_part_local_affine,grabcut_fallback,bbox_fallback,fallback_lk,failed,ModuleNotFoundError:No module named 'torch',small_object_whole_mask_allowed,3275,0.8822737068965517,4372.0,0.8796780684104628,True,5,0.0,contact_part_mask,26,0,False,0.9925714285714287,36,35,33,0.9428571428571428,0.3041825592517853,5,0.0,0.2092942838098164,,,,,,,6.1962173803653045,56,5,0.1652,isotropic_e7,/Users/huhu/Documents/Code/bishe/vrb/vrbreproduction/outputs/100subaction-e9/experiments/E9/pipeline_outputs/subaction_77_P01_109_78/candidate_11_frame_012363_right,/Users/huhu/Documents/Code/bishe/vrb/vrbreproduction/outputs/100subaction-e9/experiments/E9/pipeline_outputs/subaction_77_P01_109_78/candidate_11_frame_012363_right/reference_frame.png,/Users/huhu/Documents/Code/bishe/vrb/vrbreproduction/outputs/100subaction-e9/experiments/E9/pipeline_outputs/subaction_77_P01_109_78/candidate_11_frame_012363_right/label_heatmap_merged_overlay.png,/Users/huhu/Documents/Code/bishe/vrb/vrbreproduction/outputs/100subaction-e9/experiments/E9/pipeline_outputs/subaction_77_P01_109_78/candidate_11_frame_012363_right/vrb_style_affordance.png,/Users/huhu/Documents/Code/bishe/vrb/vrbreproduction/outputs/100subaction-e9/experiments/E9/pipeline_outputs/subaction_77_P01_109_78/candidate_11_frame_012363_right/mask_projection_overlay.png
78,P01_109_79,put down potato slice,put-down,slice:potato,12388.0,right,continuation_entry_rescue,12387.0,1.0,contact_part_local_affine,contact_part_local_affine,grabcut_fallback,bbox_fallback,fallback_lk,failed,ModuleNotFoundError:No module named 'torch',small_object_whole_mask_allowed,928,1.0,1332.0,1.0,True,5,0.0,contact_part_mask,26,0,False,0.9886956521739131,36,23,21,0.9130434782608695,0.47910770773887634,5,0.0,0.2092942838098164,,,,,,,6.17704995717363,77,5,0.16635555555555556,isotropic_e7,/Users/huhu/Documents/Code/bishe/vrb/vrbreproduction/outputs/100subaction-e9/experiments/E9/pipeline_outputs/subaction_78_P01_109_79/candidate_00_frame_012388_right,/Users/huhu/Documents/Code/bishe/vrb/vrbreproduction/outputs/100subaction-e9/experiments/E9/pipeline_outputs/subaction_78_P01_109_79/candidate_00_frame_012388_right/reference_frame.png,/Users/huhu/Documents/Code/bishe/vrb/vrbreproduction/outputs/100subaction-e9/experiments/E9/pipeline_outputs/subaction_78_P01_109_79/candidate_00_frame_012388_right/label_heatmap_merged_overlay.png,/Users/huhu/Documents/Code/bishe/vrb/vrbreproduction/outputs/100subaction-e9/experiments/E9/pipeline_outputs/subaction_78_P01_109_79/candidate_00_frame_012388_right/vrb_style_affordance.png,/Users/huhu/Documents/Code/bishe/vrb/vrbreproduction/outputs/100subaction-e9/experiments/E9/pipeline_outputs/subaction_78_P01_109_79/candidate_00_frame_012388_right/mask_projection_overlay.png
79,P01_109_77,put down potato slice,put-down,slice:potato,12412.0,left,new_contact_episode,12410.0,2.0,contact_part_local_affine,contact_part_local_affine,grabcut_fallback,bbox_fallback,fallback_lk,failed,ModuleNotFoundError:No module named 'torch',small_object_whole_mask_allowed,793,1.0,1386.0,1.0,True,5,0.0,contact_part_mask,26,0,False,1.0,36,36,36,1.0,0.8804811239242554,5,0.0,0.2092942838098164,,,,,,,6.064258066282273,110,5,0.2232,isotropic_e7,/Users/huhu/Documents/Code/bishe/vrb/vrbreproduction/outputs/100subaction-e9/experiments/E9/pipeline_outputs/subaction_79_P01_109_77/candidate_01_frame_012412_left,/Users/huhu/Documents/Code/bishe/vrb/vrbreproduction/outputs/100subaction-e9/experiments/E9/pipeline_outputs/subaction_79_P01_109_77/candidate_01_frame_012412_left/reference_frame.png,/Users/huhu/Documents/Code/bishe/vrb/vrbreproduction/outputs/100subaction-e9/experiments/E9/pipeline_outputs/subaction_79_P01_109_77/candidate_01_frame_012412_left/label_heatmap_merged_overlay.png,/Users/huhu/Documents/Code/bishe/vrb/vrbreproduction/outputs/100subaction-e9/experiments/E9/pipeline_outputs/subaction_79_P01_109_77/candidate_01_frame_012412_left/vrb_style_affordance.png,/Users/huhu/Documents/Code/bishe/vrb/vrbreproduction/outputs/100subaction-e9/experiments/E9/pipeline_outputs/subaction_79_P01_109_77/candidate_01_frame_012412_left/mask_projection_overlay.png
80,P01_109_80,pick up potato slices,pick-up,slice:potato,12425.0,right,new_contact_episode,12424.0,1.0,contact_part_local_affine,contact_part_local_affine,grabcut_fallback,bbox_fallback,fallback_lk,failed,ModuleNotFoundError:No module named 'torch',small_object_whole_mask_allowed,240,1.0,1248.0,1.0,True,5,0.0,contact_part_mask,26,0,False,1.0,36,36,36,1.0,0.7214065790176392,5,0.0,0.2092942838098164,,,,,,,6.0398244692961365,91,5,0.28835555555555553,isotropic_e7,/Users/huhu/Documents/Code/bishe/vrb/vrbreproduction/outputs/100subaction-e9/experiments/E9/pipeline_outputs/subaction_80_P01_109_80/candidate_01_frame_012425_right,/Users/huhu/Documents/Code/bishe/vrb/vrbreproduction/outputs/100subaction-e9/experiments/E9/pipeline_outputs/subaction_80_P01_109_80/candidate_01_frame_012425_right/reference_frame.png,/Users/huhu/Documents/Code/bishe/vrb/vrbreproduction/outputs/100subaction-e9/experiments/E9/pipeline_outputs/subaction_80_P01_109_80/candidate_01_frame_012425_right/label_heatmap_merged_overlay.png,/Users/huhu/Documents/Code/bishe/vrb/vrbreproduction/outputs/100subaction-e9/experiments/E9/pipeline_outputs/subaction_80_P01_109_80/candidate_01_frame_012425_right/vrb_style_affordance.png,/Users/huhu/Documents/Code/bishe/vrb/vrbreproduction/outputs/100subaction-e9/experiments/E9/pipeline_outputs/subaction_80_P01_109_80/candidate_01_frame_012425_right/mask_projection_overlay.png
80,P01_109_80,pick up potato slices,pick-up,slice:potato,12437.0,right,new_contact_episode,12417.0,20.0,contact_part_local_affine,contact_part_local_affine,grabcut_fallback,bbox_fallback,fallback_lk,failed,ModuleNotFoundError:No module named 'torch',small_object_whole_mask_allowed,1332,1.0,1230.0,1.0,True,5,0.0,contact_part_mask,26,0,False,0.9790322580645161,36,31,26,0.8387096774193549,2.1968040466308594,5,0.0,0.2092942838098164,,,,,,,5.9765087818268805,110,5,0.15946666666666667,isotropic_e7,/Users/huhu/Documents/Code/bishe/vrb/vrbreproduction/outputs/100subaction-e9/experiments/E9/pipeline_outputs/subaction_80_P01_109_80/candidate_03_frame_012437_right,/Users/huhu/Documents/Code/bishe/vrb/vrbreproduction/outputs/100subaction-e9/experiments/E9/pipeline_outputs/subaction_80_P01_109_80/candidate_03_frame_012437_right/reference_frame.png,/Users/huhu/Documents/Code/bishe/vrb/vrbreproduction/outputs/100subaction-e9/experiments/E9/pipeline_outputs/subaction_80_P01_109_80/candidate_03_frame_012437_right/label_heatmap_merged_overlay.png,/Users/huhu/Documents/Code/bishe/vrb/vrbreproduction/outputs/100subaction-e9/experiments/E9/pipeline_outputs/subaction_80_P01_109_80/candidate_03_frame_012437_right/vrb_style_affordance.png,/Users/huhu/Documents/Code/bishe/vrb/vrbreproduction/outputs/100subaction-e9/experiments/E9/pipeline_outputs/subaction_80_P01_109_80/candidate_03_frame_012437_right/mask_projection_overlay.png
80,P01_109_80,pick up potato slices,pick-up,slice:potato,12439.0,right,new_contact_episode,12438.0,1.0,contact_part_local_affine,contact_part_local_affine,grabcut_fallback,bbox_fallback,fallback_lk,failed,ModuleNotFoundError:No module named 'torch',small_object_whole_mask_allowed,1463,1.0,1632.0,1.0,True,5,0.0,contact_part_mask,26,0,False,0.9962857142857143,36,35,34,0.9714285714285714,1.4063775539398193,5,0.0,0.2092942838098164,,,,,,,5.941913435286566,104,5,0.3283111111111111,isotropic_e7,/Users/huhu/Documents/Code/bishe/vrb/vrbreproduction/outputs/100subaction-e9/experiments/E9/pipeline_outputs/subaction_80_P01_109_80/candidate_05_frame_012439_right,/Users/huhu/Documents/Code/bishe/vrb/vrbreproduction/outputs/100subaction-e9/experiments/E9/pipeline_outputs/subaction_80_P01_109_80/candidate_05_frame_012439_right/reference_frame.png,/Users/huhu/Documents/Code/bishe/vrb/vrbreproduction/outputs/100subaction-e9/experiments/E9/pipeline_outputs/subaction_80_P01_109_80/candidate_05_frame_012439_right/label_heatmap_merged_overlay.png,/Users/huhu/Documents/Code/bishe/vrb/vrbreproduction/outputs/100subaction-e9/experiments/E9/pipeline_outputs/subaction_80_P01_109_80/candidate_05_frame_012439_right/vrb_style_affordance.png,/Users/huhu/Documents/Code/bishe/vrb/vrbreproduction/outputs/100subaction-e9/experiments/E9/pipeline_outputs/subaction_80_P01_109_80/candidate_05_frame_012439_right/mask_projection_overlay.png
81,P01_109_81,put down potato slices,put-down,slice:potato,12468.0,right,new_contact_episode,12467.0,1.0,contact_part_local_affine,contact_part_local_affine,grabcut_fallback,bbox_fallback,fallback_lk,failed,ModuleNotFoundError:No module named 'torch',small_object_whole_mask_allowed,2958,1.0,4751.0,0.9767680921052632,True,5,0.0,contact_part_mask,26,0,False,1.0,36,36,36,1.0,0.32359516620635986,5,0.0,0.27891314817092505,,,,,,,6.312558811680475,108,5,0.11448888888888889,isotropic_e7,/Users/huhu/Documents/Code/bishe/vrb/vrbreproduction/outputs/100subaction-e9/experiments/E9/pipeline_outputs/subaction_81_P01_109_81/candidate_00_frame_012468_right,/Users/huhu/Documents/Code/bishe/vrb/vrbreproduction/outputs/100subaction-e9/experiments/E9/pipeline_outputs/subaction_81_P01_109_81/candidate_00_frame_012468_right/reference_frame.png,/Users/huhu/Documents/Code/bishe/vrb/vrbreproduction/outputs/100subaction-e9/experiments/E9/pipeline_outputs/subaction_81_P01_109_81/candidate_00_frame_012468_right/label_heatmap_merged_overlay.png,/Users/huhu/Documents/Code/bishe/vrb/vrbreproduction/outputs/100subaction-e9/experiments/E9/pipeline_outputs/subaction_81_P01_109_81/candidate_00_frame_012468_right/vrb_style_affordance.png,/Users/huhu/Documents/Code/bishe/vrb/vrbreproduction/outputs/100subaction-e9/experiments/E9/pipeline_outputs/subaction_81_P01_109_81/candidate_00_frame_012468_right/mask_projection_overlay.png
82,P01_109_82,pick up potato slice,pick-up,slice:potato,12493.0,right,new_contact_episode,12459.0,34.0,contact_part_local_affine,contact_part_local_affine,grabcut_fallback,bbox_fallback,fallback_lk,failed,ModuleNotFoundError:No module named 'torch',small_object_whole_mask_allowed,2208,1.0,4775.0,0.8888682055100521,True,5,0.0,contact_part_mask,26,0,False,0.947037037037037,36,27,16,0.5925925925925926,1.2795345783233643,5,0.0,0.40697077693865086,,,,,,,5.328310080306938,75,5,0.19355555555555556,isotropic_e7,/Users/huhu/Documents/Code/bishe/vrb/vrbreproduction/outputs/100subaction-e9/experiments/E9/pipeline_outputs/subaction_82_P01_109_82/candidate_00_frame_012493_right,/Users/huhu/Documents/Code/bishe/vrb/vrbreproduction/outputs/100subaction-e9/experiments/E9/pipeline_outputs/subaction_82_P01_109_82/candidate_00_frame_012493_right/reference_frame.png,/Users/huhu/Documents/Code/bishe/vrb/vrbreproduction/outputs/100subaction-e9/experiments/E9/pipeline_outputs/subaction_82_P01_109_82/candidate_00_frame_012493_right/label_heatmap_merged_overlay.png,/Users/huhu/Documents/Code/bishe/vrb/vrbreproduction/outputs/100subaction-e9/experiments/E9/pipeline_outputs/subaction_82_P01_109_82/candidate_00_frame_012493_right/vrb_style_affordance.png,/Users/huhu/Documents/Code/bishe/vrb/vrbreproduction/outputs/100subaction-e9/experiments/E9/pipeline_outputs/subaction_82_P01_109_82/candidate_00_frame_012493_right/mask_projection_overlay.png
82,P01_109_82,pick up potato slice,pick-up,slice:potato,12495.0,right,new_contact_episode,12494.0,1.0,contact_part_local_affine,contact_part_local_affine,grabcut_fallback,bbox_fallback,fallback_lk,failed,ModuleNotFoundError:No module named 'torch',small_object_whole_mask_allowed,2625,0.8703580901856764,1748.0,1.0,True,5,0.0,contact_part_mask,26,0,False,0.9963888888888889,36,36,35,0.9722222222222222,0.4589551091194153,5,0.0,0.4194602045284866,,,,,,,6.068886902281973,38,5,0.26293333333333335,isotropic_e7,/Users/huhu/Documents/Code/bishe/vrb/vrbreproduction/outputs/100subaction-e9/experiments/E9/pipeline_outputs/subaction_82_P01_109_82/candidate_02_frame_012495_right,/Users/huhu/Documents/Code/bishe/vrb/vrbreproduction/outputs/100subaction-e9/experiments/E9/pipeline_outputs/subaction_82_P01_109_82/candidate_02_frame_012495_right/reference_frame.png,/Users/huhu/Documents/Code/bishe/vrb/vrbreproduction/outputs/100subaction-e9/experiments/E9/pipeline_outputs/subaction_82_P01_109_82/candidate_02_frame_012495_right/label_heatmap_merged_overlay.png,/Users/huhu/Documents/Code/bishe/vrb/vrbreproduction/outputs/100subaction-e9/experiments/E9/pipeline_outputs/subaction_82_P01_109_82/candidate_02_frame_012495_right/vrb_style_affordance.png,/Users/huhu/Documents/Code/bishe/vrb/vrbreproduction/outputs/100subaction-e9/experiments/E9/pipeline_outputs/subaction_82_P01_109_82/candidate_02_frame_012495_right/mask_projection_overlay.png
82,P01_109_82,pick up potato slice,pick-up,slice:potato,12503.0,right,new_contact_episode,12491.0,12.0,contact_part_local_affine,contact_part_local_affine,grabcut_fallback,bbox_fallback,fallback_lk,failed,ModuleNotFoundError:No module named 'torch',small_object_whole_mask_allowed,444,1.0,945.0,1.0,True,5,0.0,contact_part_mask,26,0,False,1.0,36,35,35,1.0,1.1037404537200928,5,0.0,0.47337020644428957,,,,,,,6.071954453055063,41,5,0.2152888888888889,isotropic_e7,/Users/huhu/Documents/Code/bishe/vrb/vrbreproduction/outputs/100subaction-e9/experiments/E9/pipeline_outputs/subaction_82_P01_109_82/candidate_04_frame_012503_right,/Users/huhu/Documents/Code/bishe/vrb/vrbreproduction/outputs/100subaction-e9/experiments/E9/pipeline_outputs/subaction_82_P01_109_82/candidate_04_frame_012503_right/reference_frame.png,/Users/huhu/Documents/Code/bishe/vrb/vrbreproduction/outputs/100subaction-e9/experiments/E9/pipeline_outputs/subaction_82_P01_109_82/candidate_04_frame_012503_right/label_heatmap_merged_overlay.png,/Users/huhu/Documents/Code/bishe/vrb/vrbreproduction/outputs/100subaction-e9/experiments/E9/pipeline_outputs/subaction_82_P01_109_82/candidate_04_frame_012503_right/vrb_style_affordance.png,/Users/huhu/Documents/Code/bishe/vrb/vrbreproduction/outputs/100subaction-e9/experiments/E9/pipeline_outputs/subaction_82_P01_109_82/candidate_04_frame_012503_right/mask_projection_overlay.png
83,P01_109_83,put down potato slice,put-down,slice:potato,12578.0,right,new_contact_episode,12577.0,1.0,contact_part_local_affine,contact_part_local_affine,grabcut_fallback,bbox_fallback,fallback_lk,failed,ModuleNotFoundError:No module named 'torch',small_object_whole_mask_allowed,868,1.0,3128.0,1.0,True,5,0.0,contact_part_mask,26,0,False,1.0,36,36,36,1.0,0.4874999225139618,5,0.0,0.64744518989815,,,,,,,6.2812750023245805,116,5,0.11106666666666666,isotropic_e7,/Users/huhu/Documents/Code/bishe/vrb/vrbreproduction/outputs/100subaction-e9/experiments/E9/pipeline_outputs/subaction_83_P01_109_83/candidate_00_frame_012578_right,/Users/huhu/Documents/Code/bishe/vrb/vrbreproduction/outputs/100subaction-e9/experiments/E9/pipeline_outputs/subaction_83_P01_109_83/candidate_00_frame_012578_right/reference_frame.png,/Users/huhu/Documents/Code/bishe/vrb/vrbreproduction/outputs/100subaction-e9/experiments/E9/pipeline_outputs/subaction_83_P01_109_83/candidate_00_frame_012578_right/label_heatmap_merged_overlay.png,/Users/huhu/Documents/Code/bishe/vrb/vrbreproduction/outputs/100subaction-e9/experiments/E9/pipeline_outputs/subaction_83_P01_109_83/candidate_00_frame_012578_right/vrb_style_affordance.png,/Users/huhu/Documents/Code/bishe/vrb/vrbreproduction/outputs/100subaction-e9/experiments/E9/pipeline_outputs/subaction_83_P01_109_83/candidate_00_frame_012578_right/mask_projection_overlay.png
84,P01_109_84,pick up potato slice,pick-up,slice:potato,12635.0,right,new_contact_episode,12632.0,3.0,contact_part_local_affine,contact_part_local_affine,grabcut_fallback,bbox_fallback,fallback_lk,failed,ModuleNotFoundError:No module named 'torch',small_object_whole_mask_allowed,5506,0.9989114658925979,5604.0,0.7237504843084076,True,5,0.0,contact_part_mask,26,0,False,1.0,36,33,33,1.0,0.6266392469406128,5,0.0,0.64744518989815,,,,,,,6.240600822591781,138,5,0.1484,isotropic_e7,/Users/huhu/Documents/Code/bishe/vrb/vrbreproduction/outputs/100subaction-e9/experiments/E9/pipeline_outputs/subaction_84_P01_109_84/candidate_01_frame_012635_right,/Users/huhu/Documents/Code/bishe/vrb/vrbreproduction/outputs/100subaction-e9/experiments/E9/pipeline_outputs/subaction_84_P01_109_84/candidate_01_frame_012635_right/reference_frame.png,/Users/huhu/Documents/Code/bishe/vrb/vrbreproduction/outputs/100subaction-e9/experiments/E9/pipeline_outputs/subaction_84_P01_109_84/candidate_01_frame_012635_right/label_heatmap_merged_overlay.png,/Users/huhu/Documents/Code/bishe/vrb/vrbreproduction/outputs/100subaction-e9/experiments/E9/pipeline_outputs/subaction_84_P01_109_84/candidate_01_frame_012635_right/vrb_style_affordance.png,/Users/huhu/Documents/Code/bishe/vrb/vrbreproduction/outputs/100subaction-e9/experiments/E9/pipeline_outputs/subaction_84_P01_109_84/candidate_01_frame_012635_right/mask_projection_overlay.png
84,P01_109_84,pick up potato slice,pick-up,slice:potato,12639.0,left,new_contact_episode,12638.0,1.0,contact_part_local_affine,contact_part_local_affine,grabcut_fallback,bbox_fallback,fallback_lk,failed,ModuleNotFoundError:No module named 'torch',small_object_whole_mask_allowed,1254,1.0,1554.0,1.0,True,5,0.0,contact_part_mask,26,0,False,1.0,36,36,36,1.0,0.5889552235603333,5,0.0,0.64744518989815,,,,,,,6.188164676626522,99,5,0.1711111111111111,isotropic_e7,/Users/huhu/Documents/Code/bishe/vrb/vrbreproduction/outputs/100subaction-e9/experiments/E9/pipeline_outputs/subaction_84_P01_109_84/candidate_03_frame_012639_left,/Users/huhu/Documents/Code/bishe/vrb/vrbreproduction/outputs/100subaction-e9/experiments/E9/pipeline_outputs/subaction_84_P01_109_84/candidate_03_frame_012639_left/reference_frame.png,/Users/huhu/Documents/Code/bishe/vrb/vrbreproduction/outputs/100subaction-e9/experiments/E9/pipeline_outputs/subaction_84_P01_109_84/candidate_03_frame_012639_left/label_heatmap_merged_overlay.png,/Users/huhu/Documents/Code/bishe/vrb/vrbreproduction/outputs/100subaction-e9/experiments/E9/pipeline_outputs/subaction_84_P01_109_84/candidate_03_frame_012639_left/vrb_style_affordance.png,/Users/huhu/Documents/Code/bishe/vrb/vrbreproduction/outputs/100subaction-e9/experiments/E9/pipeline_outputs/subaction_84_P01_109_84/candidate_03_frame_012639_left/mask_projection_overlay.png
84,P01_109_84,pick up potato slice,pick-up,slice:potato,12659.0,left,new_contact_episode,12649.0,10.0,contact_part_local_affine,contact_part_local_affine,grabcut_fallback,bbox_fallback,fallback_lk,failed,ModuleNotFoundError:No module named 'torch',small_object_whole_mask_allowed,590,1.0,870.0,1.0,True,5,0.0,contact_part_mask,26,0,False,0.9847058823529412,36,34,30,0.8823529411764706,1.3561835289001465,5,0.0,0.64744518989815,,,,,,,6.12081645491731,26,5,0.13782222222222223,isotropic_e7,/Users/huhu/Documents/Code/bishe/vrb/vrbreproduction/outputs/100subaction-e9/experiments/E9/pipeline_outputs/subaction_84_P01_109_84/candidate_11_frame_012659_left,/Users/huhu/Documents/Code/bishe/vrb/vrbreproduction/outputs/100subaction-e9/experiments/E9/pipeline_outputs/subaction_84_P01_109_84/candidate_11_frame_012659_left/reference_frame.png,/Users/huhu/Documents/Code/bishe/vrb/vrbreproduction/outputs/100subaction-e9/experiments/E9/pipeline_outputs/subaction_84_P01_109_84/candidate_11_frame_012659_left/label_heatmap_merged_overlay.png,/Users/huhu/Documents/Code/bishe/vrb/vrbreproduction/outputs/100subaction-e9/experiments/E9/pipeline_outputs/subaction_84_P01_109_84/candidate_11_frame_012659_left/vrb_style_affordance.png,/Users/huhu/Documents/Code/bishe/vrb/vrbreproduction/outputs/100subaction-e9/experiments/E9/pipeline_outputs/subaction_84_P01_109_84/candidate_11_frame_012659_left/mask_projection_overlay.png
85,P01_109_85,put down potato slice,put-down,slice:potato,12680.0,left,new_contact_episode,12679.0,1.0,contact_part_local_affine,contact_part_local_affine,grabcut_fallback,bbox_fallback,fallback_lk,failed,ModuleNotFoundError:No module named 'torch',small_object_whole_mask_allowed,5155,0.9944058641975309,5430.0,0.9912376779846659,True,5,0.0,contact_part_mask,26,0,False,1.0,36,36,36,1.0,0.24487408995628357,5,0.0,0.7363975911830737,,,,,,,6.19665377730131,112,5,0.19333333333333333,isotropic_e7,/Users/huhu/Documents/Code/bishe/vrb/vrbreproduction/outputs/100subaction-e9/experiments/E9/pipeline_outputs/subaction_85_P01_109_85/candidate_01_frame_012680_left,/Users/huhu/Documents/Code/bishe/vrb/vrbreproduction/outputs/100subaction-e9/experiments/E9/pipeline_outputs/subaction_85_P01_109_85/candidate_01_frame_012680_left/reference_frame.png,/Users/huhu/Documents/Code/bishe/vrb/vrbreproduction/outputs/100subaction-e9/experiments/E9/pipeline_outputs/subaction_85_P01_109_85/candidate_01_frame_012680_left/label_heatmap_merged_overlay.png,/Users/huhu/Documents/Code/bishe/vrb/vrbreproduction/outputs/100subaction-e9/experiments/E9/pipeline_outputs/subaction_85_P01_109_85/candidate_01_frame_012680_left/vrb_style_affordance.png,/Users/huhu/Documents/Code/bishe/vrb/vrbreproduction/outputs/100subaction-e9/experiments/E9/pipeline_outputs/subaction_85_P01_109_85/candidate_01_frame_012680_left/mask_projection_overlay.png
86,P01_109_86,pick up potato slice,pick-up,slice:potato,12724.0,left,new_contact_episode,12650.0,74.0,contact_part_local_affine,contact_part_local_affine,grabcut_fallback,bbox_fallback,fallback_lk,failed,ModuleNotFoundError:No module named 'torch',small_object_whole_mask_allowed,2509,0.861015785861359,1056.0,1.0,True,5,0.0,contact_part_mask,26,0,False,0.9566666666666667,36,30,20,0.6666666666666666,1.0682674646377563,5,0.0,0.7363975911830737,,,,,,,5.625418642727534,34,5,0.13013333333333332,isotropic_e7,/Users/huhu/Documents/Code/bishe/vrb/vrbreproduction/outputs/100subaction-e9/experiments/E9/pipeline_outputs/subaction_86_P01_109_86/candidate_00_frame_012724_left,/Users/huhu/Documents/Code/bishe/vrb/vrbreproduction/outputs/100subaction-e9/experiments/E9/pipeline_outputs/subaction_86_P01_109_86/candidate_00_frame_012724_left/reference_frame.png,/Users/huhu/Documents/Code/bishe/vrb/vrbreproduction/outputs/100subaction-e9/experiments/E9/pipeline_outputs/subaction_86_P01_109_86/candidate_00_frame_012724_left/label_heatmap_merged_overlay.png,/Users/huhu/Documents/Code/bishe/vrb/vrbreproduction/outputs/100subaction-e9/experiments/E9/pipeline_outputs/subaction_86_P01_109_86/candidate_00_frame_012724_left/vrb_style_affordance.png,/Users/huhu/Documents/Code/bishe/vrb/vrbreproduction/outputs/100subaction-e9/experiments/E9/pipeline_outputs/subaction_86_P01_109_86/candidate_00_frame_012724_left/mask_projection_overlay.png
86,P01_109_86,pick up potato slice,pick-up,slice:potato,12726.0,left,new_contact_episode,12705.0,21.0,contact_part_local_affine,contact_part_local_affine,grabcut_fallback,bbox_fallback,fallback_lk,failed,ModuleNotFoundError:No module named 'torch',small_object_whole_mask_allowed,667,1.0,910.0,1.0,True,5,0.0,contact_part_mask,26,0,False,0.9309375,36,32,15,0.46875,1.378924012184143,5,0.0,0.7363975911830737,,,,,,,5.770569779634474,58,5,0.15866666666666668,isotropic_e7,/Users/huhu/Documents/Code/bishe/vrb/vrbreproduction/outputs/100subaction-e9/experiments/E9/pipeline_outputs/subaction_86_P01_109_86/candidate_01_frame_012726_left,/Users/huhu/Documents/Code/bishe/vrb/vrbreproduction/outputs/100subaction-e9/experiments/E9/pipeline_outputs/subaction_86_P01_109_86/candidate_01_frame_012726_left/reference_frame.png,/Users/huhu/Documents/Code/bishe/vrb/vrbreproduction/outputs/100subaction-e9/experiments/E9/pipeline_outputs/subaction_86_P01_109_86/candidate_01_frame_012726_left/label_heatmap_merged_overlay.png,/Users/huhu/Documents/Code/bishe/vrb/vrbreproduction/outputs/100subaction-e9/experiments/E9/pipeline_outputs/subaction_86_P01_109_86/candidate_01_frame_012726_left/vrb_style_affordance.png,/Users/huhu/Documents/Code/bishe/vrb/vrbreproduction/outputs/100subaction-e9/experiments/E9/pipeline_outputs/subaction_86_P01_109_86/candidate_01_frame_012726_left/mask_projection_overlay.png
86,P01_109_86,pick up potato slice,pick-up,slice:potato,12730.0,left,new_contact_episode,12729.0,1.0,contact_part_local_affine,contact_part_local_affine,grabcut_fallback,bbox_fallback,fallback_lk,failed,ModuleNotFoundError:No module named 'torch',small_object_whole_mask_allowed,725,1.0,837.0,1.0,True,5,0.0,contact_part_mask,26,0,False,0.9963888888888889,36,36,35,0.9722222222222222,0.956508219242096,5,0.0,0.7363975911830737,,,,,,,6.029260308978293,19,5,0.2584,isotropic_e7,/Users/huhu/Documents/Code/bishe/vrb/vrbreproduction/outputs/100subaction-e9/experiments/E9/pipeline_outputs/subaction_86_P01_109_86/candidate_03_frame_012730_left,/Users/huhu/Documents/Code/bishe/vrb/vrbreproduction/outputs/100subaction-e9/experiments/E9/pipeline_outputs/subaction_86_P01_109_86/candidate_03_frame_012730_left/reference_frame.png,/Users/huhu/Documents/Code/bishe/vrb/vrbreproduction/outputs/100subaction-e9/experiments/E9/pipeline_outputs/subaction_86_P01_109_86/candidate_03_frame_012730_left/label_heatmap_merged_overlay.png,/Users/huhu/Documents/Code/bishe/vrb/vrbreproduction/outputs/100subaction-e9/experiments/E9/pipeline_outputs/subaction_86_P01_109_86/candidate_03_frame_012730_left/vrb_style_affordance.png,/Users/huhu/Documents/Code/bishe/vrb/vrbreproduction/outputs/100subaction-e9/experiments/E9/pipeline_outputs/subaction_86_P01_109_86/candidate_03_frame_012730_left/mask_projection_overlay.png
88,P01_109_88,pick up knife,pick-up,knife,12881.0,right,new_contact_episode,12880.0,1.0,contact_part_local_affine,contact_part_local_affine,grabcut_fallback,bbox_fallback,fallback_lk,failed,ModuleNotFoundError:No module named 'torch',handle_like_edge_or_endpoint,768,1.0,3619.0,0.9138888888888889,True,5,0.0,contact_part_mask,26,0,False,1.0,36,36,36,1.0,0.3305419087409973,5,0.0,0.4961090437133778,,,,,,,6.1214837427377695,80,5,0.24173333333333333,isotropic_e7,/Users/huhu/Documents/Code/bishe/vrb/vrbreproduction/outputs/100subaction-e9/experiments/E9/pipeline_outputs/subaction_88_P01_109_88/candidate_02_frame_012881_right,/Users/huhu/Documents/Code/bishe/vrb/vrbreproduction/outputs/100subaction-e9/experiments/E9/pipeline_outputs/subaction_88_P01_109_88/candidate_02_frame_012881_right/reference_frame.png,/Users/huhu/Documents/Code/bishe/vrb/vrbreproduction/outputs/100subaction-e9/experiments/E9/pipeline_outputs/subaction_88_P01_109_88/candidate_02_frame_012881_right/label_heatmap_merged_overlay.png,/Users/huhu/Documents/Code/bishe/vrb/vrbreproduction/outputs/100subaction-e9/experiments/E9/pipeline_outputs/subaction_88_P01_109_88/candidate_02_frame_012881_right/vrb_style_affordance.png,/Users/huhu/Documents/Code/bishe/vrb/vrbreproduction/outputs/100subaction-e9/experiments/E9/pipeline_outputs/subaction_88_P01_109_88/candidate_02_frame_012881_right/mask_projection_overlay.png
89,P01_109_89,cut potato slice,cut,slice:potato,12999.0,left,new_contact_episode,12998.0,1.0,contact_part_local_affine,contact_part_local_affine,grabcut_fallback,bbox_fallback,fallback_lk,failed,ModuleNotFoundError:No module named 'torch',small_object_whole_mask_allowed,624,1.0,702.0,1.0,True,3,0.0,contact_part_mask,26,0,False,0.825,36,36,36,1.0,0.759911060333252,3,0.0,0.4961090437133778,,,,,,,5.301202668190001,33,3,0.21333333333333335,isotropic_e7,/Users/huhu/Documents/Code/bishe/vrb/vrbreproduction/outputs/100subaction-e9/experiments/E9/pipeline_outputs/subaction_89_P01_109_89/candidate_00_frame_012999_left,/Users/huhu/Documents/Code/bishe/vrb/vrbreproduction/outputs/100subaction-e9/experiments/E9/pipeline_outputs/subaction_89_P01_109_89/candidate_00_frame_012999_left/reference_frame.png,/Users/huhu/Documents/Code/bishe/vrb/vrbreproduction/outputs/100subaction-e9/experiments/E9/pipeline_outputs/subaction_89_P01_109_89/candidate_00_frame_012999_left/label_heatmap_merged_overlay.png,/Users/huhu/Documents/Code/bishe/vrb/vrbreproduction/outputs/100subaction-e9/experiments/E9/pipeline_outputs/subaction_89_P01_109_89/candidate_00_frame_012999_left/vrb_style_affordance.png,/Users/huhu/Documents/Code/bishe/vrb/vrbreproduction/outputs/100subaction-e9/experiments/E9/pipeline_outputs/subaction_89_P01_109_89/candidate_00_frame_012999_left/mask_projection_overlay.png
91,P01_109_91,put down potato slice,put-down,slice:potato,13081.0,left,new_contact_episode,13080.0,1.0,contact_part_local_affine,contact_part_local_affine,grabcut_fallback,bbox_fallback,fallback_lk,failed,ModuleNotFoundError:No module named 'torch',small_object_whole_mask_allowed,691,1.0,3570.0,0.9949832775919732,True,5,0.0,contact_part_mask,26,0,False,1.0,36,36,36,1.0,0.26362448930740356,5,0.0,0.4961090437133778,,,,,,,6.33882459865411,73,5,0.09817777777777778,isotropic_e7,/Users/huhu/Documents/Code/bishe/vrb/vrbreproduction/outputs/100subaction-e9/experiments/E9/pipeline_outputs/subaction_91_P01_109_91/candidate_02_frame_013081_left,/Users/huhu/Documents/Code/bishe/vrb/vrbreproduction/outputs/100subaction-e9/experiments/E9/pipeline_outputs/subaction_91_P01_109_91/candidate_02_frame_013081_left/reference_frame.png,/Users/huhu/Documents/Code/bishe/vrb/vrbreproduction/outputs/100subaction-e9/experiments/E9/pipeline_outputs/subaction_91_P01_109_91/candidate_02_frame_013081_left/label_heatmap_merged_overlay.png,/Users/huhu/Documents/Code/bishe/vrb/vrbreproduction/outputs/100subaction-e9/experiments/E9/pipeline_outputs/subaction_91_P01_109_91/candidate_02_frame_013081_left/vrb_style_affordance.png,/Users/huhu/Documents/Code/bishe/vrb/vrbreproduction/outputs/100subaction-e9/experiments/E9/pipeline_outputs/subaction_91_P01_109_91/candidate_02_frame_013081_left/mask_projection_overlay.png
92,P01_109_92,pick up potato,pick-up,potato,13110.0,left,new_contact_episode,13109.0,1.0,contact_part_local_affine,contact_part_local_affine,grabcut_fallback,bbox_fallback,fallback_lk,failed,ModuleNotFoundError:No module named 'torch',small_object_whole_mask_allowed,783,1.0,754.0,1.0,True,5,0.0,contact_part_mask,26,0,False,1.0,36,36,36,1.0,0.15785740315914154,5,0.0,0.4961090437133778,,,,,,,6.227630944571892,37,5,0.1534222222222222,isotropic_e7,/Users/huhu/Documents/Code/bishe/vrb/vrbreproduction/outputs/100subaction-e9/experiments/E9/pipeline_outputs/subaction_92_P01_109_92/candidate_02_frame_013110_left,/Users/huhu/Documents/Code/bishe/vrb/vrbreproduction/outputs/100subaction-e9/experiments/E9/pipeline_outputs/subaction_92_P01_109_92/candidate_02_frame_013110_left/reference_frame.png,/Users/huhu/Documents/Code/bishe/vrb/vrbreproduction/outputs/100subaction-e9/experiments/E9/pipeline_outputs/subaction_92_P01_109_92/candidate_02_frame_013110_left/label_heatmap_merged_overlay.png,/Users/huhu/Documents/Code/bishe/vrb/vrbreproduction/outputs/100subaction-e9/experiments/E9/pipeline_outputs/subaction_92_P01_109_92/candidate_02_frame_013110_left/vrb_style_affordance.png,/Users/huhu/Documents/Code/bishe/vrb/vrbreproduction/outputs/100subaction-e9/experiments/E9/pipeline_outputs/subaction_92_P01_109_92/candidate_02_frame_013110_left/mask_projection_overlay.png
92,P01_109_92,pick up potato,pick-up,potato,13112.0,left,new_contact_episode,13111.0,1.0,contact_part_local_affine,contact_part_local_affine,grabcut_fallback,bbox_fallback,fallback_lk,failed,ModuleNotFoundError:No module named 'torch',small_object_whole_mask_allowed,900,1.0,725.0,1.0,True,4,0.0,contact_part_mask,26,0,False,0.9124999999999999,36,36,36,1.0,1.030622959136963,4,0.0,0.4961090437133778,,,,,,,5.806147977892557,47,4,0.15462222222222222,isotropic_e7,/Users/huhu/Documents/Code/bishe/vrb/vrbreproduction/outputs/100subaction-e9/experiments/E9/pipeline_outputs/subaction_92_P01_109_92/candidate_04_frame_013112_left,/Users/huhu/Documents/Code/bishe/vrb/vrbreproduction/outputs/100subaction-e9/experiments/E9/pipeline_outputs/subaction_92_P01_109_92/candidate_04_frame_013112_left/reference_frame.png,/Users/huhu/Documents/Code/bishe/vrb/vrbreproduction/outputs/100subaction-e9/experiments/E9/pipeline_outputs/subaction_92_P01_109_92/candidate_04_frame_013112_left/label_heatmap_merged_overlay.png,/Users/huhu/Documents/Code/bishe/vrb/vrbreproduction/outputs/100subaction-e9/experiments/E9/pipeline_outputs/subaction_92_P01_109_92/candidate_04_frame_013112_left/vrb_style_affordance.png,/Users/huhu/Documents/Code/bishe/vrb/vrbreproduction/outputs/100subaction-e9/experiments/E9/pipeline_outputs/subaction_92_P01_109_92/candidate_04_frame_013112_left/mask_projection_overlay.png
92,P01_109_92,pick up potato,pick-up,potato,13115.0,right,new_contact_episode,13114.0,1.0,contact_part_local_affine,contact_part_local_affine,grabcut_fallback,bbox_fallback,fallback_lk,failed,ModuleNotFoundError:No module named 'torch',small_object_whole_mask_allowed,315,1.0,806.0,1.0,True,5,0.0,contact_part_mask,26,0,False,1.0,36,36,36,1.0,0.07778903841972351,5,0.0,0.5113340139796211,,,,,,,6.239799662180741,70,5,0.16791111111111112,isotropic_e7,/Users/huhu/Documents/Code/bishe/vrb/vrbreproduction/outputs/100subaction-e9/experiments/E9/pipeline_outputs/subaction_92_P01_109_92/candidate_06_frame_013115_right,/Users/huhu/Documents/Code/bishe/vrb/vrbreproduction/outputs/100subaction-e9/experiments/E9/pipeline_outputs/subaction_92_P01_109_92/candidate_06_frame_013115_right/reference_frame.png,/Users/huhu/Documents/Code/bishe/vrb/vrbreproduction/outputs/100subaction-e9/experiments/E9/pipeline_outputs/subaction_92_P01_109_92/candidate_06_frame_013115_right/label_heatmap_merged_overlay.png,/Users/huhu/Documents/Code/bishe/vrb/vrbreproduction/outputs/100subaction-e9/experiments/E9/pipeline_outputs/subaction_92_P01_109_92/candidate_06_frame_013115_right/vrb_style_affordance.png,/Users/huhu/Documents/Code/bishe/vrb/vrbreproduction/outputs/100subaction-e9/experiments/E9/pipeline_outputs/subaction_92_P01_109_92/candidate_06_frame_013115_right/mask_projection_overlay.png
93,P01_109_93,pick up peeler,pick-up,peeler,13134.0,right,new_contact_episode,13133.0,1.0,contact_part_local_affine,contact_part_local_affine,grabcut_fallback,bbox_fallback,fallback_lk,failed,ModuleNotFoundError:No module named 'torch',handle_like_edge_or_endpoint,266,1.0,648.0,1.0,True,5,0.0,contact_part_mask,26,0,False,1.0,36,36,36,1.0,0.3308587074279785,5,0.0,0.6542882604752328,,,,,,,6.303807572110493,96,5,0.12017777777777777,isotropic_e7,/Users/huhu/Documents/Code/bishe/vrb/vrbreproduction/outputs/100subaction-e9/experiments/E9/pipeline_outputs/subaction_93_P01_109_93/candidate_00_frame_013134_right,/Users/huhu/Documents/Code/bishe/vrb/vrbreproduction/outputs/100subaction-e9/experiments/E9/pipeline_outputs/subaction_93_P01_109_93/candidate_00_frame_013134_right/reference_frame.png,/Users/huhu/Documents/Code/bishe/vrb/vrbreproduction/outputs/100subaction-e9/experiments/E9/pipeline_outputs/subaction_93_P01_109_93/candidate_00_frame_013134_right/label_heatmap_merged_overlay.png,/Users/huhu/Documents/Code/bishe/vrb/vrbreproduction/outputs/100subaction-e9/experiments/E9/pipeline_outputs/subaction_93_P01_109_93/candidate_00_frame_013134_right/vrb_style_affordance.png,/Users/huhu/Documents/Code/bishe/vrb/vrbreproduction/outputs/100subaction-e9/experiments/E9/pipeline_outputs/subaction_93_P01_109_93/candidate_00_frame_013134_right/mask_projection_overlay.png
93,P01_109_93,pick up peeler,pick-up,peeler,13136.0,right,new_contact_episode,13133.0,3.0,contact_part_local_affine,contact_part_local_affine,grabcut_fallback,bbox_fallback,fallback_lk,failed,ModuleNotFoundError:No module named 'torch',handle_like_edge_or_endpoint,301,1.0,624.0,1.0,True,5,0.0,contact_part_mask,26,0,False,1.0,36,36,36,1.0,0.6105764508247375,5,0.0,0.6542882604752328,,,,,,,6.283416039808591,80,5,0.12017777777777777,isotropic_e7,/Users/huhu/Documents/Code/bishe/vrb/vrbreproduction/outputs/100subaction-e9/experiments/E9/pipeline_outputs/subaction_93_P01_109_93/candidate_02_frame_013136_right,/Users/huhu/Documents/Code/bishe/vrb/vrbreproduction/outputs/100subaction-e9/experiments/E9/pipeline_outputs/subaction_93_P01_109_93/candidate_02_frame_013136_right/reference_frame.png,/Users/huhu/Documents/Code/bishe/vrb/vrbreproduction/outputs/100subaction-e9/experiments/E9/pipeline_outputs/subaction_93_P01_109_93/candidate_02_frame_013136_right/label_heatmap_merged_overlay.png,/Users/huhu/Documents/Code/bishe/vrb/vrbreproduction/outputs/100subaction-e9/experiments/E9/pipeline_outputs/subaction_93_P01_109_93/candidate_02_frame_013136_right/vrb_style_affordance.png,/Users/huhu/Documents/Code/bishe/vrb/vrbreproduction/outputs/100subaction-e9/experiments/E9/pipeline_outputs/subaction_93_P01_109_93/candidate_02_frame_013136_right/mask_projection_overlay.png
94,P01_109_94,peel potato,peel,potato,13151.0,right,continuation_entry_rescue,13139.0,12.0,contact_part_local_affine,contact_part_local_affine,grabcut_fallback,bbox_fallback,fallback_lk,failed,ModuleNotFoundError:No module named 'torch',small_object_whole_mask_allowed,456,1.0,1643.0,1.0,True,5,0.0,contact_part_mask,26,0,False,1.0,36,36,36,1.0,0.7158935070037842,5,0.0,0.6542882604752328,,,,,,,6.193856528123219,125,5,0.14177777777777778,isotropic_e7,/Users/huhu/Documents/Code/bishe/vrb/vrbreproduction/outputs/100subaction-e9/experiments/E9/pipeline_outputs/subaction_94_P01_109_94/candidate_02_frame_013151_right,/Users/huhu/Documents/Code/bishe/vrb/vrbreproduction/outputs/100subaction-e9/experiments/E9/pipeline_outputs/subaction_94_P01_109_94/candidate_02_frame_013151_right/reference_frame.png,/Users/huhu/Documents/Code/bishe/vrb/vrbreproduction/outputs/100subaction-e9/experiments/E9/pipeline_outputs/subaction_94_P01_109_94/candidate_02_frame_013151_right/label_heatmap_merged_overlay.png,/Users/huhu/Documents/Code/bishe/vrb/vrbreproduction/outputs/100subaction-e9/experiments/E9/pipeline_outputs/subaction_94_P01_109_94/candidate_02_frame_013151_right/vrb_style_affordance.png,/Users/huhu/Documents/Code/bishe/vrb/vrbreproduction/outputs/100subaction-e9/experiments/E9/pipeline_outputs/subaction_94_P01_109_94/candidate_02_frame_013151_right/mask_projection_overlay.png
95,P01_109_95,put down potato,put-down,potato,15464.0,right,new_contact_episode,15463.0,1.0,contact_part_local_affine,contact_part_local_affine,grabcut_fallback,bbox_fallback,fallback_lk,failed,ModuleNotFoundError:No module named 'torch',small_object_whole_mask_allowed,665,1.0,1520.0,1.0,True,5,0.0,contact_part_mask,26,0,False,1.0,36,36,36,1.0,0.40886160731315613,5,0.0,1.0,,,,,,,5.867134151780604,147,5,0.40973333333333334,isotropic_e7,/Users/huhu/Documents/Code/bishe/vrb/vrbreproduction/outputs/100subaction-e9/experiments/E9/pipeline_outputs/subaction_95_P01_109_95/candidate_00_frame_015464_right,/Users/huhu/Documents/Code/bishe/vrb/vrbreproduction/outputs/100subaction-e9/experiments/E9/pipeline_outputs/subaction_95_P01_109_95/candidate_00_frame_015464_right/reference_frame.png,/Users/huhu/Documents/Code/bishe/vrb/vrbreproduction/outputs/100subaction-e9/experiments/E9/pipeline_outputs/subaction_95_P01_109_95/candidate_00_frame_015464_right/label_heatmap_merged_overlay.png,/Users/huhu/Documents/Code/bishe/vrb/vrbreproduction/outputs/100subaction-e9/experiments/E9/pipeline_outputs/subaction_95_P01_109_95/candidate_00_frame_015464_right/vrb_style_affordance.png,/Users/huhu/Documents/Code/bishe/vrb/vrbreproduction/outputs/100subaction-e9/experiments/E9/pipeline_outputs/subaction_95_P01_109_95/candidate_00_frame_015464_right/mask_projection_overlay.png
95,P01_109_95,put down potato,put-down,potato,15466.0,right,new_contact_episode,15465.0,1.0,contact_part_local_affine,contact_part_local_affine,grabcut_fallback,bbox_fallback,fallback_lk,failed,ModuleNotFoundError:No module named 'torch',small_object_whole_mask_allowed,645,1.0,1444.0,1.0,True,5,0.0,contact_part_mask,26,0,False,1.0,36,36,36,1.0,0.1825474351644516,5,0.0,1.0,,,,,,,5.912923576945066,130,5,0.3837333333333333,isotropic_e7,/Users/huhu/Documents/Code/bishe/vrb/vrbreproduction/outputs/100subaction-e9/experiments/E9/pipeline_outputs/subaction_95_P01_109_95/candidate_02_frame_015466_right,/Users/huhu/Documents/Code/bishe/vrb/vrbreproduction/outputs/100subaction-e9/experiments/E9/pipeline_outputs/subaction_95_P01_109_95/candidate_02_frame_015466_right/reference_frame.png,/Users/huhu/Documents/Code/bishe/vrb/vrbreproduction/outputs/100subaction-e9/experiments/E9/pipeline_outputs/subaction_95_P01_109_95/candidate_02_frame_015466_right/label_heatmap_merged_overlay.png,/Users/huhu/Documents/Code/bishe/vrb/vrbreproduction/outputs/100subaction-e9/experiments/E9/pipeline_outputs/subaction_95_P01_109_95/candidate_02_frame_015466_right/vrb_style_affordance.png,/Users/huhu/Documents/Code/bishe/vrb/vrbreproduction/outputs/100subaction-e9/experiments/E9/pipeline_outputs/subaction_95_P01_109_95/candidate_02_frame_015466_right/mask_projection_overlay.png
97,P01_109_97,fix peeler blade,fix,blade:peeler,15761.0,left,new_contact_episode,15759.0,2.0,contact_part_local_affine,contact_part_local_affine,grabcut_fallback,bbox_fallback,fallback_lk,failed,ModuleNotFoundError:No module named 'torch',handle_like_edge_or_endpoint,928,1.0,1260.0,1.0,True,4,0.0,contact_part_mask,26,0,False,0.797821076711019,36,33,33,1.0,1.3332867622375488,4,0.0,0.955671625,,,,,,,5.472376883888245,134,4,0.21417777777777777,isotropic_e7,/Users/huhu/Documents/Code/bishe/vrb/vrbreproduction/outputs/100subaction-e9/experiments/E9/pipeline_outputs/subaction_97_P01_109_97/candidate_01_frame_015761_left,/Users/huhu/Documents/Code/bishe/vrb/vrbreproduction/outputs/100subaction-e9/experiments/E9/pipeline_outputs/subaction_97_P01_109_97/candidate_01_frame_015761_left/reference_frame.png,/Users/huhu/Documents/Code/bishe/vrb/vrbreproduction/outputs/100subaction-e9/experiments/E9/pipeline_outputs/subaction_97_P01_109_97/candidate_01_frame_015761_left/label_heatmap_merged_overlay.png,/Users/huhu/Documents/Code/bishe/vrb/vrbreproduction/outputs/100subaction-e9/experiments/E9/pipeline_outputs/subaction_97_P01_109_97/candidate_01_frame_015761_left/vrb_style_affordance.png,/Users/huhu/Documents/Code/bishe/vrb/vrbreproduction/outputs/100subaction-e9/experiments/E9/pipeline_outputs/subaction_97_P01_109_97/candidate_01_frame_015761_left/mask_projection_overlay.png
98,P01_109_98,pick up potato,pick-up,potato,15771.0,left,continuation_entry_rescue,15769.0,2.0,contact_part_local_affine,contact_part_local_affine,grabcut_fallback,bbox_fallback,fallback_lk,failed,ModuleNotFoundError:No module named 'torch',small_object_whole_mask_allowed,957,1.0,1020.0,1.0,True,5,0.0,contact_part_mask,26,0,False,1.0,36,36,36,1.0,0.11177358031272888,5,0.0,0.955671625,,,,,,,6.2686467925906175,106,5,0.144,isotropic_e7,/Users/huhu/Documents/Code/bishe/vrb/vrbreproduction/outputs/100subaction-e9/experiments/E9/pipeline_outputs/subaction_98_P01_109_98/candidate_02_frame_015771_left,/Users/huhu/Documents/Code/bishe/vrb/vrbreproduction/outputs/100subaction-e9/experiments/E9/pipeline_outputs/subaction_98_P01_109_98/candidate_02_frame_015771_left/reference_frame.png,/Users/huhu/Documents/Code/bishe/vrb/vrbreproduction/outputs/100subaction-e9/experiments/E9/pipeline_outputs/subaction_98_P01_109_98/candidate_02_frame_015771_left/label_heatmap_merged_overlay.png,/Users/huhu/Documents/Code/bishe/vrb/vrbreproduction/outputs/100subaction-e9/experiments/E9/pipeline_outputs/subaction_98_P01_109_98/candidate_02_frame_015771_left/vrb_style_affordance.png,/Users/huhu/Documents/Code/bishe/vrb/vrbreproduction/outputs/100subaction-e9/experiments/E9/pipeline_outputs/subaction_98_P01_109_98/candidate_02_frame_015771_left/mask_projection_overlay.png
99,P01_109_99,peel potato,peel,potato,15883.0,left,continuation_entry_rescue,15882.0,1.0,contact_part_local_affine,contact_part_local_affine,grabcut_fallback,bbox_fallback,fallback_lk,failed,ModuleNotFoundError:No module named 'torch',small_object_whole_mask_allowed,1709,1.0,2475.0,1.0,True,5,0.0,contact_part_mask,26,0,False,1.0,36,36,36,1.0,0.22519665956497192,5,0.0,0.955671625,,,,,,,5.80544410021305,97,5,0.45453333333333334,isotropic_e7,/Users/huhu/Documents/Code/bishe/vrb/vrbreproduction/outputs/100subaction-e9/experiments/E9/pipeline_outputs/subaction_99_P01_109_99/candidate_03_frame_015883_left,/Users/huhu/Documents/Code/bishe/vrb/vrbreproduction/outputs/100subaction-e9/experiments/E9/pipeline_outputs/subaction_99_P01_109_99/candidate_03_frame_015883_left/reference_frame.png,/Users/huhu/Documents/Code/bishe/vrb/vrbreproduction/outputs/100subaction-e9/experiments/E9/pipeline_outputs/subaction_99_P01_109_99/candidate_03_frame_015883_left/label_heatmap_merged_overlay.png,/Users/huhu/Documents/Code/bishe/vrb/vrbreproduction/outputs/100subaction-e9/experiments/E9/pipeline_outputs/subaction_99_P01_109_99/candidate_03_frame_015883_left/vrb_style_affordance.png,/Users/huhu/Documents/Code/bishe/vrb/vrbreproduction/outputs/100subaction-e9/experiments/E9/pipeline_outputs/subaction_99_P01_109_99/candidate_03_frame_015883_left/mask_projection_overlay.png
