verb,noun,count,percentage
turn-on,tap,1974,2.567
turn-off,tap,1719,2.236
open,cupboard,1199,1.559
open,drawer,1065,1.385
close,cupboard,798,1.038
open,fridge,745,0.969
close,drawer,711,0.925
close,fridge,568,0.739
pick-up,knife,552,0.718
pick-up,plate,514,0.669
put-down,plate,510,0.663
pick-up,spoon,509,0.662
put-down,knife,504,0.656
dry,hand,480,0.624
put-down,spoon,431,0.561
put-down,glass,425,0.553
pick-up,glass,413,0.537
pick-up,sponge,384,0.499
wash,hand,372,0.484
rinse,hand,350,0.455
pick-up,bowl,348,0.453
rinse,sponge,317,0.412
put-down,sponge,315,0.41
pick-up,lid,313,0.407
put-down,fork,312,0.406
put-down,lid,307,0.399
put-down,spatula,266,0.346
put-down,bowl,262,0.341
open,door,256,0.333
take,plate,255,0.332
pick-up,pan,248,0.323
put-down,cloth,247,0.321
pick-up,cloth,246,0.32
rinse,plate,242,0.315
take,knife,241,0.313
put-down,pan,231,0.3
pick-up,spatula,229,0.298
take,fork,229,0.298
stir,food,212,0.276
wash,knife,209,0.272
pick-up,fork,200,0.26
take,spoon,198,0.258
wash,plate,191,0.248
put-down,container,185,0.241
put-on,lid,181,0.235
rinse,knife,173,0.225
pour-into,water,167,0.217
rinse,glass,167,0.217
pick-up,container,166,0.216
put,plate,166,0.216
close,door,164,0.213
shake,hand,164,0.213
wash,spoon,157,0.204
rinse,cloth,155,0.202
pick-up,mug,134,0.174
open,oven,133,0.173
put,spoon,132,0.172
pick-up,pot,132,0.172
move,tap,131,0.17
take,sponge,129,0.168
rinse,spoon,127,0.165
stir,pasta,124,0.161
cut,onion,124,0.161
open,bin,123,0.16
stir,pan,121,0.157
rinse,pan,120,0.156
pour,water,119,0.155
pick-up,board:chopping,113,0.147
squeeze,sponge,112,0.146
put-down,bottle,111,0.144
take,bowl,111,0.144
pick-up,salt,111,0.144
close,oven,111,0.144
take,spatula,111,0.144
move,pan,111,0.144
wash,pan,109,0.142
put-down,board:cutting,108,0.14
put-in,spoon,108,0.14
wipe,surface,107,0.139
put,bowl,106,0.138
wash,fork,104,0.135
rinse,bowl,104,0.135
open,bag,103,0.134
pick-up,meat,101,0.131
turn-on,hob,101,0.131
peel,onion,99,0.129
pick-up,bottle,99,0.129
put-down,cup,97,0.126
put,knife,97,0.126
pick-up,bag,96,0.125
open,lid,96,0.125
clean,sink,95,0.124
close,bin,95,0.124
chop,onion,94,0.122
pick-up,onion,93,0.121
open,cabinet,92,0.12
put-down,pot,91,0.118
stir,onion,90,0.117
press,button,89,0.116
pick-up,cutlery,88,0.114
put-down,saucepan,87,0.113
pick-up,cup,85,0.111
put-down,board:chopping,83,0.108
take,glass,82,0.107
put-down,colander,82,0.107
rinse,fork,81,0.105
put-down,mug,81,0.105
put-in,pan,80,0.104
pick-up,tupperware,80,0.104
pick-up,colander,80,0.104
open,dishwasher,80,0.104
close,lid,79,0.103
pick-up,teaspoon,79,0.103
wash,glass,79,0.103
wash,sink,78,0.101
adjust,hob,78,0.101
put-in,plate,78,0.101
take,pan,77,0.1
stir,meat,76,0.099
close,bottle,76,0.099
wash,bowl,76,0.099
pick-up,paper,75,0.098
lather,knife,75,0.098
flip,aubergine,75,0.098
pour,salt,74,0.096
cut,tomato,74,0.096
pick-up,board:cutting,74,0.096
open,bottle,74,0.096
put-on,plate,74,0.096
turn-off,hob,73,0.095
lather,plate,72,0.094
rinse,lid,71,0.092
cut,potato,71,0.092
take-off,lid,70,0.091
put-down,cutlery,70,0.091
put,glass,70,0.091
clean,top:counter,70,0.091
close,dishwasher,69,0.09
pick-up,kettle,69,0.09
put,lid,68,0.088
pick-up,saucepan,68,0.088
pick-up,pasta,68,0.088
put-in,knife,68,0.088
rinse,mug,67,0.087
put-down,jar,66,0.086
lather,fork,66,0.086
pour,liquid:washing:up,66,0.086
roll-out,dough,66,0.086
rinse,cup,66,0.086
close,container,66,0.086
put-down,meat,66,0.086
put-down,bag,66,0.086
pick-up,aubergine,66,0.086
press-on,spatula,65,0.085
pick-up,towel:tea,65,0.085
pick-up,liquid:washing:up,65,0.085
put-down,salt,65,0.085
take,container,64,0.083
put-in,bowl,64,0.083
pick-up,tray:baking,64,0.083
take,cup,64,0.083
close,bag,64,0.083
put-down,kettle,64,0.083
put-down,teaspoon,64,0.083
pick-up,spoon:wooden,63,0.082
pick-up,jar,63,0.082
adjust,tap,62,0.081
throw,rubbish,62,0.081
put-down,oil,62,0.081
wash,saucepan,62,0.081
peel,potato,62,0.081
take,cloth,62,0.081
pick-up,egg,62,0.081
wipe,counter,61,0.079
pick-up,oil,61,0.079
put,sponge,61,0.079
close,cabinet,60,0.078
pick-up,scissors,60,0.078
stir,potato,59,0.077
turn-on,kettle,59,0.077
put-down,aubergine,59,0.077
open,container,59,0.077
take,lid,59,0.077
move,bowl,58,0.075
hold,pan,58,0.075
rinse,pot,58,0.075
take,saucepan,58,0.075
move,plate,58,0.075
pick-up,dough,57,0.074
pick-up,cheese,57,0.074
put-down,tray:baking,57,0.074
mix,curry,56,0.073
open,microwave,56,0.073
stir,courgette,56,0.073
put-in,carrot,56,0.073
knead,dough,56,0.073
put-down,liquid:washing:up,55,0.072
put-in,fork,55,0.072
open,freezer,55,0.072
put-on,pot,55,0.072
put,fork,54,0.07
slice,onion,54,0.07
clean,table,54,0.07
lather,glass,54,0.07
take,onion,53,0.069
put-down,onion,53,0.069
take,bottle,52,0.068
wipe,hand,52,0.068
take,mug,51,0.066
pick-up,tray,51,0.066
cut,peach,51,0.066
take,salt,51,0.066
rinse,colander,51,0.066
roll,dough,51,0.066
pick-up,pepper,50,0.065
pick-up,tomato,50,0.065
put-on,pan,50,0.065
rinse,board:chopping,50,0.065
take,kettle,50,0.065
get,meat,49,0.064
put-down,mushroom,49,0.064
stir,mixture,49,0.064
flip,meat,49,0.064
turn-on,light,48,0.062
pick-up,chopstick,48,0.062
stir,sauce,48,0.062
move,glass,48,0.062
put-down,spoon:wooden,47,0.061
rinse,container,47,0.061
clean,hob,47,0.061
put,mug,46,0.06
chop,garlic,46,0.06
rinse,spatula,46,0.06
open,refrigerator,46,0.06
pour,pasta,46,0.06
peel,peach,46,0.06
wash,mug,46,0.06
fold,cheese,46,0.06
pick-up,mat:place,45,0.059
grab,lid,45,0.059
pick-up,towel,45,0.059
wash,lid,45,0.059
close,freezer,45,0.059
put-on,towel:tea,45,0.059
shake,pot,44,0.057
lather,spoon,44,0.057
pick-up,napkin,44,0.057
wash,board:cutting,44,0.057
put,bottle,43,0.056
chop,potato,43,0.056
place-on,meat,43,0.056
pour,oil,43,0.056
put,salt,43,0.056
take,board:chopping,42,0.055
shake,pan,42,0.055
put-down,detergent,42,0.055
pick-up,cap:burner,42,0.055
sharpen,knife,42,0.055
skin,carrot,41,0.053
put,board:chopping,41,0.053
open,jar,41,0.053
grab,plate,41,0.053
wash,cup,41,0.053
crack,egg,41,0.053
close,jar,41,0.053
take,carrot,41,0.053
rinse,board:cutting,41,0.053
take,colander,41,0.053
remove,lid,41,0.053
take,board:cutting,40,0.052
rinse,saucepan,40,0.052
grab,knife,40,0.052
spray,degreaser,40,0.052
place,bowl,40,0.052
wipe,sink,39,0.051
stir,vegetable,39,0.051
put-on,soap,39,0.051
pick-up,dish,39,0.051
pick-up,potato,38,0.049
cut,carrot,38,0.049
put-in,rubbish,38,0.049
drink,water,38,0.049
put-down,ladle,38,0.049
stir,mushroom,38,0.049
move,container,38,0.049
throw,paper,38,0.049
pick-up,ladle,38,0.049
close,bottle:oil,37,0.048
put,pan,37,0.048
pour-in,water,37,0.048
pick-up,mushroom,37,0.048
pick-up,bread,37,0.048
cut,courgette,37,0.048
fill,kettle,37,0.048
get,plate,37,0.048
put-on,bowl,37,0.048
get,bowl,37,0.048
get,spoon,37,0.048
stretch,dough,36,0.047
close,microwave,36,0.047
wash,cloth,36,0.047
put-down,scissors,36,0.047
chop,leek,36,0.047
put,cup,36,0.047
squeeze,dough,36,0.047
get,oil,35,0.046
put-in,bin,35,0.046
put-down,pasta,35,0.046
take,dish,35,0.046
put-down,peach,35,0.046
get,knife,35,0.046
wash,pot,34,0.044
clean,knife,34,0.044
place,knife,34,0.044
stir,rice,34,0.044
pick-up,soap,34,0.044
place,plate,34,0.044
put-down,pepper,34,0.044
put-in,onion,34,0.044
open,box,34,0.044
move,board:cutting,34,0.044
put-in,salt,34,0.044
remove,peach,34,0.044
lather,pan,34,0.044
put-down,chopstick,34,0.044
take,mushroom,34,0.044
put-down,mat:place,33,0.043
grab,spoon,33,0.043
wipe-off,hand,33,0.043
put-down,cap:burner,33,0.043
wash,sponge,33,0.043
fold,dough,33,0.043
turn-on,stove,33,0.043
close,box,33,0.043
put-down,tray,32,0.042
spray,detergent,32,0.042
pick-up,slice:potato,32,0.042
put-down,tupperware,32,0.042
put-in,bag,32,0.042
stretch,cheese,32,0.042
put,pot,32,0.042
enter,kitchen,32,0.042
pour-from,water,32,0.042
grab,sponge,32,0.042
wash,container,32,0.042
empty,water,32,0.042
put-down,grater,32,0.042
stir,egg,31,0.04
put,kettle,31,0.04
pick-up,grater,31,0.04
put-into,pan,31,0.04
take,oil,31,0.04
wash,spatula,31,0.04
rinse,cutlery,31,0.04
open,kettle,31,0.04
pick-up,piece:tofu,31,0.04
read,instruction,31,0.04
put,saucepan,31,0.04
throw,packaging,31,0.04
put-in,water,31,0.04
open,oil,31,0.04
pick-up,lighter,30,0.039
put-in,bread,30,0.039
empty,bowl:washing:up,30,0.039
chop,pepper,30,0.039
turn-off,light,30,0.039
put-on,glove:oven,30,0.039
put-in,food,30,0.039
pick-up,flour,30,0.039
move,knife,30,0.039
wash,colander,30,0.039
adjust,temperature,30,0.039
close,refrigerator,30,0.039
pick-up,pin:rolling,30,0.039
put-down,rest:spoon,30,0.039
pick-up,degreaser,30,0.039
peel,garlic,30,0.039
empty,sink,30,0.039
pick-up,paper:greaseproof,30,0.039
wash,dish,30,0.039
pick-up,pie,30,0.039
take,bag,30,0.039
take-off,skin,30,0.039
put-into,container,29,0.038
adjust,heat,29,0.038
put-down,slice:potato,29,0.038
shake,bottle,29,0.038
place,pan,29,0.038
turn-over,dough,29,0.038
place,spoon,29,0.038
pick-up,coffee,29,0.038
clean,top:stove,28,0.036
take,tomato,28,0.036
take,spoon:wooden,28,0.036
put-in,lid,28,0.036
put-down,degreaser,28,0.036
put-down,cup:coffee,28,0.036
cut,olive,28,0.036
put,cloth,28,0.036
put,tupperware,28,0.036
put-down,cheese,28,0.036
take,pot,28,0.036
put-down,bowl:salad,28,0.036
put-in,cheese,28,0.036
pick-up,carrot,28,0.036
rub,sponge,28,0.036
open,tupperware,28,0.036
pick-up,leaf:pak:choi,28,0.036
pick-up,detergent,28,0.036
open,bin:food,28,0.036
wipe,cooker,28,0.036
put-down,lighter,27,0.035
turn-on,oven,27,0.035
shred,thigh:chicken,27,0.035
wash,board:chopping,27,0.035
take,potato,27,0.035
take,thigh:chicken,27,0.035
put,spatula,27,0.035
put-into,plate,27,0.035
put-down,olive,27,0.035
put-down,dough,27,0.035
put-in,piece:tofu,26,0.034
put-in,potato,26,0.034
close,kettle,26,0.034
take,cheese,26,0.034
pour-into,milk,26,0.034
adjust-on,heat,26,0.034
put-in,mug,26,0.034
pick-up,rice,26,0.034
fill,bottle,26,0.034
put-down,napkin,26,0.034
pick-up,rubbish,26,0.034
put-into,spoon,26,0.034
open,bin:garbage,26,0.034
pick-up,cup:coffee,26,0.034
empty,bowl,26,0.034
pick-up,milk,26,0.034
put-down,bread,26,0.034
wring,cloth,26,0.034
put-in,tupperware,26,0.034
slice,tomato,25,0.033
discard,skin:garlic,25,0.033
put-down,rag,25,0.033
peel,skin:garlic,25,0.033
stir-in,egg,25,0.033
slice,cucumber,25,0.033
rinse,tupperware,25,0.033
remove,skin,25,0.033
put,bag,25,0.033
pick-up,ball:dough,25,0.033
move,board:chopping,25,0.033
place,glass,25,0.033
tap,spatula,25,0.033
take,clothes,25,0.033
put-into,knife,25,0.033
move,pot,25,0.033
chop,chilli,25,0.033
open,salt,25,0.033
damp,sponge,25,0.033
move,bottle,25,0.033
put-down,towel:tea,25,0.033
turn,container,25,0.033
cut,pizza,25,0.033
close,tupperware,24,0.031
put-on,dough,24,0.031
pick-up,oil:olive,24,0.031
put-down,paper,24,0.031
pick,glass,24,0.031
put-down,peeler:potato,24,0.031
put-down,pan:frying,24,0.031
rinse,dish,24,0.031
put-down,package,24,0.031
take,olive,24,0.031
clean,counter,24,0.031
press,switch,24,0.031
pick-up,glove:oven,24,0.031
close,drawer:dishwasher,24,0.031
pick-up,box,24,0.031
peel,carrot,24,0.031
set,timer,24,0.031
clean,plate,24,0.031
get,fork,24,0.031
put-away,knife,24,0.031
pour-into,rice,24,0.031
flip-over,piece:tofu,24,0.031
close,oil,24,0.031
lather,sponge,23,0.03
pick-up,chicken,23,0.03
pick-up,pan:frying,23,0.03
open,bin:trash,23,0.03
pick-up,package,23,0.03
move,saucepan,23,0.03
take,mixture,23,0.03
take,napkin,23,0.03
cut,cucumber,23,0.03
lather,lid,23,0.03
close,bin:food,23,0.03
sweep,floor,23,0.03
put-in,mixture,23,0.03
pick-up,rest:spoon,23,0.03
take,egg,23,0.03
pick-up,sugar,23,0.03
put-on,knife,23,0.03
move,chair,23,0.03
put-on,mug,23,0.03
place,kettle,23,0.03
wash,teaspoon,23,0.03
wear,glove,23,0.03
put-on,nut:pine,23,0.03
throw-away,paper,23,0.03
pick-up,yoghurt,23,0.03
open,bottle:oil,23,0.03
debone,thigh:chicken,23,0.03
put-down,towel,23,0.03
pick-up,scale,22,0.029
pour-out,water,22,0.029
pick-up,brush:pastry,22,0.029
rinse,teaspoon,22,0.029
move,jar,22,0.029
scoop,food,22,0.029
put-down,egg,22,0.029
mix,pasta,22,0.029
put,dish,22,0.029
wash,pan:frying,22,0.029
soak,sponge,22,0.029
put-on,salt,22,0.029
pick-up,peel,22,0.029
pick-up,bottle:oil,22,0.029
take,box,22,0.029
move,meat,22,0.029
place,fork,22,0.029
hang,cloth,22,0.029
put-in,dishwasher,22,0.029
put,colander,22,0.029
cut,garlic,22,0.029
cut,dough,22,0.029
pick-up,tissue,22,0.029
put-in,glass,22,0.029
pour-into,oil,22,0.029
dry,knife,22,0.029
put-in,oil,22,0.029
put-in,coffee,21,0.027
take,cutlery,21,0.027
put,liquid:washing:up,21,0.027
close,bin:garbage,21,0.027
pick-up,mixture:tuna,21,0.027
pour,coffee,21,0.027
take,pepper,21,0.027
turn-off,oven,21,0.027
shake,spoon,21,0.027
pick-up,biscuit,21,0.027
open,packaging,21,0.027
pick-up,butter,21,0.027
stir-in,meat,21,0.027
lather,board:cutting,21,0.027
pick-up,can,21,0.027
lather,bowl,21,0.027
put-in,board:chopping,21,0.027
pick-up,saucer,21,0.027
open,package,21,0.027
tap,spoon,21,0.027
pick-up,liquid:washing,21,0.027
open,can:trash,21,0.027
move,bag,21,0.027
put-down,can,21,0.027
slice,chicken,21,0.027
slice,carrot,21,0.027
turn,chicken,21,0.027
throw,bag,21,0.027
put-down,grid,21,0.027
mix,salad,21,0.027
put,onion,21,0.027
put,cutlery,21,0.027
wash,tomato,21,0.027
put-down,box,21,0.027
pick-up,mozzarella,21,0.027
pick-up,salad,21,0.027
take,ladle,20,0.026
stir,salad,20,0.026
wash,mushroom,20,0.026
put-in,bottle,20,0.026
turn,meat,20,0.026
get,pan,20,0.026
take,bread,20,0.026
rinse,filter,20,0.026
sponge,spoon,20,0.026
pick-up,grid,20,0.026
turn,knob,20,0.026
take,scissors,20,0.026
slice,mushroom,20,0.026
pick-up,bun:bao,20,0.026
close,can:trash,20,0.026
take-off,glove,20,0.026
put-down,scale,20,0.026
take,v60,20,0.026
move-with,piece:tofu,20,0.026
drain,plate,20,0.026
throw,skin,20,0.026
throw,peel,20,0.026
put-on,pepper,20,0.026
pick-up,lid:saucepan,20,0.026
pick-up,tub,20,0.026
put-on,glass,20,0.026
turn-on,machine:coffee,19,0.025
flip-over,dough,19,0.025
test,water,19,0.025
break-up,rice,19,0.025
put,glove:oven,19,0.025
squeeze,cloth,19,0.025
put-down,tub,19,0.025
turn-down,hob,19,0.025
empty,pan,19,0.025
put-in,scissors,19,0.025
put,detergent,19,0.025
take,paper,19,0.025
place,dish,19,0.025
put-down,peeler,19,0.025
dry,mug,19,0.025
pick-up,bowl:salad,19,0.025
put-on,saucepan,19,0.025
pour-into,salt,19,0.025
apply,liquid:washing:up,19,0.025
grab,pot,19,0.025
take,sugar,19,0.025
put-down,potato,19,0.025
shake,lid,19,0.025
put-down,cereal,19,0.025
grab,glass,19,0.025
press,garlic,19,0.025
stir,coffee,19,0.025
pour,flour,19,0.025
cut,cheese,19,0.025
shape,ball:dough,19,0.025
put,box,19,0.025
pick-up,lid:tupperware,18,0.023
throw,napkin,18,0.023
clean,pot,18,0.023
put-down,rice,18,0.023
open,can,18,0.023
put-down,lid:rice:cooker,18,0.023
put-down,flour,18,0.023
close,bin:trash,18,0.023
move,cutlery,18,0.023
pick-up,roll:kitchen,18,0.023
put-down,liquid:washing,18,0.023
scour,bowl,18,0.023
put-in,clothes,18,0.023
cut,paper:greaseproof,18,0.023
grab,fork,18,0.023
adjust,flame,18,0.023
place,lid,18,0.023
put-down,glove:oven,18,0.023
put-in,saucepan,18,0.023
put,board:cutting,18,0.023
move,onion,18,0.023
put-down,silverware,18,0.023
fold,bag,18,0.023
take,chicken,18,0.023
tear,paper,18,0.023
pick-up,film:cling,18,0.023
put-down,saucer,18,0.023
put-down,filter,18,0.023
remove,stone:olive,18,0.023
adjust,gas,17,0.022
spoon,rice,17,0.022
grab,cup,17,0.022
pick-up,cucumber,17,0.022
get,towel:kitchen,17,0.022
wipe,hob,17,0.022
open,pot,17,0.022
put-down,chicken,17,0.022
put-in,milk,17,0.022
put-in,waste,17,0.022
wash,lid:saucepan,17,0.022
open,machine:coffee,17,0.022
pick-up,glove,17,0.022
rinse,sink,17,0.022
put-down,dish,17,0.022
squeeze,lemon,17,0.022
slice,potato,17,0.022
close,door:oven,17,0.022
put-in,colander,17,0.022
drain,pasta,17,0.022
turn-on,toaster,17,0.022
put-in,pot,17,0.022
pick-up,filter:water,17,0.022
dry,pan,17,0.022
dry,plate,17,0.022
pick-up,garlic,17,0.022
open,drawer:dishwasher,17,0.022
take,aubergine,17,0.022
scoop-up,soup,17,0.022
put-down,brush:pastry,17,0.022
put-in,thigh:chicken,17,0.022
take,liquid:washing:up,17,0.022
move,colander,17,0.022
lather,teaspoon,17,0.022
pick-up,peeler,17,0.022
move,lid,17,0.022
take,tupperware,17,0.022
pour-into,pasta,17,0.022
put-into,onion,17,0.022
fill,glass,17,0.022
pour,mushroom,17,0.022
put-on,cheese,17,0.022
scrub,pan,17,0.022
put-on,chopstick,17,0.022
pour-in,milk,17,0.022
put-on,kettle,17,0.022
pick-up,silverware,17,0.022
chop,mushroom,17,0.022
put-down,pizza,16,0.021
pick-up,strainer,16,0.021
open,milk,16,0.021
spread-on,oil,16,0.021
lay-down,dough,16,0.021
pick-up,cereal,16,0.021
pick-up,peach,16,0.021
pick-up,clip,16,0.021
put-in,rice,16,0.021
chop,carrot,16,0.021
use,soap,16,0.021
dry,spoon,16,0.021
cut,lettuce,16,0.021
scrape-off,egg,16,0.021
put,garlic,16,0.021
take,towel:tea,16,0.021
grab,saucepan,16,0.021
get,board:chopping,16,0.021
stir,ingredient,16,0.021
rinse,bowl:washing:up,16,0.021
squeeze,ball:dough,16,0.021
split,potato,16,0.021
roll,ball:dough,16,0.021
put-in,meat,16,0.021
put,jar,16,0.021
move,cup,16,0.021
put-into,salt,16,0.021
pour,milk,16,0.021
put-down,roll:kitchen,16,0.021
pick-up,sausage,16,0.021
wash,tupperware,16,0.021
rinse,tray:baking,16,0.021
move,tray,16,0.021
put-down,jug,16,0.021
put,tomato,16,0.021
take,garlic,16,0.021
pick-up,jug,16,0.021
put-in,tray,16,0.021
put-in,tomato,16,0.021
throw,garbage,16,0.021
move,spoon,16,0.021
pick-up,jug:measuring,16,0.021
put,tray,16,0.021
put-in,teaspoon,16,0.021
fold-over,dough,16,0.021
put-into,water,15,0.02
take,salad,15,0.02
put,salad,15,0.02
grab,container,15,0.02
drain,glass,15,0.02
set-off,timer,15,0.02
stir,stock,15,0.02
put-down,mozzarella,15,0.02
put,spoon:wooden,15,0.02
slide,tray,15,0.02
pour-in,oil,15,0.02
pick-up,peeler:potato,15,0.02
mix,ingredient,15,0.02
throw-into,bin,15,0.02
pick-up,bottle:milk,15,0.02
oil,hand,15,0.02
shake,glass,15,0.02
clean,hand,15,0.02
fill-with,mug,15,0.02
put-on,fork,15,0.02
put-down,tomato,15,0.02
turn-on,microwave,15,0.02
put-in,chilli,15,0.02
turn-in,meat,15,0.02
spread-on,butter,15,0.02
spread-onto,butter,15,0.02
knead,ball:dough,15,0.02
scrub,plate,15,0.02
pick-up,spoon:measuring,15,0.02
get,mix:meat,15,0.02
pick-up,spice,15,0.02
open,packet,15,0.02
place,bottle,15,0.02
put-into,bowl,15,0.02
wash-with,plate,15,0.02
wet,sponge,15,0.02
slice-into,courgette,15,0.02
turn,sausage,15,0.02
turn-on,cooker,15,0.02
whisk,egg,15,0.02
put-in,tomato:cherry,14,0.018
put-down,glove,14,0.018
put-down,salad,14,0.018
pick-up,piece:cucumber,14,0.018
pick-up,slice:bread,14,0.018
open,bread,14,0.018
mix,dough,14,0.018
take,water,14,0.018
put-into,garlic,14,0.018
lift,lid,14,0.018
place-on,pan,14,0.018
throw-into,trash,14,0.018
remove,leaf,14,0.018
remove,peel,14,0.018
pick-up,thermometer,14,0.018
pour-onto,liquid:washing,14,0.018
take-out,cheese,14,0.018
take-from,paper,14,0.018
rinse,jar,14,0.018
adjust,temperature:gas,14,0.018
put-down,paper:greaseproof,14,0.018
cut,fish,14,0.018
cut,banana,14,0.018
scrub,knife,14,0.018
sponge,knife,14,0.018
chop,tomato:sun:dried,14,0.018
turn-off,stove,14,0.018
pour-in,oil:olive,14,0.018
pick-up,water,14,0.018
put-of,ball:dough,14,0.018
turn-off,cooker,14,0.018
pick-up,mixture,14,0.018
put,clothes,14,0.018
scoop,yoghurt,14,0.018
put,v60,14,0.018
pick-up,chilli,14,0.018
lather,container,14,0.018
take,onion:spring,14,0.018
put-on,tray,14,0.018
pick-up,carafe,14,0.018
take,glove:oven,14,0.018
put-down,courgette,14,0.018
clean,surface,14,0.018
pick-up,olive,14,0.018
move,tupperware,14,0.018
sharpen,tap,14,0.018
take,rag,14,0.018
unfold,cloth,14,0.018
close,bag:plastic,14,0.018
place-on,ball:dough,13,0.017
put-in,cutlery,13,0.017
open,basket,13,0.017
put-on,spoon,13,0.017
sharpen,whetstone,13,0.017
move,chopstick,13,0.017
place-on,spoon:wooden,13,0.017
stir-in,onion,13,0.017
dry,saucepan,13,0.017
put-down,carrot,13,0.017
turn-on,gas,13,0.017
place,jar,13,0.017
pick-up,yogurt,13,0.017
put-down,soap,13,0.017
rinse,grater,13,0.017
stab,potato,13,0.017
place,sponge,13,0.017
open,cereal,13,0.017
adjust,cooker,13,0.017
put-down,butter,13,0.017
wash,scissors,13,0.017
take-out,pan,13,0.017
pick-up,lettuce,13,0.017
clean,sponge,13,0.017
pour,oil:olive,13,0.017
pick-up,sandwich,13,0.017
pour,rice,13,0.017
dice,onion,13,0.017
pick-up,salmon,13,0.017
stir,spaghetti,13,0.017
feel,dough,13,0.017
pick-up,wok,13,0.017
put-in,fridge,13,0.017
rinse,thigh:chicken,13,0.017
put-down,sauce,13,0.017
lather,pot,13,0.017
put-down,pin:rolling,13,0.017
open,bag:plastic,13,0.017
put-down,wok,13,0.017
pour-on,oil,13,0.017
rinse,silverware,13,0.017
wipe,knife,13,0.017
put-in,pasta,13,0.017
pick-up,tofu,13,0.017
move,tomato,13,0.017
put,box:lunch,13,0.017
rinse,ladle,13,0.017
lift,plate,13,0.017
pull-out,drawer:dishwasher,13,0.017
put-on,tray:baking,13,0.017
pick-up,pizza,13,0.017
adjust-on,temperature,13,0.017
put-on,meat,13,0.017
put-in,box,13,0.017
take,grater,13,0.017
put-down,cup:measuring,13,0.017
fry,egg,13,0.017
close,machine:coffee,13,0.017
put,oil:olive,13,0.017
spray,remover:spot,13,0.017
pick-up,trash,13,0.017
empty,saucepan,13,0.017
put,oil,13,0.017
put-into,meat,13,0.017
move,mug,13,0.017
take,oil:olive,13,0.017
cut-into,carrot,13,0.017
pick-up,lid:rice:cooker,13,0.017
get,sponge,13,0.017
place,colander,12,0.016
cut,pepper,12,0.016
cover,pot,12,0.016
move,box,12,0.016
put-down,thermometer,12,0.016
take,pasta,12,0.016
cut,piece:chocolate,12,0.016
mix,mixture,12,0.016
take,coffee,12,0.016
spoon,food,12,0.016
lather,cup,12,0.016
take,peeler,12,0.016
put-down,tongs,12,0.016
take,cup:measuring,12,0.016
mix-in,food,12,0.016
taste,rice,12,0.016
pick-up,filter,12,0.016
dry,glass,12,0.016
put-on,glove,12,0.016
remove,filter,12,0.016
throw,plastic,12,0.016
drain,container,12,0.016
move,bin,12,0.016
put-in,cucumber,12,0.016
put-in,wrap,12,0.016
pick-up,food,12,0.016
slice,tofu,12,0.016
take,pot:coffee,12,0.016
take,parsley,12,0.016
chop,potato:sweet,12,0.016
clean,spoon,12,0.016
put-on,cover,12,0.016
open,bin:compost,12,0.016
pour,stock,12,0.016
drag-through,spatula,12,0.016
grab,flour,12,0.016
switch-on,hob,12,0.016
scrape,tomato,12,0.016
take,spatula:wooden,12,0.016
slide-out,chopstick,12,0.016
sponge,pan,12,0.016
put-down,coffee,12,0.016
put,ladle,12,0.016
dip,piece:pitta,12,0.016
grab,jug,12,0.016
take,spice,12,0.016
pick-up,ramekin,12,0.016
clean,kitchen,12,0.016
take,brush,12,0.016
put-down,holder:pot,12,0.016
pour-into,flour,12,0.016
wash,leaf:pak:choi,12,0.016
pour-into,food,12,0.016
dry,lid,12,0.016
put-down,leaf:pak:choi,12,0.016
rinse,cap:burner,12,0.016
rinse,bottle,12,0.016
put-in,pepper,12,0.016
put,can,12,0.016
pick-up,leek,12,0.016
put-in,pie,12,0.016
clean,bowl,12,0.016
take,towel,12,0.016
throw,trash,12,0.016
throw,water,12,0.016
sponge,plate,12,0.016
cut,tomato:cherry,12,0.016
put-down,can:tin,12,0.016
pick-up,noodle,12,0.016
slice,meat,12,0.016
close,salt,12,0.016
close,basket,12,0.016
put-on,detergent,12,0.016
take,tray,12,0.016
place-on,pot,12,0.016
put-in,salad,12,0.016
rinse,bowl:salad,12,0.016
wash,cap:burner,12,0.016
pour,squash,12,0.016
stir,oat,12,0.016
empty,bottle,11,0.014
flip,burger:tuna,11,0.014
rub,hand,11,0.014
slice,cheese,11,0.014
put-in,spatula,11,0.014
scrub,bowl,11,0.014
shake,jar,11,0.014
get,mug,11,0.014
remove,skin:garlic,11,0.014
rinse,can,11,0.014
rinse,jug,11,0.014
shake,mat:place,11,0.014
put-in,packaging,11,0.014
soap,glass,11,0.014
dry,bowl,11,0.014
put-in,garlic,11,0.014
scrub,spoon,11,0.014
put-in,cup,11,0.014
fold,mat:place,11,0.014
remove-from,scale,11,0.014
dry-with,hand,11,0.014
remove-from,water,11,0.014
cut,paper:baking,11,0.014
fold,towel,11,0.014
put-in,lid:saucepan,11,0.014
slice,olive,11,0.014
get,garlic,11,0.014
flip,tortilla,11,0.014
cut,chicken,11,0.014
dry,fork,11,0.014
fill-up,jug,11,0.014
put-into,rice,11,0.014
dry,container,11,0.014
put-into,pot,11,0.014
flip,sausage,11,0.014
empty,pot,11,0.014
put-in,egg,11,0.014
put-in,dough,11,0.014
spoon,stock,11,0.014
put-in,sauce,11,0.014
shake,colander,11,0.014
dice,courgette,11,0.014
cut,aubergine,11,0.014
put-in,cupboard,11,0.014
rinse,spoon:wooden,11,0.014
cut,mozzarella,11,0.014
insert,cap:burner,11,0.014
place-in,bowl,11,0.014
put-down,milk,11,0.014
move,kettle,11,0.014
unfold,dough,11,0.014
take,waste,11,0.014
grab,bottle,11,0.014
take,vegetable,11,0.014
put-down,clip,11,0.014
take,tong,11,0.014
grab,cloth,11,0.014
stir,soup,11,0.014
put,peach,11,0.014
put,pasta,11,0.014
grind,spice,11,0.014
put-down,mixer,11,0.014
wash,ladle,11,0.014
put-down,bottle:oil,11,0.014
move,rack:drying,11,0.014
take,lighter,11,0.014
pick-up,cream,11,0.014
put,carrot,11,0.014
open,bag:coffee,11,0.014
turn-off,heat,11,0.014
grab,pan,11,0.014
take,meat,11,0.014
close,package,11,0.014
put-down,garlic,11,0.014
grab,salt,11,0.014
take,peach,11,0.014
put-down,finger:fish,11,0.014
pick-up,lemon,11,0.014
take,chilli:green,11,0.014
put-down,utensil,11,0.014
pour-from,soup,11,0.014
pour,sauce,11,0.014
put-away,glass,11,0.014
pour,meat,11,0.014
clean,cooker,11,0.014
pick-up,tongs,11,0.014
pick-up,teapot,11,0.014
pour,cereal,11,0.014
close,door:cupboard,11,0.014
break,egg,11,0.014
put,spice,11,0.014
pour-from,oil,11,0.014
put-in,butter,11,0.014
put-down,bin,11,0.014
take-out,bowl,11,0.014
place-on,plate,11,0.014
insert,filter,11,0.014
hold,bowl,11,0.014
turn-on,fan:extractor,11,0.014
put-in,bun:bao,11,0.014
put-down,bottle:milk,11,0.014
put-away,fork,11,0.014
take,mozzarella,10,0.013
pick-up,leaf,10,0.013
put-into,bag,10,0.013
put,liquid:dishwashing,10,0.013
eat,piece:pitta,10,0.013
remove,residue:food,10,0.013
pick-up,holder:coffee,10,0.013
turn-on,blender:hand,10,0.013
scoop-out,egg,10,0.013
pick-up,holder:pot,10,0.013
put,pepper,10,0.013
take,leaf:curry,10,0.013
move,sponge,10,0.013
scour,wok,10,0.013
shake,tupperware,10,0.013
put,grater,10,0.013
move,butter,10,0.013
clean,mat:place,10,0.013
put-on,oregano,10,0.013
pick-up,roll:paper,10,0.013
put-on,onion,10,0.013
cut-into,lettuce,10,0.013
move,chicken,10,0.013
pour-from,flour,10,0.013
pick-up,piece:carrot,10,0.013
move,bread,10,0.013
put-on,ball:dough,10,0.013
pour,soap,10,0.013
pick-up,utensil,10,0.013
pour,pepper,10,0.013
place-on,spatula:wooden,10,0.013
clean,microwave,10,0.013
light,cooker,10,0.013
empty,capsule,10,0.013
pick-up,omelette,10,0.013
put-onto,plate,10,0.013
take,rice,10,0.013
put,container,10,0.013
empty,mug,10,0.013
shake-off,hand,10,0.013
put,sugar,10,0.013
shake,saucepan,10,0.013
put-on,pizza,10,0.013
put,bowl:washing:up,10,0.013
put-into,dustbin,10,0.013
pick-up,packaging,10,0.013
put-on,sauce,10,0.013
put-into,glass,10,0.013
tilt,saucepan,10,0.013
chop,squash,10,0.013
pour-from,spice,10,0.013
open,flour,10,0.013
put-down,lid:saucepan,10,0.013
pick-up,can:tin,10,0.013
open,box:cereal,10,0.013
pick-up,broccoli,10,0.013
pick-up,box:lunch,10,0.013
put-down,slice:bread,10,0.013
sprinkle,salt,10,0.013
put-down,yogurt,10,0.013
rinse,rag,10,0.013
put-down,knife:mincing,10,0.013
peel,sausage,10,0.013
wash,grater,10,0.013
pick-up,bottle:water,10,0.013
close,milk,10,0.013
grab,bag,10,0.013
squeeze,bottle:milk,10,0.013
adjust,oven,10,0.013
put-down,oil:olive,10,0.013
rinse,courgette,10,0.013
close,squash,10,0.013
squeeze,liquid:washing:up,10,0.013
stir,quorn,10,0.013
put,water,10,0.013
rinse,wok,10,0.013
rinse,saucer,10,0.013
peel-off,dough,10,0.013
put-down,filter:water,10,0.013
get,potato,10,0.013
take,cloth:table,10,0.013
put,yoghurt,10,0.013
put-in,sugar,10,0.013
take,filter,10,0.013
pick-up,glass:wine,10,0.013
put-down,bag:flour,10,0.013
wear,apron,10,0.013
put-in,filter,10,0.013
put-down,biscuit,10,0.013
close,drawer:freezer,10,0.013
turn-on,switch,10,0.013
pick-up,dog:hot,10,0.013
close,locker,10,0.013
wash,potato,10,0.013
take,cereal,10,0.013
put-down,cloth:table,10,0.013
move-in,meat,10,0.013
take,bowl:salad,10,0.013
get,ball:dough,10,0.013
put-down,container:food,10,0.013
scoop,rice,10,0.013
take,banana,10,0.013
rinse,scissors,9,0.012
open,door:oven,9,0.012
move,cloth,9,0.012
pick-up,sieve,9,0.012
open,pepper,9,0.012
wipe,table,9,0.012
wear,glove:oven,9,0.012
turn-on,scale,9,0.012
put-on,mix:meat,9,0.012
throw,lid,9,0.012
scrub,pot,9,0.012
wipe-off,knife,9,0.012
rinse,rest:spoon,9,0.012
scrub,mug,9,0.012
rinse,pot:moka,9,0.012
open,machine:washing,9,0.012
chop,ginger,9,0.012
place,container,9,0.012
wipe-with,bowl,9,0.012
chop,parsley,9,0.012
mix,vegetable,9,0.012
open,locker,9,0.012
add,nut:pine,9,0.012
pick-up,sauce:soy,9,0.012
pick-up,bag:flour,9,0.012
open,spice,9,0.012
open,squash,9,0.012
eat,olive,9,0.012
remove,skin:onion,9,0.012
pick-up,jar:clip:top,9,0.012
uncover,pot,9,0.012
remove,glove,9,0.012
move,slice:bread,9,0.012
move-into,piece:meat,9,0.012
turn-off,kettle,9,0.012
scoop,kiwi,9,0.012
put-onto,pasta,9,0.012
pick-up,lid:pan,9,0.012
rinse,cafetiere,9,0.012
empty,filter,9,0.012
empty,glass,9,0.012
wash,cutlery,9,0.012
turn-down,heat,9,0.012
rinse,carafe,9,0.012
brush-with,dough,9,0.012
move,paper,9,0.012
pick-up,pancake:crispy,9,0.012
top,carrot:tail,9,0.012
tip-out,water,9,0.012
rinse,v60,9,0.012
wash,stove,9,0.012
pick-up,rag,9,0.012
rinse,tomato,9,0.012
pick-up,residue:food,9,0.012
move,dough,9,0.012
open,cheese,9,0.012
pick-up,glove:rubber,9,0.012
put-in,cereal,9,0.012
mix,sauce,9,0.012
put,towel,9,0.012
switch-on,gas,9,0.012
switch-on,light,9,0.012
switch-on,oven,9,0.012
close,maker:coffee,9,0.012
get,bag:plastic,9,0.012
put-in,potato:sweet,9,0.012
hang,shirt:t,9,0.012
put-down,bone:chicken,9,0.012
pop-out,cube:ice,9,0.012
put-in,sponge,9,0.012
take,jar,9,0.012
put-down,jug:measuring,9,0.012
put,scissors,9,0.012
take,jug,9,0.012
fold,towel:tea,9,0.012
put,rice,9,0.012
slice,chilli,9,0.012
rinse,peeler,9,0.012
take,lemon,9,0.012
put-in,tray:baking,9,0.012
close,bottle:milk,9,0.012
put,lighter,9,0.012
put-down,holder:coffee,9,0.012
put-down,leaf,9,0.012
take,rubbish,9,0.012
put-down,support,9,0.012
spread-in,oil,9,0.012
put-in,box:lunch,9,0.012
put-in,biscuit,9,0.012
spray,cleaner,9,0.012
put-down,water,9,0.012
get,scissors,9,0.012
squeeze,lime,9,0.012
cut,avocado,9,0.012
put-down,tong,9,0.012
put-down,tofu,9,0.012
put-down,sugar,9,0.012
sponge,mug,9,0.012
squirt,liquid:washing:up,9,0.012
cook,chicken,9,0.012
put-down,spice,9,0.012
stir,chicken,9,0.012
put-down,rack:drying,9,0.012
put-down,phone,9,0.012
put-down,pancake:crispy,9,0.012
grab,colander,9,0.012
put-down,mixture,9,0.012
cut,choi:pak,9,0.012
inspect,hand,9,0.012
take,detergent,9,0.012
put,coffee,9,0.012
pour-into,sugar,9,0.012
lather,spatula,9,0.012
put,cap,9,0.012
pour,sugar,9,0.012
lower,heat,9,0.012
take-out,meat,9,0.012
pour-into,stock,9,0.012
put-on,board:chopping,9,0.012
pour-into,cereal,9,0.012
cut,vegetable,9,0.012
fill,saucepan,9,0.012
clean,stove,9,0.012
press,dough,9,0.012
press-down,dough,9,0.012
put-into,saucepan,9,0.012
put-on,colander,9,0.012
open,hummus,9,0.012
pour,tomato,9,0.012
put,bread,9,0.012
open,yoghurt,8,0.01
fill-with,glass,8,0.01
peel,banana,8,0.01
pick-up,slice:butter,8,0.01
pour-in,pasta,8,0.01
put-down,powder,8,0.01
put-in,garbage,8,0.01
fill-with,saucepan,8,0.01
pick,olive,8,0.01
grab,box:lunch,8,0.01
rinse,cup:coffee,8,0.01
open,bottle:milk,8,0.01
pour-into,coffee,8,0.01
pour-into,oil:olive,8,0.01
put-down,spoon:measuring,8,0.01
open,counter,8,0.01
open,coffee,8,0.01
put-down,yoghurt,8,0.01
open,jar:sugar,8,0.01
rinse,packaging,8,0.01
pour,chickpea,8,0.01
put-in,board:cutting,8,0.01
place,board:chopping,8,0.01
rinse,lettuce,8,0.01
put-in,bin:food,8,0.01
put-on,bread,8,0.01
open,egg,8,0.01
open,oil:olive,8,0.01
fill-up,kettle,8,0.01
pour,spice,8,0.01
open,olive,8,0.01
open,cube:stock,8,0.01
open,cover,8,0.01
get,tomato,8,0.01
pick-up,banana,8,0.01
open,rice,8,0.01
get,leaf:salad,8,0.01
open,sauce,8,0.01
pick-up,bag:pine:nut,8,0.01
pick-up,blender,8,0.01
put-into,oil:olive,8,0.01
pick-up,belly:pork,8,0.01
put,strainer,8,0.01
move,towel:tea,8,0.01
pick-up,grater:cheese,8,0.01
put-into,cup,8,0.01
pick-up,opener:can,8,0.01
flip,patty:tuna,8,0.01
put-into,clothes,8,0.01
put-onto,aubergine,8,0.01
lather,saucer,8,0.01
put,pesto,8,0.01
put,pepper:bell,8,0.01
put,liquid:washing,8,0.01
pick-up,kale,8,0.01
move,scale,8,0.01
pick-up,knife:mincing,8,0.01
put,chilli:green,8,0.01
put,lettuce,8,0.01
put-onto,lid,8,0.01
put,dog:hot,8,0.01
ladle,curd:lemon,8,0.01
lather,colander,8,0.01
pick-up,patty:tuna,8,0.01
put-in,sausage,8,0.01
lay-out,paper:greaseproof,8,0.01
put-on,pasta,8,0.01
pick-up,blackberry,8,0.01
move,dish,8,0.01
put-into,cereal,8,0.01
pick-up,block:chopping,8,0.01
pour-into,onion,8,0.01
pick-up,bottle:washing:liquid,8,0.01
grab,maker:coffee,8,0.01
put-down,lemon,8,0.01
put-down,leaf:lettuce,8,0.01
pick-up,bowl:washing:up,8,0.01
put-down,bottle:water,8,0.01
put-into,leaf:pak:choi,8,0.01
pick-up,brush,8,0.01
pick-up,choi:pak,8,0.01
pick-up,courgette,8,0.01
put-down,cover,8,0.01
pick-up,phone,8,0.01
pick-up,cube:ice,8,0.01
let,saucepan,8,0.01
put-into,fish,8,0.01
rinse,peach,8,0.01
put,squash,8,0.01
check,meat,8,0.01
scoop,jam,8,0.01
take,pizza,8,0.01
shake,cup,8,0.01
shake,container,8,0.01
stuff-with,tortilla,8,0.01
trim-into,bean:green,8,0.01
turn-over,booklet:instruction,8,0.01
cut,chilli,8,0.01
check,coffee,8,0.01
take,can,8,0.01
spray,cleanser,8,0.01
close,pepper,8,0.01
stir-into,vegetable,8,0.01
stir-in,salad,8,0.01
roll,egg,8,0.01
take,lid:saucepan,8,0.01
take,chilli:red,8,0.01
close,box:cereal,8,0.01
stir-fry,vegetable,8,0.01
sponge,board:chopping,8,0.01
shake,filter,8,0.01
take,pepper:bell,8,0.01
taste,food,8,0.01
close,machine:washing,8,0.01
slice,banana,8,0.01
slice,butter,8,0.01
tap,egg,8,0.01
take,packaging,8,0.01
take,bin,8,0.01
switch-on,stove,8,0.01
brush,pot,8,0.01
turn-off,blender:hand,8,0.01
turn-off,blender,8,0.01
shake,rice,8,0.01
take,milk:soy,8,0.01
switch-off,tap:water,8,0.01
take,bottle:oil,8,0.01
turn,pasta,8,0.01
wash,surface:hob,8,0.01
blend,ingredient,8,0.01
spoon-into,flour,8,0.01
shake,bottle:milk,8,0.01
close,bread,8,0.01
stir,coconut,8,0.01
take,squash,8,0.01
check,time,8,0.01
squeeze,rag,8,0.01
take,flour,8,0.01
clean,sink:kitchen,8,0.01
throw,cover,8,0.01
rinse,strainer,8,0.01
squeeze-out,sponge,8,0.01
close,drawer:fridge,8,0.01
take,cucumber,8,0.01
add,water,8,0.01
stir,flour,8,0.01
spread,butter,8,0.01
clean,mug,8,0.01
throw,peel:onion,8,0.01
wash,leaf:lettuce,8,0.01
take,container:milk,8,0.01
sprinkle,cheese,8,0.01
stir,spoon,8,0.01
turn-on,machine:washing,7,0.009
grind,pepper,7,0.009
turn-on,machine,7,0.009
put-on,pie,7,0.009
scratch-off,dough,7,0.009
pick-up,half:lemon,7,0.009
take-out,tortilla,7,0.009
pour-in,coffee,7,0.009
mix,meat,7,0.009
put-into,dice:courgette,7,0.009
put-into,cheese,7,0.009
put-down,cucumber,7,0.009
grab,tray,7,0.009
put-on,piece:salami,7,0.009
clean,fork,7,0.009
put-into,colander,7,0.009
grate,carrot,7,0.009
wash,hob,7,0.009
put-into,food,7,0.009
pick-up,jar:spice,7,0.009
turn-on,heat,7,0.009
break,meat,7,0.009
pour-in,salt,7,0.009
wash,jug,7,0.009
place-in,potato,7,0.009
take,bag:plastic,7,0.009
wait-for,risotto,7,0.009
pour-from,milk,7,0.009
take-out,spoon,7,0.009
shake,can,7,0.009
put-down,eggshell,7,0.009
feel,temperature:water,7,0.009
cut-into,potato,7,0.009
take,courgette,7,0.009
pick-up,dice:courgette,7,0.009
hang,sock,7,0.009
hang,towel:tea,7,0.009
unload,glass,7,0.009
pour,packaging,7,0.009
unplug,plug,7,0.009
cut-into,tomato,7,0.009
put-on,counter,7,0.009
pick-up,chickpea,7,0.009
hang-on,mug,7,0.009
measure,spice,7,0.009
put-into,sauce,7,0.009
mix,cheese,7,0.009
grind-into,pepper,7,0.009
take,butter,7,0.009
take,finger:lady,7,0.009
cut-in,tomato:cherry,7,0.009
take-out,slice:bread,7,0.009
pour,detergent,7,0.009
pick-up,foil:aluminium,7,0.009
take,breast:chicken,7,0.009
put-into,oil,7,0.009
wash,courgette,7,0.009
pick-up,floor,7,0.009
fill-with,spoon,7,0.009
hold,dough,7,0.009
wash,chopstick,7,0.009
put-on,food,7,0.009
put-on,fish,7,0.009
cut-into,ginger,7,0.009
shovel-up,cucumber,7,0.009
place,salt,7,0.009
turn-on,blender,7,0.009
move,liquid:washing:up,7,0.009
grab,cheese,7,0.009
pick-up,powder,7,0.009
pick-up,potato:sweet,7,0.009
move,fork,7,0.009
spread,flour,7,0.009
pick-up,pot:coffee,7,0.009
grab,cup:coffee,7,0.009
put-in,container,7,0.009
stir,water,7,0.009
spoon,sugar,7,0.009
pick-up,piece:onion,7,0.009
spoon,starter,7,0.009
pick-up,piece:lemon:squeezer,7,0.009
get,kettle,7,0.009
pick-up,pesto,7,0.009
put-in,floret,7,0.009
close,pot,7,0.009
get,glass,7,0.009
place,bag,7,0.009
close,spice,7,0.009
throw,bottle,7,0.009
put-in,bag:tea,7,0.009
pick-up,stock,7,0.009
put-down,sauce:soy,7,0.009
put-down,shell:egg,7,0.009
put-down,sandwich,7,0.009
start,microwave,7,0.009
put-down,starter,7,0.009
put-down,strainer,7,0.009
move,cheese,7,0.009
put-down,ramekin,7,0.009
pick-up,strainer:sink,7,0.009
get,salad,7,0.009
move,choi:pak,7,0.009
throw,food,7,0.009
check,temperature:water,7,0.009
throw,tomato,7,0.009
pick-up,sauce,7,0.009
grab,board:cutting,7,0.009
move,courgette,7,0.009
sprinkle-over,flour,7,0.009
chop,lime,7,0.009
mix-with,egg,7,0.009
mix,onion,7,0.009
put-down,liquid:dish:washing,7,0.009
pick-up,mould:cake,7,0.009
tap-on,egg,7,0.009
put-in,soap,7,0.009
gather,bit:food,7,0.009
cut,onion:spring,7,0.009
put-in,spoon:wooden,7,0.009
hoover,crumb,7,0.009
move,salt,7,0.009
close,oil:olive,7,0.009
pick-up,lid:pot,7,0.009
put-down,foil:aluminium,7,0.009
turn-off,mixer,7,0.009
fold,wrap,7,0.009
slice,courgette,7,0.009
slice,chorizo,7,0.009
turn-off,processor:food,7,0.009
turn-off,switch,7,0.009
pick-up,knife:bread,7,0.009
break-into,meat,7,0.009
turn,paper:baking,7,0.009
put-down,jar:clip:top,7,0.009
move,piece:pepper,7,0.009
put-in,oregano,7,0.009
put-down,lid:tupperware,7,0.009
put-in,jug,7,0.009
place,cup,7,0.009
grab,onion,7,0.009
turn,bowl,7,0.009
put-in,oat,7,0.009
sponge,fork,7,0.009
pick-up,packet:cheese,7,0.009
move,pan:frying,7,0.009
turn,dough,7,0.009
submerge,bowl,7,0.009
move,paper:greaseproof,7,0.009
grab,paper,7,0.009
change,temperature:cooker,7,0.009
cut,film:cling,7,0.009
get,board:cutting,7,0.009
cut,finger:lady,7,0.009
put-in,pizza,7,0.009
put-on,top,7,0.009
put-into,pasta,7,0.009
put,finger:lady,7,0.009
wipe,bowl,7,0.009
put,pie,7,0.009
pull,drawer,7,0.009
lift,lid:rice:cooker,7,0.009
put,mango,7,0.009
take,slice:pizza,7,0.009
peel,salmon,7,0.009
remove,cover,7,0.009
take,milk,7,0.009
open,drawer:fridge,7,0.009
dry,pot,7,0.009
press-into,dough,7,0.009
wash,table,7,0.009
put,food,7,0.009
lather,rest:spoon,7,0.009
empty,jug,7,0.009
pat,dough,7,0.009
scoop-up,sauce,7,0.009
rinse,utensil,7,0.009
put-onto,pot,7,0.009
take,oat,7,0.009
empty,bag,7,0.009
take,liquid:washing,7,0.009
lather,dish:soap,7,0.009
take,mango,7,0.009
wipe,plate,7,0.009
wash,rack:drying,7,0.009
rub-into,flour,7,0.009
take,sauce,7,0.009
lather,cup:coffee,7,0.009
take,sausage,7,0.009
put-onto,yoghurt,7,0.009
scrape,board:chopping,7,0.009
scoop,salt,7,0.009
pick,courgette,7,0.009
rinse,cooker,7,0.009
release-from,water,7,0.009
wash,rice,7,0.009
clean,pan,7,0.009
put,liquid,7,0.009
put,cover,7,0.009
scoop,vegetable,7,0.009
scoop-out,butter,7,0.009
dry-off,hand,7,0.009
dry-on,hand,7,0.009
pour-out,bowl:washing:up,7,0.009
put-on,v60,7,0.009
take,tablecloth,7,0.009
wash,v60,7,0.009
scrape-into,onion,7,0.009
put-on,tupperware,7,0.009
rinse,maker:coffee,7,0.009
open,butter,7,0.009
wash-with,bowl,7,0.009
remove,packaging,7,0.009
open,maker:coffee,7,0.009
wash,whisk,7,0.009
take,oregano,7,0.009
dry,board:cutting,7,0.009
put,jug:measuring,7,0.009
wash,water:tap,7,0.009
pour-out,wastewater,7,0.009
put,bottle:oil,7,0.009
rinse,sieve,7,0.009
clean,side,7,0.009
sponge,glass,6,0.008
wipe,microwave,6,0.008
open,pasta,6,0.008
pick-up,packet,6,0.008
turn-off,fan:extractor,6,0.008
sponge,bowl,6,0.008
pull,drawer:dishwasher,6,0.008
place,rag,6,0.008
put,cup:measuring,6,0.008
pull,rack:dish,6,0.008
cut,chilli:green,6,0.008
move,olive,6,0.008
put-down,leek,6,0.008
taste,pasta,6,0.008
slice,garlic,6,0.008
grab,oil,6,0.008
place,container:milk,6,0.008
chop,olive,6,0.008
grab,milk,6,0.008
inspect,meat,6,0.008
take,bacon,6,0.008
put-down,film:cling,6,0.008
remove,seed,6,0.008
open,plate,6,0.008
turn,breast:chicken,6,0.008
wash,wok,6,0.008
turn-down,machine,6,0.008
put-in,squash,6,0.008
put-in,roll:kitchen,6,0.008
close,bag:flour,6,0.008
fry,tomato,6,0.008
put-in,salmon,6,0.008
move,potato,6,0.008
cut,meat,6,0.008
place,mug,6,0.008
turn,tap,6,0.008
take-from,bread,6,0.008
remove-from,hand,6,0.008
switch-off,water:tap,6,0.008
move,remote,6,0.008
brush-onto,oil,6,0.008
dry,tupperware,6,0.008
switch-off,hob,6,0.008
get,bag,6,0.008
take,pin:rolling,6,0.008
switch-off,gas,6,0.008
open,cooker,6,0.008
move,pasta,6,0.008
place,garlic,6,0.008
slice,sausage,6,0.008
cut,end:onion,6,0.008
lift,mixer,6,0.008
pick-up,oil:sesame,6,0.008
put-down,juicer,6,0.008
put,filter:water,6,0.008
turn,mat:place,6,0.008
adjust,aubergine,6,0.008
smash,garlic,6,0.008
close,cap,6,0.008
move,piece:tofu,6,0.008
fry,bacon,6,0.008
scrape-off,food,6,0.008
wipe,rag,6,0.008
put-in,hand,6,0.008
move,cup:coffee,6,0.008
put-down,piece:pepper,6,0.008
stir,mix,6,0.008
put-down,tub:butter,6,0.008
push-off,tofu,6,0.008
rinse,holder:filter,6,0.008
stir,mixture:passata,6,0.008
wipe-on,brush:pastry,6,0.008
grab,bowl,6,0.008
open,moka,6,0.008
pick-up,tin,6,0.008
close,top,6,0.008
pick-up,tea,6,0.008
chop,cheese,6,0.008
sprinkle,tomato:sun:dried,6,0.008
get,salt,6,0.008
rinse,grill,6,0.008
sprinkle,sweetcorn,6,0.008
get,roll:kitchen,6,0.008
throw-into,bit:food,6,0.008
pick-up,rest:pot,6,0.008
grab,broccoli,6,0.008
throw-into,leftover,6,0.008
squeeze,cream,6,0.008
throw,skin:onion,6,0.008
put-in,bit:food,6,0.008
pick-up,starter,6,0.008
stir,broccoli,6,0.008
rinse,piece:lemon:squeezer,6,0.008
wrap,meat,6,0.008
stir,butter:melting,6,0.008
stir,chilli,6,0.008
throw,plate,6,0.008
stack,bowl,6,0.008
rinse,meat,6,0.008
throw,residue:food,6,0.008
put-down,rest:pot,6,0.008
put,brush,6,0.008
squeeze,orange,6,0.008
rinse,potato,6,0.008
wipe-with,board:chopping,6,0.008
put-down,pot:moka,6,0.008
put,banana,6,0.008
dry,bowl:salad,6,0.008
close,yoghurt,6,0.008
take,sock,6,0.008
throw,eggshell,6,0.008
squeeze,water:excess,6,0.008
rinse,juicer:lime,6,0.008
pick-up,tomato:chopped,6,0.008
wipe-off,pan,6,0.008
toss,rind,6,0.008
cut,bag:plastic,6,0.008
take,shirt:t,6,0.008
pick-up,piece:pitta,6,0.008
put,clip,6,0.008
stir-in,curd:cheese,6,0.008
pick-up,piece:pepper,6,0.008
put-in,dish,6,0.008
lick,finger,6,0.008
lather,grill,6,0.008
tear-off,broccoli,6,0.008
tip,bowl,6,0.008
lather,grid,6,0.008
pick-up,v60,6,0.008
stir-in,pasta,6,0.008
spoon,risotto,6,0.008
rinse,capsule,6,0.008
scoop-from,powder:biscuit,6,0.008
tear,bag:packing,6,0.008
put-in,freezer,6,0.008
put-down,maker:coffee,6,0.008
lather,fork:soap,6,0.008
cut,butter,6,0.008
take,roll:kitchen,6,0.008
put-in,crisp,6,0.008
grab,cutlery,6,0.008
pick-up,rack:drying,6,0.008
rinse,tray,6,0.008
cover-with,pan,6,0.008
sprinkle,flour,6,0.008
open,drawer:freezer,6,0.008
pick-up,rack:cutlery,6,0.008
get,pot,6,0.008
spread-onto,olive,6,0.008
close,sauce,6,0.008
spread-on,jam,6,0.008
put,chicken,6,0.008
put-in,broccoli,6,0.008
spread,dough,6,0.008
put-in,coriander,6,0.008
test,temperature:water,6,0.008
spread,cream,6,0.008
put-in,chicken,6,0.008
put-down,onion:spring,6,0.008
lather,peeler:potato,6,0.008
pick-up,pod:coffee,6,0.008
spoon-onto,chilli,6,0.008
put-in,container:food,6,0.008
put,chilli:red,6,0.008
spoon-into,yoghurt,6,0.008
turn-off,timer,6,0.008
put-down,sausage,6,0.008
scrub,glass,6,0.008
cut-into,onion,6,0.008
turn-over,cucumber,6,0.008
fill-with,pan,6,0.008
shake,cloth,6,0.008
hang,bag,6,0.008
hang,boxer,6,0.008
adjust,mixer,6,0.008
empty,kettle,6,0.008
wash,rag,6,0.008
pick-up,garbage,6,0.008
look-for,spice,6,0.008
wash,cucumber,6,0.008
empty,jar,6,0.008
put-into,spatula,6,0.008
pick-up,dish:oven,6,0.008
turn-with,meat,6,0.008
shake,bag,6,0.008
cut-into,garlic,6,0.008
put-on,oil,6,0.008
empty,bowl:salad,6,0.008
pick-up,bowl:plate,6,0.008
put-into,lettuce,6,0.008
put-into,lid,6,0.008
scrub,board:chopping,6,0.008
place-on,lid,6,0.008
pour-in,food,6,0.008
divide,meat:minced,6,0.008
scrub,colander,6,0.008
wash,salad,6,0.008
pick-up,base:pizza,6,0.008
pour-in,cereal,6,0.008
close,jar:sugar,6,0.008
peel,squash,6,0.008
dip,finger,6,0.008
throw,lemon,6,0.008
pick-up,finger:fish,6,0.008
pour-from,biscuit,6,0.008
put-under,tub,6,0.008
take-out,salt,6,0.008
put-onto,knife,6,0.008
separate,plate:pasta,6,0.008
pour,egg,6,0.008
measure,granule,6,0.008
put-on,chicken,6,0.008
pick-up,chip,6,0.008
pour-into,spice,6,0.008
take-out,pepper,6,0.008
pick-up,cafetiere,6,0.008
pour-into,squash,6,0.008
take,container:food,6,0.008
put-onto,pan,6,0.008
put-down,bottle:washing:liquid,6,0.008
take-out,patty:tuna,6,0.008
take-from,spoon,6,0.008
put-on,cup,6,0.008
take-out,milk,6,0.008
lower,shaker,6,0.008
wash,pepper:bell,6,0.008
wash,carrot,6,0.008
hang,towel,6,0.008
take-out,glass,6,0.008
unpack,stick:crab,6,0.008
unroll,film:cling,6,0.008
wash,peeler,6,0.008
put,rack:oven,6,0.008
pick-up,cover:food:processor,6,0.008
lift-up,pin:rolling,6,0.008
put-onto,slice:pizza,6,0.008
close,door:microwave,6,0.008
pour-on,oil:olive,6,0.008
set,machine:washing,6,0.008
fill,jar,6,0.008
put-down,brush,6,0.008
put-down,broccoli,6,0.008
put-on,potato,6,0.008
take,leaf:lettuce,6,0.008
increase,heat,6,0.008
pick-up,board,6,0.008
put-on,tomato,6,0.008
empty,strainer:sink,6,0.008
grab,spoon:wooden,6,0.008
pick-up,juice:fruit,6,0.008
grab,squash,6,0.008
flip,omelette,6,0.008
open,window,6,0.008
pour-into,liquid:washing,6,0.008
pour-onto,pasta,6,0.008
peel,ginger,6,0.008
peel,courgette,6,0.008
put,liquid:dish:washing,6,0.008
move,spatula,6,0.008
scour,pan,6,0.008
put-into,bin,6,0.008
put-into,broccoli,6,0.008
turn-on,grinder,6,0.008
close,bin:compost,6,0.008
put-into,chicken,6,0.008
scrape-out,butter,6,0.008
shape,patty:tuna,6,0.008
open,wrap,6,0.008
close,carton:egg,6,0.008
put-on,sponge,6,0.008
pour-into,kettle,6,0.008
remove,pan,6,0.008
wash,leek,6,0.008
shake,spatula,6,0.008
put-into,cutlery,6,0.008
take-out,tray,6,0.008
turn-on,oven:microwave,6,0.008
put-in,yoghurt,6,0.008
put,leaf:curry,6,0.008
peel,packet,6,0.008
wash,spoon:wooden,6,0.008
open,box:egg,6,0.008
close,lid:kettle,6,0.008
scour,plate,6,0.008
turn-on,shaker,6,0.008
put-on,roll:kitchen,6,0.008
shake,milk:soy,6,0.008
fold,filter,6,0.008
move,slice:courgette,6,0.008
remove,clip,6,0.008
remove,glove:oven,6,0.008
slice,bread,6,0.008
put-into,dust,6,0.008
turn-on,processor:food,6,0.008
insert,coffee,5,0.007
close,door:washing:machine,5,0.007
close,sandwich,5,0.007
stir,aubergine,5,0.007
pour,sauce:soy,5,0.007
pick-up,squash,5,0.007
clean,clothes,5,0.007
clean,chopstick,5,0.007
clean,teaspoon,5,0.007
lower,saucepan,5,0.007
pour-into,oil:sesame,5,0.007
put-down,packet,5,0.007
close,sink,5,0.007
throw,bag:tea,5,0.007
close,can,5,0.007
take,towel:kitchen,5,0.007
put-down,beer,5,0.007
close,bucket,5,0.007
put-down,roll:paper,5,0.007
stir,content:pan,5,0.007
pour-into,salad,5,0.007
take,food,5,0.007
stir,cooker:slow,5,0.007
put,butter,5,0.007
pour-in,salad,5,0.007
move,bottle:oil,5,0.007
put,vinegar,5,0.007
pour-in,rice,5,0.007
put,rag,5,0.007
close,vinegar,5,0.007
take-out,knife,5,0.007
push,rack:dish,5,0.007
put-down,pot:coffee,5,0.007
put,teaspoon,5,0.007
stir,milk,5,0.007
pick-up,tablet,5,0.007
pour-in,liquid:dishwashing,5,0.007
take-out,bread,5,0.007
take,honey,5,0.007
stir,noodle,5,0.007
close,cover,5,0.007
stir,nut:pine,5,0.007
take-out,grape,5,0.007
clean-off,knife,5,0.007
pour,tomato:chopped,5,0.007
clean,filter,5,0.007
take,dough,5,0.007
collect,waste,5,0.007
look-at,time,5,0.007
clean,knife:mincing,5,0.007
stir,pan:frying,5,0.007
take-out,blueberry,5,0.007
lather,tray:baking,5,0.007
hold-onto,bread,5,0.007
put-away,pan,5,0.007
pour-from,nut:pine,5,0.007
hold,plate,5,0.007
grab,spice,5,0.007
grab,glove,5,0.007
put-down,oregano,5,0.007
put-down,half:lemon,5,0.007
switch-off,stove,5,0.007
switch-off,oven,5,0.007
put-down,hoover:hand:held,5,0.007
mix,food,5,0.007
grab,peeler:potato,5,0.007
place-on,glass,5,0.007
tap-on,water,5,0.007
take-from,bag:tea,5,0.007
close,bag:coffee,5,0.007
put,mat:place,5,0.007
close,bag:cheese,5,0.007
take,pesto,5,0.007
taste,liquid,5,0.007
take,piece:broccoli,5,0.007
taste,meat,5,0.007
mix-in,mixture,5,0.007
put,milk,5,0.007
put-down,coaster,5,0.007
take,box:tea,5,0.007
take,boxer,5,0.007
put,mozzarella,5,0.007
mix,water,5,0.007
take,paper:filter,5,0.007
mash,avocado,5,0.007
place-on,bowl,5,0.007
place,spoon:wooden,5,0.007
take,bag:cereal,5,0.007
take,packet,5,0.007
put,lemon,5,0.007
put,jug,5,0.007
place,spinach,5,0.007
put-down,foil,5,0.007
place,spice,5,0.007
close,olive,5,0.007
lift-off,lid,5,0.007
close,pack:tortilla,5,0.007
close,liquid:washing:up,5,0.007
put,lid:saucepan,5,0.007
take-from,food,5,0.007
close,package:bread,5,0.007
place-in,pan,5,0.007
take,bean:green,5,0.007
place,potato,5,0.007
take-out,tomato,5,0.007
place,pot,5,0.007
take-out,sticker,5,0.007
lather,bowl:salad,5,0.007
place,filter,5,0.007
put-down,cleanser,5,0.007
take-out,sauce:soy,5,0.007
plug-in,plug,5,0.007
pick-up,wrap,5,0.007
put-down,mould:cake,5,0.007
put-down,cake,5,0.007
pick-up,whisk,5,0.007
take,chopstick,5,0.007
take,chorizo,5,0.007
stir-fry,rice,5,0.007
measure,rice,5,0.007
push,button,5,0.007
put-down,bowl:washing:up,5,0.007
put-down,noodle,5,0.007
put-down,oil:chilli,5,0.007
lather,ladle,5,0.007
pour-into,yeast,5,0.007
take,skin,5,0.007
take,wrap,5,0.007
pick-up,tray:oven,5,0.007
let,pin:rolling,5,0.007
put-down,opener:bottle,5,0.007
rinse,pan:frying,5,0.007
stir-in,milk,5,0.007
lift-out,spatula,5,0.007
put-down,mocha,5,0.007
pour-on,soap,5,0.007
put,cup:coffee,5,0.007
put-down,chip,5,0.007
pull,roll:kitchen,5,0.007
close,jar:spice,5,0.007
put,cucumber,5,0.007
put,napkin,5,0.007
place,bread,5,0.007
take,cap,5,0.007
close,pasta,5,0.007
grab,liquid:washing:up,5,0.007
lift-up,pan:frying,5,0.007
mix,carrot,5,0.007
put,opener:can,5,0.007
mix,cabbage,5,0.007
grab,kettle,5,0.007
take-out,sauce,5,0.007
pull-out,drawer,5,0.007
take,lime,5,0.007
clean,rice,5,0.007
clean-with,brush,5,0.007
take-from,fork,5,0.007
rinse,peeler:potato,5,0.007
compress,meat,5,0.007
put-into,cube:ice,5,0.007
turn-off,hoover:hand:held,5,0.007
turn-off,machine:coffee,5,0.007
put-in,tin,5,0.007
move,skin:fish,5,0.007
remove,olive,5,0.007
break-up,floret:broccoli,5,0.007
cut,paper,5,0.007
cut,pear,5,0.007
wash,tray:baking,5,0.007
open,box:meat,5,0.007
put-into,bag:cereal,5,0.007
remove,bowl:salad,5,0.007
break-in,egg,5,0.007
pick-up,jar:sugar,5,0.007
peel,skin:fish,5,0.007
remove,bag,5,0.007
put-into,bowl:glass,5,0.007
fold,bag:cereal,5,0.007
pick,spoon,5,0.007
break,meat:minced,5,0.007
pick-up,infuser:tea,5,0.007
pick-up,apron,5,0.007
pick-up,hoover:hand:held,5,0.007
open,bottle:sauce,5,0.007
pick-up,backpack,5,0.007
put-to,skin:garlic,5,0.007
put-to,bag:packing,5,0.007
move,saucer,5,0.007
open,bucket,5,0.007
open,bun:steamed,5,0.007
remove,slice:peach,5,0.007
move,package,5,0.007
check,book:recipe,5,0.007
dry,tray:baking,5,0.007
split,fish,5,0.007
put-in,peel,5,0.007
remove-from,garlic,5,0.007
put-in,pesto,5,0.007
snap,bean:green,5,0.007
put-in,powder:washing,5,0.007
remove-from,carrot,5,0.007
get,avocado,5,0.007
put-in,raisin,5,0.007
drain,rack:drying,5,0.007
remove,peeling,5,0.007
put-in,ramekin,5,0.007
put-in,sandwich,5,0.007
pick-up,mixer,5,0.007
eat,carrot,5,0.007
open,water:tap,5,0.007
gather,piece:pepper,5,0.007
put-in,shell:egg,5,0.007
remove,residue,5,0.007
pick-up,maker:coffee,5,0.007
put-in,spice,5,0.007
slice,pepper,5,0.007
put-in,strainer:sink,5,0.007
put-onto,spatula,5,0.007
pick-up,ham,5,0.007
remove-from,lid,5,0.007
empty,cup,5,0.007
wash,kitchen,5,0.007
cut-with,curd:cheese,5,0.007
put-on,cucumber,5,0.007
wash,board,5,0.007
put-on,dish,5,0.007
empty,spoon,5,0.007
feel,temperature:milk,5,0.007
put-on,scissors,5,0.007
screw-on,lid,5,0.007
move-to,potato,5,0.007
seal,bag:plastic,5,0.007
put-on,glove:rubber,5,0.007
wash,grater:cheese,5,0.007
wash,glass:wine,5,0.007
scrub,surface,5,0.007
scrub,fork,5,0.007
move-with,tofu,5,0.007
pick-up,bowl:food:processor,5,0.007
pick-up,bread:pitta,5,0.007
scrub,saucepan,5,0.007
dip,sponge,5,0.007
put-on,lid:pan,5,0.007
pick-up,bowl:large,5,0.007
dice,garlic,5,0.007
pick-up,box:cereal,5,0.007
put-on,mitt:oven,5,0.007
wash,cup:coffee,5,0.007
wash,aubergine,5,0.007
pick-up,blade:chopping,5,0.007
put-on,bowl:glass,5,0.007
put-onto,onion,5,0.007
pick-up,grill,5,0.007
pick-up,bag:plastic,5,0.007
put-onto,sauce,5,0.007
put-onto,pizza,5,0.007
cut-in,onion,5,0.007
beat,egg,5,0.007
pick-up,funnel,5,0.007
put-into,noodle,5,0.007
put-into,olive,5,0.007
move,yoghurt,5,0.007
put-into,piece:corn,5,0.007
wash,onion,5,0.007
shake,bowl,5,0.007
pick-up,coaster,5,0.007
turn-up,hob,5,0.007
put-into,tomato,5,0.007
put-onto,fork,5,0.007
wash,lettuce,5,0.007
scrape-into,pepper,5,0.007
put-into,tray,5,0.007
pick-up,bin,5,0.007
put-on,bag,5,0.007
pick-up,container:salt,5,0.007
arrange,mat:place,5,0.007
pick-up,bit:potato,5,0.007
wash,leaf,5,0.007
get,chopstick,5,0.007
wash,fish,5,0.007
drink-from,water,5,0.007
put-down,tablecloth,5,0.007
roll,bread,5,0.007
open,package:bread,5,0.007
open,package:cheese,5,0.007
squeeze-into,patty,5,0.007
dry,board:chopping,5,0.007
crush,bottle,5,0.007
put-in,chorizo,5,0.007
open,package:cookie,5,0.007
get,tortilla,5,0.007
spread-on,nutella,5,0.007
move,grid,5,0.007
scoop,coffee,5,0.007
drain,water,5,0.007
wipe,mug,5,0.007
scoop,powder:washing,5,0.007
get,towel,5,0.007
rinse,board,5,0.007
cut,bacon,5,0.007
move,filter:water,5,0.007
pick-up,presser:garlic,5,0.007
rinse,lid:saucepan,5,0.007
cover,pan,5,0.007
put-down,vegetable,5,0.007
open,mushroom,5,0.007
throw-away,residue:food,5,0.007
open,oven:microwave,5,0.007
rinse-off,pan,5,0.007
open,door:washing:machine,5,0.007
squeeze,ball:mozzarella,5,0.007
check,pot,5,0.007
wipe,wall,5,0.007
pick-up,product:cleaning,5,0.007
squeeze,curry,5,0.007
open,mat:place,5,0.007
rinse-out,sponge,5,0.007
move,napkin,5,0.007
rinse,cover:plate,5,0.007
rinse,cover,5,0.007
put-in,blueberry,5,0.007
drink-from,glass,5,0.007
get,lemon,5,0.007
wipe-with,knife,5,0.007
cut,bread,5,0.007
transfer-into,curry:fish,5,0.007
check,washing,5,0.007
toss,paper,5,0.007
open,salad,5,0.007
put-down,stone:olive,5,0.007
open,jar:spice,5,0.007
get,flour,5,0.007
sponge,tray,5,0.007
put-in,grater,5,0.007
put-down,seal:clip:top:jar,5,0.007
toss,carrot,5,0.007
get,egg,5,0.007
move,carrot,5,0.007
throw,package,5,0.007
put-down,sieve,5,0.007
put-in,honey,5,0.007
remove-from,pith,5,0.007
throw,peel:orange,5,0.007
pick-up,spinach,5,0.007
pick-up,part:juicer,5,0.007
start,machine:washing,5,0.007
pick-up,skin:onion,5,0.007
open,pot:coffee,5,0.007
open,presser:garlic,5,0.007
remove-from,waste,5,0.007
sponge,spoon:wooden,5,0.007
throw,roll:kitchen,5,0.007
spoon,sauce,5,0.007
remove-from,lime,5,0.007
wipe,floor,5,0.007
open,pizza,5,0.007
check,heat,5,0.007
pour-into,raisin,4,0.005
pour-into,leek,4,0.005
pour-from,water:hot,4,0.005
pick-up,bit:onion,4,0.005
pour-into,oat,4,0.005
open,flap,4,0.005
open,filter,4,0.005
pick-up,bowl:rice:cooker,4,0.005
wash,leaf:spinach,4,0.005
look,kitchen,4,0.005
pick-up,bit:carrot,4,0.005
take-off,dough,4,0.005
put,bacon,4,0.005
wrap,sandwich,4,0.005
pour-into,container,4,0.005
open,jar:clip:top,4,0.005
adjust,poster,4,0.005
open,bag:flour,4,0.005
clean,griddle,4,0.005
clean,glass,4,0.005
open,liquid:washing:up,4,0.005
pick-up,bottle:sauce,4,0.005
wash,jar:clip:top,4,0.005
wipe-off,sink,4,0.005
open,bag:cheese,4,0.005
pour-in,sauce,4,0.005
wipe-with,hand,4,0.005
open,bag:mozzarella,4,0.005
open,bag:cereal,4,0.005
add,salt,4,0.005
pour-into,bean:coffee,4,0.005
take-out,bag,4,0.005
leave,spoon:wooden,4,0.005
add,sauce,4,0.005
adjust,stove,4,0.005
clean,lentil,4,0.005
put,bowl:salad,4,0.005
lay-on,egg,4,0.005
push-into,cake:fish,4,0.005
whisk-in,egg,4,0.005
wipe-off,counter,4,0.005
open,container:stock,4,0.005
open,box:lunch,4,0.005
lift,edge:omelette,4,0.005
open,packaging:biscuit,4,0.005
pour-onto,salt,4,0.005
add-into,water,4,0.005
pull,paper:greaseproof,4,0.005
open,packet:cheese,4,0.005
open,cover:food:processor,4,0.005
adjust,board:chopping,4,0.005
pour-onto,sauce,4,0.005
lift,lever,4,0.005
open,pot:moka,4,0.005
look-for,drawer,4,0.005
open,processor:food,4,0.005
pull-off,glove:rubber,4,0.005
open,vinegar,4,0.005
wipe,board:draining,4,0.005
open,carafe,4,0.005
open,carton:egg,4,0.005
open,trash,4,0.005
open,top,4,0.005
open,container:salt,4,0.005
wipe,bin,4,0.005
open,tap:water,4,0.005
wash-with,water:tap,4,0.005
press,meat,4,0.005
take-from,box,4,0.005
add-to,pan,4,0.005
wash,strainer,4,0.005
pull-out,battery,4,0.005
pick-up,beer,4,0.005
pick-up,bagel,4,0.005
wash,machine:coffee,4,0.005
wipe-down,counter,4,0.005
lock,processor:food,4,0.005
open,bin:bread,4,0.005
open,pack:cheese,4,0.005
wash,mango,4,0.005
load,dishwasher,4,0.005
clean,oven,4,0.005
push,drawer,4,0.005
let,spatula,4,0.005
pour-into,tomato:chopped,4,0.005
adjust,lid,4,0.005
take-from,plate,4,0.005
pick-up,bag:tea,4,0.005
wash,sieve,4,0.005
pick-up,bag:spaghetti,4,0.005
level,ground:coffee,4,0.005
open,door:microwave,4,0.005
wash,pepper,4,0.005
wipe,tissue,4,0.005
pour-on,sauce:soy,4,0.005
open,door:cupboard,4,0.005
wipe,surface:hob,4,0.005
pour-onto,broccoli,4,0.005
pick-up,aeropress,4,0.005
lift-up,dough,4,0.005
open,package:mozzarella,4,0.005
open,package:pasta,4,0.005
pour-onto,water,4,0.005
use,cloth,4,0.005
adjust,towel:tea,4,0.005
move,jug:measuring,4,0.005
pick-up,peel:onion,4,0.005
pick-up,peeling,4,0.005
pick-up,peeling:onion,4,0.005
check,flour,4,0.005
tear-in,broccoli,4,0.005
pick-up,yeast,4,0.005
tip-out,bowl,4,0.005
tip-into,whey,4,0.005
tip-into,curd:cheese,4,0.005
check,knob,4,0.005
pour-from,pepper,4,0.005
tie,bag,4,0.005
pick-up,vinegar,4,0.005
pick-up,piece:pizza,4,0.005
lay-down,paper:greaseproof,4,0.005
throw-onto,meat,4,0.005
pick-up,plastic,4,0.005
test,pan,4,0.005
pick-up,tuna,4,0.005
check,oil,4,0.005
place,board:cutting,4,0.005
transfer-from,food,4,0.005
taste,spoon,4,0.005
place,box:lunch,4,0.005
place,milk,4,0.005
place,meat,4,0.005
turn,paneer,4,0.005
place,mat:place,4,0.005
mix-in,curry,4,0.005
move,pin:rolling,4,0.005
tap-on,spoon,4,0.005
turn,glass,4,0.005
turn,cob,4,0.005
mix-in,garlic,4,0.005
pick-up,orange:half,4,0.005
move,peeler,4,0.005
check,aubergine,4,0.005
taste,mixture,4,0.005
pick-up,pan:cast:iron,4,0.005
move,oil,4,0.005
check,clothes,4,0.005
place,cheese,4,0.005
transfer-from,rice,4,0.005
pick-up,plug,4,0.005
throw-into,skin:potato,4,0.005
pick-up,tub:tupperware,4,0.005
move,biscuit,4,0.005
throw-away,bottle,4,0.005
throw,towel:kitchen,4,0.005
throw,dirt,4,0.005
check,temperature,4,0.005
check,temperature:pie,4,0.005
pick-up,scourer,4,0.005
pick-up,scrap,4,0.005
pick-up,shreddies,4,0.005
pick-up,tablecloth,4,0.005
move,chunk:dough,4,0.005
throw,sink,4,0.005
throw,garlic,4,0.005
throw,leaf,4,0.005
pick-up,skin:courgette,4,0.005
pick-up,stirrer:wooden,4,0.005
check,water,4,0.005
throw,pod:coffee,4,0.005
move,can,4,0.005
pick-up,squeezer,4,0.005
move,cooker:rice,4,0.005
move,cucumber,4,0.005
chop,end:onion,4,0.005
throw-in,biscuit,4,0.005
pick-up,pot:moka,4,0.005
throw-into,skin:onion,4,0.005
throw-into,sink,4,0.005
move,fridge,4,0.005
move,food,4,0.005
chop,coriander,4,0.005
pick-up,topping,4,0.005
move,bag:flour,4,0.005
pick-up,tomato:sun:dried,4,0.005
pick-up,raisin,4,0.005
throw-into,paper,4,0.005
throw,bin:trash,4,0.005
move,bag:plastic,4,0.005
move,ball:dough,4,0.005
throw-into,box,4,0.005
pick-up,toast,4,0.005
check,pot:coffee,4,0.005
check,potato,4,0.005
throw-in,onion,4,0.005
turn,ring:onion,4,0.005
pick-up,mitt:oven,4,0.005
pick-up,milk:soy,4,0.005
wash,bin,4,0.005
pick-up,chunk:pork:belly,4,0.005
pour,liquid:washing,4,0.005
take-out,pizza,4,0.005
wait-for,oil,4,0.005
wait-for,kettle,4,0.005
clean,brush,4,0.005
wait,water,4,0.005
use,towel,4,0.005
move-into,onion,4,0.005
take-out,plate,4,0.005
clean,bowl:washing:up,4,0.005
pour,bean:coffee,4,0.005
throw,onion,4,0.005
unroll,paper:greaseproof,4,0.005
pick-up,crisp,4,0.005
unfold,towel:tea,4,0.005
move-in,drawer,4,0.005
plug-in,kettle,4,0.005
clean,board:chopping,4,0.005
pick-up,carton:egg,4,0.005
wash,blackberry,4,0.005
move-from,meat,4,0.005
apply,water,4,0.005
wash,cover:dish,4,0.005
pour-from,liquid,4,0.005
pour-down,soup,4,0.005
pour,wash:hand,4,0.005
take-out,filter:coffee,4,0.005
take-out,fish,4,0.005
pick-up,bread:white,4,0.005
pick-up,breast:chicken,4,0.005
clean,colander,4,0.005
lower,lever,4,0.005
wash,counter,4,0.005
move-to,slice:cheese,4,0.005
pick-up,broccoli:tenderstem,4,0.005
pick-up,brush:dish,4,0.005
pick-up,brush:washing:up,4,0.005
wash,brush,4,0.005
take-out,mozzarella,4,0.005
pick-up,cake,4,0.005
clean,cloth,4,0.005
twist-on,cap,4,0.005
turn-up,heat,4,0.005
chop,tomato,4,0.005
pick-up,hummus,4,0.005
break,meat:mince,4,0.005
move,spoon:measuring,4,0.005
place-in,meat,4,0.005
place-in,knife,4,0.005
mix,oil,4,0.005
place-in,glass,4,0.005
pick-up,jug:water,4,0.005
mix,pan,4,0.005
pick-up,juicer,4,0.005
break-into,slice:butter,4,0.005
turn-off,top,4,0.005
take-out,vegetable,4,0.005
turn-off,maker:coffee,4,0.005
brush,flour,4,0.005
turn-off,gas,4,0.005
tap,strainer:sink,4,0.005
place,saucepan,4,0.005
move,roll:kitchen,4,0.005
pick-up,meat:minced,4,0.005
pick-up,jam,4,0.005
pick-up,honey,4,0.005
move-from,food,4,0.005
move,teaspoon,4,0.005
pick-up,dustpan,4,0.005
move-around,spatula,4,0.005
pick-up,film,4,0.005
attach,clip,4,0.005
turn-over,ball:dough,4,0.005
move,wok,4,0.005
attach-onto,knife,4,0.005
pick-up,freezer,4,0.005
turn-on,top,4,0.005
move,tray:baking,4,0.005
turn-on,maker:coffee,4,0.005
pick-up,grape,4,0.005
place-on,cup,4,0.005
pick-up,grill:hob,4,0.005
place-in,tomato,4,0.005
place-in,spoon,4,0.005
break,clove:garlic,4,0.005
place-in,salad,4,0.005
move,thermometer,4,0.005
take,tomato:sun:dried,4,0.005
close,box:lunch,4,0.005
put-into,ginger,4,0.005
grab,mat:place,4,0.005
put-on,foil,4,0.005
close,presser:garlic,4,0.005
stir-in,coffee,4,0.005
stir-in,food,4,0.005
grab,garlic,4,0.005
search,cabinet,4,0.005
put-on,glass:wine,4,0.005
put-down,milk:soy,4,0.005
put-on,herb,4,0.005
stir-with,curd:cheese,4,0.005
put-on,jug,4,0.005
store,plate,4,0.005
hit,bottle,4,0.005
put-down,lid:pan,4,0.005
straighten,dough,4,0.005
straighten-out,dough,4,0.005
close,packaging:cheese,4,0.005
dice,aubergine,4,0.005
submerge,plate,4,0.005
put-on,mix,4,0.005
grab,peach,4,0.005
sweep,rice,4,0.005
switch,side,4,0.005
put-down,jar:spice,4,0.005
stir-fry,mixture,4,0.005
grab,detergent,4,0.005
stir,tortellini,4,0.005
search,water,4,0.005
put-into,tray:baking,4,0.005
put-into,tupperware,4,0.005
put-into,vegetable,4,0.005
put-down,remote,4,0.005
put-into,waste,4,0.005
cut-into,thigh:chicken,4,0.005
put-down,product:cleaning,4,0.005
coil,cable,4,0.005
put-down,pod:coffee,4,0.005
set,flame,4,0.005
set,cooker,4,0.005
put-on,board:cutting,4,0.005
stir,mixture:lemon:curd,4,0.005
stir,mug,4,0.005
grab,bread,4,0.005
close,tap:water,4,0.005
put-on,clip,4,0.005
put-down,pan:baking,4,0.005
grab,carrot,4,0.005
put-down,paella,4,0.005
put-down,packaging,4,0.005
put-down,package:hot:dog,4,0.005
put-on,cooker:rice,4,0.005
dice,chicken,4,0.005
put-down,holder:napkin,4,0.005
put-on,oil:olive,4,0.005
put-on,slice:butter,4,0.005
put-down,container:stock,4,0.005
grind,cheese,4,0.005
put-on,table,4,0.005
grind,coffee,4,0.005
take,bottle:water,4,0.005
put-on,tortilla,4,0.005
scrape-into,rice,4,0.005
put-down,choi:pak,4,0.005
put-down,cheese:parmesan,4,0.005
put-on,tub,4,0.005
put-down,carafe,4,0.005
put-on,water,4,0.005
close,hummus,4,0.005
take,chilli,4,0.005
put-on,wrap:plastic,4,0.005
put-onto,bowl,4,0.005
hang,short:boxer,4,0.005
close,herb,4,0.005
put-onto,colander,4,0.005
scrape,spoon,4,0.005
scrape,pan,4,0.005
empty,dustpan,4,0.005
take,cleanser,4,0.005
take,bottle:cooking:wine,4,0.005
put-down,cracker,4,0.005
close,package:cookie,4,0.005
screw,cap,4,0.005
put-down,grill:hob,4,0.005
cut,mushroom,4,0.005
put-down,grill,4,0.005
put-on,pan:frying,4,0.005
put-down,glove:rubber,4,0.005
grab,rind,4,0.005
switch-on,kettle,4,0.005
scrub,block:chopping,4,0.005
close,oregano,4,0.005
put-down,funnel,4,0.005
switch-on,water:tap,4,0.005
take,avocado,4,0.005
grab,spatula,4,0.005
put-on,rice,4,0.005
distribute,cheese,4,0.005
put-on,salmon,4,0.005
distribute,meat,4,0.005
grab,support,4,0.005
put-down,dressing:salad,4,0.005
put-down,drawer,4,0.005
put-on,side,4,0.005
take,bag:pasta,4,0.005
put-down,cutter:pizza,4,0.005
put-into,towel:tea,4,0.005
fill-into,water,4,0.005
fill-up,bottle,4,0.005
get,cloth,4,0.005
get,colander,4,0.005
sponge,part:juicer,4,0.005
put-in,lettuce,4,0.005
shut,cupboard,4,0.005
fold,cloth:table,4,0.005
put-in,ladle,4,0.005
put-in,jar,4,0.005
put-in,grape,4,0.005
cut,broccoli,4,0.005
put-into,choi:pak,4,0.005
spoon,paste:miso,4,0.005
put-into,chopstick,4,0.005
flip-in,meat,4,0.005
get,jar,4,0.005
get,kiwi,4,0.005
get,leaf,4,0.005
put-into,cloth:table,4,0.005
put-in,drawer,4,0.005
put-into,coffee,4,0.005
shake-off,leek,4,0.005
put-in,detergent,4,0.005
spoon,yoghurt,4,0.005
cut,squash,4,0.005
get,coffee,4,0.005
put-in,milk:coconut,4,0.005
put-in,cover,4,0.005
put-in,yeast,4,0.005
cut,lemon,4,0.005
slice-with,cheese,4,0.005
put-in,slice:bread,4,0.005
slide-off,dough,4,0.005
put-in,spaghetti,4,0.005
slice,piece:carrot,4,0.005
fry,chicken,4,0.005
put-in,press:garlic,4,0.005
cut,knife,4,0.005
put-in,pot:coffee,4,0.005
put-in,teabag,4,0.005
put-in,pin:rolling,4,0.005
slice,lemon,4,0.005
slice,leaf:pak:choi,4,0.005
sort-in,food,4,0.005
put-in,pan:frying,4,0.005
put-in,tortellini,4,0.005
fold,tablecloth,4,0.005
get,bowl:salad,4,0.005
put-in,packet,4,0.005
put-in,onion:spring,4,0.005
cut,pepper:bell,4,0.005
get,cheese,4,0.005
put-into,cucumber,4,0.005
get,milk,4,0.005
put-into,stock,4,0.005
put-down,vinegar,4,0.005
squash,dough,4,0.005
cut-into,curd:bean,4,0.005
cover,plate,4,0.005
put-into,pepper,4,0.005
put-into,piece:pepper,4,0.005
squeeze,hand,4,0.005
fill-with,jug,4,0.005
fill-with,jar,4,0.005
shake,cap:burner,4,0.005
cover,bowl,4,0.005
put-down,tin,4,0.005
put-down,timer,4,0.005
put-down,tea,4,0.005
fill-with,bowl,4,0.005
fill-up,water,4,0.005
get,tray,4,0.005
get,tupperware,4,0.005
put-down,straw,4,0.005
put-down,stock,4,0.005
put-down,squeezer,4,0.005
fill-up,glass,4,0.005
cook,omelette,4,0.005
stack,half:eggshell,4,0.005
put-into,mug,4,0.005
put-into,milk:soy,4,0.005
get,mint,4,0.005
put-into,milk,4,0.005
put-in,container:milk,4,0.005
crush,garlic,4,0.005
get,onion:spring,4,0.005
shake,peach,4,0.005
flip,breast:chicken,4,0.005
spread,mozzarella,4,0.005
flip,bread,4,0.005
put-into,egg,4,0.005
shake,oat,4,0.005
put-into,flour,4,0.005
put-into,fork,4,0.005
cut-into,cheese,4,0.005
get,processor:food,4,0.005
sprinkle,mozzarella,4,0.005
get,rice,4,0.005
sprinkle,onion,4,0.005
cover-in,dough,4,0.005
put-in,ball:dough,4,0.005
put-into,leaf:tea,4,0.005
put-in,bacon,4,0.005
sprinkle-on,flour,4,0.005
sprinkle-on,salt,4,0.005
put-down,whisk,4,0.005
put-down,bowl:large,4,0.005
scrub,piece:lemon:squeezer,4,0.005
put-onto,piece:pizza,4,0.005
put,utensil,4,0.005
dry,v60,4,0.005
put,sauce,4,0.005
dry,top,4,0.005
remove-from,onion,4,0.005
put,salmon,4,0.005
dry,teaspoon,4,0.005
put,powder:turmeric,4,0.005
scoop,thyme,4,0.005
remove-from,skin,4,0.005
drain,saucepan,4,0.005
drain,sink,4,0.005
insert,carafe,4,0.005
close,box:salt,4,0.005
rest-on,spoon:wooden,4,0.005
take,lentil,4,0.005
put,paste:garlic,4,0.005
rinse,basket,4,0.005
hold-with,curd:cheese,4,0.005
remove-from,content,4,0.005
remove,water,4,0.005
take,holder:pot,4,0.005
remove,onion,4,0.005
remove,packaging:pizza,4,0.005
hold,tub,4,0.005
take,ham,4,0.005
remove,paper,4,0.005
remove,pasta,4,0.005
scoop-out,salt,4,0.005
put,stock,4,0.005
put,soap,4,0.005
eat,cheese,4,0.005
drain,pot,4,0.005
drain,rice,4,0.005
close,coffee,4,0.005
close,clip,4,0.005
close,cereal,4,0.005
remove,tomato:sun:dried,4,0.005
put,onion:spring,4,0.005
rinse,blender,4,0.005
scoop,sugar,4,0.005
dry,board,4,0.005
put,chopstick,4,0.005
take,skin:carrot,4,0.005
put,chilli,4,0.005
lather,pitcher,4,0.005
dry,bowl:rice:cooker,4,0.005
lather,saucepan,4,0.005
put,cheese,4,0.005
clean,wall,4,0.005
clean-with,desk,4,0.005
rinse,leek,4,0.005
rinse,piece:salad:spinner,4,0.005
take,stock,4,0.005
lather,utensil,4,0.005
put,broccoli:tenderstem,4,0.005
lay,aubergine,4,0.005
rinse,pan:baking,4,0.005
dry,cup,4,0.005
lather,filter,4,0.005
close,bottle:sauce,4,0.005
take,pan:frying,4,0.005
rinse,block:chopping,4,0.005
put,lime,4,0.005
take,pack:chicken,4,0.005
put,leaf,4,0.005
take,packet:cookie,4,0.005
rinse,box,4,0.005
put,herb,4,0.005
close,bag:pasta,4,0.005
rinse,glove:rubber,4,0.005
roll-up,bag,4,0.005
juice,half:lemon,4,0.005
rip-off,skin,4,0.005
rinse,top,4,0.005
rinse,glass:wine,4,0.005
take,plate:pasta,4,0.005
take,powder:turmeric,4,0.005
take,glove,4,0.005
close,butter,4,0.005
cut,mango,4,0.005
remove,blade:chopping,4,0.005
take,filter:coffee,4,0.005
empty,carafe,4,0.005
put-down,ball:dough,4,0.005
drain,cup,4,0.005
remove,artichoke,4,0.005
put-down,bowl:food:processor,4,0.005
close,door:fridge,4,0.005
close,flour,4,0.005
put-down,booklet:instruction,4,0.005
hold,glass,4,0.005
remove,grill,4,0.005
hit-with,garlic,4,0.005
scour,spatula,4,0.005
hold,kettle,4,0.005
put-down,aeropress,4,0.005
remove,film:cling,4,0.005
put-under,bowl,4,0.005
put-down,blackberry,4,0.005
hit,garlic,4,0.005
put-away,mat:place,4,0.005
eat,pepper,4,0.005
empty,cafetiere,4,0.005
scour,board:chopping,4,0.005
scrape,bowl,4,0.005
pick-up,granola,3,0.004
shake-off,spoon,3,0.004
rinse,tin,3,0.004
rotate,pizza,3,0.004
shake-into,salt,3,0.004
scrape,broccoli,3,0.004
pick-up,holder:napkin,3,0.004
wash,pin:rolling,3,0.004
rub-on,salt,3,0.004
rinse,teapot,3,0.004
shake-off,salmon,3,0.004
open,oil:sesame,3,0.004
wash,pestle,3,0.004
wipe-of,hand,3,0.004
rinse,grape,3,0.004
rinse,table,3,0.004
scrape-off,garlic,3,0.004
rinse,grid,3,0.004
turn-on,top:stove,3,0.004
scoop,leaf:tea,3,0.004
pick-up,instruction,3,0.004
pick-up,bag:cheese,3,0.004
open,mozzarella,3,0.004
shape-into,patty,3,0.004
rotate,paper:greaseproof,3,0.004
put-with,plate,3,0.004
pick-up,herb,3,0.004
wash,pot:coffee,3,0.004
rinse,chicken,3,0.004
pick-up,bit:food,3,0.004
scrape-off,dough,3,0.004
roll,bag:flour,3,0.004
turn-on,lid,3,0.004
turn-on,hob:induction,3,0.004
pick-up,grid:hob,3,0.004
put-into,dustpan,3,0.004
open,package:chicken,3,0.004
shake,mug,3,0.004
rinse-off,pot,3,0.004
open,pack:tortilla,3,0.004
roll,cylinder,3,0.004
rotate,filter,3,0.004
pick-up,jar:pepper,3,0.004
turn-on,heater,3,0.004
shake,mould:ring:cake,3,0.004
shake,potato,3,0.004
put-into,jug:water,3,0.004
rinse,cutter:pizza,3,0.004
pick-up,ginger,3,0.004
rinse-off,block:chopping,3,0.004
rinse,finger,3,0.004
put-into,dough,3,0.004
sharpen,side:blade,3,0.004
turn-on,dishwasher,3,0.004
put-over,film:cling,3,0.004
put-in,strainer,3,0.004
put-in,toaster,3,0.004
rinse,pot:coffee,3,0.004
rinse,pitcher,3,0.004
put-in,thermometer,3,0.004
turn-off,heater,3,0.004
open,light,3,0.004
slice,lettuce,3,0.004
open,lid:saucepan,3,0.004
put-in,teapot,3,0.004
put-in,tablespoon,3,0.004
put-in,supplement,3,0.004
slice,paneer,3,0.004
pick-up,lid:yoghurt,3,0.004
open,ladder,3,0.004
scrape,knife,3,0.004
slice,ginger,3,0.004
rinse,onion,3,0.004
zero,scale,3,0.004
put-in,stick:bread,3,0.004
wash,onion:spring,3,0.004
put-onto,saucepan,3,0.004
turn,tray,3,0.004
rinse,pepper:bell,3,0.004
pick-up,mat:sushi,3,0.004
scrape,chilli,3,0.004
put-in,skin:onion,3,0.004
open,jar:honey,3,0.004
put-in,skin:fish,3,0.004
wash,opener:can,3,0.004
turn,tin,3,0.004
turn-off,microwave,3,0.004
scrape,rice,3,0.004
wipe-off,tomato,3,0.004
put-into,bag:plastic,3,0.004
put-into,carrot,3,0.004
shovel-up,carrot,3,0.004
put-into,cafetiere,3,0.004
put-into,board:chopping,3,0.004
open,milk:soy,3,0.004
shovel-up,garlic:smashed,3,0.004
rinse,strainer:tea,3,0.004
put-into,beer,3,0.004
rinse,strainer:sink,3,0.004
pick-up,bean:coffee,3,0.004
wipe-on,finger,3,0.004
put-into,bean:green,3,0.004
put-into,bag:tea,3,0.004
turn-off,water:tap,3,0.004
pick-up,battery,3,0.004
put-onto,cup,3,0.004
rinse,jar:clip:top,3,0.004
put-on,yoghurt,3,0.004
rinse,rice,3,0.004
sieve,flour,3,0.004
put-onto,spoon,3,0.004
wash,pan:baking,3,0.004
slice,celery,3,0.004
rinse,presser:garlic,3,0.004
put-in,vegetable,3,0.004
rinse,knife:mincing,3,0.004
put-in,tray:steamer,3,0.004
pick-up,bag:pistachio,3,0.004
put-in,towel,3,0.004
wipe-on,hand,3,0.004
wipe,pan:frying,3,0.004
peel,avocado,3,0.004
put-into,machine:coffee,3,0.004
pick-up,cheese:parmesan,3,0.004
wash,box,3,0.004
put-on,film:cling,3,0.004
search,onion,3,0.004
put-on,piece:salad:spinner,3,0.004
wash,bowl:salad,3,0.004
put-on,desk,3,0.004
pick-up,capsule,3,0.004
pick-up,capsule:coffee,3,0.004
put-on,cookie,3,0.004
remove,holder:coffee,3,0.004
search-for,cabinet,3,0.004
open,tuna,3,0.004
wash,bean:green,3,0.004
search-for,knife,3,0.004
remove,tomato,3,0.004
scrape-off,knife,3,0.004
remove,garbage,3,0.004
walk,sink,3,0.004
remove,tray:oven,3,0.004
screw-onto,lid,3,0.004
remove-from,breast:chicken,3,0.004
wait-for,sausage,3,0.004
search-in,drawer,3,0.004
separate,clove:garlic,3,0.004
wait-for,rice,3,0.004
put-on,cereal,3,0.004
pick-up,cleaner,3,0.004
open,tomato:sun:dried,3,0.004
open,tomato:chopped,3,0.004
put-on,butter,3,0.004
remove,spoon,3,0.004
scoop,whey,3,0.004
search,oil:olive,3,0.004
remove,leftover,3,0.004
remove,lid:pan,3,0.004
wash,cup:measuring,3,0.004
wash,tub:tupperware,3,0.004
put-on,meat:minced,3,0.004
scrub,piece:salad:spinner,3,0.004
open-on,lid,3,0.004
open,yogurt,3,0.004
put-on,lid:tupperware,3,0.004
put-on,mozzarella,3,0.004
open,yeast,3,0.004
pick-up,box:meat,3,0.004
put-on,lid:rice:cooker,3,0.004
put-on,lemon,3,0.004
wash,tray,3,0.004
scrub,spatula,3,0.004
peel,clove:garlic,3,0.004
peel,dough,3,0.004
put-on,jam,3,0.004
wash,tongs,3,0.004
put-on,ham,3,0.004
scrub,teapot,3,0.004
seal,bag,3,0.004
remove,leftover:food,3,0.004
remove,plug,3,0.004
remove,pod:coffee,3,0.004
wash,water,3,0.004
put-on,garlic,3,0.004
wash,can,3,0.004
wash,tap,3,0.004
put-on,box,3,0.004
pick-up,cloth:dish,3,0.004
serve,food,3,0.004
screw,lid,3,0.004
put-into,scissors,3,0.004
remove-inside,pepper,3,0.004
put-into,refrigerator,3,0.004
remove-off,scale,3,0.004
pick-up,edge:dough,3,0.004
turn-over,scale,3,0.004
put-on,slice:bread,3,0.004
pick-up,eggshell,3,0.004
return,tray,3,0.004
rifle-through,content:drawer,3,0.004
wipe,glass,3,0.004
rinse,apple,3,0.004
wash,juicer:lime,3,0.004
scour,tin,3,0.004
put-into,piece:cucumber,3,0.004
open,paprika,3,0.004
put-into,paper:filter,3,0.004
scour,tray:baking,3,0.004
put-into,packaging,3,0.004
rearrange,piece:broccoli,3,0.004
put-into,mushroom,3,0.004
pick-up,foil,3,0.004
pick,herb,3,0.004
pat-down,omelette,3,0.004
put-on,sock,3,0.004
turn-on,water:tap,3,0.004
rinse,blueberry,3,0.004
scoop,liquid,3,0.004
put-on,spaghetti,3,0.004
shake,bag:flour,3,0.004
remove-from,slice:potato,3,0.004
open,tin,3,0.004
remove-from,seal,3,0.004
put-on,reduction:balsamic,3,0.004
remove-from,food,3,0.004
put-on,board,3,0.004
wash-with,knife,3,0.004
put-on,belly:pork,3,0.004
wash-with,spatula,3,0.004
pick-up,container:food,3,0.004
set,microwave,3,0.004
pick-up,container:stock,3,0.004
pick-up,cooker:rice,3,0.004
put-into,water:more,3,0.004
unroll,paper:foil,3,0.004
remove,container,3,0.004
remove-from,leaf,3,0.004
set-on,timer,3,0.004
pick-up,cube:stock,3,0.004
remove,coffee,3,0.004
unplug,microwave,3,0.004
pick-up,cup:measuring,3,0.004
remove,bottom:leek,3,0.004
pick-up,bag:sugar,3,0.004
pick-up,cutter:pizza,3,0.004
open,sachet,3,0.004
unfold,cloth:table,3,0.004
wash,holder:teabag,3,0.004
remove,board:cutting,3,0.004
remove-from,plate,3,0.004
put-into,sponge,3,0.004
wash,jar,3,0.004
read,temperature,3,0.004
take,teaspoon,3,0.004
put-in,scale,3,0.004
pour-from,pasta,3,0.004
take,dressing,3,0.004
pour-from,mixture,3,0.004
take,drawer,3,0.004
put-away,sauce:soy,3,0.004
take-out,dumpling,3,0.004
put-away,scissors,3,0.004
pour,yoghurt,3,0.004
pour,wine,3,0.004
take,dog:hot,3,0.004
pour,vinegar,3,0.004
put-down,bag:bread,3,0.004
put-down,bagel,3,0.004
take-out,jug:measuring,3,0.004
put-down,banana,3,0.004
put-down,base:pizza,3,0.004
put-down,battery,3,0.004
put-down,bit:potato,3,0.004
put-down,blade,3,0.004
put-down,blade:chopping,3,0.004
put-down,blender,3,0.004
take,cupboard,3,0.004
take-out,dough,3,0.004
pour-from,pistachio,3,0.004
put-in,sauce:fish,3,0.004
pour-from,salt,3,0.004
pour-in,sugar,3,0.004
put,tablecloth,3,0.004
put,teapot,3,0.004
pour-in,pesto,3,0.004
put,thigh:chicken,3,0.004
pour-in,onion,3,0.004
put,tin,3,0.004
put,tongs,3,0.004
take,grape,3,0.004
pour-in,liquid,3,0.004
pour-in,egg,3,0.004
take,garbage,3,0.004
pour-from,yoghurt,3,0.004
put-away,bowl,3,0.004
take-out,cob:corn,3,0.004
pour-from,thyme,3,0.004
put-away,bread,3,0.004
pour-from,sugar,3,0.004
take-out,courgette,3,0.004
take-out,dish:oven,3,0.004
pour-from,sauce,3,0.004
pour,potato,3,0.004
take,cover:plastic,3,0.004
pour,onion,3,0.004
take-out,mug,3,0.004
put-down,caper,3,0.004
take,celery,3,0.004
put-down,cob:corn,3,0.004
place-on,grape,3,0.004
take,box:carrot,3,0.004
take,box:breadstick,3,0.004
place-on,bread,3,0.004
place-on,bowl:sugar,3,0.004
put-down,container:salt,3,0.004
place-on,board:serving,3,0.004
put-down,container:spice,3,0.004
take,bit:food,3,0.004
take,bag:tea,3,0.004
place-in,plate,3,0.004
place-in,mug,3,0.004
take,bag:packing,3,0.004
put-down,dish:oven,3,0.004
take,bag:flour,3,0.004
put-down,film,3,0.004
take,bag:coffee,3,0.004
place-in,cup,3,0.004
take-out,salmon,3,0.004
take-out,rice,3,0.004
place-on,tomato,3,0.004
pour,herb,3,0.004
take-out,oil,3,0.004
take-out,olive,3,0.004
pour,milk:soy,3,0.004
take,cookie,3,0.004
take-out,pasta,3,0.004
put-down,bottle:soy:sauce,3,0.004
pour,liquid,3,0.004
pour,lentil,3,0.004
pour,kettle,3,0.004
take,clip,3,0.004
place-on,tortilla,3,0.004
put-down,box:meat,3,0.004
put-down,bun:bao,3,0.004
put-down,bun:steamed,3,0.004
pour,bottle,3,0.004
put-down,bundle,3,0.004
take,choi:pak,3,0.004
pour,bacon,3,0.004
take-out,pot,3,0.004
place-onto,potato,3,0.004
put,squeezer:lime,3,0.004
pour-into,bean,3,0.004
put,spray:cleaning,3,0.004
take,paper:baking,3,0.004
pull-out,drawer:freezer,3,0.004
take,sauce:tomato,3,0.004
put,corn:sweet,3,0.004
take,raisin,3,0.004
pull-off,film:cling,3,0.004
pull-off,dish:oven,3,0.004
pull-down,tablecloth,3,0.004
take,rack:oven,3,0.004
put,cup:small,3,0.004
take,piece:cucumber,3,0.004
take,yeast,3,0.004
take,paprika,3,0.004
put,egg,3,0.004
pull,dough,3,0.004
put,filter,3,0.004
pull,chunk:dough,3,0.004
press-onto,orange:half,3,0.004
press-onto,orange,3,0.004
press-onto,meat,3,0.004
take-from,bowl,3,0.004
put,flour,3,0.004
pull-out,plug,3,0.004
pull-through,spatula,3,0.004
put,cloth:table,3,0.004
put,biscuit,3,0.004
put,box:cereal,3,0.004
take,teapot,3,0.004
take,tortellini,3,0.004
take,tray:baking,3,0.004
take,tray:plastic,3,0.004
put,board,3,0.004
put,blueberry,3,0.004
put,block:chopping,3,0.004
put,blade:chopping,3,0.004
take,squeezer:lime,3,0.004
take,seed:mustard,3,0.004
put,bag:coffee,3,0.004
take,soap,3,0.004
put,cereal,3,0.004
push-down,kale,3,0.004
push-down,aeropress,3,0.004
take,slice:cheese,3,0.004
push,drawer:dishwasher,3,0.004
take,skin:potato,3,0.004
push,container,3,0.004
put,garlic:smashed,3,0.004
take-from,breadstick,3,0.004
take,hummus,3,0.004
take-from,container,3,0.004
pour-into,sauce:soy,3,0.004
pour-into,sauce,3,0.004
take-from,towel:tea,3,0.004
put,rack:drying,3,0.004
pour-into,pepper,3,0.004
take-from,tray,3,0.004
pour-into,oregano,3,0.004
take,jeera,3,0.004
take-off,glove:oven,3,0.004
take-off,sheath,3,0.004
put,seed:mustard,3,0.004
pour-into,nut:pine,3,0.004
pour-into,noodle,3,0.004
pour-into,mushroom,3,0.004
take-off,slice:butter,3,0.004
put,silverware,3,0.004
pour-into,liquid,3,0.004
put,slicer,3,0.004
pour-into,kale,3,0.004
take-off,tofu,3,0.004
pour-into,egg,3,0.004
pour-into,soup,3,0.004
put,potato,3,0.004
put,pot:coffee,3,0.004
take,machine:coffee,3,0.004
press,cylinder,3,0.004
put,honey,3,0.004
put,jam,3,0.004
pour-out,pot,3,0.004
take,package:salad,3,0.004
pour-onto,potato,3,0.004
pour-onto,plate,3,0.004
take,nutella,3,0.004
take-from,pack:tea,3,0.004
put,packet,3,0.004
take,leaf,3,0.004
put,parsley,3,0.004
pour-on,sauce,3,0.004
put,peeler,3,0.004
take,lettuce,3,0.004
pour-into,water:hot,3,0.004
pour-into,water:cold,3,0.004
put,piece:broccoli,3,0.004
put,plug,3,0.004
take-from,teabag,3,0.004
take-out,tupperware,3,0.004
place-in,bottle,3,0.004
take-out,wrap,3,0.004
spoon,meat,3,0.004
pick-up,pot:small,3,0.004
spray,product:cleaning,3,0.004
put-in,chocolate,3,0.004
spray,hob,3,0.004
pick-up,plate:scale,3,0.004
spoon-into,granule,3,0.004
tie,apron,3,0.004
put-in,cube:ice,3,0.004
pick-up,piece:salad:spinner,3,0.004
take,tofu,3,0.004
put-in,dish:oven,3,0.004
spoon,spice,3,0.004
pick-up,piece:meat,3,0.004
spoon,sauce:spicy:bean,3,0.004
pick-up,piece:chocolate,3,0.004
put-in,drink:almond,3,0.004
tilt,pan,3,0.004
put-in,eggshell,3,0.004
put-in,fish,3,0.004
spoon,pesto,3,0.004
put-in,fraiche:creme,3,0.004
put-in,carton:egg,3,0.004
put-in,capsule,3,0.004
put-in,brush:pastry,3,0.004
pick-up,rind:lemon,3,0.004
put-down,tuna,3,0.004
squeeze,bag:plastic,3,0.004
put-down,turmeric,3,0.004
throw-away,courgette,3,0.004
throw-away,napkin,3,0.004
pick-up,rusk,3,0.004
throw-away,scrap,3,0.004
squash,clove:garlic,3,0.004
put-down,wrap:plastic,3,0.004
throw-in,plastic,3,0.004
spread,tomato,3,0.004
put-in,blender,3,0.004
throw-into,plastic,3,0.004
sprinkle,herb,3,0.004
put-in,bottle:milk,3,0.004
put-in,bottle:tonic:water,3,0.004
put-in,bottle:water,3,0.004
put-in,bowl:rice:cooker,3,0.004
pick-up,press:garlic,3,0.004
spread-on,flour,3,0.004
spoon,mixture,3,0.004
spoon,blueberry,3,0.004
throw,tissue,3,0.004
put-in,ground:coffee,3,0.004
pick-up,oven,3,0.004
pick-up,oregano,3,0.004
soap,pan,3,0.004
turn,cheese,3,0.004
put-in,piece:chocolate,3,0.004
turn,corncob,3,0.004
soap,cup:coffee,3,0.004
put-in,plug,3,0.004
soak,pan,3,0.004
pick-up,nutella,3,0.004
pick-up,nut:pine,3,0.004
smell,starter,3,0.004
pick-up,nesquik,3,0.004
turn,mat:table,3,0.004
turn,omelette,3,0.004
turn,pan,3,0.004
put-in,presser:garlic,3,0.004
slide-into,belly:pork,3,0.004
slide,bread,3,0.004
pick-up,mocha,3,0.004
turn,switch,3,0.004
pick-up,package:fish:finger,3,0.004
put-in,parsley,3,0.004
pick-up,package:hot:dog,3,0.004
transfer-into,food,3,0.004
pick-up,peanut,3,0.004
toss,salad,3,0.004
put-in,ham,3,0.004
pick-up,paste:miso,3,0.004
put-in,jar:spice,3,0.004
pick-up,parmesan,3,0.004
put-in,leaf,3,0.004
pick-up,paper:baking,3,0.004
pick-up,paneer,3,0.004
transfer-to,spoon,3,0.004
put-in,pan:cast:iron,3,0.004
trim,thigh:chicken,3,0.004
pick-up,pan:cake,3,0.004
pick-up,pan:baking,3,0.004
sponge,grater,3,0.004
pick-up,packet:coriander,3,0.004
put-in,olive,3,0.004
sponge,cover,3,0.004
turn,bread,3,0.004
pick-up,package:potato,3,0.004
put-down,trivet,3,0.004
throw,stirrer:wooden,3,0.004
take,apple,3,0.004
pick-up,tin:condensed:milk,3,0.004
put-down,moka,3,0.004
tear-off,floret,3,0.004
pick-up,vinegar:rice,3,0.004
tear-out,banana,3,0.004
pick-up,tupperware:butter,3,0.004
pick-up,tub:butter,3,0.004
put-down,oil:sesame,3,0.004
pick-up,trivet,3,0.004
pick-up,tray:second,3,0.004
stir,starter,3,0.004
test,potato,3,0.004
test,rice,3,0.004
put-down,orange,3,0.004
stir,spatula,3,0.004
throw,bag:mozzarella,3,0.004
throw,bag:plastic,3,0.004
pick-up,top,3,0.004
pick-up,toothpick,3,0.004
put-down,package:pasta,3,0.004
stir,salt,3,0.004
stir,pea,3,0.004
put-down,mitt:oven,3,0.004
tear,foil:aluminium,3,0.004
stir-in,soup,3,0.004
put-down,knife:bread,3,0.004
place,scissors,3,0.004
put-down,gin,3,0.004
put-down,grid:hob,3,0.004
tap-against,fork,3,0.004
put-down,ham,3,0.004
switch-off,light,3,0.004
tap-on,spatula,3,0.004
put-down,jar:sugar,3,0.004
submerge,spoon,3,0.004
submerge,spatula,3,0.004
stir-in,thigh:chicken,3,0.004
put-down,knife:paring,3,0.004
submerge,board:chopping,3,0.004
taste,soup,3,0.004
put-down,lid:pot,3,0.004
place,cloth,3,0.004
store,glass,3,0.004
stir-with,piece:meat,3,0.004
stir-with,chopstick,3,0.004
stir-on,food,3,0.004
put-down,paper:baking,3,0.004
put-down,parmesan,3,0.004
put-down,tray:oven,3,0.004
pick-up,timer,3,0.004
put-down,scoop,3,0.004
put-down,sharpener:knife,3,0.004
throw,peel:banana,3,0.004
step-off,ladder,3,0.004
steam,bun,3,0.004
start,hob,3,0.004
stack,saucepan,3,0.004
throw,peeling,3,0.004
pick-up,slicer,3,0.004
stab,cake,3,0.004
pick-up,skin:potato,3,0.004
squidge,content:bag,3,0.004
squeeze-out,water,3,0.004
squeeze-onto,detergent,3,0.004
throw,shell,3,0.004
put-down,teapot,3,0.004
squeeze-into,sausage,3,0.004
pick-up,sharpener:knife,3,0.004
put-down,tomato:cherry,3,0.004
throw,skin:courgette,3,0.004
squeeze,soap,3,0.004
pick-up,spoon:slotted,3,0.004
step-on,ladder,3,0.004
throw,leftover,3,0.004
pick-up,sweetcorn,3,0.004
throw,box,3,0.004
throw,can,3,0.004
put-down,peeling,3,0.004
put-down,piece:pitta,3,0.004
put-down,pit,3,0.004
throw,egg,3,0.004
stir,lettuce,3,0.004
pick-up,tablespoon,3,0.004
stir,garlic,3,0.004
put-down,pot:small,3,0.004
stir,beef,3,0.004
throw,jar,3,0.004
pick-up,straw,3,0.004
stir,fish,3,0.004
put-down,presser:garlic,3,0.004
stir,curd:lemon,3,0.004
pick-up,stick:cocktail,3,0.004
throw,leek:extra,3,0.004
pick-up,stick:bread,3,0.004
put-down,salmon,3,0.004
spoon-into,chilli,3,0.004
zest-into,lemon,3,0.004
cut-with,mozzarella,3,0.004
open,container:food,3,0.004
distribute,meat:minced,3,0.004
mix,salt,3,0.004
lift-off,dough,3,0.004
inspect,packaging,3,0.004
eat,potato,3,0.004
fetch,garlic,3,0.004
grab,piece:paper,3,0.004
cut,slice:bread,3,0.004
inspect,onion,3,0.004
move-around,piece:tofu,3,0.004
eat,mozzarella,3,0.004
cut,skin,3,0.004
close,milk:soy,3,0.004
cut,cake,3,0.004
check,spill:coffee,3,0.004
get,bread,3,0.004
lift-off,towel:tea,3,0.004
detach-from,egg,3,0.004
adjust,hop,3,0.004
clean,oven:microwave,3,0.004
move,handle:pan,3,0.004
get,bowl:dough,3,0.004
grab,scissors,3,0.004
cover-with,blender,3,0.004
mix,stock,3,0.004
move,cob:corn,3,0.004
dice,carrot,3,0.004
get,bowl:small,3,0.004
lift,pan,3,0.004
lift,saucepan,3,0.004
move,holder:coffee,3,0.004
empty,bottle:milk,3,0.004
open,container:rice,3,0.004
adjust,light,3,0.004
open,chilli,3,0.004
close,pack:cheese,3,0.004
lift-up,saucepan,3,0.004
close,container:rice,3,0.004
move,aubergine,3,0.004
grab,meat,3,0.004
close,oil:sesame,3,0.004
close,oven:microwave,3,0.004
cut,potato:sweet,3,0.004
hold,lid,3,0.004
get,herb,3,0.004
grab,ladle,3,0.004
move,tray:cutlery,3,0.004
grab,jar,3,0.004
close,package:cheese,3,0.004
drain,can,3,0.004
adjust,mat:place,3,0.004
check,temperature:oil,3,0.004
grab,piece:coriander,3,0.004
adjust,machine:coffee,3,0.004
close,moka,3,0.004
open,bottle:passata,3,0.004
get,cover,3,0.004
grab,pepper,3,0.004
cut,sausage,3,0.004
lift-up,bowl:large,3,0.004
move,wire,3,0.004
mix-with,water,3,0.004
lift-up,chopstick,3,0.004
grab,paste:garlic,3,0.004
cover,container,3,0.004
hold,handle:saucepan,3,0.004
cut,salad,3,0.004
fold,box,3,0.004
empty,can,3,0.004
lift,dough,3,0.004
grab,ham,3,0.004
clean,rag,3,0.004
lather,peeler,3,0.004
lather,knife:soap,3,0.004
clean,tap,3,0.004
fold,paper:foil,3,0.004
open,box:salt,3,0.004
lather,holder:filter,3,0.004
clean,top,3,0.004
crush-into,bag,3,0.004
open,box:tea,3,0.004
lather,hand,3,0.004
hang,glove,3,0.004
gather,peeling:carrot,3,0.004
hang,clothes,3,0.004
check,pizza,3,0.004
lather,saucer:soap,3,0.004
open,box:milk,3,0.004
end,video,3,0.004
close,garbage,3,0.004
move,detergent,3,0.004
empty,wok,3,0.004
lay,meat,3,0.004
adjust,cup,3,0.004
lay,towel:tea,3,0.004
change,temperature,3,0.004
heat,bacon,3,0.004
mix-in,yoghurt,3,0.004
lay-onto,egg,3,0.004
empty,salt,3,0.004
lay-onto,paper:baking,3,0.004
cut,apple,3,0.004
cut-into,mozzarella,3,0.004
lay-over,towel:tea,3,0.004
mix-in,potato,3,0.004
fold,paper:filter,3,0.004
grab,tongs,3,0.004
cut-with,meat,3,0.004
empty,dishwasher,3,0.004
move-in,potato,3,0.004
move-in,piece:tofu,3,0.004
grate,cheese,3,0.004
move,grater,3,0.004
open,cap,3,0.004
move-in,oil,3,0.004
grate,parmesan,3,0.004
clean,water,3,0.004
open,carrot,3,0.004
cut,beef,3,0.004
empty,coffee,3,0.004
grab,towel,3,0.004
move-in,fridge,3,0.004
lick,spoon,3,0.004
check,recipe,3,0.004
open,bottle:water,3,0.004
clean,towel,3,0.004
move,floor,3,0.004
fold,paper:baking,3,0.004
clean,top:kitchen,3,0.004
lather,dish,3,0.004
gather,skin:potato,3,0.004
close,jug,3,0.004
clean,peeler:potato,3,0.004
create,sandwich,3,0.004
move,foil,3,0.004
mix-with,meat,3,0.004
lather,cup:soap,3,0.004
close,ladder,3,0.004
move,cover:plastic,3,0.004
extract,cereal,3,0.004
light,stove,3,0.004
lift-up,pan,3,0.004
clean,dish,3,0.004
move,piece:meat,3,0.004
break-in,meat,3,0.004
hold,spoon:wooden,3,0.004
look-in,oven,3,0.004
open,bag:pasta,3,0.004
get,soap,3,0.004
close,bag:oregano,3,0.004
lower,pan,3,0.004
apply,hummus,3,0.004
open,bag:carrot,3,0.004
get,spice,3,0.004
drop-into,piece:cucumber,3,0.004
drink,milk,3,0.004
chop,piece:pepper,3,0.004
move,scissors,3,0.004
flatten,paper:greaseproof,3,0.004
dry,dish,3,0.004
get-out,food:cooked,3,0.004
close,pan,3,0.004
dry,glove:rubber,3,0.004
insert-into,plug,3,0.004
flip,dough,3,0.004
insert,bread,3,0.004
close,wrap,3,0.004
cut,dog:hot,3,0.004
cut,orange,3,0.004
dry,ladle,3,0.004
look-for,cup:measuring,3,0.004
cut,package,3,0.004
move,soap,3,0.004
move,peach,3,0.004
close,packet,3,0.004
get,spinach,3,0.004
drop-into,pan,3,0.004
chop,onion:spring,3,0.004
measure,salt,3,0.004
move,processor:food,3,0.004
get,yoghurt,3,0.004
get-from,biscuit,3,0.004
chop,chorizo,3,0.004
chop,cilantro,3,0.004
chop,cucumber,3,0.004
move,pot:moka,3,0.004
move,ramekin,3,0.004
fill-with,tin,3,0.004
adjust,tray,3,0.004
get,towel:paper,3,0.004
close,pot:coffee,3,0.004
open,grinder,3,0.004
move,rest,3,0.004
cut,kiwi,3,0.004
move,sauce,3,0.004
close,rice,3,0.004
break,chocolate,3,0.004
mix,bowl,3,0.004
move,pot:coffee,3,0.004
move,rice,3,0.004
move,bowl:salad,3,0.004
open,bag:grape,3,0.004
get,stock,3,0.004
move,plug,3,0.004
move,box:recycling,3,0.004
drop-into,carrot,3,0.004
move,salad,3,0.004
move,sandwich,3,0.004
get,spoon:wooden,3,0.004
clip,bread,3,0.004
flip,chip,3,0.004
look-at,thermometer,3,0.004
check,knife,3,0.004
grab,butter,3,0.004
grab,can,3,0.004
clear,hand,3,0.004
drain-from,bowl,3,0.004
hold,mug,3,0.004
move,base:pizza,3,0.004
fill,filter:water,3,0.004
close,bun:bao,3,0.004
get,oil:olive,3,0.004
fill,cup,3,0.004
move,tin,3,0.004
cut,coriander,3,0.004
drain,potato,3,0.004
dry,squeezer:lime,3,0.004
grab,bowl:salad,3,0.004
mix,lettuce,3,0.004
move,mushroom,3,0.004
fold,bag:mozzarella,3,0.004
get,mat:table,3,0.004
apply,spice,3,0.004
get,lid,3,0.004
grab,egg,3,0.004
drain,lid,3,0.004
insert-into,cheese,3,0.004
grab,foil,3,0.004
clean,cupboard,3,0.004
clean,desk,3,0.004
lock,cover:food:processor,3,0.004
insert,holder:filter,3,0.004
change,temperature:oven,3,0.004
adjust,salmon,3,0.004
close,box:tea,3,0.004
dry,piece:lemon:squeezer,3,0.004
compress,rubbish,3,0.004
look-at,recipe,3,0.004
move,beaker,3,0.004
hold,sink:empty,2,0.003
take,foil,2,0.003
close,cup,2,0.003
put-down,avocado,2,0.003
take,cork,2,0.003
put-down,box:cereal,2,0.003
put,tin:chopped:tomato,2,0.003
take,filter:sink,2,0.003
take,corn:sweet,2,0.003
close,bit:cheese:packet,2,0.003
take,liquid:cleaning,2,0.003
close,box:egg,2,0.003
take,dish:dirty,2,0.003
put,tomato:sun:dried,2,0.003
hold,dish:oven,2,0.003
put-down,bit:onion,2,0.003
close,cover:blender,2,0.003
take,coriander,2,0.003
put-back,tray,2,0.003
put-down,bag:plastic,2,0.003
close,basket:waste,2,0.003
put-back,lid,2,0.003
close,container:food,2,0.003
take,drink:almond,2,0.003
close,bin:bread,2,0.003
take,gravy,2,0.003
put-down,bowl:sugar,2,0.003
put-down,basket,2,0.003
take,lid:box,2,0.003
put-down,bag:oregano,2,0.003
close,drink:almond,2,0.003
put-down,bag:pine:nut,2,0.003
put-down,bowl:plate,2,0.003
take,humus,2,0.003
take,lid:tin,2,0.003
take,ingredient,2,0.003
close,carafe,2,0.003
close,bun:steamed,2,0.003
put-down,bag:carrot,2,0.003
hold,tray,2,0.003
close,dressing:salad,2,0.003
take,milk:soya,2,0.003
hold,squeezer,2,0.003
put-down,bottle:cooking:wine,2,0.003
put-away,powder:coconut,2,0.003
close,bowl:sugar,2,0.003
put-away,plate,2,0.003
take,cup:coffee,2,0.003
put-away,phone,2,0.003
put-down,book,2,0.003
hold,handle:pan,2,0.003
close,door:refrigerator,2,0.003
hold,butter,2,0.003
put-down,block:chopping,2,0.003
put-away,coffee,2,0.003
put-down,board,2,0.003
take,knife:wash,2,0.003
close,bottle:soy:sauce,2,0.003
take,fish,2,0.003
close,bottle:passata,2,0.003
close,drawer:vegetable,2,0.003
close,bottle:water,2,0.003
hit-with,end:milk:bottle,2,0.003
take,juice,2,0.003
put,tuna,2,0.003
hit,sponge,2,0.003
put-away,spice,2,0.003
take,liquid:dishwashing,2,0.003
take,degreaser,2,0.003
close,counter,2,0.003
take,cover,2,0.003
put,turmeric,2,0.003
hit-on,spatula,2,0.003
take,cube:ice,2,0.003
put-away,scale,2,0.003
take,film:cling,2,0.003
take,cutter:pizza,2,0.003
take,flatware,2,0.003
put-away,raisin,2,0.003
hold,tablet:rennet,2,0.003
take,cube:stock,2,0.003
take,paella,2,0.003
take,condiment,2,0.003
grab,nutella,2,0.003
sweep-off,flour,2,0.003
put-down,package:fish:finger,2,0.003
grab,coffee,2,0.003
grab,chorizo,2,0.003
put-down,packet:cheese,2,0.003
put-down,packet:coriander,2,0.003
swap,pan,2,0.003
swallow,tablet,2,0.003
submerge,utensil,2,0.003
submerge,tin,2,0.003
grab,capsule,2,0.003
close,packaging,2,0.003
submerge,piece:lemon:squeezer,2,0.003
put-down,parsley,2,0.003
put-down,part:juicer,2,0.003
submerge,fork,2,0.003
close,packaging:salad,2,0.003
grab,container:salt,2,0.003
put-down,opener:can,2,0.003
grab,courgette,2,0.003
grab,gas,2,0.003
grab,mozzarella,2,0.003
grab,moka,2,0.003
grab,mitt:oven,2,0.003
switch-on,lighter,2,0.003
switch-on,heat,2,0.003
grab,juice,2,0.003
grab,handful:carrot,2,0.003
switch-off,heat,2,0.003
put-down,onion:chopped,2,0.003
grab,filter,2,0.003
switch,spade,2,0.003
close,package:pasta,2,0.003
grab,drink,2,0.003
grab,cup:measuring,2,0.003
swirl-in,water,2,0.003
put-down,omelette,2,0.003
put-down,peel,2,0.003
put-down,peel:lemon,2,0.003
stuff,tortilla,2,0.003
put-down,scourer,2,0.003
stir-with,pasta,2,0.003
put-down,salami,2,0.003
get-on,cheese,2,0.003
close,paste:garlic,2,0.003
close,paste:miso,2,0.003
put-down,saucepan:large,2,0.003
get-from,oil,2,0.003
put-down,shaker,2,0.003
stir-with,soup,2,0.003
stir-in,potato,2,0.003
stir-in,pistachio,2,0.003
stir-in,piece:meat,2,0.003
put-down,slice:mozzarella,2,0.003
close,pot:moka,2,0.003
put-down,slicer:onion,2,0.003
get,wrap:plastic,2,0.003
put-down,rug,2,0.003
get-out,bag,2,0.003
grab,board:chopping,2,0.003
put-down,pitcher,2,0.003
grab,bit:carrot,2,0.003
stretch-out,dough,2,0.003
close,packet:cheese,2,0.003
put-down,piece:food:processor,2,0.003
grab,banana,2,0.003
grab,ball:dough,2,0.003
grab,bag:spaghetti,2,0.003
straighten-out,edge:dough,2,0.003
stop,grinder:coffee,2,0.003
close,packing:oat,2,0.003
grab,almond,2,0.003
get-with,water,2,0.003
put-down,powder:curry,2,0.003
put-down,rack:knife,2,0.003
store,bowl,2,0.003
store,bag,2,0.003
switch-on,tap:water,2,0.003
put-down,lettuce,2,0.003
close,flap,2,0.003
grab,opener:bottle,2,0.003
halve,lemon,2,0.003
take,broccoli:tenderstem,2,0.003
take,bread:toast,2,0.003
close,juice,2,0.003
grind-into,salt,2,0.003
grate-onto,pepper,2,0.003
take,box:lunch,2,0.003
take,box:fruit,2,0.003
grate-on,cheese,2,0.003
put-down,control:remote,2,0.003
close,lid:bin,2,0.003
put-down,coriander,2,0.003
put-down,counter,2,0.003
grate-into,ginger,2,0.003
put-down,cream,2,0.003
put-down,cube:stock,2,0.003
take,bottle:soy:sauce,2,0.003
halve,onion,2,0.003
put-down,cleaner,2,0.003
hand,cloth,2,0.003
close,ham,2,0.003
take,cloth:washing,2,0.003
put-down,bread:pitta,2,0.003
put-down,breadstick,2,0.003
hang-up,towel:tea,2,0.003
put-down,brush:washing:up,2,0.003
take,cleaner,2,0.003
hang-up,mug,2,0.003
put-down,cafetiere,2,0.003
take,cafetiere,2,0.003
put-down,cap,2,0.003
put-down,cap:bottle,2,0.003
put-down,carton:egg,2,0.003
close,jar:honey,2,0.003
put-down,celery,2,0.003
put-down,cellar:salt,2,0.003
put-down,chilli,2,0.003
grab,tray:baking,2,0.003
take,bottle:milk,2,0.003
grab,towel:tea,2,0.003
put-down,jar:honey,2,0.003
grab,plug,2,0.003
grab,plastic,2,0.003
put-down,holder:filter,2,0.003
put-down,hummus,2,0.003
close,mayonnaise,2,0.003
put-down,infuser:tea,2,0.003
grab,piece:cucumber,2,0.003
put-down,jar:pepper,2,0.003
grab,potato,2,0.003
grab,piece:carrot,2,0.003
put-down,juice:fruit,2,0.003
put-down,kale,2,0.003
grab,peanut,2,0.003
grab,pancake,2,0.003
grab,package,2,0.003
grab,oregano,2,0.003
put-down,grinder:coffee,2,0.003
take,bag:mozzarella,2,0.003
take,pack:meat,2,0.003
put-down,food,2,0.003
take,bit:onion,2,0.003
take,biscuit,2,0.003
grab,soap,2,0.003
take,beer,2,0.003
put-down,flatware,2,0.003
grab,skin:onion,2,0.003
take,basket,2,0.003
put-down,fork:wooden,2,0.003
put-down,grater:cheese,2,0.003
take,basil,2,0.003
put-down,fruit,2,0.003
grab,salmon,2,0.003
close,lid:tupperware,2,0.003
put-down,glass:wine,2,0.003
grab,roll:paper,2,0.003
grab,remote,2,0.003
hold-down,meat,2,0.003
insert,whisk,2,0.003
take,pack:pasta,2,0.003
take-out,egg,2,0.003
pour-into,tomato,2,0.003
pour-into,vegetable,2,0.003
pour-into,vinegar:rice,2,0.003
take-out,dish,2,0.003
pour-into,water:tonic,2,0.003
pour-into,wine,2,0.003
pour-into,wine:cooking,2,0.003
take-out,cup:measuring,2,0.003
pour-on,berry,2,0.003
pour-on,egg,2,0.003
clean,filter:sink,2,0.003
take-out,corn,2,0.003
take-out,core,2,0.003
pour-on,pepper,2,0.003
take-out,coffee,2,0.003
clean,floor,2,0.003
take-out,clothes,2,0.003
take-out,chicken,2,0.003
pour-on,vinegar,2,0.003
clean,filter:coffee,2,0.003
take-out,food,2,0.003
pull,wire:kettle,2,0.003
take-out,fridge,2,0.003
take-out,package,2,0.003
take-out,onion,2,0.003
clean,carrot,2,0.003
pour-into,lettuce,2,0.003
look-at,bun:steamed,2,0.003
take-out,lid,2,0.003
look-at,bottle:milk,2,0.003
take-out,lettuce,2,0.003
take-out,leek,2,0.003
take-out,kale,2,0.003
clean,cover,2,0.003
take-out,jar,2,0.003
pour-into,pan,2,0.003
pour-into,passata,2,0.003
pour-into,pistachio,2,0.003
pour-into,potato,2,0.003
take-out,heart,2,0.003
pour-into,powder:biscuit,2,0.003
pour-into,powder:cocoa,2,0.003
pour-on,water,2,0.003
take-out,cheese:feta,2,0.003
pour-onto,flour,2,0.003
take-out,broccoli,2,0.003
lift-off,foil,2,0.003
press,curry,2,0.003
press,oat,2,0.003
clean,maker:coffee,2,0.003
clean,meat,2,0.003
press,pepper,2,0.003
take-off,film:cling,2,0.003
lift,thermometer,2,0.003
press-down,aeropress,2,0.003
press-down,lid,2,0.003
press-in,garlic,2,0.003
take-off,bit:carrot,2,0.003
press-on,meat,2,0.003
take-of,lid:pot,2,0.003
pull,door:microwave,2,0.003
lift,lid:pan,2,0.003
pull,finger:rubber:glove,2,0.003
take-in,mug,2,0.003
lift,holder:napkin,2,0.003
press,biscuit,2,0.003
press,ball:dough,2,0.003
press,bag,2,0.003
pour-out,pasta,2,0.003
pour-onto,oil,2,0.003
pour-onto,oil:olive,2,0.003
lift-up,bowl:washing:up,2,0.003
pour-onto,rice,2,0.003
pour-out,bottle,2,0.003
take-out,board:cutting,2,0.003
take-out,basket,2,0.003
take-out,avocado,2,0.003
pour-out,sauce:black:bean,2,0.003
take-off,onion,2,0.003
take-off,wrap:plastic,2,0.003
take-off,sticker,2,0.003
pour-out,water:remaining,2,0.003
clean,lime,2,0.003
pour-over,spice,2,0.003
pour-over,water,2,0.003
take-off,pizza,2,0.003
take-off,piece:tofu,2,0.003
take-out,package:cheese,2,0.003
look-at,instruction,2,0.003
clean,cafetiere,2,0.003
look-inside,bottle:milk,2,0.003
tear,paper:foil,2,0.003
tear,floret:broccoli,2,0.003
tear,broccoli,2,0.003
chop,lettuce,2,0.003
mark,dough,2,0.003
pour,oat,2,0.003
taste,squash,2,0.003
pour,oregano,2,0.003
pour,pea,2,0.003
pour,pesto,2,0.003
chop,piece:broccoli,2,0.003
taste,curry,2,0.003
pour,raisin,2,0.003
pour,salad,2,0.003
chop,salad,2,0.003
chop,slice:pepper,2,0.003
tap-off,water,2,0.003
tap-against,ladle,2,0.003
look-inside,oven,2,0.003
pour,liquid:dishwashing,2,0.003
pour,liquid:cleaning,2,0.003
chop,kiwi,2,0.003
chop,fish,2,0.003
throw,bottle:oil,2,0.003
plug,plug,2,0.003
chop,chicken,2,0.003
throw,bit:plastic,2,0.003
measure-in,coconut,2,0.003
position,filter,2,0.003
position,grill,2,0.003
pour,almond,2,0.003
test,knife,2,0.003
pour,juice,2,0.003
pour,caper,2,0.003
test,blade,2,0.003
pour,courgette,2,0.003
pour,dressing:salad,2,0.003
pour,egg:whisked,2,0.003
pour,extract:vanilla,2,0.003
pour,food,2,0.003
pour,glass:wine,2,0.003
pour,vegetable,2,0.003
look-in,sink,2,0.003
pour-into,cheese:grated,2,0.003
tap,meat,2,0.003
look-at,tub,2,0.003
take-out,tomato:cherry,2,0.003
take-out,tea,2,0.003
chuck-into,carrot,2,0.003
take-out,spice,2,0.003
pour-in,pepper,2,0.003
take-out,slice:toast:bread,2,0.003
take-out,skin,2,0.003
pour-in,powder:curry,2,0.003
take-out,sausage,2,0.003
pour-in,sauce:tomato,2,0.003
pour-in,smoothie,2,0.003
pour-in,soap,2,0.003
pour-in,softener,2,0.003
look-at,packet:tablet,2,0.003
clean,basin,2,0.003
pour-in,water:hot,2,0.003
pour-inside,water,2,0.003
clean,bowl:glass,2,0.003
take-out,tomato:sun:dried,2,0.003
take-out,tray:baking,2,0.003
take-out,tray:oven,2,0.003
pour-from,meat,2,0.003
tap,knife:paring,2,0.003
tap,grater,2,0.003
tap,finger,2,0.003
pour-down,onion,2,0.003
tap,dough,2,0.003
tap,bottle:milk,2,0.003
pour-from,juice:lemon,2,0.003
look-in,cupboard,2,0.003
look-for,tub,2,0.003
take-out,tuna,2,0.003
take-with,dish,2,0.003
pour-from,oil:olive,2,0.003
pour-from,onion,2,0.003
pour-from,sauce:tahini,2,0.003
take-out,yoghurt,2,0.003
look-for,cupboard,2,0.003
look-for,bag,2,0.003
chop-off,top,2,0.003
clean,onion,2,0.003
pull-down,cup,2,0.003
take,package,2,0.003
put,humus,2,0.003
put,jar:sugar,2,0.003
put,jeera,2,0.003
take,scale,2,0.003
put,knife:mincing,2,0.003
take,saucepan:small,2,0.003
take,sauce:pesto,2,0.003
take,sauce:fish,2,0.003
clean-with,floor,2,0.003
put,lid:box,2,0.003
put,lid:pan,2,0.003
take,sandwich,2,0.003
take,salmon,2,0.003
inspect,belly:pork,2,0.003
take,rest:teabag,2,0.003
put,meat,2,0.003
put,mushroom,2,0.003
insert-in,coffee,2,0.003
clean-with,table,2,0.003
put-down,square:paper,2,0.003
take,seed:cumin,2,0.003
put,hummus,2,0.003
pull-from,lid,2,0.003
take,short:boxer,2,0.003
lather,carafe,2,0.003
put,cupboard,2,0.003
lather,board:chopping,2,0.003
clean,washing,2,0.003
take,spray:cleaning,2,0.003
put,drawer,2,0.003
put,dustpan,2,0.003
put,end:tomato,2,0.003
put,film:cling,2,0.003
julienne,carrot,2,0.003
clean-around,sink,2,0.003
put,fish,2,0.003
put,foil,2,0.003
inspect,towel:tea,2,0.003
inspect,saucepan,2,0.003
inspect,potato,2,0.003
put,ginger,2,0.003
take,skin:garlic,2,0.003
take,skin:banana,2,0.003
put,oregano,2,0.003
clean-with,water,2,0.003
put,package,2,0.003
take,pot:tea,2,0.003
close,bag:cereal,2,0.003
take,parmesan,2,0.003
put,roll:kitchen,2,0.003
take,paper:tissue,2,0.003
put,rusk,2,0.003
put,sauce:fish,2,0.003
take,pak,2,0.003
put,saucer,2,0.003
hone,knife,2,0.003
put,seed:cumin,2,0.003
take,packet:crisp,2,0.003
close,bag:rice,2,0.003
take,package:sausage,2,0.003
take,package:bread,2,0.003
take,package:blueberry,2,0.003
hold-onto,saucepan,2,0.003
hold-onto,pan,2,0.003
hold-onto,handle:saucepan,2,0.003
hold-onto,handle:pan,2,0.003
take,pea,2,0.003
increase,flow:tap,2,0.003
insert,blade:chopping,2,0.003
take,plastic,2,0.003
put,package:pasta,2,0.003
insert,support,2,0.003
clean-with,water:tap,2,0.003
put,paper,2,0.003
put,paprika,2,0.003
put,parmesan,2,0.003
insert,slice:bread,2,0.003
insert,pot,2,0.003
insert,holder:coffee,2,0.003
close,app,2,0.003
insert,grid,2,0.003
take,piece:onion,2,0.003
put,piece:cutlery,2,0.003
insert,cup,2,0.003
put,plate:salad,2,0.003
insert,container,2,0.003
insert,capsule,2,0.003
close,almond,2,0.003
lather,chopstick,2,0.003
lather,colander:soap,2,0.003
lather,container:soap,2,0.003
push-into,dough,2,0.003
push,bin,2,0.003
clean,part:teapot,2,0.003
push,bottle,2,0.003
push,bowl,2,0.003
clean,peeler,2,0.003
take-from,cup,2,0.003
push,door:cupboard,2,0.003
push,door:oven,2,0.003
take-from,cucumber,2,0.003
push,lever:toaster,2,0.003
push,rice,2,0.003
take-from,chilli,2,0.003
let,pan,2,0.003
push-down,battery,2,0.003
push-down,door:dishwasher,2,0.003
let,handle:saucepan,2,0.003
take-from,cheese,2,0.003
push-down,salmon,2,0.003
push-into,ball:dough,2,0.003
push,aeropress,2,0.003
pump-onto,soap,2,0.003
take-from,garbage,2,0.003
take-from,mustard,2,0.003
take-from,salami,2,0.003
lift,foil:silver,2,0.003
pull-off,stalk,2,0.003
take-from,pan,2,0.003
take-from,package:popcorn,2,0.003
take-from,package:cookie,2,0.003
pull-out,carrot,2,0.003
take-from,oil,2,0.003
lift,base:coffee:machine,2,0.003
take-from,garlic,2,0.003
pull-out,drawer:fridge,2,0.003
pull-out,drawer:vegetable,2,0.003
take-from,meat,2,0.003
take-from,knife,2,0.003
take-from,hummus,2,0.003
pull-out,towel:tea,2,0.003
pull-out,tray,2,0.003
pull-out,tupperware,2,0.003
take-from,butter,2,0.003
take-from,bread:toast,2,0.003
put,cucumber:cut,2,0.003
take-from,bread:pitta,2,0.003
put,breast:chicken,2,0.003
take,tortilla,2,0.003
take,tongs,2,0.003
take,tomato:chopped,2,0.003
put,cap:sink,2,0.003
clean,surface:kitchen,2,0.003
put,carafe,2,0.003
lather,scoop,2,0.003
take,tin:chopped:tomato,2,0.003
lather,knife:mincing,2,0.003
take,teabag,2,0.003
put,cob,2,0.003
put,coconut,2,0.003
take,support:pan,2,0.003
take,supplement,2,0.003
lather,cutlery,2,0.003
put,cover:plate,2,0.003
take,steak,2,0.003
put,cube:stock,2,0.003
clean,spoon:wooden,2,0.003
put,bowl:washing,2,0.003
put,bowl:dough,2,0.003
put,base:pizza,2,0.003
take-from,bottle:tonic:water,2,0.003
take-from,bottle:milk,2,0.003
put,almond,2,0.003
leave-in,spoon:wooden,2,0.003
take-from,bag,2,0.003
put,bag:pine:nut,2,0.003
put,bag:plastic,2,0.003
take,wrap:elastic,2,0.003
put,basket,2,0.003
put,bottle:vinegar,2,0.003
clean,sauce:soy,2,0.003
take,wok,2,0.003
clean,scissors,2,0.003
leave,knife,2,0.003
clean,sink:water,2,0.003
lay-out,dough,2,0.003
take,turmeric,2,0.003
put,bottle:sauce,2,0.003
stir-in,chicken,2,0.003
stir,ingredient:pan,2,0.003
put-down,squash,2,0.003
put-onto,meat,2,0.003
empty,infuser:tea,2,0.003
separate,piece:tofu,2,0.003
separate,piece:cucumber,2,0.003
separate,piece:carrot,2,0.003
separate,onion:spring,2,0.003
put-onto,glass,2,0.003
put-onto,glass:wine,2,0.003
empty,food,2,0.003
put-onto,lid:saucepan,2,0.003
put-onto,mesh,2,0.003
scrape-with,butter,2,0.003
put-onto,mixture,2,0.003
separate,choi:pak,2,0.003
separate,bun,2,0.003
put-onto,omelette,2,0.003
select,temperature,2,0.003
select,setting:oven,2,0.003
put-onto,peeler,2,0.003
put-onto,piece:bread,2,0.003
put-onto,piece:lemon:squeezer,2,0.003
put-onto,cover,2,0.003
put-onto,chicken,2,0.003
put-onto,cheese,2,0.003
serve,curry,2,0.003
cut-into,slice:mozzarella,2,0.003
put-on,teapot,2,0.003
put-on,teaspoon,2,0.003
put-on,thyme,2,0.003
put-on,tin,2,0.003
cut-off,bag:carrot:packing,2,0.003
set-off,alarm,2,0.003
set-down,pot:coffee,2,0.003
put-on,topping,2,0.003
set,timer:oven,2,0.003
put-on,tuna,2,0.003
set,machine:sous:vide,2,0.003
put-on,wrap,2,0.003
put-onto,bin,2,0.003
serve,paneer:saag,2,0.003
put-onto,bottle,2,0.003
empty,milk,2,0.003
put-onto,bread,2,0.003
put-onto,breast:chicken,2,0.003
put-onto,piece:onion,2,0.003
empty,curd:cheese,2,0.003
put-onto,sausage,2,0.003
scrub,sink,2,0.003
rearrange,onion,2,0.003
rearrange,pepperoni,2,0.003
empty,box:lunch,2,0.003
rearrange,pot,2,0.003
dice,tofu,2,0.003
dip,carrot,2,0.003
scrub,lid,2,0.003
remove,apron,2,0.003
scrub,cutlery,2,0.003
dispose-of,coffee,2,0.003
distribute,basil,2,0.003
eat,slice:potato,2,0.003
remove,clothes,2,0.003
remove,clove:garlic,2,0.003
screw,section:coffee:maker,2,0.003
distribute,mincemeat,2,0.003
remove,cream,2,0.003
distribute,mixture:cheese,2,0.003
remove,end:tomato,2,0.003
rearrange,leek,2,0.003
rearrange,egg,2,0.003
put-onto,slice:cheese,2,0.003
rearrange,cover:plate,2,0.003
search-for,plate,2,0.003
put-onto,tortilla,2,0.003
empty,content:bowl,2,0.003
cut-with,cheese,2,0.003
empty,container,2,0.003
search,spoon,2,0.003
put-to,salt,2,0.003
put-under,pan,2,0.003
search,cover,2,0.003
search,bowl,2,0.003
put-unto,towel,2,0.003
seal,container:food,2,0.003
empty,cheese,2,0.003
raise,lid,2,0.003
read,geographic:national,2,0.003
read,label,2,0.003
scrub-inside,glass,2,0.003
read,temperature:thermometer,2,0.003
scrub,tupperware,2,0.003
shake,blackberry,2,0.003
shake,blender,2,0.003
put-on,steak,2,0.003
feel,piece:tofu,2,0.003
feel,bun:bao,2,0.003
cut,slice:lemon,2,0.003
put-on,grill,2,0.003
feel,bread,2,0.003
feel,board:chopping,2,0.003
shake,vegetable,2,0.003
shake,tub:tupperware,2,0.003
shake,tray,2,0.003
shake,towel:tea,2,0.003
put-on,juicer:lime,2,0.003
shake,tomato:chopped,2,0.003
put-on,leek,2,0.003
shake,stirrer,2,0.003
put-on,lid:container,2,0.003
cut,stick:crab,2,0.003
cut,tablet:rennet,2,0.003
put-on,lid:pot,2,0.003
put-on,lid:saucepan,2,0.003
cut,tofu,2,0.003
feel,end:thermometer,2,0.003
put-on,flour,2,0.003
shake,rest:spoon,2,0.003
feel,temperature:bowl,2,0.003
fill,box:carrot,2,0.003
fill,bowl:washing:up,2,0.003
fill,bowl:salad,2,0.003
put-on,chilli,2,0.003
put-on,chorizo,2,0.003
fill,bottle:water,2,0.003
put-on,clove:garlic,2,0.003
cut,sauce,2,0.003
put-on,container,2,0.003
shape,dough,2,0.003
fill,bin,2,0.003
put-on,corncob,2,0.003
fetch,onion,2,0.003
shake-out,water,2,0.003
feel,towel:tea,2,0.003
cut,skin:potato,2,0.003
put-on,egg,2,0.003
put-on,film,2,0.003
put-on,filter,2,0.003
put-on,liquid:cleaning,2,0.003
put-on,meat:mix,2,0.003
shake,bowl:salad,2,0.003
shake,drink:almond,2,0.003
cut-into,dough,2,0.003
put-on,salad,2,0.003
put-on,salami,2,0.003
empty,teapot,2,0.003
put-on,sauce:pesto,2,0.003
put-on,sauce:soy,2,0.003
shake,courgette,2,0.003
shake,container:salt,2,0.003
put-on,sausage,2,0.003
cut-into,fish,2,0.003
put-on,shelf,2,0.003
put-on,short,2,0.003
empty,strainer,2,0.003
shake,chicken,2,0.003
put-on,slicer,2,0.003
shake,capsule,2,0.003
empty,rice,2,0.003
put-on,spatula,2,0.003
put-on,spinner:salad,2,0.003
put-on,rest:teabag,2,0.003
cut-into,cucumber,2,0.003
shake,pot:first,2,0.003
put-on,pot:teapot,2,0.003
shake,plate,2,0.003
put-on,mixture,2,0.003
shake,pasta,2,0.003
put-on,oil:chilli,2,0.003
shake,onion,2,0.003
put-on,olive,2,0.003
ensure,sink,2,0.003
cut-in,cheese,2,0.003
put-on,packaging,2,0.003
put-on,pan:cast:iron,2,0.003
shake,milk,2,0.003
put-on,patty,2,0.003
put-on,patty:tuna,2,0.003
cut-in,slice:bread,2,0.003
put-on,piece:lemon:squeezer,2,0.003
put-on,piece:onion,2,0.003
shake,knife,2,0.003
put-on,plastic,2,0.003
shake,juice,2,0.003
eat,roll:sausage,2,0.003
eat,potato:sweet,2,0.003
stir-in,butter,2,0.003
roll-into,dough,2,0.003
rinse,cucumber,2,0.003
rinse,cup:small,2,0.003
roll-out,foil:transparent,2,0.003
dry,ham,2,0.003
rinse,front:plate,2,0.003
rinse,funnel,2,0.003
dry,grill,2,0.003
roll-out,ball:dough,2,0.003
dry,floor,2,0.003
dry,cutlery,2,0.003
remove,ladder,2,0.003
rinse,guard,2,0.003
rinse,guard:hand,2,0.003
rinse,holder:coffee,2,0.003
rinse,infuser:tea,2,0.003
dry,colander,2,0.003
dry,box,2,0.003
roll,lemon,2,0.003
dry,apple,2,0.003
drop-on,floor,2,0.003
rotate,board:chopping,2,0.003
rinse,corn:sweet,2,0.003
rinse,coriander,2,0.003
dry,knife:mincing,2,0.003
rub-on,oil,2,0.003
drain-into,pan,2,0.003
rotate-around,dough,2,0.003
rotate,thermometer,2,0.003
dry,ramekin,2,0.003
rotate,slice:bread,2,0.003
rinse,bottle:milk,2,0.003
dry,pot:coffee,2,0.003
dry,pan:frying,2,0.003
rinse,can:tin,2,0.003
rinse,cap,2,0.003
rinse,cap:sink,2,0.003
dry,lime,2,0.003
rinse,carrot,2,0.003
dry,lid:saucepan,2,0.003
rotate,dough,2,0.003
rotate,cucumber,2,0.003
rinse,chopstick,2,0.003
rinse,cloth:wiping,2,0.003
rinse,lid:bottle,2,0.003
drink,gin,2,0.003
rinse,lid:pot,2,0.003
rinse,presser,2,0.003
rinse,rag:dish,2,0.003
rinse,ramekin,2,0.003
rinse,rim:jar,2,0.003
drizzle-on,oil:olive,2,0.003
drop,piece:courgette,2,0.003
drop,piece:carrot,2,0.003
rinse,scoop,2,0.003
rinse-off,knife,2,0.003
drop,onion,2,0.003
rinse,slicer,2,0.003
rinse,spatula:wooden,2,0.003
drop,leek,2,0.003
rinse,wool:steel,2,0.003
rinse,tub:tupperware,2,0.003
rinse,strainer:teapot,2,0.003
rinse,towel,2,0.003
rinse,tap,2,0.003
rinse,tongs,2,0.003
rinse,tong,2,0.003
rinse-off,spoon,2,0.003
drop,sponge,2,0.003
drop-into,yoghurt,2,0.003
rinse-out,bowl:washing:up,2,0.003
rinse,lid:tin,2,0.003
roll,bowl:dough,2,0.003
drop-into,peanut,2,0.003
rinse,moka,2,0.003
rinse,mould:cake,2,0.003
rinse,package,2,0.003
drop-into,floret,2,0.003
rinse,pad:scouring,2,0.003
drop-into,cucumber,2,0.003
drop-into,cube:ice,2,0.003
rip,meat:open,2,0.003
rinse,part:juicer,2,0.003
drop-into,ball:dough,2,0.003
rip,foil,2,0.003
drop-in,floret,2,0.003
rinse,piece:pepper,2,0.003
rinse,pin:rolling,2,0.003
drop-in,carrot,2,0.003
rinse-out,glass,2,0.003
drain-from,water,2,0.003
rub-over,flour,2,0.003
return,scissors,2,0.003
distribute-onto,piece:pepper,2,0.003
divide,meat:mince,2,0.003
remove,seal:clip:top:jar,2,0.003
eat,bread:pitta,2,0.003
remove,seed:squash,2,0.003
scrape-into,garlic,2,0.003
remove,short,2,0.003
remove,skin:fish,2,0.003
dry-with,spatula,2,0.003
scrape-from,tuna,2,0.003
remove,stopper,2,0.003
remove,support:pan,2,0.003
scrape,stock,2,0.003
scrape,starter,2,0.003
dry-off,knife,2,0.003
remove,wrapper,2,0.003
remove-from,band:rubber,2,0.003
scrape,pot,2,0.003
scrape,pestle,2,0.003
drag-around,spatula,2,0.003
remove,rubbish,2,0.003
eat,bun:steamed,2,0.003
remove-from,chopstick,2,0.003
eat,chunk:pork:belly,2,0.003
remove,leaf:lettuce,2,0.003
eat,piece:carrot,2,0.003
eat,peanut,2,0.003
remove,middle:pepper,2,0.003
scrape-on,knife,2,0.003
distribute,plate:pasta,2,0.003
distribute-in,meat,2,0.003
distribute-in,mixture,2,0.003
scrape-off,carrot,2,0.003
remove,pancake,2,0.003
eat,curd:cheese,2,0.003
scrape-off,bit:garlic,2,0.003
remove,part:pepper:piece,2,0.003
scrape-into,vegetable,2,0.003
remove,pit,2,0.003
remove,pith,2,0.003
remove,pizza,2,0.003
remove,plastic,2,0.003
remove,plate,2,0.003
remove-from,cheese,2,0.003
drain,berry,2,0.003
scoop,avocado,2,0.003
remove-from,tin,2,0.003
remove-from,tray,2,0.003
drain,oil,2,0.003
scoop-into,tea,2,0.003
drain,pan,2,0.003
scoop,tahini,2,0.003
scoop,spoon:yeast,2,0.003
replace,lid,2,0.003
scoop,spoon:sugar,2,0.003
reposition,grill,2,0.003
rest-on,blender,2,0.003
scoop,powder:cocoa,2,0.003
restart,microwave,2,0.003
return,bag,2,0.003
scoop,oat,2,0.003
return,bowl,2,0.003
scoop,eggshell,2,0.003
scoop,dough,2,0.003
scoop,curd:cheese,2,0.003
scoop,biscuit,2,0.003
remove-from,top,2,0.003
drain,mushroom,2,0.003
scrape,fry:stir,2,0.003
remove-from,spoon,2,0.003
scrape,curd:lemon,2,0.003
remove-from,cube:stock,2,0.003
drain,board:cutting,2,0.003
remove-from,dough,2,0.003
remove-from,film,2,0.003
dry,utensil,2,0.003
drain,colander,2,0.003
remove-from,knife,2,0.003
scour,pot,2,0.003
scour,fork,2,0.003
remove-from,meat,2,0.003
dry,tomato,2,0.003
score,dough,2,0.003
scoop-up,trash,2,0.003
remove-from,piece:garlic,2,0.003
remove-from,plastic,2,0.003
scoop-up,food,2,0.003
scoop-up,curd:cheese,2,0.003
dry,stove,2,0.003
sheathe,knife,2,0.003
put-on,cap,2,0.003
shovel-up,onion,2,0.003
get,cereal,2,0.003
cover,lid,2,0.003
put-in,lid:yoghurt,2,0.003
put-in,lime,2,0.003
put-in,liquid,2,0.003
cover,processor:food,2,0.003
get,chilli,2,0.003
squash,carton:soy:milk,2,0.003
put-in,mould:cake,2,0.003
put-in,mozzarella,2,0.003
put-in,mushroom,2,0.003
cut,plate:pasta,2,0.003
put-in,nesquik,2,0.003
put-in,noodle,2,0.003
cover,sauce,2,0.003
sprinkle-onto,salt,2,0.003
put-in,oatmeal,2,0.003
put-in,oil:olive,2,0.003
sprinkle-onto,mozzarella,2,0.003
sprinkle-onto,cheese,2,0.003
get,butter,2,0.003
get,cube:stock,2,0.003
squeeze,juice:lemon,2,0.003
squeeze,lettuce,2,0.003
put-in,jug:measuring,2,0.003
squeeze-onto,soap,2,0.003
put-in,filter:coffee,2,0.003
put-in,foil,2,0.003
put-in,food:leftover,2,0.003
get,ginger,2,0.003
get,garlic:more,2,0.003
get,foil:aluminium,2,0.003
squeeze-into,dough,2,0.003
squeeze-in,dough,2,0.003
put-in,grass:lemon,2,0.003
put-in,grater:cheese,2,0.003
put-in,gravy,2,0.003
get,filter,2,0.003
squeeze,roll:kitchen,2,0.003
cover,colander,2,0.003
squeeze,press,2,0.003
put-in,holder:teabag,2,0.003
squeeze,paste:garlic,2,0.003
get,detergent,2,0.003
sprinkle-on,oregano,2,0.003
put-in,pack:tea,2,0.003
put-in,package:cheese,2,0.003
put-in,piece:lime,2,0.003
put-in,plastic,2,0.003
crack-on,egg,2,0.003
spread-on,honey,2,0.003
spread-on,cheese,2,0.003
spread-in,olive,2,0.003
spread,water,2,0.003
crumble,packaging,2,0.003
spread,pesto,2,0.003
spread,onion:chopped,2,0.003
spread,oil:olive,2,0.003
spread,mixture:passata,2,0.003
put-in,salad:cucumber,2,0.003
spread,jam,2,0.003
put-in,salsa,2,0.003
spread,garlic,2,0.003
put-in,sauce:pesto,2,0.003
gather,skin:onion,2,0.003
spread,cheese,2,0.003
gather,piece:onion:skin,2,0.003
crack-into,egg:open,2,0.003
put-in,piece:ginger,2,0.003
sprinkle-on,flake:chilli,2,0.003
put-in,piece:cucumber,2,0.003
put-in,packaging:pizza:base,2,0.003
cover,toaster,2,0.003
put-in,packet:crisp,2,0.003
get,bowl:glass,2,0.003
put-in,pancake,2,0.003
put-in,paprika,2,0.003
get,bowl:food:processor,2,0.003
sprinkle,chilli,2,0.003
put-in,patty:tuna,2,0.003
put-in,pea,2,0.003
put-in,peeler,2,0.003
put-in,peeling,2,0.003
put-in,peeling:carrot,2,0.003
sprinkle,bacon,2,0.003
put-in,pepper:bell,2,0.003
spread-over,flour,2,0.003
spread-onto,mozzarella,2,0.003
put-in,piece:carrot,2,0.003
get,bottle,2,0.003
squeeze-out,air,2,0.003
put-in,film:cling,2,0.003
squeeze-out,curry,2,0.003
put-down,tray:second,2,0.003
put-down,tub:tupperware,2,0.003
get,spade,2,0.003
put-down,tupperware:butter,2,0.003
put-down,tupperware:sugar,2,0.003
put-down,v60,2,0.003
stir,paste:spice,2,0.003
stir,pan:content,2,0.003
stir,oatmeal,2,0.003
close,tortilla,2,0.003
get,sauce:soy,2,0.003
put-in,artichoke,2,0.003
close,turmeric,2,0.003
put-in,avocado,2,0.003
stir,mixture:egg:flour,2,0.003
put-in,bag:cheese,2,0.003
close,vinegar:rice,2,0.003
stir,meat:minced,2,0.003
put-in,bagel,2,0.003
play,music,2,0.003
put-down,tray:steamer,2,0.003
put-down,tray:plastic,2,0.003
put-in,berry,2,0.003
close,supplement,2,0.003
get,water,2,0.003
put-down,stick:cocktail,2,0.003
stir-fry,meat,2,0.003
stir,yoghurt,2,0.003
get,vinegar,2,0.003
put-down,strainer:sink,2,0.003
put-down,support:pan,2,0.003
put-down,sweetcorn,2,0.003
get,tissue,2,0.003
get,thyme,2,0.003
stir,tea,2,0.003
stir,squash,2,0.003
put-down,toast,2,0.003
close,sauce:soy,2,0.003
get,spoonful:yoghurt,2,0.003
put-down,toothpick,2,0.003
put-down,top,2,0.003
stir,salmon,2,0.003
close,sugar,2,0.003
put-in,bean,2,0.003
put-in,blender:hand,2,0.003
cool,handle,2,0.003
put-in,chopstick,2,0.003
stack,cucumber,2,0.003
stack,box,2,0.003
put-in,coconut,2,0.003
stab,bagel,2,0.003
get,moka,2,0.003
put-in,corn,2,0.003
squirt,washing,2,0.003
put-in,crumb,2,0.003
squirt,oil:chilli,2,0.003
put-in,cube:stock,2,0.003
get,mat:place,2,0.003
get,loaf:bread,2,0.003
get,liquid,2,0.003
squidge-into,box:lunch,2,0.003
squidge,patty:tuna,2,0.003
get,leaf:spinach,2,0.003
put-in,drainer,2,0.003
put-in,drink,2,0.003
get,leaf:mint,2,0.003
put-in,cilantro,2,0.003
put-in,cherry,2,0.003
get,potato:baby,2,0.003
put-in,cheese:feta,2,0.003
stir,cream,2,0.003
collect,residue:food,2,0.003
stir,content:frying:pan,2,0.003
put-in,bowl:glass,2,0.003
put-in,bowl:plate,2,0.003
get,piece:garlic,2,0.003
stir,bacon,2,0.003
compress,mixture,2,0.003
put-in,box:tomato,2,0.003
put-in,bread:pitta,2,0.003
put-in,breast:chicken,2,0.003
start,processor,2,0.003
compress-in,meat,2,0.003
put-in,burger:tuna,2,0.003
put-in,butter:peanut,2,0.003
put-in,cabbage,2,0.003
start,fan,2,0.003
start,dishwasher,2,0.003
put-in,celery,2,0.003
spray,product,2,0.003
put-in,sink,2,0.003
put-in,skin,2,0.003
find,garlic,2,0.003
cut,leaf,2,0.003
slide-into,tray:baking,2,0.003
fill-with,water,2,0.003
put-into,peeler,2,0.003
put-into,piece:broccoli,2,0.003
slide-into,board:chopping,2,0.003
put-into,piece:fish,2,0.003
slide-into,battery,2,0.003
put-into,piece:lemon:squeezer,2,0.003
put-into,piece:tofu,2,0.003
put-into,piece:vegetable,2,0.003
put-into,pizza,2,0.003
put-into,pod:coffee,2,0.003
fill-with,cup,2,0.003
put-into,potato,2,0.003
put-into,rack,2,0.003
put-into,raisin,2,0.003
fill-with,bowl:rice:cooker,2,0.003
put-into,rubbish,2,0.003
slide-onto,pie,2,0.003
fit,filter,2,0.003
slice-with,sausage,2,0.003
smell,passata,2,0.003
flip,grinder:coffee,2,0.003
put-into,cupboard,2,0.003
put-into,curry,2,0.003
flip,food,2,0.003
sort,cutlery,2,0.003
put-into,filter,2,0.003
put-into,floret,2,0.003
soap,cutlery,2,0.003
put-into,fragment:fish,2,0.003
soap,bowl,2,0.003
put-into,jam,2,0.003
put-into,jeera,2,0.003
put-into,jug,2,0.003
flatten,box,2,0.003
sniff,starter,2,0.003
flatten,bottle,2,0.003
put-into,masala,2,0.003
smell,towel:tea,2,0.003
cut,ginger,2,0.003
fill-up,pot,2,0.003
put-into,sink,2,0.003
put-into,cover:plastic,2,0.003
slice,choi:pak,2,0.003
slice,cake,2,0.003
put-on,blender,2,0.003
put-on,block:chopping,2,0.003
put-on,blueberry,2,0.003
fill,jug,2,0.003
cut,piece:ginger,2,0.003
cut,piece:pepper,2,0.003
put-on,bottle,2,0.003
slice,aubergine,2,0.003
put-on,bowl:large,2,0.003
skin,potato,2,0.003
put-on,bowl:salad,2,0.003
skin,garlic,2,0.003
sit-on,chair,2,0.003
put-on,bread:pitta,2,0.003
put-on,breadstick,2,0.003
put-on,broccoli,2,0.003
put-on,bun,2,0.003
put-on,bun:bao,2,0.003
cut,piece:corn,2,0.003
cut,packet,2,0.003
put-into,slice:pizza,2,0.003
fill,mug,2,0.003
slice-into,pepper,2,0.003
put-into,spade,2,0.003
fill-up,cup,2,0.003
cut,melon,2,0.003
slice,squash,2,0.003
put-into,tablecloth,2,0.003
slice,sandwich,2,0.003
cut,omelette,2,0.003
put-into,thermometer,2,0.003
fill-up,bottle:water,2,0.003
put-into,towel:kitchen,2,0.003
fill,water,2,0.003
cut,package:bread,2,0.003
cut,package:mozzarella,2,0.003
put-of,box:carrot,2,0.003
slice,half:onion,2,0.003
slice,end:carrot,2,0.003
put-on,aeropress,2,0.003
put-on,apron,2,0.003
flip,pan,2,0.003
split,onion,2,0.003
gather,piece:corn,2,0.003
fold-into,mozzarella,2,0.003
fold-in,dough,2,0.003
put-in,tofu,2,0.003
spoon-in,coffee,2,0.003
put-in,tongs,2,0.003
spoon-in,cinnamon,2,0.003
put-in,towel:kitchen,2,0.003
fold,roll:kitchen,2,0.003
put-in,tray:ice:cube,2,0.003
cut,bag,2,0.003
put-in,tub,2,0.003
spoon,squash,2,0.003
put-in,utensil,2,0.003
fold,paper,2,0.003
put-in,vinegar,2,0.003
cut,bag:pasta,2,0.003
put-in,vinegar:rice,2,0.003
spoon,salmon,2,0.003
put-in,wok,2,0.003
put-in,wrapper,2,0.003
put-in,tissue,2,0.003
spoon-in,mixture,2,0.003
put-inside,biscuit,2,0.003
crush-with,tablet:rennet,2,0.003
gather,piece:broccoli,2,0.003
put-in,skin:salmon,2,0.003
put-in,slice:butter,2,0.003
gather,parsley,2,0.003
crush,cube:stock,2,0.003
gather,leftover,2,0.003
put-in,spinach,2,0.003
put-in,spoon:measuring,2,0.003
spoon-onto,tomato:chopped,2,0.003
put-in,steak,2,0.003
spoon-into,sugar,2,0.003
form-into,mixture,2,0.003
spoon-into,rice,2,0.003
put-in,strainer:tea,2,0.003
spoon-into,cucumber,2,0.003
put-in,tablet,2,0.003
spoon-into,coffee,2,0.003
put-in,tamagoyaki,2,0.003
put-in,tea,2,0.003
put-inside,bag,2,0.003
put-inside,bowl,2,0.003
put-into,corn,2,0.003
sponge,spatula,2,0.003
fold,cloth,2,0.003
put-into,board,2,0.003
cut,celery,2,0.003
put-into,board:cutting,2,0.003
put-into,bottle,2,0.003
put-into,bottle:milk,2,0.003
put-into,bowl:washing:up,2,0.003
put-into,box,2,0.003
cut,chilli:red,2,0.003
cut,chorizo,2,0.003
fold,bag:noodle,2,0.003
put-into,brush,2,0.003
flush,tap,2,0.003
flip-over,belly:pork,2,0.003
flip-onto,omelette,2,0.003
flip-onto,meat,2,0.003
sponge,board:cutting,2,0.003
flip,skin:fish,2,0.003
flip,plate,2,0.003
fold,end:foil:paper,2,0.003
cut,caper,2,0.003
put-inside,cheese,2,0.003
sponge,strainer,2,0.003
spoon,pasta,2,0.003
put-inside,egg,2,0.003
spoon,passata,2,0.003
put-inside,glass,2,0.003
spoon,mixture:passata,2,0.003
put-inside,liquid:cleaning,2,0.003
spoon,milk:coconut,2,0.003
put-inside,pot,2,0.003
put-inside,rack,2,0.003
put-inside,salt,2,0.003
put-inside,sauce,2,0.003
spoon,carrot,2,0.003
cut,breast:chicken,2,0.003
put-inside,water,2,0.003
sponge,tupperware,2,0.003
cut,cabbage,2,0.003
fold,foil:kitchen,2,0.003
put-into,bag:coffee:bean,2,0.003
put-into,bag:flour,2,0.003
throw,bowl,2,0.003
drop,carrot,2,0.003
place,leaf:salad,2,0.003
pick-up,support,2,0.003
carry,bowl,2,0.003
wipe,peanut:chopped,2,0.003
break,spaghetti,2,0.003
move-through,spatula,2,0.003
wash,basket,2,0.003
open,bag:salad,2,0.003
wipe,package,2,0.003
open,press:garlic,2,0.003
throw-away,shell:egg,2,0.003
throw-away,leek,2,0.003
arrange,apple,2,0.003
tip-into,pea,2,0.003
open,box:carrot,2,0.003
turn-on,extractor,2,0.003
tip-into,pan,2,0.003
wash,blueberry,2,0.003
pick-up,bun:steamed,2,0.003
open,rack,2,0.003
open,powder:baking,2,0.003
add-into,sachet:flavour,2,0.003
peel,skin:salmon,2,0.003
place,processor:food,2,0.003
boil-with,food,2,0.003
move,gochujang,2,0.003
pick-up,strainer:mesh,2,0.003
pick-up,strainer:tea,2,0.003
throw-away,peeling,2,0.003
pick-up,cap:bottle,2,0.003
wash,grill,2,0.003
throw-away,pit,2,0.003
break,cheese,2,0.003
pick-up,strainer:teapot,2,0.003
wipe,sauce,2,0.003
turn-on,grinder:coffee,2,0.003
wipe,ramekin,2,0.003
turn,potato,2,0.003
tip-into,salt,2,0.003
turn,quorn,2,0.003
tip-into,rice,2,0.003
apply-to,soap,2,0.003
open,container:sauce,2,0.003
apply-to,salt,2,0.003
place,onion:spring,2,0.003
pick-up,teabag,2,0.003
move,blender,2,0.003
pick-up,piece:vegetable,2,0.003
turn-off,top:stove,2,0.003
apply,soap,2,0.003
turn,slice:pepper,2,0.003
pick-up,thigh:chicken,2,0.003
pick-up,box:tomato,2,0.003
wash,brusher,2,0.003
pick-up,onion:chopped,2,0.003
pick-up,box:stock:container,2,0.003
throw-in,garbage,2,0.003
pick-up,piece:salami,2,0.003
wipe,cucumber,2,0.003
throw-in,leftover,2,0.003
throw-in,packaging,2,0.003
place,liquid:washing:up,2,0.003
add-to,breadcrumb,2,0.003
wipe,fork,2,0.003
turn-on,cooker:rice,2,0.003
wash,bowl:washing:up,2,0.003
place,peeler:potato,2,0.003
wash,board:cut,2,0.003
open,bag:rubbish,2,0.003
turn,saucepan,2,0.003
pick-up,tablet:dishwasher,2,0.003
pick-up,tablet:rennet,2,0.003
pick-up,pit,2,0.003
pick-up,broom,2,0.003
move,piece:cucumber,2,0.003
tip-into,ginger,2,0.003
pick-up,pineapple,2,0.003
wash,bowl:glass,2,0.003
tip-into,garlic,2,0.003
place,pancake,2,0.003
open,salad:cucumber,2,0.003
apply-in,oil,2,0.003
throw-in,bean:green,2,0.003
pick-up,caper,2,0.003
adjust,cooker:rice,2,0.003
brush-with,pot,2,0.003
place,water,2,0.003
throw,stone:olive,2,0.003
waft,steam,2,0.003
place,yoghurt,2,0.003
move,glove,2,0.003
place,wrap:plastic,2,0.003
bend,book,2,0.003
tip-out,tin,2,0.003
pick-up,chorizo,2,0.003
turn,page,2,0.003
boil,water,2,0.003
wait-for,coffee,2,0.003
pick-up,chocolate,2,0.003
peel-off,skin:banana,2,0.003
adjust,dial,2,0.003
place,tupperware,2,0.003
pick-up,steak,2,0.003
open,paper,2,0.003
pick-up,loaf:bread,2,0.003
move-off,piece:tofu,2,0.003
move,sausage,2,0.003
move,box:lunch,2,0.003
pick-up,lid:jar,2,0.003
pick-up,cloth:table,2,0.003
throw,skin:avocado,2,0.003
pick-up,lid:bin,2,0.003
place-down,tupperware,2,0.003
wipe-down,surface,2,0.003
open,packet:broccoli,2,0.003
throw,skin:carrot,2,0.003
place-down,pot,2,0.003
pick,biscuit,2,0.003
place-back,sponge,2,0.003
use,sponge,2,0.003
throw,sponge,2,0.003
wash,shrimp,2,0.003
throw,stirrer,2,0.003
check,food,2,0.003
pick-up,lid:container,2,0.003
open,bag:tea,2,0.003
move-on,saucepan,2,0.003
open,paper:filter,2,0.003
pick-up,cheese:grated,2,0.003
place,spoon:tea,2,0.003
open,pea,2,0.003
pick-up,celery,2,0.003
pick-up,melon,2,0.003
pick-up,mesh,2,0.003
arrange,bowl,2,0.003
mix,salad:cucumber,2,0.003
move,bowl:large,2,0.003
move-onto,dirt,2,0.003
pick-up,stone,2,0.003
pick-up,stone:olive,2,0.003
arrange,board:chopping,2,0.003
open,pesto,2,0.003
move-onto,lemon,2,0.003
open,bowl:sugar,2,0.003
place,soap:dishwasher,2,0.003
peel-off,cabbage,2,0.003
wash,hand:my,2,0.003
pick-up,cellar:pepper,2,0.003
mix,powder:coconut,2,0.003
pick-up,cheese:cream,2,0.003
place,squash,2,0.003
move,box:cereal,2,0.003
turn-on,mixer,2,0.003
open,parmesan,2,0.003
open,passata,2,0.003
pick-up,masher,2,0.003
throw,waste,2,0.003
open,cover:blender,2,0.003
carry,glass,2,0.003
blend,mixture,2,0.003
move,rest:pot,2,0.003
open,paste:miso,2,0.003
pick-up,cellar:salt,2,0.003
throw,wrapper,2,0.003
peel-off,film,2,0.003
open,paste:shrimp,2,0.003
pick-up,stirrer,2,0.003
pick-up,measure,2,0.003
throw-in,pan,2,0.003
throw-in,paper,2,0.003
pick-up,clothes,2,0.003
move,knife:mincing,2,0.003
throw-into,pasta,2,0.003
move,mould:cake,2,0.003
mix-with,lettuce,2,0.003
throw-into,piece:pepper,2,0.003
throw-into,piece:skin,2,0.003
wash,cooker,2,0.003
add-to,salt,2,0.003
brush,knife,2,0.003
pick-up,paper:foil,2,0.003
turn-down,gas,2,0.003
pick-up,paper:foiled,2,0.003
turn-off,fan,2,0.003
pick-up,tortilla,2,0.003
pick-up,blender:hand,2,0.003
adjust,bottle,2,0.003
wash-with,mug,2,0.003
pick-up,pestle,2,0.003
mix-with,mixture:chocolate,2,0.003
open,tub,2,0.003
place,bag:plastic,2,0.003
adjust,bowl,2,0.003
move,mouse,2,0.003
turn-off,grinder:coffee,2,0.003
place,bowl:washing:up,2,0.003
place,bowl:salad,2,0.003
pick-up,piece:baking:paper,2,0.003
open,case,2,0.003
place,bottle:pesto,2,0.003
place,bottle:oil,2,0.003
brush,hand,2,0.003
mix-with,fish,2,0.003
throw-into,onion,2,0.003
turn-off,flame,2,0.003
mix-with,garlic,2,0.003
wash,towel,2,0.003
place,board,2,0.003
add-to,potato,2,0.003
move,mozzarella,2,0.003
place,bin,2,0.003
open,vinegar:rice,2,0.003
open,bag:coffee:bean,2,0.003
pick-up,wrapper,2,0.003
move,lid:saucepan,2,0.003
mix-with,sprout,2,0.003
pick-up,bottle:vanilla:extract,2,0.003
pick-up,tray:pizza,2,0.003
brush,presser,2,0.003
pick-up,tupperware:sugar,2,0.003
pick-up,patty,2,0.003
open,bread:toast,2,0.003
wash-up,knife,2,0.003
mix-with,powder,2,0.003
pick-up,tray:steamer,2,0.003
open-into,egg,2,0.003
move,maker:coffee,2,0.003
move,machine:coffee,2,0.003
move,machine,2,0.003
wash,cutter:pizza,2,0.003
mix-with,sauce,2,0.003
mix-with,spade,2,0.003
mix-with,pasta,2,0.003
pick-up,vegetable,2,0.003
throw-into,skin:garlic,2,0.003
move,mat:place,2,0.003
check,oven,2,0.003
overturn,corn,2,0.003
move,lemon,2,0.003
open,wastebasket,2,0.003
pick-up,towel:paper,2,0.003
pick-up,whetstone,2,0.003
open,can:tin,2,0.003
pick-up,boiler:water,2,0.003
pick-up,watch,2,0.003
wash-with,hand,2,0.003
throw-out,tissue,2,0.003
pick-up,tray:bacon,2,0.003
wash-with,cup,2,0.003
wash,washing,2,0.003
adjust,blade:peeler,2,0.003
adjust,bag,2,0.003
open,bun:bao,2,0.003
mix-with,chopstick,2,0.003
water,sponge,2,0.003
brush-onto,oil:olive,2,0.003
pick-up,tin:yeast,2,0.003
wash,celery,2,0.003
mix-in,oil,2,0.003
move,pepper,2,0.003
open,bag:pistachio,2,0.003
throw-into,bag:plastic,2,0.003
wash,tin,2,0.003
add-to,condiment,2,0.003
break-up,fish,2,0.003
open,artichoke,2,0.003
align,paper:greaseproof,2,0.003
move,jar:clip:top,2,0.003
adjust,camera,2,0.003
pick-up,bowl:sugar,2,0.003
wash,chilli:green,2,0.003
turn-off,steam,2,0.003
wash,tomato:cherry,2,0.003
check,piece:fish,2,0.003
wash,fruit,2,0.003
pick-up,piece:mushroom,2,0.003
throw-in,skin:onion,2,0.003
pick-up,piece:onion:skin,2,0.003
wash,caper,2,0.003
move,horse:clothes,2,0.003
move,instruction,2,0.003
pick-up,sauce:spicy:bean,2,0.003
open,sauce:spicy:bean,2,0.003
open,box:mushroom,2,0.003
turn-off,toaster,2,0.003
pick-up,opener:bottle,2,0.003
open,sausage:quorn,2,0.003
add-to,chicken,2,0.003
throw-in,sausage,2,0.003
open,sink,2,0.003
wipe,coriander,2,0.003
turn-off,timer:oven,2,0.003
pick-up,orange,2,0.003
mix-in,flour,2,0.003
wash,can:tin,2,0.003
wash,cap,2,0.003
turn-off,scale,2,0.003
throw-into,bit:pak:choi,2,0.003
open,stock:chicken,2,0.003
pick-up,bowl:raspberry,2,0.003
place,chopstick,2,0.003
wash,top,2,0.003
weigh,butter,2,0.003
pick-up,piece:food:processor,2,0.003
browse,book:recipe,2,0.003
pick-up,packet:peanut,2,0.003
place,carafe,2,0.003
wash,top:counter,2,0.003
wash,cloth:cleaning,2,0.003
place,capsule,2,0.003
place,butter,2,0.003
pat-down,food,2,0.003
move,jug,2,0.003
move,juicer,2,0.003
check,machine:washing,2,0.003
wash,cloth:table,2,0.003
brush,dough,2,0.003
throw-into,dustbin,2,0.003
move,bag:paddleboard,2,0.003
pick-up,package:pasta,2,0.003
pick-up,piece:ginger,2,0.003
move,paper:cooking,2,0.003
wash,tong,2,0.003
turn,water:tap,2,0.003
place,curry,2,0.003
throw-into,carrot,2,0.003
open,bacon,2,0.003
open,supplement,2,0.003
open,sweetcorn,2,0.003
wipe,board:cutting,2,0.003
pick-up,blade,2,0.003
place,cookie,2,0.003
pick-up,packaging:pizza,2,0.003
wipe,board:chopping,2,0.003
pick-up,toaster,2,0.003
break-up,piece:onion,2,0.003
open,closet,2,0.003
pick-up,piece:hand:blender,2,0.003
pick-up,cloth:wiping,2,0.003
wash,silverware,2,0.003
open,pack,2,0.003
open,dressing:salad,2,0.003
move,tin:utensil,2,0.003
pick-from,biscuit,2,0.003
pick-up,dirt,2,0.003
pick,tray,2,0.003
place-on,dish,2,0.003
move-from,water,2,0.003
pick-up,sink,2,0.003
open,drink:almond,2,0.003
pick-up,half:bagel,2,0.003
unscrew,cap:oil,2,0.003
open,nutella,2,0.003
place-on,cheese,2,0.003
wash,piece:cutlery,2,0.003
pick,sponge,2,0.003
mix,flour,2,0.003
open,oatmeal,2,0.003
wipe-on,spatula,2,0.003
pick-up,rest:teabag,2,0.003
arrange-on,tortilla,2,0.003
place-on,fork,2,0.003
place-on,garlic,2,0.003
twist,clothes,2,0.003
pick-from,meat,2,0.003
add,oil:olive,2,0.003
wipe-with,fork,2,0.003
chop,bacon,2,0.003
turn,bottle:milk,2,0.003
twist-off,lid,2,0.003
open,mayonnaise,2,0.003
twist-off,cap,2,0.003
open,fire,2,0.003
pick-up,gochujang,2,0.003
place-on,hob,2,0.003
move,towel:paper,2,0.003
pick-up,door,2,0.003
throw,glove,2,0.003
move,towel,2,0.003
add,oregano,2,0.003
check,cooker:slow,2,0.003
wipe-on,knife,2,0.003
choose,egg,2,0.003
throw,lid:plastic,2,0.003
pick-up,cup:small,2,0.003
move-in,pan,2,0.003
turn,cob:corn,2,0.003
place-on,bag:pasta,2,0.003
unscrew,bottle,2,0.003
place-on,avocado,2,0.003
pick-up,skin:garlic,2,0.003
move,support,2,0.003
transfer,onion,2,0.003
open,door:fridge,2,0.003
add,vegetable,2,0.003
pick-up,bag:mozzarella,2,0.003
pick,plate,2,0.003
pick-up,remote,2,0.003
adjust,pan,2,0.003
throw,package:plastic,2,0.003
pick-up,remains,2,0.003
move,cereal,2,0.003
move-in,onion,2,0.003
add,time:cooking,2,0.003
turn-over,tortilla,2,0.003
open,pack:meat,2,0.003
turn-over,tofu,2,0.003
add,soap,2,0.003
wipe-off,water,2,0.003
place-on,bottle:oil,2,0.003
wash,piece:ginger,2,0.003
move,taco,2,0.003
move,dish:oven,2,0.003
arrange,mixture,2,0.003
mix,garlic,2,0.003
unroll,roll:kitchen,2,0.003
place-on,board:chopping,2,0.003
wash,lid:pot,2,0.003
check,timer,2,0.003
attach,blender,2,0.003
open,pack:battery,2,0.003
wipe-off,spoon,2,0.003
move,tablet,2,0.003
move,cupboard,2,0.003
open,foil,2,0.003
wash,pear,2,0.003
throw,coffee,2,0.003
move,cover,2,0.003
move-around,meat,2,0.003
open,jug,2,0.003
unfurl,top,2,0.003
move,water,2,0.003
open,juice,2,0.003
pick-up,salami,2,0.003
pick-up,envelope,2,0.003
mix,biscuit,2,0.003
arrange,tortilla,2,0.003
throw,cork,2,0.003
wrap-in,knife,2,0.003
open,knife,2,0.003
pick-up,sachet:baking:powder,2,0.003
open,leek,2,0.003
pick-off,food,2,0.003
pick-up,sachet,2,0.003
move,cob,2,0.003
pick-up,sausage:quorn,2,0.003
unlock,processor:food,2,0.003
move,cooker,2,0.003
pick-up,sauce:pesto,2,0.003
open,honey,2,0.003
pick-up,saucepan:large,2,0.003
wring-out,towel:cleaning,2,0.003
place-onto,onion,2,0.003
place-onto,mushroom,2,0.003
pick-up,flake:chilli,2,0.003
wring-out,cloth,2,0.003
throw,cap,2,0.003
move,yeast,2,0.003
throw,capsule,2,0.003
place-onto,aubergine,2,0.003
pick-up,sauce:black:bean,2,0.003
add,corn,2,0.003
pick-up,floret:broccoli,2,0.003
move,wrap,2,0.003
unfold,tablecloth,2,0.003
pick-up,asparagus,2,0.003
open,granola,2,0.003
open,garlic,2,0.003
chop,bean:green,2,0.003
check,chicken,2,0.003
pick-up,drainer,2,0.003
move,clip,2,0.003
wipe-with,towel:tea,2,0.003
move,tub,2,0.003
pick-up,roll:sausage,2,0.003
pick-up,dough:remaining,2,0.003
wipe-with,spatula,2,0.003
throw,film,2,0.003
unplug,kettle,2,0.003
pick-up,shell:egg,2,0.003
throw,filter,2,0.003
open,gas,2,0.003
wipe-with,pan,2,0.003
wash,meat,2,0.003
move,ciabatta,2,0.003
pick-up,bag:carrot,2,0.003
pick-up,gin,2,0.003
pick-up,shaker,2,0.003
pick-up,bacon,2,0.003
unplug,cooker:rice,2,0.003
pick-up,scoop,2,0.003
pick-from,tomato:cherry,2,0.003
wash,mould:cake,2,0.003
wash,parsley,2,0.003
pick-up,bag:bread,2,0.003
place-on,pot:mocha,2,0.003
open,lid:kettle,2,0.003
unfold,bag:cereal,2,0.003
transfer-to,dough,2,0.003
unplug,cable,2,0.003
move,vegetable,2,0.003
throw,cup,2,0.003
pick-up,dressing:salad,2,0.003
pick-up,seal:clip:top:jar,2,0.003
uncover,steamer,2,0.003
place-on,pancake,2,0.003
wrap,cheese,2,0.003
turn-over,fish,2,0.003
pick-up,peel:lemon,2,0.003
pick-up,cookie,2,0.003
wipe-off,choi:pak,2,0.003
pick-up,basket,2,0.003
turn,knife,2,0.003
move,skin:potato,2,0.003
open,package:parsley,2,0.003
pick-up,container:pepper,2,0.003
open,package:parmesan,2,0.003
move,bun:steamed,2,0.003
turn-on,washer,2,0.003
check-on,bread:pitta,2,0.003
pick,cup,2,0.003
place-in,scissors,2,0.003
pick-up,leaf:bay,2,0.003
throw,remains,2,0.003
wash,jug:measuring,2,0.003
pick-up,powder:cocoa,2,0.003
open,basket:waste,2,0.003
pick-up,powder:baking,2,0.003
upturn,bowl,2,0.003
move,sieve,2,0.003
pick-up,rack:knife,2,0.003
toss,trash,2,0.003
place-in,sink,2,0.003
move,flour,2,0.003
attach-to,clip,2,0.003
open,bin:recycling,2,0.003
wipe-into,piece:cucumber,2,0.003
open,packaging:meat,2,0.003
check,tortilla,2,0.003
pick,mug,2,0.003
adjust,pot,2,0.003
pick-up,spinner:salad,2,0.003
throw,sachet,2,0.003
unwrap,cube:stock,2,0.003
pick-up,container:spice,2,0.003
unwrap,onion,2,0.003
place-in,mint,2,0.003
mix,mayonnaise,2,0.003
move,filter,2,0.003
place-in,pepper:bell,2,0.003
throw,piece:onion,2,0.003
throw,piece:pepper,2,0.003
move,bundle,2,0.003
open,package:sausage,2,0.003
pick-up,control:remote,2,0.003
throw,piece:plastic,2,0.003
open,cube:gravy,2,0.003
move,slice:carrot,2,0.003
turn-over,ball:mozzarella,2,0.003
check,finger,2,0.003
turn-over,belly:pork,2,0.003
turn,lid,2,0.003
open,package:salad,2,0.003
move,slice:tofu,2,0.003
pick-up,knife:paring,2,0.003
wipe-off,board,2,0.003
wipe-off,blade,2,0.003
pick-up,cooker:water,2,0.003
open,packaging:cheese,2,0.003
check,doneness:meat,2,0.003
open,package:popcorn,2,0.003
throw,peeling:onion,2,0.003
mix,kale,2,0.003
throw,peel:lemon,2,0.003
unsheathe,knife,2,0.003
pick-up,cover:plastic,2,0.003
adjust,piece:broccoli,2,0.003
place-in,tortilla,2,0.003
move,egg,2,0.003
place-in,tupperware,2,0.003
pick-up,bag:sandwich,2,0.003
pick-up,cracker,2,0.003
adjust,fishcakes,2,0.003
wash,pot:moka,2,0.003
move,spoon:wooden,2,0.003
pick-up,jar:pesto:sauce,2,0.003
wipe-off,filter,2,0.003
tip-to,bowl,2,0.003
tip-over,pan,2,0.003
adjust,rice,2,0.003
wipe-off,floor,2,0.003
unscrew,lid,2,0.003
open,blind,2,0.003
touch,lid,2,0.003
pick-up,jar:jam,2,0.003
bake,potato:scoop,2,0.003
place-into,cheese,2,0.003
open,package:fajitas,2,0.003
pick-up,pot:tupperware,2,0.003
open,package:egg,2,0.003
check,timer:oven,2,0.003
use,knife,2,0.003
change,side,2,0.003
pick-up,ramekin:peanut,2,0.003
wipe-off,excess:water,2,0.003
mix,milk:coconut,2,0.003
place-in,teaspoon,2,0.003
pick-up,cover:processor,2,0.003
move,spice,2,0.003
pick-up,jar:thyme,2,0.003
pick-up,sock,2,0.003
mix,paste:spice,2,0.003
place-in,cupboard,2,0.003
wash,leaf:mint,2,0.003
pick-up,jar:tahini:sauce,2,0.003
cut,packet:chicken,1,0.001
adjust,potato,1,0.001
wash,filter,1,0.001
cut,package:quorn,1,0.001
wash,finger,1,0.001
slice,grass:lemon,1,0.001
slide,potato,1,0.001
cut,packaging:pizza:base,1,0.001
slide-from,garlic,1,0.001
slide-from,omelette,1,0.001
shake-with,spatula,1,0.001
slide-from,pepper,1,0.001
slide-from,piece:tomato,1,0.001
slice,omelette:egg,1,0.001
cut,sandwich,1,0.001
adjust,sandwich,1,0.001
slide-along,kettle,1,0.001
shake-out,sauce:black:bean,1,0.001
wash,mixer,1,0.001
cut,packaging:open:meat,1,0.001
wash,nozzle,1,0.001
cut,piece:aluminium:foil,1,0.001
adjust,lid:rice:cooker,1,0.001
slide,plate,1,0.001
slide-from,onion,1,0.001
cut,packaging:cheese,1,0.001
slide-from,half:cherry:tomato,1,0.001
slide,piece:cucumber,1,0.001
slice,container,1,0.001
adjust,top,1,0.001
shake-over,bottle:milk,1,0.001
cut,package:pizza,1,0.001
wash,floor,1,0.001
slide,tray:oven,1,0.001
adjust,leek,1,0.001
slice,lengthways:cheese,1,0.001
cut,packaging:salami,1,0.001
wash,oregano,1,0.001
cut,leaf:spinach,1,0.001
cut,package:parsley,1,0.001
adjust,pressure:water,1,0.001
adjust,towel,1,0.001
slice,mozzarella,1,0.001
adjust,level:water,1,0.001
wash,finger:lady,1,0.001
wash,egg,1,0.001
wash,packaging,1,0.001
wash,holder:coffee,1,0.001
shake-with,mesh,1,0.001
cut,package:parmesan,1,0.001
wash,drainer,1,0.001
slide-from,milk:condensed,1,0.001
slide-acros,pan,1,0.001
adjust,setting,1,0.001
slide-acros,paper:greaseproof,1,0.001
slice,lasagne,1,0.001
adjust,paper:greaseproof,1,0.001
cut,sachet:open,1,0.001
shovel-up,cucumber:sliced,1,0.001
wash,lid:pan,1,0.001
slice,piece:pepper,1,0.001
adjust,straw,1,0.001
slice-in,cucumber,1,0.001
slice-into,banana,1,0.001
cut,onion:new,1,0.001
skin-from,clove:garlic,1,0.001
adjust,piece:tofu,1,0.001
slice-into,carrot,1,0.001
wash,leaf:curry,1,0.001
shred,chicken,1,0.001
adjust,temperature:oven,1,0.001
cut,lime,1,0.001
slice-into,cucumber,1,0.001
cut,piece:tomato,1,0.001
slice-into,onion,1,0.001
slice,bottom:carrot,1,0.001
wash,ginger,1,0.001
adjust,meat,1,0.001
wash,leaf:basil,1,0.001
adjust,tap:water,1,0.001
shred,coriander,1,0.001
slice,omelette:rolled,1,0.001
slice,tomato:seventh,1,0.001
cut,pit,1,0.001
slice,tomato:fifth,1,0.001
cut,loaf,1,0.001
shut-off,water,1,0.001
adjust,temperature:hob,1,0.001
slice,tomato:fourth,1,0.001
cut,plastic,1,0.001
slice,tomato:second,1,0.001
sieve-with,salt,1,0.001
slice,tomato:sixth,1,0.001
slice-from,pith,1,0.001
wash,glove:rubber,1,0.001
adjust,phone,1,0.001
slice,tomato:third,1,0.001
slice-along,onion,1,0.001
cut,pineapple,1,0.001
wash,leaf:salad,1,0.001
adjust,packet:coriander,1,0.001
skin,onion,1,0.001
cut,noodle:instant,1,0.001
slice,bread:pitta,1,0.001
slice-off,bottom:onion,1,0.001
cut,prawn,1,0.001
cut,leaf:spring:onion,1,0.001
slice-to,carrot,1,0.001
adjust,position:tonic:water:bottle,1,0.001
cut,piece:garlic,1,0.001
slice-up,onion,1,0.001
cut,leek,1,0.001
wash,form,1,0.001
wash,lentil,1,0.001
slice-with,tomato:other,1,0.001
adjust,thermometer,1,0.001
slide,cake,1,0.001
shovel-up,coriander,1,0.001
cut,piece:cheese,1,0.001
slide,cylinder,1,0.001
slide,drawer,1,0.001
wash,food,1,0.001
slice,cheese:open,1,0.001
slice,onion:open,1,0.001
slide,nut:pine,1,0.001
slide,peel:onion,1,0.001
wash,handle:knife,1,0.001
wash,knife:bread,1,0.001
cut,sachet,1,0.001
slice,pack:pizza,1,0.001
slice,packet:cheese,1,0.001
wash,grinder,1,0.001
cut,rubbish,1,0.001
wash,guard:hand,1,0.001
adjust,stereo,1,0.001
slice,packet:open:tofu,1,0.001
adjust,plate,1,0.001
adjust,position:box,1,0.001
slice-off,top:onion,1,0.001
slice,packet:open:sausage,1,0.001
wash,lid:tupperware,1,0.001
slice-onto,butter,1,0.001
slice-through,meat,1,0.001
wash,liquid:cleaning,1,0.001
wash,maker:coffee,1,0.001
wash,knife:fork,1,0.001
adjust,mat:floor,1,0.001
wash,knife:chef,1,0.001
wash,masher,1,0.001
sheath,knife,1,0.001
cut,packaging:meat,1,0.001
chop,broccoli,1,0.001
slide-inside,tray,1,0.001
crumple-up,roll:kitchen,1,0.001
unseal,yoghurt,1,0.001
crumple,paper,1,0.001
unsheathe,thermometer,1,0.001
spread,butter:more,1,0.001
crumple,paper:foil,1,0.001
spray-on,oil,1,0.001
spray-down,surface:work,1,0.001
spray,spray:kitchen,1,0.001
untilt,saucepan,1,0.001
spray,counter,1,0.001
crumple-up,towel:tea,1,0.001
untwist,cap:olive:oil,1,0.001
untwist,cap:vinegar,1,0.001
unwrap,bowl,1,0.001
crush,box:egg,1,0.001
crush,can,1,0.001
unwrap,dishwasher,1,0.001
unwrap,lime,1,0.001
unscrew-from,lid,1,0.001
crumple,napkin,1,0.001
crumple,bag:mozzarella,1,0.001
unscrew-from,filter,1,0.001
unscrew,jar:herb,1,0.001
crumble,cube:stock,1,0.001
spread-in,meat,1,0.001
spread-in,bin:leftover:food,1,0.001
unscrew,knife,1,0.001
spread,tablecloth,1,0.001
spread,spice,1,0.001
spread,sauce,1,0.001
unscrew,lid:milk:bottle,1,0.001
spread,onion,1,0.001
unscrew,pot:mocha,1,0.001
crumple,bag,1,0.001
unscrew,sauce:jarred,1,0.001
spread,liquid:cleaning,1,0.001
spread,liquid,1,0.001
spread,leaf:basil,1,0.001
unscrew,top:milk:bottle,1,0.001
crush,cracker,1,0.001
crush,leaf,1,0.001
crumble,cover,1,0.001
use,water:tap,1,0.001
arrange,kiwi,1,0.001
spoon-into,chicken,1,0.001
spoon-in,pepper:bell,1,0.001
spoon-in,paste:nut,1,0.001
spoon-in,oat,1,0.001
use,spoon:wooden,1,0.001
use,toothpick,1,0.001
arrange,kettle,1,0.001
spoon-in,corn,1,0.001
unwrap,salad,1,0.001
use-to,spade,1,0.001
wait,cover,1,0.001
spoon,vegetable,1,0.001
wait,oil,1,0.001
wait,stock,1,0.001
cut,asparagus,1,0.001
arrange,jar,1,0.001
cut,bag:mesh,1,0.001
use,phone,1,0.001
arrange,meat,1,0.001
spoon-into,food,1,0.001
crush-in,pan,1,0.001
spray,alcohol,1,0.001
spoon-out,sauce:black:bean,1,0.001
unwrap,towel:kitchen,1,0.001
spoon-onto,vegetable,1,0.001
spoon-onto,rice,1,0.001
spoon-onto,food,1,0.001
spoon-onto,content:pan,1,0.001
unzip,backpack,1,0.001
crush,milk:soy,1,0.001
spoon-into,zest:lemon,1,0.001
crush,packaging,1,0.001
spoon-into,salad:cucumber,1,0.001
upturn,bowl:dough,1,0.001
upturn,dough,1,0.001
use,chopstick,1,0.001
spoon-into,mixture,1,0.001
spoon-into,milk:coconut,1,0.001
spread-into,tofu,1,0.001
unscrew,cap:sauce,1,0.001
wash,desk,1,0.001
sprinkle-on,olive,1,0.001
unlock,juicer,1,0.001
sprinkle-onto,onion,1,0.001
unlock-from,blender,1,0.001
arrange,piece:cucumber,1,0.001
unpack,vegetable,1,0.001
sprinkle-on,water,1,0.001
unplug,blender:hand,1,0.001
cover,saucepan:small,1,0.001
sprinkle-on,oil:olive,1,0.001
arrange,pepper:bell,1,0.001
sprinkle-on,oil,1,0.001
unplug,cord:power,1,0.001
sprinkle-on,herb:other,1,0.001
cover,sausage,1,0.001
sprinkle-into,oil,1,0.001
sprinkle,water,1,0.001
arrange,piece:carrot,1,0.001
cover,top,1,0.001
unlock,cover:processor,1,0.001
unlock,cover,1,0.001
arrange,plate,1,0.001
sprinkle-over,towel:tea,1,0.001
unfreeze,corn,1,0.001
squeeze,caper,1,0.001
squeeze,can,1,0.001
squeeze,butter,1,0.001
squeeze,bun:steamed,1,0.001
cover,milk,1,0.001
cover,pan:frying,1,0.001
cover,processor,1,0.001
unfreeze,water,1,0.001
squeeze,aeropress,1,0.001
squash,wrap,1,0.001
unfurl,cardigan,1,0.001
squash,garlic,1,0.001
cover,salad,1,0.001
cover,salt,1,0.001
unfurl,film:cling,1,0.001
unfurl,jean,1,0.001
cover,yoghurt,1,0.001
sprinkle,rosemary,1,0.001
unscrew,cap,1,0.001
spread-onto,butter:peanut,1,0.001
spread-with,potato,1,0.001
spread-over,salt,1,0.001
spread-out,oil,1,0.001
spread-out,dough,1,0.001
spread-out,book,1,0.001
spread-onto,onion,1,0.001
crack,egg:open,1,0.001
unroll-from,towel:kitchen,1,0.001
unscrew,bottle:milk,1,0.001
sprinkle,powder:coconut,1,0.001
crack-in,egg,1,0.001
spread-onto,basil,1,0.001
spread-on,rusk,1,0.001
spread-on,oil:olive,1,0.001
unscrew,bottle:oil,1,0.001
unscrew,bottle:water,1,0.001
unscrew,butter:peanut,1,0.001
crack-on,egg:open,1,0.001
arrange,mug,1,0.001
unroll,paper:baking,1,0.001
unroll,packet,1,0.001
unroll,foil,1,0.001
sprinkle,pesto,1,0.001
sprinkle,pepper,1,0.001
sprinkle,oregano,1,0.001
unravel,film:cling,1,0.001
unroll,bag,1,0.001
sprinkle,mozzarella:more,1,0.001
cover-with,bowl,1,0.001
cover-with,dish:oven,1,0.001
cover-with,plate,1,0.001
unroll,bag:flour,1,0.001
unroll,egg,1,0.001
sprinkle,flake:chilli,1,0.001
sprinkle,coriander,1,0.001
unroll,film,1,0.001
arrange,pan,1,0.001
crack,cube:ice,1,0.001
sprinkle,basil,1,0.001
wait-for,cooker,1,0.001
arrange,glass,1,0.001
wait-for,microwave,1,0.001
soak,plate,1,0.001
apply,foil,1,0.001
wash,clip,1,0.001
soak-in,cereal,1,0.001
soak,tupperware,1,0.001
wash,clip:bag,1,0.001
soak,spoon,1,0.001
cut,foil:kitchen,1,0.001
align,tofu,1,0.001
cut,fork,1,0.001
smooth-into,oil,1,0.001
soak,mould:cake,1,0.001
soak,knife,1,0.001
soak,grater:cheese,1,0.001
soak,glass,1,0.001
snip,packet,1,0.001
align,dough,1,0.001
sniff,glove:rubber,1,0.001
snap-in,breadstick,1,0.001
soap,bowl:salad,1,0.001
soap,carafe,1,0.001
cut,foil,1,0.001
wash,chopper:half:moon,1,0.001
spill,salmon,1,0.001
spill,rice,1,0.001
spill,onion,1,0.001
spay,detergent,1,0.001
wash,chicken,1,0.001
wash,chilli,1,0.001
sort,component:drawer,1,0.001
sort,coffee,1,0.001
soften,butter,1,0.001
soap-up,glass,1,0.001
wash,choi:pak,1,0.001
soap,tray:ice,1,0.001
soap,teaspoon,1,0.001
soap,spoon:wooden,1,0.001
soap,peeler:potato,1,0.001
cut,end:carrot,1,0.001
cut,end:cucumber,1,0.001
cut,gas,1,0.001
smell,yoghurt,1,0.001
arrange,fork,1,0.001
adjust-on,setting,1,0.001
wash,countertop,1,0.001
slide-onto,towel:tea,1,0.001
slide-onto,ring:onion,1,0.001
slide-onto,pizza,1,0.001
adjust-on,time,1,0.001
slide-onto,onion,1,0.001
slide-onto,dough,1,0.001
slide-on,knife,1,0.001
adjust-in,paper:baking,1,0.001
wash,container:food,1,0.001
slide-into,garlic,1,0.001
adjust-in,meat,1,0.001
slide-into,carton:egg,1,0.001
slide-into,bowl,1,0.001
adjust-in,clothes,1,0.001
adjust,tupperware,1,0.001
wash,curd:bean,1,0.001
cut,leaf:salad,1,0.001
slide-out,drawer:dishwasher,1,0.001
cut,ham,1,0.001
adjust-on,timer,1,0.001
smell,bottle:milk,1,0.001
smell,water,1,0.001
smell,tub,1,0.001
smell,tea,1,0.001
wash,coriander,1,0.001
smell,sauce:spicy:bean,1,0.001
wash,corn,1,0.001
smell,oil:sesame,1,0.001
smell,noodle,1,0.001
smell,mug,1,0.001
smell,hummus,1,0.001
smell,herb,1,0.001
smell,hand,1,0.001
smell,granola,1,0.001
smell,fraiche,1,0.001
smell,dough,1,0.001
smell,bun:steamed,1,0.001
smell,bun,1,0.001
spin,drum,1,0.001
split,bulb:garlic,1,0.001
split,choi:pak,1,0.001
cut,bread:pitta,1,0.001
spoon,mix:spice,1,0.001
walk-with,tupperware,1,0.001
cut,bowl:salad,1,0.001
wash,aeropress,1,0.001
spoon,honey,1,0.001
spoon,gochujang,1,0.001
wash,apple,1,0.001
wash,asparagus,1,0.001
arrange,bin,1,0.001
cut,curd:cheese,1,0.001
wash,bag,1,0.001
spoon,avocado,1,0.001
spoon,almond:canned,1,0.001
spoon,almond,1,0.001
wash,base:baking:tin,1,0.001
wash,basin,1,0.001
sponge,top:counter,1,0.001
arrange,bag:nut,1,0.001
cut,bit:chilli,1,0.001
walk-with,bowl,1,0.001
spoon,mixture:whole,1,0.001
spoon,nut,1,0.001
cut,bag:mozzarella,1,0.001
wait-for,pan,1,0.001
cut,bag:potato,1,0.001
arrange,cup,1,0.001
cut,bag:rice,1,0.001
cut,bag:tortilla:plastic,1,0.001
arrange,bread,1,0.001
spoon,powder,1,0.001
spoon,potato,1,0.001
cut,bagel,1,0.001
spoon,paste:red:pepper,1,0.001
walk,floor,1,0.001
spoon,paste,1,0.001
walk-around,kitchen,1,0.001
spoon,oregano,1,0.001
walk-into,kitchen,1,0.001
spoon,oil:fish,1,0.001
wash,berry,1,0.001
sponge,tongs,1,0.001
arrange,avocado,1,0.001
wash,box:plastic,1,0.001
sponge,cover:blender,1,0.001
cut,cover,1,0.001
sponge,can,1,0.001
sponge,bowl:food:processor,1,0.001
cut,croissant,1,0.001
wash,cabbage,1,0.001
cut,crust:bread,1,0.001
sponge,blender,1,0.001
wash,cafetiere,1,0.001
apply,oil:olive,1,0.001
sponge,blade:chopping,1,0.001
split-into,choi:pak,1,0.001
cut,cube:stock,1,0.001
apply,hummus:more,1,0.001
split,garlic,1,0.001
wash,carafe,1,0.001
wash,catcher:sink,1,0.001
sponge,cover:squeezer,1,0.001
wash,box:lunch,1,0.001
wash,blender,1,0.001
cut,container,1,0.001
wash,block:chopping,1,0.001
sponge,sink,1,0.001
sponge,pot,1,0.001
apply-to,oil:olive,1,0.001
sponge,piece:plastic,1,0.001
wash,board:draining,1,0.001
wash,bottom:spring:form,1,0.001
sponge,piece:hand:blender,1,0.001
sponge,piece:food:processor,1,0.001
apply-to,liquid:washing:up,1,0.001
cut,cheese:feta,1,0.001
wash,bowl:fruit,1,0.001
sponge,lid,1,0.001
cut,chunk:pear,1,0.001
sponge,infuser:tea,1,0.001
sponge,hob,1,0.001
cut,clove:garlic,1,0.001
shake-out,mat:place,1,0.001
shake,fork,1,0.001
shake-out,jug:measuring,1,0.001
wash,packet,1,0.001
drain,cheese,1,0.001
drain,choi:pak,1,0.001
add-in,salt,1,0.001
scour,spoon,1,0.001
wipe,tomato,1,0.001
wipe,top:clip,1,0.001
wipe,tub:starter,1,0.001
drain,coriander,1,0.001
drain,curd,1,0.001
scour,knife,1,0.001
scour,jug,1,0.001
add-in,chilli,1,0.001
drain,curd:cheese,1,0.001
drain,grater,1,0.001
wipe-around,sink,1,0.001
wipe-down,bowl:washing:up,1,0.001
add-in,cheese,1,0.001
scoop-with,yoghurt,1,0.001
wipe-down,pot,1,0.001
wipe-down,sauce:soy,1,0.001
drain,holder:filter,1,0.001
wipe,tile,1,0.001
scramble,egg,1,0.001
scrap-on,spatula,1,0.001
scrape,meat,1,0.001
dose,salt,1,0.001
scrape,remnant:salad,1,0.001
wipe,spoon:measuring,1,0.001
scrape,pea,1,0.001
scrape,mushroom,1,0.001
scrape,mixture:passata,1,0.001
scrape,mixture:egg,1,0.001
add-into,filter:more:water,1,0.001
scrape,milk:condensed,1,0.001
scrape,liquid,1,0.001
drain,broccoli:tenderstem,1,0.001
add-into,chicken,1,0.001
scrape,cup,1,0.001
scrape,cream,1,0.001
drain,board:chopping,1,0.001
scrape,cheese,1,0.001
scrape,carrot,1,0.001
add-in,soap,1,0.001
drain,broccoli,1,0.001
wipe,thermometer,1,0.001
wipe-down,side,1,0.001
scoop-up,rice,1,0.001
scoop-up,piece:food,1,0.001
drain,spaghetti,1,0.001
scoop-from,coffee,1,0.001
add-from,flour,1,0.001
scoop,yeast,1,0.001
wipe-off,bit:carrot,1,0.001
scoop,water,1,0.001
drain,salad,1,0.001
drain,sauce,1,0.001
scoop,tea,1,0.001
wipe-off,bit:food,1,0.001
scoop,starter,1,0.001
drain,package:mozzarella,1,0.001
scoop,saucepan,1,0.001
scoop,sauce:pesto,1,0.001
drain,squash,1,0.001
drain,sweetcorn,1,0.001
drain,tomato,1,0.001
wipe-off,board:chopping,1,0.001
wipe-off,board:cutting,1,0.001
scoop,pesto,1,0.001
scoop,patty,1,0.001
scoop-from,oil:olive,1,0.001
scoop-in,whey,1,0.001
wipe-down,sink,1,0.001
wipe-from,water,1,0.001
scoop-up,oatmeal,1,0.001
scoop-up,egg,1,0.001
scoop-up,chunk:pork:belly,1,0.001
scoop-out,vegetable,1,0.001
drain,mozzarella,1,0.001
scoop-out,rice,1,0.001
scoop-out,oatmeal,1,0.001
scoop-out,eggshell,1,0.001
wipe-down,surface:work,1,0.001
wipe-from,water:excess,1,0.001
scoop-into,coffee,1,0.001
scoop-out,curd,1,0.001
scoop-out,cream:milk,1,0.001
wipe-into,carrot,1,0.001
wipe-into,crumb,1,0.001
scoop-out,container:cream:cheese,1,0.001
scoop-out,cheese:cream,1,0.001
wipe-into,flour,1,0.001
scoop-into,nut,1,0.001
wipe-into,seed:pepper,1,0.001
scrape,rubbish,1,0.001
scrape,sauce,1,0.001
scrape,sink,1,0.001
scrape-off,food:burned,1,0.001
scrape-on,spatula,1,0.001
wipe,grater,1,0.001
scrape-off,sponge,1,0.001
scrape-off,soup,1,0.001
add-on,liquid:cleaning,1,0.001
scrape-off,piece:garlic,1,0.001
scrape-off,pan:frying,1,0.001
add-into,water:more,1,0.001
distribute,vegetable,1,0.001
wipe,instruction,1,0.001
scrape-onto,food,1,0.001
wipe,jar,1,0.001
distribute-in,omelette,1,0.001
wipe,kettle,1,0.001
scrape-off,butter:excess,1,0.001
add-into,water:hot,1,0.001
wipe,leaf:salad,1,0.001
scrape-off,belly:pork,1,0.001
scrape-into,zest:lemon,1,0.001
add-into,water:filtered,1,0.001
add-to,banana,1,0.001
scrape-onto,meat,1,0.001
scrape-into,stuff:chopping:board,1,0.001
scrape-out,saucepan,1,0.001
scrape-with,spoon,1,0.001
scrape-up,onion:remaining,1,0.001
wipe,dish,1,0.001
wipe,excess:water,1,0.001
scrape-up,food,1,0.001
scrape-up,cheese,1,0.001
scrape-out,zest:lemon,1,0.001
scrape-out,tuna,1,0.001
scrape-out,stock:leftover,1,0.001
scrape-out,rice,1,0.001
scrape-onto,rubbish,1,0.001
scrape-out,flour,1,0.001
scrape-out,egg,1,0.001
wipe,filter:aeropress,1,0.001
scrape-out,dough,1,0.001
scrape-out,cream,1,0.001
scrape-out,colander,1,0.001
distribute,pistachio,1,0.001
scrape-out,bowl:washing:up,1,0.001
scrape-onto,vegetable,1,0.001
scrape-into,tofu,1,0.001
scrape-into,spice,1,0.001
scrape,skin:fish,1,0.001
scrape-against,knife,1,0.001
wipe,side,1,0.001
wipe,side:clip,1,0.001
scrape-from,rice,1,0.001
scrape-from,mustard,1,0.001
scrape-from,butter,1,0.001
scrape-down,food,1,0.001
add-into,oil,1,0.001
scrape-around,curd:lemon,1,0.001
wipe,sink:kitchen,1,0.001
scrape,zest:lemon,1,0.001
scrape-in,mustard,1,0.001
scrape,wok,1,0.001
divide-into,onion,1,0.001
wipe,spatula,1,0.001
dose,coffee,1,0.001
wipe,sponge,1,0.001
scrape,skin:salmon,1,0.001
scrape,skin:onion,1,0.001
wipe,spoon,1,0.001
scrape,skin:garlic,1,0.001
scrape-in,curd:lemon,1,0.001
scrape-into,bit:hummus,1,0.001
wipe,microwave:inside,1,0.001
wipe,piece:cucumber,1,0.001
wipe,mitt:oven,1,0.001
add-into,sauce:soy,1,0.001
distribute-in,vegetable,1,0.001
scrape-into,remnant:salad,1,0.001
scrape-into,pork,1,0.001
scrape-into,piece:skin,1,0.001
scrape-into,piece:mushroom,1,0.001
add-into,salt,1,0.001
scrape-into,piece:garlic,1,0.001
scrape-into,meat,1,0.001
scrape-into,cheese,1,0.001
scrape-into,ingredient,1,0.001
wipe,rack,1,0.001
scrape-into,herb,1,0.001
add-into,oil:olive,1,0.001
wipe,salad,1,0.001
scrape-into,cube:stock,1,0.001
wipe,scissors,1,0.001
scrape-into,chorizo,1,0.001
scrape-into,chicken,1,0.001
scoop,paste:garlic,1,0.001
wipe-off,bowl,1,0.001
scoop,oil:olive,1,0.001
rip,wrap:plastic,1,0.001
wipe-with,cabinet,1,0.001
wipe-with,dough,1,0.001
drink,squash,1,0.001
rise-up,cooker,1,0.001
add,oil,1,0.001
rise,sponge,1,0.001
rise,cup,1,0.001
rip-with,meat:open,1,0.001
drink-from,cup,1,0.001
wipe-with,spoon,1,0.001
drink,glass:wine,1,0.001
wipe-with,surface,1,0.001
rip,roll:kitchen,1,0.001
wipe-with,water,1,0.001
wrap,bag:salad,1,0.001
rip,foil:transparent,1,0.001
wrap,butter:remaining,1,0.001
wrap,cake,1,0.001
rinse-under,scourer,1,0.001
rinse-under,filter,1,0.001
wipe-with,bowl:plate,1,0.001
drink,glass:other,1,0.001
wrap,foil,1,0.001
roll,shape:cylinder,1,0.001
wipe-onto,crumb,1,0.001
roll-in,ball:dough,1,0.001
roll-down,plastic,1,0.001
roll-down,film:cucumber,1,0.001
roll-around,dough,1,0.001
wipe-onto,oil,1,0.001
wipe-over,water,1,0.001
roll,tray:baking,1,0.001
roll,tortilla,1,0.001
roll,sachet:sugar,1,0.001
add,olive,1,0.001
roll,pin:rolling,1,0.001
wipe-up,coriander,1,0.001
roll,pin,1,0.001
roll,omelette,1,0.001
wipe-up,water,1,0.001
wipe-with,bottle:milk,1,0.001
roll,knife,1,0.001
wipe-with,bottom:pan,1,0.001
drink,beer:more,1,0.001
rinse-under,bottom:aeropress,1,0.001
rinse-out,tupperware,1,0.001
wipe-on,teaspoon,1,0.001
drop,broccoli,1,0.001
rinse-in,thigh:chicken,1,0.001
wrap-up,coffee,1,0.001
rinse-from,milk,1,0.001
wrap-with,finger,1,0.001
wrap-with,lime,1,0.001
drop,board:chopping,1,0.001
rinse,whisk,1,0.001
rinse,waste,1,0.001
drop,bowl:large,1,0.001
drop,brush,1,0.001
rinse-into,fruit,1,0.001
wrap-with,plate,1,0.001
rinse,tub:hummus,1,0.001
drop,bun,1,0.001
drop,cake:fish,1,0.001
rinse,towel:cleaning,1,0.001
drop,can,1,0.001
rinse,toothpick,1,0.001
add,cheese,1,0.001
rinse,tomato:cherry,1,0.001
wrap-up,bread:toast,1,0.001
drizzle-on,vinegar:balsamic,1,0.001
wrap,fork,1,0.001
rinse-on,fruit,1,0.001
add,garlic,1,0.001
rinse-out,strainer:sink,1,0.001
rinse-out,spoon:slotted,1,0.001
drizzle,sauce:soy,1,0.001
rinse-out,saucepan,1,0.001
wrap,omelette,1,0.001
rinse-on,tomato,1,0.001
add,flour,1,0.001
wrap,squash,1,0.001
wrap-around,aluminium,1,0.001
rinse-off,food,1,0.001
wrap-around,wire,1,0.001
rinse-off,rag,1,0.001
drizzle-into,oil:olive,1,0.001
rinse-off,plate,1,0.001
wrap-in,bowl,1,0.001
rinse-off,lid,1,0.001
wrap-over,pasta,1,0.001
rinse-off,leek,1,0.001
rinse-off,hand,1,0.001
wipe-on,towel:tea,1,0.001
roll-on,chopstick,1,0.001
wipe-off,bowl:processor,1,0.001
rub-into,oil,1,0.001
rub-with,pan,1,0.001
rub-with,board:chopping,1,0.001
rub-over,water,1,0.001
add,yoghurt,1,0.001
rub-onto,oil,1,0.001
wipe-off,dough,1,0.001
wipe-off,egg,1,0.001
rub-off,knife,1,0.001
rub-off,flour,1,0.001
drain-in,pasta,1,0.001
rummage-in,bag,1,0.001
rub-in,roll:kitchen,1,0.001
rub-in,ball:dough,1,0.001
rub-around,spatula,1,0.001
rub,sauce,1,0.001
rub,pan,1,0.001
rub,lid:jar,1,0.001
rub,knife,1,0.001
drain-into,pasta,1,0.001
rub,element:rice:cooker:heating,1,0.001
rubbish-in,bin:recycling,1,0.001
rummage-in,drawer:fridge,1,0.001
rotate-to,piece:fish,1,0.001
drain-from,liquid,1,0.001
scoop,mixture:lemon:curd,1,0.001
drain,tray:baking,1,0.001
drain,vegetable,1,0.001
drain,water:coriander,1,0.001
wipe-off,carrot,1,0.001
scoop,honey,1,0.001
drain-from,curd:cheese,1,0.001
scoop,egg,1,0.001
wipe-off,coffee,1,0.001
scoop,cheese:more,1,0.001
salt,avocado,1,0.001
scoop,cheese,1,0.001
scoop,bean:coffee,1,0.001
scatter-onto,tuna,1,0.001
save,container,1,0.001
sample,rice,1,0.001
sample,food,1,0.001
wipe-off,colander,1,0.001
salt-in,food,1,0.001
salt,trash,1,0.001
rub,dough,1,0.001
rotate,tray:cutlery,1,0.001
roll-on,lemon,1,0.001
roll-up,sleeve,1,0.001
rotate,chopstick,1,0.001
rotate,cheese,1,0.001
rotate,can,1,0.001
rotate,bowl:salad,1,0.001
wipe-off,scissors,1,0.001
rotate,bowl,1,0.001
rotate,bottle:milk,1,0.001
add,thyme,1,0.001
rotate,block:tofu,1,0.001
roll-up,flour,1,0.001
wipe-off,processor,1,0.001
roll-up,dough,1,0.001
wipe-off,towel:kitchen,1,0.001
draw,bread,1,0.001
roll-over,carrot,1,0.001
roll-out,omelette,1,0.001
drink,beer,1,0.001
add,sauce:more,1,0.001
add,pepper,1,0.001
wipe-on,lid,1,0.001
wipe-off,salad,1,0.001
wipe-off,plate,1,0.001
rotate,spoon,1,0.001
rotate,muffin,1,0.001
wipe-off,flour,1,0.001
wipe-off,garlic,1,0.001
drain-on,pasta,1,0.001
rotate,pin:rolling,1,0.001
rotate,piece:fish,1,0.001
rotate,piece:cucumber,1,0.001
drape,cloth,1,0.001
add,water:more,1,0.001
rotate,pan,1,0.001
rotate,jar:clip:top,1,0.001
wipe-off,peanut,1,0.001
rotate,holder:filter,1,0.001
rotate,handle:wok,1,0.001
wipe-off,hob,1,0.001
wipe-off,kitchen,1,0.001
add,vinegar,1,0.001
rotate,handle:pan,1,0.001
wipe-off,mixture:chilli,1,0.001
rotate,fish,1,0.001
draw,bag:flour,1,0.001
scratch,choi:pak,1,0.001
scratch,dough,1,0.001
scratch,head,1,0.001
shake,cover:pot,1,0.001
unfold,towel,1,0.001
shake,drainer,1,0.001
shake,dispenser:soap,1,0.001
shake,cutlery,1,0.001
wash,skinner:carrot,1,0.001
shake,cup:measuring,1,0.001
wash,slicer,1,0.001
wash,spatula:wooden,1,0.001
shake,cucumber,1,0.001
wash,spinach,1,0.001
shake,glove:rubber,1,0.001
shake,cover:mug,1,0.001
adjust,cooker:flame,1,0.001
shake,coriander,1,0.001
wash,spoon:tea,1,0.001
adjust,container,1,0.001
wash,stirrer:coffee,1,0.001
shake,condiment,1,0.001
cut-into,knife,1,0.001
shake,cloth:table,1,0.001
cut-into,cube,1,0.001
shake,grinder:cheese,1,0.001
wash,stopper,1,0.001
shake,mat,1,0.001
wash,saucer,1,0.001
cut-in,foil,1,0.001
shake,mould:cake,1,0.001
shake,milk:soya,1,0.001
cut-in,sandwich,1,0.001
wash,scissor,1,0.001
shake,mesh,1,0.001
wash,seal:clip:top:jar,1,0.001
wash,shake,1,0.001
shake,maker:coffee,1,0.001
cut-into,butter,1,0.001
shake,liquid:washing:up,1,0.001
wash,shelf,1,0.001
shake,liquid,1,0.001
shake,lid:tupperware,1,0.001
shake,lid:jar,1,0.001
cut-in,tomato,1,0.001
wash,side,1,0.001
adjust,fan,1,0.001
cut-into,belly:pork,1,0.001
cut-into,lemon,1,0.001
adjust,collar:shirt,1,0.001
cut-in,egg:scotch,1,0.001
adjust,cap:burner,1,0.001
shake,board:chopping,1,0.001
wash,tablespoon,1,0.001
cut-into,slice:ginger,1,0.001
adjust,chair,1,0.001
shake,apple,1,0.001
shake,aeropress,1,0.001
set-up,stove,1,0.001
set-to,time,1,0.001
wash,teapot,1,0.001
wash,tile:floor,1,0.001
cut-into,pepper:chilli,1,0.001
set-out,power,1,0.001
cut-into,slice:potato,1,0.001
set-on,microwave,1,0.001
set-in,filter,1,0.001
set-down,tupperware,1,0.001
set-down,spice,1,0.001
set-down,scale,1,0.001
set-down,plate,1,0.001
set-down,oil,1,0.001
cut-into,sandwich,1,0.001
shake,bottle:oil,1,0.001
shake,cleaner,1,0.001
adjust,coffee,1,0.001
shake,chopstick,1,0.001
adjust,colander,1,0.001
wash,strainer:cafetiere,1,0.001
shake,cheese,1,0.001
wash,strainer:mesh,1,0.001
shake,caper,1,0.001
wash,straw,1,0.001
wash,support:pan,1,0.001
cut-into,onion:spring,1,0.001
wash,surface:side,1,0.001
shake,bottle:passata,1,0.001
shake,box:plastic,1,0.001
shake,box,1,0.001
adjust,clock:microwave:oven,1,0.001
shake,bowl:rice:cooker,1,0.001
shake,bowl:food:processor,1,0.001
cut-into,paneer,1,0.001
wash,tablecloth,1,0.001
shake,bottle:vinegar,1,0.001
shake,bottle:sauce,1,0.001
adjust,flame:cooker,1,0.001
adjust,flame:stove,1,0.001
set-down,filter,1,0.001
shake-in,food,1,0.001
shake-off,blade,1,0.001
shake-off,bag,1,0.001
shake-into,towel:tea,1,0.001
adjust,juice:fruit,1,0.001
shake-into,curd:cheese,1,0.001
shake-in,vegetable,1,0.001
wash,peeler:potato,1,0.001
adjust,intensity:flame,1,0.001
shake-in,potato,1,0.001
shake,waste,1,0.001
shake-off,brush:washing:up,1,0.001
cut,slice:potato,1,0.001
adjust,height:oven,1,0.001
shake,tray:baking,1,0.001
wash,piece:fish,1,0.001
shake,towel,1,0.001
shake,top:salad:spinner,1,0.001
shake,tomato,1,0.001
shake,thigh:chicken,1,0.001
wash,piece:leek,1,0.001
shake-off,block:chopping,1,0.001
wash,peach,1,0.001
shake,tablecloth,1,0.001
shake-off,stone:sharpening,1,0.001
shake-out,jar,1,0.001
shake-out,cloth:table,1,0.001
shake-onto,salt,1,0.001
shake-onto,egg,1,0.001
shake-on,egg,1,0.001
wash,paella,1,0.001
shake-off,whetstone,1,0.001
shake-off,water,1,0.001
shake-off,tupperware,1,0.001
shake-off,stand:sharpening,1,0.001
shake-off,courgette,1,0.001
adjust,leaf:curry,1,0.001
adjust,ladle,1,0.001
adjust,knife,1,0.001
shake-off,sieve,1,0.001
shake-off,scissors,1,0.001
wash,paper,1,0.001
cut,skin:spring:onion,1,0.001
shake-off,knife,1,0.001
cut,slice:cheese,1,0.001
shake,thermometer,1,0.001
shake,sweetcorn,1,0.001
wash,rubbish,1,0.001
cut-by,fish,1,0.001
shake,pot:second,1,0.001
wash,processor,1,0.001
shake,pot:cooking,1,0.001
cut-by,cucumber,1,0.001
shake,pod:coffee,1,0.001
adjust,glove,1,0.001
shake,pepper,1,0.001
shake,peeler,1,0.001
adjust,fork,1,0.001
wash,raspberry,1,0.001
cut,tuna,1,0.001
shake,pan:frying,1,0.001
cut-from,ginger,1,0.001
shake,packet:cheese,1,0.001
shake,packaging,1,0.001
shake,package:almond:drink,1,0.001
shake,opener:can,1,0.001
wash,rest:spoon,1,0.001
adjust,foil,1,0.001
wash,rocket,1,0.001
shake,pot:white,1,0.001
shake,prawn,1,0.001
shake,straw,1,0.001
wash,plate:scale,1,0.001
shake,strainer,1,0.001
wash,piece:lemon:squeezer,1,0.001
shake,spoon:slotted,1,0.001
shake,spoon:measuring,1,0.001
adjust,heat:oven,1,0.001
wash,plastic,1,0.001
shake,slicer,1,0.001
adjust,handle:frying:pan,1,0.001
shake,skin:fish,1,0.001
shake,sieve,1,0.001
adjust,glove:oven,1,0.001
shake,scraper,1,0.001
shake,saucer,1,0.001
adjust,grinder:coffee,1,0.001
adjust,gown:dressing,1,0.001
shake,sauce,1,0.001
shake,salt,1,0.001
shake,salad,1,0.001
shake,sachet,1,0.001
cut,top:rice:bag,1,0.001
adjust,bun:steamed,1,0.001
set-down,cutlery,1,0.001
scratch,instruction,1,0.001
scrub,strainer:teapot,1,0.001
scrunch-up,bag,1,0.001
add-to,onion,1,0.001
scrub-down,side,1,0.001
scrub,v60,1,0.001
scrub,underside:bowl,1,0.001
add-to,olive,1,0.001
wear,glove:second,1,0.001
dab-with,hand,1,0.001
deburr,knife,1,0.001
scrub,strainer:tea,1,0.001
dab-in,finger,1,0.001
scrub,squeezer:lime,1,0.001
decide,onion,1,0.001
defoliate,cabbage,1,0.001
scrub,slicer,1,0.001
weigh,paste:nut,1,0.001
wet,mat:sushi,1,0.001
scrub,scissors,1,0.001
desee,chilli,1,0.001
add-to,oil:olive,1,0.001
scrunch-up,packet:coriander,1,0.001
add-to,pepper,1,0.001
add-to,meat,1,0.001
seal-with,bag:plastic,1,0.001
cut-with,paper:greaseproof,1,0.001
search,hand,1,0.001
search,fridge,1,0.001
search,cupboard,1,0.001
wash-with,teaspoon,1,0.001
search,cardboard,1,0.001
cut-with,wrap,1,0.001
wash-with,water,1,0.001
seal-with,onion,1,0.001
seal,wrapper,1,0.001
water-on,tap,1,0.001
seal,tupperware,1,0.001
seal,packet:cheese,1,0.001
seal,chicken,1,0.001
seal,box:rice,1,0.001
seal,bit:cheese:packet,1,0.001
watch,mobile,1,0.001
seal,bag:rice,1,0.001
dab,tissue,1,0.001
water-off,rubbish,1,0.001
add-to,oil,1,0.001
add-to,honey,1,0.001
wash-with,rag,1,0.001
screw-in,pot:coffee,1,0.001
screw-onto,cap,1,0.001
screw-on,sauce:spicy:bean,1,0.001
distribute,egg,1,0.001
wipe,box,1,0.001
wipe,bread:pitta,1,0.001
wipe,butter:excess,1,0.001
screw-on,cap:oil,1,0.001
screw-off,lid,1,0.001
screw-in,pot:mocha,1,0.001
screw-in,lid,1,0.001
wipe,bowl:washing:up,1,0.001
add-to,chorizo,1,0.001
screw,pot:moka,1,0.001
screw,pot,1,0.001
screw,part:coffee:pot,1,0.001
screw,bottle:milk,1,0.001
scratch-off,food,1,0.001
wipe,countertop,1,0.001
scratch,sauce,1,0.001
scratch,leaf:pak:choi,1,0.001
distribute,bowl,1,0.001
scrub,board:cutting,1,0.001
dice,broccoli,1,0.001
scrub,grater,1,0.001
dice,ginger,1,0.001
scrub,pan:frying,1,0.001
scrub,lid:tupperware,1,0.001
scrub,lid:pan,1,0.001
scrub,lid:container,1,0.001
add-to,garlic,1,0.001
dip,tub:tupperware,1,0.001
scrub,holder:teabag,1,0.001
scrub,guard:hand,1,0.001
wipe,board:drying,1,0.001
scrub,board:draining,1,0.001
disassemble,cap:burner,1,0.001
scrub,front:plate,1,0.001
disassemble,mixer,1,0.001
scrub,dish,1,0.001
wipe,bottom:sink,1,0.001
scrub,counter,1,0.001
scrub,container,1,0.001
discard,garlic:smashed,1,0.001
dish,pan:frying,1,0.001
wash-with,spade:food,1,0.001
search,salt,1,0.001
set-down,cover,1,0.001
adjust,belly:pork,1,0.001
serve,curry:potato,1,0.001
adjust,blender:coffee,1,0.001
separate-from,dough,1,0.001
wash,vegetable,1,0.001
separate,tupperware,1,0.001
separate,tomato,1,0.001
separate,slice:toast:bread,1,0.001
cut-on,garlic,1,0.001
separate,plate:lasagne,1,0.001
separate,piece:salami,1,0.001
serve,dish,1,0.001
separate,piece:meat,1,0.001
adjust,bag:rubbish,1,0.001
wash-around,sink,1,0.001
separate,machine:coffee,1,0.001
separate,glove,1,0.001
wash-in,salad,1,0.001
wash-in,tomato,1,0.001
separate,filter:coffee,1,0.001
separate,dough,1,0.001
adjust,book:recipe,1,0.001
wash,tub:hummus,1,0.001
wash-off,hand,1,0.001
set,dial,1,0.001
set-down,carafe,1,0.001
cut-off,carrot,1,0.001
set,time,1,0.001
set,temperature:oven,1,0.001
set,power,1,0.001
set,music,1,0.001
cut-off,cheese,1,0.001
cut-off,chunk:pork:belly,1,0.001
cut-off,cucumber,1,0.001
cut-off,onion,1,0.001
adjust,bottle:water,1,0.001
wash,top:stove,1,0.001
set,alarm,1,0.001
serve-on,cookie,1,0.001
serve-on,coffee,1,0.001
serve-in,soup,1,0.001
serve-in,milk,1,0.001
serve,rice,1,0.001
serve,jambalaya,1,0.001
cut-off,root,1,0.001
separate,cucumber,1,0.001
wash-on,tomato,1,0.001
search,spice,1,0.001
search-for,lighting,1,0.001
cut-out,skin:onion,1,0.001
search-in,cupboard,1,0.001
search-for,tea,1,0.001
search-for,spade,1,0.001
search-for,scissors,1,0.001
search-for,peeler,1,0.001
search-for,paprika,1,0.001
search-for,onion,1,0.001
search-for,oil:olive,1,0.001
cut-with,belly:pork,1,0.001
season,chicken,1,0.001
search-for,kiwi,1,0.001
search-for,fridge,1,0.001
search-for,cucumber,1,0.001
add-to,teabag,1,0.001
search,vegetable,1,0.001
add-to,sauce,1,0.001
search,towel,1,0.001
search,stove,1,0.001
wash-with,pot,1,0.001
wash-with,chopstick,1,0.001
season,pasta,1,0.001
separate,cube:butter,1,0.001
wash-with,bean:green,1,0.001
cut-out,pith,1,0.001
wash-out,sponge,1,0.001
wash-under,hand,1,0.001
wash-up,board:chopping,1,0.001
wash-up,bowl,1,0.001
wash-up,cup,1,0.001
separate,broccoli,1,0.001
separate,bit:onion,1,0.001
separate,base:pizza,1,0.001
select,power,1,0.001
season,tuna,1,0.001
wash-with,board:chopping,1,0.001
wash-with,bottom:sink,1,0.001
add-to,water,1,0.001
select,mat:table,1,0.001
select,machine,1,0.001
select,level:power,1,0.001
see-off,chunk:pork:belly,1,0.001
see,water:boiling,1,0.001
season-with,breast:chicken,1,0.001
arrange,spoon:wooden,1,0.001
stir,cup,1,0.001
cover,lid:glass,1,0.001
take,yoghurt,1,0.001
throw-into,bit:courgette,1,0.001
take-from,board:chopping,1,0.001
take-from,base:pizza,1,0.001
clean,protector:wall,1,0.001
throw-into,bottle:milk,1,0.001
take-from,bag:plastic,1,0.001
take-from,bag:crisp,1,0.001
check,pie,1,0.001
take-down,chicken,1,0.001
throw-into,box:egg,1,0.001
clean,potato:baby,1,0.001
take,wrap:plastic,1,0.001
throw-into,centre:tomato,1,0.001
throw-into,cilantro,1,0.001
throw-into,cloth,1,0.001
throw-into,coffee,1,0.001
throw-into,container:empty,1,0.001
throw-into,container:tupperware,1,0.001
clean,scoop,1,0.001
take,vinegar,1,0.001
take-from,bottle:water,1,0.001
take-from,bowl:salad,1,0.001
clean,shelf,1,0.001
throw-inside,packaging,1,0.001
take-from,colander,1,0.001
take-from,coffee,1,0.001
take-from,clothes,1,0.001
take-from,clip,1,0.001
throw-in,sponge,1,0.001
throw-in,stirrer:wooden,1,0.001
throw-in,strip:plastic,1,0.001
throw-in,teabag,1,0.001
throw-in,trash,1,0.001
take-from,carrot,1,0.001
clean,pot:coffee,1,0.001
take-from,caper,1,0.001
throw-into,bag,1,0.001
take-from,bun:hamburger,1,0.001
clean,plate:cutting,1,0.001
throw-into,bag:rice,1,0.001
throw-into,bean:green,1,0.001
throw-into,bin:garbage,1,0.001
clean,plug,1,0.001
take-from,box:pitta:bread,1,0.001
throw-into,courgette,1,0.001
throw-into,cover,1,0.001
take,strip:carrot,1,0.001
take,tin:cake,1,0.001
take,top,1,0.001
throw-into,mesh,1,0.001
clean,strainer,1,0.001
clean,strawberry,1,0.001
take,tomato:peeled,1,0.001
take,tomato:cherry,1,0.001
clean,surface:cooking,1,0.001
throw-into,napkin,1,0.001
take,toast:melba,1,0.001
take,tin,1,0.001
clean,stove:gas,1,0.001
take,timer,1,0.001
clean,surface:work,1,0.001
take,thermometer,1,0.001
throw-into,package:cream,1,0.001
clean,tongs,1,0.001
take,tea,1,0.001
throw-into,packaging,1,0.001
check,peanut,1,0.001
take,table,1,0.001
take,top:salad:spinner,1,0.001
throw-into,lid,1,0.001
take,utensil,1,0.001
take,tub,1,0.001
throw-into,cucumber,1,0.001
throw-into,dust,1,0.001
take,turkey:sliced,1,0.001
throw-into,end:aubergine,1,0.001
clean,slicer,1,0.001
throw-into,end:carrot,1,0.001
take,tuna,1,0.001
throw-into,garbage,1,0.001
take,tube:tube,1,0.001
take,trouser,1,0.001
clean,stove:electronic,1,0.001
clean,spade,1,0.001
take,tray:pizza,1,0.001
take,tray:ice:cube,1,0.001
clean,spade:food,1,0.001
clean,spatula,1,0.001
throw-into,grater:cheese,1,0.001
take,towel:paper,1,0.001
clean,stirrer,1,0.001
check,phone,1,0.001
throw-in,sink,1,0.001
take-from,container:coffee:ground,1,0.001
take-from,cream:ice,1,0.001
take-from,slice:bread,1,0.001
throw-away,skin,1,0.001
take-from,strawberry,1,0.001
throw-away,skin:garlic,1,0.001
take-from,strainer:tea,1,0.001
throw-away,skin:onion,1,0.001
take-from,spinner:salad,1,0.001
take-from,soup,1,0.001
take-from,slice:bread:packet,1,0.001
take-from,slice:bread:packaging,1,0.001
throw-away,towel:paper,1,0.001
take-from,tomato,1,0.001
take-from,skin:potato,1,0.001
take-from,saucepan:large,1,0.001
take-from,saucepan,1,0.001
take-from,rubbish,1,0.001
take-from,roll:sausage,1,0.001
take-from,raisin,1,0.001
throw-away,wrapper:cheese,1,0.001
take-from,radish,1,0.001
throw-down,glove:rubber,1,0.001
take-from,toast,1,0.001
clean,nozzle,1,0.001
take-from,cream:remaining:ice,1,0.001
take-into,liquid:washing,1,0.001
take-of,tupperware:sugar,1,0.001
throw-away,pit:peach,1,0.001
take-into,tortilla,1,0.001
take-into,tomato,1,0.001
take-into,pizza,1,0.001
take-into,oil,1,0.001
throw-away,pit:pear,1,0.001
take-into,napkin,1,0.001
take-into,milk,1,0.001
take-into,lid,1,0.001
clean,mocha,1,0.001
take-into,knife,1,0.001
take-into,fork,1,0.001
check,rim,1,0.001
take-inside,fridge,1,0.001
check,rice,1,0.001
take-in,knife,1,0.001
throw-away,seed,1,0.001
take-from,water:tonic,1,0.001
take-from,waste,1,0.001
throw-for,box,1,0.001
clean,paella,1,0.001
take-from,pesto,1,0.001
throw-in,peel:orange,1,0.001
take-from,ground,1,0.001
take-from,grater,1,0.001
take-from,grape,1,0.001
throw-in,food:remaining,1,0.001
take-from,ginger,1,0.001
throw-in,jar,1,0.001
throw-in,lid,1,0.001
take-from,fridge,1,0.001
throw-in,paper:toilet,1,0.001
throw-in,peeling,1,0.001
take-from,pepper,1,0.001
take-from,floor,1,0.001
take-from,filter,1,0.001
take-from,egg,1,0.001
take-from,drawer,1,0.001
take-from,cupboard,1,0.001
check,plant:basil,1,0.001
throw-in,rice,1,0.001
throw-in,rubbish,1,0.001
take-from,cube:stock,1,0.001
take-from,ham,1,0.001
take-from,holder:cutlery,1,0.001
throw-in,filter,1,0.001
take-from,jam,1,0.001
take-from,passata,1,0.001
clean,pan:small,1,0.001
take-from,pan:grill,1,0.001
throw-for,paper,1,0.001
throw-from,bag:plastic,1,0.001
throw-from,plastic,1,0.001
clean,part:pot,1,0.001
take-from,oil:olive,1,0.001
take-from,noodle,1,0.001
check,refrigerator,1,0.001
throw-in,bit:pear,1,0.001
throw-in,bread,1,0.001
take-from,mitt:oven,1,0.001
throw-in,cheese,1,0.001
take-from,liquid,1,0.001
take-from,lid,1,0.001
take-from,leftover,1,0.001
throw-in,chicken,1,0.001
take-from,juicer,1,0.001
throw-into,piece:onion:skin,1,0.001
take,strawberry,1,0.001
take-off,apron,1,0.001
take,plate:new,1,0.001
take,pot:cooking,1,0.001
tilt,ramekin,1,0.001
clear,board:chopping,1,0.001
take,pod:coffee,1,0.001
take,plug:kettle,1,0.001
take,plate:tomato,1,0.001
clear,cheese,1,0.001
take,plate:paper,1,0.001
check,kiwi,1,0.001
take,plate:lasagne,1,0.001
take,pot:moka,1,0.001
tilt,starter,1,0.001
check,kettle,1,0.001
tip,broccoli,1,0.001
tip,cafetiere,1,0.001
tip,passata,1,0.001
take,plant:basil,1,0.001
clear,mixture:hand:blender,1,0.001
clear,rubbish,1,0.001
take,piece:plastic,1,0.001
take,pot:hob,1,0.001
take,pot:sauce,1,0.001
tip,saucepan,1,0.001
take,powder:washing,1,0.001
clean-with,plate,1,0.001
tidy,kitchen,1,0.001
clean-with,processor,1,0.001
clean-with,rag,1,0.001
check,microwave,1,0.001
take,rack:drying,1,0.001
take,rack,1,0.001
take,quorn,1,0.001
take,press:garlic,1,0.001
tie,bread,1,0.001
tilt,pan:frying,1,0.001
tie-in,knot,1,0.001
take,powder:garlic,1,0.001
take,powder:curry,1,0.001
take,powder:chilli,1,0.001
tighten,bag:plastic,1,0.001
take,powder,1,0.001
tighten,moka,1,0.001
tighten,pot:coffee,1,0.001
tilt,instruction,1,0.001
tip,potato,1,0.001
tip-from,milk,1,0.001
take,strainer:tea:pot,1,0.001
rinse,tin:mug,1,0.001
close,bag:grape,1,0.001
close,bag:mozzarella,1,0.001
take,pancake,1,0.001
take,pan:small,1,0.001
take,pan:hob,1,0.001
close,bag:pine:nut,1,0.001
take,pan:baking,1,0.001
close,bag:plastic:trash,1,0.001
tip-into,piece:meat,1,0.001
take,pad,1,0.001
close,bag:coconut,1,0.001
take,packet:salami,1,0.001
tip-into,sink,1,0.001
close,bag:salad,1,0.001
take,packaging:salami,1,0.001
close,bag:sandwich,1,0.001
take,package:wrap,1,0.001
tip-into,water,1,0.001
close,bag:sugar,1,0.001
take,package:plastic,1,0.001
tip-into,onion,1,0.001
tip-into,mixture:egg,1,0.001
take,piece:pasta,1,0.001
tip-into,bin,1,0.001
tip-from,water,1,0.001
take,piece:meat,1,0.001
take,piece:lime,1,0.001
tip-from,whey,1,0.001
clear,spoon,1,0.001
take,piece:courgette,1,0.001
clear,spoon:wooden,1,0.001
take,phone:mobile,1,0.001
tip-in,pan,1,0.001
tip-into,content:plate,1,0.001
take,part:salad:spinner,1,0.001
take,pepper:black,1,0.001
clip,packaging:salad,1,0.001
tip-into,curd,1,0.001
take,peeler:potato,1,0.001
check,jar:pesto:sauce,1,0.001
take,peel:banana,1,0.001
take,peel,1,0.001
close,bag:bread:plastic,1,0.001
close,bag:breadcrumb,1,0.001
take,ramekin,1,0.001
take,reduction:balsamic,1,0.001
take,residue:food,1,0.001
clean-from,surface,1,0.001
clean,water:tap,1,0.001
take,sponge:new,1,0.001
clean,water:tap:cover:sink,1,0.001
take,spice:mixed,1,0.001
throw-into,tomato,1,0.001
clean-around,hob,1,0.001
throw-into,towel:paper,1,0.001
check,mixture,1,0.001
throw-into,tupperware,1,0.001
take,spaghetti,1,0.001
throw-into,teabag,1,0.001
take,soup,1,0.001
throw-off,dirt,1,0.001
clean-from,waste,1,0.001
clean-off,fork,1,0.001
take,smoothie,1,0.001
clean-up,chopstick,1,0.001
take,slice:courgette,1,0.001
clean-up,floor,1,0.001
take,slice:bread,1,0.001
take,spoon:coffee,1,0.001
throw-into,squash,1,0.001
throw-to,packaging,1,0.001
take,steamer,1,0.001
take,strainer:cafetiere,1,0.001
take,strainer,1,0.001
take,stool,1,0.001
check,paprika,1,0.001
throw-into,roll:paper,1,0.001
throw-into,rubbish,1,0.001
throw-into,seed,1,0.001
take,stick:carrot,1,0.001
take,stem:mint,1,0.001
check,pan,1,0.001
throw-into,slice:potato,1,0.001
throw-into,skin,1,0.001
throw-into,skin:carrot,1,0.001
take,stalk,1,0.001
throw-into,skin:egg,1,0.001
check,package:popcorn,1,0.001
take,stack:tub,1,0.001
clean,tupperware,1,0.001
take,squeezer:lemon,1,0.001
throw-into,skin:squash,1,0.001
throw-on,apron,1,0.001
take,skinner:carrot,1,0.001
throw-on,mail,1,0.001
take,salami,1,0.001
throw-out,filter:coffee,1,0.001
clean-with,bowl,1,0.001
clean-with,chopstick,1,0.001
throw-out,food,1,0.001
throw-out,paper,1,0.001
take,sauce:bottle,1,0.001
throw-out,water,1,0.001
throw-out,wrap:plastic,1,0.001
clean-with,hand,1,0.001
clean-with,hand:my,1,0.001
clean-up,game:board,1,0.001
take,rusk,1,0.001
clean-with,hob,1,0.001
take,rosemary,1,0.001
throw-over,backpack,1,0.001
clean-with,machine:coffee,1,0.001
take,rocket,1,0.001
take,rind,1,0.001
clean-with,oven,1,0.001
take,rester:teabag,1,0.001
take,saucer,1,0.001
clean-with,board:chopping,1,0.001
take,sausage:corn,1,0.001
take,scissor,1,0.001
take,skin:onion,1,0.001
throw-on,piece:baking:paper,1,0.001
clean-up,garbage,1,0.001
clean-up,hand,1,0.001
throw-on,plastic,1,0.001
clean-up,hob,1,0.001
take,shirt,1,0.001
take,shell:egg,1,0.001
take,shell,1,0.001
take,sheet:kitchen:roll,1,0.001
take,sharpener:knife,1,0.001
throw-onto,dustpan,1,0.001
clean-up,paper,1,0.001
throw-onto,jar,1,0.001
take,scoop:coffee,1,0.001
take,scoop,1,0.001
check,milk,1,0.001
clean-up,spill,1,0.001
throw-out,bag:oatmeal,1,0.001
take-off,aeropress,1,0.001
take-off,bag,1,0.001
squeeze,cloth:cleaning,1,0.001
tap,brush:pastry,1,0.001
chop-in,cheese,1,0.001
chop-into,potato,1,0.001
chop-off,leek,1,0.001
throw,leftover:egg,1,0.001
tap,holder:coffee,1,0.001
throw,leftover:food,1,0.001
choose,garlic,1,0.001
chop-off,pepper,1,0.001
tap,cheese,1,0.001
tap,brush,1,0.001
tap,strainer:teapot,1,0.001
tap,bread,1,0.001
take-with,tortilla,1,0.001
choose,can,1,0.001
take-with,sausage,1,0.001
throw,net,1,0.001
take-with,pot,1,0.001
take-with,plate,1,0.001
take-with,pasta,1,0.001
take-with,meat,1,0.001
choose,leaf:mint,1,0.001
choose,onion,1,0.001
throw,oil:olive,1,0.001
chop,pizza,1,0.001
taste,cucumber,1,0.001
choose,pepper:bell,1,0.001
taste,corn,1,0.001
taste,cherry,1,0.001
throw,kale,1,0.001
taste,bean:green,1,0.001
tap-with,underside:bread,1,0.001
tap-with,top:bread,1,0.001
tap-with,side:fridge,1,0.001
chop,slice:onion,1,0.001
throw,leek,1,0.001
tap-on,fork,1,0.001
throw,kettle,1,0.001
tap-on,bottle:milk,1,0.001
choose,pear,1,0.001
chop,soap,1,0.001
tap,water:excess,1,0.001
tap,water,1,0.001
throw,leaf:more,1,0.001
tap,tray:weight,1,0.001
take-with,glass,1,0.001
choose,avocado,1,0.001
chuck-into,packet:peanut,1,0.001
throw,packaging:plastic,1,0.001
chop-up,garlic,1,0.001
throw,packaging:cookie,1,0.001
take-out,tomato:chopped,1,0.001
throw,packaging:cream,1,0.001
throw,packaging:green:bean,1,0.001
chop-with,sausage,1,0.001
take-out,tofu,1,0.001
take-out,toaster,1,0.001
take-out,tin,1,0.001
take-out,strainer:tea,1,0.001
chop-up,chilli,1,0.001
take-out,stock,1,0.001
throw,packet,1,0.001
take-out,stick:crab,1,0.001
take-out,stem,1,0.001
throw,pan:cake,1,0.001
chuck-into,cucumber,1,0.001
check-on,time,1,0.001
throw,paper:baking,1,0.001
throw,paper:foil,1,0.001
take-out,towel:paper,1,0.001
check-on,timer,1,0.001
throw,onion:spring,1,0.001
take-out,yeast,1,0.001
take-with,bowl,1,0.001
take-with,bag,1,0.001
take-up,towel:tea,1,0.001
take-up,spoon:soup,1,0.001
take-up,plate,1,0.001
take-up,piece:paper,1,0.001
throw,over:left,1,0.001
take-up,chicken,1,0.001
take-to,trash,1,0.001
chew-on,courgette,1,0.001
throw,package:softener,1,0.001
take-out,wrap:plastic,1,0.001
chop-off,side,1,0.001
take-out,wine,1,0.001
take-out,whetstone,1,0.001
take-out,water:access,1,0.001
throw,package:green:bean,1,0.001
take-out,water,1,0.001
chop-off,stem,1,0.001
throw,package:potato,1,0.001
throw,glass,1,0.001
taste,fraiche:creme,1,0.001
chop,piece:chicken,1,0.001
test,egg,1,0.001
throw,container,1,0.001
throw,container:cream:cheese,1,0.001
test,sharpness:knife,1,0.001
chop,end:chilli,1,0.001
chop,end:cucumber,1,0.001
test,pizza,1,0.001
test,pan:frying,1,0.001
throw,core,1,0.001
test,packet,1,0.001
test,bottle,1,0.001
test,temperature,1,0.001
throw,counter,1,0.001
throw,courgette,1,0.001
tessellate,saucepan,1,0.001
chop,garlic:dice,1,0.001
tear-out,bacon,1,0.001
tear-on,cardboard,1,0.001
tear-off,wrap:plastic,1,0.001
tear-off,sponge,1,0.001
chop,board,1,0.001
test,side:tuna,1,0.001
chop,edge:carrot,1,0.001
taste,mix:meat,1,0.001
throw,bit:garlic,1,0.001
throw,broccoli,1,0.001
throw,bread,1,0.001
throw,box:salad,1,0.001
throw,box:empty,1,0.001
chop,celery,1,0.001
throw,can:tin,1,0.001
throw,can:trash,1,0.001
throw,bit:salad,1,0.001
throw,bit:leaf,1,0.001
throw,bit:garbage,1,0.001
throw,choppings:onion,1,0.001
throw,bit:chilli,1,0.001
chop,choi:pak,1,0.001
throw,band:rubber,1,0.001
throw,chilli,1,0.001
throw,choi:pak,1,0.001
throw,bag:pasta,1,0.001
throw,bag:onion,1,0.001
chop,clove:garlic,1,0.001
chop,cube:stock,1,0.001
tear-off,sheet:kitchen:roll,1,0.001
tear-off,roll:kitchen,1,0.001
tear-off,plastic,1,0.001
taste,salad,1,0.001
tear,dough,1,0.001
tear,bag:plastic,1,0.001
throw,film:cling,1,0.001
throw,flour,1,0.001
tear,bag:compost,1,0.001
tear,bag:carrot:packing,1,0.001
throw,flour:excess,1,0.001
chop,mint,1,0.001
chop,onion:cut:spring,1,0.001
taste,rubbish,1,0.001
throw,cover:can,1,0.001
throw,foil,1,0.001
chop,onion:few,1,0.001
taste,potato,1,0.001
taste,pea,1,0.001
chop,aubergine,1,0.001
taste,paneer,1,0.001
taste,mushroom,1,0.001
chop,artichoke,1,0.001
chop,peanut,1,0.001
tear,film:cling,1,0.001
tear,floret,1,0.001
throw,end:leek,1,0.001
chop,leaf:salad,1,0.001
tear-off,piece:kitchen:roll,1,0.001
throw,cover:tin,1,0.001
tear-off,paper,1,0.001
tear-off,floret:broccoli,1,0.001
throw,cucumber,1,0.001
chop,grass:lemon,1,0.001
tear-off,film:cling,1,0.001
chop,herb,1,0.001
tear-into,broccoli,1,0.001
chop,block,1,0.001
tear-from,towel:kitchen,1,0.001
tear-down,bacon,1,0.001
tear,wrapper,1,0.001
chop,bit:dust,1,0.001
tear,skin:onion,1,0.001
tear,pork,1,0.001
throw,eggshell:little,1,0.001
tear,paper:baking,1,0.001
chop,leaf,1,0.001
take-out,slice:cheese,1,0.001
throw,part:pepper,1,0.001
check,saucepan,1,0.001
clean,hat,1,0.001
throw,tin:empty,1,0.001
check,tag:washing,1,0.001
clean,guard,1,0.001
take-out,box:milk,1,0.001
take-out,box:ice:cream,1,0.001
clean,hand:my,1,0.001
take-out,bottle:coke,1,0.001
check,tag:top,1,0.001
throw,toothpick,1,0.001
take-out,bit:processor,1,0.001
throw,tap,1,0.001
take-out,bin:trash,1,0.001
take-out,bin,1,0.001
take-out,banana,1,0.001
take-out,bag:oatmeal,1,0.001
clean,hole:sink,1,0.001
throw,top,1,0.001
throw,towel,1,0.001
take-out,aubergine,1,0.001
take-out,artichoke,1,0.001
take-out,bread:packing,1,0.001
take-out,breadstick,1,0.001
check,tag,1,0.001
take-out,chorizo,1,0.001
check,temperature:watch,1,0.001
take-out,corn:salt,1,0.001
take-out,coriander,1,0.001
take-out,container:food,1,0.001
throw,skin:banana,1,0.001
take-out,container,1,0.001
check,temperature:tap,1,0.001
take-out,clove:garlic,1,0.001
throw,slice:lemon,1,0.001
take-out,chilli,1,0.001
throw,sugar,1,0.001
take-out,cherry,1,0.001
check,tap,1,0.001
throw,stock,1,0.001
clean,fridge,1,0.001
take-out,cereal,1,0.001
take-out,carrot,1,0.001
take-out,cake:fish,1,0.001
take-out,butter:peanut,1,0.001
take-out,brush,1,0.001
take-on,plate,1,0.001
throw,towel:paper,1,0.001
take-out,sieve,1,0.001
throw-away,filter:coffee,1,0.001
clean,machine:coffee,1,0.001
take-off,leaf,1,0.001
take-off,glove:rubber,1,0.001
check,sprout:cooked,1,0.001
throw-away,box:pizza,1,0.001
take-off,foil,1,0.001
throw-away,coffee,1,0.001
take-off,filter,1,0.001
throw-away,cucumber,1,0.001
clean,mezzaluna,1,0.001
take-off,lid:pot,1,0.001
take-off,coffee,1,0.001
check,seal,1,0.001
take-off,card,1,0.001
throw-away,packaging,1,0.001
take-off,cap:salt,1,0.001
take-off,brush,1,0.001
take-off,bottle,1,0.001
take-off,bit:cheese,1,0.001
throw-away,packaging:pizza,1,0.001
take-off,lid:oregano,1,0.001
take-off,lid:tupperware,1,0.001
take-off,tray,1,0.001
take-off,potato,1,0.001
take-off,top,1,0.001
clean,lid,1,0.001
check,table,1,0.001
take-off,stem,1,0.001
take-off,spinach,1,0.001
throw,wastebasket,1,0.001
clean,lid:teapot,1,0.001
clean,lid:tin,1,0.001
check,stove,1,0.001
throw,wrap,1,0.001
throw-away,bit:garlic,1,0.001
take-off,plastic,1,0.001
throw,wrapper:bacon,1,0.001
throw,wrapping,1,0.001
take-off,piece:carrot,1,0.001
throw,wrapping:plastic,1,0.001
throw-away,bag:spaghetti,1,0.001
take-off,mitten,1,0.001
take-off,milk:soy,1,0.001
take-off,light,1,0.001
throw,sink:kitchen,1,0.001
take-out,cracker,1,0.001
throw,shell:egg,1,0.001
take-out,pack:pasta,1,0.001
clean,burner,1,0.001
check-on,coffee,1,0.001
take-out,paprika,1,0.001
take-out,pan:cast:iron,1,0.001
clean,cap:sink,1,0.001
take-out,package:food,1,0.001
throw,peel:potato,1,0.001
take-out,package:bread,1,0.001
check-on,blueberry,1,0.001
take-out,oregano,1,0.001
take-out,phone,1,0.001
take-out,onion:spring,1,0.001
take-out,oil:olive,1,0.001
take-out,oil:chilli,1,0.001
clean,catcher:sink,1,0.001
take-out,oatmeal,1,0.001
throw,piece:biscuit,1,0.001
take-out,noodle:convenient,1,0.001
take-out,noodle,1,0.001
clean,choi:pak,1,0.001
clean,brusher,1,0.001
clean,brush:washing:up,1,0.001
take-out,cupboard,1,0.001
throw,peel:garlic,1,0.001
take-out,scissors,1,0.001
clamp,bag,1,0.001
take-out,sauce:jarred,1,0.001
take-out,sauce:fish,1,0.001
take-out,sauce:black:bean,1,0.001
throw,pasta,1,0.001
throw,pear,1,0.001
check-on,microwave,1,0.001
check-on,meat,1,0.001
clean,board,1,0.001
clean,box:lunch,1,0.001
clean,board:cutting,1,0.001
take-out,sachet:flavour,1,0.001
take-out,roll:kitchen,1,0.001
clean,bottom:processor,1,0.001
take-out,rest,1,0.001
throw,peel:melon,1,0.001
take-out,raisin,1,0.001
take-out,processor,1,0.001
take-out,pot:cooking,1,0.001
clean,cloth:table,1,0.001
take-out,mixture:whole,1,0.001
clean,cloth:washing,1,0.001
check,tuna,1,0.001
take-out,glove,1,0.001
take-out,ginger,1,0.001
throw,residue,1,0.001
take-out,garlic,1,0.001
check,watch,1,0.001
throw,rest,1,0.001
take-out,foil:kitchen,1,0.001
take-out,foil:aluminium,1,0.001
take-out,flour,1,0.001
clean,dust,1,0.001
clean,corn,1,0.001
take-out,drawer,1,0.001
throw,saucer:soap,1,0.001
throw,sausage,1,0.001
clean,filter:coffee:maker,1,0.001
take-out,dishwasher,1,0.001
clean,filter:moka:pot,1,0.001
throw,seal,1,0.001
throw,seed,1,0.001
throw,seed:olive,1,0.001
throw,potato,1,0.001
take-out,grid,1,0.001
take-out,grill,1,0.001
take-out,grocery,1,0.001
take-out,margarine,1,0.001
take-out,lid:tupperware,1,0.001
throw,piece:ice,1,0.001
take-out,lid:saucepan,1,0.001
clean,counter:sink,1,0.001
throw,piece:pasta,1,0.001
take-out,jug,1,0.001
take-out,jar:pesto,1,0.001
throw,piece:salad,1,0.001
take-out,jam,1,0.001
take-out,item:fridge,1,0.001
take-out,iron:cast,1,0.001
throw,piece:tomato,1,0.001
take-out,ingredient,1,0.001
check-in,coffee,1,0.001
take-out,heart:tomato,1,0.001
check-in,clothes,1,0.001
check-in,butter,1,0.001
throw,pot:kiwi,1,0.001
take,package:parsley,1,0.001
take,package:cracker,1,0.001
take,package:cookie,1,0.001
stir-in,mix,1,0.001
break,slice:cheese,1,0.001
stir-in,stock,1,0.001
close,plate,1,0.001
close,plug,1,0.001
break,garlic,1,0.001
break,broccoli,1,0.001
stir-in,pan,1,0.001
close,pot:mocha,1,0.001
stir-in,mixture,1,0.001
turn-on,hood,1,0.001
close,pitcher,1,0.001
turn-on,hoover,1,0.001
turn-on,hop,1,0.001
close,pot:sauce,1,0.001
turn-on,lamp,1,0.001
stir-in,knife,1,0.001
close,pot:tea,1,0.001
close,powder:cocoa,1,0.001
close,powder:curry,1,0.001
close,powder:garlic,1,0.001
stir-in,sugar,1,0.001
stir-in,water,1,0.001
turn-on,light:hob,1,0.001
stir-with,curd,1,0.001
turn-on,coffee,1,0.001
stir-with,potato,1,0.001
close,paprika,1,0.001
break,towel:paper,1,0.001
turn-on,dial,1,0.001
stir-with,milk,1,0.001
stir-with,meat,1,0.001
stir-with,honey,1,0.001
break,towel,1,0.001
stir-with,bacon,1,0.001
break,stock,1,0.001
turn-on,fan,1,0.001
close,paste:red:pepper,1,0.001
close,pesto,1,0.001
stir-into,sugar,1,0.001
stir-into,sauce:spicy:bean,1,0.001
stir-into,rice,1,0.001
stir-into,juice:lemon,1,0.001
stir-into,egg,1,0.001
stir-in,water:hot,1,0.001
boil,pasta,1,0.001
turn-on,light:oven,1,0.001
ball-up,film:cling,1,0.001
close,stock,1,0.001
bite,apple,1,0.001
close,sauce:fish,1,0.001
turn-on,pan,1,0.001
stir,shrimp,1,0.001
turn-on,phone,1,0.001
stir,sausage,1,0.001
turn-on,processor,1,0.001
bin,bin,1,0.001
close,saucepan,1,0.001
begin,microwave,1,0.001
stir,spice,1,0.001
turn-on,socket,1,0.001
stir,rise,1,0.001
stir,rice:vegetable,1,0.001
turn-on,steam,1,0.001
turn-on,stereo,1,0.001
bash-against,bottle:milk,1,0.001
close,sweetcorn,1,0.001
stir,powder:biscuit,1,0.001
close,tabasco,1,0.001
close,sauce:black:bean,1,0.001
blend,meat:minced,1,0.001
turn-on,lighter,1,0.001
blow,nose,1,0.001
close,press:garlic,1,0.001
boil,kettle,1,0.001
blow-out,candle,1,0.001
close,presser,1,0.001
close,processor:food,1,0.001
turn-on,machine:sous:vide,1,0.001
stir,wok,1,0.001
close,purse,1,0.001
close,reduction:balsamic,1,0.001
blend,pea,1,0.001
stir,spinach,1,0.001
stir,tomato:chopped,1,0.001
stir,toast,1,0.001
stir,thigh:chicken,1,0.001
turn-on,number:hob,1,0.001
stir,tahini,1,0.001
stir,sugar,1,0.001
close,rosemary,1,0.001
close,sachet,1,0.001
close,salad,1,0.001
turn-on,cleaner,1,0.001
stir-with,soup:sauce,1,0.001
stir-with,spatula,1,0.001
turn-off,phone,1,0.001
submerge,peeler,1,0.001
submerge,pan,1,0.001
submerge,masher,1,0.001
break-up,salmon,1,0.001
submerge,lid:pan,1,0.001
submerge,knife,1,0.001
break-up,piece:garlic,1,0.001
close,packaging:butter,1,0.001
turn-off,pan,1,0.001
turn-off,pot,1,0.001
close,packaging:bread,1,0.001
break-up,meat,1,0.001
stuff,sandwich,1,0.001
stretch-out,hand,1,0.001
stretch-onto,seal:clip:top:jar,1,0.001
stretch-around,seal:clip:top:jar,1,0.001
stretch,towel,1,0.001
stretch,seal,1,0.001
break-up,garlic,1,0.001
close,packing,1,0.001
bring,oil:olive,1,0.001
turn-off,machine:washing,1,0.001
stir-with,spoon,1,0.001
close,package:salt,1,0.001
turn-off,grinder,1,0.001
sweep-into,dust,1,0.001
sweep-into,dirt,1,0.001
sweep-from,flour,1,0.001
brush,crumb,1,0.001
sweep-from,floor,1,0.001
close,package:powder,1,0.001
sweep,floor:kitchen,1,0.001
brush,cover,1,0.001
turn-off,hob:induction,1,0.001
bring-into,milk,1,0.001
swap,pot,1,0.001
turn-off,hood:kitchen,1,0.001
brush,brush,1,0.001
brush,bottom:sink,1,0.001
submerge-in,tray:baking,1,0.001
turn-off,lid,1,0.001
submerge,tray:baking,1,0.001
close,package:sausage,1,0.001
turn-off,machine,1,0.001
stretch,ball:dough,1,0.001
stretch,bag:open:pine:nut,1,0.001
stretch,bag:new,1,0.001
store,egg,1,0.001
close,pan:cake,1,0.001
store,pan,1,0.001
store,package,1,0.001
store,mug,1,0.001
store,milk,1,0.001
turn-off,washer,1,0.001
store,lid,1,0.001
store,grinder,1,0.001
close,paper:baking,1,0.001
break-apart,slice:butter,1,0.001
turn-off,system:weighing,1,0.001
break-apart,meat,1,0.001
stop,video,1,0.001
stop,toaster,1,0.001
stop,salad,1,0.001
stop,processor:food,1,0.001
stop,processor,1,0.001
turn-on,candle,1,0.001
stop,fridge,1,0.001
stop,food,1,0.001
store,salsa,1,0.001
store,sauce,1,0.001
store,spoon,1,0.001
store,tableware,1,0.001
stretch,bag:compost,1,0.001
stretch,bag,1,0.001
strain-in,corn,1,0.001
break-up,cube:gravy,1,0.001
strain-from,water,1,0.001
break-off,piece:ginger,1,0.001
strain,spaghetti,1,0.001
strain,potato,1,0.001
strain,parsley,1,0.001
strain,can,1,0.001
straighten-out,finger:rubber:glove,1,0.001
straighten,tray:baking,1,0.001
straighten,towel:tea,1,0.001
straighten,paper:greaseproof,1,0.001
break-off,cracker,1,0.001
straighten,bottle:water,1,0.001
straighten,bag:flour,1,0.001
straighten,aeropress,1,0.001
store-in,sugar,1,0.001
stir,pot,1,0.001
stir,pistachio,1,0.001
check,hob,1,0.001
squeeze-out,water:excess,1,0.001
cook,sprout,1,0.001
turn-up,stove,1,0.001
squirt,cleaner,1,0.001
squidge-with,dough,1,0.001
squidge-into,rice,1,0.001
twist,bowl,1,0.001
twist,cloth:cleaning,1,0.001
cook-into,fish,1,0.001
squidge,bag,1,0.001
twist,pack:battery,1,0.001
turn-up,heat:hob,1,0.001
twist,packet:bread,1,0.001
squeeze-out,spoon,1,0.001
count,boiler,1,0.001
arrange-on,tomato,1,0.001
squeeze-onto,roll:kitchen,1,0.001
unattach,blender:hand,1,0.001
squeeze-onto,honey,1,0.001
count,plate:pasta,1,0.001
count,square:paper,1,0.001
assemble,cap:burner,1,0.001
assemble,teapot,1,0.001
cover,blender,1,0.001
cook,lettuce,1,0.001
connect,plug,1,0.001
stack,sandwich,1,0.001
stack,plate,1,0.001
stack,jug:measuring,1,0.001
cook,chorizo,1,0.001
turn-over,piece:meat,1,0.001
stack,dish:oven,1,0.001
turn-over,piece:tofu,1,0.001
turn-over,saucepan,1,0.001
turn-over,sheath,1,0.001
turn-up,gas,1,0.001
stack,bean:green,1,0.001
cook,pasta,1,0.001
stab,hand,1,0.001
cook,ring:onion,1,0.001
squish-into,patty,1,0.001
squish,mat:sushi,1,0.001
squish,bag,1,0.001
turn-to,bagel,1,0.001
turn-to,tap,1,0.001
unclip,sugar,1,0.001
squeeze-into,mixture,1,0.001
turn-on,switch:light,1,0.001
cover,container:sauce,1,0.001
squeeze,press:garlic,1,0.001
arrange,tap,1,0.001
squeeze,pepper,1,0.001
unfold,edge:dough,1,0.001
squeeze,pasta,1,0.001
unfold,glove:rubber,1,0.001
unfold,paper:baking,1,0.001
squeeze,mayonnaise,1,0.001
squeeze,maker:coffee,1,0.001
cover,curry,1,0.001
squeeze,sausage,1,0.001
unfold,paper:foil,1,0.001
cover,dough,1,0.001
cover,food,1,0.001
squeeze,excess:water,1,0.001
cover,glass,1,0.001
squeeze,detergent,1,0.001
cover,grinder,1,0.001
squeeze,clothe,1,0.001
squeeze,cloth:wiping,1,0.001
arrange-in,avocado,1,0.001
squeeze,shut:bag,1,0.001
uncork,bottle,1,0.001
squeeze-in,curry,1,0.001
uncover,bowl,1,0.001
squeeze-into,ketchup,1,0.001
squeeze-into,honey,1,0.001
arrange-on,pan,1,0.001
squeeze-into,detergent,1,0.001
squeeze-into,ball:dough,1,0.001
squeeze-in,water:excess,1,0.001
squeeze-in,salt,1,0.001
squeeze-in,lemon,1,0.001
squeeze-from,whey,1,0.001
cover,can:tomato,1,0.001
squeeze-around,film:cling,1,0.001
unfold,bag,1,0.001
cover,bread,1,0.001
squeeze,water,1,0.001
squeeze,tuna,1,0.001
squeeze,tomato,1,0.001
unfold,bag:flour,1,0.001
squeeze,spray:cleaning,1,0.001
cover,bun:steamed,1,0.001
turn-over,packet:tablet,1,0.001
stack,tomato,1,0.001
stack-in,bowl:plate,1,0.001
stir,kale,1,0.001
close,vinegar:balsamic,1,0.001
attach,tin,1,0.001
stir,milk:coconut,1,0.001
close,wastebasket,1,0.001
turn-over,aeropress,1,0.001
close,water:tap,1,0.001
stir,liquid,1,0.001
close,wine,1,0.001
stir,leaf:bay,1,0.001
attach,part:juicer,1,0.001
turn-on,water:hot,1,0.001
stir,granule,1,0.001
stir,granola,1,0.001
close-in,lid,1,0.001
stir,fridge,1,0.001
close-off,scale,1,0.001
close-on,lid,1,0.001
collapse,curd:bean,1,0.001
collect,cabbage,1,0.001
stir,dumpling,1,0.001
close,ventilator,1,0.001
stir,mixture:pistachio,1,0.001
stack-up,cucumber,1,0.001
close,tin:yeast,1,0.001
bake,tray,1,0.001
turn-on,tap:hot,1,0.001
stir,pesto,1,0.001
turn-on,temperature:oven,1,0.001
close,tahini,1,0.001
turn-on,timer:oven,1,0.001
close,tap,1,0.001
stir,paneer,1,0.001
close,tin:coffee:bean,1,0.001
stir,paella,1,0.001
stir,mocha,1,0.001
close,toaster,1,0.001
stir,omelette,1,0.001
stir,omelet,1,0.001
close,tongs,1,0.001
attach-onto,scissors,1,0.001
close,tupperware:butter,1,0.001
close,tupperware:oregano,1,0.001
stir,mug:coffee,1,0.001
close,tupperware:sugar,1,0.001
stir,drink,1,0.001
collect,piece:fish,1,0.001
turn-over,board:chopping,1,0.001
start,kettle,1,0.001
turn-over,colander,1,0.001
stem,leaf,1,0.001
turn-over,cooker:rice,1,0.001
start,tomato,1,0.001
start,stove,1,0.001
start,processor:food,1,0.001
turn-over,corn,1,0.001
compress,sandwich,1,0.001
attach,holder:coffee,1,0.001
turn-over,dish:oven,1,0.001
throw,butter,1,0.001
attach,cover:food:processor,1,0.001
compress-on,meat,1,0.001
start,heat,1,0.001
start,heart,1,0.001
turn-over,instruction,1,0.001
start,dish,1,0.001
stare-at,cupboard,1,0.001
stand-up,rice,1,0.001
turn-over,loaf:bread,1,0.001
turn-over,cheese,1,0.001
compress,bottle:milk,1,0.001
compress,bag:pasta,1,0.001
combine-into,mixture,1,0.001
attach,nozzle:coffee,1,0.001
turn-over,booklet:recipe,1,0.001
collect,potato,1,0.001
stir,coriander,1,0.001
turn-over,bowl,1,0.001
collect,rind,1,0.001
stir,content:mug,1,0.001
turn-over,bread,1,0.001
stir,coffee:mug,1,0.001
collect,skin:onion,1,0.001
collect-from,spatula,1,0.001
collect-into,hand,1,0.001
collect-into,piece:food,1,0.001
turn-over,carrot,1,0.001
stir,cereal,1,0.001
combine,egg,1,0.001
stir,butter:melted,1,0.001
stir,butter,1,0.001
combine-from,fish,1,0.001
sweep-up,garlic,1,0.001
sweeten,tea,1,0.001
turn-off,flame:stove,1,0.001
transfer-to,ramekin,1,0.001
check,cooker,1,0.001
transfer-into,egg,1,0.001
take,flower,1,0.001
close,cooker:steam,1,0.001
take,flake:chilli,1,0.001
transfer-into,meat,1,0.001
transfer-to,bottle:milk,1,0.001
transfer-to,pan,1,0.001
transfer-to,plug,1,0.001
close,cover:hob,1,0.001
close,cooker,1,0.001
take,film,1,0.001
take,fat,1,0.001
take,end:aubergine,1,0.001
take,eggshell,1,0.001
take,egg:scotch,1,0.001
close,cover:pen,1,0.001
take,dustpan,1,0.001
take,drink,1,0.001
check,cherry:frozen,1,0.001
close,cooker:rice,1,0.001
take,fork:knife,1,0.001
take,drainer,1,0.001
close,container:oil,1,0.001
take,holder:jug,1,0.001
check,cover,1,0.001
take,holder:filter,1,0.001
take,hand,1,0.001
close,container:milk,1,0.001
take,ground:coffee,1,0.001
take,grinder,1,0.001
take,grid,1,0.001
transfer-from,pasta,1,0.001
close,container:pasta,1,0.001
take,fork:wash,1,0.001
close,container:salt,1,0.001
take,glass:new,1,0.001
close,container:spice,1,0.001
take,ginger,1,0.001
take,geographic:national,1,0.001
close,container:sugar,1,0.001
close,container:tomato,1,0.001
take,fruit,1,0.001
take,form,1,0.001
close,cube:stock,1,0.001
close,dishwater,1,0.001
swirl,water,1,0.001
check,base:pizza,1,0.001
turn,blade:chopping,1,0.001
turn,blender,1,0.001
take,corkscrew,1,0.001
turn,board:cutting,1,0.001
take,core:apple,1,0.001
check,bowl:washing:up,1,0.001
take,cooker:rice,1,0.001
take,container:tofu,1,0.001
take,container:sugar,1,0.001
close,fan:extractor,1,0.001
turn,aeropress,1,0.001
take,container:ground:coffee,1,0.001
close,film,1,0.001
change-for,pot,1,0.001
close,fire,1,0.001
close,flake:chilli,1,0.001
take,coconut,1,0.001
take,clove:garlic,1,0.001
take,clove,1,0.001
turn,cloth,1,0.001
turn,bagel,1,0.001
close,drawer:washing:machine,1,0.001
close,door:cabinet,1,0.001
check,box,1,0.001
transition,floor,1,0.001
trash,skin:banana,1,0.001
close,door:freezer,1,0.001
take,device:cutting,1,0.001
close,door:kitchen,1,0.001
trim,bean:green,1,0.001
take,dal:urad,1,0.001
take,dal:chana,1,0.001
check,burger:tuna,1,0.001
take,cut:cold,1,0.001
take,cracker,1,0.001
close,drawer:coffee:machine,1,0.001
take,cup:tea,1,0.001
take,cup:milk,1,0.001
tuck-under,towel:tea,1,0.001
close,drawer:open,1,0.001
close,drawer:refrigerator,1,0.001
tun-on,water,1,0.001
take,cucumber:sliced,1,0.001
take,crisp,1,0.001
transfer,water,1,0.001
take,holder:teabag,1,0.001
close,container:cheese,1,0.001
check,fish,1,0.001
close,book:recipe,1,0.001
close,bottle:gin,1,0.001
take,mobile,1,0.001
close,bottle:nesquik,1,0.001
take,mixer,1,0.001
tip-over,cafetiere,1,0.001
take,mitten:oven,1,0.001
take,mitt:oven,1,0.001
toast,bread,1,0.001
take,milk:coconut,1,0.001
take,mustard,1,0.001
toss,bag,1,0.001
close,bottle:rice:vinegar,1,0.001
take,mesh,1,0.001
take,meat:nasty,1,0.001
take,meat:minced,1,0.001
take,meat:fish,1,0.001
take,mat:place,1,0.001
take,masala,1,0.001
close,bottle:squash,1,0.001
close,book,1,0.001
tip-over,bottle:oil,1,0.001
close,container:cake,1,0.001
take,opener:can,1,0.001
check,heat:cooker,1,0.001
take,package:bacon,1,0.001
tip-out,box:lunch,1,0.001
take,pack:tomato,1,0.001
take,pack:soup,1,0.001
take,pack:salad,1,0.001
close,bag:tea,1,0.001
take,pack,1,0.001
close,bag:toast:bread,1,0.001
take,opener:bottle,1,0.001
close,boiler:water,1,0.001
tip-out,mug,1,0.001
close,bag:tomato,1,0.001
tip-out,paneer,1,0.001
take,oil:sesame,1,0.001
tip-out,tofu,1,0.001
close,bin:recycling,1,0.001
close,blackberry,1,0.001
close,blueberry,1,0.001
take,noodle,1,0.001
take,maker:coffee,1,0.001
close,bottle:vanilla:extract,1,0.001
toss,cucumber,1,0.001
close,bread:white,1,0.001
touch,clip:clip:top:jar,1,0.001
touch,dough:bread,1,0.001
take,knife:spreading,1,0.001
touch,fridge,1,0.001
take,knife:paring,1,0.001
take,knife:mezzaluna,1,0.001
take,knife:fork,1,0.001
touch,plate,1,0.001
take,knife:chef,1,0.001
take,kitchen,1,0.001
toss,ground:coffee,1,0.001
touch,roll:kitchen,1,0.001
touch,top:clip:top:jar,1,0.001
take,jug:water,1,0.001
take,jug:cafetiere,1,0.001
touch,tray:baking,1,0.001
transfer,meat,1,0.001
take,jar:pesto,1,0.001
take,jar:jam,1,0.001
close,case,1,0.001
touch,broccoli,1,0.001
toss,water:dirty,1,0.001
take,ladder,1,0.001
close,bread:toast,1,0.001
toss,residue:food,1,0.001
close,box:bread,1,0.001
close,box:breadstick,1,0.001
take,lid:tupperware,1,0.001
check,curry,1,0.001
close,box:carrot,1,0.001
take,lid:pot,1,0.001
take,lid:coffee:tin,1,0.001
check,cover:food:processor,1,0.001
close,box:cheese,1,0.001
close,box:coffee,1,0.001
close,box:mushroom,1,0.001
take,leftover,1,0.001
take,leaf:oregano,1,0.001
take,leaf:mint,1,0.001
close,box:noodle,1,0.001
close,box:rice,1,0.001
take,leaf:basil,1,0.001
take,lead,1,0.001
change,temp,1,0.001
change,side:blade,1,0.001
close,garlic,1,0.001
switch-up,heat,1,0.001
turn-down,heat:oven,1,0.001
take,asparagus,1,0.001
take,apron,1,0.001
close,mushroom,1,0.001
brush-off,flour,1,0.001
take,alcohol,1,0.001
turn-down,knob:heat,1,0.001
brush-into,flour,1,0.001
switch-up,oven,1,0.001
switch-to,dough,1,0.001
turn-down,heat:hob,1,0.001
turn-down,oven,1,0.001
switch-out,water:tap,1,0.001
switch-out,pot:left,1,0.001
turn-down,temperature:hob,1,0.001
turn-in,bread,1,0.001
close,nutella,1,0.001
switch-on,water,1,0.001
switch-on,toaster,1,0.001
turn-in,loaf:bread,1,0.001
close,mixer,1,0.001
close,mix:spice,1,0.001
brush-on,oil,1,0.001
take,bag:garbage,1,0.001
take,bag:plastic:trash,1,0.001
close,lid:vinegar:bottle,1,0.001
close,machine,1,0.001
turn,volume,1,0.001
close,machine:washer,1,0.001
take,bag:oregano,1,0.001
turn,water,1,0.001
take,bag:ginger,1,0.001
take,bag:garlic,1,0.001
turn-around,bread,1,0.001
close,milk:soya,1,0.001
take,bag:flower,1,0.001
close,mat:place,1,0.001
take,bag:fish,1,0.001
turn-away,packaging,1,0.001
turn-down,cooker,1,0.001
turn-down,fan,1,0.001
take,bag:carrot,1,0.001
take,bag:bread,1,0.001
brush-off,hand,1,0.001
brush,presser:garlic,1,0.001
close,oatmeal,1,0.001
switch-on,oven:left,1,0.001
close,package:parmesan,1,0.001
brush,pot:food,1,0.001
switch-off,microwave,1,0.001
close,package:honey,1,0.001
switch-off,knob,1,0.001
switch-off,kettle,1,0.001
turn-off,cooker:rice,1,0.001
close,package:olive,1,0.001
switch-off,heat:right,1,0.001
turn-off,cooker:water,1,0.001
switch-off,fan:extractor,1,0.001
close,oil:chilli,1,0.001
switch-off,fan,1,0.001
turn-off,dishwasher,1,0.001
switch-off,cooker,1,0.001
turn-off,extractor,1,0.001
switch-of,water:tap,1,0.001
switch,pot:pressure,1,0.001
switch,position:pot,1,0.001
switch,cabinet,1,0.001
switch,bag,1,0.001
close,package:fish:finger,1,0.001
switch-off,oven:left,1,0.001
turn-off,coffee,1,0.001
switch-off,pot,1,0.001
turn-of,machine:coffee,1,0.001
switch-on,microwave,1,0.001
switch-on,machine:coffee,1,0.001
turn-of,switch,1,0.001
turn-of,tap,1,0.001
switch-on,kettle:electronic,1,0.001
turn-off,alarm,1,0.001
close,pack:egg,1,0.001
brush,pot:top,1,0.001
switch-on,cover:bottom,1,0.001
switch-on,cooker:electric,1,0.001
switch-on,cooker,1,0.001
turn-off,bread,1,0.001
close,package:butter,1,0.001
switch-off,top:oven,1,0.001
turn-off,button,1,0.001
switch-off,tap,1,0.001
close,package:egg,1,0.001
switch-off,source:power,1,0.001
take,bag:rubbish,1,0.001
take,bag:salad,1,0.001
close,garni:bouquet,1,0.001
turn,loaf:bread,1,0.001
turn,jug,1,0.001
close,jar:pepper,1,0.001
turn,kettle,1,0.001
take,cake:rice,1,0.001
change,channel,1,0.001
take,cabinet,1,0.001
close,jar:pesto:sauce,1,0.001
take,brush:dish,1,0.001
close,jar:sauce,1,0.001
change,angle:blade,1,0.001
turn,hob,1,0.001
catch,v60,1,0.001
close,jar:thyme,1,0.001
take,bread:white,1,0.001
take,bread:pitta,1,0.001
catch,tray:falling,1,0.001
close,ketchup,1,0.001
take,box:scotch:egg,1,0.001
take,box:plastic,1,0.001
turn,meat:stirring,1,0.001
take,can:tomato,1,0.001
take,candle,1,0.001
take,bag:salt,1,0.001
close,holder:tablet,1,0.001
close,glass,1,0.001
close,granola,1,0.001
turn,cooker:rice,1,0.001
turn,corn,1,0.001
close,hamburger,1,0.001
change,grinder,1,0.001
take,chopper:moon,1,0.001
close,heat,1,0.001
close,hob,1,0.001
close,honey,1,0.001
turn,heat,1,0.001
change,chopstick,1,0.001
close,jam,1,0.001
take,cheese:feta,1,0.001
close,jar:chilli:flake,1,0.001
close,jar:clip:top,1,0.001
close,jar:coconut,1,0.001
take,carton:egg,1,0.001
close,jar:herb,1,0.001
turn,grinder:coffee,1,0.001
turn,mould:ring:cake,1,0.001
take,box:fajitas,1,0.001
turn,muffin,1,0.001
take,bin:rolling,1,0.001
take,boiler:water,1,0.001
take,board:eating,1,0.001
close,lid:pepper:container,1,0.001
close,lid:salt,1,0.001
take,blueberry,1,0.001
take,block:tofu,1,0.001
take,bite,1,0.001
close,lid:sesame:oil,1,0.001
take,bit:carrot,1,0.001
take,bin:bread,1,0.001
take,box:egg,1,0.001
close,lid:spice:container,1,0.001
take,berry,1,0.001
carry,bag,1,0.001
close,lid:teapot,1,0.001
take,basket:washing,1,0.001
calibrate,scale,1,0.001
take,bar:cereal,1,0.001
turn,tongs,1,0.001
close,lid:trash:bin,1,0.001
take,booklet:instruction,1,0.001
close,lid:olive:oil,1,0.001
close,lid:oil:container,1,0.001
turn,plate,1,0.001
turn,mug,1,0.001
catch,bottle:water,1,0.001
turn,onion,1,0.001
take,box:bread,1,0.001
close,lid:clip:top:jar,1,0.001
catch,bottle:milk,1,0.001
take,bowl:washing:up,1,0.001
close,lid:coffee:machine,1,0.001
take,bowl:raspberry,1,0.001
take,bowl:mushroom,1,0.001
take,bowl:corn,1,0.001
carry,laundry,1,0.001
carry,filter:water,1,0.001
turn,piece:butter,1,0.001
close,lid:food:bin,1,0.001
take,bottle:wine,1,0.001
close,lid:jug,1,0.001
close,lid:milk,1,0.001
turn,pizza,1,0.001
open,hood,1,0.001
put-onto,board:cutting,1,0.001
drop,colander,1,0.001
measure,peanut,1,0.001
pour,granola,1,0.001
pour,glass,1,0.001
measure,pepper:cayenne,1,0.001
pour,flake:chilli,1,0.001
measure,powder:baking,1,0.001
measure,powder:garlic,1,0.001
pour,cup,1,0.001
pour,cream,1,0.001
pour,corn:sweet,1,0.001
pour,content:tupperware,1,0.001
pour,content,1,0.001
measure,root:galangal,1,0.001
pour,cinnamon,1,0.001
pour,chocolate,1,0.001
measure,sauce:fish,1,0.001
pour,carrot,1,0.001
pour,butter,1,0.001
pour,broth,1,0.001
pour,bowl:washing:up,1,0.001
pour,bowl,1,0.001
measure,seed:coriander,1,0.001
pour,biscuit,1,0.001
pour,bin,1,0.001
measure,seed:cumin,1,0.001
measure,temperature:curd,1,0.001
pour,granule,1,0.001
pour,kale,1,0.001
make,curry,1,0.001
measure,paste:shrimp,1,0.001
pour,parmesan,1,0.001
pour,paprika,1,0.001
make-in,bowl,1,0.001
pour,onion:spring,1,0.001
make-into,cabbage,1,0.001
pour,omelette,1,0.001
pour,olive,1,0.001
pour,oil:sesame,1,0.001
make-into,garlic,1,0.001
marinate,meat,1,0.001
pour,mixture:lemon:curd,1,0.001
pour,mixture:cheese,1,0.001
pour,mixture,1,0.001
pour,mirin,1,0.001
pour,milk:soya,1,0.001
mark-on,boundary:cake:mould,1,0.001
pour,milk:more,1,0.001
pour,milk:coconut,1,0.001
mash,garlic,1,0.001
measure,breadcrumb,1,0.001
measure,depth:water,1,0.001
measure,onion,1,0.001
pour,liquid:dish:washing,1,0.001
measure,paprika,1,0.001
measure,pasta,1,0.001
position,cooker,1,0.001
pose,tray:ice,1,0.001
pose,jar,1,0.001
pose,bowl:salad,1,0.001
place-on,tray,1,0.001
measure-into,flour,1,0.001
place-on,top:pan,1,0.001
place-on,top:cafetiere,1,0.001
measure-into,water,1,0.001
place-on,table,1,0.001
measure-out,partition:dough,1,0.001
place-on,spatula,1,0.001
place-on,sauce,1,0.001
place-on,salt,1,0.001
place-on,rack:drying,1,0.001
place-on,pot:salt,1,0.001
mix,breadcrumb,1,0.001
place-on,pepper:bell,1,0.001
place-on,pepper,1,0.001
mix,broccoli,1,0.001
place-on,packet:cookie,1,0.001
place-on,package:popcorn,1,0.001
place-on,oil,1,0.001
place-on,mug,1,0.001
place-on,mould:cake,1,0.001
mix,content,1,0.001
place-on,loaf:bread,1,0.001
place-on,lid:pot,1,0.001
mix,content:pan,1,0.001
place-onto,bottle,1,0.001
place-onto,dough,1,0.001
place-onto,grater,1,0.001
plug-in,machine:sous:vide,1,0.001
pop-out,tablet:rennet,1,0.001
pop-out,tablet,1,0.001
measure,thyme,1,0.001
pop-into,cube:ice,1,0.001
poke,fish,1,0.001
poke,egg,1,0.001
poke,belly:pork,1,0.001
plug-into,socket,1,0.001
plug-in,wire,1,0.001
plug-in,toaster,1,0.001
measure,wine,1,0.001
plug-in,grinder,1,0.001
place-onto,knife:fork,1,0.001
plug-in,cooker:slow,1,0.001
plug-in,cooker:rice,1,0.001
plug,bottle,1,0.001
plug,blender,1,0.001
plate-up,pasta,1,0.001
plate-on,pan,1,0.001
place-with,dish,1,0.001
place-up,tablecloth,1,0.001
place-under,pan,1,0.001
place-over,board:chopping,1,0.001
measure-in,pan,1,0.001
make,onion,1,0.001
pour,pepper:more,1,0.001
pick-up,waste,1,0.001
look-at,tablespoon,1,0.001
pour-in,mixture,1,0.001
pour-in,meat,1,0.001
look-at,timer,1,0.001
look-at,timer:oven,1,0.001
pour-in,juice,1,0.001
pour-in,honey,1,0.001
pour-in,garlic,1,0.001
pour-in,flour:more,1,0.001
pour-in,flake:chilli,1,0.001
look-at,underside:tuna:burger,1,0.001
pour-in,dustpan,1,0.001
pour-in,curry,1,0.001
pour-in,content,1,0.001
pour-in,container,1,0.001
look-behind,bag:flour,1,0.001
pour-in,cinnamon,1,0.001
pour-in,chicken,1,0.001
pour-in,cherry,1,0.001
pour-in,blueberry,1,0.001
pour-in,bean:green,1,0.001
look-for,board:chopping,1,0.001
pour-from,water:warm,1,0.001
look-for,container,1,0.001
look-for,eggshell,1,0.001
pour-from,spice:thyme,1,0.001
pour-in,mixture:whole,1,0.001
pour-in,oil:coconut,1,0.001
pour,piece:onion,1,0.001
look-at,spice,1,0.001
pour-into,beer,1,0.001
look-at,label,1,0.001
look-at,meat,1,0.001
pour-into,bag:pine:nut,1,0.001
pour-into,aubergine,1,0.001
pour-inside,egg,1,0.001
pour-in,water:pot,1,0.001
look-at,packet,1,0.001
pour-in,vinegar:red:wine,1,0.001
pour-in,vegetable,1,0.001
pour-in,tomato:chopped,1,0.001
pour-in,tea,1,0.001
look-at,pan:frying,1,0.001
look-at,patty:tuna,1,0.001
pour-in,salsa,1,0.001
look-at,pepper,1,0.001
pour-in,rice:cooked,1,0.001
look-at,phone,1,0.001
pour-in,powder:coconut,1,0.001
pour-in,powder,1,0.001
pour-in,pot,1,0.001
pour-in,pistachio,1,0.001
look-at,piece:carrot,1,0.001
look-at,powder:washing,1,0.001
pour-in,parsley,1,0.001
look-for,flour,1,0.001
look-for,fridge,1,0.001
pour-from,sauce:pesto,1,0.001
look-for,ladle,1,0.001
pour,tray:ice,1,0.001
look-through,booklet:instruction,1,0.001
pour,tabasco,1,0.001
pour,syrup:maple,1,0.001
look-under,belly:pork,1,0.001
pour,stone:olive,1,0.001
loose,egg,1,0.001
pour,squash:more,1,0.001
lower,grid:hob,1,0.001
pour,spoon,1,0.001
lower,grill,1,0.001
lower,heat:cooker,1,0.001
pour,sausage,1,0.001
lower,lid,1,0.001
make,brush,1,0.001
pour,salsa,1,0.001
pour,roll:kitchen,1,0.001
make,cabbage,1,0.001
pour,powder:washing,1,0.001
pour,powder:curry,1,0.001
pour,powder:coconut:milk,1,0.001
pour,powder:coconut,1,0.001
pour,powder:biscuit,1,0.001
make,coffee,1,0.001
pour,pot,1,0.001
pour,vinegar:rice,1,0.001
pour,water:boil,1,0.001
pour,water:hot,1,0.001
pour-from,food,1,0.001
look-for,mixture,1,0.001
look-for,pestle,1,0.001
look-for,powder:coconut,1,0.001
look-for,rice,1,0.001
pour-from,oil:more,1,0.001
look-for,scale,1,0.001
look-for,spoon,1,0.001
pour-from,noodle,1,0.001
pour-from,mixture:chocolate,1,0.001
look-for,vegetable,1,0.001
pour-from,juice:orange,1,0.001
look-in,dishwasher,1,0.001
look-in,mobile,1,0.001
pour-from,egg,1,0.001
pour-from,broccoli,1,0.001
look-in,drawer,1,0.001
pour-from,bean:coffee,1,0.001
look-in,drawer:spice,1,0.001
pour-down,meat,1,0.001
pour-down,cracker:crushed,1,0.001
pour-down,cheese,1,0.001
pour,yogurt,1,0.001
look-in,fridge,1,0.001
pour,yeast,1,0.001
place-on,knife,1,0.001
place-on,kiwi,1,0.001
place-on,kettle,1,0.001
place,pack:salad,1,0.001
place,oil,1,0.001
place,oat,1,0.001
place,nut:pine,1,0.001
mix,tuna,1,0.001
place,mixture,1,0.001
place,mitt:kitchen,1,0.001
place,mint,1,0.001
mix,yoghurt,1,0.001
mix-around,pan,1,0.001
place,measure,1,0.001
mix-in,blueberry,1,0.001
place,liquid,1,0.001
place,lighter,1,0.001
place,lid:saucepan,1,0.001
mix-in,cinnamon,1,0.001
place,leaf:spinach,1,0.001
place,leaf:mint,1,0.001
place,leaf,1,0.001
place,knife:teaspoon:fork,1,0.001
mix-in,egg,1,0.001
place,juice,1,0.001
place,jug:measuring,1,0.001
place,jug,1,0.001
mix-in,ingredient,1,0.001
place,grid,1,0.001
place,pack:pasta,1,0.001
place,pack:soup,1,0.001
place-on,jug,1,0.001
mix,tomato:peeled,1,0.001
place,shell,1,0.001
place,shaker:pepper,1,0.001
place,scoop,1,0.001
mix,spade,1,0.001
place,scale,1,0.001
place,sausage,1,0.001
mix,spaghetti,1,0.001
place,sauce,1,0.001
mix,sprout,1,0.001
place,salad,1,0.001
place,rubbish:grape,1,0.001
place,rack:draining,1,0.001
place,processor,1,0.001
mix,tahini,1,0.001
place,pot:coffee,1,0.001
mix,tea,1,0.001
place,pod,1,0.001
mix,thyme,1,0.001
place,pie,1,0.001
place,pesto,1,0.001
place,peeler,1,0.001
place,pear,1,0.001
place,peach,1,0.001
place,pea,1,0.001
place,paper,1,0.001
place,grater:cheese,1,0.001
place,grape,1,0.001
mix-in,meat,1,0.001
place,fridge,1,0.001
place,bread:white,1,0.001
mix-with,cherry,1,0.001
mix-with,curd:salted:bean,1,0.001
mix-with,flour,1,0.001
place,bit:dishwasher,1,0.001
place,basket,1,0.001
place,bag:rubbish,1,0.001
place,bag:new,1,0.001
place,bag:capsule,1,0.001
place,avocado,1,0.001
place,alcohol,1,0.001
pile,tray,1,0.001
pierce-in,clog,1,0.001
pierce,yolk:egg,1,0.001
pierce,film:cucumber,1,0.001
pick-up,yoghurt:greek,1,0.001
mix-with,milk,1,0.001
pick-up,wrapping:plastic,1,0.001
pick-up,wrapper:oil,1,0.001
pick-up,wrap:plastic,1,0.001
mix-with,noodle,1,0.001
mix-with,nut,1,0.001
pick-up,wire,1,0.001
pick-up,wine,1,0.001
mix-with,oat,1,0.001
place,broom,1,0.001
place,can,1,0.001
place,cereal,1,0.001
place,cupboard,1,0.001
place,fork:napkin,1,0.001
mix-in,pan,1,0.001
place,foil,1,0.001
place,drawer,1,0.001
place,dough,1,0.001
place,dispenser:soap,1,0.001
place,dishrag,1,0.001
place,dish:tomato,1,0.001
mix-in,rice,1,0.001
place,detergent,1,0.001
place,cutlery,1,0.001
place,cup:coffee,1,0.001
mix-with,butter,1,0.001
mix-in,thyme,1,0.001
place,crisp,1,0.001
place,coriander,1,0.001
place,container:sugar,1,0.001
place,container:rice,1,0.001
mix-into,kale,1,0.001
mix-into,mixture,1,0.001
place,coffee,1,0.001
place,clothes,1,0.001
mix-so,juice:lemon,1,0.001
place,cilantro,1,0.001
place,slice:bread,1,0.001
place,spatula,1,0.001
mix,salsa,1,0.001
place-in,lemon,1,0.001
place-into,glass,1,0.001
place-into,colander,1,0.001
place-into,blueberry,1,0.001
place-inside,paper:baking,1,0.001
place-inside,grape,1,0.001
place-inside,glass,1,0.001
place-inside,dish,1,0.001
place-inside,cheese,1,0.001
place-in,utensil:cooking,1,0.001
mix,heat,1,0.001
place-in,tap,1,0.001
place-in,strawberry,1,0.001
place-in,strainer,1,0.001
place-in,spoon:wooden,1,0.001
mix,honey,1,0.001
place-in,spatula:wooden,1,0.001
place-in,shaker:pepper,1,0.001
mix,ingredient:pan,1,0.001
place-in,processor:food,1,0.001
place-in,processor,1,0.001
place-in,pot:coffee,1,0.001
place-in,pot,1,0.001
mix,leaf:curry,1,0.001
place-in,pie,1,0.001
place-in,milk,1,0.001
place-into,milk,1,0.001
place-into,pack:cookie,1,0.001
place-into,piece:pizza,1,0.001
mix,flour:egg,1,0.001
mix,corn,1,0.001
place-on,glass:milk,1,0.001
place-on,glass:blueberry,1,0.001
mix,egg,1,0.001
place-on,dough,1,0.001
place-on,dish:tortilla,1,0.001
mix,egg:breadcrumb,1,0.001
place-on,counter,1,0.001
place-on,chorizo,1,0.001
place-on,chilli,1,0.001
place-on,box,1,0.001
place-on,bowl:cherry,1,0.001
place-into,plate,1,0.001
mix,fraiche:creme,1,0.001
place-on,bottom:springform:tin,1,0.001
place-on,bottle:milk,1,0.001
place-on,bottle,1,0.001
place-on,board,1,0.001
place-on,blueberry,1,0.001
place-on,banana,1,0.001
mix,ginger,1,0.001
place-into,tomato,1,0.001
place-into,spoon:wooden,1,0.001
place-into,sink,1,0.001
place-in,machine:coffee,1,0.001
place-in,leaf:spinach,1,0.001
mix,rice,1,0.001
place-in,leaf:mint,1,0.001
place-back,lid,1,0.001
place-back,garbage,1,0.001
place-back,detergent,1,0.001
place-back,cheese,1,0.001
place-back,cap,1,0.001
place-away,sponge,1,0.001
place-away,processor:food,1,0.001
place,wrap,1,0.001
place,whetstone,1,0.001
place,watch,1,0.001
place,utensil,1,0.001
place,trivet,1,0.001
place,tray:first,1,0.001
place,towel:tea,1,0.001
place,towel:kitchen,1,0.001
place,towel,1,0.001
place,tortilla,1,0.001
place,top:plastic:bin,1,0.001
place,teaspoon,1,0.001
place,tap,1,0.001
place,syrup:maple,1,0.001
place,stone,1,0.001
place,stand:sharpening,1,0.001
place,spoon:slotted,1,0.001
place,spoon:napkin:yoghurt,1,0.001
place-back,shaker:pepper,1,0.001
place-down,bowl,1,0.001
place-down,lid:pan,1,0.001
place-in,cutlery,1,0.001
place-in,ladle,1,0.001
mix,mushroom,1,0.001
place-in,jar,1,0.001
place-in,hand,1,0.001
place-in,grater,1,0.001
mix,oil:olive,1,0.001
place-in,garlic,1,0.001
place-in,fruit,1,0.001
place-in,fork,1,0.001
place-in,food,1,0.001
place-in,dishwasher,1,0.001
place-in,corn,1,0.001
place-down,presser,1,0.001
place-in,container,1,0.001
place-in,coffee,1,0.001
place-in,cloth,1,0.001
place-in,bowl:processor,1,0.001
mix,pepper:bell,1,0.001
mix,pesto:cheese,1,0.001
place-in,board:chopping,1,0.001
place-in,bit:processor,1,0.001
place-in,bag:plastic,1,0.001
place-in,bag,1,0.001
place-down,stone,1,0.001
pour-into,bottle:oil,1,0.001
pour-into,bowl:sugar,1,0.001
pour-into,broccoli,1,0.001
lather,jar,1,0.001
put,chopper:moon,1,0.001
put,choi:pak,1,0.001
lather,mixer,1,0.001
lather,plate:soap,1,0.001
put,cheese:feta,1,0.001
lather,scissors,1,0.001
put,carrot:diced,1,0.001
put,cardboard,1,0.001
put,capsule,1,0.001
lather,silverware,1,0.001
lather,sponge:soap,1,0.001
put,cafetiere,1,0.001
lather,spoon:soap,1,0.001
put,bun:bao,1,0.001
put,bucket,1,0.001
put,brush:washing:up,1,0.001
lather,support,1,0.001
put,broom,1,0.001
lather,wok,1,0.001
put,broccoli,1,0.001
put,breast:turkey,1,0.001
put,bread:white,1,0.001
put,bread:sandwich,1,0.001
put,box:tea,1,0.001
put,box:cheese,1,0.001
put,cleaner,1,0.001
put,clip:bag,1,0.001
let,spoon,1,0.001
put,cloth:dish,1,0.001
knead,bowl:dough,1,0.001
put,dumpling,1,0.001
put,drink,1,0.001
put,dough,1,0.001
knead,hand,1,0.001
knead,paste:miso,1,0.001
put,dal:urad,1,0.001
lather,box,1,0.001
put,curry,1,0.001
put,cucumber:sliced,1,0.001
put,cube:butter,1,0.001
put,crisp,1,0.001
put,cracker,1,0.001
put,cover:salt,1,0.001
put,cover:plastic,1,0.001
put,content:sink:strainer,1,0.001
put,content,1,0.001
put,container:rice,1,0.001
put,container:coffee:ground,1,0.001
put,container:coffee:bean,1,0.001
put,container:coffee,1,0.001
lather,funnel,1,0.001
lather,glove,1,0.001
lather,glove:rubber,1,0.001
lather,grater,1,0.001
lay-down,cloth:table,1,0.001
put,box:carrot,1,0.001
put,box:breadstick,1,0.001
lay-on,chopstick,1,0.001
leave-with,spoon,1,0.001
push-off,spatula,1,0.001
push-into,vegetable,1,0.001
push-into,tray:pizza,1,0.001
push-into,towel:tea,1,0.001
push-into,tofu,1,0.001
push-into,teaspoon,1,0.001
push-into,kale,1,0.001
push-into,curd:cheese,1,0.001
push-into,carrot,1,0.001
let,dough,1,0.001
push-in,meat,1,0.001
push-in,drawer:vegetable,1,0.001
push-down,rubbish,1,0.001
push,tray:oven,1,0.001
let,paper:greaseproof,1,0.001
push,pasta,1,0.001
push,packet:coriander,1,0.001
push,orange,1,0.001
push,onion,1,0.001
push,jug:measuring,1,0.001
push,grinder,1,0.001
push,glass,1,0.001
let,pot,1,0.001
let,scourer,1,0.001
push-on,pot,1,0.001
push-onto,leek,1,0.001
push-out,air,1,0.001
leave,blender:hand,1,0.001
lay-on,dough,1,0.001
lay-on,glove:rubber,1,0.001
put,bowl:mushroom,1,0.001
lay-onto,chopstick,1,0.001
put,bottle:soy:sauce,1,0.001
put,bottle:milk,1,0.001
put,boiler,1,0.001
put,board:cut,1,0.001
lay-over,film:cling,1,0.001
put,board:chipping,1,0.001
layer-on,tortilla,1,0.001
leave,plate,1,0.001
push-out,glass,1,0.001
put,bin,1,0.001
put,bean:green,1,0.001
leave,sponge,1,0.001
put,balance,1,0.001
put,bag:pasta,1,0.001
put,bag:oregano,1,0.001
put,bag:garlic,1,0.001
leave,spoon,1,0.001
put,bag:breadcrumb,1,0.001
leave-in,spoon,1,0.001
put,apron,1,0.001
put,egg:scotch,1,0.001
put,end:spatula,1,0.001
put,envelope,1,0.001
put,melon,1,0.001
put,pan:oil,1,0.001
put,pan:frying,1,0.001
insert,spoon,1,0.001
put,pad,1,0.001
put,packet:crisp,1,0.001
put,packaging:salami,1,0.001
put,package:powder,1,0.001
put,package:oat,1,0.001
put,package:mozzarella,1,0.001
put,package:blueberry,1,0.001
put,pack:tomato,1,0.001
put,orange,1,0.001
put,opener:bottle,1,0.001
insert-in,basket,1,0.001
insert-in,bread,1,0.001
put,olive:own,1,0.001
put,oil:chilli,1,0.001
put,oat,1,0.001
put,nutella,1,0.001
put,nozzle,1,0.001
insert-into,colander,1,0.001
insert-into,knife,1,0.001
put,muffin,1,0.001
put,mixture,1,0.001
put,mitten,1,0.001
put,pan:pizza,1,0.001
put,pancake,1,0.001
put,paper:filter,1,0.001
put,pin:rolling,1,0.001
put,reduction:balsamic,1,0.001
put,rag:cloth,1,0.001
increase,water,1,0.001
increase-on,heat,1,0.001
put,powder:dishing,1,0.001
put,powder,1,0.001
insert,bowl,1,0.001
put,pot:moka,1,0.001
put,pod:coffee,1,0.001
put,pizza,1,0.001
put,pineapple,1,0.001
put,piece:onion,1,0.001
put,paper:tissue,1,0.001
put,piece:mushroom,1,0.001
insert,dish,1,0.001
put,piece:biscuit,1,0.001
insert,funnel,1,0.001
put,phone:mobile,1,0.001
insert,measure,1,0.001
insert,mozzarella,1,0.001
put,patty:tuna,1,0.001
put,paste:miso,1,0.001
insert,pod:coffee,1,0.001
put,part:salad:spinner,1,0.001
insert-into,spoon,1,0.001
inspect,bag,1,0.001
put,filter:coffee,1,0.001
put,masher,1,0.001
put,infuser:tea,1,0.001
inspect,piece:ginger,1,0.001
put,holder:jug,1,0.001
inspect,piece:lemon:squeezer,1,0.001
put,heart:tomato,1,0.001
put,guard,1,0.001
put,ground:coffee,1,0.001
put,grill,1,0.001
put,grid,1,0.001
inspect,plate,1,0.001
put,grape,1,0.001
inspect,plug,1,0.001
put,glove,1,0.001
inspect,pot:teapot,1,0.001
put,garni:bouquet,1,0.001
put,fruit,1,0.001
put,fridge,1,0.001
put,fork:wooden,1,0.001
inspect,starter,1,0.001
put,foil:transparent,1,0.001
inspect,tub:tupperware,1,0.001
put,flake:chilli,1,0.001
jiggle,dough,1,0.001
jiggle,v60,1,0.001
put,filter:sink,1,0.001
put,ingredient,1,0.001
inspect,passata,1,0.001
put,jar:coffee,1,0.001
inspect,ginger,1,0.001
put,masala,1,0.001
inspect,bag:coffee,1,0.001
put,machine:washing,1,0.001
inspect,bag:coffee:bean,1,0.001
inspect,board:chopping,1,0.001
inspect,bread,1,0.001
put,liquid:cleaning,1,0.001
inspect,bun:steamed,1,0.001
inspect,cucumber,1,0.001
inspect,egg,1,0.001
put,lid:tupperware,1,0.001
inspect,glass,1,0.001
inspect,oven,1,0.001
inspect,grinder,1,0.001
inspect,jar,1,0.001
put,leaf:pak:choi,1,0.001
put,leaf:only:curry,1,0.001
inspect,jug:measuring,1,0.001
inspect,leaf:choi,1,0.001
inspect,mango,1,0.001
put,ladder,1,0.001
inspect,mug,1,0.001
inspect,mushroom,1,0.001
put,juice,1,0.001
push,coriander,1,0.001
push,chopstick,1,0.001
look-at,kettle,1,0.001
lift-up,lid:rice:cooker,1,0.001
pour-on,tray:baking,1,0.001
pour-on,tomato,1,0.001
pour-on,tahini,1,0.001
lift-up,maker:coffee,1,0.001
lift-up,rack:drying,1,0.001
pour-on,salt,1,0.001
pour-on,salad,1,0.001
pour-on,pico,1,0.001
pour-on,pasta,1,0.001
lift-up,teaspoon,1,0.001
pour-on,oatmeal,1,0.001
pour-on,mixture:cheese,1,0.001
pour-on,milk,1,0.001
pour-on,honey,1,0.001
pour-on,food,1,0.001
pour-on,cream,1,0.001
pour-into,zest:lemon,1,0.001
lift-up,towel:tea,1,0.001
pour-into,water:more,1,0.001
lift-up,tray:steamer,1,0.001
lift-up,tupperware,1,0.001
light,candle,1,0.001
light,gas,1,0.001
pour-into,syrup,1,0.001
line-up,cilantro,1,0.001
pour-on,water:hot,1,0.001
pour-onto,celery,1,0.001
push,carrot,1,0.001
pour-onto,cheese:remaining,1,0.001
pour-out,saucepan,1,0.001
pour-out,salt,1,0.001
lift-out,bun:steamed,1,0.001
pour-out,pea,1,0.001
pour-out,paneer,1,0.001
pour-out,kettle,1,0.001
pour-out,jar,1,0.001
pour-out,grass:lemon,1,0.001
pour-out,food,1,0.001
pour-out,cup,1,0.001
pour-out,content:water:boiler,1,0.001
pour-out,clip:top:jar,1,0.001
lift-out,curd:cheese,1,0.001
pour-out,bowl,1,0.001
pour-out,bag,1,0.001
lift-up,bag,1,0.001
pour-onto,tofu,1,0.001
pour-onto,sugar,1,0.001
lift-up,bowl:rice:cooker,1,0.001
lift-up,curd,1,0.001
lift-up,drawer:dishwasher,1,0.001
pour-onto,glaze,1,0.001
pour-onto,fishcakes,1,0.001
pour-onto,egg,1,0.001
pour-onto,courgette,1,0.001
locate,cooker,1,0.001
pour-into,spice:thyme,1,0.001
lock,bowl,1,0.001
pour-into,soy,1,0.001
look-at,clock:oven,1,0.001
pour-into,mixture,1,0.001
pour-into,milk:soy,1,0.001
pour-into,milk:condensed,1,0.001
pour-into,milk:coconut,1,0.001
look-at,content:fridge,1,0.001
look-at,countertop,1,0.001
look-at,cup,1,0.001
look-at,cupboard,1,0.001
look-at,display:oven,1,0.001
look-at,dough,1,0.001
pour-into,juice:lemon,1,0.001
pour-into,herb,1,0.001
pour-into,ground:coffee,1,0.001
pour-into,granola,1,0.001
pour-into,gin,1,0.001
pour-into,garlic,1,0.001
look-at,drawer,1,0.001
pour-into,flower,1,0.001
look-at,dressing,1,0.001
look-at,floor,1,0.001
pour-into,crumb,1,0.001
look-at,hand,1,0.001
pour-into,chilli,1,0.001
pour-into,chicken,1,0.001
look-at,can,1,0.001
look-at,bottom:sponge,1,0.001
pour-into,oatmeal,1,0.001
pour-into,powder:baking,1,0.001
lock,container,1,0.001
pour-into,smoothie,1,0.001
pour-into,sink,1,0.001
pour-into,sauce:soya,1,0.001
lock,cover:processor,1,0.001
lock-in,processor:food,1,0.001
lock-into,bowl,1,0.001
lock-into,lid,1,0.001
pour-into,raspberry,1,0.001
lock-on,filter,1,0.001
pour-into,powder:coconut,1,0.001
pour-into,potato:sweet,1,0.001
look-at,bottle:fallen:oil,1,0.001
pour-into,pot,1,0.001
look,cabbage,1,0.001
pour-into,pea,1,0.001
look,hob,1,0.001
pour-into,packet:crisp,1,0.001
pour-into,packet,1,0.001
pour-into,packaging,1,0.001
look,inside:bread,1,0.001
look,salad,1,0.001
pour-into,olive,1,0.001
look,spoon:wooden,1,0.001
pour-out,spice,1,0.001
pour-out,spoon,1,0.001
pour-out,tray,1,0.001
pull,slice:bread,1,0.001
pull-out,bin,1,0.001
pull-out,beef,1,0.001
lift,cover,1,0.001
pull-out,base:pie:dish,1,0.001
pull-out,bag:breadstick,1,0.001
pull-out,aeropress,1,0.001
pull-on,glove:rubber,1,0.001
pull-off,tshirt,1,0.001
pull-off,filter,1,0.001
pull-off,dough,1,0.001
lift,grid,1,0.001
pull-off,chorizo,1,0.001
pull-off,bun,1,0.001
pull-off,banana,1,0.001
pull-from,sticker,1,0.001
pull-from,plug,1,0.001
pull-from,cucumber,1,0.001
lift,grid:hob,1,0.001
pull-down,pot,1,0.001
pull-down,plastic,1,0.001
pull-down,packaging:cucumber,1,0.001
pull-down,glove:rubber,1,0.001
pull-down,door:oven,1,0.001
pull-down,container,1,0.001
pull,tray,1,0.001
pull-out,bowl:rice:cooker,1,0.001
pull-out,chair,1,0.001
pull-out,chorizo,1,0.001
pull-out,sachet,1,0.001
let-out,air,1,0.001
push,broccoli,1,0.001
push,bread,1,0.001
push,bin:food,1,0.001
push,bag:flour,1,0.001
pull-up,sleeve,1,0.001
pull-up,plastic,1,0.001
pull-out,tray:baking,1,0.001
pull-out,tomato,1,0.001
pull-out,spoon,1,0.001
pull-out,scissors,1,0.001
pull-out,pod,1,0.001
pull-out,clove:garlic,1,0.001
lid-off,lid,1,0.001
pull-out,peeler,1,0.001
pull-out,pan,1,0.001
pull-out,packet,1,0.001
pull-out,mixture:tuna,1,0.001
pull-out,mixture,1,0.001
pull-out,jug:measuring,1,0.001
pull-out,hair,1,0.001
pull-out,foil:kitchen,1,0.001
lift,bin,1,0.001
lift,blender,1,0.001
pull,towel:tea,1,0.001
lift,griddle,1,0.001
pour-out,tupperware,1,0.001
lift,grill,1,0.001
press,roll:kitchen,1,0.001
press,plunger,1,0.001
press,paste:garlic,1,0.001
press,parsley,1,0.001
press,omelette,1,0.001
lift,towel:tea,1,0.001
lift,tray:baking,1,0.001
press,food,1,0.001
press,dough:bread,1,0.001
lift-from,cake,1,0.001
press,dishwasher,1,0.001
press,curd,1,0.001
press,chicken,1,0.001
press,button:timer,1,0.001
prepare-for,tomato,1,0.001
prepare,tupperware,1,0.001
prepare,roll:foil,1,0.001
prepare,coffee,1,0.001
pout,oil,1,0.001
pour-over,sauce,1,0.001
pour-over,pepper,1,0.001
pour-over,oil:olive,1,0.001
pour-over,mug,1,0.001
pour-out,water:boiled,1,0.001
lift-off,seal:clip:top:jar,1,0.001
press,tortilla,1,0.001
lift,support:pan,1,0.001
press-down,spatula,1,0.001
lift,omelette,1,0.001
pull,plug,1,0.001
pull,plastic,1,0.001
pull,loaf:bread,1,0.001
pull,lid,1,0.001
pull,half:bread,1,0.001
pull,film:cling,1,0.001
pull,film,1,0.001
pull,eggshell,1,0.001
pull,drawer:oven,1,0.001
lift,jar,1,0.001
lift,machine:coffee,1,0.001
pull,carrot,1,0.001
press-in,pepper,1,0.001
pull,bun:bao,1,0.001
pull,broccoli,1,0.001
pull,ball:dough,1,0.001
pull,aeropress,1,0.001
prod,piece:tofu,1,0.001
lift,pan:frying,1,0.001
lift,pin:rolling,1,0.001
press-on,dough,1,0.001
press-into,mixture,1,0.001
lift,shaker,1,0.001
press-into,ball:dough,1,0.001
mix-with,oil,1,0.001
pick-up,waffle,1,0.001
rinse,thumb,1,0.001
open,bottle:soy:sauce,1,0.001
pick-up,apple,1,0.001
open,bottle:tonic:water,1,0.001
pick-out,tub,1,0.001
pick-out,scale:measuring,1,0.001
pick-out,saucepan,1,0.001
pick-out,pan,1,0.001
pick-out,milk,1,0.001
pick-out,egg,1,0.001
pick-out,cucumber,1,0.001
pick-out,cheese,1,0.001
pick-into,packaging:bread,1,0.001
pick-from,spaghetti,1,0.001
pick-from,pastry,1,0.001
pick-from,milk,1,0.001
pick-from,knife,1,0.001
pick-from,garlic,1,0.001
pick-from,flour,1,0.001
pick,tupperware,1,0.001
pick,top:burner,1,0.001
pick,spoon:wooden,1,0.001
open,bottle:vanilla:extract,1,0.001
pick,pot,1,0.001
pick,pod:coffee,1,0.001
pick,pie,1,0.001
pick,patty:tuna,1,0.001
open,bottle:spice,1,0.001
open,bottle:nesquik,1,0.001
pick-up,bar:chocolate,1,0.001
pick-up,bag:bin,1,0.001
pick-up,band:rubber,1,0.001
pick-up,ball:mozzarella,1,0.001
pick-up,ball:flour,1,0.001
open,bin:food:recycling,1,0.001
open,biscuit,1,0.001
pick-up,bag:sweetcorn,1,0.001
open,bit:food:processor,1,0.001
open,blackberry,1,0.001
pick-up,bag:salad,1,0.001
pick-up,bag:rice,1,0.001
open,blueberry,1,0.001
open,book:recipe,1,0.001
pick-up,bag:packing,1,0.001
pick-up,bag:glove,1,0.001
pick-up,bag:food:bin,1,0.001
open,bottle:gin,1,0.001
pick-up,bag:empty,1,0.001
pick-up,bag:coriander,1,0.001
pick-up,bag:compost,1,0.001
pick-up,bag:coffee:bean,1,0.001
pick-up,bag:coffee,1,0.001
open,bottle:liquid,1,0.001
pick-up,bag:cereal,1,0.001
pick-up,bag:breadstick,1,0.001
pick-up,bag:bread:wrap,1,0.001
pick,paper,1,0.001
pick,pan:frying,1,0.001
pick,oregano,1,0.001
pick,orange,1,0.001
peel-off,banana,1,0.001
peel-from,plastic,1,0.001
peel-back,lid,1,0.001
peel-back,foil,1,0.001
peel,tin,1,0.001
open,bowl:yoghurt,1,0.001
open,box:blender,1,0.001
open,box:blueberry,1,0.001
open,box:bread,1,0.001
open,box:breadstick,1,0.001
open,box:food,1,0.001
peel,paper:greaseproof,1,0.001
open,box:fruit,1,0.001
peel,packaging:open:meat,1,0.001
peel,onion:spring,1,0.001
peel,melon,1,0.001
peel,grass:lemon,1,0.001
open,box:noodle,1,0.001
peel,fish:open,1,0.001
peel,film:plastic,1,0.001
open,box:olive,1,0.001
open,box:plastic,1,0.001
peel,chorizo,1,0.001
open,box:sausage,1,0.001
open,box:scotch:egg,1,0.001
peel-off,film:butter,1,0.001
peel-off,garlic,1,0.001
peel-off,leaf,1,0.001
open,bottle:wine,1,0.001
open,bottle:vinegar,1,0.001
pick,oil:olive,1,0.001
pick,napkin,1,0.001
pick,milk,1,0.001
pick,meat,1,0.001
pick,mat:place,1,0.001
pick,liquid:washing,1,0.001
pick,lid,1,0.001
pick,lettuce,1,0.001
pick,knife,1,0.001
pick,kettle,1,0.001
pick,filter,1,0.001
peel-off,lid,1,0.001
pick,cumin,1,0.001
open,bowl,1,0.001
pick,cereal,1,0.001
pick,cafetiere,1,0.001
pick,bowl:onion,1,0.001
pick,bowl,1,0.001
pet-down,oregano,1,0.001
pepper-in,food,1,0.001
peel-with,cheese,1,0.001
peel-off,sticker,1,0.001
peel-off,rice,1,0.001
pick-up,bao,1,0.001
pick-up,base,1,0.001
mix-with,onion,1,0.001
move-to,hand,1,0.001
move-to,pot:right,1,0.001
move-to,sandwich,1,0.001
move-to,water,1,0.001
move-with,plate,1,0.001
pick-up,breadstick,1,0.001
move-with,saucepan,1,0.001
move-within,saucepan,1,0.001
mushroom-onto,plate,1,0.001
pick-up,box:washing:powder,1,0.001
pick-up,box:tea,1,0.001
pick-up,box:plastic,1,0.001
pick-up,box:pizza,1,0.001
oil,ball:dough,1,0.001
open,almond,1,0.001
pick-up,box:egg,1,0.001
pick-up,box:cling:film,1,0.001
pick-up,box:cherry:tomato,1,0.001
open,almond:canned,1,0.001
pick-up,box:carrot,1,0.001
pick-up,box:breadstick,1,0.001
pick-up,box:bread,1,0.001
open,avocado,1,0.001
pick-up,bowl:washing,1,0.001
pick-up,bowl:soup,1,0.001
pick-up,bowl:several,1,0.001
move-to,pot,1,0.001
move-to,cheese,1,0.001
pick-up,base:baking:tin,1,0.001
pick-up,bucket,1,0.001
move-on,tray:baking,1,0.001
pick-up,case:thermometer,1,0.001
pick-up,carton,1,0.001
move-onto,dough,1,0.001
move-onto,omelette,1,0.001
move-onto,onion,1,0.001
pick-up,cap:sink,1,0.001
pick-up,cap:liquid,1,0.001
move-onto,plate,1,0.001
pick-up,cap,1,0.001
pick-up,candy,1,0.001
pick-up,can:tomato,1,0.001
move-onto,sausage,1,0.001
pick-up,can:soup,1,0.001
pick-up,can:kidney:bean,1,0.001
pick-up,cake:fish,1,0.001
move-to,bottle,1,0.001
move-to,bowl,1,0.001
pick-up,cabbage,1,0.001
pick-up,butter:peanut,1,0.001
move-to,bread,1,0.001
pick-up,burger,1,0.001
pick-up,bundle,1,0.001
pick-up,bun:hamburger,1,0.001
move-to,broccoli,1,0.001
open,bag:apple,1,0.001
pick-up,bowl:processor,1,0.001
open,bag:bread,1,0.001
pick-up,bowl:meat,1,0.001
open,bag:oatmeal,1,0.001
open,bag:onion,1,0.001
pick-up,blade:peeler,1,0.001
pick-up,blade:food:processor:chopping,1,0.001
open,bag:pine:nut,1,0.001
pick-up,bit:pak:choi,1,0.001
open,bag:rice,1,0.001
pick-up,bit:meat,1,0.001
pick-up,bit:cucumber,1,0.001
pick-up,bit:courgette,1,0.001
pick-up,bit:butter,1,0.001
pick-up,bit:bread,1,0.001
open,bag:shopping,1,0.001
pick-up,bin:recycling,1,0.001
pick-up,bin:food:recycling,1,0.001
open,bag:spaghetti,1,0.001
pick-up,berry,1,0.001
open,bag:spice:plastic,1,0.001
pick-up,beef,1,0.001
pick-up,bean:green,1,0.001
open,bag:toast:bread,1,0.001
pick-up,beaker,1,0.001
open,bag:tortilla,1,0.001
pick-up,basket:cutlery,1,0.001
open,basket:laundry,1,0.001
open,bag:noodle,1,0.001
open,bag:new,1,0.001
open,bag:grocery,1,0.001
open,bag:fish,1,0.001
pick-up,bowl:lemon:zest,1,0.001
open,bag:breadstick,1,0.001
pick-up,bowl:juicer,1,0.001
pick-up,bowl:glass,1,0.001
pick-up,bowl:dough,1,0.001
pick-up,bowl:covered,1,0.001
pick-up,bowl:cooker,1,0.001
pick-up,bowl:cheese,1,0.001
pick-up,bowl:cereal,1,0.001
pick-up,bottom:springform:tin,1,0.001
pick-up,bottle:wine,1,0.001
open,bag:food:bin,1,0.001
pick-up,book,1,0.001
pick-up,bottle:vegetable:oil,1,0.001
pick-up,bottle:soy:sauce,1,0.001
open,bag:garlic,1,0.001
pick-up,bottle:passata,1,0.001
open,bag:ginger,1,0.001
open,bag:glove,1,0.001
pick-up,bottle:little,1,0.001
pick-up,bottle:gin,1,0.001
pick-up,bottle:fabric:conditioner,1,0.001
pick-up,booklet:instruction,1,0.001
pick-up,book:recipe,1,0.001
pat-into,patty,1,0.001
pat-down,rice,1,0.001
open,box:tomato,1,0.001
open,package:tortilla,1,0.001
open,package:salt,1,0.001
open,package:potato,1,0.001
open,package:plastic,1,0.001
open,cupboard:salt,1,0.001
open,package:paprika,1,0.001
open,package:pak:choi,1,0.001
open,curd:bean,1,0.001
open,package:mixed:spice,1,0.001
open,package:meat,1,0.001
open,package:lettuce,1,0.001
open,package:kale,1,0.001
open,package:honey,1,0.001
open,package:fish:finger,1,0.001
open,package:crispy:pancake,1,0.001
open,package:cream,1,0.001
open,detergent,1,0.001
open,door:cabinet,1,0.001
open,door:freezer,1,0.001
open,package:butter,1,0.001
open,package:blueberry,1,0.001
open,package:bacon,1,0.001
open,package:avocado,1,0.001
open,door:kitchen,1,0.001
open,door:refrigerator,1,0.001
open,pack:sugar,1,0.001
open,package:sauce,1,0.001
open,cucumber,1,0.001
pat-down,noodle,1,0.001
open,packaging:bread,1,0.001
open,packing:oat,1,0.001
open,packing:green:bean,1,0.001
open,packet:tofu,1,0.001
open,packet:tea,1,0.001
open,packet:salami,1,0.001
open,packet:potato,1,0.001
open,packet:pepper,1,0.001
open,packet:fishcake,1,0.001
open,packet:crisp,1,0.001
open,packet:coriander,1,0.001
open,packet:chicken,1,0.001
open,cover:pen,1,0.001
open,cover:plastic,1,0.001
open,packaging:tenderstem:broccoli,1,0.001
open,packaging:stock,1,0.001
open,packaging:salmon,1,0.001
open,packaging:salad,1,0.001
open,packaging:parmesan,1,0.001
open,packaging:mushroom,1,0.001
open,packaging:lettuce,1,0.001
open,packaging:leek,1,0.001
open,packaging:fishcake,1,0.001
open,packaging:cream:cheese,1,0.001
open,packaging:corn,1,0.001
open,packaging:butter,1,0.001
open,pack:chicken,1,0.001
open,door:washing:washing,1,0.001
open,draw,1,0.001
open,drawer:coffee:machine,1,0.001
open,lid:teapot,1,0.001
open,gochujang,1,0.001
open,lid:salt:container,1,0.001
open,lid:salt,1,0.001
open,lid:rice:cooker,1,0.001
open,lid:pepper:container,1,0.001
open,lid:oil:container,1,0.001
open,lid:milk,1,0.001
open,lid:jam:jar,1,0.001
open,lid:curry,1,0.001
open,lid:coffee:machine,1,0.001
open,lid:bin,1,0.001
open,lettuce,1,0.001
open,grape,1,0.001
open,ketchup,1,0.001
open,kale,1,0.001
open,jar:thyme,1,0.001
open,grinder:coffee,1,0.001
open,ham,1,0.001
open,jar:salt,1,0.001
open,jar:pepper,1,0.001
open,jar:jam,1,0.001
open,heat,1,0.001
open,herb,1,0.001
open,jar:chilli:flake,1,0.001
open,lid:trash:bin,1,0.001
open,lid:tupperware,1,0.001
open,lid:water:jug,1,0.001
open,mixer,1,0.001
open,oregano,1,0.001
open,onion:spring,1,0.001
open,drawer:other,1,0.001
open,drawer:refrigerator,1,0.001
open,drawer:spice,1,0.001
open,drawer:vegetable,1,0.001
open,oat,1,0.001
open,drawer:washing:machine,1,0.001
open,muffin,1,0.001
open,mocha,1,0.001
open,mixture,1,0.001
open,mirin,1,0.001
open,lid:yoghurt,1,0.001
open,milk:soya,1,0.001
open,fan:extractor,1,0.001
open,milk:coconut,1,0.001
open,film:cling,1,0.001
open,meat,1,0.001
open,mat:table,1,0.001
open,fishcakes,1,0.001
open,flask:oil,1,0.001
open,maker,1,0.001
open,fork,1,0.001
open,garni:bouquet,1,0.001
open,pan,1,0.001
open,pan:cake,1,0.001
open,paper:baking,1,0.001
open,teapot,1,0.001
open,wrap:meat,1,0.001
open,wine:cooking,1,0.001
open,wine,1,0.001
open,cage,1,0.001
open,vinegar:balsamic,1,0.001
open,ventilator,1,0.001
open,turmeric,1,0.001
open,tupperware:sugar,1,0.001
open,tupperware:butter,1,0.001
open,carton,1,0.001
open,tube,1,0.001
open,tray,1,0.001
open,carton:juice,1,0.001
open,tortilla,1,0.001
open,tongs,1,0.001
open,chicken,1,0.001
open,tofu,1,0.001
open,toast:melba,1,0.001
open,tin:yeast,1,0.001
open,tin:tomato,1,0.001
open,tin:coffee:bean,1,0.001
open,tin:coffee,1,0.001
open,tin:chopped:tomato,1,0.001
open,tin:baking,1,0.001
open,cleaner,1,0.001
open,wrap:plastic,1,0.001
open,wrapping:butter,1,0.001
open,bread:white,1,0.001
open-with,cheese,1,0.001
pat,tofu,1,0.001
pat,rice,1,0.001
open,box:yeast,1,0.001
paste-onto,oil:olive,1,0.001
pass-to,dough,1,0.001
pack,box:lunch,1,0.001
pack,blueberry:opening,1,0.001
pace,curry,1,0.001
open-with,package,1,0.001
open-with,pack,1,0.001
open-with,chicken,1,0.001
open-with,bag:mozzarella,1,0.001
open,bread:sandwich,1,0.001
open-with,bag:cheese,1,0.001
open-with,bag,1,0.001
open-up,paper:filter,1,0.001
open-up,hamper,1,0.001
open-up,drawer,1,0.001
open-up,cheese,1,0.001
open-up,box:lunch,1,0.001
open-up,bag,1,0.001
open-to,door,1,0.001
open,bread:pitta,1,0.001
open-on,compartment:battery,1,0.001
open,thyme,1,0.001
open,tap,1,0.001
open,cover:can,1,0.001
open,tahini,1,0.001
open,purse,1,0.001
open,punnet:raspberry,1,0.001
open,container:spice,1,0.001
open,processor,1,0.001
open,container:tofu,1,0.001
open,prawn,1,0.001
open,powder:garlic,1,0.001
open,powder:curry,1,0.001
open,powder:coconut,1,0.001
open,potato,1,0.001
open,pot:tea,1,0.001
open,pot:sauce,1,0.001
open,pot:plastic,1,0.001
open,container:tomato,1,0.001
open,cooker:rice,1,0.001
open,cooker:slow,1,0.001
open,pod:coffee,1,0.001
open,cooker:steam,1,0.001
open,plastic,1,0.001
open,corn:sweet,1,0.001
open,piece:garlic,1,0.001
open,pepper:black,1,0.001
open,courgette,1,0.001
open,paste:red:pepper,1,0.001
open,paste:garlic,1,0.001
open,raisin,1,0.001
open,roll:sandwich,1,0.001
open,root:galangal,1,0.001
open,smoothie,1,0.001
open,tablet:dishwasher,1,0.001
open,tabasco,1,0.001
open,sugar,1,0.001
open,stock,1,0.001
open,coconut,1,0.001
open,spray,1,0.001
open,spoon,1,0.001
open,spinach,1,0.001
open,compost,1,0.001
open,soy,1,0.001
open,softener,1,0.001
open,scissors,1,0.001
open,rosemary,1,0.001
open,saucepan,1,0.001
open,sauce:soy,1,0.001
open,sauce:pesto,1,0.001
open,sauce:black:bean,1,0.001
open,container:cream:cheese,1,0.001
open,sandwich,1,0.001
open,salmon,1,0.001
open,container:oil,1,0.001
open,container:pasta,1,0.001
open,rusk,1,0.001
open,rucksack,1,0.001
move-on,slice:bread,1,0.001
move-on,pot,1,0.001
move-on,plastic,1,0.001
pick-up,powder:washing,1,0.001
pick-up,powder:coconut,1,0.001
move,frittata,1,0.001
pick-up,pot:teapot,1,0.001
pick-up,pot:tea,1,0.001
pick-up,pot:spaghetti,1,0.001
move,funnel,1,0.001
pick-up,pot:pasta,1,0.001
move,glass:wine,1,0.001
move,glove:oven,1,0.001
pick-up,portion:rennet:tablet,1,0.001
move,glove:rubber,1,0.001
pick-up,plum,1,0.001
pick-up,plug:sink,1,0.001
pick-up,plug:rice:cooker,1,0.001
pick-up,plate:nut,1,0.001
move,grill:hob,1,0.001
move,grinder,1,0.001
pick-up,plant:basil,1,0.001
move,hand,1,0.001
pick-up,pitcher,1,0.001
move,handle,1,0.001
pick-up,piece:scotch:egg,1,0.001
move,hob,1,0.001
pick-up,piece:salad,1,0.001
pick-up,piece:plastic,1,0.001
pick-up,powder:curry,1,0.001
move,film:cling,1,0.001
pick-up,packaging:bread,1,0.001
pick-up,prosciutto,1,0.001
pick-up,rucksack,1,0.001
move,cube:stock,1,0.001
pick-up,roll:sesame,1,0.001
move,cup:measuring,1,0.001
pick-up,roll:cling:film,1,0.001
pick-up,rocket,1,0.001
pick-up,ring:onion,1,0.001
move,degreaser,1,0.001
pick-up,rice:split,1,0.001
move,door,1,0.001
pick-up,rest:onion:slice,1,0.001
pick-up,rest:ladle,1,0.001
pick-up,rest:broccoli,1,0.001
move,drawer,1,0.001
pick-up,recycling,1,0.001
pick-up,raspberry,1,0.001
pick-up,ramekin:coriander,1,0.001
move,driver:screw,1,0.001
pick-up,rag:dish,1,0.001
move,end:carrot,1,0.001
pick-up,radish,1,0.001
move,end:thermometer,1,0.001
move,envelope,1,0.001
pick-up,purse,1,0.001
pick-up,puree:tomato,1,0.001
pick-up,piece:paper,1,0.001
move,item:kitchen,1,0.001
pick-up,piece:lime,1,0.001
move,jar:salt,1,0.001
pick-up,paper:toilet,1,0.001
pick-up,paper:tissue,1,0.001
pick-up,paper:shredded,1,0.001
move,mixture,1,0.001
move,moka,1,0.001
pick-up,pan:cooking,1,0.001
pick-up,pan:cooker,1,0.001
move,oil:sesame,1,0.001
move,omelette,1,0.001
move,opener:bottle,1,0.001
move,packaging,1,0.001
pick-up,pak,1,0.001
pick-up,paella,1,0.001
pick-up,paddle:rice,1,0.001
pick-up,pad:scouring,1,0.001
pick-up,packet:yeast,1,0.001
pick-up,packet:tofu,1,0.001
pick-up,packet:tablet,1,0.001
pick-up,packet:new,1,0.001
pick-up,packet:crisp,1,0.001
move,packet,1,0.001
move,packet:cheese,1,0.001
pick-up,packet:bread,1,0.001
move,packet:yeast,1,0.001
pick-up,packaging:pod,1,0.001
move,mixer,1,0.001
move,milk,1,0.001
pick-up,part:salad:spinner,1,0.001
move,lid:pan,1,0.001
pick-up,piece:juicer,1,0.001
pick-up,piece:garlic,1,0.001
pick-up,piece:cutlery,1,0.001
move,jar:sugar,1,0.001
pick-up,piece:corn,1,0.001
pick-up,piece:broccoli,1,0.001
pick-up,piece:bread,1,0.001
move,kale,1,0.001
move,ladle,1,0.001
pick-up,pepper:cayenne,1,0.001
pick-up,peeling:vegetable,1,0.001
pick-up,peeling:carrot,1,0.001
pick-up,part:teapot,1,0.001
move,lid:plastic,1,0.001
pick-up,peeler:carrot,1,0.001
move,lid:tupperware,1,0.001
move,liquid:washing,1,0.001
pick-up,peel:banana,1,0.001
pick-up,pea,1,0.001
move,mandolin,1,0.001
pick-up,pastry,1,0.001
pick-up,paste:shrimp,1,0.001
pick-up,paste:red:pepper,1,0.001
move,mesh,1,0.001
move,crust,1,0.001
move,cooker:slow,1,0.001
move,control:remote,1,0.001
move,bowl:carrot,1,0.001
pick-up,tomato:chop,1,0.001
move,bar:breakfast,1,0.001
move,basket,1,0.001
pick-up,tiramisu,1,0.001
pick-up,tin:tomato,1,0.001
pick-up,tin:spring:form,1,0.001
move,basket:laundry,1,0.001
pick-up,tin:coffee:bean,1,0.001
pick-up,tin:coffee,1,0.001
pick-up,tin:cocoa:powder,1,0.001
pick-up,tin:baking,1,0.001
move,battery,1,0.001
pick-up,thyme,1,0.001
move,bin:garbage,1,0.001
pick-up,teaspoon:honey,1,0.001
move,blade,1,0.001
move,blueberry,1,0.001
pick-up,tamagoyaki,1,0.001
pick-up,tahini,1,0.001
pick-up,taco,1,0.001
move,board,1,0.001
move,boiler:water,1,0.001
move,book,1,0.001
move,booklet:instruction,1,0.001
move,bottle:olive:oil,1,0.001
move,bag:mozzarella,1,0.001
pick-up,tomato:peeled,1,0.001
move,bag:herb,1,0.001
pick-up,tray:cutlery,1,0.001
pick-up,vinegar:balsamic,1,0.001
mix-with,onion:spring,1,0.001
mix-with,pesto,1,0.001
pick-up,tupperware:second,1,0.001
mix-with,piece:leek,1,0.001
mix-with,rice,1,0.001
mix-with,sauce:soya,1,0.001
mix-with,soup,1,0.001
pick-up,trimming,1,0.001
mix-with,spice,1,0.001
pick-up,tray:ice:cube,1,0.001
mix-with,stock,1,0.001
pick-up,tong,1,0.001
mix-with,tahini,1,0.001
mop-up,whey:spilt,1,0.001
pick-up,towel:second,1,0.001
pick-up,towel:kitchen,1,0.001
move,bag:bin,1,0.001
pick-up,top:pepper,1,0.001
pick-up,top:cafetiere,1,0.001
move,bag:bread,1,0.001
move,bag:coffee,1,0.001
pick-up,toothbrush,1,0.001
move,bag:coriander,1,0.001
pick-up,stud,1,0.001
move,bowl:cheese,1,0.001
pick-up,sauce:fish,1,0.001
move,bowl:glass,1,0.001
pick-up,slice:pineapple,1,0.001
pick-up,slice:ham,1,0.001
pick-up,slice:carrot,1,0.001
move,cd,1,0.001
move,cherry,1,0.001
move,chip,1,0.001
pick-up,skin:leaf,1,0.001
pick-up,skin:fish,1,0.001
move,chocolate,1,0.001
pick-up,skimmer,1,0.001
move,choppings:carrot,1,0.001
move,chorizo,1,0.001
pick-up,side:dough,1,0.001
pick-up,sharpener,1,0.001
pick-up,serviette,1,0.001
pick-up,seed:olive,1,0.001
pick-up,scrubber,1,0.001
pick-up,scraper,1,0.001
move,clothes,1,0.001
move,coaster,1,0.001
pick-up,sausage:quorn:cocktail,1,0.001
move,coffee,1,0.001
move,container:rice,1,0.001
move,content:box,1,0.001
move,content:cupboard,1,0.001
move,carafe,1,0.001
pick-up,slice:rolled:omelette,1,0.001
pick-up,slice:tamagoyaki,1,0.001
move,breast:chicken,1,0.001
pick-up,stone:sharpening,1,0.001
move,bowl:sugar,1,0.001
pick-up,stick:chop,1,0.001
move,box:egg,1,0.001
pick-up,stand:kettle,1,0.001
pick-up,stalk:coriander,1,0.001
pick-up,squeezer:lemon,1,0.001
pick-up,square:greaseproof:paper,1,0.001
pick-up,spray,1,0.001
move,box:tea,1,0.001
pick-up,spoon:tea,1,0.001
move,brush:washing:up,1,0.001
move,capsule,1,0.001
move,bun,1,0.001
pick-up,sponge:cleaning,1,0.001
pick-up,spice:tamarind,1,0.001
move,cabinet,1,0.001
pick-up,spatula:wooden,1,0.001
pick-up,spatula:sieve,1,0.001
move,can:tin,1,0.001
pick-up,spaghetti,1,0.001
pick-up,soup,1,0.001
pick-up,soda,1,0.001
move,cap:burner,1,0.001
pick-up,packaging:iron,1,0.001
pick-up,packaging:biscuit,1,0.001
move-on,mozzarella,1,0.001
move-around,cheese,1,0.001
pick-up,envelope:oregano,1,0.001
pick-up,end:tomato,1,0.001
pick-up,end:leek,1,0.001
pick-up,end:carrot,1,0.001
pick-up,end:bread,1,0.001
move-around,tupperware,1,0.001
pick-up,egg:scotch,1,0.001
move-from,board:chopping,1,0.001
move-from,clove,1,0.001
move-from,foil,1,0.001
pick-up,drink,1,0.001
pick-up,drawer,1,0.001
pick-up,drainer:sink,1,0.001
pick-up,dough:excess,1,0.001
move-from,knife,1,0.001
pick-up,doritos,1,0.001
move-from,pasta,1,0.001
move-from,slice:cheese,1,0.001
pick-up,dish:meat,1,0.001
move-from,towel:tea,1,0.001
move-in,carrot,1,0.001
move-in,cheese,1,0.001
pick-up,cylinder:paper,1,0.001
pick-up,cylinder:measuring,1,0.001
pick-up,cylinder,1,0.001
pick-up,film:plastic,1,0.001
pick-up,filter:aeropress,1,0.001
move,paneer,1,0.001
pick-up,filter:teapot,1,0.001
move,tortellini,1,0.001
pick-up,grass:lemon,1,0.001
pick-up,glove:second,1,0.001
move,tray:ice:cube,1,0.001
move,tray:pizza,1,0.001
move,tree:mug,1,0.001
pick-up,glass:water,1,0.001
pick-up,glass:wash,1,0.001
pick-up,glass:orange:juice,1,0.001
move,tuna,1,0.001
move,utensil,1,0.001
pick-up,galangal,1,0.001
move,vinegar,1,0.001
move,vinegar:rice,1,0.001
pick-up,fraiche,1,0.001
pick-up,fork:wooden,1,0.001
pick-up,fork:spoon,1,0.001
pick-up,food:frozen,1,0.001
move,water:more,1,0.001
pick-up,foil:silver,1,0.001
move,wine,1,0.001
pick-up,flour:dough,1,0.001
pick-up,fish,1,0.001
move,yoghurt:greek,1,0.001
move-along,finger,1,0.001
move-in,egg,1,0.001
pick-up,curd:cheese,1,0.001
pick-up,cupboard:open,1,0.001
pick-up,cumin,1,0.001
move-into,food,1,0.001
pick-up,container:rice,1,0.001
pick-up,container:oil,1,0.001
move-into,jar,1,0.001
pick-up,container:cream:cheese,1,0.001
move-into,mushroom,1,0.001
move-into,oil,1,0.001
move-into,piece:tofu,1,0.001
pick-up,cob:corn,1,0.001
move-into,pot:right,1,0.001
pick-up,clove:garlic,1,0.001
move-into,skin:orange,1,0.001
pick-up,cloth:cleaning,1,0.001
move-into,tofu,1,0.001
pick-up,clip:top:jar,1,0.001
pick-up,clip:laundry,1,0.001
move-off,piece:onion,1,0.001
pick-up,cilantro,1,0.001
pick-up,chunk:rennet:tablet,1,0.001
move-on,box:meat,1,0.001
pick-up,chunk:carrot,1,0.001
pick-up,chopstick:fork,1,0.001
move-on,cutlery,1,0.001
move-on,glove:oven,1,0.001
move-on,lemon,1,0.001
move-into,choi:pak,1,0.001
move-into,carton:egg,1,0.001
pick-up,cooker:slow,1,0.001
move-in,sauce,1,0.001
pick-up,cucumber:chopped,1,0.001
move-in,pasta,1,0.001
pick-up,cube:gravy,1,0.001
pick-up,crumbles:chocolate,1,0.001
pick-up,crumbles,1,0.001
pick-up,crumb:rennet:tablet,1,0.001
pick-up,crumb:bread,1,0.001
pick-up,crumb,1,0.001
pick-up,croissant,1,0.001
move-in,salad,1,0.001
pick-up,cream:ice,1,0.001
pick-up,cover:tin,1,0.001
pick-up,coriander,1,0.001
pick-up,cover:squeezer,1,0.001
pick-up,cover:pot,1,0.001
pick-up,cover:mug,1,0.001
pick-up,cover:microwave,1,0.001
pick-up,cover:juicer,1,0.001
move-into,belly:pork,1,0.001
pick-up,cover:blender,1,0.001
pick-up,cover:battery,1,0.001
move-into,carrot,1,0.001
pick-up,corn,1,0.001
pick-up,cork,1,0.001
move,top:bread,1,0.001
move,toothpick,1,0.001
move,tomato:sun:dried,1,0.001
pick-up,liquid,1,0.001
move,pod:coffee,1,0.001
pick-up,muffin,1,0.001
pick-up,mould:ring:cake,1,0.001
move,pot:kettle,1,0.001
pick-up,motor:hand:blender,1,0.001
pick-up,mop,1,0.001
move,pot:mocha,1,0.001
move,pot:other,1,0.001
move,pot:tea,1,0.001
pick-up,mitten,1,0.001
move,prawn,1,0.001
pick-up,mirin,1,0.001
pick-up,mince,1,0.001
move,press:garlic,1,0.001
pick-up,milk:coconut,1,0.001
pick-up,mesh:steel,1,0.001
pick-up,mesh:orange,1,0.001
move,residue:food,1,0.001
pick-up,mayonnaise,1,0.001
pick-up,mat:tea:place,1,0.001
pick-up,mat,1,0.001
pick-up,mango,1,0.001
pick-up,machine:sous:vide,1,0.001
move,roll:paper,1,0.001
move,rubbish,1,0.001
pick-up,mug:coffee,1,0.001
pick-up,mug:glass,1,0.001
move,plate:broccoli,1,0.001
move,pie,1,0.001
move,peeling,1,0.001
pick-up,package:crispy:pancake,1,0.001
pick-up,package:carrot,1,0.001
move,pen,1,0.001
pick-up,pack:cheese,1,0.001
pick-up,pack:battery,1,0.001
move,pepper:bell,1,0.001
move,pepper:chilli,1,0.001
move,pesto,1,0.001
pick-up,onion:remaining,1,0.001
pick-up,onion:half,1,0.001
pick-up,omelette:rolled,1,0.001
move,pizza,1,0.001
move,piece:baking:paper,1,0.001
move,piece:bread,1,0.001
pick-up,oil:truffle,1,0.001
move,piece:carrot,1,0.001
pick-up,oil:chilli,1,0.001
move,piece:lime,1,0.001
pick-up,oat,1,0.001
move,piece:omelette,1,0.001
pick-up,nut,1,0.001
move,piece:salami,1,0.001
pick-up,net:rubber,1,0.001
pick-up,liquid:laundry,1,0.001
pick-up,lime,1,0.001
move,tomato:chopped,1,0.001
move,sachet,1,0.001
pick-up,jar:tahini,1,0.001
move,spinner:salad,1,0.001
pick-up,jar:spicy:bean:paste,1,0.001
move,stack:sandwich,1,0.001
pick-up,jar:olive,1,0.001
pick-up,jar:honey,1,0.001
pick-up,jar:herb,1,0.001
move,stove,1,0.001
move,strainer,1,0.001
move,strawberry,1,0.001
move,sugar,1,0.001
move,table,1,0.001
move,tablecloth,1,0.001
pick-up,hole:sink,1,0.001
pick-up,holder:teabag,1,0.001
pick-up,holder:spoon,1,0.001
move,teapot,1,0.001
move,tin:coffee:bean,1,0.001
move,tin:condensed:milk,1,0.001
pick-up,half:second:lemon,1,0.001
pick-up,half:onion,1,0.001
move,tin:teabag,1,0.001
pick-up,guide:sharpening,1,0.001
pick-up,guard,1,0.001
pick-up,grinder,1,0.001
move,spade:food,1,0.001
move,sock,1,0.001
pick-up,juice,1,0.001
pick-up,letter,1,0.001
pick-up,lid:steamer,1,0.001
pick-up,lid:scotch:egg:box,1,0.001
move,saucepan:large,1,0.001
pick-up,lid:milk:bottle,1,0.001
pick-up,lid:hummus:tub,1,0.001
pick-up,lid:chopper,1,0.001
pick-up,lid:butter,1,0.001
pick-up,lid:blender,1,0.001
move,sheath:thermometer,1,0.001
pick-up,lettuce:chopped,1,0.001
move,sheet,1,0.001
pick-up,lemonade,1,0.001
move,slipper,1,0.001
move,shelf,1,0.001
move,silverware,1,0.001
move,skin:garlic,1,0.001
pick-up,lead:kettle,1,0.001
pick-up,ladder,1,0.001
move,skin:squash,1,0.001
pick-up,knife:chef,1,0.001
move,slice:ham,1,0.001
pick-up,kitkat,1,0.001
pick-up,ketchup,1,0.001
move,slicer,1,0.001
put,refrigerator,1,0.001
put,remote,1,0.001
put,rest:garlic,1,0.001
put-on,noodle:instant,1,0.001
examine,bun:steamed,1,0.001
put-on,mould:cake,1,0.001
put-on,mixture:cheese,1,0.001
put-on,mix:spice,1,0.001
examine,dough,1,0.001
examine,stick:cocktail,1,0.001
expand,rack:drying,1,0.001
put-on,mince,1,0.001
put-on,milk,1,0.001
put-on,mesh,1,0.001
extract,bag,1,0.001
extract,capsule,1,0.001
put-on,mayonnaise,1,0.001
put-on,mat:sushi,1,0.001
put-on,mat:place,1,0.001
put-on,maker:coffee,1,0.001
put-on,loaf:bread,1,0.001
put-on,loaf,1,0.001
put-on,liquid:washing,1,0.001
put-on,liquid,1,0.001
put-on,light,1,0.001
put-on,lid:tin,1,0.001
put-on,lid:teapot,1,0.001
put-on,lid:scotch:egg:box,1,0.001
extract,coffee,1,0.001
examine,ball:dough,1,0.001
enter-into,kitchen,1,0.001
put-on,powder:chilli,1,0.001
put-on,oat,1,0.001
put-on,pot:tea,1,0.001
put-on,pot:second,1,0.001
put-on,pot:coffee,1,0.001
empty-into,egg:whisked,1,0.001
put-on,plate:lasagne,1,0.001
empty-into,tea,1,0.001
empty-into,tupperware,1,0.001
empty-into,vegetable,1,0.001
empty-into,whey,1,0.001
put-on,piece:pepper,1,0.001
put-on,piece:meat,1,0.001
put-on,piece:ginger,1,0.001
empty-out,bowl:rice:cooker,1,0.001
put-on,phone:mobile,1,0.001
empty-out,cooker:rice,1,0.001
empty-out,peanut,1,0.001
put-on,part:teapot,1,0.001
put-on,part:tablet,1,0.001
put-on,paper:greaseproof,1,0.001
empty-out,saucepan,1,0.001
put-on,pan:first,1,0.001
put-on,pack:cheese,1,0.001
end-of,video,1,0.001
enter,table,1,0.001
enter,time:cooking,1,0.001
extract,film:cling,1,0.001
put-on,lid:olive,1,0.001
put-on,lid:oil,1,0.001
put-on,lid:kettle,1,0.001
feel,oil,1,0.001
put-on,foil:kitchen,1,0.001
feel,temperature,1,0.001
put-on,floor,1,0.001
put-on,fishcakes,1,0.001
put-on,fish:cooked,1,0.001
put-on,filter:water,1,0.001
feel,temperature:cast:iron:pan,1,0.001
put-on,drainer,1,0.001
feel,temperature:dishwasher,1,0.001
put-on,dishwasher,1,0.001
put-on,dish:oven,1,0.001
feel,temperature:rice:cooker,1,0.001
feel,temperature:whey,1,0.001
put-on,cylinder,1,0.001
put-on,cutlery,1,0.001
put-on,cup:coffee,1,0.001
feel,water,1,0.001
put-on,cucumber:chopped,1,0.001
put-on,crisp,1,0.001
put-on,cover:plastic,1,0.001
put-on,cover:battery,1,0.001
fetch,juice:fruit,1,0.001
put-on,corn:sweet,1,0.001
put-on,coriander,1,0.001
feel,mozzarella,1,0.001
feel,hob,1,0.001
feel,heat,1,0.001
fasten,clip,1,0.001
put-on,lid:jar,1,0.001
put-on,lid:coffee:tin,1,0.001
put-on,lid:box,1,0.001
put-on,lid:bin,1,0.001
extract,filter,1,0.001
put-on,lettuce,1,0.001
extract-from,olive,1,0.001
put-on,leaf:spinach,1,0.001
put-on,ladle,1,0.001
put-on,knife:bread,1,0.001
fall-on,stirrer:wooden,1,0.001
put-on,jug:measuring,1,0.001
feel,bun:steamed,1,0.001
fasten,packaging:salad,1,0.001
put-on,jean,1,0.001
put-on,jar:pasta:sauce,1,0.001
put-on,jar:jam,1,0.001
put-on,jar,1,0.001
put-on,hummus,1,0.001
put-on,holder:teabag,1,0.001
feel,bowl,1,0.001
put-on,grater:cheese,1,0.001
put-on,grater,1,0.001
put-on,glove:second,1,0.001
empty-into,corn,1,0.001
put-on,punnet,1,0.001
put,rest:spoon,1,0.001
put-onto,butter,1,0.001
put-onto,box,1,0.001
open,jam,1,0.001
put-onto,board:cut,1,0.001
put-onto,bit:potato,1,0.001
put-onto,ball:dough,1,0.001
put-onto,bag,1,0.001
empty,mug:rice,1,0.001
empty,mushroom,1,0.001
put-on,wrapper,1,0.001
empty,oil:olive,1,0.001
empty,pack:cheese,1,0.001
put-on,watch,1,0.001
put-on,wash:water,1,0.001
put-on,vegetable,1,0.001
empty,packaging,1,0.001
empty,packet,1,0.001
put-on,tub:hummus,1,0.001
empty,pan:dish:washing,1,0.001
put-on,tray:steamer,1,0.001
put-on,tray:oven,1,0.001
empty,paper:filter,1,0.001
empty,pitcher,1,0.001
put-on,trash,1,0.001
empty,plug,1,0.001
put-on,towel:kitchen,1,0.001
put-onto,brush:pastry,1,0.001
put-onto,cap,1,0.001
put-on,rack:dry,1,0.001
put-onto,chilli,1,0.001
put-onto,pepper,1,0.001
empty,egg,1,0.001
put-onto,paper,1,0.001
put-onto,pan:cast:iron,1,0.001
empty,filter:sink,1,0.001
empty,flour,1,0.001
put-onto,mug,1,0.001
put-onto,mozzarella,1,0.001
put-onto,liquid:washing,1,0.001
put-onto,liquid:cleaning,1,0.001
empty,ground:coffee,1,0.001
put-onto,hummus,1,0.001
put-onto,heater:right,1,0.001
put-onto,fruit,1,0.001
put-onto,fork:paper,1,0.001
empty,holder:coffee,1,0.001
put-onto,food:more,1,0.001
put-onto,food,1,0.001
put-onto,film,1,0.001
put-onto,dough,1,0.001
put-onto,dirt,1,0.001
put-onto,container:salt,1,0.001
put-onto,container:oil,1,0.001
empty,liquid,1,0.001
put-onto,chopstick,1,0.001
empty,plug:sink,1,0.001
put-on,top:salad:spinner,1,0.001
put-on,top:pizza,1,0.001
put-on,top:fridge,1,0.001
empty,pot:moka,1,0.001
empty,rack:cutlery,1,0.001
empty,raisin:more,1,0.001
put-on,spade,1,0.001
put-on,soap:more,1,0.001
put-on,soap:dish,1,0.001
empty,salmon,1,0.001
put-on,slice:lasagne,1,0.001
empty,spice:mixed,1,0.001
put-on,sink:water,1,0.001
put-on,shelf:utensil,1,0.001
put-on,sheath,1,0.001
put-on,seal,1,0.001
empty,strainer:tea,1,0.001
put-on,scale,1,0.001
put-on,saucer,1,0.001
put-on,saucepan:small,1,0.001
put-on,saucepan:large,1,0.001
empty,strainer:teapot,1,0.001
empty,v60,1,0.001
empty,vegetable,1,0.001
put-on,ring:onion,1,0.001
empty-from,pan,1,0.001
empty-from,whey,1,0.001
put-on,rack:tray,1,0.001
put-on,spoon:measuring,1,0.001
put-on,spoon:slotted,1,0.001
put-on,spoon:wooden,1,0.001
put-on,tahini,1,0.001
put-on,top:cafetiere,1,0.001
empty,pod,1,0.001
put-on,tongs,1,0.001
put-on,tomato:chopped,1,0.001
put-on,tomato:cherry,1,0.001
empty,pod:coffee,1,0.001
put-on,toast,1,0.001
put-on,tin:coffee,1,0.001
put-on,timer,1,0.001
put-on,tea,1,0.001
put-on,tarragon,1,0.001
put-on,tablespoon,1,0.001
put-on,sprout:cooked,1,0.001
put-on,table:round,1,0.001
empty,pot:coffee,1,0.001
put-on,tabasco,1,0.001
put-on,syrup:cherry,1,0.001
put-on,strainer:teapot,1,0.001
put-on,strainer:tea,1,0.001
put-on,strainer:cafetiere,1,0.001
put-on,strainer,1,0.001
put-on,sticker,1,0.001
put-on,stick:bread,1,0.001
put-on,steamer,1,0.001
fetch,plate,1,0.001
put-on,cooker,1,0.001
put-on,container:salt,1,0.001
put-into,oil:sesame,1,0.001
put-into,oil:more,1,0.001
fish-out,salmon,1,0.001
put-into,oatmeal,1,0.001
put-into,oat,1,0.001
put-into,noodle:instant,1,0.001
fit-inside,wire,1,0.001
fix,blade:peeler,1,0.001
put-into,mozzarella,1,0.001
put-into,mixture:egg:flour,1,0.001
put-into,milk:soya,1,0.001
fix,container:pepper,1,0.001
fix,cover,1,0.001
put-into,microwave,1,0.001
fix,paella,1,0.001
put-into,mayonnaise,1,0.001
put-into,masala:bean,1,0.001
put-into,maker:coffee,1,0.001
fix,position:tray,1,0.001
put-into,liquid:washing:up,1,0.001
put-into,liquid:washing,1,0.001
flatten,ball:dough,1,0.001
put-into,leek,1,0.001
flatten,container,1,0.001
put-into,leaf:curry,1,0.001
put-into,leaf:basil,1,0.001
finish,onion:cut:spring,1,0.001
finish,chilli,1,0.001
fill,boiler,1,0.001
put-into,opener:bottle,1,0.001
fill-with,pot,1,0.001
put-into,pitta,1,0.001
put-into,pin:rolling,1,0.001
put-into,piece:spring:onion,1,0.001
fill-with,pot:coffee,1,0.001
put-into,piece:mushroom,1,0.001
put-into,piece:lettuce,1,0.001
put-into,piece:leek,1,0.001
put-into,piece:garlic,1,0.001
fill-with,saucepan:large,1,0.001
put-into,piece:carrot,1,0.001
put-into,pesto,1,0.001
fill-with,tray:baking,1,0.001
fill-with,tupperware,1,0.001
put-into,paper,1,0.001
put-into,paneer,1,0.001
put-into,pan:oil,1,0.001
put-into,pan:garlic,1,0.001
put-into,pan:fry,1,0.001
filter,water,1,0.001
put-into,packet:cheese,1,0.001
put-into,packet,1,0.001
find,cover,1,0.001
put-into,package,1,0.001
put-into,pack:bin:cheese,1,0.001
flatten,dough,1,0.001
flatten,mixture,1,0.001
put-into,jug:measuring,1,0.001
put-into,jug:cafetiere,1,0.001
put-into,curd:bean,1,0.001
flip,oat,1,0.001
put-into,cover,1,0.001
put-into,core:apple,1,0.001
put-into,content,1,0.001
flip,pancake:oat,1,0.001
put-into,clove,1,0.001
flip,tongs,1,0.001
flip,tray:pizza,1,0.001
put-into,chorizo,1,0.001
flip-through,book,1,0.001
flip-with,piece:meat,1,0.001
put-into,celery,1,0.001
put-into,carton:egg,1,0.001
put-into,caper,1,0.001
put-into,cap,1,0.001
put-into,cabbage:cooked,1,0.001
put-into,bulb:garlic,1,0.001
put-into,broccoli:tenderstem,1,0.001
put-into,bread,1,0.001
put-into,box:yeast,1,0.001
put-into,box:tea,1,0.001
put-into,box:noodle,1,0.001
put-into,box:food,1,0.001
put-into,box:cereal,1,0.001
put-into,curd:cooked:bean,1,0.001
flip,glove,1,0.001
put-into,cutter:pizza,1,0.001
put-into,flour:plain,1,0.001
put-into,jar:jam,1,0.001
put-into,jar:herb,1,0.001
put-into,hummus,1,0.001
put-into,grater,1,0.001
flatten,surface:mixture,1,0.001
flatten-out,paper:greaseproof,1,0.001
put-into,fridge,1,0.001
put-into,fragment:cabbage,1,0.001
flatten-with,spatula,1,0.001
flick,aeropress,1,0.001
put-into,foil:aluminium,1,0.001
flick,hand,1,0.001
flip,fridge,1,0.001
flick-up,holder:dishwasher:glass,1,0.001
put-into,filter:tap:water,1,0.001
put-into,film:cling,1,0.001
put-into,fat,1,0.001
put-into,egg:second,1,0.001
flip,base:pizza,1,0.001
flip,croissant,1,0.001
put-into,drainer,1,0.001
put-into,door,1,0.001
put-into,dish:oven,1,0.001
put-into,dish,1,0.001
put-into,plug,1,0.001
put-into,pot:right,1,0.001
put-into,pot:white,1,0.001
fill,nozzle:coffee,1,0.001
put-on,bottle:gin,1,0.001
put-on,boiler:water,1,0.001
put-on,boiler,1,0.001
fill,cup:water,1,0.001
put-on,bin:recycling,1,0.001
fill,liquid,1,0.001
put-on,base:pizza,1,0.001
put-on,band:rubber,1,0.001
fill,moka,1,0.001
put-on,bagel,1,0.001
put-on,bag:rice,1,0.001
put-on,bag:kitchen,1,0.001
put-on,bag:flour,1,0.001
put-on,bag:cheese,1,0.001
put-on,apple,1,0.001
put-of,tupperware:sugar,1,0.001
put-of,tupperware:oregano,1,0.001
put-of,tupperware:butter,1,0.001
put-of,tray:pizza,1,0.001
put-of,tomato,1,0.001
put-of,lid:salt,1,0.001
put-of,lid:pepper,1,0.001
put-of,chickpea,1,0.001
put-of,bottle:oil,1,0.001
put-of,bit:pepper,1,0.001
put-on,bottom:spring:form,1,0.001
put-on,bowl:egg,1,0.001
fill,container,1,0.001
put-on,cake,1,0.001
put-on,coffee,1,0.001
put-on,clothes,1,0.001
put-on,cloth,1,0.001
put-on,clip:top:jar,1,0.001
fill,bowl,1,0.001
put-on,choi:pak,1,0.001
put-on,carton:egg,1,0.001
put-on,carrot,1,0.001
put-on,cardigan,1,0.001
put-on,cardboard,1,0.001
put-on,cake:fish,1,0.001
put-on,cafetiere,1,0.001
put-on,bowl:lettuce,1,0.001
put-on,cabbage,1,0.001
fill,bun:steamed,1,0.001
put-on,burger:chicken,1,0.001
put-on,brusher,1,0.001
put-on,brush,1,0.001
put-on,broccoli:pour,1,0.001
put-on,bread:toast,1,0.001
fill,cafetiere,1,0.001
put-on,box:tea,1,0.001
put-on,box:cereal,1,0.001
fill,carafe,1,0.001
put-of,bean:kidney,1,0.001
put-into,yoghurt,1,0.001
put-into,product:cleaning,1,0.001
put-into,yeast,1,0.001
put-into,spoon:mixture,1,0.001
fill-up,can,1,0.001
put-into,spice,1,0.001
fill-up,jar,1,0.001
put-into,spaghetti,1,0.001
put-into,source:bean,1,0.001
put-into,soap,1,0.001
put-into,slice:bean:curd,1,0.001
put-into,skin:banana,1,0.001
put-into,skin,1,0.001
put-into,shell:egg,1,0.001
put-into,shelf:plated,1,0.001
put-into,seed:pepper,1,0.001
fill-up,pan,1,0.001
put-into,scissor,1,0.001
fill-with,boiler:water,1,0.001
put-into,salt:more,1,0.001
fill-with,bottle,1,0.001
put-into,salami,1,0.001
put-into,rubber,1,0.001
put-into,roll,1,0.001
fill-with,bottle:passata,1,0.001
put-into,rest:teabag,1,0.001
put-into,rest:rice,1,0.001
put-into,rest,1,0.001
put-into,spoon:second,1,0.001
put-into,sprout,1,0.001
put-into,sprout:cooked,1,0.001
put-into,tofu,1,0.001
put-into,water:tap,1,0.001
fill,pan,1,0.001
put-into,water:hot,1,0.001
fill,ramekin,1,0.001
fill,roll,1,0.001
fill,squash,1,0.001
fill,tray:ice:cube,1,0.001
fill-from,jug,1,0.001
fill-from,mug,1,0.001
put-into,tortilla,1,0.001
put-into,tomato:peeled,1,0.001
put-into,teaspoon,1,0.001
put-into,squash,1,0.001
put-into,teapot,1,0.001
put-into,teabag,1,0.001
put-into,tea,1,0.001
put-into,sugar,1,0.001
put-into,strip:opening,1,0.001
put-into,strip:coffee:bean:bag,1,0.001
fill-up,bowl,1,0.001
put-into,stick:chop,1,0.001
put-into,stand,1,0.001
put-into,stalk:pepper,1,0.001
put-into,squeezer:lemon,1,0.001
put-onto,piece:pepper,1,0.001
empty,drainer,1,0.001
empty,drain,1,0.001
return,sponge,1,0.001
return,pasta,1,0.001
return,pan:frying,1,0.001
return,oven,1,0.001
return,olive,1,0.001
return,nut:pine,1,0.001
return,milk,1,0.001
return,mayonnaise,1,0.001
return,kettle,1,0.001
return,ketchup,1,0.001
return,hole:sink,1,0.001
return,glass,1,0.001
return,envelope,1,0.001
return,drawer,1,0.001
return,cover:food:processor,1,0.001
return,can,1,0.001
return,butter,1,0.001
return,box,1,0.001
return,bottle,1,0.001
return,book,1,0.001
return,board:chopping,1,0.001
return,blade:chopping,1,0.001
return,bag:pine:nut,1,0.001
retrieve,half:eggshell,1,0.001
rest-onto,blender,1,0.001
dry,spatula,1,0.001
return,plate,1,0.001
return,tomato,1,0.001
dry,wok,1,0.001
dry,sink,1,0.001
rinse,bin,1,0.001
dry,scissors,1,0.001
rinse,base:cake:container,1,0.001
rinse,aubergine,1,0.001
dry,scraper,1,0.001
rifle-through,drawer,1,0.001
dry,side,1,0.001
rewrap,butter,1,0.001
reverse,lid,1,0.001
return-to,tortilla,1,0.001
return-to,spice,1,0.001
return-to,saucepan,1,0.001
return-to,pot,1,0.001
return-to,glove:second,1,0.001
return-to,glass,1,0.001
return-to,box:plastic,1,0.001
return-to,bowl,1,0.001
return-to,bottle:water,1,0.001
return-to,bag:plastic,1,0.001
return-into,nut:pine,1,0.001
return-into,milk,1,0.001
return-into,compartment,1,0.001
return-into,bag:sugar,1,0.001
return-into,bag,1,0.001
return-from,spice,1,0.001
rest-on,spatula,1,0.001
rest-against,spatula,1,0.001
reseal,raisin,1,0.001
reposition,burner,1,0.001
remove-from,seed:lemon,1,0.001
dry,strainer:tea,1,0.001
dry,support,1,0.001
remove-from,sausage,1,0.001
remove-from,salad,1,0.001
remove-from,rest,1,0.001
remove-from,remainder:mixture,1,0.001
remove-from,potato,1,0.001
dry,teapot,1,0.001
dry,thermometer,1,0.001
remove-from,piece:shell,1,0.001
remove-from,piece:pasta,1,0.001
remove-from,piece:onion,1,0.001
remove-from,peel,1,0.001
remove-from,patty:tuna,1,0.001
remove-from,packaging,1,0.001
remove-from,line,1,0.001
dry,toothpick,1,0.001
remove-from,lid:plastic,1,0.001
remove-from,lid:film,1,0.001
dry,top:salad:spinner,1,0.001
remove-from,leaf:curry,1,0.001
dry,tray,1,0.001
remove-from,label,1,0.001
dry,tub:tupperware,1,0.001
dry,strainer:cafetiere,1,0.001
remove-from,stalk,1,0.001
remove-from,stick:cocktail,1,0.001
dry,spinner:salad,1,0.001
replace,support,1,0.001
replace,stopper,1,0.001
replace,milk,1,0.001
replace,drum:measuring,1,0.001
remove-out,piece:garlic,1,0.001
remove-out,ginger,1,0.001
remove-on,waste,1,0.001
remove-on,tap,1,0.001
remove-on,spoon,1,0.001
remove-on,plate,1,0.001
remove-on,patty:tuna,1,0.001
remove-off,peel,1,0.001
remove-from,sticker,1,0.001
remove-into,remainder,1,0.001
remove-into,dust,1,0.001
remove-into,clothes,1,0.001
remove-inside,waste,1,0.001
dry,sponge,1,0.001
remove-inside,part:pepper,1,0.001
dry,stand:sharpening,1,0.001
remove-from,tupperware,1,0.001
remove-from,tray:baking,1,0.001
remove-from,trash,1,0.001
remove-from,towel:kitchen,1,0.001
rinse,blackberry,1,0.001
rinse,blade,1,0.001
rinse,blade:chopping,1,0.001
rinse,measurer:rice,1,0.001
drop,rubbish,1,0.001
rinse,residue:food,1,0.001
drop,shell:egg,1,0.001
drop,sock,1,0.001
rinse,pot:teapot,1,0.001
rinse,pot:small,1,0.001
drop,spoon:coffee,1,0.001
drop,spoon:measuring,1,0.001
drop-in,ball:dough,1,0.001
rinse,pod:coffee,1,0.001
drop-in,bit:carrot,1,0.001
drop-in,dough,1,0.001
rinse,piece:hand:blender,1,0.001
rinse,piece:food:processor,1,0.001
drop-in,scourer,1,0.001
rinse,pepper,1,0.001
drop-into,bit:carrot,1,0.001
rinse,parsley,1,0.001
drop-into,crumb,1,0.001
rinse,packet:beef,1,0.001
rinse,packet,1,0.001
rinse,pack:chicken,1,0.001
rinse,onion:spring,1,0.001
drop-into,jug:measuring,1,0.001
rinse,mixture,1,0.001
drop,roll:cling:film,1,0.001
rinse,sauce,1,0.001
drop,paper:tissue,1,0.001
rinse,strainer:cafetiere,1,0.001
drop,container,1,0.001
drop,curd:cheese,1,0.001
drop,dust,1,0.001
rinse,tablespoon:place,1,0.001
drop,floor,1,0.001
rinse,support,1,0.001
rinse,strawberry,1,0.001
rinse,straw,1,0.001
drop,grater,1,0.001
drop,guard,1,0.001
rinse,strainer:mesh,1,0.001
drop,jar,1,0.001
rinse,scourer,1,0.001
rinse,stone:sharpening,1,0.001
rinse,stand:sharpening,1,0.001
rinse,squeezer,1,0.001
drop,knife,1,0.001
drop,lid:jar,1,0.001
drop,milk,1,0.001
rinse,skinner:carrot,1,0.001
drop,oil,1,0.001
drop,paper:greaseproof,1,0.001
rinse,seal:clip:top:jar,1,0.001
rinse,scraper,1,0.001
rinse,mixer,1,0.001
rinse,lime,1,0.001
dry,saucer,1,0.001
rinse,lid:pan,1,0.001
dry,kitchen,1,0.001
dry,knife:chef,1,0.001
dry,knife:mezzaluna,1,0.001
rinse,container:food,1,0.001
dry,lid:box,1,0.001
rinse,clip:top:jar,1,0.001
rinse,clip:bag,1,0.001
rinse,clip,1,0.001
rinse,choi:pak,1,0.001
rinse,chilli,1,0.001
dry,mixer,1,0.001
rinse,caper,1,0.001
dry,paella,1,0.001
dry,peach,1,0.001
rinse,brush,1,0.001
rinse,broccoli,1,0.001
dry,peeler:carrot,1,0.001
dry,peeler:potato,1,0.001
rinse,bowl:juicer,1,0.001
rinse,bowl:food:processor,1,0.001
dry,pot:small,1,0.001
dry,rack,1,0.001
dry,rag,1,0.001
dry,rag:dish,1,0.001
dry,rest:spoon,1,0.001
dry,jug:cafetiere,1,0.001
dry,jug,1,0.001
dry,jar,1,0.001
dry,clip:bag,1,0.001
rinse,lid:jar,1,0.001
rinse,lid:hummus:tub,1,0.001
rinse,lid:container,1,0.001
drop-on,egg,1,0.001
dry,blade,1,0.001
rinse,knife:paring,1,0.001
dry,booklet:instruction,1,0.001
rinse,kitchen,1,0.001
rinse,kettle,1,0.001
dry,burner,1,0.001
dry,carafe,1,0.001
rinse,infuser,1,0.001
dry,holder:teabag,1,0.001
rinse,holder:teabag,1,0.001
dry,counter,1,0.001
dry,cucumber,1,0.001
rinse,grater:cheese,1,0.001
dry,dish:oven,1,0.001
dry,finger,1,0.001
rinse,glove,1,0.001
dry,guard:hand,1,0.001
dry,hob,1,0.001
dry,holder:jug,1,0.001
dry,holder:spoon,1,0.001
remove-from,ginger,1,0.001
remove-from,foil,1,0.001
empty,dough,1,0.001
eat-on,food,1,0.001
remain-in,food:empty,1,0.001
regulate,stove,1,0.001
recycle,packaging:pizza,1,0.001
recycle,package,1,0.001
recycle,bottle,1,0.001
reconstruct,squeezer:lemon,1,0.001
reattach,boiler:water,1,0.001
rearrange-in,egg,1,0.001
rearrange,tomato,1,0.001
rearrange,slice:bread,1,0.001
rearrange,pizza,1,0.001
rearrange,piece:lime,1,0.001
rearrange,piece:garlic,1,0.001
rearrange,piece:cucumber,1,0.001
rearrange,pan,1,0.001
rearrange,leaf:pak:choi,1,0.001
rearrange,glass,1,0.001
rearrange,fridge,1,0.001
rearrange,cupboard,1,0.001
rearrange,chopstick,1,0.001
rearrange,bread,1,0.001
rearrange,bowl,1,0.001
realize,sauce:fish,1,0.001
read-on,recipe,1,0.001
read-on,box,1,0.001
empty,bean:coffee,1,0.001
remove,bag:carrier,1,0.001
remove-from,floor,1,0.001
remove,banana,1,0.001
remove,cover:plastic,1,0.001
remove,cover:blender,1,0.001
eat,sausage:quorn,1,0.001
remove,courgette,1,0.001
remove,coriander,1,0.001
remove,core,1,0.001
remove,content:pan,1,0.001
remove,container:water,1,0.001
remove,container:pod,1,0.001
eat,sausage:quorn:cocktail,1,0.001
remove,colander,1,0.001
eat,slice:bread,1,0.001
remove,chip,1,0.001
remove,cheese,1,0.001
remove,carrot,1,0.001
remove,cardigan,1,0.001
remove,burner,1,0.001
remove,bulb:garlic,1,0.001
eat,soup,1,0.001
remove,bowl,1,0.001
eat,tuna,1,0.001
eat,wrap,1,0.001
remove,blade:food:processor:chopping,1,0.001
eat-from,soup,1,0.001
remove,bit:carrot,1,0.001
read-on,bag,1,0.001
read,thermometer,1,0.001
read,temperature:liquid,1,0.001
empty,box:water,1,0.001
put-to,ladder,1,0.001
put-to,cucumber,1,0.001
put-over,wrap:elastic,1,0.001
put-over,tomato,1,0.001
put-over,salad,1,0.001
put-over,cloth,1,0.001
put-outside,plate,1,0.001
put-outside,bag,1,0.001
empty,content:plate,1,0.001
put-onto,vegetable,1,0.001
put-onto,v60,1,0.001
put-onto,tray,1,0.001
put-onto,topping,1,0.001
put-onto,top,1,0.001
empty,courgette,1,0.001
empty,cover:juicer,1,0.001
empty,cup:flour,1,0.001
put-onto,shelf:utensil,1,0.001
put-onto,shelf,1,0.001
empty,cup:measuring,1,0.001
put-onto,salt,1,0.001
put-onto,salad,1,0.001
put-onto,rice,1,0.001
put-onto,rack:drying,1,0.001
put-onto,rack,1,0.001
put-to,liquid:washing,1,0.001
put-to,pepper,1,0.001
put-to,potato,1,0.001
put-with,brush,1,0.001
read,recipe:yeast,1,0.001
read,paper,1,0.001
read,packet,1,0.001
read,package:parsley,1,0.001
read,national,1,0.001
read,booklet:instruction,1,0.001
put-with,soup,1,0.001
put-with,pan,1,0.001
put-with,ingredient,1,0.001
put-with,dish,1,0.001
put-with,cream,1,0.001
put-with,bean,1,0.001
empty,colander,1,0.001
put-with,bag:plastic,1,0.001
put-up,sponge,1,0.001
put-up,board:chopping,1,0.001
empty,chicken,1,0.001
put-under,tray:baking,1,0.001
put-under,spoon,1,0.001
put-under,phone:mobile,1,0.001
put-under,mug,1,0.001
put-under,bowl:rice:cooker,1,0.001
put-under,bag:flour,1,0.001
put-to,spoon,1,0.001
remove,cover:tin,1,0.001
remove,drawer,1,0.001
remove,film,1,0.001
remove,seal,1,0.001
remove-from,bag,1,0.001
remove-from,apron,1,0.001
remove,wrap,1,0.001
remove,whisk,1,0.001
remove,watch,1,0.001
remove,waste,1,0.001
dry-off,leek,1,0.001
remove,tray:baking,1,0.001
remove,towel,1,0.001
dry-with,bottom:saucepan,1,0.001
dry-with,pan,1,0.001
remove,straw,1,0.001
dry-with,saucepan,1,0.001
remove,stock,1,0.001
remove,stirrer:coffee,1,0.001
remove,sticker,1,0.001
remove,stem,1,0.001
remove,sponge,1,0.001
remove,sock,1,0.001
dump-out,water,1,0.001
remove,skin:outer,1,0.001
eat,apple,1,0.001
eat,biscuit,1,0.001
eat,bread,1,0.001
remove,shelf,1,0.001
remove-from,bag:tea,1,0.001
remove-from,bagel,1,0.001
remove-from,bean:green,1,0.001
remove-from,colander,1,0.001
remove-from,fish,1,0.001
remove-from,filter,1,0.001
remove-from,film:cling,1,0.001
remove-from,egg,1,0.001
remove-from,dish:oven,1,0.001
remove-from,cucumber,1,0.001
remove-from,crumb,1,0.001
remove-from,cover:plastic,1,0.001
remove-from,cover,1,0.001
dry-in,cucumber,1,0.001
remove-from,container:milk,1,0.001
remove-from,clove:garlic,1,0.001
remove-from,bit:potato,1,0.001
remove-from,clothes,1,0.001
remove-from,clip,1,0.001
remove-from,choi:pak,1,0.001
dry-in,hand,1,0.001
remove-from,cap,1,0.001
remove-from,broccoli:tenderstem,1,0.001
dry-off,box,1,0.001
remove-from,bottle:oil,1,0.001
remove-from,blood,1,0.001
remove-from,blade:chopping,1,0.001
remove-from,bit:white,1,0.001
remove,seasoning,1,0.001
remove,salmon,1,0.001
eat,salad,1,0.001
remove,salad,1,0.001
remove,mat,1,0.001
remove,machine:washing,1,0.001
remove,lid:kettle,1,0.001
remove,lid:food:processor,1,0.001
remove,lid:film,1,0.001
eat,piece:broccoli,1,0.001
eat,piece:pepper,1,0.001
remove,leaf:only:curry,1,0.001
eat,piece:scotch:egg,1,0.001
remove,label,1,0.001
remove,knife,1,0.001
remove,kettle,1,0.001
remove,jean,1,0.001
remove,ingredient,1,0.001
remove,holder:filter,1,0.001
eat,piece:tofu,1,0.001
remove,holder,1,0.001
eat,pork,1,0.001
remove,glass,1,0.001
remove,garlic:sliced,1,0.001
remove,garlic,1,0.001
eat,rice,1,0.001
remove,fridge,1,0.001
remove,food:residual,1,0.001
remove,foil,1,0.001
remove,mould:cake,1,0.001
remove,nozzle,1,0.001
remove,oil,1,0.001
eat,crumbles:chocolate,1,0.001
remove,root,1,0.001
remove,rind:cheese,1,0.001
remove,potato,1,0.001
remove,pot:pressure,1,0.001
remove,pot:coffee,1,0.001
eat,cookie,1,0.001
eat,courgette,1,0.001
remove,piece:biscuit,1,0.001
remove,pepper:bell,1,0.001
eat,cracker,1,0.001
eat,cream:milk,1,0.001
eat,cucumber,1,0.001
eat,mushroom,1,0.001
remove,part:onion:piece,1,0.001
eat,egg:scotch,1,0.001
remove,packet:tea,1,0.001
remove,packaging:tomato,1,0.001
eat,end:bread,1,0.001
remove,packaging:pasta,1,0.001
remove,packaging:meat,1,0.001
eat,end:cucumber,1,0.001
remove,pack,1,0.001
remove,opener:can,1,0.001
remove,onion:excess,1,0.001
fold,bag:rice,1,0.001
fold,bar:cereal,1,0.001
put-into,board:white,1,0.001
put-down,grinder,1,0.001
put-down,griddle,1,0.001
grab,rack:oven,1,0.001
grab,rag,1,0.001
put-down,granola,1,0.001
put-down,gochujang,1,0.001
grab,rice,1,0.001
grab,rind:peach,1,0.001
grab,rubbish,1,0.001
grab,rucksack,1,0.001
put-down,geographic:national,1,0.001
put-down,gas,1,0.001
grab,sauce,1,0.001
put-down,freezer,1,0.001
put-down,foil:transparent,1,0.001
grab,sheet,1,0.001
grab,silverware,1,0.001
put-down,flake:chilli,1,0.001
put-down,fish,1,0.001
grab,slice:bread,1,0.001
grab,slice:carrot,1,0.001
put-down,filter:aeropress,1,0.001
grab,spaghetti,1,0.001
grab,square:paper,1,0.001
put-down,end:bread,1,0.001
grab,tabasco,1,0.001
grab,pot:small,1,0.001
grab,plate:small,1,0.001
hang,trouser,1,0.001
grab,pitcher,1,0.001
put-down,lid:chopper,1,0.001
put-down,lid:bin,1,0.001
put-down,lid:aeropress,1,0.001
put-down,lemonade,1,0.001
grab,oil:olive,1,0.001
grab,omelette,1,0.001
grab,packet,1,0.001
grab,packet:crisp,1,0.001
put-down,knife:mezzaluna,1,0.001
put-down,knife:chef,1,0.001
grab,paper:greaseproof,1,0.001
grab,peel,1,0.001
grab,phone:mobile,1,0.001
put-down,jar:thyme,1,0.001
put-down,jar:tahini:sauce,1,0.001
put-down,jar:spicy:bean:sauce,1,0.001
put-down,jar:spicy:bean:paste,1,0.001
put-down,jar:pesto:sauce,1,0.001
put-down,jar:jam,1,0.001
grab,piece:lettuce,1,0.001
put-down,instruction,1,0.001
put-down,ingredient,1,0.001
put-down,infuser,1,0.001
put-down,holder:teabag,1,0.001
grab,piece:turkey,1,0.001
grab,tap,1,0.001
put-down,dustpan,1,0.001
grab,teaspoon,1,0.001
grab,tin,1,0.001
grind-onto,pepper,1,0.001
half,dough,1,0.001
put-down,cloth:wiping,1,0.001
half,potato,1,0.001
put-down,cloth:cleaning,1,0.001
halve,ginger,1,0.001
put-down,clip:top:jar,1,0.001
put-down,chunk:rennet:tablet,1,0.001
put-down,chunk:pork:belly,1,0.001
hand,glove,1,0.001
put-down,chocolate,1,0.001
hand,hand,1,0.001
hang,cloth:table,1,0.001
put-down,cheese:cream,1,0.001
hang,glove:oven,1,0.001
put-down,cellar:pepper,1,0.001
put-down,case:thermometer,1,0.001
hang,mitt:oven,1,0.001
put-down,card,1,0.001
hang,pad:scouring,1,0.001
put-down,capsule,1,0.001
hang,pot,1,0.001
put-down,cap:liquid,1,0.001
hang,shirt,1,0.001
put-down,candy,1,0.001
grind,salt,1,0.001
grind,grinder,1,0.001
put-down,container:oil,1,0.001
grab-up,bowl,1,0.001
put-down,drainer,1,0.001
grab,tomato,1,0.001
put-down,doritos,1,0.001
put-down,dog:hot,1,0.001
grab,trash,1,0.001
put-down,cylinder:paper,1,0.001
put-down,cylinder,1,0.001
grab,tv,1,0.001
put-down,cupboard,1,0.001
grab,wok,1,0.001
grab-down,peeler:potato,1,0.001
put-down,cover:thermometer,1,0.001
put-down,container:pepper,1,0.001
put-down,cover:processor,1,0.001
put-down,cover:plastic,1,0.001
put-down,cover:microwave,1,0.001
grate-into,cheese,1,0.001
put-down,core:pepper,1,0.001
put-down,cookie,1,0.001
put-down,cooker:water,1,0.001
put-down,cooker:rice,1,0.001
put-down,container:tofu,1,0.001
grate-on,cheese:parmesan,1,0.001
grate-on,tortellini,1,0.001
put-down,lid:milk:bottle,1,0.001
grab,meat:minced,1,0.001
put-down,lid:steamer,1,0.001
put-down,pan:cast:iron,1,0.001
put-down,piece:plastic,1,0.001
put-down,piece:onion,1,0.001
put-down,piece:meat,1,0.001
put-down,piece:lemon:squeezer,1,0.001
put-down,piece:bread,1,0.001
put-down,piece:biscuit,1,0.001
put-down,pie,1,0.001
grab,basket,1,0.001
put-down,pesto,1,0.001
put-down,pestle,1,0.001
put-down,pepper:black,1,0.001
grab,biscuit,1,0.001
put-down,pen,1,0.001
put-down,peeler:carrot,1,0.001
grab,bottle:bean:curd,1,0.001
grab,bottle:oil,1,0.001
put-down,paste:shrimp,1,0.001
grab,bowl:glass,1,0.001
put-down,passata,1,0.001
put-down,part:blender,1,0.001
put-down,paprika,1,0.001
grab,bowl:sugar,1,0.001
put-down,paper:foil,1,0.001
grab,box,1,0.001
grab,bread:white,1,0.001
put-down,piece:sponge,1,0.001
put-down,piece:tofu,1,0.001
grab,bag:oregano,1,0.001
put-down,pot:teapot,1,0.001
get-out,clothes,1,0.001
put-down,quorn,1,0.001
put-down,purse,1,0.001
put-down,puree:tomato,1,0.001
get-out,leaf,1,0.001
get-out,pepper:bell,1,0.001
put-down,press:garlic,1,0.001
put-down,powder:washing,1,0.001
get-out,plate,1,0.001
get-out,salad,1,0.001
put-down,pot:yoghurt,1,0.001
get-out,seed,1,0.001
grab,bag:mozzarella,1,0.001
put-down,pot:rice:cooker,1,0.001
get-out,spout,1,0.001
put-down,pot:kettle,1,0.001
grab,apple,1,0.001
put-down,plum,1,0.001
put-down,plug,1,0.001
put-down,plate:small,1,0.001
put-down,plate:scale,1,0.001
grab,bag:carrot,1,0.001
put-down,plastic,1,0.001
put-down,plant:basil,1,0.001
put-down,paneer,1,0.001
grab,cd,1,0.001
put-down,lid:sugar,1,0.001
grab,chocolate,1,0.001
grab,fruit,1,0.001
put-down,motor:hand:blender,1,0.001
put-down,mop,1,0.001
grab,grain:rice,1,0.001
put-down,mixture:tuna,1,0.001
grab,grape,1,0.001
grab,grill,1,0.001
put-down,mitt,1,0.001
put-down,milk:soya,1,0.001
grab,herb,1,0.001
put-down,mezzaluna,1,0.001
put-down,mesh,1,0.001
put-down,meat:mince,1,0.001
grab,holder:filter,1,0.001
put-down,mat:tea:place,1,0.001
put-down,mat:sushi,1,0.001
put-down,machine:sous:vide,1,0.001
put-down,machine:coffee,1,0.001
put-down,lods,1,0.001
grab,lettuce,1,0.001
grab,lighter,1,0.001
put-down,liquid,1,0.001
put-down,lime,1,0.001
grab,machine:coffee,1,0.001
put-down,lid:yoghurt,1,0.001
put-down,mould:ring:cake,1,0.001
grab,foil:transparent,1,0.001
put-down,mozzarella:tomato:sauce,1,0.001
grab,container:rice,1,0.001
put-down,packet:tofu,1,0.001
put-down,packet:tablet,1,0.001
put-down,packet:salami,1,0.001
put-down,packet:peanut,1,0.001
put-down,packet:coffee,1,0.001
grab,chopstick,1,0.001
put-down,package:wrap,1,0.001
grab,cob,1,0.001
put-down,package:mixed:spice,1,0.001
put-down,package:crispy:pancake,1,0.001
put-down,package:bread,1,0.001
put-down,pack:battery,1,0.001
put-down,mug:water,1,0.001
grab,coriander,1,0.001
grab,corn:sweet,1,0.001
grab,cream,1,0.001
grab,crisp,1,0.001
put-down,oil:truffle,1,0.001
grab,cucumber,1,0.001
grab,degreaser,1,0.001
put-down,nutella,1,0.001
put-down,nut,1,0.001
grab,dust,1,0.001
put-down,net:rubber,1,0.001
put-down,candle,1,0.001
hang-on,glove,1,0.001
put-down,ramekin:coriander,1,0.001
put-away,ladle,1,0.001
put-away,jug,1,0.001
put-away,glass:wine,1,0.001
hold,piece:pork,1,0.001
hold,press,1,0.001
put-away,foil:kitchen,1,0.001
put-away,egg,1,0.001
put-away,container,1,0.001
put-away,cheese,1,0.001
hold,spoon,1,0.001
put-away,bottle:soy:sauce,1,0.001
put-away,bottle,1,0.001
put-away,basket,1,0.001
put-away,bag:shopping,1,0.001
put-aside,lid,1,0.001
put-around,clip,1,0.001
put,yeast:can,1,0.001
put,yeast,1,0.001
put,water:tap,1,0.001
put,water:salt,1,0.001
put,vinegar:rice,1,0.001
hold,stain,1,0.001
put,vegetable,1,0.001
hold,switch:oil,1,0.001
hold,tap,1,0.001
put,tube,1,0.001
hold,piece:cucumber,1,0.001
put-away,leaf:bay,1,0.001
hang-up,cloth,1,0.001
put-away,lemon,1,0.001
put-away,tray:bacon,1,0.001
put-away,strainer,1,0.001
put-away,spoon,1,0.001
put-away,skin,1,0.001
put-away,sharpener,1,0.001
put-away,scoop,1,0.001
hold,packet:sausage,1,0.001
put-away,sauce:fish,1,0.001
put-away,salad:cucumber,1,0.001
put-away,press:panini,1,0.001
put-away,pepper,1,0.001
put-away,peeler:potato,1,0.001
put-away,peeler,1,0.001
put-away,peanut,1,0.001
put-away,patty,1,0.001
hold,paper:greaseproof,1,0.001
put-away,package:olive,1,0.001
put-away,olive,1,0.001
put-away,oil,1,0.001
put-away,mirin,1,0.001
put-away,milk,1,0.001
put-away,mat:sushi,1,0.001
hold,piece:chicken,1,0.001
put-away,liquid:washing:up,1,0.001
put-away,lid,1,0.001
put,tub:tupperware,1,0.001
put,tray:pizza,1,0.001
put,tray:oven,1,0.001
put,tray:baking,1,0.001
hold-over,bottle:milk,1,0.001
put,slice:cheese,1,0.001
put,slice:bread,1,0.001
hold-over,hand,1,0.001
put,side,1,0.001
put,shelf:oven,1,0.001
put,shelf,1,0.001
put,sheet,1,0.001
put,sharpener:knife,1,0.001
hold-with,curd,1,0.001
put,scoop,1,0.001
put,scissor,1,0.001
ignite,hob,1,0.001
put,sauce:soya,1,0.001
put,sauce:black:bean,1,0.001
immerge,spatula,1,0.001
immerge,spoon,1,0.001
immerse,bag,1,0.001
put,sale,1,0.001
put,salami,1,0.001
immerse,mozzarella,1,0.001
put,sachet,1,0.001
put,rubbish,1,0.001
put,roll:sesame,1,0.001
increase,cooker,1,0.001
hold-out,paper:greaseproof,1,0.001
put,sock,1,0.001
put,soup,1,0.001
hold-along,knife,1,0.001
hold,towel:tea,1,0.001
put,towel:tea,1,0.001
put,tortellini,1,0.001
hold,tray:first,1,0.001
put,tomato:chopped,1,0.001
hold,tupperware,1,0.001
put,tissue,1,0.001
put,tin:coffee:bean,1,0.001
put,tin:baking,1,0.001
hold,wrap,1,0.001
put,thyme,1,0.001
hold-down,paper:greaseproof,1,0.001
put,spade,1,0.001
put,tea,1,0.001
put,tahini,1,0.001
hold-in,bottle,1,0.001
hold-in,curd:cheese,1,0.001
put,stud,1,0.001
hold-in,tablet,1,0.001
hold-in,tomato,1,0.001
hold-onto,curd,1,0.001
add,breast:chicken,1,0.001
hold-onto,dough,1,0.001
hold-onto,edge:dough,1,0.001
put-back,blueberry,1,0.001
put-back,bottle:milk,1,0.001
put-back,box,1,0.001
put-down,bean:green,1,0.001
put-down,bowl:cheese,1,0.001
hit-on,lid,1,0.001
put-down,bottle:vanilla:extract,1,0.001
hit-on,spoon,1,0.001
put-down,bottle:sauce,1,0.001
put-down,bottle:passata,1,0.001
hit-on,spoon:wooden,1,0.001
put-down,bottle:little,1,0.001
put-down,bottle:liquid,1,0.001
hold,bag,1,0.001
hold,blender:hand,1,0.001
put-down,book:recipe,1,0.001
hold,bottle,1,0.001
put-down,boiler:water,1,0.001
put-down,board:eating,1,0.001
hold,box:folding,1,0.001
hold,box:plastic,1,0.001
hold,cap,1,0.001
hold,carrot,1,0.001
hold,cheese,1,0.001
hold,chunk:pork:belly,1,0.001
put-down,bit:food,1,0.001
hold,curd:cheese,1,0.001
put-down,bin:food,1,0.001
hold,door:oven,1,0.001
put-down,bowl:cooker,1,0.001
put-down,bowl:egg,1,0.001
hit,glass,1,0.001
put-down,box:pasta,1,0.001
hang-up,cover:mug,1,0.001
hang-up,cover:pot,1,0.001
hang-up,rag:dish,1,0.001
hang-up,spatula,1,0.001
put-down,brush:dish,1,0.001
put-down,broccoli:stem,1,0.001
have,food,1,0.001
put-down,box:tomato,1,0.001
put-down,box:stock:container,1,0.001
put-down,box:salt,1,0.001
put-down,box:pizza,1,0.001
heat,bowl,1,0.001
heat,water,1,0.001
put-down,box:fajitas,1,0.001
put-down,box:cling:film,1,0.001
put-down,box:cherry:tomato,1,0.001
put-down,box:breadstick,1,0.001
heat,cooker,1,0.001
heat,oil,1,0.001
put-down,bowl:soup,1,0.001
put-down,bowl:small,1,0.001
heat,sausage,1,0.001
put-down,bowl:rice:cooker,1,0.001
put-down,bowl:raspberry,1,0.001
put-down,beef,1,0.001
hold,edge:paper,1,0.001
put-back,clam,1,0.001
put-down,basket:laundry,1,0.001
put-back,strainer:sink,1,0.001
put-back,smoothie,1,0.001
put-back,shaker:pepper,1,0.001
put-back,sauce:soy,1,0.001
put-back,sauce,1,0.001
put-back,salt,1,0.001
put-back,rice,1,0.001
put-back,powder:washing,1,0.001
put-back,pot,1,0.001
put-back,pan:frying,1,0.001
put-back,oregano,1,0.001
put-back,onion:spring,1,0.001
put-back,oat,1,0.001
put-back,mug,1,0.001
put-back,milk,1,0.001
put-back,margarine,1,0.001
put-back,label,1,0.001
put-back,knife,1,0.001
put-back,kiwi,1,0.001
put-back,garlic,1,0.001
put-back,dressing,1,0.001
put-back,corn,1,0.001
put-back,container,1,0.001
put-back,coke,1,0.001
put-back,cloth,1,0.001
put-back,towel:tea,1,0.001
put-back,vinegar,1,0.001
put-between,ham,1,0.001
put-down,bag:shopping,1,0.001
put-down,basket:cutlery,1,0.001
hold,egg,1,0.001
put-down,base,1,0.001
put-down,bar:breakfast,1,0.001
hold,filter:fill:water,1,0.001
put-down,ball:mozzarella,1,0.001
hold,glove:rubber,1,0.001
hold,handle:drawer,1,0.001
put-down,bag:tea,1,0.001
put-down,bag:sugar,1,0.001
put-down,bag:spaghetti,1,0.001
put-down,bag:pasta,1,0.001
hold,meat,1,0.001
put-down,bag:packing,1,0.001
put-down,bag:mozzarella,1,0.001
put-down,bag:folded,1,0.001
put-down,bag:coriander,1,0.001
put-down,bag:coffee,1,0.001
put-down,bag:bread:wrap,1,0.001
hold,jar:sugar,1,0.001
put-down,backpack,1,0.001
put-down,apron,1,0.001
put-down,apple,1,0.001
put-down,alcohol,1,0.001
get-out,chopstick,1,0.001
put-down,ramekin:peanut,1,0.001
fold,block:chopping,1,0.001
put-in,paste:tomato,1,0.001
put-in,paper:filter,1,0.001
put-in,paper:baking,1,0.001
put-in,paneer,1,0.001
get,bowl:milk,1,0.001
get,bowl:plastic,1,0.001
put-in,packet:tofu,1,0.001
put-in,packet:salami,1,0.001
put-in,packet:popcorn,1,0.001
put-in,packet:granola,1,0.001
put-in,packet:cookie,1,0.001
put-in,packet:beef,1,0.001
put-in,packaging:salad,1,0.001
put-in,packaging:iron,1,0.001
get,bowl:tomato,1,0.001
put-in,package:sausage,1,0.001
put-in,package:popcorn,1,0.001
put-in,package:cookie,1,0.001
put-in,pack:battery,1,0.001
put-in,oven,1,0.001
get,box,1,0.001
put-in,onion:sliced,1,0.001
put-in,onion:diced,1,0.001
put-in,omelette,1,0.001
get,carafe,1,0.001
put-in,oil:sesame,1,0.001
put-in,paper:shredded,1,0.001
put-in,pastry,1,0.001
put-in,glove,1,0.001
put-in,patty,1,0.001
put-in,pot:sauce,1,0.001
get,bag:trash,1,0.001
get,biscuit,1,0.001
put-in,portion:rennet:tablet,1,0.001
put-in,porridge,1,0.001
get,bit:bell:pepper,1,0.001
get,bit:sink,1,0.001
get,board,1,0.001
get,board:chop,1,0.001
get,board:serving,1,0.001
put-in,piece:onion,1,0.001
put-in,piece:meat,1,0.001
put-in,piece:juicer,1,0.001
put-in,piece:cabbage,1,0.001
get,bottle:oil,1,0.001
put-in,phone,1,0.001
get,bottle:something,1,0.001
put-in,peppercorn,1,0.001
put-in,pepper:hot,1,0.001
put-in,pepper:black,1,0.001
get,bottle:vinegar,1,0.001
put-in,peeling:veggie,1,0.001
put-in,peeling:onion,1,0.001
get,bowl:big,1,0.001
put-in,peanut,1,0.001
get,cardboard,1,0.001
get,carrot,1,0.001
put-in,nut:pine,1,0.001
put-in,mug:glass,1,0.001
get,cutlery,1,0.001
put-in,jar:pesto:sauce,1,0.001
put-in,jar:jam,1,0.001
put-in,item:fridge,1,0.001
put-in,infuser:tea,1,0.001
put-in,hummus,1,0.001
get,device:wooden,1,0.001
put-in,holder:dishwasher:cutlery,1,0.001
put-in,holder:cutlery,1,0.001
put-in,holder:bread:knife,1,0.001
put-in,herb,1,0.001
get,dishwasher,1,0.001
get,edge:carrot,1,0.001
put-in,half:lemon,1,0.001
put-in,half:eggshell,1,0.001
put-in,half:bagel,1,0.001
put-in,grinder,1,0.001
put-in,grind:coffee,1,0.001
put-in,grill,1,0.001
put-in,green,1,0.001
get,filter:water,1,0.001
get,fish,1,0.001
put-in,granola,1,0.001
put-in,gochujang,1,0.001
put-in,glove:rubber,1,0.001
get,curry,1,0.001
put-in,juice:lime,1,0.001
get,cup:measuring,1,0.001
put-in,machine:sous:vide,1,0.001
get,cherry,1,0.001
put-in,mixer,1,0.001
put-in,mince,1,0.001
get,chicken,1,0.001
put-in,microwave,1,0.001
put-in,mesh,1,0.001
put-in,meat:minced,1,0.001
get,coconut,1,0.001
put-in,mayonnaise,1,0.001
put-in,mat:sushi,1,0.001
put-in,mango,1,0.001
put-in,machine:coffee,1,0.001
put-in,knife:chef,1,0.001
put-in,liquid:washing,1,0.001
put-in,lid:tin,1,0.001
get,corn,1,0.001
put-in,lid:rice:cooker,1,0.001
put-in,lid:film,1,0.001
get,courgette,1,0.001
put-in,lemon,1,0.001
put-in,leek,1,0.001
put-in,leaf:bay,1,0.001
put-in,laundry,1,0.001
get,cup,1,0.001
put-in,pot:tea,1,0.001
put-in,pot:yoghurt,1,0.001
get,bag:pine:nut,1,0.001
fold-up,bag:coffee,1,0.001
put-inside,cucumber,1,0.001
put-inside,container,1,0.001
put-inside,chopstick,1,0.001
put-inside,bowl:glass,1,0.001
fold,napkin,1,0.001
fold,packaging,1,0.001
fold,packet:coriander,1,0.001
put-in,whisk,1,0.001
put-in,water:tonic,1,0.001
fold,packet:peanut,1,0.001
fold,packet:tea,1,0.001
put-in,vinegar:balsamic,1,0.001
put-in,v60,1,0.001
put-in,turmeric,1,0.001
put-in,tray:plastic,1,0.001
put-in,tray:oven,1,0.001
put-in,tray:cutlery,1,0.001
fold,slice:ham,1,0.001
put-in,tortilla,1,0.001
fold,tortilla,1,0.001
fold,wrap:bread,1,0.001
fold,yeast,1,0.001
put-in,thyme,1,0.001
fold-over,bao,1,0.001
fold-over,booklet:instruction,1,0.001
put-inside,egg:fried,1,0.001
put-inside,fridge,1,0.001
put-inside,half:eggshell,1,0.001
put-inside,spoon:wooden,1,0.001
put-into,bin:trash,1,0.001
put-into,bean:coffee,1,0.001
put-into,bar:cereal,1,0.001
put-into,banana,1,0.001
fold,film,1,0.001
fold,film:cling,1,0.001
put-into,bag:mozzarella,1,0.001
fold,foil,1,0.001
put-into,bacon,1,0.001
put-into,aubergine,1,0.001
put-inside,stand:rack,1,0.001
put-inside,spoon,1,0.001
put-inside,honey,1,0.001
put-inside,soap,1,0.001
put-inside,shrimp:frozen,1,0.001
put-inside,shrimp,1,0.001
put-inside,press:garlic,1,0.001
put-inside,powder,1,0.001
put-inside,piece:butter,1,0.001
put-inside,pepper:chilli,1,0.001
put-inside,part:salad:spinner,1,0.001
put-inside,oil:olive,1,0.001
put-inside,lettuce,1,0.001
put-inside,knife,1,0.001
fold-over,file,1,0.001
forge,knife,1,0.001
get,bag:onion,1,0.001
put-in,tablet:dishwasher,1,0.001
put-in,scrap:pepper,1,0.001
put-in,scoop:coffee,1,0.001
gather,piece:skin,1,0.001
gather,seed:pepper,1,0.001
put-in,sausage:quorn,1,0.001
gather,skin,1,0.001
put-in,sauce:soya,1,0.001
gather,soap,1,0.001
gather,spoon,1,0.001
gather,tomato,1,0.001
gather-from,piece:skin,1,0.001
gather-in,egg,1,0.001
gather-in,flour,1,0.001
gather-in,mixture,1,0.001
put-in,rind:lemon,1,0.001
gather-into,piece:skin,1,0.001
put-in,rest:teabag,1,0.001
gather-with,piece:garlic,1,0.001
get,almond,1,0.001
put-in,radish,1,0.001
put-in,rack,1,0.001
put-in,processor:food,1,0.001
get,apron,1,0.001
get,bag:compost,1,0.001
get,bag:kitchen,1,0.001
put-in,scraper,1,0.001
put-in,shrimp,1,0.001
put-in,side,1,0.001
fry,fish,1,0.001
fork,meat,1,0.001
fork,potato,1,0.001
form,mixture,1,0.001
put-in,strip:carrot,1,0.001
put-in,strawberry,1,0.001
put-in,strainer:teapot,1,0.001
form-from,bowl,1,0.001
put-in,stock:chicken,1,0.001
put-in,stock,1,0.001
put-in,stick:cocktail,1,0.001
put-in,stick:carrot,1,0.001
put-in,stalk,1,0.001
put-in,skin:garlic,1,0.001
fry,pan,1,0.001
fry,piece:fish,1,0.001
put-in,spoon:tea,1,0.001
put-in,spoon:sugar,1,0.001
fumble-for,yoghurt,1,0.001
gather,board:chopping,1,0.001
gather,dirt,1,0.001
gather,meat,1,0.001
put-in,sort:broccoli,1,0.001
put-in,sock,1,0.001
put-in,skinner:carrot,1,0.001
put-in,glove:oven,1,0.001
get,floor,1,0.001
get-out,chicken,1,0.001
get,spoon:plastic,1,0.001
put-down,towel:kitchen,1,0.001
put-down,towel:cleaning,1,0.001
put-down,toothbrush,1,0.001
get,steak:chop,1,0.001
put-down,tomato:chopped,1,0.001
get,stirrer,1,0.001
get,strainer,1,0.001
put-down,toaster,1,0.001
put-down,tin:empty,1,0.001
put-down,tin:condensed:milk,1,0.001
put-down,tin:coffee,1,0.001
put-down,tin:cocoa:powder,1,0.001
get,strainer:pasta,1,0.001
get,sugar,1,0.001
get,syrup:maple,1,0.001
get,tablet,1,0.001
put-down,tap,1,0.001
put-down,taco,1,0.001
put-down,tablet,1,0.001
get,tongs,1,0.001
get,trash,1,0.001
get,vegetable,1,0.001
put-down,strainer:pasta,1,0.001
put-down,stopper,1,0.001
put-down,stool,1,0.001
get,spoon:wood,1,0.001
put-down,tray:bacon,1,0.001
put-in,garni:bouquet,1,0.001
put-down,tray:first,1,0.001
put-from,food,1,0.001
put-for,plastic,1,0.001
get,sauce,1,0.001
put-down,yoghurt:greek,1,0.001
put-down,yeast,1,0.001
get,sauce:soya,1,0.001
put-down,wrap,1,0.001
put-down,wool:steel,1,0.001
get,sauce:spinker,1,0.001
get,saucepan,1,0.001
get,scales,1,0.001
put-down,watch,1,0.001
put-down,waste,1,0.001
put-down,waffle,1,0.001
put-down,vinegar:rice,1,0.001
put-down,vinegar:balsamic,1,0.001
get,shrimp,1,0.001
get,skin:kiwi:bit,1,0.001
get,skin:potato,1,0.001
get,spade:food,1,0.001
get,spade:plastic,1,0.001
get,spaghetti,1,0.001
get,spatula,1,0.001
put-down,tray:weight,1,0.001
put-down,tray:grill,1,0.001
get,vinegar:chinese,1,0.001
get,vinegar:wine,1,0.001
put-down,stand:kettle,1,0.001
get,water:kettle,1,0.001
get-into,chopstick,1,0.001
put-down,saucepan:small,1,0.001
get-into,food:cooked,1,0.001
put-down,sauce:spicy:bean,1,0.001
get-into,pot:second,1,0.001
put-down,sauce:black:bean,1,0.001
get-into,soil,1,0.001
get-into,water,1,0.001
get-off,dough,1,0.001
get-out,apple,1,0.001
put-down,sachet:baking:powder,1,0.001
put-down,sachet,1,0.001
put-down,rucksack,1,0.001
put-down,rubbish,1,0.001
put-down,rosemary,1,0.001
put-down,roll:sausage,1,0.001
get-out,avocado,1,0.001
put-down,roll:foil:paper,1,0.001
put-down,roll:cling:film,1,0.001
put-down,roll,1,0.001
get-out,bag:plastic,1,0.001
put-down,rest:teabag,1,0.001
get-out,casserole,1,0.001
get-out,cheese,1,0.001
put-down,rest:ladle,1,0.001
get-from,tablet,1,0.001
put-down,sausage:quorn,1,0.001
get-from,spade,1,0.001
put-down,slice:banana,1,0.001
put-down,spray,1,0.001
get,water:tap,1,0.001
put-down,spoon:sieve,1,0.001
get,wrap,1,0.001
get,yeast,1,0.001
put-down,spinner:salad,1,0.001
get-from,bottle:milk,1,0.001
get-from,bowl:dough,1,0.001
put-down,slice:ham,1,0.001
put-down,slice:carrot,1,0.001
get-from,box,1,0.001
put-down,sink,1,0.001
put-down,scale:kitchen,1,0.001
get-from,cube:stock,1,0.001
get-from,egg,1,0.001
put-down,shreddies,1,0.001
get-from,knife,1,0.001
put-down,sheet,1,0.001
get-from,leek,1,0.001
put-down,seed:olive,1,0.001
put-down,seed,1,0.001
get-from,mix:meat,1,0.001
get-from,plate,1,0.001
put-down,scale:measuring,1,0.001
put-from,soup,1,0.001
put-in,asparagus,1,0.001
put-in,aubergine,1,0.001
get,pepper,1,0.001
put-in,cooker:rice,1,0.001
put-in,content,1,0.001
get,mug:coffee,1,0.001
get,number:bean:curd:source,1,0.001
get,oat,1,0.001
get,oil:coconut,1,0.001
get,opener:can,1,0.001
put-in,clip:bag,1,0.001
put-in,cinnamon,1,0.001
get,pair:chopstick,1,0.001
put-in,choi:pak,1,0.001
get,pan:frying,1,0.001
get,paprika,1,0.001
get,part:blender,1,0.001
put-in,cheese:parmesan,1,0.001
put-in,cheese:cream,1,0.001
get,paste,1,0.001
get,paste:garlic,1,0.001
put-in,carton:soy:milk,1,0.001
get,pear,1,0.001
put-in,carton,1,0.001
get,peeler,1,0.001
get,peeler:potato,1,0.001
put-in,cap:milk,1,0.001
put-in,can:soup,1,0.001
get,meat:mix,1,0.001
put-in,cover:squeezer,1,0.001
get,mayonnaise,1,0.001
put-in,film,1,0.001
get,flour:extra,1,0.001
get,food,1,0.001
get,garbage,1,0.001
get,glove,1,0.001
put-in,foil:aluminium,1,0.001
put-in,flour,1,0.001
get,glove:oven,1,0.001
put-in,flake:chilli,1,0.001
put-in,filter:v60,1,0.001
get,holder:pot,1,0.001
put-in,film:plastic,1,0.001
get,honey,1,0.001
put-in,crumb:bread,1,0.001
get,kitchen,1,0.001
put-in,dumpling,1,0.001
get,leaf:more,1,0.001
put-in,drainer:sink,1,0.001
get,leaf:more:salad,1,0.001
get,leek,1,0.001
get,lettuce,1,0.001
get,lid:processor,1,0.001
put-in,curry,1,0.001
put-in,cupboard:strainer,1,0.001
put-in,cup:measuring,1,0.001
put-in,can,1,0.001
get,pepper:bell,1,0.001
get,salad:more,1,0.001
put-in,bucket:rice:cooker,1,0.001
get,potato:sweet,1,0.001
get,presser:garlic,1,0.001
put-in,blade:chopping,1,0.001
put-in,blade,1,0.001
get,price,1,0.001
get,rag,1,0.001
get,rice:cooked,1,0.001
put-in,bin:bread,1,0.001
get,rice:jasmine,1,0.001
put-in,belly:pork,1,0.001
put-in,bean:green,1,0.001
put-in,battery,1,0.001
put-in,band:rubber,1,0.001
get,rice:vegetable,1,0.001
get,ring:onion,1,0.001
put-in,bag:sugar,1,0.001
put-in,bag:spaghetti,1,0.001
put-in,bag:plastic,1,0.001
put-in,bag:pasta,1,0.001
put-in,bag:onion,1,0.001
put-in,bag:glove,1,0.001
put-in,bag:flour,1,0.001
put-in,bag:compost,1,0.001
put-in,bag:bin,1,0.001
get,runner:table,1,0.001
get,pot:third,1,0.001
put-in,board:washing,1,0.001
get,pot:plastic,1,0.001
put-in,bowl:washing,1,0.001
get,pepper:salted:chilli,1,0.001
put-in,brush,1,0.001
get,phone:mobile,1,0.001
put-in,breadstick,1,0.001
put-in,bread:toast,1,0.001
get,piece:carrot,1,0.001
put-in,box:tea,1,0.001
put-in,box:scotch:egg,1,0.001
get,piece:food,1,0.001
put-in,box:bread,1,0.001
put-in,bowl:washing:up,1,0.001
put-in,bowl:salad,1,0.001
get,pot:moka,1,0.001
get,piece:ginger,1,0.001
put-in,bowl:plastic,1,0.001
put-in,bowl:large,1,0.001
get,piece:ice,1,0.001
get,pot:coffee,1,0.001
put-in,bottle:vinegar,1,0.001
put-in,bottle:vegetable:oil,1,0.001
put-in,bottle:vanilla:extract,1,0.001
get,pot:mocha,1,0.001
put-in,bottle:passata,1,0.001
put-in,bottle:oil,1,0.001
activate,toaster,1,0.001
