experiment_id,experiment_name,contact_strategy,reference_strategy,subaction_index,narration_id,video_id,narration,verb,noun,all_nouns,start_frame_1_based,stop_frame_1_based,clipped_start_frame_0_based,clipped_stop_frame_0_based,candidate_index,frame_0_based,frame_1_based,hand,status,passed_stage,failed_stage,fail_reason,contact_points,ref_idx,ref_frame_1_based,ref_gap,reference_gap,reference_anchor_gap,trajectory_points,missing_trajectory_count,heatmap_mode,sample_score,sample_dir,reference_mode,reference_reason,strict_reference_available,fallback_reference_used,fallback_reference_attempted,fallback_reference_in_pre_contact_gap,fallback_ref_before_episode_start,fallback_rescued_from_no_strict_humanless,no_pre_episode_reference_window_not_rescued,rescued_from_no_strict_humanless,crop_bbox_150,crop_hand_overlap_ratio,object_hand_overlap_ratio,fallback_attempted_refs,fallback_reject_reasons,fallback_precheck_homography_min_inlier_ratio,fallback_precheck_homography_min_inliers,fallback_precheck_homography_min_good_matches,pre_contact_window_nonempty,episode_contact_start_frame_0_based,episode_contact_start_frame_1_based,episode_contact_end_frame_0_based,candidate_frame_offset_from_episode_start,reference_anchor_frame_0_based,pre_contact_gap_start_frame_0_based,pre_contact_gap_end_frame_0_based,gap_length_before_episode_start,raw_semantic_window_start_0_based,raw_semantic_window_end_0_based,effective_reference_window_start_0_based,effective_reference_window_end_0_based,max_ref_backtrack,window_truncated_by_max_backtrack,reference_search_window_start_0_based,reference_search_window_end_0_based,ref_before_episode_start,is_candidate_at_episode_start,is_candidate_near_episode_start,episode_contact_run_length,subaction_new_contact_count,candidate_is_episode_representative,episode_id_within_subaction,episode_start_hand,episode_start_reason,reference_object_consistency_pass,reference_object_consistency_reason,reference_object_bbox,reference_object_bbox_score,reference_object_iou,reference_object_center_distance,projected_object_bbox,projected_object_area,projected_contact_to_reference_object_distance,projected_contact_means_inside_reference_object_count,reference_object_candidate_count,object_mask_snap_inside_count,object_mask_snap_max_distance,object_mask_snap_distances,mu_transformed_raw,mu_transformed_snapped,is_articulated_object_candidate,articulated_object_policy,episode_decision,episode_final_label,episode_id,episode_reason,episode_object_key,episode_noun_tokens,episode_prev_subaction_index,episode_prev_narration_id,episode_prev_last_contact_frame,episode_gap_start_frame,episode_gap_stop_frame,episode_no_contact_streak,episode_no_hand_streak,episode_raw_candidate_count,episode_filtered_candidate_count,min_ref_frame_idx,reference_frame,contact_frame,contact_overlay,projection_overlay_raw_vs_snapped,homography_matches,label_heatmap_npy,label_heatmap_png,label_heatmap_overlay,vrb_style_affordance,heatmap_shape,arrow_generated,problem3_full_overlay,problem3_crop,homography_pairs,homography_min_inlier_ratio,homography_min_inliers,homography_min_good_matches,homography_max_median_reprojection_error,homography_feature_methods,homography_fail_reasons,sample_key
E13,E13_engineered_homography_projection,new_contact_episode_early_frames,short_window_pre_contact_nearest_no_contact,0,P01_109_0,P01_109,grab rucksack,grab,rucksack,['rucksack'],79,126,78,125,0.0,88.0,89.0,left,keep,Cell4_label_heatmap,,,87,87.0,88.0,1.0,1.0,1.0,6,0.0,covariance,6.275454545454545,/Users/huhu/Documents/Code/bishe/vrb/vrbreproduction/outputs/e13_engineered_homography_100subaction/experiments/E13/pipeline_outputs/subaction_00_P01_109_0/episode_01_left/frame_000088_left,short_window_pre_contact,nearest_frame_before_new_contact_episode,False,False,False,False,False,False,False,False,"(71, 106, 221, 256)",0.08355555555555555,,0,{},,,,True,88.0,89.0,98.0,0.0,88.0,85.0,87.0,3.0,85.0,87.0,85.0,87.0,60.0,False,85.0,87.0,True,True,True,11.0,3,True,1.0,left,smoothed_contact_0_to_1,True,snapped_to_reference_object_mask,"(134.00000524520874, 148.0, 253.00001335144043, 245.0)",0.9188621640205383,0.8022228071554084,9.779626846313477,"(134.84451293945312, 145.6943359375, 269.7864074707031, 238.83712768554688)",,53.00085781826757,5.0,1.0,5.0,0.0,"[0.0, 0.0, 0.0, 0.0, 0.0]","[[159.56201 226.29518]
 [139.75923 215.1136 ]
 [138.34612 206.86566]
 [149.146   226.40811]
 [141.04619 220.95334]]","[[159.56201 226.29518]
 [139.75923 215.1136 ]
 [138.34612 206.86566]
 [149.146   226.40811]
 [141.04619 220.95334]]",False,record_only,new_contact_episode,new_contact_episode,P01_109_sub000_ep01_left,smoothed_contact_run_start_within_subaction,rucksack,['rucksack'],,,,,,,,48,3,85.0,/Users/huhu/Documents/Code/bishe/vrb/vrbreproduction/outputs/e13_engineered_homography_100subaction/experiments/E13/pipeline_outputs/subaction_00_P01_109_0/episode_01_left/frame_000088_left/reference_frame.png,/Users/huhu/Documents/Code/bishe/vrb/vrbreproduction/outputs/e13_engineered_homography_100subaction/experiments/E13/pipeline_outputs/subaction_00_P01_109_0/episode_01_left/frame_000088_left/contact_frame.png,/Users/huhu/Documents/Code/bishe/vrb/vrbreproduction/outputs/e13_engineered_homography_100subaction/experiments/E13/pipeline_outputs/subaction_00_P01_109_0/episode_01_left/frame_000088_left/contact_overlay.png,/Users/huhu/Documents/Code/bishe/vrb/vrbreproduction/outputs/e13_engineered_homography_100subaction/experiments/E13/pipeline_outputs/subaction_00_P01_109_0/episode_01_left/frame_000088_left/projection_overlay_raw_vs_snapped.png,/Users/huhu/Documents/Code/bishe/vrb/vrbreproduction/outputs/e13_engineered_homography_100subaction/experiments/E13/pipeline_outputs/subaction_00_P01_109_0/episode_01_left/frame_000088_left/homography_matches.png,/Users/huhu/Documents/Code/bishe/vrb/vrbreproduction/outputs/e13_engineered_homography_100subaction/experiments/E13/pipeline_outputs/subaction_00_P01_109_0/episode_01_left/frame_000088_left/label_heatmap_merged.npy,/Users/huhu/Documents/Code/bishe/vrb/vrbreproduction/outputs/e13_engineered_homography_100subaction/experiments/E13/pipeline_outputs/subaction_00_P01_109_0/episode_01_left/frame_000088_left/label_heatmap_merged.png,/Users/huhu/Documents/Code/bishe/vrb/vrbreproduction/outputs/e13_engineered_homography_100subaction/experiments/E13/pipeline_outputs/subaction_00_P01_109_0/episode_01_left/frame_000088_left/label_heatmap_merged_overlay.png,/Users/huhu/Documents/Code/bishe/vrb/vrbreproduction/outputs/e13_engineered_homography_100subaction/experiments/E13/pipeline_outputs/subaction_00_P01_109_0/episode_01_left/frame_000088_left/vrb_style_affordance.png,"(256, 456)",True,/Users/huhu/Documents/Code/bishe/vrb/vrbreproduction/outputs/e13_engineered_homography_100subaction/experiments/E13/pipeline_outputs/subaction_00_P01_109_0/episode_01_left/frame_000088_left/diagnostics/problem3_ref_full_overlay.png,/Users/huhu/Documents/Code/bishe/vrb/vrbreproduction/outputs/e13_engineered_homography_100subaction/experiments/E13/pipeline_outputs/subaction_00_P01_109_0/episode_01_left/frame_000088_left/diagnostics/problem3_ref_crop.png,21.0,0.7727272727272727,12.0,13.0,0.9398937225341797,SIFT,,0:88:left
E13,E13_engineered_homography_projection,new_contact_episode_early_frames,short_window_pre_contact_nearest_no_contact,0,P01_109_0,P01_109,grab rucksack,grab,rucksack,['rucksack'],79,126,78,125,1.0,89.0,90.0,left,keep,Cell4_label_heatmap,,,134,87.0,88.0,2.0,2.0,1.0,6,0.0,covariance,7.005454545454546,/Users/huhu/Documents/Code/bishe/vrb/vrbreproduction/outputs/e13_engineered_homography_100subaction/experiments/E13/pipeline_outputs/subaction_00_P01_109_0/episode_01_left/frame_000089_left,short_window_pre_contact,nearest_frame_before_new_contact_episode,False,False,False,False,False,False,False,False,"(80, 106, 230, 256)",0.08355555555555555,,0,{},,,,True,88.0,89.0,98.0,1.0,88.0,85.0,87.0,3.0,85.0,87.0,85.0,87.0,60.0,False,85.0,87.0,True,False,True,11.0,3,False,1.0,left,smoothed_contact_0_to_1,True,snapped_to_reference_object_mask,"(134.00000524520874, 148.0, 253.00001335144043, 245.0)",0.9188621640205383,0.7690951875304313,11.153979301452637,"(133.13539123535156, 139.60923767089844, 273.99029541015625, 243.76768493652344)",,42.74773195403382,5.0,1.0,5.0,0.0,"[0.0, 0.0, 0.0, 0.0, 0.0]","[[146.2638  220.58134]
 [170.84079 223.0898 ]
 [156.44597 188.9253 ]
 [158.76068 225.38083]
 [140.69759 213.16457]]","[[146.2638  220.58134]
 [170.84079 223.0898 ]
 [156.44597 188.9253 ]
 [158.76068 225.38083]
 [140.69759 213.16457]]",False,record_only,new_contact_episode,new_contact_episode,P01_109_sub000_ep01_left,smoothed_contact_run_start_within_subaction,rucksack,['rucksack'],,,,,,,,48,3,85.0,/Users/huhu/Documents/Code/bishe/vrb/vrbreproduction/outputs/e13_engineered_homography_100subaction/experiments/E13/pipeline_outputs/subaction_00_P01_109_0/episode_01_left/frame_000089_left/reference_frame.png,/Users/huhu/Documents/Code/bishe/vrb/vrbreproduction/outputs/e13_engineered_homography_100subaction/experiments/E13/pipeline_outputs/subaction_00_P01_109_0/episode_01_left/frame_000089_left/contact_frame.png,/Users/huhu/Documents/Code/bishe/vrb/vrbreproduction/outputs/e13_engineered_homography_100subaction/experiments/E13/pipeline_outputs/subaction_00_P01_109_0/episode_01_left/frame_000089_left/contact_overlay.png,/Users/huhu/Documents/Code/bishe/vrb/vrbreproduction/outputs/e13_engineered_homography_100subaction/experiments/E13/pipeline_outputs/subaction_00_P01_109_0/episode_01_left/frame_000089_left/projection_overlay_raw_vs_snapped.png,/Users/huhu/Documents/Code/bishe/vrb/vrbreproduction/outputs/e13_engineered_homography_100subaction/experiments/E13/pipeline_outputs/subaction_00_P01_109_0/episode_01_left/frame_000089_left/homography_matches.png,/Users/huhu/Documents/Code/bishe/vrb/vrbreproduction/outputs/e13_engineered_homography_100subaction/experiments/E13/pipeline_outputs/subaction_00_P01_109_0/episode_01_left/frame_000089_left/label_heatmap_merged.npy,/Users/huhu/Documents/Code/bishe/vrb/vrbreproduction/outputs/e13_engineered_homography_100subaction/experiments/E13/pipeline_outputs/subaction_00_P01_109_0/episode_01_left/frame_000089_left/label_heatmap_merged.png,/Users/huhu/Documents/Code/bishe/vrb/vrbreproduction/outputs/e13_engineered_homography_100subaction/experiments/E13/pipeline_outputs/subaction_00_P01_109_0/episode_01_left/frame_000089_left/label_heatmap_merged_overlay.png,/Users/huhu/Documents/Code/bishe/vrb/vrbreproduction/outputs/e13_engineered_homography_100subaction/experiments/E13/pipeline_outputs/subaction_00_P01_109_0/episode_01_left/frame_000089_left/vrb_style_affordance.png,"(256, 456)",True,/Users/huhu/Documents/Code/bishe/vrb/vrbreproduction/outputs/e13_engineered_homography_100subaction/experiments/E13/pipeline_outputs/subaction_00_P01_109_0/episode_01_left/frame_000089_left/diagnostics/problem3_ref_full_overlay.png,/Users/huhu/Documents/Code/bishe/vrb/vrbreproduction/outputs/e13_engineered_homography_100subaction/experiments/E13/pipeline_outputs/subaction_00_P01_109_0/episode_01_left/frame_000089_left/diagnostics/problem3_ref_crop.png,21.0,0.7727272727272727,11.0,11.0,0.9398937225341797,SIFT,,0:89:left
E13,E13_engineered_homography_projection,new_contact_episode_early_frames,short_window_pre_contact_nearest_no_contact,0,P01_109_0,P01_109,grab rucksack,grab,rucksack,['rucksack'],79,126,78,125,2.0,90.0,91.0,left,keep,Cell4_label_heatmap,,,193,87.0,88.0,3.0,3.0,1.0,6,0.0,covariance,7.9754545454545465,/Users/huhu/Documents/Code/bishe/vrb/vrbreproduction/outputs/e13_engineered_homography_100subaction/experiments/E13/pipeline_outputs/subaction_00_P01_109_0/episode_01_left/frame_000090_left,short_window_pre_contact,nearest_frame_before_new_contact_episode,False,False,False,False,False,False,False,False,"(86, 106, 236, 256)",0.08355555555555555,,0,{},,,,True,88.0,89.0,98.0,2.0,88.0,85.0,87.0,3.0,85.0,87.0,85.0,87.0,60.0,False,85.0,87.0,True,False,True,11.0,3,False,1.0,left,smoothed_contact_0_to_1,True,snapped_to_reference_object_mask,"(134.00000524520874, 148.0, 253.00001335144043, 245.0)",0.9188621640205383,0.7431830308429493,11.728423118591309,"(133.88821411132812, 138.4246368408203, 263.7808532714844, 233.685302734375)",,32.85459911012957,5.0,1.0,5.0,0.0,"[0.0, 0.0, 0.0, 0.0, 0.0]","[[170.44499 186.15282]
 [146.41579 220.04842]
 [161.68571 188.36137]
 [176.71603 207.20326]
 [148.85823 197.84657]]","[[170.44499 186.15282]
 [146.41579 220.04842]
 [161.68571 188.36137]
 [176.71603 207.20326]
 [148.85823 197.84657]]",False,record_only,new_contact_episode,new_contact_episode,P01_109_sub000_ep01_left,smoothed_contact_run_start_within_subaction,rucksack,['rucksack'],,,,,,,,48,3,85.0,/Users/huhu/Documents/Code/bishe/vrb/vrbreproduction/outputs/e13_engineered_homography_100subaction/experiments/E13/pipeline_outputs/subaction_00_P01_109_0/episode_01_left/frame_000090_left/reference_frame.png,/Users/huhu/Documents/Code/bishe/vrb/vrbreproduction/outputs/e13_engineered_homography_100subaction/experiments/E13/pipeline_outputs/subaction_00_P01_109_0/episode_01_left/frame_000090_left/contact_frame.png,/Users/huhu/Documents/Code/bishe/vrb/vrbreproduction/outputs/e13_engineered_homography_100subaction/experiments/E13/pipeline_outputs/subaction_00_P01_109_0/episode_01_left/frame_000090_left/contact_overlay.png,/Users/huhu/Documents/Code/bishe/vrb/vrbreproduction/outputs/e13_engineered_homography_100subaction/experiments/E13/pipeline_outputs/subaction_00_P01_109_0/episode_01_left/frame_000090_left/projection_overlay_raw_vs_snapped.png,/Users/huhu/Documents/Code/bishe/vrb/vrbreproduction/outputs/e13_engineered_homography_100subaction/experiments/E13/pipeline_outputs/subaction_00_P01_109_0/episode_01_left/frame_000090_left/homography_matches.png,/Users/huhu/Documents/Code/bishe/vrb/vrbreproduction/outputs/e13_engineered_homography_100subaction/experiments/E13/pipeline_outputs/subaction_00_P01_109_0/episode_01_left/frame_000090_left/label_heatmap_merged.npy,/Users/huhu/Documents/Code/bishe/vrb/vrbreproduction/outputs/e13_engineered_homography_100subaction/experiments/E13/pipeline_outputs/subaction_00_P01_109_0/episode_01_left/frame_000090_left/label_heatmap_merged.png,/Users/huhu/Documents/Code/bishe/vrb/vrbreproduction/outputs/e13_engineered_homography_100subaction/experiments/E13/pipeline_outputs/subaction_00_P01_109_0/episode_01_left/frame_000090_left/label_heatmap_merged_overlay.png,/Users/huhu/Documents/Code/bishe/vrb/vrbreproduction/outputs/e13_engineered_homography_100subaction/experiments/E13/pipeline_outputs/subaction_00_P01_109_0/episode_01_left/frame_000090_left/vrb_style_affordance.png,"(256, 456)",True,/Users/huhu/Documents/Code/bishe/vrb/vrbreproduction/outputs/e13_engineered_homography_100subaction/experiments/E13/pipeline_outputs/subaction_00_P01_109_0/episode_01_left/frame_000090_left/diagnostics/problem3_ref_full_overlay.png,/Users/huhu/Documents/Code/bishe/vrb/vrbreproduction/outputs/e13_engineered_homography_100subaction/experiments/E13/pipeline_outputs/subaction_00_P01_109_0/episode_01_left/frame_000090_left/diagnostics/problem3_ref_crop.png,21.0,0.7727272727272727,11.0,11.0,0.9398937225341797,SIFT,,0:90:left
E13,E13_engineered_homography_projection,new_contact_episode_early_frames,short_window_pre_contact_nearest_no_contact,1,P01_109_1,P01_109,open rucksack,open,rucksack,['rucksack'],153,226,152,225,1.0,166.0,167.0,right,keep,Cell4_label_heatmap,,,102,165.0,166.0,1.0,1.0,1.0,6,0.0,covariance,6.655,/Users/huhu/Documents/Code/bishe/vrb/vrbreproduction/outputs/e13_engineered_homography_100subaction/experiments/E13/pipeline_outputs/subaction_01_P01_109_1/episode_02_right/frame_000166_right,short_window_pre_contact,nearest_frame_before_new_contact_episode,False,False,False,False,False,False,False,False,"(221, 106, 371, 256)",0.2474222222222222,,0,{},,,,True,166.0,167.0,172.0,0.0,166.0,162.0,165.0,4.0,162.0,165.0,162.0,165.0,60.0,False,162.0,165.0,True,True,True,7.0,8,True,2.0,right,smoothed_contact_0_to_1,True,snapped_to_reference_object_mask,"(168.99999403953552, 101.0, 307.99999380111694, 249.0)",0.9585128426551819,0.8750660677526626,3.6952288150787354,"(165.1106414794922, 95.1871337890625, 304.5925598144531, 255.98562622070312)",,69.68759464332061,4.0,1.0,4.0,1.001700758934021,"[0.0, 0.0, 1.001700758934021, 0.0, 0.0]","[[292.5814  209.6201 ]
 [303.51718 246.0255 ]
 [292.93768 191.35236]
 [298.37332 222.52138]
 [294.1373  200.05942]]","[[292.5814  209.6201 ]
 [303.51718 246.0255 ]
 [292.      191.     ]
 [298.37332 222.52138]
 [294.1373  200.05942]]",False,record_only,new_contact_episode,new_contact_episode,P01_109_sub001_ep02_right,smoothed_contact_run_start_within_subaction,rucksack,['rucksack'],,,,,,,,97,8,162.0,/Users/huhu/Documents/Code/bishe/vrb/vrbreproduction/outputs/e13_engineered_homography_100subaction/experiments/E13/pipeline_outputs/subaction_01_P01_109_1/episode_02_right/frame_000166_right/reference_frame.png,/Users/huhu/Documents/Code/bishe/vrb/vrbreproduction/outputs/e13_engineered_homography_100subaction/experiments/E13/pipeline_outputs/subaction_01_P01_109_1/episode_02_right/frame_000166_right/contact_frame.png,/Users/huhu/Documents/Code/bishe/vrb/vrbreproduction/outputs/e13_engineered_homography_100subaction/experiments/E13/pipeline_outputs/subaction_01_P01_109_1/episode_02_right/frame_000166_right/contact_overlay.png,/Users/huhu/Documents/Code/bishe/vrb/vrbreproduction/outputs/e13_engineered_homography_100subaction/experiments/E13/pipeline_outputs/subaction_01_P01_109_1/episode_02_right/frame_000166_right/projection_overlay_raw_vs_snapped.png,/Users/huhu/Documents/Code/bishe/vrb/vrbreproduction/outputs/e13_engineered_homography_100subaction/experiments/E13/pipeline_outputs/subaction_01_P01_109_1/episode_02_right/frame_000166_right/homography_matches.png,/Users/huhu/Documents/Code/bishe/vrb/vrbreproduction/outputs/e13_engineered_homography_100subaction/experiments/E13/pipeline_outputs/subaction_01_P01_109_1/episode_02_right/frame_000166_right/label_heatmap_merged.npy,/Users/huhu/Documents/Code/bishe/vrb/vrbreproduction/outputs/e13_engineered_homography_100subaction/experiments/E13/pipeline_outputs/subaction_01_P01_109_1/episode_02_right/frame_000166_right/label_heatmap_merged.png,/Users/huhu/Documents/Code/bishe/vrb/vrbreproduction/outputs/e13_engineered_homography_100subaction/experiments/E13/pipeline_outputs/subaction_01_P01_109_1/episode_02_right/frame_000166_right/label_heatmap_merged_overlay.png,/Users/huhu/Documents/Code/bishe/vrb/vrbreproduction/outputs/e13_engineered_homography_100subaction/experiments/E13/pipeline_outputs/subaction_01_P01_109_1/episode_02_right/frame_000166_right/vrb_style_affordance.png,"(256, 456)",True,/Users/huhu/Documents/Code/bishe/vrb/vrbreproduction/outputs/e13_engineered_homography_100subaction/experiments/E13/pipeline_outputs/subaction_01_P01_109_1/episode_02_right/frame_000166_right/diagnostics/problem3_ref_full_overlay.png,/Users/huhu/Documents/Code/bishe/vrb/vrbreproduction/outputs/e13_engineered_homography_100subaction/experiments/E13/pipeline_outputs/subaction_01_P01_109_1/episode_02_right/frame_000166_right/diagnostics/problem3_ref_crop.png,21.0,0.8125,23.0,25.0,0.519339382648468,SIFT,,1:166:right
E13,E13_engineered_homography_projection,new_contact_episode_early_frames,short_window_pre_contact_nearest_no_contact,1,P01_109_1,P01_109,open rucksack,open,rucksack,['rucksack'],153,226,152,225,2.0,167.0,168.0,right,keep,Cell4_label_heatmap,,,84,165.0,166.0,2.0,2.0,1.0,6,0.0,covariance,6.0600000000000005,/Users/huhu/Documents/Code/bishe/vrb/vrbreproduction/outputs/e13_engineered_homography_100subaction/experiments/E13/pipeline_outputs/subaction_01_P01_109_1/episode_02_right/frame_000167_right,short_window_pre_contact,nearest_frame_before_new_contact_episode,False,False,False,False,False,False,False,False,"(218, 106, 368, 256)",0.25475555555555557,,0,{},,,,True,166.0,167.0,172.0,1.0,166.0,162.0,165.0,4.0,162.0,165.0,162.0,165.0,60.0,False,162.0,165.0,True,False,True,7.0,8,False,2.0,right,smoothed_contact_0_to_1,True,snapped_to_reference_object_mask,"(168.99999403953552, 101.0, 307.99999380111694, 249.0)",0.9585128426551819,0.8762013456150712,3.4268810749053955,"(164.59742736816406, 94.87650299072266, 305.6050720214844, 256.0)",,62.32399179087917,5.0,1.0,5.0,0.0,"[0.0, 0.0, 0.0, 0.0, 0.0]","[[290.47226 202.26703]
 [296.34003 225.62955]
 [292.09882 189.62132]
 [291.9568  214.56404]
 [293.18747 195.77295]]","[[290.47226 202.26703]
 [296.34003 225.62955]
 [292.09882 189.62132]
 [291.9568  214.56404]
 [293.18747 195.77295]]",False,record_only,new_contact_episode,new_contact_episode,P01_109_sub001_ep02_right,smoothed_contact_run_start_within_subaction,rucksack,['rucksack'],,,,,,,,97,8,162.0,/Users/huhu/Documents/Code/bishe/vrb/vrbreproduction/outputs/e13_engineered_homography_100subaction/experiments/E13/pipeline_outputs/subaction_01_P01_109_1/episode_02_right/frame_000167_right/reference_frame.png,/Users/huhu/Documents/Code/bishe/vrb/vrbreproduction/outputs/e13_engineered_homography_100subaction/experiments/E13/pipeline_outputs/subaction_01_P01_109_1/episode_02_right/frame_000167_right/contact_frame.png,/Users/huhu/Documents/Code/bishe/vrb/vrbreproduction/outputs/e13_engineered_homography_100subaction/experiments/E13/pipeline_outputs/subaction_01_P01_109_1/episode_02_right/frame_000167_right/contact_overlay.png,/Users/huhu/Documents/Code/bishe/vrb/vrbreproduction/outputs/e13_engineered_homography_100subaction/experiments/E13/pipeline_outputs/subaction_01_P01_109_1/episode_02_right/frame_000167_right/projection_overlay_raw_vs_snapped.png,/Users/huhu/Documents/Code/bishe/vrb/vrbreproduction/outputs/e13_engineered_homography_100subaction/experiments/E13/pipeline_outputs/subaction_01_P01_109_1/episode_02_right/frame_000167_right/homography_matches.png,/Users/huhu/Documents/Code/bishe/vrb/vrbreproduction/outputs/e13_engineered_homography_100subaction/experiments/E13/pipeline_outputs/subaction_01_P01_109_1/episode_02_right/frame_000167_right/label_heatmap_merged.npy,/Users/huhu/Documents/Code/bishe/vrb/vrbreproduction/outputs/e13_engineered_homography_100subaction/experiments/E13/pipeline_outputs/subaction_01_P01_109_1/episode_02_right/frame_000167_right/label_heatmap_merged.png,/Users/huhu/Documents/Code/bishe/vrb/vrbreproduction/outputs/e13_engineered_homography_100subaction/experiments/E13/pipeline_outputs/subaction_01_P01_109_1/episode_02_right/frame_000167_right/label_heatmap_merged_overlay.png,/Users/huhu/Documents/Code/bishe/vrb/vrbreproduction/outputs/e13_engineered_homography_100subaction/experiments/E13/pipeline_outputs/subaction_01_P01_109_1/episode_02_right/frame_000167_right/vrb_style_affordance.png,"(256, 456)",True,/Users/huhu/Documents/Code/bishe/vrb/vrbreproduction/outputs/e13_engineered_homography_100subaction/experiments/E13/pipeline_outputs/subaction_01_P01_109_1/episode_02_right/frame_000167_right/diagnostics/problem3_ref_full_overlay.png,/Users/huhu/Documents/Code/bishe/vrb/vrbreproduction/outputs/e13_engineered_homography_100subaction/experiments/E13/pipeline_outputs/subaction_01_P01_109_1/episode_02_right/frame_000167_right/diagnostics/problem3_ref_crop.png,27.0,0.8,20.0,25.0,0.519339382648468,SIFT,,1:167:right
E13,E13_engineered_homography_projection,new_contact_episode_early_frames,short_window_pre_contact_nearest_no_contact,1,P01_109_1,P01_109,open rucksack,open,rucksack,['rucksack'],153,226,152,225,3.0,168.0,169.0,right,keep,Cell4_label_heatmap,,,59,165.0,166.0,3.0,3.0,1.0,6,0.0,covariance,5.35,/Users/huhu/Documents/Code/bishe/vrb/vrbreproduction/outputs/e13_engineered_homography_100subaction/experiments/E13/pipeline_outputs/subaction_01_P01_109_1/episode_02_right/frame_000168_right,short_window_pre_contact,nearest_frame_before_new_contact_episode,False,False,False,False,False,False,False,False,"(219, 106, 369, 256)",0.2523111111111111,,0,{},,,,True,166.0,167.0,172.0,2.0,166.0,162.0,165.0,4.0,162.0,165.0,162.0,165.0,60.0,False,162.0,165.0,True,False,True,7.0,8,False,2.0,right,smoothed_contact_0_to_1,True,snapped_to_reference_object_mask,"(168.99999403953552, 101.0, 307.99999380111694, 249.0)",0.9585128426551819,0.8873313804157539,2.691052198410034,"(163.3812255859375, 96.84078216552734, 309.0474548339844, 256.0)",,66.26227612753041,4.0,1.0,4.0,0.6397204399108887,"[0.0, 0.0, 0.0, 0.0, 0.6397204399108887]","[[291.61655 219.88106]
 [293.65695 196.06035]
 [293.81815 223.95996]
 [295.9827  227.09312]
 [292.62848 192.47922]]","[[291.61655 219.88106]
 [293.65695 196.06035]
 [293.81815 223.95996]
 [295.9827  227.09312]
 [293.      193.     ]]",False,record_only,new_contact_episode,new_contact_episode,P01_109_sub001_ep02_right,smoothed_contact_run_start_within_subaction,rucksack,['rucksack'],,,,,,,,97,8,162.0,/Users/huhu/Documents/Code/bishe/vrb/vrbreproduction/outputs/e13_engineered_homography_100subaction/experiments/E13/pipeline_outputs/subaction_01_P01_109_1/episode_02_right/frame_000168_right/reference_frame.png,/Users/huhu/Documents/Code/bishe/vrb/vrbreproduction/outputs/e13_engineered_homography_100subaction/experiments/E13/pipeline_outputs/subaction_01_P01_109_1/episode_02_right/frame_000168_right/contact_frame.png,/Users/huhu/Documents/Code/bishe/vrb/vrbreproduction/outputs/e13_engineered_homography_100subaction/experiments/E13/pipeline_outputs/subaction_01_P01_109_1/episode_02_right/frame_000168_right/contact_overlay.png,/Users/huhu/Documents/Code/bishe/vrb/vrbreproduction/outputs/e13_engineered_homography_100subaction/experiments/E13/pipeline_outputs/subaction_01_P01_109_1/episode_02_right/frame_000168_right/projection_overlay_raw_vs_snapped.png,/Users/huhu/Documents/Code/bishe/vrb/vrbreproduction/outputs/e13_engineered_homography_100subaction/experiments/E13/pipeline_outputs/subaction_01_P01_109_1/episode_02_right/frame_000168_right/homography_matches.png,/Users/huhu/Documents/Code/bishe/vrb/vrbreproduction/outputs/e13_engineered_homography_100subaction/experiments/E13/pipeline_outputs/subaction_01_P01_109_1/episode_02_right/frame_000168_right/label_heatmap_merged.npy,/Users/huhu/Documents/Code/bishe/vrb/vrbreproduction/outputs/e13_engineered_homography_100subaction/experiments/E13/pipeline_outputs/subaction_01_P01_109_1/episode_02_right/frame_000168_right/label_heatmap_merged.png,/Users/huhu/Documents/Code/bishe/vrb/vrbreproduction/outputs/e13_engineered_homography_100subaction/experiments/E13/pipeline_outputs/subaction_01_P01_109_1/episode_02_right/frame_000168_right/label_heatmap_merged_overlay.png,/Users/huhu/Documents/Code/bishe/vrb/vrbreproduction/outputs/e13_engineered_homography_100subaction/experiments/E13/pipeline_outputs/subaction_01_P01_109_1/episode_02_right/frame_000168_right/vrb_style_affordance.png,"(256, 456)",True,/Users/huhu/Documents/Code/bishe/vrb/vrbreproduction/outputs/e13_engineered_homography_100subaction/experiments/E13/pipeline_outputs/subaction_01_P01_109_1/episode_02_right/frame_000168_right/diagnostics/problem3_ref_full_overlay.png,/Users/huhu/Documents/Code/bishe/vrb/vrbreproduction/outputs/e13_engineered_homography_100subaction/experiments/E13/pipeline_outputs/subaction_01_P01_109_1/episode_02_right/frame_000168_right/diagnostics/problem3_ref_crop.png,33.0,0.8,14.0,15.0,0.519339382648468,SIFT,,1:168:right
E13,E13_engineered_homography_projection,new_contact_episode_early_frames,short_window_pre_contact_nearest_no_contact,1,P01_109_1,P01_109,open rucksack,open,rucksack,['rucksack'],153,226,152,225,7.0,175.0,176.0,left,keep,Cell4_label_heatmap,,,53,174.0,175.0,1.0,1.0,1.0,6,0.0,covariance,5.764285714285714,/Users/huhu/Documents/Code/bishe/vrb/vrbreproduction/outputs/e13_engineered_homography_100subaction/experiments/E13/pipeline_outputs/subaction_01_P01_109_1/episode_04_left/frame_000175_left,short_window_pre_contact,nearest_frame_before_new_contact_episode,False,False,False,False,False,False,False,False,"(140, 102, 290, 252)",0.2236,,0,{},,,,True,175.0,176.0,193.0,0.0,175.0,173.0,174.0,2.0,173.0,174.0,173.0,174.0,60.0,False,173.0,174.0,True,True,True,19.0,8,True,4.0,left,smoothed_contact_0_to_1,True,snapped_to_reference_object_mask,"(170.00000381469727, 89.0, 310.00001335144043, 250.0)",0.9514772891998291,0.8585733051017786,8.474523544311523,"(168.3511962890625, 88.4867935180664, 328.48968505859375, 252.4252471923828)",,26.544377629518365,5.0,1.0,5.0,0.0,"[0.0, 0.0, 0.0, 0.0, 0.0]","[[222.4175  177.98894]
 [213.63216 172.87286]
 [201.39073 172.88628]
 [215.49045 180.84201]
 [220.18333 181.83383]]","[[222.4175  177.98894]
 [213.63216 172.87286]
 [201.39073 172.88628]
 [215.49045 180.84201]
 [220.18333 181.83383]]",False,record_only,new_contact_episode,new_contact_episode,P01_109_sub001_ep04_left,smoothed_contact_run_start_within_subaction,rucksack,['rucksack'],,,,,,,,97,8,173.0,/Users/huhu/Documents/Code/bishe/vrb/vrbreproduction/outputs/e13_engineered_homography_100subaction/experiments/E13/pipeline_outputs/subaction_01_P01_109_1/episode_04_left/frame_000175_left/reference_frame.png,/Users/huhu/Documents/Code/bishe/vrb/vrbreproduction/outputs/e13_engineered_homography_100subaction/experiments/E13/pipeline_outputs/subaction_01_P01_109_1/episode_04_left/frame_000175_left/contact_frame.png,/Users/huhu/Documents/Code/bishe/vrb/vrbreproduction/outputs/e13_engineered_homography_100subaction/experiments/E13/pipeline_outputs/subaction_01_P01_109_1/episode_04_left/frame_000175_left/contact_overlay.png,/Users/huhu/Documents/Code/bishe/vrb/vrbreproduction/outputs/e13_engineered_homography_100subaction/experiments/E13/pipeline_outputs/subaction_01_P01_109_1/episode_04_left/frame_000175_left/projection_overlay_raw_vs_snapped.png,/Users/huhu/Documents/Code/bishe/vrb/vrbreproduction/outputs/e13_engineered_homography_100subaction/experiments/E13/pipeline_outputs/subaction_01_P01_109_1/episode_04_left/frame_000175_left/homography_matches.png,/Users/huhu/Documents/Code/bishe/vrb/vrbreproduction/outputs/e13_engineered_homography_100subaction/experiments/E13/pipeline_outputs/subaction_01_P01_109_1/episode_04_left/frame_000175_left/label_heatmap_merged.npy,/Users/huhu/Documents/Code/bishe/vrb/vrbreproduction/outputs/e13_engineered_homography_100subaction/experiments/E13/pipeline_outputs/subaction_01_P01_109_1/episode_04_left/frame_000175_left/label_heatmap_merged.png,/Users/huhu/Documents/Code/bishe/vrb/vrbreproduction/outputs/e13_engineered_homography_100subaction/experiments/E13/pipeline_outputs/subaction_01_P01_109_1/episode_04_left/frame_000175_left/label_heatmap_merged_overlay.png,/Users/huhu/Documents/Code/bishe/vrb/vrbreproduction/outputs/e13_engineered_homography_100subaction/experiments/E13/pipeline_outputs/subaction_01_P01_109_1/episode_04_left/frame_000175_left/vrb_style_affordance.png,"(256, 456)",True,/Users/huhu/Documents/Code/bishe/vrb/vrbreproduction/outputs/e13_engineered_homography_100subaction/experiments/E13/pipeline_outputs/subaction_01_P01_109_1/episode_04_left/frame_000175_left/diagnostics/problem3_ref_full_overlay.png,/Users/huhu/Documents/Code/bishe/vrb/vrbreproduction/outputs/e13_engineered_homography_100subaction/experiments/E13/pipeline_outputs/subaction_01_P01_109_1/episode_04_left/frame_000175_left/diagnostics/problem3_ref_crop.png,21.0,0.8571428571428571,15.0,15.0,0.9511238932609558,SIFT,,1:175:left
E13,E13_engineered_homography_projection,new_contact_episode_early_frames,short_window_pre_contact_nearest_no_contact,1,P01_109_1,P01_109,open rucksack,open,rucksack,['rucksack'],153,226,152,225,8.0,176.0,177.0,left,keep,Cell4_label_heatmap,,,67,174.0,175.0,2.0,2.0,1.0,6,0.0,covariance,5.8342857142857145,/Users/huhu/Documents/Code/bishe/vrb/vrbreproduction/outputs/e13_engineered_homography_100subaction/experiments/E13/pipeline_outputs/subaction_01_P01_109_1/episode_04_left/frame_000176_left,short_window_pre_contact,nearest_frame_before_new_contact_episode,False,False,False,False,False,False,False,False,"(136, 102, 286, 252)",0.2236,,0,{},,,,True,175.0,176.0,193.0,1.0,175.0,173.0,174.0,2.0,173.0,174.0,173.0,174.0,60.0,False,173.0,174.0,True,False,True,19.0,8,False,4.0,left,smoothed_contact_0_to_1,True,snapped_to_reference_object_mask,"(170.00000381469727, 89.0, 310.00001335144043, 250.0)",0.9514772891998291,0.8462203610985064,10.842142105102539,"(178.10316467285156, 91.23925018310547, 323.4031982421875, 250.53321838378906)",,29.55324228266816,5.0,1.0,5.0,0.0,"[0.0, 0.0, 0.0, 0.0, 0.0]","[[212.31322 174.32689]
 [218.75633 183.80362]
 [209.35262 168.53674]
 [203.53156 178.21742]
 [213.42491 181.26772]]","[[212.31322 174.32689]
 [218.75633 183.80362]
 [209.35262 168.53674]
 [203.53156 178.21742]
 [213.42491 181.26772]]",False,record_only,new_contact_episode,new_contact_episode,P01_109_sub001_ep04_left,smoothed_contact_run_start_within_subaction,rucksack,['rucksack'],,,,,,,,97,8,173.0,/Users/huhu/Documents/Code/bishe/vrb/vrbreproduction/outputs/e13_engineered_homography_100subaction/experiments/E13/pipeline_outputs/subaction_01_P01_109_1/episode_04_left/frame_000176_left/reference_frame.png,/Users/huhu/Documents/Code/bishe/vrb/vrbreproduction/outputs/e13_engineered_homography_100subaction/experiments/E13/pipeline_outputs/subaction_01_P01_109_1/episode_04_left/frame_000176_left/contact_frame.png,/Users/huhu/Documents/Code/bishe/vrb/vrbreproduction/outputs/e13_engineered_homography_100subaction/experiments/E13/pipeline_outputs/subaction_01_P01_109_1/episode_04_left/frame_000176_left/contact_overlay.png,/Users/huhu/Documents/Code/bishe/vrb/vrbreproduction/outputs/e13_engineered_homography_100subaction/experiments/E13/pipeline_outputs/subaction_01_P01_109_1/episode_04_left/frame_000176_left/projection_overlay_raw_vs_snapped.png,/Users/huhu/Documents/Code/bishe/vrb/vrbreproduction/outputs/e13_engineered_homography_100subaction/experiments/E13/pipeline_outputs/subaction_01_P01_109_1/episode_04_left/frame_000176_left/homography_matches.png,/Users/huhu/Documents/Code/bishe/vrb/vrbreproduction/outputs/e13_engineered_homography_100subaction/experiments/E13/pipeline_outputs/subaction_01_P01_109_1/episode_04_left/frame_000176_left/label_heatmap_merged.npy,/Users/huhu/Documents/Code/bishe/vrb/vrbreproduction/outputs/e13_engineered_homography_100subaction/experiments/E13/pipeline_outputs/subaction_01_P01_109_1/episode_04_left/frame_000176_left/label_heatmap_merged.png,/Users/huhu/Documents/Code/bishe/vrb/vrbreproduction/outputs/e13_engineered_homography_100subaction/experiments/E13/pipeline_outputs/subaction_01_P01_109_1/episode_04_left/frame_000176_left/label_heatmap_merged_overlay.png,/Users/huhu/Documents/Code/bishe/vrb/vrbreproduction/outputs/e13_engineered_homography_100subaction/experiments/E13/pipeline_outputs/subaction_01_P01_109_1/episode_04_left/frame_000176_left/vrb_style_affordance.png,"(256, 456)",True,/Users/huhu/Documents/Code/bishe/vrb/vrbreproduction/outputs/e13_engineered_homography_100subaction/experiments/E13/pipeline_outputs/subaction_01_P01_109_1/episode_04_left/frame_000176_left/diagnostics/problem3_ref_full_overlay.png,/Users/huhu/Documents/Code/bishe/vrb/vrbreproduction/outputs/e13_engineered_homography_100subaction/experiments/E13/pipeline_outputs/subaction_01_P01_109_1/episode_04_left/frame_000176_left/diagnostics/problem3_ref_crop.png,27.0,0.8571428571428571,15.0,15.0,0.9511238932609558,SIFT,,1:176:left
E13,E13_engineered_homography_projection,new_contact_episode_early_frames,short_window_pre_contact_nearest_no_contact,1,P01_109_1,P01_109,open rucksack,open,rucksack,['rucksack'],153,226,152,225,9.0,177.0,178.0,left,keep,Cell4_label_heatmap,,,167,174.0,175.0,3.0,3.0,1.0,6,0.0,covariance,7.624285714285715,/Users/huhu/Documents/Code/bishe/vrb/vrbreproduction/outputs/e13_engineered_homography_100subaction/experiments/E13/pipeline_outputs/subaction_01_P01_109_1/episode_04_left/frame_000177_left,short_window_pre_contact,nearest_frame_before_new_contact_episode,False,False,False,False,False,False,False,False,"(141, 98, 291, 248)",0.22133333333333333,,0,{},,,,True,175.0,176.0,193.0,2.0,175.0,173.0,174.0,2.0,173.0,174.0,173.0,174.0,60.0,False,173.0,174.0,True,False,True,19.0,8,False,4.0,left,smoothed_contact_0_to_1,True,snapped_to_reference_object_mask,"(170.00000381469727, 89.0, 310.00001335144043, 250.0)",0.9514772891998291,0.8181559982860787,7.555689334869385,"(174.8838653564453, 97.85777282714844, 320.08428955078125, 243.21815490722656)",,23.880014592236705,5.0,1.0,5.0,0.0,"[0.0, 0.0, 0.0, 0.0, 0.0]","[[210.18137 170.60422]
 [229.49239 175.87976]
 [228.37991 159.58553]
 [211.75963 182.12697]
 [202.17775 177.47684]]","[[210.18137 170.60422]
 [229.49239 175.87976]
 [228.37991 159.58553]
 [211.75963 182.12697]
 [202.17775 177.47684]]",False,record_only,new_contact_episode,new_contact_episode,P01_109_sub001_ep04_left,smoothed_contact_run_start_within_subaction,rucksack,['rucksack'],,,,,,,,97,8,173.0,/Users/huhu/Documents/Code/bishe/vrb/vrbreproduction/outputs/e13_engineered_homography_100subaction/experiments/E13/pipeline_outputs/subaction_01_P01_109_1/episode_04_left/frame_000177_left/reference_frame.png,/Users/huhu/Documents/Code/bishe/vrb/vrbreproduction/outputs/e13_engineered_homography_100subaction/experiments/E13/pipeline_outputs/subaction_01_P01_109_1/episode_04_left/frame_000177_left/contact_frame.png,/Users/huhu/Documents/Code/bishe/vrb/vrbreproduction/outputs/e13_engineered_homography_100subaction/experiments/E13/pipeline_outputs/subaction_01_P01_109_1/episode_04_left/frame_000177_left/contact_overlay.png,/Users/huhu/Documents/Code/bishe/vrb/vrbreproduction/outputs/e13_engineered_homography_100subaction/experiments/E13/pipeline_outputs/subaction_01_P01_109_1/episode_04_left/frame_000177_left/projection_overlay_raw_vs_snapped.png,/Users/huhu/Documents/Code/bishe/vrb/vrbreproduction/outputs/e13_engineered_homography_100subaction/experiments/E13/pipeline_outputs/subaction_01_P01_109_1/episode_04_left/frame_000177_left/homography_matches.png,/Users/huhu/Documents/Code/bishe/vrb/vrbreproduction/outputs/e13_engineered_homography_100subaction/experiments/E13/pipeline_outputs/subaction_01_P01_109_1/episode_04_left/frame_000177_left/label_heatmap_merged.npy,/Users/huhu/Documents/Code/bishe/vrb/vrbreproduction/outputs/e13_engineered_homography_100subaction/experiments/E13/pipeline_outputs/subaction_01_P01_109_1/episode_04_left/frame_000177_left/label_heatmap_merged.png,/Users/huhu/Documents/Code/bishe/vrb/vrbreproduction/outputs/e13_engineered_homography_100subaction/experiments/E13/pipeline_outputs/subaction_01_P01_109_1/episode_04_left/frame_000177_left/label_heatmap_merged_overlay.png,/Users/huhu/Documents/Code/bishe/vrb/vrbreproduction/outputs/e13_engineered_homography_100subaction/experiments/E13/pipeline_outputs/subaction_01_P01_109_1/episode_04_left/frame_000177_left/vrb_style_affordance.png,"(256, 456)",True,/Users/huhu/Documents/Code/bishe/vrb/vrbreproduction/outputs/e13_engineered_homography_100subaction/experiments/E13/pipeline_outputs/subaction_01_P01_109_1/episode_04_left/frame_000177_left/diagnostics/problem3_ref_full_overlay.png,/Users/huhu/Documents/Code/bishe/vrb/vrbreproduction/outputs/e13_engineered_homography_100subaction/experiments/E13/pipeline_outputs/subaction_01_P01_109_1/episode_04_left/frame_000177_left/diagnostics/problem3_ref_crop.png,33.0,0.8571428571428571,15.0,15.0,0.9511238932609558,SIFT,,1:177:left
E13,E13_engineered_homography_projection,new_contact_episode_early_frames,short_window_pre_contact_nearest_no_contact,1,P01_109_1,P01_109,open rucksack,open,rucksack,['rucksack'],153,226,152,225,15.0,198.0,199.0,right,keep,Cell4_label_heatmap,,,40,196.0,197.0,2.0,2.0,1.0,6,0.0,covariance,5.195384615384616,/Users/huhu/Documents/Code/bishe/vrb/vrbreproduction/outputs/e13_engineered_homography_100subaction/experiments/E13/pipeline_outputs/subaction_01_P01_109_1/episode_07_right/frame_000198_right,short_window_pre_contact,nearest_frame_before_new_contact_episode,False,False,False,False,False,False,False,False,"(167, 106, 317, 256)",0.19137777777777779,,0,{},,,,True,197.0,198.0,252.0,1.0,197.0,194.0,196.0,3.0,194.0,196.0,194.0,196.0,60.0,False,194.0,196.0,True,False,True,56.0,8,False,7.0,right,smoothed_contact_0_to_1,True,snapped_to_reference_object_mask,"(170.00000381469727, 84.0, 325.0000104904175, 250.0)",0.7203377485275269,0.7238978596022204,15.636540412902832,"(169.46376037597656, 85.97415924072266, 304.2658996582031, 225.10032653808594)",,54.015871984517695,5.0,1.0,5.0,0.0,"[0.0, 0.0, 0.0, 0.0, 0.0]","[[217.90884 223.78772]
 [256.93344 216.95987]
 [255.94257 215.27315]
 [258.8931  223.93893]
 [221.15271 223.79964]]","[[217.90884 223.78772]
 [256.93344 216.95987]
 [255.94257 215.27315]
 [258.8931  223.93893]
 [221.15271 223.79964]]",False,record_only,new_contact_episode,new_contact_episode,P01_109_sub001_ep07_right,smoothed_contact_run_start_within_subaction,rucksack,['rucksack'],,,,,,,,97,8,194.0,/Users/huhu/Documents/Code/bishe/vrb/vrbreproduction/outputs/e13_engineered_homography_100subaction/experiments/E13/pipeline_outputs/subaction_01_P01_109_1/episode_07_right/frame_000198_right/reference_frame.png,/Users/huhu/Documents/Code/bishe/vrb/vrbreproduction/outputs/e13_engineered_homography_100subaction/experiments/E13/pipeline_outputs/subaction_01_P01_109_1/episode_07_right/frame_000198_right/contact_frame.png,/Users/huhu/Documents/Code/bishe/vrb/vrbreproduction/outputs/e13_engineered_homography_100subaction/experiments/E13/pipeline_outputs/subaction_01_P01_109_1/episode_07_right/frame_000198_right/contact_overlay.png,/Users/huhu/Documents/Code/bishe/vrb/vrbreproduction/outputs/e13_engineered_homography_100subaction/experiments/E13/pipeline_outputs/subaction_01_P01_109_1/episode_07_right/frame_000198_right/projection_overlay_raw_vs_snapped.png,/Users/huhu/Documents/Code/bishe/vrb/vrbreproduction/outputs/e13_engineered_homography_100subaction/experiments/E13/pipeline_outputs/subaction_01_P01_109_1/episode_07_right/frame_000198_right/homography_matches.png,/Users/huhu/Documents/Code/bishe/vrb/vrbreproduction/outputs/e13_engineered_homography_100subaction/experiments/E13/pipeline_outputs/subaction_01_P01_109_1/episode_07_right/frame_000198_right/label_heatmap_merged.npy,/Users/huhu/Documents/Code/bishe/vrb/vrbreproduction/outputs/e13_engineered_homography_100subaction/experiments/E13/pipeline_outputs/subaction_01_P01_109_1/episode_07_right/frame_000198_right/label_heatmap_merged.png,/Users/huhu/Documents/Code/bishe/vrb/vrbreproduction/outputs/e13_engineered_homography_100subaction/experiments/E13/pipeline_outputs/subaction_01_P01_109_1/episode_07_right/frame_000198_right/label_heatmap_merged_overlay.png,/Users/huhu/Documents/Code/bishe/vrb/vrbreproduction/outputs/e13_engineered_homography_100subaction/experiments/E13/pipeline_outputs/subaction_01_P01_109_1/episode_07_right/frame_000198_right/vrb_style_affordance.png,"(256, 456)",True,/Users/huhu/Documents/Code/bishe/vrb/vrbreproduction/outputs/e13_engineered_homography_100subaction/experiments/E13/pipeline_outputs/subaction_01_P01_109_1/episode_07_right/frame_000198_right/diagnostics/problem3_ref_full_overlay.png,/Users/huhu/Documents/Code/bishe/vrb/vrbreproduction/outputs/e13_engineered_homography_100subaction/experiments/E13/pipeline_outputs/subaction_01_P01_109_1/episode_07_right/frame_000198_right/diagnostics/problem3_ref_crop.png,27.0,0.8076923076923077,18.0,19.0,0.6553873419761658,SIFT,,1:198:right
E13,E13_engineered_homography_projection,new_contact_episode_early_frames,short_window_pre_contact_nearest_no_contact,1,P01_109_1,P01_109,open rucksack,open,rucksack,['rucksack'],153,226,152,225,16.0,199.0,200.0,right,keep,Cell4_label_heatmap,,,116,196.0,197.0,3.0,3.0,1.0,6,0.0,covariance,6.505384615384615,/Users/huhu/Documents/Code/bishe/vrb/vrbreproduction/outputs/e13_engineered_homography_100subaction/experiments/E13/pipeline_outputs/subaction_01_P01_109_1/episode_07_right/frame_000199_right,short_window_pre_contact,nearest_frame_before_new_contact_episode,False,False,False,False,False,False,False,False,"(164, 106, 314, 256)",0.19137777777777779,,0,{},,,,True,197.0,198.0,252.0,2.0,197.0,194.0,196.0,3.0,194.0,196.0,194.0,196.0,60.0,False,194.0,196.0,True,False,True,56.0,8,False,7.0,right,smoothed_contact_0_to_1,True,snapped_to_reference_object_mask,"(170.00000381469727, 84.0, 325.0000104904175, 250.0)",0.7203377485275269,0.7699345809687537,9.867676734924316,"(175.63739013671875, 81.99375915527344, 306.1020812988281, 237.3897247314453)",,53.31912753552672,5.0,1.0,5.0,0.0,"[0.0, 0.0, 0.0, 0.0, 0.0]","[[220.35268 223.01952]
 [260.16107 232.14133]
 [259.02213 210.11975]
 [236.33556 230.65051]
 [217.31975 201.95657]]","[[220.35268 223.01952]
 [260.16107 232.14133]
 [259.02213 210.11975]
 [236.33556 230.65051]
 [217.31975 201.95657]]",False,record_only,new_contact_episode,new_contact_episode,P01_109_sub001_ep07_right,smoothed_contact_run_start_within_subaction,rucksack,['rucksack'],,,,,,,,97,8,194.0,/Users/huhu/Documents/Code/bishe/vrb/vrbreproduction/outputs/e13_engineered_homography_100subaction/experiments/E13/pipeline_outputs/subaction_01_P01_109_1/episode_07_right/frame_000199_right/reference_frame.png,/Users/huhu/Documents/Code/bishe/vrb/vrbreproduction/outputs/e13_engineered_homography_100subaction/experiments/E13/pipeline_outputs/subaction_01_P01_109_1/episode_07_right/frame_000199_right/contact_frame.png,/Users/huhu/Documents/Code/bishe/vrb/vrbreproduction/outputs/e13_engineered_homography_100subaction/experiments/E13/pipeline_outputs/subaction_01_P01_109_1/episode_07_right/frame_000199_right/contact_overlay.png,/Users/huhu/Documents/Code/bishe/vrb/vrbreproduction/outputs/e13_engineered_homography_100subaction/experiments/E13/pipeline_outputs/subaction_01_P01_109_1/episode_07_right/frame_000199_right/projection_overlay_raw_vs_snapped.png,/Users/huhu/Documents/Code/bishe/vrb/vrbreproduction/outputs/e13_engineered_homography_100subaction/experiments/E13/pipeline_outputs/subaction_01_P01_109_1/episode_07_right/frame_000199_right/homography_matches.png,/Users/huhu/Documents/Code/bishe/vrb/vrbreproduction/outputs/e13_engineered_homography_100subaction/experiments/E13/pipeline_outputs/subaction_01_P01_109_1/episode_07_right/frame_000199_right/label_heatmap_merged.npy,/Users/huhu/Documents/Code/bishe/vrb/vrbreproduction/outputs/e13_engineered_homography_100subaction/experiments/E13/pipeline_outputs/subaction_01_P01_109_1/episode_07_right/frame_000199_right/label_heatmap_merged.png,/Users/huhu/Documents/Code/bishe/vrb/vrbreproduction/outputs/e13_engineered_homography_100subaction/experiments/E13/pipeline_outputs/subaction_01_P01_109_1/episode_07_right/frame_000199_right/label_heatmap_merged_overlay.png,/Users/huhu/Documents/Code/bishe/vrb/vrbreproduction/outputs/e13_engineered_homography_100subaction/experiments/E13/pipeline_outputs/subaction_01_P01_109_1/episode_07_right/frame_000199_right/vrb_style_affordance.png,"(256, 456)",True,/Users/huhu/Documents/Code/bishe/vrb/vrbreproduction/outputs/e13_engineered_homography_100subaction/experiments/E13/pipeline_outputs/subaction_01_P01_109_1/episode_07_right/frame_000199_right/diagnostics/problem3_ref_full_overlay.png,/Users/huhu/Documents/Code/bishe/vrb/vrbreproduction/outputs/e13_engineered_homography_100subaction/experiments/E13/pipeline_outputs/subaction_01_P01_109_1/episode_07_right/frame_000199_right/diagnostics/problem3_ref_crop.png,33.0,0.8076923076923077,18.0,19.0,0.6553873419761658,SIFT,,1:199:right
E13,E13_engineered_homography_projection,new_contact_episode_early_frames,short_window_pre_contact_nearest_no_contact,3,P01_109_3,P01_109,put down eggs,put-down,egg,['egg'],319,374,318,373,3.0,369.0,370.0,left,keep,Cell4_label_heatmap,,,130,368.0,369.0,1.0,1.0,1.0,6,0.0,covariance,6.858292682926829,/Users/huhu/Documents/Code/bishe/vrb/vrbreproduction/outputs/e13_engineered_homography_100subaction/experiments/E13/pipeline_outputs/subaction_03_P01_109_3/episode_02_left/frame_000369_left,short_window_pre_contact,nearest_frame_before_new_contact_episode,False,False,False,False,False,False,False,False,"(142, 106, 292, 256)",0.09315555555555556,,0,{},,,,True,369.0,370.0,392.0,0.0,369.0,365.0,368.0,4.0,365.0,368.0,365.0,368.0,60.0,False,365.0,368.0,True,True,True,24.0,3,True,2.0,left,smoothed_contact_0_to_1,True,snapped_to_reference_object_mask,"(189.999995470047, 121.0, 289.00001192092896, 248.0)",0.9496597647666931,0.7548417271440369,2.4527289867401123,"(180.07691955566406, 117.6538314819336, 300.4739990234375, 256.0)",,54.318656583715125,4.0,1.0,4.0,2.1187915802001953,"[0.0, 2.1187915802001953, 0.0, 0.0, 0.0]","[[225.92984 231.19754]
 [200.93079 241.17078]
 [219.3288  220.93474]
 [232.48203 243.29674]
 [205.21883 232.5898 ]]","[[225.92984 231.19754]
 [202.      243.     ]
 [219.3288  220.93474]
 [232.48203 243.29674]
 [205.21883 232.5898 ]]",False,record_only,new_contact_episode,new_contact_episode,P01_109_sub003_ep02_left,smoothed_contact_run_start_within_subaction,egg,['egg'],,,,,,,,36,3,365.0,/Users/huhu/Documents/Code/bishe/vrb/vrbreproduction/outputs/e13_engineered_homography_100subaction/experiments/E13/pipeline_outputs/subaction_03_P01_109_3/episode_02_left/frame_000369_left/reference_frame.png,/Users/huhu/Documents/Code/bishe/vrb/vrbreproduction/outputs/e13_engineered_homography_100subaction/experiments/E13/pipeline_outputs/subaction_03_P01_109_3/episode_02_left/frame_000369_left/contact_frame.png,/Users/huhu/Documents/Code/bishe/vrb/vrbreproduction/outputs/e13_engineered_homography_100subaction/experiments/E13/pipeline_outputs/subaction_03_P01_109_3/episode_02_left/frame_000369_left/contact_overlay.png,/Users/huhu/Documents/Code/bishe/vrb/vrbreproduction/outputs/e13_engineered_homography_100subaction/experiments/E13/pipeline_outputs/subaction_03_P01_109_3/episode_02_left/frame_000369_left/projection_overlay_raw_vs_snapped.png,/Users/huhu/Documents/Code/bishe/vrb/vrbreproduction/outputs/e13_engineered_homography_100subaction/experiments/E13/pipeline_outputs/subaction_03_P01_109_3/episode_02_left/frame_000369_left/homography_matches.png,/Users/huhu/Documents/Code/bishe/vrb/vrbreproduction/outputs/e13_engineered_homography_100subaction/experiments/E13/pipeline_outputs/subaction_03_P01_109_3/episode_02_left/frame_000369_left/label_heatmap_merged.npy,/Users/huhu/Documents/Code/bishe/vrb/vrbreproduction/outputs/e13_engineered_homography_100subaction/experiments/E13/pipeline_outputs/subaction_03_P01_109_3/episode_02_left/frame_000369_left/label_heatmap_merged.png,/Users/huhu/Documents/Code/bishe/vrb/vrbreproduction/outputs/e13_engineered_homography_100subaction/experiments/E13/pipeline_outputs/subaction_03_P01_109_3/episode_02_left/frame_000369_left/label_heatmap_merged_overlay.png,/Users/huhu/Documents/Code/bishe/vrb/vrbreproduction/outputs/e13_engineered_homography_100subaction/experiments/E13/pipeline_outputs/subaction_03_P01_109_3/episode_02_left/frame_000369_left/vrb_style_affordance.png,"(256, 456)",True,/Users/huhu/Documents/Code/bishe/vrb/vrbreproduction/outputs/e13_engineered_homography_100subaction/experiments/E13/pipeline_outputs/subaction_03_P01_109_3/episode_02_left/frame_000369_left/diagnostics/problem3_ref_full_overlay.png,/Users/huhu/Documents/Code/bishe/vrb/vrbreproduction/outputs/e13_engineered_homography_100subaction/experiments/E13/pipeline_outputs/subaction_03_P01_109_3/episode_02_left/frame_000369_left/diagnostics/problem3_ref_crop.png,21.0,0.6341463414634146,26.0,31.0,1.4114795923233032,SIFT,,3:369:left
E13,E13_engineered_homography_projection,new_contact_episode_early_frames,short_window_pre_contact_nearest_no_contact,3,P01_109_3,P01_109,put down eggs,put-down,egg,['egg'],319,374,318,373,4.0,370.0,371.0,left,keep,Cell4_label_heatmap,,,214,368.0,369.0,2.0,2.0,1.0,6,0.0,covariance,8.328292682926831,/Users/huhu/Documents/Code/bishe/vrb/vrbreproduction/outputs/e13_engineered_homography_100subaction/experiments/E13/pipeline_outputs/subaction_03_P01_109_3/episode_02_left/frame_000370_left,short_window_pre_contact,nearest_frame_before_new_contact_episode,False,False,False,False,False,False,False,False,"(135, 106, 285, 256)",0.07542222222222222,,0,{},,,,True,369.0,370.0,392.0,1.0,369.0,365.0,368.0,4.0,365.0,368.0,365.0,368.0,60.0,False,365.0,368.0,True,False,True,24.0,3,False,2.0,left,smoothed_contact_0_to_1,True,snapped_to_reference_object_mask,"(189.999995470047, 121.0, 289.00001192092896, 248.0)",0.9496597647666931,0.7321257173660014,3.6888554096221924,"(174.7041778564453, 116.47399139404297, 297.7872009277344, 256.0)",,62.24613742689034,3.0,1.0,3.0,9.656030654907227,"[0.0, 9.656030654907227, 0.0, 3.002546787261963, 0.0]","[[216.20984 239.53777]
 [192.14906 249.86003]
 [219.84407 232.45576]
 [203.3773  239.52629]
 [206.67229 228.52391]]","[[216.20984 239.53777]
 [201.      246.     ]
 [219.84407 232.45576]
 [205.      237.     ]
 [206.67229 228.52391]]",False,record_only,new_contact_episode,new_contact_episode,P01_109_sub003_ep02_left,smoothed_contact_run_start_within_subaction,egg,['egg'],,,,,,,,36,3,365.0,/Users/huhu/Documents/Code/bishe/vrb/vrbreproduction/outputs/e13_engineered_homography_100subaction/experiments/E13/pipeline_outputs/subaction_03_P01_109_3/episode_02_left/frame_000370_left/reference_frame.png,/Users/huhu/Documents/Code/bishe/vrb/vrbreproduction/outputs/e13_engineered_homography_100subaction/experiments/E13/pipeline_outputs/subaction_03_P01_109_3/episode_02_left/frame_000370_left/contact_frame.png,/Users/huhu/Documents/Code/bishe/vrb/vrbreproduction/outputs/e13_engineered_homography_100subaction/experiments/E13/pipeline_outputs/subaction_03_P01_109_3/episode_02_left/frame_000370_left/contact_overlay.png,/Users/huhu/Documents/Code/bishe/vrb/vrbreproduction/outputs/e13_engineered_homography_100subaction/experiments/E13/pipeline_outputs/subaction_03_P01_109_3/episode_02_left/frame_000370_left/projection_overlay_raw_vs_snapped.png,/Users/huhu/Documents/Code/bishe/vrb/vrbreproduction/outputs/e13_engineered_homography_100subaction/experiments/E13/pipeline_outputs/subaction_03_P01_109_3/episode_02_left/frame_000370_left/homography_matches.png,/Users/huhu/Documents/Code/bishe/vrb/vrbreproduction/outputs/e13_engineered_homography_100subaction/experiments/E13/pipeline_outputs/subaction_03_P01_109_3/episode_02_left/frame_000370_left/label_heatmap_merged.npy,/Users/huhu/Documents/Code/bishe/vrb/vrbreproduction/outputs/e13_engineered_homography_100subaction/experiments/E13/pipeline_outputs/subaction_03_P01_109_3/episode_02_left/frame_000370_left/label_heatmap_merged.png,/Users/huhu/Documents/Code/bishe/vrb/vrbreproduction/outputs/e13_engineered_homography_100subaction/experiments/E13/pipeline_outputs/subaction_03_P01_109_3/episode_02_left/frame_000370_left/label_heatmap_merged_overlay.png,/Users/huhu/Documents/Code/bishe/vrb/vrbreproduction/outputs/e13_engineered_homography_100subaction/experiments/E13/pipeline_outputs/subaction_03_P01_109_3/episode_02_left/frame_000370_left/vrb_style_affordance.png,"(256, 456)",True,/Users/huhu/Documents/Code/bishe/vrb/vrbreproduction/outputs/e13_engineered_homography_100subaction/experiments/E13/pipeline_outputs/subaction_03_P01_109_3/episode_02_left/frame_000370_left/diagnostics/problem3_ref_full_overlay.png,/Users/huhu/Documents/Code/bishe/vrb/vrbreproduction/outputs/e13_engineered_homography_100subaction/experiments/E13/pipeline_outputs/subaction_03_P01_109_3/episode_02_left/frame_000370_left/diagnostics/problem3_ref_crop.png,27.0,0.6341463414634146,24.0,31.0,1.4114795923233032,SIFT,,3:370:left
E13,E13_engineered_homography_projection,new_contact_episode_early_frames,short_window_pre_contact_nearest_no_contact,8,P01_109_7,P01_109,put down potatoes,put-down,potato,['potato'],550,734,549,733,19.0,720.0,721.0,left,keep,Cell4_label_heatmap,,,89,719.0,720.0,1.0,1.0,1.0,6,0.0,covariance,6.147777777777778,/Users/huhu/Documents/Code/bishe/vrb/vrbreproduction/outputs/e13_engineered_homography_100subaction/experiments/E13/pipeline_outputs/subaction_08_P01_109_7/episode_09_left/frame_000720_left,short_window_pre_contact,nearest_frame_before_new_contact_episode,False,False,False,False,False,False,False,False,"(180, 106, 330, 256)",0.0384,,0,{},,,,True,720.0,721.0,721.0,0.0,720.0,693.0,719.0,27.0,693.0,719.0,693.0,719.0,60.0,False,693.0,719.0,True,True,True,2.0,9,True,9.0,left,smoothed_contact_0_to_1,True,snapped_to_reference_object_mask,"(217.0000011920929, 98.0, 332.00001096725464, 237.0)",0.7078320384025574,0.9214099700484772,3.6892898082733154,"(214.2099609375, 98.96956634521484, 329.4405517578125, 241.11241149902344)",,63.84363070961246,2.0,1.0,2.0,3.380837917327881,"[0.0, 0.0, 0.5427955389022827, 1.9136093854904175, 3.380837917327881]","[[251.59755 220.85835]
 [241.79631 220.99368]
 [260.4682  228.1087 ]
 [265.07132 237.67316]
 [254.11154 233.19576]]","[[251.59755 220.85835]
 [241.79631 220.99368]
 [261.      228.     ]
 [266.      236.     ]
 [256.      236.     ]]",False,record_only,new_contact_episode,new_contact_episode,P01_109_sub008_ep09_left,smoothed_contact_run_start_within_subaction,potato,['potato'],,,,,,,,190,9,693.0,/Users/huhu/Documents/Code/bishe/vrb/vrbreproduction/outputs/e13_engineered_homography_100subaction/experiments/E13/pipeline_outputs/subaction_08_P01_109_7/episode_09_left/frame_000720_left/reference_frame.png,/Users/huhu/Documents/Code/bishe/vrb/vrbreproduction/outputs/e13_engineered_homography_100subaction/experiments/E13/pipeline_outputs/subaction_08_P01_109_7/episode_09_left/frame_000720_left/contact_frame.png,/Users/huhu/Documents/Code/bishe/vrb/vrbreproduction/outputs/e13_engineered_homography_100subaction/experiments/E13/pipeline_outputs/subaction_08_P01_109_7/episode_09_left/frame_000720_left/contact_overlay.png,/Users/huhu/Documents/Code/bishe/vrb/vrbreproduction/outputs/e13_engineered_homography_100subaction/experiments/E13/pipeline_outputs/subaction_08_P01_109_7/episode_09_left/frame_000720_left/projection_overlay_raw_vs_snapped.png,/Users/huhu/Documents/Code/bishe/vrb/vrbreproduction/outputs/e13_engineered_homography_100subaction/experiments/E13/pipeline_outputs/subaction_08_P01_109_7/episode_09_left/frame_000720_left/homography_matches.png,/Users/huhu/Documents/Code/bishe/vrb/vrbreproduction/outputs/e13_engineered_homography_100subaction/experiments/E13/pipeline_outputs/subaction_08_P01_109_7/episode_09_left/frame_000720_left/label_heatmap_merged.npy,/Users/huhu/Documents/Code/bishe/vrb/vrbreproduction/outputs/e13_engineered_homography_100subaction/experiments/E13/pipeline_outputs/subaction_08_P01_109_7/episode_09_left/frame_000720_left/label_heatmap_merged.png,/Users/huhu/Documents/Code/bishe/vrb/vrbreproduction/outputs/e13_engineered_homography_100subaction/experiments/E13/pipeline_outputs/subaction_08_P01_109_7/episode_09_left/frame_000720_left/label_heatmap_merged_overlay.png,/Users/huhu/Documents/Code/bishe/vrb/vrbreproduction/outputs/e13_engineered_homography_100subaction/experiments/E13/pipeline_outputs/subaction_08_P01_109_7/episode_09_left/frame_000720_left/vrb_style_affordance.png,"(256, 456)",True,/Users/huhu/Documents/Code/bishe/vrb/vrbreproduction/outputs/e13_engineered_homography_100subaction/experiments/E13/pipeline_outputs/subaction_08_P01_109_7/episode_09_left/frame_000720_left/diagnostics/problem3_ref_full_overlay.png,/Users/huhu/Documents/Code/bishe/vrb/vrbreproduction/outputs/e13_engineered_homography_100subaction/experiments/E13/pipeline_outputs/subaction_08_P01_109_7/episode_09_left/frame_000720_left/diagnostics/problem3_ref_crop.png,21.0,0.6888888888888889,26.0,32.0,1.0089527368545532,SIFT,,8:720:left
E13,E13_engineered_homography_projection,new_contact_episode_early_frames,short_window_pre_contact_nearest_no_contact,8,P01_109_7,P01_109,put down potatoes,put-down,potato,['potato'],550,734,549,733,20.0,721.0,722.0,left,keep,Cell4_label_heatmap,,,90,719.0,720.0,2.0,2.0,1.0,6,0.0,covariance,5.957777777777778,/Users/huhu/Documents/Code/bishe/vrb/vrbreproduction/outputs/e13_engineered_homography_100subaction/experiments/E13/pipeline_outputs/subaction_08_P01_109_7/episode_09_left/frame_000721_left,short_window_pre_contact,nearest_frame_before_new_contact_episode,False,False,False,False,False,False,False,False,"(176, 106, 326, 256)",0.0384,,0,{},,,,True,720.0,721.0,721.0,1.0,720.0,693.0,719.0,27.0,693.0,719.0,693.0,719.0,60.0,False,693.0,719.0,True,False,True,2.0,9,False,9.0,left,smoothed_contact_0_to_1,True,snapped_to_reference_object_mask,"(217.0000011920929, 98.0, 332.00001096725464, 237.0)",0.7078320384025574,0.9133275808727337,2.765629291534424,"(213.2349090576172, 95.67416381835938, 330.6146545410156, 241.34268188476562)",,61.257782706423,2.0,1.0,2.0,3.5408382415771484,"[0.0, 0.0, 1.5851651430130005, 3.5408382415771484, 0.8363229036331177]","[[252.2224  217.72176]
 [242.38026 220.81764]
 [238.45602 218.35901]
 [256.90976 227.53969]
 [262.8363  234.99434]]","[[252.2224  217.72176]
 [242.38026 220.81764]
 [240.      218.     ]
 [257.      224.     ]
 [262.      235.     ]]",False,record_only,new_contact_episode,new_contact_episode,P01_109_sub008_ep09_left,smoothed_contact_run_start_within_subaction,potato,['potato'],,,,,,,,190,9,693.0,/Users/huhu/Documents/Code/bishe/vrb/vrbreproduction/outputs/e13_engineered_homography_100subaction/experiments/E13/pipeline_outputs/subaction_08_P01_109_7/episode_09_left/frame_000721_left/reference_frame.png,/Users/huhu/Documents/Code/bishe/vrb/vrbreproduction/outputs/e13_engineered_homography_100subaction/experiments/E13/pipeline_outputs/subaction_08_P01_109_7/episode_09_left/frame_000721_left/contact_frame.png,/Users/huhu/Documents/Code/bishe/vrb/vrbreproduction/outputs/e13_engineered_homography_100subaction/experiments/E13/pipeline_outputs/subaction_08_P01_109_7/episode_09_left/frame_000721_left/contact_overlay.png,/Users/huhu/Documents/Code/bishe/vrb/vrbreproduction/outputs/e13_engineered_homography_100subaction/experiments/E13/pipeline_outputs/subaction_08_P01_109_7/episode_09_left/frame_000721_left/projection_overlay_raw_vs_snapped.png,/Users/huhu/Documents/Code/bishe/vrb/vrbreproduction/outputs/e13_engineered_homography_100subaction/experiments/E13/pipeline_outputs/subaction_08_P01_109_7/episode_09_left/frame_000721_left/homography_matches.png,/Users/huhu/Documents/Code/bishe/vrb/vrbreproduction/outputs/e13_engineered_homography_100subaction/experiments/E13/pipeline_outputs/subaction_08_P01_109_7/episode_09_left/frame_000721_left/label_heatmap_merged.npy,/Users/huhu/Documents/Code/bishe/vrb/vrbreproduction/outputs/e13_engineered_homography_100subaction/experiments/E13/pipeline_outputs/subaction_08_P01_109_7/episode_09_left/frame_000721_left/label_heatmap_merged.png,/Users/huhu/Documents/Code/bishe/vrb/vrbreproduction/outputs/e13_engineered_homography_100subaction/experiments/E13/pipeline_outputs/subaction_08_P01_109_7/episode_09_left/frame_000721_left/label_heatmap_merged_overlay.png,/Users/huhu/Documents/Code/bishe/vrb/vrbreproduction/outputs/e13_engineered_homography_100subaction/experiments/E13/pipeline_outputs/subaction_08_P01_109_7/episode_09_left/frame_000721_left/vrb_style_affordance.png,"(256, 456)",True,/Users/huhu/Documents/Code/bishe/vrb/vrbreproduction/outputs/e13_engineered_homography_100subaction/experiments/E13/pipeline_outputs/subaction_08_P01_109_7/episode_09_left/frame_000721_left/diagnostics/problem3_ref_full_overlay.png,/Users/huhu/Documents/Code/bishe/vrb/vrbreproduction/outputs/e13_engineered_homography_100subaction/experiments/E13/pipeline_outputs/subaction_08_P01_109_7/episode_09_left/frame_000721_left/diagnostics/problem3_ref_crop.png,27.0,0.6888888888888889,26.0,32.0,1.0089527368545532,SIFT,,8:721:left
E13,E13_engineered_homography_projection,new_contact_episode_early_frames,short_window_pre_contact_nearest_no_contact,9,P01_109_9,P01_109,put down potato,put-down,potato,['potato'],625,752,624,751,19.0,720.0,721.0,left,keep,Cell4_label_heatmap,,,89,719.0,720.0,1.0,1.0,1.0,6,0.0,covariance,6.147777777777778,/Users/huhu/Documents/Code/bishe/vrb/vrbreproduction/outputs/e13_engineered_homography_100subaction/experiments/E13/pipeline_outputs/subaction_09_P01_109_9/episode_09_left/frame_000720_left,short_window_pre_contact,nearest_frame_before_new_contact_episode,False,False,False,False,False,False,False,False,"(180, 106, 330, 256)",0.0384,,0,{},,,,True,720.0,721.0,721.0,0.0,720.0,693.0,719.0,27.0,693.0,719.0,693.0,719.0,60.0,False,693.0,719.0,True,True,True,2.0,11,True,9.0,left,smoothed_contact_0_to_1,True,snapped_to_reference_object_mask,"(217.0000011920929, 98.0, 332.00001096725464, 237.0)",0.7078320384025574,0.9214099700484772,3.6892898082733154,"(214.2099609375, 98.96956634521484, 329.4405517578125, 241.11241149902344)",,63.84363070961246,2.0,1.0,2.0,3.380837917327881,"[0.0, 0.0, 0.5427955389022827, 1.9136093854904175, 3.380837917327881]","[[251.59755 220.85835]
 [241.79631 220.99368]
 [260.4682  228.1087 ]
 [265.07132 237.67316]
 [254.11154 233.19576]]","[[251.59755 220.85835]
 [241.79631 220.99368]
 [261.      228.     ]
 [266.      236.     ]
 [256.      236.     ]]",False,record_only,new_contact_episode,new_contact_episode,P01_109_sub009_ep09_left,smoothed_contact_run_start_within_subaction,potato,['potato'],,,,,,,,136,11,693.0,/Users/huhu/Documents/Code/bishe/vrb/vrbreproduction/outputs/e13_engineered_homography_100subaction/experiments/E13/pipeline_outputs/subaction_09_P01_109_9/episode_09_left/frame_000720_left/reference_frame.png,/Users/huhu/Documents/Code/bishe/vrb/vrbreproduction/outputs/e13_engineered_homography_100subaction/experiments/E13/pipeline_outputs/subaction_09_P01_109_9/episode_09_left/frame_000720_left/contact_frame.png,/Users/huhu/Documents/Code/bishe/vrb/vrbreproduction/outputs/e13_engineered_homography_100subaction/experiments/E13/pipeline_outputs/subaction_09_P01_109_9/episode_09_left/frame_000720_left/contact_overlay.png,/Users/huhu/Documents/Code/bishe/vrb/vrbreproduction/outputs/e13_engineered_homography_100subaction/experiments/E13/pipeline_outputs/subaction_09_P01_109_9/episode_09_left/frame_000720_left/projection_overlay_raw_vs_snapped.png,/Users/huhu/Documents/Code/bishe/vrb/vrbreproduction/outputs/e13_engineered_homography_100subaction/experiments/E13/pipeline_outputs/subaction_09_P01_109_9/episode_09_left/frame_000720_left/homography_matches.png,/Users/huhu/Documents/Code/bishe/vrb/vrbreproduction/outputs/e13_engineered_homography_100subaction/experiments/E13/pipeline_outputs/subaction_09_P01_109_9/episode_09_left/frame_000720_left/label_heatmap_merged.npy,/Users/huhu/Documents/Code/bishe/vrb/vrbreproduction/outputs/e13_engineered_homography_100subaction/experiments/E13/pipeline_outputs/subaction_09_P01_109_9/episode_09_left/frame_000720_left/label_heatmap_merged.png,/Users/huhu/Documents/Code/bishe/vrb/vrbreproduction/outputs/e13_engineered_homography_100subaction/experiments/E13/pipeline_outputs/subaction_09_P01_109_9/episode_09_left/frame_000720_left/label_heatmap_merged_overlay.png,/Users/huhu/Documents/Code/bishe/vrb/vrbreproduction/outputs/e13_engineered_homography_100subaction/experiments/E13/pipeline_outputs/subaction_09_P01_109_9/episode_09_left/frame_000720_left/vrb_style_affordance.png,"(256, 456)",True,/Users/huhu/Documents/Code/bishe/vrb/vrbreproduction/outputs/e13_engineered_homography_100subaction/experiments/E13/pipeline_outputs/subaction_09_P01_109_9/episode_09_left/frame_000720_left/diagnostics/problem3_ref_full_overlay.png,/Users/huhu/Documents/Code/bishe/vrb/vrbreproduction/outputs/e13_engineered_homography_100subaction/experiments/E13/pipeline_outputs/subaction_09_P01_109_9/episode_09_left/frame_000720_left/diagnostics/problem3_ref_crop.png,21.0,0.6888888888888889,26.0,32.0,1.0089527368545532,SIFT,,9:720:left
E13,E13_engineered_homography_projection,new_contact_episode_early_frames,short_window_pre_contact_nearest_no_contact,9,P01_109_9,P01_109,put down potato,put-down,potato,['potato'],625,752,624,751,20.0,721.0,722.0,left,keep,Cell4_label_heatmap,,,90,719.0,720.0,2.0,2.0,1.0,6,0.0,covariance,5.957777777777778,/Users/huhu/Documents/Code/bishe/vrb/vrbreproduction/outputs/e13_engineered_homography_100subaction/experiments/E13/pipeline_outputs/subaction_09_P01_109_9/episode_09_left/frame_000721_left,short_window_pre_contact,nearest_frame_before_new_contact_episode,False,False,False,False,False,False,False,False,"(176, 106, 326, 256)",0.0384,,0,{},,,,True,720.0,721.0,721.0,1.0,720.0,693.0,719.0,27.0,693.0,719.0,693.0,719.0,60.0,False,693.0,719.0,True,False,True,2.0,11,False,9.0,left,smoothed_contact_0_to_1,True,snapped_to_reference_object_mask,"(217.0000011920929, 98.0, 332.00001096725464, 237.0)",0.7078320384025574,0.9133275808727337,2.765629291534424,"(213.2349090576172, 95.67416381835938, 330.6146545410156, 241.34268188476562)",,61.257782706423,2.0,1.0,2.0,3.5408382415771484,"[0.0, 0.0, 1.5851651430130005, 3.5408382415771484, 0.8363229036331177]","[[252.2224  217.72176]
 [242.38026 220.81764]
 [238.45602 218.35901]
 [256.90976 227.53969]
 [262.8363  234.99434]]","[[252.2224  217.72176]
 [242.38026 220.81764]
 [240.      218.     ]
 [257.      224.     ]
 [262.      235.     ]]",False,record_only,new_contact_episode,new_contact_episode,P01_109_sub009_ep09_left,smoothed_contact_run_start_within_subaction,potato,['potato'],,,,,,,,136,11,693.0,/Users/huhu/Documents/Code/bishe/vrb/vrbreproduction/outputs/e13_engineered_homography_100subaction/experiments/E13/pipeline_outputs/subaction_09_P01_109_9/episode_09_left/frame_000721_left/reference_frame.png,/Users/huhu/Documents/Code/bishe/vrb/vrbreproduction/outputs/e13_engineered_homography_100subaction/experiments/E13/pipeline_outputs/subaction_09_P01_109_9/episode_09_left/frame_000721_left/contact_frame.png,/Users/huhu/Documents/Code/bishe/vrb/vrbreproduction/outputs/e13_engineered_homography_100subaction/experiments/E13/pipeline_outputs/subaction_09_P01_109_9/episode_09_left/frame_000721_left/contact_overlay.png,/Users/huhu/Documents/Code/bishe/vrb/vrbreproduction/outputs/e13_engineered_homography_100subaction/experiments/E13/pipeline_outputs/subaction_09_P01_109_9/episode_09_left/frame_000721_left/projection_overlay_raw_vs_snapped.png,/Users/huhu/Documents/Code/bishe/vrb/vrbreproduction/outputs/e13_engineered_homography_100subaction/experiments/E13/pipeline_outputs/subaction_09_P01_109_9/episode_09_left/frame_000721_left/homography_matches.png,/Users/huhu/Documents/Code/bishe/vrb/vrbreproduction/outputs/e13_engineered_homography_100subaction/experiments/E13/pipeline_outputs/subaction_09_P01_109_9/episode_09_left/frame_000721_left/label_heatmap_merged.npy,/Users/huhu/Documents/Code/bishe/vrb/vrbreproduction/outputs/e13_engineered_homography_100subaction/experiments/E13/pipeline_outputs/subaction_09_P01_109_9/episode_09_left/frame_000721_left/label_heatmap_merged.png,/Users/huhu/Documents/Code/bishe/vrb/vrbreproduction/outputs/e13_engineered_homography_100subaction/experiments/E13/pipeline_outputs/subaction_09_P01_109_9/episode_09_left/frame_000721_left/label_heatmap_merged_overlay.png,/Users/huhu/Documents/Code/bishe/vrb/vrbreproduction/outputs/e13_engineered_homography_100subaction/experiments/E13/pipeline_outputs/subaction_09_P01_109_9/episode_09_left/frame_000721_left/vrb_style_affordance.png,"(256, 456)",True,/Users/huhu/Documents/Code/bishe/vrb/vrbreproduction/outputs/e13_engineered_homography_100subaction/experiments/E13/pipeline_outputs/subaction_09_P01_109_9/episode_09_left/frame_000721_left/diagnostics/problem3_ref_full_overlay.png,/Users/huhu/Documents/Code/bishe/vrb/vrbreproduction/outputs/e13_engineered_homography_100subaction/experiments/E13/pipeline_outputs/subaction_09_P01_109_9/episode_09_left/frame_000721_left/diagnostics/problem3_ref_crop.png,27.0,0.6888888888888889,26.0,32.0,1.0089527368545532,SIFT,,9:721:left
E13,E13_engineered_homography_projection,new_contact_episode_early_frames,short_window_pre_contact_nearest_no_contact,9,P01_109_9,P01_109,put down potato,put-down,potato,['potato'],625,752,624,751,21.0,734.0,735.0,left,keep,Cell4_label_heatmap,,,41,733.0,734.0,1.0,1.0,1.0,6,0.0,covariance,5.571904761904762,/Users/huhu/Documents/Code/bishe/vrb/vrbreproduction/outputs/e13_engineered_homography_100subaction/experiments/E13/pipeline_outputs/subaction_09_P01_109_9/episode_10_left/frame_000734_left,short_window_pre_contact,nearest_frame_before_new_contact_episode,False,False,False,False,False,False,False,False,"(153, 106, 303, 256)",0.2088888888888889,,0,{},,,,True,734.0,735.0,770.0,0.0,734.0,722.0,733.0,12.0,722.0,733.0,722.0,733.0,60.0,False,722.0,733.0,True,True,True,37.0,11,True,10.0,left,smoothed_contact_0_to_1,True,snapped_to_reference_object_mask,"(186.99999332427979, 79.0, 279.9999918937683, 199.0)",0.9340853095054626,0.8397748130231262,6.037882328033447,"(186.08822631835938, 80.31129455566406, 275.8272399902344, 186.7355499267578)",,43.024490763393175,2.0,1.0,2.0,2.115830898284912,"[0.0, 1.90273118019104, 0.0, 0.9404273629188538, 2.115830898284912]","[[224.04694 178.54454]
 [231.97318 182.09746]
 [230.28163 178.03432]
 [221.27354 183.89977]
 [228.90529 185.2982 ]]","[[224.04694 178.54454]
 [232.      184.     ]
 [230.28163 178.03432]
 [221.      183.     ]
 [231.      185.     ]]",False,record_only,new_contact_episode,new_contact_episode,P01_109_sub009_ep10_left,smoothed_contact_run_start_within_subaction,potato,['potato'],,,,,,,,136,11,722.0,/Users/huhu/Documents/Code/bishe/vrb/vrbreproduction/outputs/e13_engineered_homography_100subaction/experiments/E13/pipeline_outputs/subaction_09_P01_109_9/episode_10_left/frame_000734_left/reference_frame.png,/Users/huhu/Documents/Code/bishe/vrb/vrbreproduction/outputs/e13_engineered_homography_100subaction/experiments/E13/pipeline_outputs/subaction_09_P01_109_9/episode_10_left/frame_000734_left/contact_frame.png,/Users/huhu/Documents/Code/bishe/vrb/vrbreproduction/outputs/e13_engineered_homography_100subaction/experiments/E13/pipeline_outputs/subaction_09_P01_109_9/episode_10_left/frame_000734_left/contact_overlay.png,/Users/huhu/Documents/Code/bishe/vrb/vrbreproduction/outputs/e13_engineered_homography_100subaction/experiments/E13/pipeline_outputs/subaction_09_P01_109_9/episode_10_left/frame_000734_left/projection_overlay_raw_vs_snapped.png,/Users/huhu/Documents/Code/bishe/vrb/vrbreproduction/outputs/e13_engineered_homography_100subaction/experiments/E13/pipeline_outputs/subaction_09_P01_109_9/episode_10_left/frame_000734_left/homography_matches.png,/Users/huhu/Documents/Code/bishe/vrb/vrbreproduction/outputs/e13_engineered_homography_100subaction/experiments/E13/pipeline_outputs/subaction_09_P01_109_9/episode_10_left/frame_000734_left/label_heatmap_merged.npy,/Users/huhu/Documents/Code/bishe/vrb/vrbreproduction/outputs/e13_engineered_homography_100subaction/experiments/E13/pipeline_outputs/subaction_09_P01_109_9/episode_10_left/frame_000734_left/label_heatmap_merged.png,/Users/huhu/Documents/Code/bishe/vrb/vrbreproduction/outputs/e13_engineered_homography_100subaction/experiments/E13/pipeline_outputs/subaction_09_P01_109_9/episode_10_left/frame_000734_left/label_heatmap_merged_overlay.png,/Users/huhu/Documents/Code/bishe/vrb/vrbreproduction/outputs/e13_engineered_homography_100subaction/experiments/E13/pipeline_outputs/subaction_09_P01_109_9/episode_10_left/frame_000734_left/vrb_style_affordance.png,"(256, 456)",True,/Users/huhu/Documents/Code/bishe/vrb/vrbreproduction/outputs/e13_engineered_homography_100subaction/experiments/E13/pipeline_outputs/subaction_09_P01_109_9/episode_10_left/frame_000734_left/diagnostics/problem3_ref_full_overlay.png,/Users/huhu/Documents/Code/bishe/vrb/vrbreproduction/outputs/e13_engineered_homography_100subaction/experiments/E13/pipeline_outputs/subaction_09_P01_109_9/episode_10_left/frame_000734_left/diagnostics/problem3_ref_crop.png,21.0,0.8809523809523809,21.0,23.0,1.2653491497039795,SIFT,,9:734:left
E13,E13_engineered_homography_projection,new_contact_episode_early_frames,short_window_pre_contact_nearest_no_contact,9,P01_109_9,P01_109,put down potato,put-down,potato,['potato'],625,752,624,751,22.0,735.0,736.0,left,keep,Cell4_label_heatmap,,,79,733.0,734.0,2.0,2.0,1.0,6,0.0,covariance,5.905454545454545,/Users/huhu/Documents/Code/bishe/vrb/vrbreproduction/outputs/e13_engineered_homography_100subaction/experiments/E13/pipeline_outputs/subaction_09_P01_109_9/episode_10_left/frame_000735_left,short_window_pre_contact,nearest_frame_before_new_contact_episode,False,False,False,False,False,False,False,False,"(154, 106, 304, 256)",0.212,,0,{},,,,True,734.0,735.0,770.0,1.0,734.0,722.0,733.0,12.0,722.0,733.0,722.0,733.0,60.0,False,722.0,733.0,True,False,True,37.0,11,False,10.0,left,smoothed_contact_0_to_1,True,snapped_to_reference_object_mask,"(186.99999332427979, 79.0, 279.9999918937683, 199.0)",0.9340853095054626,0.8358056428118756,5.4498372077941895,"(182.12796020507812, 81.36582946777344, 274.56890869140625, 193.07772827148438)",,48.77028005594223,2.0,1.0,2.0,3.8083322048187256,"[3.8083322048187256, 1.0276544094085693, 0.0, 1.025771975517273, 0.0]","[[227.0995  185.5321 ]
 [233.58527 190.84471]
 [226.04872 179.45653]
 [216.32526 191.97284]
 [240.1993  189.83722]]","[[230.      188.     ]
 [233.      190.     ]
 [226.04872 179.45653]
 [216.      191.     ]
 [240.1993  189.83722]]",False,record_only,new_contact_episode,new_contact_episode,P01_109_sub009_ep10_left,smoothed_contact_run_start_within_subaction,potato,['potato'],,,,,,,,136,11,722.0,/Users/huhu/Documents/Code/bishe/vrb/vrbreproduction/outputs/e13_engineered_homography_100subaction/experiments/E13/pipeline_outputs/subaction_09_P01_109_9/episode_10_left/frame_000735_left/reference_frame.png,/Users/huhu/Documents/Code/bishe/vrb/vrbreproduction/outputs/e13_engineered_homography_100subaction/experiments/E13/pipeline_outputs/subaction_09_P01_109_9/episode_10_left/frame_000735_left/contact_frame.png,/Users/huhu/Documents/Code/bishe/vrb/vrbreproduction/outputs/e13_engineered_homography_100subaction/experiments/E13/pipeline_outputs/subaction_09_P01_109_9/episode_10_left/frame_000735_left/contact_overlay.png,/Users/huhu/Documents/Code/bishe/vrb/vrbreproduction/outputs/e13_engineered_homography_100subaction/experiments/E13/pipeline_outputs/subaction_09_P01_109_9/episode_10_left/frame_000735_left/projection_overlay_raw_vs_snapped.png,/Users/huhu/Documents/Code/bishe/vrb/vrbreproduction/outputs/e13_engineered_homography_100subaction/experiments/E13/pipeline_outputs/subaction_09_P01_109_9/episode_10_left/frame_000735_left/homography_matches.png,/Users/huhu/Documents/Code/bishe/vrb/vrbreproduction/outputs/e13_engineered_homography_100subaction/experiments/E13/pipeline_outputs/subaction_09_P01_109_9/episode_10_left/frame_000735_left/label_heatmap_merged.npy,/Users/huhu/Documents/Code/bishe/vrb/vrbreproduction/outputs/e13_engineered_homography_100subaction/experiments/E13/pipeline_outputs/subaction_09_P01_109_9/episode_10_left/frame_000735_left/label_heatmap_merged.png,/Users/huhu/Documents/Code/bishe/vrb/vrbreproduction/outputs/e13_engineered_homography_100subaction/experiments/E13/pipeline_outputs/subaction_09_P01_109_9/episode_10_left/frame_000735_left/label_heatmap_merged_overlay.png,/Users/huhu/Documents/Code/bishe/vrb/vrbreproduction/outputs/e13_engineered_homography_100subaction/experiments/E13/pipeline_outputs/subaction_09_P01_109_9/episode_10_left/frame_000735_left/vrb_style_affordance.png,"(256, 456)",True,/Users/huhu/Documents/Code/bishe/vrb/vrbreproduction/outputs/e13_engineered_homography_100subaction/experiments/E13/pipeline_outputs/subaction_09_P01_109_9/episode_10_left/frame_000735_left/diagnostics/problem3_ref_full_overlay.png,/Users/huhu/Documents/Code/bishe/vrb/vrbreproduction/outputs/e13_engineered_homography_100subaction/experiments/E13/pipeline_outputs/subaction_09_P01_109_9/episode_10_left/frame_000735_left/diagnostics/problem3_ref_crop.png,27.0,0.7727272727272727,17.0,22.0,1.2653491497039795,SIFT,,9:735:left
E13,E13_engineered_homography_projection,new_contact_episode_early_frames,short_window_pre_contact_nearest_no_contact,9,P01_109_9,P01_109,put down potato,put-down,potato,['potato'],625,752,624,751,24.0,734.0,735.0,right,keep,Cell4_label_heatmap,,,144,733.0,734.0,1.0,1.0,1.0,6,0.0,covariance,7.631904761904762,/Users/huhu/Documents/Code/bishe/vrb/vrbreproduction/outputs/e13_engineered_homography_100subaction/experiments/E13/pipeline_outputs/subaction_09_P01_109_9/episode_11_right/frame_000734_right,short_window_pre_contact,nearest_frame_before_new_contact_episode,False,False,False,False,False,False,False,False,"(182, 55, 332, 205)",0.30448888888888886,,0,{},,,,True,734.0,735.0,780.0,0.0,734.0,722.0,733.0,12.0,722.0,733.0,722.0,733.0,60.0,False,722.0,733.0,True,True,True,47.0,11,True,11.0,right,smoothed_contact_0_to_1,True,snapped_to_reference_object_mask,"(186.99999332427979, 79.0, 279.9999918937683, 199.0)",0.9340853095054626,0.8397748130231262,6.037882328033447,"(186.08822631835938, 80.31129455566406, 275.8272399902344, 186.7355499267578)",,25.525649326495962,4.0,1.0,4.0,3.4618020057678223,"[0.0, 0.0, 3.4618020057678223, 0.0, 0.0]","[[251.87907 108.45043]
 [261.59302 167.8664 ]
 [261.25336  98.62801]
 [254.19289 125.6209 ]
 [258.68488 151.25836]]","[[251.87907 108.45043]
 [261.59302 167.8664 ]
 [259.       96.     ]
 [254.19289 125.6209 ]
 [258.68488 151.25836]]",False,record_only,new_contact_episode,new_contact_episode,P01_109_sub009_ep11_right,smoothed_contact_run_start_within_subaction,potato,['potato'],,,,,,,,136,11,722.0,/Users/huhu/Documents/Code/bishe/vrb/vrbreproduction/outputs/e13_engineered_homography_100subaction/experiments/E13/pipeline_outputs/subaction_09_P01_109_9/episode_11_right/frame_000734_right/reference_frame.png,/Users/huhu/Documents/Code/bishe/vrb/vrbreproduction/outputs/e13_engineered_homography_100subaction/experiments/E13/pipeline_outputs/subaction_09_P01_109_9/episode_11_right/frame_000734_right/contact_frame.png,/Users/huhu/Documents/Code/bishe/vrb/vrbreproduction/outputs/e13_engineered_homography_100subaction/experiments/E13/pipeline_outputs/subaction_09_P01_109_9/episode_11_right/frame_000734_right/contact_overlay.png,/Users/huhu/Documents/Code/bishe/vrb/vrbreproduction/outputs/e13_engineered_homography_100subaction/experiments/E13/pipeline_outputs/subaction_09_P01_109_9/episode_11_right/frame_000734_right/projection_overlay_raw_vs_snapped.png,/Users/huhu/Documents/Code/bishe/vrb/vrbreproduction/outputs/e13_engineered_homography_100subaction/experiments/E13/pipeline_outputs/subaction_09_P01_109_9/episode_11_right/frame_000734_right/homography_matches.png,/Users/huhu/Documents/Code/bishe/vrb/vrbreproduction/outputs/e13_engineered_homography_100subaction/experiments/E13/pipeline_outputs/subaction_09_P01_109_9/episode_11_right/frame_000734_right/label_heatmap_merged.npy,/Users/huhu/Documents/Code/bishe/vrb/vrbreproduction/outputs/e13_engineered_homography_100subaction/experiments/E13/pipeline_outputs/subaction_09_P01_109_9/episode_11_right/frame_000734_right/label_heatmap_merged.png,/Users/huhu/Documents/Code/bishe/vrb/vrbreproduction/outputs/e13_engineered_homography_100subaction/experiments/E13/pipeline_outputs/subaction_09_P01_109_9/episode_11_right/frame_000734_right/label_heatmap_merged_overlay.png,/Users/huhu/Documents/Code/bishe/vrb/vrbreproduction/outputs/e13_engineered_homography_100subaction/experiments/E13/pipeline_outputs/subaction_09_P01_109_9/episode_11_right/frame_000734_right/vrb_style_affordance.png,"(256, 456)",True,/Users/huhu/Documents/Code/bishe/vrb/vrbreproduction/outputs/e13_engineered_homography_100subaction/experiments/E13/pipeline_outputs/subaction_09_P01_109_9/episode_11_right/frame_000734_right/diagnostics/problem3_ref_full_overlay.png,/Users/huhu/Documents/Code/bishe/vrb/vrbreproduction/outputs/e13_engineered_homography_100subaction/experiments/E13/pipeline_outputs/subaction_09_P01_109_9/episode_11_right/frame_000734_right/diagnostics/problem3_ref_crop.png,21.0,0.8809523809523809,21.0,23.0,1.2653491497039795,SIFT,,9:734:right
E13,E13_engineered_homography_projection,new_contact_episode_early_frames,short_window_pre_contact_nearest_no_contact,9,P01_109_9,P01_109,put down potato,put-down,potato,['potato'],625,752,624,751,25.0,735.0,736.0,right,keep,Cell4_label_heatmap,,,166,733.0,734.0,2.0,2.0,1.0,6,0.0,covariance,7.6454545454545455,/Users/huhu/Documents/Code/bishe/vrb/vrbreproduction/outputs/e13_engineered_homography_100subaction/experiments/E13/pipeline_outputs/subaction_09_P01_109_9/episode_11_right/frame_000735_right,short_window_pre_contact,nearest_frame_before_new_contact_episode,False,False,False,False,False,False,False,False,"(181, 67, 331, 217)",0.3210222222222222,,0,{},,,,True,734.0,735.0,780.0,1.0,734.0,722.0,733.0,12.0,722.0,733.0,722.0,733.0,60.0,False,722.0,733.0,True,False,True,47.0,11,False,11.0,right,smoothed_contact_0_to_1,True,snapped_to_reference_object_mask,"(186.99999332427979, 79.0, 279.9999918937683, 199.0)",0.9340853095054626,0.8358056428118756,5.4498372077941895,"(182.12796020507812, 81.36582946777344, 274.56890869140625, 193.07772827148438)",,22.76800070566418,4.0,1.0,4.0,4.299142837524414,"[0.0, 0.0, 4.299142837524414, 0.0, 0.0]","[[248.79083 115.95668]
 [262.08023 179.65894]
 [266.20746 108.31086]
 [248.8207  139.17401]
 [255.01567 161.72955]]","[[248.79083 115.95668]
 [262.08023 179.65894]
 [264.      112.     ]
 [248.8207  139.17401]
 [255.01567 161.72955]]",False,record_only,new_contact_episode,new_contact_episode,P01_109_sub009_ep11_right,smoothed_contact_run_start_within_subaction,potato,['potato'],,,,,,,,136,11,722.0,/Users/huhu/Documents/Code/bishe/vrb/vrbreproduction/outputs/e13_engineered_homography_100subaction/experiments/E13/pipeline_outputs/subaction_09_P01_109_9/episode_11_right/frame_000735_right/reference_frame.png,/Users/huhu/Documents/Code/bishe/vrb/vrbreproduction/outputs/e13_engineered_homography_100subaction/experiments/E13/pipeline_outputs/subaction_09_P01_109_9/episode_11_right/frame_000735_right/contact_frame.png,/Users/huhu/Documents/Code/bishe/vrb/vrbreproduction/outputs/e13_engineered_homography_100subaction/experiments/E13/pipeline_outputs/subaction_09_P01_109_9/episode_11_right/frame_000735_right/contact_overlay.png,/Users/huhu/Documents/Code/bishe/vrb/vrbreproduction/outputs/e13_engineered_homography_100subaction/experiments/E13/pipeline_outputs/subaction_09_P01_109_9/episode_11_right/frame_000735_right/projection_overlay_raw_vs_snapped.png,/Users/huhu/Documents/Code/bishe/vrb/vrbreproduction/outputs/e13_engineered_homography_100subaction/experiments/E13/pipeline_outputs/subaction_09_P01_109_9/episode_11_right/frame_000735_right/homography_matches.png,/Users/huhu/Documents/Code/bishe/vrb/vrbreproduction/outputs/e13_engineered_homography_100subaction/experiments/E13/pipeline_outputs/subaction_09_P01_109_9/episode_11_right/frame_000735_right/label_heatmap_merged.npy,/Users/huhu/Documents/Code/bishe/vrb/vrbreproduction/outputs/e13_engineered_homography_100subaction/experiments/E13/pipeline_outputs/subaction_09_P01_109_9/episode_11_right/frame_000735_right/label_heatmap_merged.png,/Users/huhu/Documents/Code/bishe/vrb/vrbreproduction/outputs/e13_engineered_homography_100subaction/experiments/E13/pipeline_outputs/subaction_09_P01_109_9/episode_11_right/frame_000735_right/label_heatmap_merged_overlay.png,/Users/huhu/Documents/Code/bishe/vrb/vrbreproduction/outputs/e13_engineered_homography_100subaction/experiments/E13/pipeline_outputs/subaction_09_P01_109_9/episode_11_right/frame_000735_right/vrb_style_affordance.png,"(256, 456)",True,/Users/huhu/Documents/Code/bishe/vrb/vrbreproduction/outputs/e13_engineered_homography_100subaction/experiments/E13/pipeline_outputs/subaction_09_P01_109_9/episode_11_right/frame_000735_right/diagnostics/problem3_ref_full_overlay.png,/Users/huhu/Documents/Code/bishe/vrb/vrbreproduction/outputs/e13_engineered_homography_100subaction/experiments/E13/pipeline_outputs/subaction_09_P01_109_9/episode_11_right/frame_000735_right/diagnostics/problem3_ref_crop.png,27.0,0.7727272727272727,17.0,22.0,1.2653491497039795,SIFT,,9:735:right
E13,E13_engineered_homography_projection,new_contact_episode_early_frames,short_window_pre_contact_nearest_no_contact,13,P01_109_13,P01_109,put beer into drawer,put-into,beer,"['beer', 'drawer']",1139,1353,1138,1352,10.0,1259.0,1260.0,right,keep,Cell4_label_heatmap,,,139,1257.0,1258.0,2.0,2.0,1.0,6,0.0,covariance,7.341512605042017,/Users/huhu/Documents/Code/bishe/vrb/vrbreproduction/outputs/e13_engineered_homography_100subaction/experiments/E13/pipeline_outputs/subaction_13_P01_109_13/episode_04_right/frame_001259_right,short_window_pre_contact,nearest_frame_before_new_contact_episode,False,False,False,False,False,False,False,False,"(253, 106, 403, 256)",0.0,,0,{},,,,True,1258.0,1259.0,1265.0,1.0,1258.0,1256.0,1257.0,2.0,1256.0,1257.0,1256.0,1257.0,60.0,False,1256.0,1257.0,True,False,True,8.0,14,False,4.0,right,smoothed_contact_0_to_1,True,snapped_to_reference_object_mask,"(312.0000057220459, 122.0, 384.9999990463257, 253.0)",0.7846636772155762,0.9772896927017881,0.6138187646865845,"(311.69232177734375, 122.4192886352539, 385.2206115722656, 251.3561553955078)",,49.84718143516934,5.0,1.0,5.0,0.0,"[0.0, 0.0, 0.0, 0.0, 0.0]","[[323.10477 235.17152]
 [343.13892 247.57567]
 [322.55978 215.35603]
 [333.27933 242.38338]
 [319.90533 225.08337]]","[[323.10477 235.17152]
 [343.13892 247.57567]
 [322.55978 215.35603]
 [333.27933 242.38338]
 [319.90533 225.08337]]",True,record_only,new_contact_episode,new_contact_episode,P01_109_sub013_ep04_right,smoothed_contact_run_start_within_subaction,beer,"['beer', 'drawer']",,,,,,,,278,14,1256.0,/Users/huhu/Documents/Code/bishe/vrb/vrbreproduction/outputs/e13_engineered_homography_100subaction/experiments/E13/pipeline_outputs/subaction_13_P01_109_13/episode_04_right/frame_001259_right/reference_frame.png,/Users/huhu/Documents/Code/bishe/vrb/vrbreproduction/outputs/e13_engineered_homography_100subaction/experiments/E13/pipeline_outputs/subaction_13_P01_109_13/episode_04_right/frame_001259_right/contact_frame.png,/Users/huhu/Documents/Code/bishe/vrb/vrbreproduction/outputs/e13_engineered_homography_100subaction/experiments/E13/pipeline_outputs/subaction_13_P01_109_13/episode_04_right/frame_001259_right/contact_overlay.png,/Users/huhu/Documents/Code/bishe/vrb/vrbreproduction/outputs/e13_engineered_homography_100subaction/experiments/E13/pipeline_outputs/subaction_13_P01_109_13/episode_04_right/frame_001259_right/projection_overlay_raw_vs_snapped.png,/Users/huhu/Documents/Code/bishe/vrb/vrbreproduction/outputs/e13_engineered_homography_100subaction/experiments/E13/pipeline_outputs/subaction_13_P01_109_13/episode_04_right/frame_001259_right/homography_matches.png,/Users/huhu/Documents/Code/bishe/vrb/vrbreproduction/outputs/e13_engineered_homography_100subaction/experiments/E13/pipeline_outputs/subaction_13_P01_109_13/episode_04_right/frame_001259_right/label_heatmap_merged.npy,/Users/huhu/Documents/Code/bishe/vrb/vrbreproduction/outputs/e13_engineered_homography_100subaction/experiments/E13/pipeline_outputs/subaction_13_P01_109_13/episode_04_right/frame_001259_right/label_heatmap_merged.png,/Users/huhu/Documents/Code/bishe/vrb/vrbreproduction/outputs/e13_engineered_homography_100subaction/experiments/E13/pipeline_outputs/subaction_13_P01_109_13/episode_04_right/frame_001259_right/label_heatmap_merged_overlay.png,/Users/huhu/Documents/Code/bishe/vrb/vrbreproduction/outputs/e13_engineered_homography_100subaction/experiments/E13/pipeline_outputs/subaction_13_P01_109_13/episode_04_right/frame_001259_right/vrb_style_affordance.png,"(256, 456)",True,/Users/huhu/Documents/Code/bishe/vrb/vrbreproduction/outputs/e13_engineered_homography_100subaction/experiments/E13/pipeline_outputs/subaction_13_P01_109_13/episode_04_right/frame_001259_right/diagnostics/problem3_ref_full_overlay.png,/Users/huhu/Documents/Code/bishe/vrb/vrbreproduction/outputs/e13_engineered_homography_100subaction/experiments/E13/pipeline_outputs/subaction_13_P01_109_13/episode_04_right/frame_001259_right/diagnostics/problem3_ref_crop.png,27.0,0.8907563025210085,81.0,88.0,0.5852839946746826,SIFT,,13:1259:right
E13,E13_engineered_homography_projection,new_contact_episode_early_frames,short_window_pre_contact_nearest_no_contact,13,P01_109_13,P01_109,put beer into drawer,put-into,beer,"['beer', 'drawer']",1139,1353,1138,1352,18.0,1271.0,1272.0,right,keep,Cell4_label_heatmap,,,172,1270.0,1271.0,1.0,1.0,1.0,6,0.0,covariance,8.280340136054422,/Users/huhu/Documents/Code/bishe/vrb/vrbreproduction/outputs/e13_engineered_homography_100subaction/experiments/E13/pipeline_outputs/subaction_13_P01_109_13/episode_07_right/frame_001271_right,short_window_pre_contact,nearest_frame_before_new_contact_episode,False,False,False,False,False,False,False,False,"(268, 106, 418, 256)",0.11822222222222223,,0,{},,,,True,1271.0,1272.0,1334.0,0.0,1271.0,1267.0,1270.0,4.0,1267.0,1270.0,1267.0,1270.0,60.0,False,1267.0,1270.0,True,True,True,64.0,14,True,7.0,right,smoothed_contact_0_to_1,True,snapped_to_reference_object_mask,"(320.9999985694885, 127.0, 378.99999475479126, 251.0)",0.925311267375946,0.8533885209501083,4.071056365966797,"(319.3118896484375, 125.80191040039062, 373.177978515625, 249.0529327392578)",,40.163372476411695,3.0,1.0,3.0,1.3049484491348267,"[0.0, 0.0, 0.0, 1.20223069190979, 1.3049484491348267]","[[329.81415 230.1661 ]
 [369.37372 233.01636]
 [351.61343 219.54044]
 [339.68277 243.15962]
 [322.77692 216.54507]]","[[329.81415 230.1661 ]
 [369.37372 233.01636]
 [351.61343 219.54044]
 [340.      242.     ]
 [324.      217.     ]]",True,record_only,new_contact_episode,new_contact_episode,P01_109_sub013_ep07_right,smoothed_contact_run_start_within_subaction,beer,"['beer', 'drawer']",,,,,,,,278,14,1267.0,/Users/huhu/Documents/Code/bishe/vrb/vrbreproduction/outputs/e13_engineered_homography_100subaction/experiments/E13/pipeline_outputs/subaction_13_P01_109_13/episode_07_right/frame_001271_right/reference_frame.png,/Users/huhu/Documents/Code/bishe/vrb/vrbreproduction/outputs/e13_engineered_homography_100subaction/experiments/E13/pipeline_outputs/subaction_13_P01_109_13/episode_07_right/frame_001271_right/contact_frame.png,/Users/huhu/Documents/Code/bishe/vrb/vrbreproduction/outputs/e13_engineered_homography_100subaction/experiments/E13/pipeline_outputs/subaction_13_P01_109_13/episode_07_right/frame_001271_right/contact_overlay.png,/Users/huhu/Documents/Code/bishe/vrb/vrbreproduction/outputs/e13_engineered_homography_100subaction/experiments/E13/pipeline_outputs/subaction_13_P01_109_13/episode_07_right/frame_001271_right/projection_overlay_raw_vs_snapped.png,/Users/huhu/Documents/Code/bishe/vrb/vrbreproduction/outputs/e13_engineered_homography_100subaction/experiments/E13/pipeline_outputs/subaction_13_P01_109_13/episode_07_right/frame_001271_right/homography_matches.png,/Users/huhu/Documents/Code/bishe/vrb/vrbreproduction/outputs/e13_engineered_homography_100subaction/experiments/E13/pipeline_outputs/subaction_13_P01_109_13/episode_07_right/frame_001271_right/label_heatmap_merged.npy,/Users/huhu/Documents/Code/bishe/vrb/vrbreproduction/outputs/e13_engineered_homography_100subaction/experiments/E13/pipeline_outputs/subaction_13_P01_109_13/episode_07_right/frame_001271_right/label_heatmap_merged.png,/Users/huhu/Documents/Code/bishe/vrb/vrbreproduction/outputs/e13_engineered_homography_100subaction/experiments/E13/pipeline_outputs/subaction_13_P01_109_13/episode_07_right/frame_001271_right/label_heatmap_merged_overlay.png,/Users/huhu/Documents/Code/bishe/vrb/vrbreproduction/outputs/e13_engineered_homography_100subaction/experiments/E13/pipeline_outputs/subaction_13_P01_109_13/episode_07_right/frame_001271_right/vrb_style_affordance.png,"(256, 456)",True,/Users/huhu/Documents/Code/bishe/vrb/vrbreproduction/outputs/e13_engineered_homography_100subaction/experiments/E13/pipeline_outputs/subaction_13_P01_109_13/episode_07_right/frame_001271_right/diagnostics/problem3_ref_full_overlay.png,/Users/huhu/Documents/Code/bishe/vrb/vrbreproduction/outputs/e13_engineered_homography_100subaction/experiments/E13/pipeline_outputs/subaction_13_P01_109_13/episode_07_right/frame_001271_right/diagnostics/problem3_ref_crop.png,21.0,0.9251700680272109,121.0,128.0,0.7738910913467407,SIFT,,13:1271:right
E13,E13_engineered_homography_projection,new_contact_episode_early_frames,short_window_pre_contact_nearest_no_contact,13,P01_109_13,P01_109,put beer into drawer,put-into,beer,"['beer', 'drawer']",1139,1353,1138,1352,19.0,1272.0,1273.0,right,keep,Cell4_label_heatmap,,,167,1270.0,1271.0,2.0,2.0,1.0,6,0.0,covariance,7.970340136054422,/Users/huhu/Documents/Code/bishe/vrb/vrbreproduction/outputs/e13_engineered_homography_100subaction/experiments/E13/pipeline_outputs/subaction_13_P01_109_13/episode_07_right/frame_001272_right,short_window_pre_contact,nearest_frame_before_new_contact_episode,False,False,False,False,False,False,False,False,"(275, 106, 425, 256)",0.11822222222222223,,0,{},,,,True,1271.0,1272.0,1334.0,1.0,1271.0,1267.0,1270.0,4.0,1267.0,1270.0,1267.0,1270.0,60.0,False,1267.0,1270.0,True,False,True,64.0,14,False,7.0,right,smoothed_contact_0_to_1,True,snapped_to_reference_object_mask,"(320.9999985694885, 127.0, 378.99999475479126, 251.0)",0.925311267375946,0.7322330623287958,9.40841293334961,"(317.267822265625, 115.87647247314453, 371.16473388671875, 247.28211975097656)",,36.56296952151222,5.0,1.0,5.0,0.0,"[0.0, 0.0, 0.0, 0.0, 0.0]","[[325.5588  217.23676]
 [338.9842  238.01613]
 [369.059   208.3268 ]
 [346.84564 222.9768 ]
 [367.1336  241.24234]]","[[325.5588  217.23676]
 [338.9842  238.01613]
 [369.059   208.3268 ]
 [346.84564 222.9768 ]
 [367.1336  241.24234]]",True,record_only,new_contact_episode,new_contact_episode,P01_109_sub013_ep07_right,smoothed_contact_run_start_within_subaction,beer,"['beer', 'drawer']",,,,,,,,278,14,1267.0,/Users/huhu/Documents/Code/bishe/vrb/vrbreproduction/outputs/e13_engineered_homography_100subaction/experiments/E13/pipeline_outputs/subaction_13_P01_109_13/episode_07_right/frame_001272_right/reference_frame.png,/Users/huhu/Documents/Code/bishe/vrb/vrbreproduction/outputs/e13_engineered_homography_100subaction/experiments/E13/pipeline_outputs/subaction_13_P01_109_13/episode_07_right/frame_001272_right/contact_frame.png,/Users/huhu/Documents/Code/bishe/vrb/vrbreproduction/outputs/e13_engineered_homography_100subaction/experiments/E13/pipeline_outputs/subaction_13_P01_109_13/episode_07_right/frame_001272_right/contact_overlay.png,/Users/huhu/Documents/Code/bishe/vrb/vrbreproduction/outputs/e13_engineered_homography_100subaction/experiments/E13/pipeline_outputs/subaction_13_P01_109_13/episode_07_right/frame_001272_right/projection_overlay_raw_vs_snapped.png,/Users/huhu/Documents/Code/bishe/vrb/vrbreproduction/outputs/e13_engineered_homography_100subaction/experiments/E13/pipeline_outputs/subaction_13_P01_109_13/episode_07_right/frame_001272_right/homography_matches.png,/Users/huhu/Documents/Code/bishe/vrb/vrbreproduction/outputs/e13_engineered_homography_100subaction/experiments/E13/pipeline_outputs/subaction_13_P01_109_13/episode_07_right/frame_001272_right/label_heatmap_merged.npy,/Users/huhu/Documents/Code/bishe/vrb/vrbreproduction/outputs/e13_engineered_homography_100subaction/experiments/E13/pipeline_outputs/subaction_13_P01_109_13/episode_07_right/frame_001272_right/label_heatmap_merged.png,/Users/huhu/Documents/Code/bishe/vrb/vrbreproduction/outputs/e13_engineered_homography_100subaction/experiments/E13/pipeline_outputs/subaction_13_P01_109_13/episode_07_right/frame_001272_right/label_heatmap_merged_overlay.png,/Users/huhu/Documents/Code/bishe/vrb/vrbreproduction/outputs/e13_engineered_homography_100subaction/experiments/E13/pipeline_outputs/subaction_13_P01_109_13/episode_07_right/frame_001272_right/vrb_style_affordance.png,"(256, 456)",True,/Users/huhu/Documents/Code/bishe/vrb/vrbreproduction/outputs/e13_engineered_homography_100subaction/experiments/E13/pipeline_outputs/subaction_13_P01_109_13/episode_07_right/frame_001272_right/diagnostics/problem3_ref_full_overlay.png,/Users/huhu/Documents/Code/bishe/vrb/vrbreproduction/outputs/e13_engineered_homography_100subaction/experiments/E13/pipeline_outputs/subaction_13_P01_109_13/episode_07_right/frame_001272_right/diagnostics/problem3_ref_crop.png,27.0,0.9251700680272109,121.0,128.0,0.7738910913467407,SIFT,,13:1272:right
E13,E13_engineered_homography_projection,new_contact_episode_early_frames,short_window_pre_contact_nearest_no_contact,13,P01_109_13,P01_109,put beer into drawer,put-into,beer,"['beer', 'drawer']",1139,1353,1138,1352,20.0,1273.0,1274.0,right,keep,Cell4_label_heatmap,,,189,1270.0,1271.0,3.0,3.0,1.0,6,0.0,covariance,8.200340136054422,/Users/huhu/Documents/Code/bishe/vrb/vrbreproduction/outputs/e13_engineered_homography_100subaction/experiments/E13/pipeline_outputs/subaction_13_P01_109_13/episode_07_right/frame_001273_right,short_window_pre_contact,nearest_frame_before_new_contact_episode,False,False,False,False,False,False,False,False,"(266, 106, 416, 256)",0.11822222222222223,,0,{},,,,True,1271.0,1272.0,1334.0,2.0,1271.0,1267.0,1270.0,4.0,1267.0,1270.0,1267.0,1270.0,60.0,False,1267.0,1270.0,True,False,True,64.0,14,False,7.0,right,smoothed_contact_0_to_1,True,snapped_to_reference_object_mask,"(320.9999985694885, 127.0, 378.99999475479126, 251.0)",0.925311267375946,0.6641796079869804,12.789389610290527,"(314.1290283203125, 111.7909927368164, 370.6252136230469, 245.6702117919922)",,37.403920042115566,4.0,1.0,4.0,2.6716787815093994,"[0.0, 0.0, 2.6716787815093994, 0.0, 0.0]","[[346.44968 220.33871]
 [341.6129  238.03244]
 [322.3296  208.08232]
 [363.00507 238.51027]
 [330.04584 221.16823]]","[[346.44968 220.33871]
 [341.6129  238.03244]
 [325.      208.     ]
 [363.00507 238.51027]
 [330.04584 221.16823]]",True,record_only,new_contact_episode,new_contact_episode,P01_109_sub013_ep07_right,smoothed_contact_run_start_within_subaction,beer,"['beer', 'drawer']",,,,,,,,278,14,1267.0,/Users/huhu/Documents/Code/bishe/vrb/vrbreproduction/outputs/e13_engineered_homography_100subaction/experiments/E13/pipeline_outputs/subaction_13_P01_109_13/episode_07_right/frame_001273_right/reference_frame.png,/Users/huhu/Documents/Code/bishe/vrb/vrbreproduction/outputs/e13_engineered_homography_100subaction/experiments/E13/pipeline_outputs/subaction_13_P01_109_13/episode_07_right/frame_001273_right/contact_frame.png,/Users/huhu/Documents/Code/bishe/vrb/vrbreproduction/outputs/e13_engineered_homography_100subaction/experiments/E13/pipeline_outputs/subaction_13_P01_109_13/episode_07_right/frame_001273_right/contact_overlay.png,/Users/huhu/Documents/Code/bishe/vrb/vrbreproduction/outputs/e13_engineered_homography_100subaction/experiments/E13/pipeline_outputs/subaction_13_P01_109_13/episode_07_right/frame_001273_right/projection_overlay_raw_vs_snapped.png,/Users/huhu/Documents/Code/bishe/vrb/vrbreproduction/outputs/e13_engineered_homography_100subaction/experiments/E13/pipeline_outputs/subaction_13_P01_109_13/episode_07_right/frame_001273_right/homography_matches.png,/Users/huhu/Documents/Code/bishe/vrb/vrbreproduction/outputs/e13_engineered_homography_100subaction/experiments/E13/pipeline_outputs/subaction_13_P01_109_13/episode_07_right/frame_001273_right/label_heatmap_merged.npy,/Users/huhu/Documents/Code/bishe/vrb/vrbreproduction/outputs/e13_engineered_homography_100subaction/experiments/E13/pipeline_outputs/subaction_13_P01_109_13/episode_07_right/frame_001273_right/label_heatmap_merged.png,/Users/huhu/Documents/Code/bishe/vrb/vrbreproduction/outputs/e13_engineered_homography_100subaction/experiments/E13/pipeline_outputs/subaction_13_P01_109_13/episode_07_right/frame_001273_right/label_heatmap_merged_overlay.png,/Users/huhu/Documents/Code/bishe/vrb/vrbreproduction/outputs/e13_engineered_homography_100subaction/experiments/E13/pipeline_outputs/subaction_13_P01_109_13/episode_07_right/frame_001273_right/vrb_style_affordance.png,"(256, 456)",True,/Users/huhu/Documents/Code/bishe/vrb/vrbreproduction/outputs/e13_engineered_homography_100subaction/experiments/E13/pipeline_outputs/subaction_13_P01_109_13/episode_07_right/frame_001273_right/diagnostics/problem3_ref_full_overlay.png,/Users/huhu/Documents/Code/bishe/vrb/vrbreproduction/outputs/e13_engineered_homography_100subaction/experiments/E13/pipeline_outputs/subaction_13_P01_109_13/episode_07_right/frame_001273_right/diagnostics/problem3_ref_crop.png,33.0,0.9251700680272109,121.0,128.0,0.7738910913467407,SIFT,,13:1273:right
E13,E13_engineered_homography_projection,new_contact_episode_early_frames,short_window_pre_contact_nearest_no_contact,13,P01_109_13,P01_109,put beer into drawer,put-into,beer,"['beer', 'drawer']",1139,1353,1138,1352,30.0,1345.0,1346.0,left,keep,Cell4_label_heatmap,,,101,1344.0,1345.0,1.0,1.0,1.0,6,0.0,covariance,6.7774418604651165,/Users/huhu/Documents/Code/bishe/vrb/vrbreproduction/outputs/e13_engineered_homography_100subaction/experiments/E13/pipeline_outputs/subaction_13_P01_109_13/episode_12_left/frame_001345_left,short_window_pre_contact,nearest_frame_before_new_contact_episode,False,False,False,False,False,False,False,False,"(181, 81, 331, 231)",0.2916,,0,{},,,,True,1345.0,1346.0,1352.0,0.0,1345.0,1343.0,1344.0,2.0,1343.0,1344.0,1343.0,1344.0,60.0,False,1343.0,1344.0,True,True,True,8.0,14,True,12.0,left,smoothed_contact_0_to_1,True,snapped_to_reference_object_mask,"(43.99999862909317, 4.0, 306.9999976158142, 191.0)",0.6862454414367676,0.3909511643399047,84.6446762084961,"(187.45108032226562, 1.4823520183563232, 332.3501892089844, 180.67185974121094)",,100.59766216546407,1.0,1.0,1.0,7.190846920013428,"[7.190846920013428, 0.0, 0.5501166582107544, 0.6785649061203003, 0.9829129576683044]","[[270.95007 153.1278 ]
 [235.4552  161.0818 ]
 [259.52646 157.84041]
 [252.71742 162.61693]
 [261.9355  153.69836]]","[[270.     146.    ]
 [235.4552 161.0818]
 [259.     158.    ]
 [253.     162.    ]
 [261.     154.    ]]",True,record_only,new_contact_episode,new_contact_episode,P01_109_sub013_ep12_left,smoothed_contact_run_start_within_subaction,beer,"['beer', 'drawer']",,,,,,,,278,14,1343.0,/Users/huhu/Documents/Code/bishe/vrb/vrbreproduction/outputs/e13_engineered_homography_100subaction/experiments/E13/pipeline_outputs/subaction_13_P01_109_13/episode_12_left/frame_001345_left/reference_frame.png,/Users/huhu/Documents/Code/bishe/vrb/vrbreproduction/outputs/e13_engineered_homography_100subaction/experiments/E13/pipeline_outputs/subaction_13_P01_109_13/episode_12_left/frame_001345_left/contact_frame.png,/Users/huhu/Documents/Code/bishe/vrb/vrbreproduction/outputs/e13_engineered_homography_100subaction/experiments/E13/pipeline_outputs/subaction_13_P01_109_13/episode_12_left/frame_001345_left/contact_overlay.png,/Users/huhu/Documents/Code/bishe/vrb/vrbreproduction/outputs/e13_engineered_homography_100subaction/experiments/E13/pipeline_outputs/subaction_13_P01_109_13/episode_12_left/frame_001345_left/projection_overlay_raw_vs_snapped.png,/Users/huhu/Documents/Code/bishe/vrb/vrbreproduction/outputs/e13_engineered_homography_100subaction/experiments/E13/pipeline_outputs/subaction_13_P01_109_13/episode_12_left/frame_001345_left/homography_matches.png,/Users/huhu/Documents/Code/bishe/vrb/vrbreproduction/outputs/e13_engineered_homography_100subaction/experiments/E13/pipeline_outputs/subaction_13_P01_109_13/episode_12_left/frame_001345_left/label_heatmap_merged.npy,/Users/huhu/Documents/Code/bishe/vrb/vrbreproduction/outputs/e13_engineered_homography_100subaction/experiments/E13/pipeline_outputs/subaction_13_P01_109_13/episode_12_left/frame_001345_left/label_heatmap_merged.png,/Users/huhu/Documents/Code/bishe/vrb/vrbreproduction/outputs/e13_engineered_homography_100subaction/experiments/E13/pipeline_outputs/subaction_13_P01_109_13/episode_12_left/frame_001345_left/label_heatmap_merged_overlay.png,/Users/huhu/Documents/Code/bishe/vrb/vrbreproduction/outputs/e13_engineered_homography_100subaction/experiments/E13/pipeline_outputs/subaction_13_P01_109_13/episode_12_left/frame_001345_left/vrb_style_affordance.png,"(256, 456)",True,/Users/huhu/Documents/Code/bishe/vrb/vrbreproduction/outputs/e13_engineered_homography_100subaction/experiments/E13/pipeline_outputs/subaction_13_P01_109_13/episode_12_left/frame_001345_left/diagnostics/problem3_ref_full_overlay.png,/Users/huhu/Documents/Code/bishe/vrb/vrbreproduction/outputs/e13_engineered_homography_100subaction/experiments/E13/pipeline_outputs/subaction_13_P01_109_13/episode_12_left/frame_001345_left/diagnostics/problem3_ref_crop.png,21.0,0.8837209302325582,34.0,38.0,0.7070407867431641,SIFT,,13:1345:left
E13,E13_engineered_homography_projection,new_contact_episode_early_frames,short_window_pre_contact_nearest_no_contact,13,P01_109_13,P01_109,put beer into drawer,put-into,beer,"['beer', 'drawer']",1139,1353,1138,1352,31.0,1346.0,1347.0,left,keep,Cell4_label_heatmap,,,84,1344.0,1345.0,2.0,2.0,1.0,6,0.0,covariance,6.227441860465117,/Users/huhu/Documents/Code/bishe/vrb/vrbreproduction/outputs/e13_engineered_homography_100subaction/experiments/E13/pipeline_outputs/subaction_13_P01_109_13/episode_12_left/frame_001346_left,short_window_pre_contact,nearest_frame_before_new_contact_episode,False,False,False,False,False,False,False,False,"(183, 80, 333, 230)",0.298,,0,{},,,,True,1345.0,1346.0,1352.0,1.0,1345.0,1343.0,1344.0,2.0,1343.0,1344.0,1343.0,1344.0,60.0,False,1343.0,1344.0,True,False,True,8.0,14,False,12.0,left,smoothed_contact_0_to_1,True,snapped_to_reference_object_mask,"(43.99999862909317, 4.0, 306.9999976158142, 191.0)",0.6862454414367676,0.4793540092880992,73.8440170288086,"(160.75714111328125, 1.7491306066513062, 337.7412414550781, 200.7329559326172)",,103.46703851991784,1.0,1.0,1.0,9.93057918548584,"[0.0, 9.93057918548584, 1.9215576648712158, 1.1285148859024048, 1.6892086267471313]","[[240.08939 162.57011]
 [273.81454 155.16873]
 [268.6845  147.92456]
 [256.77347 161.82176]
 [260.17722 159.21144]]","[[240.08939 162.57011]
 [270.      146.     ]
 [267.      147.     ]
 [256.      161.     ]
 [259.      158.     ]]",True,record_only,new_contact_episode,new_contact_episode,P01_109_sub013_ep12_left,smoothed_contact_run_start_within_subaction,beer,"['beer', 'drawer']",,,,,,,,278,14,1343.0,/Users/huhu/Documents/Code/bishe/vrb/vrbreproduction/outputs/e13_engineered_homography_100subaction/experiments/E13/pipeline_outputs/subaction_13_P01_109_13/episode_12_left/frame_001346_left/reference_frame.png,/Users/huhu/Documents/Code/bishe/vrb/vrbreproduction/outputs/e13_engineered_homography_100subaction/experiments/E13/pipeline_outputs/subaction_13_P01_109_13/episode_12_left/frame_001346_left/contact_frame.png,/Users/huhu/Documents/Code/bishe/vrb/vrbreproduction/outputs/e13_engineered_homography_100subaction/experiments/E13/pipeline_outputs/subaction_13_P01_109_13/episode_12_left/frame_001346_left/contact_overlay.png,/Users/huhu/Documents/Code/bishe/vrb/vrbreproduction/outputs/e13_engineered_homography_100subaction/experiments/E13/pipeline_outputs/subaction_13_P01_109_13/episode_12_left/frame_001346_left/projection_overlay_raw_vs_snapped.png,/Users/huhu/Documents/Code/bishe/vrb/vrbreproduction/outputs/e13_engineered_homography_100subaction/experiments/E13/pipeline_outputs/subaction_13_P01_109_13/episode_12_left/frame_001346_left/homography_matches.png,/Users/huhu/Documents/Code/bishe/vrb/vrbreproduction/outputs/e13_engineered_homography_100subaction/experiments/E13/pipeline_outputs/subaction_13_P01_109_13/episode_12_left/frame_001346_left/label_heatmap_merged.npy,/Users/huhu/Documents/Code/bishe/vrb/vrbreproduction/outputs/e13_engineered_homography_100subaction/experiments/E13/pipeline_outputs/subaction_13_P01_109_13/episode_12_left/frame_001346_left/label_heatmap_merged.png,/Users/huhu/Documents/Code/bishe/vrb/vrbreproduction/outputs/e13_engineered_homography_100subaction/experiments/E13/pipeline_outputs/subaction_13_P01_109_13/episode_12_left/frame_001346_left/label_heatmap_merged_overlay.png,/Users/huhu/Documents/Code/bishe/vrb/vrbreproduction/outputs/e13_engineered_homography_100subaction/experiments/E13/pipeline_outputs/subaction_13_P01_109_13/episode_12_left/frame_001346_left/vrb_style_affordance.png,"(256, 456)",True,/Users/huhu/Documents/Code/bishe/vrb/vrbreproduction/outputs/e13_engineered_homography_100subaction/experiments/E13/pipeline_outputs/subaction_13_P01_109_13/episode_12_left/frame_001346_left/diagnostics/problem3_ref_full_overlay.png,/Users/huhu/Documents/Code/bishe/vrb/vrbreproduction/outputs/e13_engineered_homography_100subaction/experiments/E13/pipeline_outputs/subaction_13_P01_109_13/episode_12_left/frame_001346_left/diagnostics/problem3_ref_crop.png,27.0,0.8837209302325582,34.0,38.0,0.7154364585876465,SIFT,,13:1346:left
E13,E13_engineered_homography_projection,new_contact_episode_early_frames,short_window_pre_contact_nearest_no_contact,13,P01_109_13,P01_109,put beer into drawer,put-into,beer,"['beer', 'drawer']",1139,1353,1138,1352,32.0,1347.0,1348.0,left,keep,Cell4_label_heatmap,,,106,1344.0,1345.0,3.0,3.0,1.0,6,0.0,covariance,6.0125806451612895,/Users/huhu/Documents/Code/bishe/vrb/vrbreproduction/outputs/e13_engineered_homography_100subaction/experiments/E13/pipeline_outputs/subaction_13_P01_109_13/episode_12_left/frame_001347_left,short_window_pre_contact,nearest_frame_before_new_contact_episode,False,False,False,False,False,False,False,False,"(179, 79, 329, 229)",0.2852,,0,{},,,,True,1345.0,1346.0,1352.0,2.0,1345.0,1343.0,1344.0,2.0,1343.0,1344.0,1343.0,1344.0,60.0,False,1343.0,1344.0,True,False,True,8.0,14,False,12.0,left,smoothed_contact_0_to_1,True,snapped_to_reference_object_mask,"(43.99999862909317, 4.0, 306.9999976158142, 191.0)",0.6862454414367676,0.4242210160302241,84.57450103759766,"(178.81883239746094, 0.8334547877311707, 341.328369140625, 193.38926696777344)",,99.6608293080079,2.0,1.0,2.0,8.013072967529297,"[8.013072967529297, 0.0, 0.0, 2.7396514415740967, 3.2361955642700195]","[[274.71936 152.47588]
 [244.96832 162.86511]
 [233.89957 153.03244]
 [261.56677 158.9578 ]
 [265.42795 153.13963]]","[[270.      146.     ]
 [244.96832 162.86511]
 [233.89957 153.03244]
 [259.      158.     ]
 [263.      151.     ]]",True,record_only,new_contact_episode,new_contact_episode,P01_109_sub013_ep12_left,smoothed_contact_run_start_within_subaction,beer,"['beer', 'drawer']",,,,,,,,278,14,1343.0,/Users/huhu/Documents/Code/bishe/vrb/vrbreproduction/outputs/e13_engineered_homography_100subaction/experiments/E13/pipeline_outputs/subaction_13_P01_109_13/episode_12_left/frame_001347_left/reference_frame.png,/Users/huhu/Documents/Code/bishe/vrb/vrbreproduction/outputs/e13_engineered_homography_100subaction/experiments/E13/pipeline_outputs/subaction_13_P01_109_13/episode_12_left/frame_001347_left/contact_frame.png,/Users/huhu/Documents/Code/bishe/vrb/vrbreproduction/outputs/e13_engineered_homography_100subaction/experiments/E13/pipeline_outputs/subaction_13_P01_109_13/episode_12_left/frame_001347_left/contact_overlay.png,/Users/huhu/Documents/Code/bishe/vrb/vrbreproduction/outputs/e13_engineered_homography_100subaction/experiments/E13/pipeline_outputs/subaction_13_P01_109_13/episode_12_left/frame_001347_left/projection_overlay_raw_vs_snapped.png,/Users/huhu/Documents/Code/bishe/vrb/vrbreproduction/outputs/e13_engineered_homography_100subaction/experiments/E13/pipeline_outputs/subaction_13_P01_109_13/episode_12_left/frame_001347_left/homography_matches.png,/Users/huhu/Documents/Code/bishe/vrb/vrbreproduction/outputs/e13_engineered_homography_100subaction/experiments/E13/pipeline_outputs/subaction_13_P01_109_13/episode_12_left/frame_001347_left/label_heatmap_merged.npy,/Users/huhu/Documents/Code/bishe/vrb/vrbreproduction/outputs/e13_engineered_homography_100subaction/experiments/E13/pipeline_outputs/subaction_13_P01_109_13/episode_12_left/frame_001347_left/label_heatmap_merged.png,/Users/huhu/Documents/Code/bishe/vrb/vrbreproduction/outputs/e13_engineered_homography_100subaction/experiments/E13/pipeline_outputs/subaction_13_P01_109_13/episode_12_left/frame_001347_left/label_heatmap_merged_overlay.png,/Users/huhu/Documents/Code/bishe/vrb/vrbreproduction/outputs/e13_engineered_homography_100subaction/experiments/E13/pipeline_outputs/subaction_13_P01_109_13/episode_12_left/frame_001347_left/vrb_style_affordance.png,"(256, 456)",True,/Users/huhu/Documents/Code/bishe/vrb/vrbreproduction/outputs/e13_engineered_homography_100subaction/experiments/E13/pipeline_outputs/subaction_13_P01_109_13/episode_12_left/frame_001347_left/diagnostics/problem3_ref_full_overlay.png,/Users/huhu/Documents/Code/bishe/vrb/vrbreproduction/outputs/e13_engineered_homography_100subaction/experiments/E13/pipeline_outputs/subaction_13_P01_109_13/episode_12_left/frame_001347_left/diagnostics/problem3_ref_crop.png,33.0,0.6612903225806451,34.0,38.0,0.7154364585876465,SIFT,,13:1347:left
E13,E13_engineered_homography_projection,new_contact_episode_early_frames,short_window_pre_contact_nearest_no_contact,14,P01_109_14,P01_109,put beer into drawer,put-into,beer,"['beer', 'drawer']",1230,1283,1229,1282,1.0,1259.0,1260.0,right,keep,Cell4_label_heatmap,,,139,1257.0,1258.0,2.0,2.0,1.0,6,0.0,covariance,7.341512605042017,/Users/huhu/Documents/Code/bishe/vrb/vrbreproduction/outputs/e13_engineered_homography_100subaction/experiments/E13/pipeline_outputs/subaction_14_P01_109_14/episode_01_right/frame_001259_right,short_window_pre_contact,nearest_frame_before_new_contact_episode,False,False,False,False,False,False,False,False,"(253, 106, 403, 256)",0.0,,0,{},,,,True,1258.0,1259.0,1265.0,1.0,1258.0,1256.0,1257.0,2.0,1256.0,1257.0,1256.0,1257.0,60.0,False,1256.0,1257.0,True,False,True,8.0,4,False,1.0,right,smoothed_contact_0_to_1,True,snapped_to_reference_object_mask,"(312.0000057220459, 122.0, 384.9999990463257, 253.0)",0.7846636772155762,0.9772896927017881,0.6138187646865845,"(311.69232177734375, 122.4192886352539, 385.2206115722656, 251.3561553955078)",,49.84718143516934,5.0,1.0,5.0,0.0,"[0.0, 0.0, 0.0, 0.0, 0.0]","[[323.10477 235.17152]
 [343.13892 247.57567]
 [322.55978 215.35603]
 [333.27933 242.38338]
 [319.90533 225.08337]]","[[323.10477 235.17152]
 [343.13892 247.57567]
 [322.55978 215.35603]
 [333.27933 242.38338]
 [319.90533 225.08337]]",True,record_only,new_contact_episode,new_contact_episode,P01_109_sub014_ep01_right,smoothed_contact_run_start_within_subaction,beer,"['beer', 'drawer']",,,,,,,,71,4,1256.0,/Users/huhu/Documents/Code/bishe/vrb/vrbreproduction/outputs/e13_engineered_homography_100subaction/experiments/E13/pipeline_outputs/subaction_14_P01_109_14/episode_01_right/frame_001259_right/reference_frame.png,/Users/huhu/Documents/Code/bishe/vrb/vrbreproduction/outputs/e13_engineered_homography_100subaction/experiments/E13/pipeline_outputs/subaction_14_P01_109_14/episode_01_right/frame_001259_right/contact_frame.png,/Users/huhu/Documents/Code/bishe/vrb/vrbreproduction/outputs/e13_engineered_homography_100subaction/experiments/E13/pipeline_outputs/subaction_14_P01_109_14/episode_01_right/frame_001259_right/contact_overlay.png,/Users/huhu/Documents/Code/bishe/vrb/vrbreproduction/outputs/e13_engineered_homography_100subaction/experiments/E13/pipeline_outputs/subaction_14_P01_109_14/episode_01_right/frame_001259_right/projection_overlay_raw_vs_snapped.png,/Users/huhu/Documents/Code/bishe/vrb/vrbreproduction/outputs/e13_engineered_homography_100subaction/experiments/E13/pipeline_outputs/subaction_14_P01_109_14/episode_01_right/frame_001259_right/homography_matches.png,/Users/huhu/Documents/Code/bishe/vrb/vrbreproduction/outputs/e13_engineered_homography_100subaction/experiments/E13/pipeline_outputs/subaction_14_P01_109_14/episode_01_right/frame_001259_right/label_heatmap_merged.npy,/Users/huhu/Documents/Code/bishe/vrb/vrbreproduction/outputs/e13_engineered_homography_100subaction/experiments/E13/pipeline_outputs/subaction_14_P01_109_14/episode_01_right/frame_001259_right/label_heatmap_merged.png,/Users/huhu/Documents/Code/bishe/vrb/vrbreproduction/outputs/e13_engineered_homography_100subaction/experiments/E13/pipeline_outputs/subaction_14_P01_109_14/episode_01_right/frame_001259_right/label_heatmap_merged_overlay.png,/Users/huhu/Documents/Code/bishe/vrb/vrbreproduction/outputs/e13_engineered_homography_100subaction/experiments/E13/pipeline_outputs/subaction_14_P01_109_14/episode_01_right/frame_001259_right/vrb_style_affordance.png,"(256, 456)",True,/Users/huhu/Documents/Code/bishe/vrb/vrbreproduction/outputs/e13_engineered_homography_100subaction/experiments/E13/pipeline_outputs/subaction_14_P01_109_14/episode_01_right/frame_001259_right/diagnostics/problem3_ref_full_overlay.png,/Users/huhu/Documents/Code/bishe/vrb/vrbreproduction/outputs/e13_engineered_homography_100subaction/experiments/E13/pipeline_outputs/subaction_14_P01_109_14/episode_01_right/frame_001259_right/diagnostics/problem3_ref_crop.png,27.0,0.8907563025210085,81.0,88.0,0.5852839946746826,SIFT,,14:1259:right
E13,E13_engineered_homography_projection,new_contact_episode_early_frames,short_window_pre_contact_nearest_no_contact,14,P01_109_14,P01_109,put beer into drawer,put-into,beer,"['beer', 'drawer']",1230,1283,1229,1282,9.0,1271.0,1272.0,right,keep,Cell4_label_heatmap,,,172,1270.0,1271.0,1.0,1.0,1.0,6,0.0,covariance,8.280340136054422,/Users/huhu/Documents/Code/bishe/vrb/vrbreproduction/outputs/e13_engineered_homography_100subaction/experiments/E13/pipeline_outputs/subaction_14_P01_109_14/episode_04_right/frame_001271_right,short_window_pre_contact,nearest_frame_before_new_contact_episode,False,False,False,False,False,False,False,False,"(268, 106, 418, 256)",0.11822222222222223,,0,{},,,,True,1271.0,1272.0,1334.0,0.0,1271.0,1267.0,1270.0,4.0,1267.0,1270.0,1267.0,1270.0,60.0,False,1267.0,1270.0,True,True,True,64.0,4,True,4.0,right,smoothed_contact_0_to_1,True,snapped_to_reference_object_mask,"(320.9999985694885, 127.0, 378.99999475479126, 251.0)",0.925311267375946,0.8533885209501083,4.071056365966797,"(319.3118896484375, 125.80191040039062, 373.177978515625, 249.0529327392578)",,40.163372476411695,3.0,1.0,3.0,1.3049484491348267,"[0.0, 0.0, 0.0, 1.20223069190979, 1.3049484491348267]","[[329.81415 230.1661 ]
 [369.37372 233.01636]
 [351.61343 219.54044]
 [339.68277 243.15962]
 [322.77692 216.54507]]","[[329.81415 230.1661 ]
 [369.37372 233.01636]
 [351.61343 219.54044]
 [340.      242.     ]
 [324.      217.     ]]",True,record_only,new_contact_episode,new_contact_episode,P01_109_sub014_ep04_right,smoothed_contact_run_start_within_subaction,beer,"['beer', 'drawer']",,,,,,,,71,4,1267.0,/Users/huhu/Documents/Code/bishe/vrb/vrbreproduction/outputs/e13_engineered_homography_100subaction/experiments/E13/pipeline_outputs/subaction_14_P01_109_14/episode_04_right/frame_001271_right/reference_frame.png,/Users/huhu/Documents/Code/bishe/vrb/vrbreproduction/outputs/e13_engineered_homography_100subaction/experiments/E13/pipeline_outputs/subaction_14_P01_109_14/episode_04_right/frame_001271_right/contact_frame.png,/Users/huhu/Documents/Code/bishe/vrb/vrbreproduction/outputs/e13_engineered_homography_100subaction/experiments/E13/pipeline_outputs/subaction_14_P01_109_14/episode_04_right/frame_001271_right/contact_overlay.png,/Users/huhu/Documents/Code/bishe/vrb/vrbreproduction/outputs/e13_engineered_homography_100subaction/experiments/E13/pipeline_outputs/subaction_14_P01_109_14/episode_04_right/frame_001271_right/projection_overlay_raw_vs_snapped.png,/Users/huhu/Documents/Code/bishe/vrb/vrbreproduction/outputs/e13_engineered_homography_100subaction/experiments/E13/pipeline_outputs/subaction_14_P01_109_14/episode_04_right/frame_001271_right/homography_matches.png,/Users/huhu/Documents/Code/bishe/vrb/vrbreproduction/outputs/e13_engineered_homography_100subaction/experiments/E13/pipeline_outputs/subaction_14_P01_109_14/episode_04_right/frame_001271_right/label_heatmap_merged.npy,/Users/huhu/Documents/Code/bishe/vrb/vrbreproduction/outputs/e13_engineered_homography_100subaction/experiments/E13/pipeline_outputs/subaction_14_P01_109_14/episode_04_right/frame_001271_right/label_heatmap_merged.png,/Users/huhu/Documents/Code/bishe/vrb/vrbreproduction/outputs/e13_engineered_homography_100subaction/experiments/E13/pipeline_outputs/subaction_14_P01_109_14/episode_04_right/frame_001271_right/label_heatmap_merged_overlay.png,/Users/huhu/Documents/Code/bishe/vrb/vrbreproduction/outputs/e13_engineered_homography_100subaction/experiments/E13/pipeline_outputs/subaction_14_P01_109_14/episode_04_right/frame_001271_right/vrb_style_affordance.png,"(256, 456)",True,/Users/huhu/Documents/Code/bishe/vrb/vrbreproduction/outputs/e13_engineered_homography_100subaction/experiments/E13/pipeline_outputs/subaction_14_P01_109_14/episode_04_right/frame_001271_right/diagnostics/problem3_ref_full_overlay.png,/Users/huhu/Documents/Code/bishe/vrb/vrbreproduction/outputs/e13_engineered_homography_100subaction/experiments/E13/pipeline_outputs/subaction_14_P01_109_14/episode_04_right/frame_001271_right/diagnostics/problem3_ref_crop.png,21.0,0.9251700680272109,121.0,128.0,0.7738910913467407,SIFT,,14:1271:right
E13,E13_engineered_homography_projection,new_contact_episode_early_frames,short_window_pre_contact_nearest_no_contact,14,P01_109_14,P01_109,put beer into drawer,put-into,beer,"['beer', 'drawer']",1230,1283,1229,1282,10.0,1272.0,1273.0,right,keep,Cell4_label_heatmap,,,167,1270.0,1271.0,2.0,2.0,1.0,6,0.0,covariance,7.970340136054422,/Users/huhu/Documents/Code/bishe/vrb/vrbreproduction/outputs/e13_engineered_homography_100subaction/experiments/E13/pipeline_outputs/subaction_14_P01_109_14/episode_04_right/frame_001272_right,short_window_pre_contact,nearest_frame_before_new_contact_episode,False,False,False,False,False,False,False,False,"(275, 106, 425, 256)",0.11822222222222223,,0,{},,,,True,1271.0,1272.0,1334.0,1.0,1271.0,1267.0,1270.0,4.0,1267.0,1270.0,1267.0,1270.0,60.0,False,1267.0,1270.0,True,False,True,64.0,4,False,4.0,right,smoothed_contact_0_to_1,True,snapped_to_reference_object_mask,"(320.9999985694885, 127.0, 378.99999475479126, 251.0)",0.925311267375946,0.7322330623287958,9.40841293334961,"(317.267822265625, 115.87647247314453, 371.16473388671875, 247.28211975097656)",,36.56296952151222,5.0,1.0,5.0,0.0,"[0.0, 0.0, 0.0, 0.0, 0.0]","[[325.5588  217.23676]
 [338.9842  238.01613]
 [369.059   208.3268 ]
 [346.84564 222.9768 ]
 [367.1336  241.24234]]","[[325.5588  217.23676]
 [338.9842  238.01613]
 [369.059   208.3268 ]
 [346.84564 222.9768 ]
 [367.1336  241.24234]]",True,record_only,new_contact_episode,new_contact_episode,P01_109_sub014_ep04_right,smoothed_contact_run_start_within_subaction,beer,"['beer', 'drawer']",,,,,,,,71,4,1267.0,/Users/huhu/Documents/Code/bishe/vrb/vrbreproduction/outputs/e13_engineered_homography_100subaction/experiments/E13/pipeline_outputs/subaction_14_P01_109_14/episode_04_right/frame_001272_right/reference_frame.png,/Users/huhu/Documents/Code/bishe/vrb/vrbreproduction/outputs/e13_engineered_homography_100subaction/experiments/E13/pipeline_outputs/subaction_14_P01_109_14/episode_04_right/frame_001272_right/contact_frame.png,/Users/huhu/Documents/Code/bishe/vrb/vrbreproduction/outputs/e13_engineered_homography_100subaction/experiments/E13/pipeline_outputs/subaction_14_P01_109_14/episode_04_right/frame_001272_right/contact_overlay.png,/Users/huhu/Documents/Code/bishe/vrb/vrbreproduction/outputs/e13_engineered_homography_100subaction/experiments/E13/pipeline_outputs/subaction_14_P01_109_14/episode_04_right/frame_001272_right/projection_overlay_raw_vs_snapped.png,/Users/huhu/Documents/Code/bishe/vrb/vrbreproduction/outputs/e13_engineered_homography_100subaction/experiments/E13/pipeline_outputs/subaction_14_P01_109_14/episode_04_right/frame_001272_right/homography_matches.png,/Users/huhu/Documents/Code/bishe/vrb/vrbreproduction/outputs/e13_engineered_homography_100subaction/experiments/E13/pipeline_outputs/subaction_14_P01_109_14/episode_04_right/frame_001272_right/label_heatmap_merged.npy,/Users/huhu/Documents/Code/bishe/vrb/vrbreproduction/outputs/e13_engineered_homography_100subaction/experiments/E13/pipeline_outputs/subaction_14_P01_109_14/episode_04_right/frame_001272_right/label_heatmap_merged.png,/Users/huhu/Documents/Code/bishe/vrb/vrbreproduction/outputs/e13_engineered_homography_100subaction/experiments/E13/pipeline_outputs/subaction_14_P01_109_14/episode_04_right/frame_001272_right/label_heatmap_merged_overlay.png,/Users/huhu/Documents/Code/bishe/vrb/vrbreproduction/outputs/e13_engineered_homography_100subaction/experiments/E13/pipeline_outputs/subaction_14_P01_109_14/episode_04_right/frame_001272_right/vrb_style_affordance.png,"(256, 456)",True,/Users/huhu/Documents/Code/bishe/vrb/vrbreproduction/outputs/e13_engineered_homography_100subaction/experiments/E13/pipeline_outputs/subaction_14_P01_109_14/episode_04_right/frame_001272_right/diagnostics/problem3_ref_full_overlay.png,/Users/huhu/Documents/Code/bishe/vrb/vrbreproduction/outputs/e13_engineered_homography_100subaction/experiments/E13/pipeline_outputs/subaction_14_P01_109_14/episode_04_right/frame_001272_right/diagnostics/problem3_ref_crop.png,27.0,0.9251700680272109,121.0,128.0,0.7738910913467407,SIFT,,14:1272:right
E13,E13_engineered_homography_projection,new_contact_episode_early_frames,short_window_pre_contact_nearest_no_contact,14,P01_109_14,P01_109,put beer into drawer,put-into,beer,"['beer', 'drawer']",1230,1283,1229,1282,11.0,1273.0,1274.0,right,keep,Cell4_label_heatmap,,,189,1270.0,1271.0,3.0,3.0,1.0,6,0.0,covariance,8.200340136054422,/Users/huhu/Documents/Code/bishe/vrb/vrbreproduction/outputs/e13_engineered_homography_100subaction/experiments/E13/pipeline_outputs/subaction_14_P01_109_14/episode_04_right/frame_001273_right,short_window_pre_contact,nearest_frame_before_new_contact_episode,False,False,False,False,False,False,False,False,"(266, 106, 416, 256)",0.11822222222222223,,0,{},,,,True,1271.0,1272.0,1334.0,2.0,1271.0,1267.0,1270.0,4.0,1267.0,1270.0,1267.0,1270.0,60.0,False,1267.0,1270.0,True,False,True,64.0,4,False,4.0,right,smoothed_contact_0_to_1,True,snapped_to_reference_object_mask,"(320.9999985694885, 127.0, 378.99999475479126, 251.0)",0.925311267375946,0.6641796079869804,12.789389610290527,"(314.1290283203125, 111.7909927368164, 370.6252136230469, 245.6702117919922)",,37.403920042115566,4.0,1.0,4.0,2.6716787815093994,"[0.0, 0.0, 2.6716787815093994, 0.0, 0.0]","[[346.44968 220.33871]
 [341.6129  238.03244]
 [322.3296  208.08232]
 [363.00507 238.51027]
 [330.04584 221.16823]]","[[346.44968 220.33871]
 [341.6129  238.03244]
 [325.      208.     ]
 [363.00507 238.51027]
 [330.04584 221.16823]]",True,record_only,new_contact_episode,new_contact_episode,P01_109_sub014_ep04_right,smoothed_contact_run_start_within_subaction,beer,"['beer', 'drawer']",,,,,,,,71,4,1267.0,/Users/huhu/Documents/Code/bishe/vrb/vrbreproduction/outputs/e13_engineered_homography_100subaction/experiments/E13/pipeline_outputs/subaction_14_P01_109_14/episode_04_right/frame_001273_right/reference_frame.png,/Users/huhu/Documents/Code/bishe/vrb/vrbreproduction/outputs/e13_engineered_homography_100subaction/experiments/E13/pipeline_outputs/subaction_14_P01_109_14/episode_04_right/frame_001273_right/contact_frame.png,/Users/huhu/Documents/Code/bishe/vrb/vrbreproduction/outputs/e13_engineered_homography_100subaction/experiments/E13/pipeline_outputs/subaction_14_P01_109_14/episode_04_right/frame_001273_right/contact_overlay.png,/Users/huhu/Documents/Code/bishe/vrb/vrbreproduction/outputs/e13_engineered_homography_100subaction/experiments/E13/pipeline_outputs/subaction_14_P01_109_14/episode_04_right/frame_001273_right/projection_overlay_raw_vs_snapped.png,/Users/huhu/Documents/Code/bishe/vrb/vrbreproduction/outputs/e13_engineered_homography_100subaction/experiments/E13/pipeline_outputs/subaction_14_P01_109_14/episode_04_right/frame_001273_right/homography_matches.png,/Users/huhu/Documents/Code/bishe/vrb/vrbreproduction/outputs/e13_engineered_homography_100subaction/experiments/E13/pipeline_outputs/subaction_14_P01_109_14/episode_04_right/frame_001273_right/label_heatmap_merged.npy,/Users/huhu/Documents/Code/bishe/vrb/vrbreproduction/outputs/e13_engineered_homography_100subaction/experiments/E13/pipeline_outputs/subaction_14_P01_109_14/episode_04_right/frame_001273_right/label_heatmap_merged.png,/Users/huhu/Documents/Code/bishe/vrb/vrbreproduction/outputs/e13_engineered_homography_100subaction/experiments/E13/pipeline_outputs/subaction_14_P01_109_14/episode_04_right/frame_001273_right/label_heatmap_merged_overlay.png,/Users/huhu/Documents/Code/bishe/vrb/vrbreproduction/outputs/e13_engineered_homography_100subaction/experiments/E13/pipeline_outputs/subaction_14_P01_109_14/episode_04_right/frame_001273_right/vrb_style_affordance.png,"(256, 456)",True,/Users/huhu/Documents/Code/bishe/vrb/vrbreproduction/outputs/e13_engineered_homography_100subaction/experiments/E13/pipeline_outputs/subaction_14_P01_109_14/episode_04_right/frame_001273_right/diagnostics/problem3_ref_full_overlay.png,/Users/huhu/Documents/Code/bishe/vrb/vrbreproduction/outputs/e13_engineered_homography_100subaction/experiments/E13/pipeline_outputs/subaction_14_P01_109_14/episode_04_right/frame_001273_right/diagnostics/problem3_ref_crop.png,33.0,0.9251700680272109,121.0,128.0,0.7738910913467407,SIFT,,14:1273:right
E13,E13_engineered_homography_projection,new_contact_episode_early_frames,short_window_pre_contact_nearest_no_contact,16,P01_109_16,P01_109,close drawer,close,drawer,['drawer'],1345,1401,1344,1400,0.0,1345.0,1346.0,left,keep,Cell4_label_heatmap,,,101,1344.0,1345.0,1.0,1.0,1.0,6,0.0,covariance,6.7774418604651165,/Users/huhu/Documents/Code/bishe/vrb/vrbreproduction/outputs/e13_engineered_homography_100subaction/experiments/E13/pipeline_outputs/subaction_16_P01_109_16/episode_01_left/frame_001345_left,short_window_pre_contact,nearest_frame_before_new_contact_episode,False,False,False,False,False,False,False,False,"(181, 81, 331, 231)",0.2916,,0,{},,,,True,1345.0,1346.0,1352.0,0.0,1345.0,1343.0,1344.0,2.0,1343.0,1344.0,1343.0,1344.0,60.0,False,1343.0,1344.0,True,True,True,8.0,9,True,1.0,left,smoothed_contact_0_to_1,True,snapped_to_reference_object_mask,"(43.99999862909317, 4.0, 306.9999976158142, 191.0)",0.6862454414367676,0.3909511643399047,84.6446762084961,"(187.45108032226562, 1.4823520183563232, 332.3501892089844, 180.67185974121094)",,100.59766216546407,1.0,1.0,1.0,7.190846920013428,"[7.190846920013428, 0.0, 0.5501166582107544, 0.6785649061203003, 0.9829129576683044]","[[270.95007 153.1278 ]
 [235.4552  161.0818 ]
 [259.52646 157.84041]
 [252.71742 162.61693]
 [261.9355  153.69836]]","[[270.     146.    ]
 [235.4552 161.0818]
 [259.     158.    ]
 [253.     162.    ]
 [261.     154.    ]]",True,record_only,new_contact_episode,new_contact_episode,P01_109_sub016_ep01_left,smoothed_contact_run_start_within_subaction,drawer,['drawer'],,,,,,,,60,9,1343.0,/Users/huhu/Documents/Code/bishe/vrb/vrbreproduction/outputs/e13_engineered_homography_100subaction/experiments/E13/pipeline_outputs/subaction_16_P01_109_16/episode_01_left/frame_001345_left/reference_frame.png,/Users/huhu/Documents/Code/bishe/vrb/vrbreproduction/outputs/e13_engineered_homography_100subaction/experiments/E13/pipeline_outputs/subaction_16_P01_109_16/episode_01_left/frame_001345_left/contact_frame.png,/Users/huhu/Documents/Code/bishe/vrb/vrbreproduction/outputs/e13_engineered_homography_100subaction/experiments/E13/pipeline_outputs/subaction_16_P01_109_16/episode_01_left/frame_001345_left/contact_overlay.png,/Users/huhu/Documents/Code/bishe/vrb/vrbreproduction/outputs/e13_engineered_homography_100subaction/experiments/E13/pipeline_outputs/subaction_16_P01_109_16/episode_01_left/frame_001345_left/projection_overlay_raw_vs_snapped.png,/Users/huhu/Documents/Code/bishe/vrb/vrbreproduction/outputs/e13_engineered_homography_100subaction/experiments/E13/pipeline_outputs/subaction_16_P01_109_16/episode_01_left/frame_001345_left/homography_matches.png,/Users/huhu/Documents/Code/bishe/vrb/vrbreproduction/outputs/e13_engineered_homography_100subaction/experiments/E13/pipeline_outputs/subaction_16_P01_109_16/episode_01_left/frame_001345_left/label_heatmap_merged.npy,/Users/huhu/Documents/Code/bishe/vrb/vrbreproduction/outputs/e13_engineered_homography_100subaction/experiments/E13/pipeline_outputs/subaction_16_P01_109_16/episode_01_left/frame_001345_left/label_heatmap_merged.png,/Users/huhu/Documents/Code/bishe/vrb/vrbreproduction/outputs/e13_engineered_homography_100subaction/experiments/E13/pipeline_outputs/subaction_16_P01_109_16/episode_01_left/frame_001345_left/label_heatmap_merged_overlay.png,/Users/huhu/Documents/Code/bishe/vrb/vrbreproduction/outputs/e13_engineered_homography_100subaction/experiments/E13/pipeline_outputs/subaction_16_P01_109_16/episode_01_left/frame_001345_left/vrb_style_affordance.png,"(256, 456)",True,/Users/huhu/Documents/Code/bishe/vrb/vrbreproduction/outputs/e13_engineered_homography_100subaction/experiments/E13/pipeline_outputs/subaction_16_P01_109_16/episode_01_left/frame_001345_left/diagnostics/problem3_ref_full_overlay.png,/Users/huhu/Documents/Code/bishe/vrb/vrbreproduction/outputs/e13_engineered_homography_100subaction/experiments/E13/pipeline_outputs/subaction_16_P01_109_16/episode_01_left/frame_001345_left/diagnostics/problem3_ref_crop.png,21.0,0.8837209302325582,34.0,38.0,0.7070407867431641,SIFT,,16:1345:left
E13,E13_engineered_homography_projection,new_contact_episode_early_frames,short_window_pre_contact_nearest_no_contact,16,P01_109_16,P01_109,close drawer,close,drawer,['drawer'],1345,1401,1344,1400,1.0,1346.0,1347.0,left,keep,Cell4_label_heatmap,,,84,1344.0,1345.0,2.0,2.0,1.0,6,0.0,covariance,6.227441860465117,/Users/huhu/Documents/Code/bishe/vrb/vrbreproduction/outputs/e13_engineered_homography_100subaction/experiments/E13/pipeline_outputs/subaction_16_P01_109_16/episode_01_left/frame_001346_left,short_window_pre_contact,nearest_frame_before_new_contact_episode,False,False,False,False,False,False,False,False,"(183, 80, 333, 230)",0.298,,0,{},,,,True,1345.0,1346.0,1352.0,1.0,1345.0,1343.0,1344.0,2.0,1343.0,1344.0,1343.0,1344.0,60.0,False,1343.0,1344.0,True,False,True,8.0,9,False,1.0,left,smoothed_contact_0_to_1,True,snapped_to_reference_object_mask,"(43.99999862909317, 4.0, 306.9999976158142, 191.0)",0.6862454414367676,0.4793540092880992,73.8440170288086,"(160.75714111328125, 1.7491306066513062, 337.7412414550781, 200.7329559326172)",,103.46703851991784,1.0,1.0,1.0,9.93057918548584,"[0.0, 9.93057918548584, 1.9215576648712158, 1.1285148859024048, 1.6892086267471313]","[[240.08939 162.57011]
 [273.81454 155.16873]
 [268.6845  147.92456]
 [256.77347 161.82176]
 [260.17722 159.21144]]","[[240.08939 162.57011]
 [270.      146.     ]
 [267.      147.     ]
 [256.      161.     ]
 [259.      158.     ]]",True,record_only,new_contact_episode,new_contact_episode,P01_109_sub016_ep01_left,smoothed_contact_run_start_within_subaction,drawer,['drawer'],,,,,,,,60,9,1343.0,/Users/huhu/Documents/Code/bishe/vrb/vrbreproduction/outputs/e13_engineered_homography_100subaction/experiments/E13/pipeline_outputs/subaction_16_P01_109_16/episode_01_left/frame_001346_left/reference_frame.png,/Users/huhu/Documents/Code/bishe/vrb/vrbreproduction/outputs/e13_engineered_homography_100subaction/experiments/E13/pipeline_outputs/subaction_16_P01_109_16/episode_01_left/frame_001346_left/contact_frame.png,/Users/huhu/Documents/Code/bishe/vrb/vrbreproduction/outputs/e13_engineered_homography_100subaction/experiments/E13/pipeline_outputs/subaction_16_P01_109_16/episode_01_left/frame_001346_left/contact_overlay.png,/Users/huhu/Documents/Code/bishe/vrb/vrbreproduction/outputs/e13_engineered_homography_100subaction/experiments/E13/pipeline_outputs/subaction_16_P01_109_16/episode_01_left/frame_001346_left/projection_overlay_raw_vs_snapped.png,/Users/huhu/Documents/Code/bishe/vrb/vrbreproduction/outputs/e13_engineered_homography_100subaction/experiments/E13/pipeline_outputs/subaction_16_P01_109_16/episode_01_left/frame_001346_left/homography_matches.png,/Users/huhu/Documents/Code/bishe/vrb/vrbreproduction/outputs/e13_engineered_homography_100subaction/experiments/E13/pipeline_outputs/subaction_16_P01_109_16/episode_01_left/frame_001346_left/label_heatmap_merged.npy,/Users/huhu/Documents/Code/bishe/vrb/vrbreproduction/outputs/e13_engineered_homography_100subaction/experiments/E13/pipeline_outputs/subaction_16_P01_109_16/episode_01_left/frame_001346_left/label_heatmap_merged.png,/Users/huhu/Documents/Code/bishe/vrb/vrbreproduction/outputs/e13_engineered_homography_100subaction/experiments/E13/pipeline_outputs/subaction_16_P01_109_16/episode_01_left/frame_001346_left/label_heatmap_merged_overlay.png,/Users/huhu/Documents/Code/bishe/vrb/vrbreproduction/outputs/e13_engineered_homography_100subaction/experiments/E13/pipeline_outputs/subaction_16_P01_109_16/episode_01_left/frame_001346_left/vrb_style_affordance.png,"(256, 456)",True,/Users/huhu/Documents/Code/bishe/vrb/vrbreproduction/outputs/e13_engineered_homography_100subaction/experiments/E13/pipeline_outputs/subaction_16_P01_109_16/episode_01_left/frame_001346_left/diagnostics/problem3_ref_full_overlay.png,/Users/huhu/Documents/Code/bishe/vrb/vrbreproduction/outputs/e13_engineered_homography_100subaction/experiments/E13/pipeline_outputs/subaction_16_P01_109_16/episode_01_left/frame_001346_left/diagnostics/problem3_ref_crop.png,27.0,0.8837209302325582,34.0,38.0,0.7154364585876465,SIFT,,16:1346:left
E13,E13_engineered_homography_projection,new_contact_episode_early_frames,short_window_pre_contact_nearest_no_contact,16,P01_109_16,P01_109,close drawer,close,drawer,['drawer'],1345,1401,1344,1400,2.0,1347.0,1348.0,left,keep,Cell4_label_heatmap,,,106,1344.0,1345.0,3.0,3.0,1.0,6,0.0,covariance,6.0125806451612895,/Users/huhu/Documents/Code/bishe/vrb/vrbreproduction/outputs/e13_engineered_homography_100subaction/experiments/E13/pipeline_outputs/subaction_16_P01_109_16/episode_01_left/frame_001347_left,short_window_pre_contact,nearest_frame_before_new_contact_episode,False,False,False,False,False,False,False,False,"(179, 79, 329, 229)",0.2852,,0,{},,,,True,1345.0,1346.0,1352.0,2.0,1345.0,1343.0,1344.0,2.0,1343.0,1344.0,1343.0,1344.0,60.0,False,1343.0,1344.0,True,False,True,8.0,9,False,1.0,left,smoothed_contact_0_to_1,True,snapped_to_reference_object_mask,"(43.99999862909317, 4.0, 306.9999976158142, 191.0)",0.6862454414367676,0.4242210160302241,84.57450103759766,"(178.81883239746094, 0.8334547877311707, 341.328369140625, 193.38926696777344)",,99.6608293080079,2.0,1.0,2.0,8.013072967529297,"[8.013072967529297, 0.0, 0.0, 2.7396514415740967, 3.2361955642700195]","[[274.71936 152.47588]
 [244.96832 162.86511]
 [233.89957 153.03244]
 [261.56677 158.9578 ]
 [265.42795 153.13963]]","[[270.      146.     ]
 [244.96832 162.86511]
 [233.89957 153.03244]
 [259.      158.     ]
 [263.      151.     ]]",True,record_only,new_contact_episode,new_contact_episode,P01_109_sub016_ep01_left,smoothed_contact_run_start_within_subaction,drawer,['drawer'],,,,,,,,60,9,1343.0,/Users/huhu/Documents/Code/bishe/vrb/vrbreproduction/outputs/e13_engineered_homography_100subaction/experiments/E13/pipeline_outputs/subaction_16_P01_109_16/episode_01_left/frame_001347_left/reference_frame.png,/Users/huhu/Documents/Code/bishe/vrb/vrbreproduction/outputs/e13_engineered_homography_100subaction/experiments/E13/pipeline_outputs/subaction_16_P01_109_16/episode_01_left/frame_001347_left/contact_frame.png,/Users/huhu/Documents/Code/bishe/vrb/vrbreproduction/outputs/e13_engineered_homography_100subaction/experiments/E13/pipeline_outputs/subaction_16_P01_109_16/episode_01_left/frame_001347_left/contact_overlay.png,/Users/huhu/Documents/Code/bishe/vrb/vrbreproduction/outputs/e13_engineered_homography_100subaction/experiments/E13/pipeline_outputs/subaction_16_P01_109_16/episode_01_left/frame_001347_left/projection_overlay_raw_vs_snapped.png,/Users/huhu/Documents/Code/bishe/vrb/vrbreproduction/outputs/e13_engineered_homography_100subaction/experiments/E13/pipeline_outputs/subaction_16_P01_109_16/episode_01_left/frame_001347_left/homography_matches.png,/Users/huhu/Documents/Code/bishe/vrb/vrbreproduction/outputs/e13_engineered_homography_100subaction/experiments/E13/pipeline_outputs/subaction_16_P01_109_16/episode_01_left/frame_001347_left/label_heatmap_merged.npy,/Users/huhu/Documents/Code/bishe/vrb/vrbreproduction/outputs/e13_engineered_homography_100subaction/experiments/E13/pipeline_outputs/subaction_16_P01_109_16/episode_01_left/frame_001347_left/label_heatmap_merged.png,/Users/huhu/Documents/Code/bishe/vrb/vrbreproduction/outputs/e13_engineered_homography_100subaction/experiments/E13/pipeline_outputs/subaction_16_P01_109_16/episode_01_left/frame_001347_left/label_heatmap_merged_overlay.png,/Users/huhu/Documents/Code/bishe/vrb/vrbreproduction/outputs/e13_engineered_homography_100subaction/experiments/E13/pipeline_outputs/subaction_16_P01_109_16/episode_01_left/frame_001347_left/vrb_style_affordance.png,"(256, 456)",True,/Users/huhu/Documents/Code/bishe/vrb/vrbreproduction/outputs/e13_engineered_homography_100subaction/experiments/E13/pipeline_outputs/subaction_16_P01_109_16/episode_01_left/frame_001347_left/diagnostics/problem3_ref_full_overlay.png,/Users/huhu/Documents/Code/bishe/vrb/vrbreproduction/outputs/e13_engineered_homography_100subaction/experiments/E13/pipeline_outputs/subaction_16_P01_109_16/episode_01_left/frame_001347_left/diagnostics/problem3_ref_crop.png,33.0,0.6612903225806451,34.0,38.0,0.7154364585876465,SIFT,,16:1347:left
E13,E13_engineered_homography_projection,new_contact_episode_early_frames,short_window_pre_contact_nearest_no_contact,16,P01_109_16,P01_109,close drawer,close,drawer,['drawer'],1345,1401,1344,1400,9.0,1357.0,1358.0,left,keep,Cell4_label_heatmap,,,39,1356.0,1357.0,1.0,1.0,1.0,6,0.0,covariance,5.537441860465116,/Users/huhu/Documents/Code/bishe/vrb/vrbreproduction/outputs/e13_engineered_homography_100subaction/experiments/E13/pipeline_outputs/subaction_16_P01_109_16/episode_05_left/frame_001357_left,short_window_pre_contact,nearest_frame_before_new_contact_episode,False,False,False,False,False,False,False,False,"(191, 81, 341, 231)",0.3025333333333333,,0,{},,,,True,1357.0,1358.0,1357.0,0.0,1357.0,1355.0,1356.0,2.0,1355.0,1356.0,1355.0,1356.0,60.0,False,1355.0,1356.0,True,True,True,1.0,9,True,5.0,left,smoothed_contact_0_to_1,True,snapped_to_reference_object_mask,"(209.000004529953, 3.0, 330.9999876022339, 176.0)",0.9453399181365967,0.5856733453431832,26.51350212097168,"(184.61492919921875, 5.047633171081543, 344.7274475097656, 225.89732360839844)",,66.54785055731811,3.0,1.0,3.0,1.0904988050460815,"[0.0, 1.0904988050460815, 0.0, 0.7807097434997559, 0.0]","[[266.7892  152.76184]
 [261.99118 160.5453 ]
 [268.78452 153.8972 ]
 [264.78973 156.75186]
 [268.78323 155.74803]]","[[266.7892  152.76184]
 [261.      161.     ]
 [268.78452 153.8972 ]
 [265.      156.     ]
 [268.78323 155.74803]]",True,record_only,new_contact_episode,new_contact_episode,P01_109_sub016_ep05_left,smoothed_contact_run_start_within_subaction,drawer,['drawer'],,,,,,,,60,9,1355.0,/Users/huhu/Documents/Code/bishe/vrb/vrbreproduction/outputs/e13_engineered_homography_100subaction/experiments/E13/pipeline_outputs/subaction_16_P01_109_16/episode_05_left/frame_001357_left/reference_frame.png,/Users/huhu/Documents/Code/bishe/vrb/vrbreproduction/outputs/e13_engineered_homography_100subaction/experiments/E13/pipeline_outputs/subaction_16_P01_109_16/episode_05_left/frame_001357_left/contact_frame.png,/Users/huhu/Documents/Code/bishe/vrb/vrbreproduction/outputs/e13_engineered_homography_100subaction/experiments/E13/pipeline_outputs/subaction_16_P01_109_16/episode_05_left/frame_001357_left/contact_overlay.png,/Users/huhu/Documents/Code/bishe/vrb/vrbreproduction/outputs/e13_engineered_homography_100subaction/experiments/E13/pipeline_outputs/subaction_16_P01_109_16/episode_05_left/frame_001357_left/projection_overlay_raw_vs_snapped.png,/Users/huhu/Documents/Code/bishe/vrb/vrbreproduction/outputs/e13_engineered_homography_100subaction/experiments/E13/pipeline_outputs/subaction_16_P01_109_16/episode_05_left/frame_001357_left/homography_matches.png,/Users/huhu/Documents/Code/bishe/vrb/vrbreproduction/outputs/e13_engineered_homography_100subaction/experiments/E13/pipeline_outputs/subaction_16_P01_109_16/episode_05_left/frame_001357_left/label_heatmap_merged.npy,/Users/huhu/Documents/Code/bishe/vrb/vrbreproduction/outputs/e13_engineered_homography_100subaction/experiments/E13/pipeline_outputs/subaction_16_P01_109_16/episode_05_left/frame_001357_left/label_heatmap_merged.png,/Users/huhu/Documents/Code/bishe/vrb/vrbreproduction/outputs/e13_engineered_homography_100subaction/experiments/E13/pipeline_outputs/subaction_16_P01_109_16/episode_05_left/frame_001357_left/label_heatmap_merged_overlay.png,/Users/huhu/Documents/Code/bishe/vrb/vrbreproduction/outputs/e13_engineered_homography_100subaction/experiments/E13/pipeline_outputs/subaction_16_P01_109_16/episode_05_left/frame_001357_left/vrb_style_affordance.png,"(256, 456)",True,/Users/huhu/Documents/Code/bishe/vrb/vrbreproduction/outputs/e13_engineered_homography_100subaction/experiments/E13/pipeline_outputs/subaction_16_P01_109_16/episode_05_left/frame_001357_left/diagnostics/problem3_ref_full_overlay.png,/Users/huhu/Documents/Code/bishe/vrb/vrbreproduction/outputs/e13_engineered_homography_100subaction/experiments/E13/pipeline_outputs/subaction_16_P01_109_16/episode_05_left/frame_001357_left/diagnostics/problem3_ref_crop.png,21.0,0.8837209302325582,32.0,35.0,0.4178047180175781,SIFT,,16:1357:left
E13,E13_engineered_homography_projection,new_contact_episode_early_frames,short_window_pre_contact_nearest_no_contact,16,P01_109_16,P01_109,close drawer,close,drawer,['drawer'],1345,1401,1344,1400,10.0,1357.0,1358.0,right,keep,Cell4_label_heatmap,,,156,1356.0,1357.0,1.0,1.0,1.0,6,0.0,covariance,7.877441860465117,/Users/huhu/Documents/Code/bishe/vrb/vrbreproduction/outputs/e13_engineered_homography_100subaction/experiments/E13/pipeline_outputs/subaction_16_P01_109_16/episode_06_right/frame_001357_right,short_window_pre_contact,nearest_frame_before_new_contact_episode,False,False,False,False,False,False,False,False,"(203, 69, 353, 219)",0.3107111111111111,,0,{},,,,True,1357.0,1358.0,1380.0,0.0,1357.0,1355.0,1356.0,2.0,1355.0,1356.0,1355.0,1356.0,60.0,False,1355.0,1356.0,True,True,True,24.0,9,True,6.0,right,smoothed_contact_0_to_1,True,snapped_to_reference_object_mask,"(209.000004529953, 3.0, 330.9999876022339, 176.0)",0.9453399181365967,0.5856733453431832,26.51350212097168,"(184.61492919921875, 5.047633171081543, 344.7274475097656, 225.89732360839844)",,63.29136646816686,1.0,1.0,1.0,19.181764602661133,"[3.810059070587158, 16.061214447021484, 19.181764602661133, 4.705716609954834, 0.0]","[[278.65283 141.91678]
 [293.32703 148.7625 ]
 [303.82993 145.97186]
 [262.2014  167.4489 ]
 [270.0018  154.49382]]","[[275.      143.     ]
 [287.      134.     ]
 [301.      127.     ]
 [259.      164.     ]
 [270.0018  154.49382]]",True,record_only,new_contact_episode,new_contact_episode,P01_109_sub016_ep06_right,smoothed_contact_run_start_within_subaction,drawer,['drawer'],,,,,,,,60,9,1355.0,/Users/huhu/Documents/Code/bishe/vrb/vrbreproduction/outputs/e13_engineered_homography_100subaction/experiments/E13/pipeline_outputs/subaction_16_P01_109_16/episode_06_right/frame_001357_right/reference_frame.png,/Users/huhu/Documents/Code/bishe/vrb/vrbreproduction/outputs/e13_engineered_homography_100subaction/experiments/E13/pipeline_outputs/subaction_16_P01_109_16/episode_06_right/frame_001357_right/contact_frame.png,/Users/huhu/Documents/Code/bishe/vrb/vrbreproduction/outputs/e13_engineered_homography_100subaction/experiments/E13/pipeline_outputs/subaction_16_P01_109_16/episode_06_right/frame_001357_right/contact_overlay.png,/Users/huhu/Documents/Code/bishe/vrb/vrbreproduction/outputs/e13_engineered_homography_100subaction/experiments/E13/pipeline_outputs/subaction_16_P01_109_16/episode_06_right/frame_001357_right/projection_overlay_raw_vs_snapped.png,/Users/huhu/Documents/Code/bishe/vrb/vrbreproduction/outputs/e13_engineered_homography_100subaction/experiments/E13/pipeline_outputs/subaction_16_P01_109_16/episode_06_right/frame_001357_right/homography_matches.png,/Users/huhu/Documents/Code/bishe/vrb/vrbreproduction/outputs/e13_engineered_homography_100subaction/experiments/E13/pipeline_outputs/subaction_16_P01_109_16/episode_06_right/frame_001357_right/label_heatmap_merged.npy,/Users/huhu/Documents/Code/bishe/vrb/vrbreproduction/outputs/e13_engineered_homography_100subaction/experiments/E13/pipeline_outputs/subaction_16_P01_109_16/episode_06_right/frame_001357_right/label_heatmap_merged.png,/Users/huhu/Documents/Code/bishe/vrb/vrbreproduction/outputs/e13_engineered_homography_100subaction/experiments/E13/pipeline_outputs/subaction_16_P01_109_16/episode_06_right/frame_001357_right/label_heatmap_merged_overlay.png,/Users/huhu/Documents/Code/bishe/vrb/vrbreproduction/outputs/e13_engineered_homography_100subaction/experiments/E13/pipeline_outputs/subaction_16_P01_109_16/episode_06_right/frame_001357_right/vrb_style_affordance.png,"(256, 456)",True,/Users/huhu/Documents/Code/bishe/vrb/vrbreproduction/outputs/e13_engineered_homography_100subaction/experiments/E13/pipeline_outputs/subaction_16_P01_109_16/episode_06_right/frame_001357_right/diagnostics/problem3_ref_full_overlay.png,/Users/huhu/Documents/Code/bishe/vrb/vrbreproduction/outputs/e13_engineered_homography_100subaction/experiments/E13/pipeline_outputs/subaction_16_P01_109_16/episode_06_right/frame_001357_right/diagnostics/problem3_ref_crop.png,21.0,0.8837209302325582,32.0,35.0,0.4178047180175781,SIFT,,16:1357:right
E13,E13_engineered_homography_projection,new_contact_episode_early_frames,short_window_pre_contact_nearest_no_contact,16,P01_109_16,P01_109,close drawer,close,drawer,['drawer'],1345,1401,1344,1400,11.0,1358.0,1359.0,right,keep,Cell4_label_heatmap,,,140,1356.0,1357.0,2.0,2.0,1.0,6,0.0,covariance,7.347441860465117,/Users/huhu/Documents/Code/bishe/vrb/vrbreproduction/outputs/e13_engineered_homography_100subaction/experiments/E13/pipeline_outputs/subaction_16_P01_109_16/episode_06_right/frame_001358_right,short_window_pre_contact,nearest_frame_before_new_contact_episode,False,False,False,False,False,False,False,False,"(209, 64, 359, 214)",0.30844444444444447,,0,{},,,,True,1357.0,1358.0,1380.0,1.0,1357.0,1355.0,1356.0,2.0,1355.0,1356.0,1355.0,1356.0,60.0,False,1355.0,1356.0,True,False,True,24.0,9,False,6.0,right,smoothed_contact_0_to_1,True,snapped_to_reference_object_mask,"(209.000004529953, 3.0, 330.9999876022339, 176.0)",0.9453399181365967,0.7959142826117573,9.269743919372559,"(218.436279296875, 8.366517066955566, 339.8467712402344, 167.56077575683594)",,59.411246866686106,0.0,1.0,0.0,18.696823120117188,"[18.696823120117188, 2.148109197616577, 3.620185136795044, 18.184946060180664, 0.7164056897163391]","[[307.457   144.54646]
 [275.59918 145.06285]
 [285.8516  137.61714]
 [298.15527 148.36148]
 [272.71216 155.0779 ]]","[[301. 127.]
 [275. 143.]
 [286. 134.]
 [287. 134.]
 [272. 155.]]",True,record_only,new_contact_episode,new_contact_episode,P01_109_sub016_ep06_right,smoothed_contact_run_start_within_subaction,drawer,['drawer'],,,,,,,,60,9,1355.0,/Users/huhu/Documents/Code/bishe/vrb/vrbreproduction/outputs/e13_engineered_homography_100subaction/experiments/E13/pipeline_outputs/subaction_16_P01_109_16/episode_06_right/frame_001358_right/reference_frame.png,/Users/huhu/Documents/Code/bishe/vrb/vrbreproduction/outputs/e13_engineered_homography_100subaction/experiments/E13/pipeline_outputs/subaction_16_P01_109_16/episode_06_right/frame_001358_right/contact_frame.png,/Users/huhu/Documents/Code/bishe/vrb/vrbreproduction/outputs/e13_engineered_homography_100subaction/experiments/E13/pipeline_outputs/subaction_16_P01_109_16/episode_06_right/frame_001358_right/contact_overlay.png,/Users/huhu/Documents/Code/bishe/vrb/vrbreproduction/outputs/e13_engineered_homography_100subaction/experiments/E13/pipeline_outputs/subaction_16_P01_109_16/episode_06_right/frame_001358_right/projection_overlay_raw_vs_snapped.png,/Users/huhu/Documents/Code/bishe/vrb/vrbreproduction/outputs/e13_engineered_homography_100subaction/experiments/E13/pipeline_outputs/subaction_16_P01_109_16/episode_06_right/frame_001358_right/homography_matches.png,/Users/huhu/Documents/Code/bishe/vrb/vrbreproduction/outputs/e13_engineered_homography_100subaction/experiments/E13/pipeline_outputs/subaction_16_P01_109_16/episode_06_right/frame_001358_right/label_heatmap_merged.npy,/Users/huhu/Documents/Code/bishe/vrb/vrbreproduction/outputs/e13_engineered_homography_100subaction/experiments/E13/pipeline_outputs/subaction_16_P01_109_16/episode_06_right/frame_001358_right/label_heatmap_merged.png,/Users/huhu/Documents/Code/bishe/vrb/vrbreproduction/outputs/e13_engineered_homography_100subaction/experiments/E13/pipeline_outputs/subaction_16_P01_109_16/episode_06_right/frame_001358_right/label_heatmap_merged_overlay.png,/Users/huhu/Documents/Code/bishe/vrb/vrbreproduction/outputs/e13_engineered_homography_100subaction/experiments/E13/pipeline_outputs/subaction_16_P01_109_16/episode_06_right/frame_001358_right/vrb_style_affordance.png,"(256, 456)",True,/Users/huhu/Documents/Code/bishe/vrb/vrbreproduction/outputs/e13_engineered_homography_100subaction/experiments/E13/pipeline_outputs/subaction_16_P01_109_16/episode_06_right/frame_001358_right/diagnostics/problem3_ref_full_overlay.png,/Users/huhu/Documents/Code/bishe/vrb/vrbreproduction/outputs/e13_engineered_homography_100subaction/experiments/E13/pipeline_outputs/subaction_16_P01_109_16/episode_06_right/frame_001358_right/diagnostics/problem3_ref_crop.png,27.0,0.8837209302325582,32.0,35.0,0.4178047180175781,SIFT,,16:1358:right
E13,E13_engineered_homography_projection,new_contact_episode_early_frames,short_window_pre_contact_nearest_no_contact,16,P01_109_16,P01_109,close drawer,close,drawer,['drawer'],1345,1401,1344,1400,12.0,1359.0,1360.0,right,keep,Cell4_label_heatmap,,,92,1356.0,1357.0,3.0,3.0,1.0,6,0.0,covariance,6.177441860465116,/Users/huhu/Documents/Code/bishe/vrb/vrbreproduction/outputs/e13_engineered_homography_100subaction/experiments/E13/pipeline_outputs/subaction_16_P01_109_16/episode_06_right/frame_001359_right,short_window_pre_contact,nearest_frame_before_new_contact_episode,False,False,False,False,False,False,False,False,"(207, 64, 357, 214)",0.30844444444444447,,0,{},,,,True,1357.0,1358.0,1380.0,2.0,1357.0,1355.0,1356.0,2.0,1355.0,1356.0,1355.0,1356.0,60.0,False,1355.0,1356.0,True,False,True,24.0,9,False,6.0,right,smoothed_contact_0_to_1,True,snapped_to_reference_object_mask,"(209.000004529953, 3.0, 330.9999876022339, 176.0)",0.9453399181365967,0.8602036923305608,5.7160491943359375,"(209.754150390625, 7.247900485992432, 328.2215576171875, 160.5006561279297)",,51.52625852333972,1.0,1.0,1.0,3.986867904663086,"[3.6828877925872803, 3.213649272918701, 1.3887468576431274, 3.986867904663086, 0.0]","[[278.57468 142.1138 ]
 [293.1936  132.34854]
 [282.47217 136.30602]
 [275.9754  152.69786]
 [288.38535 132.36374]]","[[275.      143.     ]
 [291.      130.     ]
 [282.      135.     ]
 [272.      153.     ]
 [288.38535 132.36374]]",True,record_only,new_contact_episode,new_contact_episode,P01_109_sub016_ep06_right,smoothed_contact_run_start_within_subaction,drawer,['drawer'],,,,,,,,60,9,1355.0,/Users/huhu/Documents/Code/bishe/vrb/vrbreproduction/outputs/e13_engineered_homography_100subaction/experiments/E13/pipeline_outputs/subaction_16_P01_109_16/episode_06_right/frame_001359_right/reference_frame.png,/Users/huhu/Documents/Code/bishe/vrb/vrbreproduction/outputs/e13_engineered_homography_100subaction/experiments/E13/pipeline_outputs/subaction_16_P01_109_16/episode_06_right/frame_001359_right/contact_frame.png,/Users/huhu/Documents/Code/bishe/vrb/vrbreproduction/outputs/e13_engineered_homography_100subaction/experiments/E13/pipeline_outputs/subaction_16_P01_109_16/episode_06_right/frame_001359_right/contact_overlay.png,/Users/huhu/Documents/Code/bishe/vrb/vrbreproduction/outputs/e13_engineered_homography_100subaction/experiments/E13/pipeline_outputs/subaction_16_P01_109_16/episode_06_right/frame_001359_right/projection_overlay_raw_vs_snapped.png,/Users/huhu/Documents/Code/bishe/vrb/vrbreproduction/outputs/e13_engineered_homography_100subaction/experiments/E13/pipeline_outputs/subaction_16_P01_109_16/episode_06_right/frame_001359_right/homography_matches.png,/Users/huhu/Documents/Code/bishe/vrb/vrbreproduction/outputs/e13_engineered_homography_100subaction/experiments/E13/pipeline_outputs/subaction_16_P01_109_16/episode_06_right/frame_001359_right/label_heatmap_merged.npy,/Users/huhu/Documents/Code/bishe/vrb/vrbreproduction/outputs/e13_engineered_homography_100subaction/experiments/E13/pipeline_outputs/subaction_16_P01_109_16/episode_06_right/frame_001359_right/label_heatmap_merged.png,/Users/huhu/Documents/Code/bishe/vrb/vrbreproduction/outputs/e13_engineered_homography_100subaction/experiments/E13/pipeline_outputs/subaction_16_P01_109_16/episode_06_right/frame_001359_right/label_heatmap_merged_overlay.png,/Users/huhu/Documents/Code/bishe/vrb/vrbreproduction/outputs/e13_engineered_homography_100subaction/experiments/E13/pipeline_outputs/subaction_16_P01_109_16/episode_06_right/frame_001359_right/vrb_style_affordance.png,"(256, 456)",True,/Users/huhu/Documents/Code/bishe/vrb/vrbreproduction/outputs/e13_engineered_homography_100subaction/experiments/E13/pipeline_outputs/subaction_16_P01_109_16/episode_06_right/frame_001359_right/diagnostics/problem3_ref_full_overlay.png,/Users/huhu/Documents/Code/bishe/vrb/vrbreproduction/outputs/e13_engineered_homography_100subaction/experiments/E13/pipeline_outputs/subaction_16_P01_109_16/episode_06_right/frame_001359_right/diagnostics/problem3_ref_crop.png,33.0,0.8837209302325582,32.0,35.0,0.4178047180175781,SIFT,,16:1359:right
E13,E13_engineered_homography_projection,new_contact_episode_early_frames,short_window_pre_contact_nearest_no_contact,16,P01_109_16,P01_109,close drawer,close,drawer,['drawer'],1345,1401,1344,1400,19.0,1390.0,1391.0,right,keep,Cell4_label_heatmap,,,197,1389.0,1390.0,1.0,1.0,1.0,6,0.0,covariance,8.56380281690141,/Users/huhu/Documents/Code/bishe/vrb/vrbreproduction/outputs/e13_engineered_homography_100subaction/experiments/E13/pipeline_outputs/subaction_16_P01_109_16/episode_09_right/frame_001390_right,short_window_pre_contact,nearest_frame_before_new_contact_episode,False,False,False,False,False,False,False,False,"(245, 58, 395, 208)",0.24417777777777777,,0,{},,,,True,1390.0,1391.0,1391.0,0.0,1390.0,1385.0,1389.0,5.0,1385.0,1389.0,1385.0,1389.0,60.0,False,1385.0,1389.0,True,True,True,2.0,9,True,9.0,right,smoothed_contact_0_to_1,True,snapped_to_reference_object_mask,"(175.99999451637268, 4.0, 451.99998807907104, 217.0)",0.6597849726676941,0.8886825837019349,5.827313423156738,"(187.4992218017578, 3.0797483921051025, 445.4367370605469, 207.36248779296875)",,22.878128322099627,5.0,1.0,5.0,0.0,"[0.0, 0.0, 0.0, 0.0, 0.0]","[[307.19324  111.772514]
 [341.00372  164.88435 ]
 [319.43677  113.2122  ]
 [297.30475  140.80104 ]
 [334.72058  132.30865 ]]","[[307.19324  111.772514]
 [341.00372  164.88435 ]
 [319.43677  113.2122  ]
 [297.30475  140.80104 ]
 [334.72058  132.30865 ]]",True,record_only,new_contact_episode,new_contact_episode,P01_109_sub016_ep09_right,smoothed_contact_run_start_within_subaction,drawer,['drawer'],,,,,,,,60,9,1385.0,/Users/huhu/Documents/Code/bishe/vrb/vrbreproduction/outputs/e13_engineered_homography_100subaction/experiments/E13/pipeline_outputs/subaction_16_P01_109_16/episode_09_right/frame_001390_right/reference_frame.png,/Users/huhu/Documents/Code/bishe/vrb/vrbreproduction/outputs/e13_engineered_homography_100subaction/experiments/E13/pipeline_outputs/subaction_16_P01_109_16/episode_09_right/frame_001390_right/contact_frame.png,/Users/huhu/Documents/Code/bishe/vrb/vrbreproduction/outputs/e13_engineered_homography_100subaction/experiments/E13/pipeline_outputs/subaction_16_P01_109_16/episode_09_right/frame_001390_right/contact_overlay.png,/Users/huhu/Documents/Code/bishe/vrb/vrbreproduction/outputs/e13_engineered_homography_100subaction/experiments/E13/pipeline_outputs/subaction_16_P01_109_16/episode_09_right/frame_001390_right/projection_overlay_raw_vs_snapped.png,/Users/huhu/Documents/Code/bishe/vrb/vrbreproduction/outputs/e13_engineered_homography_100subaction/experiments/E13/pipeline_outputs/subaction_16_P01_109_16/episode_09_right/frame_001390_right/homography_matches.png,/Users/huhu/Documents/Code/bishe/vrb/vrbreproduction/outputs/e13_engineered_homography_100subaction/experiments/E13/pipeline_outputs/subaction_16_P01_109_16/episode_09_right/frame_001390_right/label_heatmap_merged.npy,/Users/huhu/Documents/Code/bishe/vrb/vrbreproduction/outputs/e13_engineered_homography_100subaction/experiments/E13/pipeline_outputs/subaction_16_P01_109_16/episode_09_right/frame_001390_right/label_heatmap_merged.png,/Users/huhu/Documents/Code/bishe/vrb/vrbreproduction/outputs/e13_engineered_homography_100subaction/experiments/E13/pipeline_outputs/subaction_16_P01_109_16/episode_09_right/frame_001390_right/label_heatmap_merged_overlay.png,/Users/huhu/Documents/Code/bishe/vrb/vrbreproduction/outputs/e13_engineered_homography_100subaction/experiments/E13/pipeline_outputs/subaction_16_P01_109_16/episode_09_right/frame_001390_right/vrb_style_affordance.png,"(256, 456)",True,/Users/huhu/Documents/Code/bishe/vrb/vrbreproduction/outputs/e13_engineered_homography_100subaction/experiments/E13/pipeline_outputs/subaction_16_P01_109_16/episode_09_right/frame_001390_right/diagnostics/problem3_ref_full_overlay.png,/Users/huhu/Documents/Code/bishe/vrb/vrbreproduction/outputs/e13_engineered_homography_100subaction/experiments/E13/pipeline_outputs/subaction_16_P01_109_16/episode_09_right/frame_001390_right/diagnostics/problem3_ref_crop.png,21.0,0.8169014084507042,49.0,58.0,0.6409350633621216,SIFT,,16:1390:right
E13,E13_engineered_homography_projection,new_contact_episode_early_frames,short_window_pre_contact_nearest_no_contact,16,P01_109_16,P01_109,close drawer,close,drawer,['drawer'],1345,1401,1344,1400,20.0,1391.0,1392.0,right,keep,Cell4_label_heatmap,,,139,1389.0,1390.0,2.0,2.0,1.0,6,0.0,covariance,7.193802816901409,/Users/huhu/Documents/Code/bishe/vrb/vrbreproduction/outputs/e13_engineered_homography_100subaction/experiments/E13/pipeline_outputs/subaction_16_P01_109_16/episode_09_right/frame_001391_right,short_window_pre_contact,nearest_frame_before_new_contact_episode,False,False,False,False,False,False,False,False,"(234, 51, 384, 201)",0.27986666666666665,,0,{},,,,True,1390.0,1391.0,1391.0,1.0,1390.0,1385.0,1389.0,5.0,1385.0,1389.0,1385.0,1389.0,60.0,False,1385.0,1389.0,True,False,True,2.0,9,False,9.0,right,smoothed_contact_0_to_1,True,snapped_to_reference_object_mask,"(175.99999451637268, 4.0, 451.99998807907104, 217.0)",0.6597849726676941,0.48129318116760805,48.907814025878906,"(186.55552673339844, 1.3266539573669434, 355.7432556152344, 172.52256774902344)",,16.184973192448687,5.0,1.0,5.0,0.0,"[0.0, 0.0, 0.0, 0.0, 0.0]","[[306.11172 114.38528]
 [293.68707 154.20755]
 [327.99698 110.12884]
 [296.29358 137.81616]
 [319.59406 112.48837]]","[[306.11172 114.38528]
 [293.68707 154.20755]
 [327.99698 110.12884]
 [296.29358 137.81616]
 [319.59406 112.48837]]",True,record_only,new_contact_episode,new_contact_episode,P01_109_sub016_ep09_right,smoothed_contact_run_start_within_subaction,drawer,['drawer'],,,,,,,,60,9,1385.0,/Users/huhu/Documents/Code/bishe/vrb/vrbreproduction/outputs/e13_engineered_homography_100subaction/experiments/E13/pipeline_outputs/subaction_16_P01_109_16/episode_09_right/frame_001391_right/reference_frame.png,/Users/huhu/Documents/Code/bishe/vrb/vrbreproduction/outputs/e13_engineered_homography_100subaction/experiments/E13/pipeline_outputs/subaction_16_P01_109_16/episode_09_right/frame_001391_right/contact_frame.png,/Users/huhu/Documents/Code/bishe/vrb/vrbreproduction/outputs/e13_engineered_homography_100subaction/experiments/E13/pipeline_outputs/subaction_16_P01_109_16/episode_09_right/frame_001391_right/contact_overlay.png,/Users/huhu/Documents/Code/bishe/vrb/vrbreproduction/outputs/e13_engineered_homography_100subaction/experiments/E13/pipeline_outputs/subaction_16_P01_109_16/episode_09_right/frame_001391_right/projection_overlay_raw_vs_snapped.png,/Users/huhu/Documents/Code/bishe/vrb/vrbreproduction/outputs/e13_engineered_homography_100subaction/experiments/E13/pipeline_outputs/subaction_16_P01_109_16/episode_09_right/frame_001391_right/homography_matches.png,/Users/huhu/Documents/Code/bishe/vrb/vrbreproduction/outputs/e13_engineered_homography_100subaction/experiments/E13/pipeline_outputs/subaction_16_P01_109_16/episode_09_right/frame_001391_right/label_heatmap_merged.npy,/Users/huhu/Documents/Code/bishe/vrb/vrbreproduction/outputs/e13_engineered_homography_100subaction/experiments/E13/pipeline_outputs/subaction_16_P01_109_16/episode_09_right/frame_001391_right/label_heatmap_merged.png,/Users/huhu/Documents/Code/bishe/vrb/vrbreproduction/outputs/e13_engineered_homography_100subaction/experiments/E13/pipeline_outputs/subaction_16_P01_109_16/episode_09_right/frame_001391_right/label_heatmap_merged_overlay.png,/Users/huhu/Documents/Code/bishe/vrb/vrbreproduction/outputs/e13_engineered_homography_100subaction/experiments/E13/pipeline_outputs/subaction_16_P01_109_16/episode_09_right/frame_001391_right/vrb_style_affordance.png,"(256, 456)",True,/Users/huhu/Documents/Code/bishe/vrb/vrbreproduction/outputs/e13_engineered_homography_100subaction/experiments/E13/pipeline_outputs/subaction_16_P01_109_16/episode_09_right/frame_001391_right/diagnostics/problem3_ref_full_overlay.png,/Users/huhu/Documents/Code/bishe/vrb/vrbreproduction/outputs/e13_engineered_homography_100subaction/experiments/E13/pipeline_outputs/subaction_16_P01_109_16/episode_09_right/frame_001391_right/diagnostics/problem3_ref_crop.png,27.0,0.8169014084507042,49.0,58.0,0.6409350633621216,SIFT,,16:1391:right
E13,E13_engineered_homography_projection,new_contact_episode_early_frames,short_window_pre_contact_nearest_no_contact,17,P01_109_17,P01_109,close freezer,close,freezer,['freezer'],1419,1464,1418,1463,0.0,1422.0,1423.0,left,keep,Cell4_label_heatmap,,,121,1421.0,1422.0,1.0,1.0,1.0,6,0.0,covariance,7.127171717171717,/Users/huhu/Documents/Code/bishe/vrb/vrbreproduction/outputs/e13_engineered_homography_100subaction/experiments/E13/pipeline_outputs/subaction_17_P01_109_17/episode_01_left/frame_001422_left,short_window_pre_contact,nearest_frame_before_new_contact_episode,False,False,False,False,False,False,False,False,"(0, 106, 150, 256)",0.11,,0,{},,,,True,1422.0,1423.0,1456.0,0.0,1422.0,1392.0,1421.0,30.0,1392.0,1421.0,1392.0,1421.0,60.0,False,1392.0,1421.0,True,True,True,35.0,1,True,1.0,left,smoothed_contact_0_to_1,True,snapped_to_reference_object_mask,"(7.000000052154064, 2.0, 191.00000524520874, 245.0)",0.8801460862159729,0.9220656212130269,6.510233402252197,"(18.154333114624023, 0.3420621454715729, 192.823974609375, 245.61093139648438)",,107.38942285202789,5.0,1.0,5.0,0.0,"[0.0, 0.0, 0.0, 0.0, 0.0]","[[ 23.573704 202.68822 ]
 [ 44.736233 236.58112 ]
 [ 33.255524 186.30998 ]
 [ 44.16115  214.69957 ]
 [ 31.107697 209.75168 ]]","[[ 23.573704 202.68822 ]
 [ 44.736233 236.58112 ]
 [ 33.255524 186.30998 ]
 [ 44.16115  214.69957 ]
 [ 31.107697 209.75168 ]]",True,record_only,new_contact_episode,new_contact_episode,P01_109_sub017_ep01_left,smoothed_contact_run_start_within_subaction,freezer,['freezer'],,,,,,,,35,1,1392.0,/Users/huhu/Documents/Code/bishe/vrb/vrbreproduction/outputs/e13_engineered_homography_100subaction/experiments/E13/pipeline_outputs/subaction_17_P01_109_17/episode_01_left/frame_001422_left/reference_frame.png,/Users/huhu/Documents/Code/bishe/vrb/vrbreproduction/outputs/e13_engineered_homography_100subaction/experiments/E13/pipeline_outputs/subaction_17_P01_109_17/episode_01_left/frame_001422_left/contact_frame.png,/Users/huhu/Documents/Code/bishe/vrb/vrbreproduction/outputs/e13_engineered_homography_100subaction/experiments/E13/pipeline_outputs/subaction_17_P01_109_17/episode_01_left/frame_001422_left/contact_overlay.png,/Users/huhu/Documents/Code/bishe/vrb/vrbreproduction/outputs/e13_engineered_homography_100subaction/experiments/E13/pipeline_outputs/subaction_17_P01_109_17/episode_01_left/frame_001422_left/projection_overlay_raw_vs_snapped.png,/Users/huhu/Documents/Code/bishe/vrb/vrbreproduction/outputs/e13_engineered_homography_100subaction/experiments/E13/pipeline_outputs/subaction_17_P01_109_17/episode_01_left/frame_001422_left/homography_matches.png,/Users/huhu/Documents/Code/bishe/vrb/vrbreproduction/outputs/e13_engineered_homography_100subaction/experiments/E13/pipeline_outputs/subaction_17_P01_109_17/episode_01_left/frame_001422_left/label_heatmap_merged.npy,/Users/huhu/Documents/Code/bishe/vrb/vrbreproduction/outputs/e13_engineered_homography_100subaction/experiments/E13/pipeline_outputs/subaction_17_P01_109_17/episode_01_left/frame_001422_left/label_heatmap_merged.png,/Users/huhu/Documents/Code/bishe/vrb/vrbreproduction/outputs/e13_engineered_homography_100subaction/experiments/E13/pipeline_outputs/subaction_17_P01_109_17/episode_01_left/frame_001422_left/label_heatmap_merged_overlay.png,/Users/huhu/Documents/Code/bishe/vrb/vrbreproduction/outputs/e13_engineered_homography_100subaction/experiments/E13/pipeline_outputs/subaction_17_P01_109_17/episode_01_left/frame_001422_left/vrb_style_affordance.png,"(256, 456)",True,/Users/huhu/Documents/Code/bishe/vrb/vrbreproduction/outputs/e13_engineered_homography_100subaction/experiments/E13/pipeline_outputs/subaction_17_P01_109_17/episode_01_left/frame_001422_left/diagnostics/problem3_ref_full_overlay.png,/Users/huhu/Documents/Code/bishe/vrb/vrbreproduction/outputs/e13_engineered_homography_100subaction/experiments/E13/pipeline_outputs/subaction_17_P01_109_17/episode_01_left/frame_001422_left/diagnostics/problem3_ref_crop.png,21.0,0.8585858585858586,52.0,53.0,0.656498372554779,SIFT,,17:1422:left
E13,E13_engineered_homography_projection,new_contact_episode_early_frames,short_window_pre_contact_nearest_no_contact,17,P01_109_17,P01_109,close freezer,close,freezer,['freezer'],1419,1464,1418,1463,1.0,1423.0,1424.0,left,keep,Cell4_label_heatmap,,,103,1421.0,1422.0,2.0,2.0,1.0,6,0.0,covariance,6.557171717171717,/Users/huhu/Documents/Code/bishe/vrb/vrbreproduction/outputs/e13_engineered_homography_100subaction/experiments/E13/pipeline_outputs/subaction_17_P01_109_17/episode_01_left/frame_001423_left,short_window_pre_contact,nearest_frame_before_new_contact_episode,False,False,False,False,False,False,False,False,"(0, 106, 150, 256)",0.11,,0,{},,,,True,1422.0,1423.0,1456.0,1.0,1422.0,1392.0,1421.0,30.0,1392.0,1421.0,1392.0,1421.0,60.0,False,1392.0,1421.0,True,False,True,35.0,1,False,1.0,left,smoothed_contact_0_to_1,True,snapped_to_reference_object_mask,"(7.000000052154064, 2.0, 191.00000524520874, 245.0)",0.8801460862159729,0.7888082101836716,18.84587860107422,"(36.93556213378906, 0.0, 198.37030029296875, 241.62030029296875)",,92.69683630197962,4.0,1.0,4.0,0.967490017414093,"[0.0, 0.967490017414093, 0.0, 0.0, 0.0]","[[ 43.783924 192.04268 ]
 [ 60.862595 233.43814 ]
 [ 52.54752  179.21501 ]
 [ 57.919647 209.24594 ]
 [ 45.43911  203.37329 ]]","[[ 43.783924 192.04268 ]
 [ 60.       233.      ]
 [ 52.54752  179.21501 ]
 [ 57.919647 209.24594 ]
 [ 45.43911  203.37329 ]]",True,record_only,new_contact_episode,new_contact_episode,P01_109_sub017_ep01_left,smoothed_contact_run_start_within_subaction,freezer,['freezer'],,,,,,,,35,1,1392.0,/Users/huhu/Documents/Code/bishe/vrb/vrbreproduction/outputs/e13_engineered_homography_100subaction/experiments/E13/pipeline_outputs/subaction_17_P01_109_17/episode_01_left/frame_001423_left/reference_frame.png,/Users/huhu/Documents/Code/bishe/vrb/vrbreproduction/outputs/e13_engineered_homography_100subaction/experiments/E13/pipeline_outputs/subaction_17_P01_109_17/episode_01_left/frame_001423_left/contact_frame.png,/Users/huhu/Documents/Code/bishe/vrb/vrbreproduction/outputs/e13_engineered_homography_100subaction/experiments/E13/pipeline_outputs/subaction_17_P01_109_17/episode_01_left/frame_001423_left/contact_overlay.png,/Users/huhu/Documents/Code/bishe/vrb/vrbreproduction/outputs/e13_engineered_homography_100subaction/experiments/E13/pipeline_outputs/subaction_17_P01_109_17/episode_01_left/frame_001423_left/projection_overlay_raw_vs_snapped.png,/Users/huhu/Documents/Code/bishe/vrb/vrbreproduction/outputs/e13_engineered_homography_100subaction/experiments/E13/pipeline_outputs/subaction_17_P01_109_17/episode_01_left/frame_001423_left/homography_matches.png,/Users/huhu/Documents/Code/bishe/vrb/vrbreproduction/outputs/e13_engineered_homography_100subaction/experiments/E13/pipeline_outputs/subaction_17_P01_109_17/episode_01_left/frame_001423_left/label_heatmap_merged.npy,/Users/huhu/Documents/Code/bishe/vrb/vrbreproduction/outputs/e13_engineered_homography_100subaction/experiments/E13/pipeline_outputs/subaction_17_P01_109_17/episode_01_left/frame_001423_left/label_heatmap_merged.png,/Users/huhu/Documents/Code/bishe/vrb/vrbreproduction/outputs/e13_engineered_homography_100subaction/experiments/E13/pipeline_outputs/subaction_17_P01_109_17/episode_01_left/frame_001423_left/label_heatmap_merged_overlay.png,/Users/huhu/Documents/Code/bishe/vrb/vrbreproduction/outputs/e13_engineered_homography_100subaction/experiments/E13/pipeline_outputs/subaction_17_P01_109_17/episode_01_left/frame_001423_left/vrb_style_affordance.png,"(256, 456)",True,/Users/huhu/Documents/Code/bishe/vrb/vrbreproduction/outputs/e13_engineered_homography_100subaction/experiments/E13/pipeline_outputs/subaction_17_P01_109_17/episode_01_left/frame_001423_left/diagnostics/problem3_ref_full_overlay.png,/Users/huhu/Documents/Code/bishe/vrb/vrbreproduction/outputs/e13_engineered_homography_100subaction/experiments/E13/pipeline_outputs/subaction_17_P01_109_17/episode_01_left/frame_001423_left/diagnostics/problem3_ref_crop.png,27.0,0.8585858585858586,52.0,53.0,0.6703732013702393,SIFT,,17:1423:left
E13,E13_engineered_homography_projection,new_contact_episode_early_frames,short_window_pre_contact_nearest_no_contact,17,P01_109_17,P01_109,close freezer,close,freezer,['freezer'],1419,1464,1418,1463,2.0,1424.0,1425.0,left,keep,Cell4_label_heatmap,,,105,1421.0,1422.0,3.0,3.0,1.0,6,0.0,covariance,6.387171717171717,/Users/huhu/Documents/Code/bishe/vrb/vrbreproduction/outputs/e13_engineered_homography_100subaction/experiments/E13/pipeline_outputs/subaction_17_P01_109_17/episode_01_left/frame_001424_left,short_window_pre_contact,nearest_frame_before_new_contact_episode,False,False,False,False,False,False,False,False,"(0, 106, 150, 256)",0.11,,0,{},,,,True,1422.0,1423.0,1456.0,2.0,1422.0,1392.0,1421.0,30.0,1392.0,1421.0,1392.0,1421.0,60.0,False,1392.0,1421.0,True,False,True,35.0,1,False,1.0,left,smoothed_contact_0_to_1,True,snapped_to_reference_object_mask,"(7.000000052154064, 2.0, 191.00000524520874, 245.0)",0.8801460862159729,0.7027142923329078,29.115373611450195,"(44.68711853027344, 0.0, 211.5276336669922, 248.36483764648438)",,83.87330006708113,4.0,1.0,4.0,7.539432525634766,"[0.0, 0.0, 0.0, 7.539432525634766, 0.0]","[[ 59.223118 189.2945  ]
 [ 71.434875 207.67134 ]
 [ 67.137695 175.07593 ]
 [ 75.94683  229.42383 ]
 [ 58.097275 202.35944 ]]","[[ 59.223118 189.2945  ]
 [ 71.434875 207.67134 ]
 [ 67.137695 175.07593 ]
 [ 72.       223.      ]
 [ 58.097275 202.35944 ]]",True,record_only,new_contact_episode,new_contact_episode,P01_109_sub017_ep01_left,smoothed_contact_run_start_within_subaction,freezer,['freezer'],,,,,,,,35,1,1392.0,/Users/huhu/Documents/Code/bishe/vrb/vrbreproduction/outputs/e13_engineered_homography_100subaction/experiments/E13/pipeline_outputs/subaction_17_P01_109_17/episode_01_left/frame_001424_left/reference_frame.png,/Users/huhu/Documents/Code/bishe/vrb/vrbreproduction/outputs/e13_engineered_homography_100subaction/experiments/E13/pipeline_outputs/subaction_17_P01_109_17/episode_01_left/frame_001424_left/contact_frame.png,/Users/huhu/Documents/Code/bishe/vrb/vrbreproduction/outputs/e13_engineered_homography_100subaction/experiments/E13/pipeline_outputs/subaction_17_P01_109_17/episode_01_left/frame_001424_left/contact_overlay.png,/Users/huhu/Documents/Code/bishe/vrb/vrbreproduction/outputs/e13_engineered_homography_100subaction/experiments/E13/pipeline_outputs/subaction_17_P01_109_17/episode_01_left/frame_001424_left/projection_overlay_raw_vs_snapped.png,/Users/huhu/Documents/Code/bishe/vrb/vrbreproduction/outputs/e13_engineered_homography_100subaction/experiments/E13/pipeline_outputs/subaction_17_P01_109_17/episode_01_left/frame_001424_left/homography_matches.png,/Users/huhu/Documents/Code/bishe/vrb/vrbreproduction/outputs/e13_engineered_homography_100subaction/experiments/E13/pipeline_outputs/subaction_17_P01_109_17/episode_01_left/frame_001424_left/label_heatmap_merged.npy,/Users/huhu/Documents/Code/bishe/vrb/vrbreproduction/outputs/e13_engineered_homography_100subaction/experiments/E13/pipeline_outputs/subaction_17_P01_109_17/episode_01_left/frame_001424_left/label_heatmap_merged.png,/Users/huhu/Documents/Code/bishe/vrb/vrbreproduction/outputs/e13_engineered_homography_100subaction/experiments/E13/pipeline_outputs/subaction_17_P01_109_17/episode_01_left/frame_001424_left/label_heatmap_merged_overlay.png,/Users/huhu/Documents/Code/bishe/vrb/vrbreproduction/outputs/e13_engineered_homography_100subaction/experiments/E13/pipeline_outputs/subaction_17_P01_109_17/episode_01_left/frame_001424_left/vrb_style_affordance.png,"(256, 456)",True,/Users/huhu/Documents/Code/bishe/vrb/vrbreproduction/outputs/e13_engineered_homography_100subaction/experiments/E13/pipeline_outputs/subaction_17_P01_109_17/episode_01_left/frame_001424_left/diagnostics/problem3_ref_full_overlay.png,/Users/huhu/Documents/Code/bishe/vrb/vrbreproduction/outputs/e13_engineered_homography_100subaction/experiments/E13/pipeline_outputs/subaction_17_P01_109_17/episode_01_left/frame_001424_left/diagnostics/problem3_ref_crop.png,33.0,0.8585858585858586,52.0,53.0,0.6816704869270325,SIFT,,17:1424:left
E13,E13_engineered_homography_projection,new_contact_episode_early_frames,short_window_pre_contact_nearest_no_contact,18,P01_109_18,P01_109,pick up rucksack,pick-up,rucksack,['rucksack'],1485,1527,1484,1526,0.0,1496.0,1497.0,right,keep,Cell4_label_heatmap,,,252,1495.0,1496.0,1.0,1.0,1.0,6,0.0,covariance,9.289259259259259,/Users/huhu/Documents/Code/bishe/vrb/vrbreproduction/outputs/e13_engineered_homography_100subaction/experiments/E13/pipeline_outputs/subaction_18_P01_109_18/episode_01_right/frame_001496_right,short_window_pre_contact,nearest_frame_before_new_contact_episode,False,False,False,False,False,False,False,False,"(196, 93, 346, 243)",0.10311111111111111,,0,{},,,,True,1496.0,1497.0,1516.0,0.0,1496.0,1493.0,1495.0,3.0,1493.0,1495.0,1493.0,1495.0,60.0,False,1493.0,1495.0,True,True,True,21.0,4,True,1.0,right,smoothed_contact_0_to_1,True,snapped_to_reference_object_mask,"(188.99999928474426, 10.0, 337.99998807907104, 200.0)",0.9707801938056946,0.937049198273685,3.3380351066589355,"(187.95323181152344, 10.72946548461914, 334.159423828125, 194.7225799560547)",,63.27291804050408,5.0,1.0,5.0,0.0,"[0.0, 0.0, 0.0, 0.0, 0.0]","[[281.6682  167.15012]
 [255.07544 177.55629]
 [259.17032 155.27835]
 [291.0196  178.29373]
 [269.3683  160.69756]]","[[281.6682  167.15012]
 [255.07544 177.55629]
 [259.17032 155.27835]
 [291.0196  178.29373]
 [269.3683  160.69756]]",False,record_only,new_contact_episode,new_contact_episode,P01_109_sub018_ep01_right,smoothed_contact_run_start_within_subaction,rucksack,['rucksack'],,,,,,,,36,4,1493.0,/Users/huhu/Documents/Code/bishe/vrb/vrbreproduction/outputs/e13_engineered_homography_100subaction/experiments/E13/pipeline_outputs/subaction_18_P01_109_18/episode_01_right/frame_001496_right/reference_frame.png,/Users/huhu/Documents/Code/bishe/vrb/vrbreproduction/outputs/e13_engineered_homography_100subaction/experiments/E13/pipeline_outputs/subaction_18_P01_109_18/episode_01_right/frame_001496_right/contact_frame.png,/Users/huhu/Documents/Code/bishe/vrb/vrbreproduction/outputs/e13_engineered_homography_100subaction/experiments/E13/pipeline_outputs/subaction_18_P01_109_18/episode_01_right/frame_001496_right/contact_overlay.png,/Users/huhu/Documents/Code/bishe/vrb/vrbreproduction/outputs/e13_engineered_homography_100subaction/experiments/E13/pipeline_outputs/subaction_18_P01_109_18/episode_01_right/frame_001496_right/projection_overlay_raw_vs_snapped.png,/Users/huhu/Documents/Code/bishe/vrb/vrbreproduction/outputs/e13_engineered_homography_100subaction/experiments/E13/pipeline_outputs/subaction_18_P01_109_18/episode_01_right/frame_001496_right/homography_matches.png,/Users/huhu/Documents/Code/bishe/vrb/vrbreproduction/outputs/e13_engineered_homography_100subaction/experiments/E13/pipeline_outputs/subaction_18_P01_109_18/episode_01_right/frame_001496_right/label_heatmap_merged.npy,/Users/huhu/Documents/Code/bishe/vrb/vrbreproduction/outputs/e13_engineered_homography_100subaction/experiments/E13/pipeline_outputs/subaction_18_P01_109_18/episode_01_right/frame_001496_right/label_heatmap_merged.png,/Users/huhu/Documents/Code/bishe/vrb/vrbreproduction/outputs/e13_engineered_homography_100subaction/experiments/E13/pipeline_outputs/subaction_18_P01_109_18/episode_01_right/frame_001496_right/label_heatmap_merged_overlay.png,/Users/huhu/Documents/Code/bishe/vrb/vrbreproduction/outputs/e13_engineered_homography_100subaction/experiments/E13/pipeline_outputs/subaction_18_P01_109_18/episode_01_right/frame_001496_right/vrb_style_affordance.png,"(256, 456)",True,/Users/huhu/Documents/Code/bishe/vrb/vrbreproduction/outputs/e13_engineered_homography_100subaction/experiments/E13/pipeline_outputs/subaction_18_P01_109_18/episode_01_right/frame_001496_right/diagnostics/problem3_ref_full_overlay.png,/Users/huhu/Documents/Code/bishe/vrb/vrbreproduction/outputs/e13_engineered_homography_100subaction/experiments/E13/pipeline_outputs/subaction_18_P01_109_18/episode_01_right/frame_001496_right/diagnostics/problem3_ref_crop.png,21.0,0.6296296296296297,17.0,27.0,0.5791491866111755,SIFT,,18:1496:right
E13,E13_engineered_homography_projection,new_contact_episode_early_frames,short_window_pre_contact_nearest_no_contact,18,P01_109_18,P01_109,pick up rucksack,pick-up,rucksack,['rucksack'],1485,1527,1484,1526,1.0,1497.0,1498.0,right,keep,Cell4_label_heatmap,,,286,1495.0,1496.0,2.0,2.0,1.0,6,0.0,covariance,9.75925925925926,/Users/huhu/Documents/Code/bishe/vrb/vrbreproduction/outputs/e13_engineered_homography_100subaction/experiments/E13/pipeline_outputs/subaction_18_P01_109_18/episode_01_right/frame_001497_right,short_window_pre_contact,nearest_frame_before_new_contact_episode,False,False,False,False,False,False,False,False,"(194, 99, 344, 249)",0.10311111111111111,,0,{},,,,True,1496.0,1497.0,1516.0,1.0,1496.0,1493.0,1495.0,3.0,1493.0,1495.0,1493.0,1495.0,60.0,False,1493.0,1495.0,True,False,True,21.0,4,False,1.0,right,smoothed_contact_0_to_1,True,snapped_to_reference_object_mask,"(188.99999928474426, 10.0, 337.99998807907104, 200.0)",0.9707801938056946,0.9333269717130456,3.8880414962768555,"(188.88902282714844, 9.00256061553955, 341.2187805175781, 208.12548828125)",,69.16373492769783,5.0,1.0,5.0,0.0,"[0.0, 0.0, 0.0, 0.0, 0.0]","[[277.06674 165.22571]
 [255.01595 198.99678]
 [267.4804  157.80794]
 [290.4436  174.31287]
 [254.70404 173.40323]]","[[277.06674 165.22571]
 [255.01595 198.99678]
 [267.4804  157.80794]
 [290.4436  174.31287]
 [254.70404 173.40323]]",False,record_only,new_contact_episode,new_contact_episode,P01_109_sub018_ep01_right,smoothed_contact_run_start_within_subaction,rucksack,['rucksack'],,,,,,,,36,4,1493.0,/Users/huhu/Documents/Code/bishe/vrb/vrbreproduction/outputs/e13_engineered_homography_100subaction/experiments/E13/pipeline_outputs/subaction_18_P01_109_18/episode_01_right/frame_001497_right/reference_frame.png,/Users/huhu/Documents/Code/bishe/vrb/vrbreproduction/outputs/e13_engineered_homography_100subaction/experiments/E13/pipeline_outputs/subaction_18_P01_109_18/episode_01_right/frame_001497_right/contact_frame.png,/Users/huhu/Documents/Code/bishe/vrb/vrbreproduction/outputs/e13_engineered_homography_100subaction/experiments/E13/pipeline_outputs/subaction_18_P01_109_18/episode_01_right/frame_001497_right/contact_overlay.png,/Users/huhu/Documents/Code/bishe/vrb/vrbreproduction/outputs/e13_engineered_homography_100subaction/experiments/E13/pipeline_outputs/subaction_18_P01_109_18/episode_01_right/frame_001497_right/projection_overlay_raw_vs_snapped.png,/Users/huhu/Documents/Code/bishe/vrb/vrbreproduction/outputs/e13_engineered_homography_100subaction/experiments/E13/pipeline_outputs/subaction_18_P01_109_18/episode_01_right/frame_001497_right/homography_matches.png,/Users/huhu/Documents/Code/bishe/vrb/vrbreproduction/outputs/e13_engineered_homography_100subaction/experiments/E13/pipeline_outputs/subaction_18_P01_109_18/episode_01_right/frame_001497_right/label_heatmap_merged.npy,/Users/huhu/Documents/Code/bishe/vrb/vrbreproduction/outputs/e13_engineered_homography_100subaction/experiments/E13/pipeline_outputs/subaction_18_P01_109_18/episode_01_right/frame_001497_right/label_heatmap_merged.png,/Users/huhu/Documents/Code/bishe/vrb/vrbreproduction/outputs/e13_engineered_homography_100subaction/experiments/E13/pipeline_outputs/subaction_18_P01_109_18/episode_01_right/frame_001497_right/label_heatmap_merged_overlay.png,/Users/huhu/Documents/Code/bishe/vrb/vrbreproduction/outputs/e13_engineered_homography_100subaction/experiments/E13/pipeline_outputs/subaction_18_P01_109_18/episode_01_right/frame_001497_right/vrb_style_affordance.png,"(256, 456)",True,/Users/huhu/Documents/Code/bishe/vrb/vrbreproduction/outputs/e13_engineered_homography_100subaction/experiments/E13/pipeline_outputs/subaction_18_P01_109_18/episode_01_right/frame_001497_right/diagnostics/problem3_ref_full_overlay.png,/Users/huhu/Documents/Code/bishe/vrb/vrbreproduction/outputs/e13_engineered_homography_100subaction/experiments/E13/pipeline_outputs/subaction_18_P01_109_18/episode_01_right/frame_001497_right/diagnostics/problem3_ref_crop.png,27.0,0.6296296296296297,17.0,27.0,0.5791491866111755,SIFT,,18:1497:right
E13,E13_engineered_homography_projection,new_contact_episode_early_frames,short_window_pre_contact_nearest_no_contact,18,P01_109_18,P01_109,pick up rucksack,pick-up,rucksack,['rucksack'],1485,1527,1484,1526,2.0,1498.0,1499.0,right,keep,Cell4_label_heatmap,,,259,1495.0,1496.0,3.0,3.0,1.0,6,0.0,covariance,9.00925925925926,/Users/huhu/Documents/Code/bishe/vrb/vrbreproduction/outputs/e13_engineered_homography_100subaction/experiments/E13/pipeline_outputs/subaction_18_P01_109_18/episode_01_right/frame_001498_right,short_window_pre_contact,nearest_frame_before_new_contact_episode,False,False,False,False,False,False,False,False,"(193, 99, 343, 249)",0.10311111111111111,,0,{},,,,True,1496.0,1497.0,1516.0,2.0,1496.0,1493.0,1495.0,3.0,1493.0,1495.0,1493.0,1495.0,60.0,False,1493.0,1495.0,True,False,True,21.0,4,False,1.0,right,smoothed_contact_0_to_1,True,snapped_to_reference_object_mask,"(188.99999928474426, 10.0, 337.99998807907104, 200.0)",0.9707801938056946,0.9603775351709692,1.9768306016921997,"(186.9892120361328, 9.295575141906738, 336.58489990234375, 202.6779022216797)",,68.67538753932854,5.0,1.0,5.0,0.0,"[0.0, 0.0, 0.0, 0.0, 0.0]","[[275.80182 161.66083]
 [290.9388  177.9785 ]
 [262.5834  163.28703]
 [255.91878 193.8779 ]
 [254.38185 170.85916]]","[[275.80182 161.66083]
 [290.9388  177.9785 ]
 [262.5834  163.28703]
 [255.91878 193.8779 ]
 [254.38185 170.85916]]",False,record_only,new_contact_episode,new_contact_episode,P01_109_sub018_ep01_right,smoothed_contact_run_start_within_subaction,rucksack,['rucksack'],,,,,,,,36,4,1493.0,/Users/huhu/Documents/Code/bishe/vrb/vrbreproduction/outputs/e13_engineered_homography_100subaction/experiments/E13/pipeline_outputs/subaction_18_P01_109_18/episode_01_right/frame_001498_right/reference_frame.png,/Users/huhu/Documents/Code/bishe/vrb/vrbreproduction/outputs/e13_engineered_homography_100subaction/experiments/E13/pipeline_outputs/subaction_18_P01_109_18/episode_01_right/frame_001498_right/contact_frame.png,/Users/huhu/Documents/Code/bishe/vrb/vrbreproduction/outputs/e13_engineered_homography_100subaction/experiments/E13/pipeline_outputs/subaction_18_P01_109_18/episode_01_right/frame_001498_right/contact_overlay.png,/Users/huhu/Documents/Code/bishe/vrb/vrbreproduction/outputs/e13_engineered_homography_100subaction/experiments/E13/pipeline_outputs/subaction_18_P01_109_18/episode_01_right/frame_001498_right/projection_overlay_raw_vs_snapped.png,/Users/huhu/Documents/Code/bishe/vrb/vrbreproduction/outputs/e13_engineered_homography_100subaction/experiments/E13/pipeline_outputs/subaction_18_P01_109_18/episode_01_right/frame_001498_right/homography_matches.png,/Users/huhu/Documents/Code/bishe/vrb/vrbreproduction/outputs/e13_engineered_homography_100subaction/experiments/E13/pipeline_outputs/subaction_18_P01_109_18/episode_01_right/frame_001498_right/label_heatmap_merged.npy,/Users/huhu/Documents/Code/bishe/vrb/vrbreproduction/outputs/e13_engineered_homography_100subaction/experiments/E13/pipeline_outputs/subaction_18_P01_109_18/episode_01_right/frame_001498_right/label_heatmap_merged.png,/Users/huhu/Documents/Code/bishe/vrb/vrbreproduction/outputs/e13_engineered_homography_100subaction/experiments/E13/pipeline_outputs/subaction_18_P01_109_18/episode_01_right/frame_001498_right/label_heatmap_merged_overlay.png,/Users/huhu/Documents/Code/bishe/vrb/vrbreproduction/outputs/e13_engineered_homography_100subaction/experiments/E13/pipeline_outputs/subaction_18_P01_109_18/episode_01_right/frame_001498_right/vrb_style_affordance.png,"(256, 456)",True,/Users/huhu/Documents/Code/bishe/vrb/vrbreproduction/outputs/e13_engineered_homography_100subaction/experiments/E13/pipeline_outputs/subaction_18_P01_109_18/episode_01_right/frame_001498_right/diagnostics/problem3_ref_full_overlay.png,/Users/huhu/Documents/Code/bishe/vrb/vrbreproduction/outputs/e13_engineered_homography_100subaction/experiments/E13/pipeline_outputs/subaction_18_P01_109_18/episode_01_right/frame_001498_right/diagnostics/problem3_ref_crop.png,33.0,0.6296296296296297,17.0,27.0,0.5791491866111755,SIFT,,18:1498:right
E13,E13_engineered_homography_projection,new_contact_episode_early_frames,short_window_pre_contact_nearest_no_contact,18,P01_109_18,P01_109,pick up rucksack,pick-up,rucksack,['rucksack'],1485,1527,1484,1526,3.0,1518.0,1519.0,right,keep,Cell4_label_heatmap,,,142,1517.0,1518.0,1.0,1.0,1.0,5,1.0,covariance,6.623103448275862,/Users/huhu/Documents/Code/bishe/vrb/vrbreproduction/outputs/e13_engineered_homography_100subaction/experiments/E13/pipeline_outputs/subaction_18_P01_109_18/episode_02_right/frame_001518_right,short_window_pre_contact,nearest_frame_before_new_contact_episode,False,False,False,False,False,False,False,False,"(209, 92, 359, 242)",0.09813333333333334,,0,{},,,,True,1518.0,1519.0,1518.0,0.0,1518.0,1517.0,1517.0,1.0,1517.0,1517.0,1517.0,1517.0,60.0,False,1517.0,1517.0,True,True,True,1.0,4,True,2.0,right,smoothed_contact_0_to_1,True,snapped_to_reference_object_mask,"(213.99999904632568, 52.0, 332.00001096725464, 191.0)",0.988493025302887,0.9423465658055543,3.5462331771850586,"(213.72216796875, 50.00395202636719, 332.6880187988281, 185.9154510498047)",,46.93056001178213,5.0,1.0,5.0,0.0,"[0.0, 0.0, 0.0, 0.0, 0.0]","[[294.57208 159.56155]
 [269.00372 178.05237]
 [276.29413 154.84346]
 [311.3475  178.98424]
 [267.44675 164.49228]]","[[294.57208 159.56155]
 [269.00372 178.05237]
 [276.29413 154.84346]
 [311.3475  178.98424]
 [267.44675 164.49228]]",False,record_only,new_contact_episode,new_contact_episode,P01_109_sub018_ep02_right,smoothed_contact_run_start_within_subaction,rucksack,['rucksack'],,,,,,,,36,4,1517.0,/Users/huhu/Documents/Code/bishe/vrb/vrbreproduction/outputs/e13_engineered_homography_100subaction/experiments/E13/pipeline_outputs/subaction_18_P01_109_18/episode_02_right/frame_001518_right/reference_frame.png,/Users/huhu/Documents/Code/bishe/vrb/vrbreproduction/outputs/e13_engineered_homography_100subaction/experiments/E13/pipeline_outputs/subaction_18_P01_109_18/episode_02_right/frame_001518_right/contact_frame.png,/Users/huhu/Documents/Code/bishe/vrb/vrbreproduction/outputs/e13_engineered_homography_100subaction/experiments/E13/pipeline_outputs/subaction_18_P01_109_18/episode_02_right/frame_001518_right/contact_overlay.png,/Users/huhu/Documents/Code/bishe/vrb/vrbreproduction/outputs/e13_engineered_homography_100subaction/experiments/E13/pipeline_outputs/subaction_18_P01_109_18/episode_02_right/frame_001518_right/projection_overlay_raw_vs_snapped.png,/Users/huhu/Documents/Code/bishe/vrb/vrbreproduction/outputs/e13_engineered_homography_100subaction/experiments/E13/pipeline_outputs/subaction_18_P01_109_18/episode_02_right/frame_001518_right/homography_matches.png,/Users/huhu/Documents/Code/bishe/vrb/vrbreproduction/outputs/e13_engineered_homography_100subaction/experiments/E13/pipeline_outputs/subaction_18_P01_109_18/episode_02_right/frame_001518_right/label_heatmap_merged.npy,/Users/huhu/Documents/Code/bishe/vrb/vrbreproduction/outputs/e13_engineered_homography_100subaction/experiments/E13/pipeline_outputs/subaction_18_P01_109_18/episode_02_right/frame_001518_right/label_heatmap_merged.png,/Users/huhu/Documents/Code/bishe/vrb/vrbreproduction/outputs/e13_engineered_homography_100subaction/experiments/E13/pipeline_outputs/subaction_18_P01_109_18/episode_02_right/frame_001518_right/label_heatmap_merged_overlay.png,/Users/huhu/Documents/Code/bishe/vrb/vrbreproduction/outputs/e13_engineered_homography_100subaction/experiments/E13/pipeline_outputs/subaction_18_P01_109_18/episode_02_right/frame_001518_right/vrb_style_affordance.png,"(256, 456)",True,/Users/huhu/Documents/Code/bishe/vrb/vrbreproduction/outputs/e13_engineered_homography_100subaction/experiments/E13/pipeline_outputs/subaction_18_P01_109_18/episode_02_right/frame_001518_right/diagnostics/problem3_ref_full_overlay.png,/Users/huhu/Documents/Code/bishe/vrb/vrbreproduction/outputs/e13_engineered_homography_100subaction/experiments/E13/pipeline_outputs/subaction_18_P01_109_18/episode_02_right/frame_001518_right/diagnostics/problem3_ref_crop.png,15.0,0.896551724137931,32.0,32.0,0.8738405108451843,SIFT,,18:1518:right
E13,E13_engineered_homography_projection,new_contact_episode_early_frames,short_window_pre_contact_nearest_no_contact,18,P01_109_18,P01_109,pick up rucksack,pick-up,rucksack,['rucksack'],1485,1527,1484,1526,5.0,1523.0,1524.0,right,keep,Cell4_label_heatmap,,,138,1522.0,1523.0,1.0,1.0,1.0,6,0.0,covariance,7.366438356164384,/Users/huhu/Documents/Code/bishe/vrb/vrbreproduction/outputs/e13_engineered_homography_100subaction/experiments/E13/pipeline_outputs/subaction_18_P01_109_18/episode_04_right/frame_001523_right,short_window_pre_contact,nearest_frame_before_new_contact_episode,False,False,False,False,False,False,False,False,"(213, 77, 363, 227)",0.07626666666666666,,0,{},,,,True,1523.0,1524.0,1528.0,0.0,1523.0,1522.0,1522.0,1.0,1522.0,1522.0,1522.0,1522.0,60.0,False,1522.0,1522.0,True,True,True,6.0,4,True,4.0,right,smoothed_contact_0_to_1,True,snapped_to_reference_object_mask,"(220.99999952316284, 80.0, 327.00000286102295, 180.0)",0.9954968690872192,0.9311752063339092,1.947488784790039,"(222.04159545898438, 80.93083953857422, 329.08172607421875, 176.74195861816406)",,25.573328822816556,5.0,1.0,5.0,0.0,"[0.0, 0.0, 0.0, 0.0, 0.0]","[[299.46774 146.29973]
 [267.19824 161.64043]
 [275.11655 143.53363]
 [307.94327 160.87564]
 [289.0012  145.4766 ]]","[[299.46774 146.29973]
 [267.19824 161.64043]
 [275.11655 143.53363]
 [307.94327 160.87564]
 [289.0012  145.4766 ]]",False,record_only,new_contact_episode,new_contact_episode,P01_109_sub018_ep04_right,smoothed_contact_run_start_within_subaction,rucksack,['rucksack'],,,,,,,,36,4,1522.0,/Users/huhu/Documents/Code/bishe/vrb/vrbreproduction/outputs/e13_engineered_homography_100subaction/experiments/E13/pipeline_outputs/subaction_18_P01_109_18/episode_04_right/frame_001523_right/reference_frame.png,/Users/huhu/Documents/Code/bishe/vrb/vrbreproduction/outputs/e13_engineered_homography_100subaction/experiments/E13/pipeline_outputs/subaction_18_P01_109_18/episode_04_right/frame_001523_right/contact_frame.png,/Users/huhu/Documents/Code/bishe/vrb/vrbreproduction/outputs/e13_engineered_homography_100subaction/experiments/E13/pipeline_outputs/subaction_18_P01_109_18/episode_04_right/frame_001523_right/contact_overlay.png,/Users/huhu/Documents/Code/bishe/vrb/vrbreproduction/outputs/e13_engineered_homography_100subaction/experiments/E13/pipeline_outputs/subaction_18_P01_109_18/episode_04_right/frame_001523_right/projection_overlay_raw_vs_snapped.png,/Users/huhu/Documents/Code/bishe/vrb/vrbreproduction/outputs/e13_engineered_homography_100subaction/experiments/E13/pipeline_outputs/subaction_18_P01_109_18/episode_04_right/frame_001523_right/homography_matches.png,/Users/huhu/Documents/Code/bishe/vrb/vrbreproduction/outputs/e13_engineered_homography_100subaction/experiments/E13/pipeline_outputs/subaction_18_P01_109_18/episode_04_right/frame_001523_right/label_heatmap_merged.npy,/Users/huhu/Documents/Code/bishe/vrb/vrbreproduction/outputs/e13_engineered_homography_100subaction/experiments/E13/pipeline_outputs/subaction_18_P01_109_18/episode_04_right/frame_001523_right/label_heatmap_merged.png,/Users/huhu/Documents/Code/bishe/vrb/vrbreproduction/outputs/e13_engineered_homography_100subaction/experiments/E13/pipeline_outputs/subaction_18_P01_109_18/episode_04_right/frame_001523_right/label_heatmap_merged_overlay.png,/Users/huhu/Documents/Code/bishe/vrb/vrbreproduction/outputs/e13_engineered_homography_100subaction/experiments/E13/pipeline_outputs/subaction_18_P01_109_18/episode_04_right/frame_001523_right/vrb_style_affordance.png,"(256, 456)",True,/Users/huhu/Documents/Code/bishe/vrb/vrbreproduction/outputs/e13_engineered_homography_100subaction/experiments/E13/pipeline_outputs/subaction_18_P01_109_18/episode_04_right/frame_001523_right/diagnostics/problem3_ref_full_overlay.png,/Users/huhu/Documents/Code/bishe/vrb/vrbreproduction/outputs/e13_engineered_homography_100subaction/experiments/E13/pipeline_outputs/subaction_18_P01_109_18/episode_04_right/frame_001523_right/diagnostics/problem3_ref_crop.png,21.0,0.8082191780821918,52.0,56.0,1.3498754501342773,SIFT,,18:1523:right
E13,E13_engineered_homography_projection,new_contact_episode_early_frames,short_window_pre_contact_nearest_no_contact,18,P01_109_18,P01_109,pick up rucksack,pick-up,rucksack,['rucksack'],1485,1527,1484,1526,6.0,1524.0,1525.0,right,keep,Cell4_label_heatmap,,,155,1522.0,1523.0,2.0,2.0,1.0,6,0.0,covariance,7.496438356164384,/Users/huhu/Documents/Code/bishe/vrb/vrbreproduction/outputs/e13_engineered_homography_100subaction/experiments/E13/pipeline_outputs/subaction_18_P01_109_18/episode_04_right/frame_001524_right,short_window_pre_contact,nearest_frame_before_new_contact_episode,False,False,False,False,False,False,False,False,"(206, 79, 356, 229)",0.07626666666666666,,0,{},,,,True,1523.0,1524.0,1528.0,1.0,1523.0,1522.0,1522.0,1.0,1522.0,1522.0,1522.0,1522.0,60.0,False,1522.0,1522.0,True,False,True,6.0,4,False,4.0,right,smoothed_contact_0_to_1,True,snapped_to_reference_object_mask,"(220.99999952316284, 80.0, 327.00000286102295, 180.0)",0.9954968690872192,0.9265336133474682,2.1559817790985107,"(217.74295043945312, 83.39220428466797, 328.06158447265625, 180.3190155029297)",,24.840688774828756,5.0,1.0,5.0,0.0,"[0.0, 0.0, 0.0, 0.0, 0.0]","[[266.05243 156.32013]
 [308.2956  159.42708]
 [273.66425 139.59799]
 [265.02258 173.38756]
 [291.02982 140.70808]]","[[266.05243 156.32013]
 [308.2956  159.42708]
 [273.66425 139.59799]
 [265.02258 173.38756]
 [291.02982 140.70808]]",False,record_only,new_contact_episode,new_contact_episode,P01_109_sub018_ep04_right,smoothed_contact_run_start_within_subaction,rucksack,['rucksack'],,,,,,,,36,4,1522.0,/Users/huhu/Documents/Code/bishe/vrb/vrbreproduction/outputs/e13_engineered_homography_100subaction/experiments/E13/pipeline_outputs/subaction_18_P01_109_18/episode_04_right/frame_001524_right/reference_frame.png,/Users/huhu/Documents/Code/bishe/vrb/vrbreproduction/outputs/e13_engineered_homography_100subaction/experiments/E13/pipeline_outputs/subaction_18_P01_109_18/episode_04_right/frame_001524_right/contact_frame.png,/Users/huhu/Documents/Code/bishe/vrb/vrbreproduction/outputs/e13_engineered_homography_100subaction/experiments/E13/pipeline_outputs/subaction_18_P01_109_18/episode_04_right/frame_001524_right/contact_overlay.png,/Users/huhu/Documents/Code/bishe/vrb/vrbreproduction/outputs/e13_engineered_homography_100subaction/experiments/E13/pipeline_outputs/subaction_18_P01_109_18/episode_04_right/frame_001524_right/projection_overlay_raw_vs_snapped.png,/Users/huhu/Documents/Code/bishe/vrb/vrbreproduction/outputs/e13_engineered_homography_100subaction/experiments/E13/pipeline_outputs/subaction_18_P01_109_18/episode_04_right/frame_001524_right/homography_matches.png,/Users/huhu/Documents/Code/bishe/vrb/vrbreproduction/outputs/e13_engineered_homography_100subaction/experiments/E13/pipeline_outputs/subaction_18_P01_109_18/episode_04_right/frame_001524_right/label_heatmap_merged.npy,/Users/huhu/Documents/Code/bishe/vrb/vrbreproduction/outputs/e13_engineered_homography_100subaction/experiments/E13/pipeline_outputs/subaction_18_P01_109_18/episode_04_right/frame_001524_right/label_heatmap_merged.png,/Users/huhu/Documents/Code/bishe/vrb/vrbreproduction/outputs/e13_engineered_homography_100subaction/experiments/E13/pipeline_outputs/subaction_18_P01_109_18/episode_04_right/frame_001524_right/label_heatmap_merged_overlay.png,/Users/huhu/Documents/Code/bishe/vrb/vrbreproduction/outputs/e13_engineered_homography_100subaction/experiments/E13/pipeline_outputs/subaction_18_P01_109_18/episode_04_right/frame_001524_right/vrb_style_affordance.png,"(256, 456)",True,/Users/huhu/Documents/Code/bishe/vrb/vrbreproduction/outputs/e13_engineered_homography_100subaction/experiments/E13/pipeline_outputs/subaction_18_P01_109_18/episode_04_right/frame_001524_right/diagnostics/problem3_ref_full_overlay.png,/Users/huhu/Documents/Code/bishe/vrb/vrbreproduction/outputs/e13_engineered_homography_100subaction/experiments/E13/pipeline_outputs/subaction_18_P01_109_18/episode_04_right/frame_001524_right/diagnostics/problem3_ref_crop.png,27.0,0.8082191780821918,52.0,56.0,1.3498754501342773,SIFT,,18:1524:right
E13,E13_engineered_homography_projection,new_contact_episode_early_frames,short_window_pre_contact_nearest_no_contact,18,P01_109_18,P01_109,pick up rucksack,pick-up,rucksack,['rucksack'],1485,1527,1484,1526,7.0,1525.0,1526.0,right,keep,Cell4_label_heatmap,,,114,1522.0,1523.0,3.0,3.0,1.0,5,1.0,covariance,5.4664383561643834,/Users/huhu/Documents/Code/bishe/vrb/vrbreproduction/outputs/e13_engineered_homography_100subaction/experiments/E13/pipeline_outputs/subaction_18_P01_109_18/episode_04_right/frame_001525_right,short_window_pre_contact,nearest_frame_before_new_contact_episode,False,False,False,False,False,False,False,False,"(209, 69, 359, 219)",0.07626666666666666,,0,{},,,,True,1523.0,1524.0,1528.0,2.0,1523.0,1522.0,1522.0,1.0,1522.0,1522.0,1522.0,1522.0,60.0,False,1522.0,1522.0,True,False,True,6.0,4,False,4.0,right,smoothed_contact_0_to_1,True,snapped_to_reference_object_mask,"(220.99999952316284, 80.0, 327.00000286102295, 180.0)",0.9954968690872192,0.8155779837155699,2.852862596511841,"(218.35787963867188, 85.8296127319336, 325.3103942871094, 170.4567108154297)",,17.115891892012645,5.0,1.0,5.0,0.0,"[0.0, 0.0, 0.0, 0.0, 0.0]","[[290.89377 136.70332]
 [308.40167 156.08022]
 [272.95804 135.63406]
 [264.56006 153.6963 ]
 [283.77536 136.9123 ]]","[[290.89377 136.70332]
 [308.40167 156.08022]
 [272.95804 135.63406]
 [264.56006 153.6963 ]
 [283.77536 136.9123 ]]",False,record_only,new_contact_episode,new_contact_episode,P01_109_sub018_ep04_right,smoothed_contact_run_start_within_subaction,rucksack,['rucksack'],,,,,,,,36,4,1522.0,/Users/huhu/Documents/Code/bishe/vrb/vrbreproduction/outputs/e13_engineered_homography_100subaction/experiments/E13/pipeline_outputs/subaction_18_P01_109_18/episode_04_right/frame_001525_right/reference_frame.png,/Users/huhu/Documents/Code/bishe/vrb/vrbreproduction/outputs/e13_engineered_homography_100subaction/experiments/E13/pipeline_outputs/subaction_18_P01_109_18/episode_04_right/frame_001525_right/contact_frame.png,/Users/huhu/Documents/Code/bishe/vrb/vrbreproduction/outputs/e13_engineered_homography_100subaction/experiments/E13/pipeline_outputs/subaction_18_P01_109_18/episode_04_right/frame_001525_right/contact_overlay.png,/Users/huhu/Documents/Code/bishe/vrb/vrbreproduction/outputs/e13_engineered_homography_100subaction/experiments/E13/pipeline_outputs/subaction_18_P01_109_18/episode_04_right/frame_001525_right/projection_overlay_raw_vs_snapped.png,/Users/huhu/Documents/Code/bishe/vrb/vrbreproduction/outputs/e13_engineered_homography_100subaction/experiments/E13/pipeline_outputs/subaction_18_P01_109_18/episode_04_right/frame_001525_right/homography_matches.png,/Users/huhu/Documents/Code/bishe/vrb/vrbreproduction/outputs/e13_engineered_homography_100subaction/experiments/E13/pipeline_outputs/subaction_18_P01_109_18/episode_04_right/frame_001525_right/label_heatmap_merged.npy,/Users/huhu/Documents/Code/bishe/vrb/vrbreproduction/outputs/e13_engineered_homography_100subaction/experiments/E13/pipeline_outputs/subaction_18_P01_109_18/episode_04_right/frame_001525_right/label_heatmap_merged.png,/Users/huhu/Documents/Code/bishe/vrb/vrbreproduction/outputs/e13_engineered_homography_100subaction/experiments/E13/pipeline_outputs/subaction_18_P01_109_18/episode_04_right/frame_001525_right/label_heatmap_merged_overlay.png,/Users/huhu/Documents/Code/bishe/vrb/vrbreproduction/outputs/e13_engineered_homography_100subaction/experiments/E13/pipeline_outputs/subaction_18_P01_109_18/episode_04_right/frame_001525_right/vrb_style_affordance.png,"(256, 456)",True,/Users/huhu/Documents/Code/bishe/vrb/vrbreproduction/outputs/e13_engineered_homography_100subaction/experiments/E13/pipeline_outputs/subaction_18_P01_109_18/episode_04_right/frame_001525_right/diagnostics/problem3_ref_full_overlay.png,/Users/huhu/Documents/Code/bishe/vrb/vrbreproduction/outputs/e13_engineered_homography_100subaction/experiments/E13/pipeline_outputs/subaction_18_P01_109_18/episode_04_right/frame_001525_right/diagnostics/problem3_ref_crop.png,25.0,0.8082191780821918,52.0,56.0,1.3498754501342773,SIFT,,18:1525:right
E13,E13_engineered_homography_projection,new_contact_episode_early_frames,short_window_pre_contact_nearest_no_contact,20,P01_109_20,P01_109,close door,close,door,['door'],1812,1946,1811,1945,0.0,1827.0,1828.0,left,keep,Cell4_label_heatmap,,,296,1826.0,1827.0,1.0,1.0,1.0,5,1.0,covariance,9.756153846153847,/Users/huhu/Documents/Code/bishe/vrb/vrbreproduction/outputs/e13_engineered_homography_100subaction/experiments/E13/pipeline_outputs/subaction_20_P01_109_20/episode_01_left/frame_001827_left,short_window_pre_contact,nearest_frame_before_new_contact_episode,False,False,False,False,False,False,False,False,"(241, 34, 391, 184)",0.09146666666666667,,0,{},,,,True,1827.0,1828.0,1830.0,0.0,1827.0,1683.0,1826.0,144.0,1683.0,1826.0,1767.0,1826.0,60.0,True,1767.0,1826.0,True,True,True,4.0,7,True,1.0,left,smoothed_contact_0_to_1,True,snapped_to_reference_object_mask,"(291.0000042915344, 7.0, 448.99999952316284, 222.0)",0.764340341091156,0.8450827636555456,9.687483787536621,"(283.9906005859375, 0.0, 436.90875244140625, 225.75120544433594)",,54.02372767215573,4.0,1.0,4.0,0.9031605124473572,"[0.9031605124473572, 0.0, 0.0, 0.0, 0.0]","[[321.11923  83.80013]
 [314.82657 127.47403]
 [306.45355  91.15493]
 [303.01785 110.40879]
 [336.10434 129.93965]]","[[322.       84.     ]
 [314.82657 127.47403]
 [306.45355  91.15493]
 [303.01785 110.40879]
 [336.10434 129.93965]]",True,record_only,new_contact_episode,new_contact_episode,P01_109_sub020_ep01_left,smoothed_contact_run_start_within_subaction,door,['door'],,,,,,,,33,7,1767.0,/Users/huhu/Documents/Code/bishe/vrb/vrbreproduction/outputs/e13_engineered_homography_100subaction/experiments/E13/pipeline_outputs/subaction_20_P01_109_20/episode_01_left/frame_001827_left/reference_frame.png,/Users/huhu/Documents/Code/bishe/vrb/vrbreproduction/outputs/e13_engineered_homography_100subaction/experiments/E13/pipeline_outputs/subaction_20_P01_109_20/episode_01_left/frame_001827_left/contact_frame.png,/Users/huhu/Documents/Code/bishe/vrb/vrbreproduction/outputs/e13_engineered_homography_100subaction/experiments/E13/pipeline_outputs/subaction_20_P01_109_20/episode_01_left/frame_001827_left/contact_overlay.png,/Users/huhu/Documents/Code/bishe/vrb/vrbreproduction/outputs/e13_engineered_homography_100subaction/experiments/E13/pipeline_outputs/subaction_20_P01_109_20/episode_01_left/frame_001827_left/projection_overlay_raw_vs_snapped.png,/Users/huhu/Documents/Code/bishe/vrb/vrbreproduction/outputs/e13_engineered_homography_100subaction/experiments/E13/pipeline_outputs/subaction_20_P01_109_20/episode_01_left/frame_001827_left/homography_matches.png,/Users/huhu/Documents/Code/bishe/vrb/vrbreproduction/outputs/e13_engineered_homography_100subaction/experiments/E13/pipeline_outputs/subaction_20_P01_109_20/episode_01_left/frame_001827_left/label_heatmap_merged.npy,/Users/huhu/Documents/Code/bishe/vrb/vrbreproduction/outputs/e13_engineered_homography_100subaction/experiments/E13/pipeline_outputs/subaction_20_P01_109_20/episode_01_left/frame_001827_left/label_heatmap_merged.png,/Users/huhu/Documents/Code/bishe/vrb/vrbreproduction/outputs/e13_engineered_homography_100subaction/experiments/E13/pipeline_outputs/subaction_20_P01_109_20/episode_01_left/frame_001827_left/label_heatmap_merged_overlay.png,/Users/huhu/Documents/Code/bishe/vrb/vrbreproduction/outputs/e13_engineered_homography_100subaction/experiments/E13/pipeline_outputs/subaction_20_P01_109_20/episode_01_left/frame_001827_left/vrb_style_affordance.png,"(256, 456)",True,/Users/huhu/Documents/Code/bishe/vrb/vrbreproduction/outputs/e13_engineered_homography_100subaction/experiments/E13/pipeline_outputs/subaction_20_P01_109_20/episode_01_left/frame_001827_left/diagnostics/problem3_ref_full_overlay.png,/Users/huhu/Documents/Code/bishe/vrb/vrbreproduction/outputs/e13_engineered_homography_100subaction/experiments/E13/pipeline_outputs/subaction_20_P01_109_20/episode_01_left/frame_001827_left/diagnostics/problem3_ref_crop.png,15.0,0.9230769230769231,36.0,36.0,0.6085718870162964,SIFT,,20:1827:left
E13,E13_engineered_homography_projection,new_contact_episode_early_frames,short_window_pre_contact_nearest_no_contact,20,P01_109_20,P01_109,close door,close,door,['door'],1812,1946,1811,1945,2.0,1829.0,1830.0,left,keep,Cell4_label_heatmap,,,337,1826.0,1827.0,3.0,3.0,1.0,5,1.0,covariance,10.092178217821782,/Users/huhu/Documents/Code/bishe/vrb/vrbreproduction/outputs/e13_engineered_homography_100subaction/experiments/E13/pipeline_outputs/subaction_20_P01_109_20/episode_01_left/frame_001829_left,short_window_pre_contact,nearest_frame_before_new_contact_episode,False,False,False,False,False,False,False,False,"(242, 29, 392, 179)",0.09146666666666667,,0,{},,,,True,1827.0,1828.0,1830.0,2.0,1827.0,1683.0,1826.0,144.0,1683.0,1826.0,1767.0,1826.0,60.0,True,1767.0,1826.0,True,False,True,4.0,7,False,1.0,left,smoothed_contact_0_to_1,True,snapped_to_reference_object_mask,"(291.0000042915344, 7.0, 448.99999952316284, 222.0)",0.764340341091156,0.7970902539318993,6.549933433532715,"(300.0223693847656, 0.6934442520141602, 430.986328125, 218.7796173095703)",,53.90256353695835,4.0,1.0,4.0,0.7663673162460327,"[0.0, 0.0, 0.0, 0.7663673162460327, 0.0]","[[323.64798   87.825455]
 [320.9769   123.57585 ]
 [307.19003   88.47633 ]
 [306.19922  116.74002 ]
 [327.29166  105.146545]]","[[323.64798   87.825455]
 [320.9769   123.57585 ]
 [307.19003   88.47633 ]
 [306.       116.      ]
 [327.29166  105.146545]]",True,record_only,new_contact_episode,new_contact_episode,P01_109_sub020_ep01_left,smoothed_contact_run_start_within_subaction,door,['door'],,,,,,,,33,7,1767.0,/Users/huhu/Documents/Code/bishe/vrb/vrbreproduction/outputs/e13_engineered_homography_100subaction/experiments/E13/pipeline_outputs/subaction_20_P01_109_20/episode_01_left/frame_001829_left/reference_frame.png,/Users/huhu/Documents/Code/bishe/vrb/vrbreproduction/outputs/e13_engineered_homography_100subaction/experiments/E13/pipeline_outputs/subaction_20_P01_109_20/episode_01_left/frame_001829_left/contact_frame.png,/Users/huhu/Documents/Code/bishe/vrb/vrbreproduction/outputs/e13_engineered_homography_100subaction/experiments/E13/pipeline_outputs/subaction_20_P01_109_20/episode_01_left/frame_001829_left/contact_overlay.png,/Users/huhu/Documents/Code/bishe/vrb/vrbreproduction/outputs/e13_engineered_homography_100subaction/experiments/E13/pipeline_outputs/subaction_20_P01_109_20/episode_01_left/frame_001829_left/projection_overlay_raw_vs_snapped.png,/Users/huhu/Documents/Code/bishe/vrb/vrbreproduction/outputs/e13_engineered_homography_100subaction/experiments/E13/pipeline_outputs/subaction_20_P01_109_20/episode_01_left/frame_001829_left/homography_matches.png,/Users/huhu/Documents/Code/bishe/vrb/vrbreproduction/outputs/e13_engineered_homography_100subaction/experiments/E13/pipeline_outputs/subaction_20_P01_109_20/episode_01_left/frame_001829_left/label_heatmap_merged.npy,/Users/huhu/Documents/Code/bishe/vrb/vrbreproduction/outputs/e13_engineered_homography_100subaction/experiments/E13/pipeline_outputs/subaction_20_P01_109_20/episode_01_left/frame_001829_left/label_heatmap_merged.png,/Users/huhu/Documents/Code/bishe/vrb/vrbreproduction/outputs/e13_engineered_homography_100subaction/experiments/E13/pipeline_outputs/subaction_20_P01_109_20/episode_01_left/frame_001829_left/label_heatmap_merged_overlay.png,/Users/huhu/Documents/Code/bishe/vrb/vrbreproduction/outputs/e13_engineered_homography_100subaction/experiments/E13/pipeline_outputs/subaction_20_P01_109_20/episode_01_left/frame_001829_left/vrb_style_affordance.png,"(256, 456)",True,/Users/huhu/Documents/Code/bishe/vrb/vrbreproduction/outputs/e13_engineered_homography_100subaction/experiments/E13/pipeline_outputs/subaction_20_P01_109_20/episode_01_left/frame_001829_left/diagnostics/problem3_ref_full_overlay.png,/Users/huhu/Documents/Code/bishe/vrb/vrbreproduction/outputs/e13_engineered_homography_100subaction/experiments/E13/pipeline_outputs/subaction_20_P01_109_20/episode_01_left/frame_001829_left/diagnostics/problem3_ref_crop.png,25.0,0.8910891089108911,36.0,36.0,0.7158217430114746,SIFT,,20:1829:left
E13,E13_engineered_homography_projection,new_contact_episode_early_frames,short_window_pre_contact_nearest_no_contact,20,P01_109_20,P01_109,close door,close,door,['door'],1812,1946,1811,1945,8.0,1861.0,1862.0,right,keep,Cell4_label_heatmap,,,103,1860.0,1861.0,1.0,1.0,1.0,6,0.0,covariance,6.7,/Users/huhu/Documents/Code/bishe/vrb/vrbreproduction/outputs/e13_engineered_homography_100subaction/experiments/E13/pipeline_outputs/subaction_20_P01_109_20/episode_05_right/frame_001861_right,short_window_pre_contact,nearest_frame_before_new_contact_episode,False,False,False,False,False,False,False,False,"(249, 106, 399, 256)",0.1247111111111111,,0,{},,,,True,1861.0,1862.0,1868.0,0.0,1861.0,1858.0,1860.0,3.0,1858.0,1860.0,1858.0,1860.0,60.0,False,1858.0,1860.0,True,True,True,8.0,7,True,5.0,right,smoothed_contact_0_to_1,True,snapped_to_reference_object_mask,"(311.00000953674316, 169.0, 332.00001096725464, 199.0)",0.5777486562728882,0.48272115108924935,7.819332122802734,"(314.17254638671875, 177.520263671875, 333.8388671875, 205.293701171875)",,7.341597927782624,3.0,1.0,3.0,6.0434136390686035,"[0.0, 0.0, 0.0, 1.9400449991226196, 6.0434136390686035]","[[330.66095 182.20306]
 [314.41208 191.14508]
 [319.0913  177.62692]
 [332.46326 199.27383]
 [323.96915 204.04333]]","[[330.66095 182.20306]
 [314.41208 191.14508]
 [319.0913  177.62692]
 [331.      198.     ]
 [324.      198.     ]]",True,record_only,new_contact_episode,new_contact_episode,P01_109_sub020_ep05_right,smoothed_contact_run_start_within_subaction,door,['door'],,,,,,,,33,7,1858.0,/Users/huhu/Documents/Code/bishe/vrb/vrbreproduction/outputs/e13_engineered_homography_100subaction/experiments/E13/pipeline_outputs/subaction_20_P01_109_20/episode_05_right/frame_001861_right/reference_frame.png,/Users/huhu/Documents/Code/bishe/vrb/vrbreproduction/outputs/e13_engineered_homography_100subaction/experiments/E13/pipeline_outputs/subaction_20_P01_109_20/episode_05_right/frame_001861_right/contact_frame.png,/Users/huhu/Documents/Code/bishe/vrb/vrbreproduction/outputs/e13_engineered_homography_100subaction/experiments/E13/pipeline_outputs/subaction_20_P01_109_20/episode_05_right/frame_001861_right/contact_overlay.png,/Users/huhu/Documents/Code/bishe/vrb/vrbreproduction/outputs/e13_engineered_homography_100subaction/experiments/E13/pipeline_outputs/subaction_20_P01_109_20/episode_05_right/frame_001861_right/projection_overlay_raw_vs_snapped.png,/Users/huhu/Documents/Code/bishe/vrb/vrbreproduction/outputs/e13_engineered_homography_100subaction/experiments/E13/pipeline_outputs/subaction_20_P01_109_20/episode_05_right/frame_001861_right/homography_matches.png,/Users/huhu/Documents/Code/bishe/vrb/vrbreproduction/outputs/e13_engineered_homography_100subaction/experiments/E13/pipeline_outputs/subaction_20_P01_109_20/episode_05_right/frame_001861_right/label_heatmap_merged.npy,/Users/huhu/Documents/Code/bishe/vrb/vrbreproduction/outputs/e13_engineered_homography_100subaction/experiments/E13/pipeline_outputs/subaction_20_P01_109_20/episode_05_right/frame_001861_right/label_heatmap_merged.png,/Users/huhu/Documents/Code/bishe/vrb/vrbreproduction/outputs/e13_engineered_homography_100subaction/experiments/E13/pipeline_outputs/subaction_20_P01_109_20/episode_05_right/frame_001861_right/label_heatmap_merged_overlay.png,/Users/huhu/Documents/Code/bishe/vrb/vrbreproduction/outputs/e13_engineered_homography_100subaction/experiments/E13/pipeline_outputs/subaction_20_P01_109_20/episode_05_right/frame_001861_right/vrb_style_affordance.png,"(256, 456)",True,/Users/huhu/Documents/Code/bishe/vrb/vrbreproduction/outputs/e13_engineered_homography_100subaction/experiments/E13/pipeline_outputs/subaction_20_P01_109_20/episode_05_right/frame_001861_right/diagnostics/problem3_ref_full_overlay.png,/Users/huhu/Documents/Code/bishe/vrb/vrbreproduction/outputs/e13_engineered_homography_100subaction/experiments/E13/pipeline_outputs/subaction_20_P01_109_20/episode_05_right/frame_001861_right/diagnostics/problem3_ref_crop.png,21.0,0.825,132.0,151.0,0.35212308168411255,SIFT,,20:1861:right
E13,E13_engineered_homography_projection,new_contact_episode_early_frames,short_window_pre_contact_nearest_no_contact,20,P01_109_20,P01_109,close door,close,door,['door'],1812,1946,1811,1945,9.0,1862.0,1863.0,right,keep,Cell4_label_heatmap,,,114,1860.0,1861.0,2.0,2.0,1.0,6,0.0,covariance,6.71,/Users/huhu/Documents/Code/bishe/vrb/vrbreproduction/outputs/e13_engineered_homography_100subaction/experiments/E13/pipeline_outputs/subaction_20_P01_109_20/episode_05_right/frame_001862_right,short_window_pre_contact,nearest_frame_before_new_contact_episode,False,False,False,False,False,False,False,False,"(248, 106, 398, 256)",0.1247111111111111,,0,{},,,,True,1861.0,1862.0,1868.0,1.0,1861.0,1858.0,1860.0,3.0,1858.0,1860.0,1858.0,1860.0,60.0,False,1858.0,1860.0,True,False,True,8.0,7,False,5.0,right,smoothed_contact_0_to_1,True,snapped_to_reference_object_mask,"(311.00000953674316, 169.0, 332.00001096725464, 199.0)",0.5777486562728882,0.3714547420034211,12.630023956298828,"(311.8380432128906, 182.4381561279297, 333.135986328125, 210.74462890625)",,12.71116565596531,3.0,1.0,3.0,11.328516960144043,"[0.0, 11.328516960144043, 0.0, 0.0, 8.246047019958496]","[[331.32407 189.9185 ]
 [323.5501  209.31958]
 [318.6145  182.69948]
 [312.41675 194.63814]
 [331.25177 206.2422 ]]","[[331.32407 189.9185 ]
 [324.      198.     ]
 [318.6145  182.69948]
 [312.41675 194.63814]
 [331.      198.     ]]",True,record_only,new_contact_episode,new_contact_episode,P01_109_sub020_ep05_right,smoothed_contact_run_start_within_subaction,door,['door'],,,,,,,,33,7,1858.0,/Users/huhu/Documents/Code/bishe/vrb/vrbreproduction/outputs/e13_engineered_homography_100subaction/experiments/E13/pipeline_outputs/subaction_20_P01_109_20/episode_05_right/frame_001862_right/reference_frame.png,/Users/huhu/Documents/Code/bishe/vrb/vrbreproduction/outputs/e13_engineered_homography_100subaction/experiments/E13/pipeline_outputs/subaction_20_P01_109_20/episode_05_right/frame_001862_right/contact_frame.png,/Users/huhu/Documents/Code/bishe/vrb/vrbreproduction/outputs/e13_engineered_homography_100subaction/experiments/E13/pipeline_outputs/subaction_20_P01_109_20/episode_05_right/frame_001862_right/contact_overlay.png,/Users/huhu/Documents/Code/bishe/vrb/vrbreproduction/outputs/e13_engineered_homography_100subaction/experiments/E13/pipeline_outputs/subaction_20_P01_109_20/episode_05_right/frame_001862_right/projection_overlay_raw_vs_snapped.png,/Users/huhu/Documents/Code/bishe/vrb/vrbreproduction/outputs/e13_engineered_homography_100subaction/experiments/E13/pipeline_outputs/subaction_20_P01_109_20/episode_05_right/frame_001862_right/homography_matches.png,/Users/huhu/Documents/Code/bishe/vrb/vrbreproduction/outputs/e13_engineered_homography_100subaction/experiments/E13/pipeline_outputs/subaction_20_P01_109_20/episode_05_right/frame_001862_right/label_heatmap_merged.npy,/Users/huhu/Documents/Code/bishe/vrb/vrbreproduction/outputs/e13_engineered_homography_100subaction/experiments/E13/pipeline_outputs/subaction_20_P01_109_20/episode_05_right/frame_001862_right/label_heatmap_merged.png,/Users/huhu/Documents/Code/bishe/vrb/vrbreproduction/outputs/e13_engineered_homography_100subaction/experiments/E13/pipeline_outputs/subaction_20_P01_109_20/episode_05_right/frame_001862_right/label_heatmap_merged_overlay.png,/Users/huhu/Documents/Code/bishe/vrb/vrbreproduction/outputs/e13_engineered_homography_100subaction/experiments/E13/pipeline_outputs/subaction_20_P01_109_20/episode_05_right/frame_001862_right/vrb_style_affordance.png,"(256, 456)",True,/Users/huhu/Documents/Code/bishe/vrb/vrbreproduction/outputs/e13_engineered_homography_100subaction/experiments/E13/pipeline_outputs/subaction_20_P01_109_20/episode_05_right/frame_001862_right/diagnostics/problem3_ref_full_overlay.png,/Users/huhu/Documents/Code/bishe/vrb/vrbreproduction/outputs/e13_engineered_homography_100subaction/experiments/E13/pipeline_outputs/subaction_20_P01_109_20/episode_05_right/frame_001862_right/diagnostics/problem3_ref_crop.png,27.0,0.825,132.0,151.0,0.35212308168411255,SIFT,,20:1862:right
E13,E13_engineered_homography_projection,new_contact_episode_early_frames,short_window_pre_contact_nearest_no_contact,20,P01_109_20,P01_109,close door,close,door,['door'],1812,1946,1811,1945,11.0,1906.0,1907.0,right,keep,Cell4_label_heatmap,,,52,1905.0,1906.0,1.0,1.0,1.0,6,0.0,covariance,5.942087912087913,/Users/huhu/Documents/Code/bishe/vrb/vrbreproduction/outputs/e13_engineered_homography_100subaction/experiments/E13/pipeline_outputs/subaction_20_P01_109_20/episode_06_right/frame_001906_right,short_window_pre_contact,nearest_frame_before_new_contact_episode,False,False,False,False,False,False,False,False,"(306, 106, 456, 256)",0.09813333333333334,,0,{},,,,True,1906.0,1907.0,1913.0,0.0,1906.0,1869.0,1905.0,37.0,1869.0,1905.0,1869.0,1905.0,60.0,False,1869.0,1905.0,True,True,True,8.0,7,True,6.0,right,smoothed_contact_0_to_1,True,snapped_to_reference_object_mask,"(342.99999618530273, 91.0, 453.0000114440918, 222.0)",0.8237800002098083,0.6599011937386714,23.869356155395508,"(345.96771240234375, 35.27375030517578, 452.9363708496094, 230.07594299316406)",,50.1508783580051,4.0,2.0,4.0,0.5493245124816895,"[0.0, 0.0, 0.0, 0.0, 0.5493245124816895]","[[384.0663  204.29222]
 [379.73853 205.17862]
 [394.3284  206.9215 ]
 [398.29514 206.93295]
 [374.46777 202.86401]]","[[384.0663  204.29222]
 [379.73853 205.17862]
 [394.3284  206.9215 ]
 [398.29514 206.93295]
 [375.      203.     ]]",True,record_only,new_contact_episode,new_contact_episode,P01_109_sub020_ep06_right,smoothed_contact_run_start_within_subaction,door,['door'],,,,,,,,33,7,1869.0,/Users/huhu/Documents/Code/bishe/vrb/vrbreproduction/outputs/e13_engineered_homography_100subaction/experiments/E13/pipeline_outputs/subaction_20_P01_109_20/episode_06_right/frame_001906_right/reference_frame.png,/Users/huhu/Documents/Code/bishe/vrb/vrbreproduction/outputs/e13_engineered_homography_100subaction/experiments/E13/pipeline_outputs/subaction_20_P01_109_20/episode_06_right/frame_001906_right/contact_frame.png,/Users/huhu/Documents/Code/bishe/vrb/vrbreproduction/outputs/e13_engineered_homography_100subaction/experiments/E13/pipeline_outputs/subaction_20_P01_109_20/episode_06_right/frame_001906_right/contact_overlay.png,/Users/huhu/Documents/Code/bishe/vrb/vrbreproduction/outputs/e13_engineered_homography_100subaction/experiments/E13/pipeline_outputs/subaction_20_P01_109_20/episode_06_right/frame_001906_right/projection_overlay_raw_vs_snapped.png,/Users/huhu/Documents/Code/bishe/vrb/vrbreproduction/outputs/e13_engineered_homography_100subaction/experiments/E13/pipeline_outputs/subaction_20_P01_109_20/episode_06_right/frame_001906_right/homography_matches.png,/Users/huhu/Documents/Code/bishe/vrb/vrbreproduction/outputs/e13_engineered_homography_100subaction/experiments/E13/pipeline_outputs/subaction_20_P01_109_20/episode_06_right/frame_001906_right/label_heatmap_merged.npy,/Users/huhu/Documents/Code/bishe/vrb/vrbreproduction/outputs/e13_engineered_homography_100subaction/experiments/E13/pipeline_outputs/subaction_20_P01_109_20/episode_06_right/frame_001906_right/label_heatmap_merged.png,/Users/huhu/Documents/Code/bishe/vrb/vrbreproduction/outputs/e13_engineered_homography_100subaction/experiments/E13/pipeline_outputs/subaction_20_P01_109_20/episode_06_right/frame_001906_right/label_heatmap_merged_overlay.png,/Users/huhu/Documents/Code/bishe/vrb/vrbreproduction/outputs/e13_engineered_homography_100subaction/experiments/E13/pipeline_outputs/subaction_20_P01_109_20/episode_06_right/frame_001906_right/vrb_style_affordance.png,"(256, 456)",True,/Users/huhu/Documents/Code/bishe/vrb/vrbreproduction/outputs/e13_engineered_homography_100subaction/experiments/E13/pipeline_outputs/subaction_20_P01_109_20/episode_06_right/frame_001906_right/diagnostics/problem3_ref_full_overlay.png,/Users/huhu/Documents/Code/bishe/vrb/vrbreproduction/outputs/e13_engineered_homography_100subaction/experiments/E13/pipeline_outputs/subaction_20_P01_109_20/episode_06_right/frame_001906_right/diagnostics/problem3_ref_crop.png,21.0,0.9560439560439561,64.0,65.0,0.4483436942100525,SIFT,,20:1906:right
E13,E13_engineered_homography_projection,new_contact_episode_early_frames,short_window_pre_contact_nearest_no_contact,20,P01_109_20,P01_109,close door,close,door,['door'],1812,1946,1811,1945,12.0,1907.0,1908.0,right,keep,Cell4_label_heatmap,,,52,1905.0,1906.0,2.0,2.0,1.0,6,0.0,covariance,5.714736842105263,/Users/huhu/Documents/Code/bishe/vrb/vrbreproduction/outputs/e13_engineered_homography_100subaction/experiments/E13/pipeline_outputs/subaction_20_P01_109_20/episode_06_right/frame_001907_right,short_window_pre_contact,nearest_frame_before_new_contact_episode,False,False,False,False,False,False,False,False,"(306, 106, 456, 256)",0.09813333333333334,,0,{},,,,True,1906.0,1907.0,1913.0,1.0,1906.0,1869.0,1905.0,37.0,1869.0,1905.0,1869.0,1905.0,60.0,False,1869.0,1905.0,True,False,True,8.0,7,False,6.0,right,smoothed_contact_0_to_1,True,snapped_to_reference_object_mask,"(342.99999618530273, 91.0, 453.0000114440918, 222.0)",0.8237800002098083,0.9149619797301183,0.8596495985984802,"(344.6263427734375, 93.6583251953125, 449.66162109375, 219.18380737304688)",,52.089612465342185,1.0,2.0,1.0,1.784751296043396,"[1.0370242595672607, 1.6343625783920288, 0.0, 1.784751296043396, 1.7691428661346436]","[[386.9772  207.03677]
 [381.27637 206.0208 ]
 [396.39362 208.46448]
 [394.09518 211.78221]
 [373.23358 203.09814]]","[[387.      206.     ]
 [380.      205.     ]
 [396.39362 208.46448]
 [394.      210.     ]
 [375.      203.     ]]",True,record_only,new_contact_episode,new_contact_episode,P01_109_sub020_ep06_right,smoothed_contact_run_start_within_subaction,door,['door'],,,,,,,,33,7,1869.0,/Users/huhu/Documents/Code/bishe/vrb/vrbreproduction/outputs/e13_engineered_homography_100subaction/experiments/E13/pipeline_outputs/subaction_20_P01_109_20/episode_06_right/frame_001907_right/reference_frame.png,/Users/huhu/Documents/Code/bishe/vrb/vrbreproduction/outputs/e13_engineered_homography_100subaction/experiments/E13/pipeline_outputs/subaction_20_P01_109_20/episode_06_right/frame_001907_right/contact_frame.png,/Users/huhu/Documents/Code/bishe/vrb/vrbreproduction/outputs/e13_engineered_homography_100subaction/experiments/E13/pipeline_outputs/subaction_20_P01_109_20/episode_06_right/frame_001907_right/contact_overlay.png,/Users/huhu/Documents/Code/bishe/vrb/vrbreproduction/outputs/e13_engineered_homography_100subaction/experiments/E13/pipeline_outputs/subaction_20_P01_109_20/episode_06_right/frame_001907_right/projection_overlay_raw_vs_snapped.png,/Users/huhu/Documents/Code/bishe/vrb/vrbreproduction/outputs/e13_engineered_homography_100subaction/experiments/E13/pipeline_outputs/subaction_20_P01_109_20/episode_06_right/frame_001907_right/homography_matches.png,/Users/huhu/Documents/Code/bishe/vrb/vrbreproduction/outputs/e13_engineered_homography_100subaction/experiments/E13/pipeline_outputs/subaction_20_P01_109_20/episode_06_right/frame_001907_right/label_heatmap_merged.npy,/Users/huhu/Documents/Code/bishe/vrb/vrbreproduction/outputs/e13_engineered_homography_100subaction/experiments/E13/pipeline_outputs/subaction_20_P01_109_20/episode_06_right/frame_001907_right/label_heatmap_merged.png,/Users/huhu/Documents/Code/bishe/vrb/vrbreproduction/outputs/e13_engineered_homography_100subaction/experiments/E13/pipeline_outputs/subaction_20_P01_109_20/episode_06_right/frame_001907_right/label_heatmap_merged_overlay.png,/Users/huhu/Documents/Code/bishe/vrb/vrbreproduction/outputs/e13_engineered_homography_100subaction/experiments/E13/pipeline_outputs/subaction_20_P01_109_20/episode_06_right/frame_001907_right/vrb_style_affordance.png,"(256, 456)",True,/Users/huhu/Documents/Code/bishe/vrb/vrbreproduction/outputs/e13_engineered_homography_100subaction/experiments/E13/pipeline_outputs/subaction_20_P01_109_20/episode_06_right/frame_001907_right/diagnostics/problem3_ref_full_overlay.png,/Users/huhu/Documents/Code/bishe/vrb/vrbreproduction/outputs/e13_engineered_homography_100subaction/experiments/E13/pipeline_outputs/subaction_20_P01_109_20/episode_06_right/frame_001907_right/diagnostics/problem3_ref_crop.png,27.0,0.9473684210526315,64.0,65.0,0.4483436942100525,SIFT,,20:1907:right
E13,E13_engineered_homography_projection,new_contact_episode_early_frames,short_window_pre_contact_nearest_no_contact,22,P01_109_22,P01_109,put down cup,put-down,cup,['cup'],2132,2193,2131,2192,1.0,2143.0,2144.0,right,keep,Cell4_label_heatmap,,,236,2141.0,2142.0,2.0,2.0,1.0,6,0.0,covariance,9.443462897526503,/Users/huhu/Documents/Code/bishe/vrb/vrbreproduction/outputs/e13_engineered_homography_100subaction/experiments/E13/pipeline_outputs/subaction_22_P01_109_22/episode_01_right/frame_002143_right,short_window_pre_contact,nearest_frame_before_new_contact_episode,False,False,False,False,False,False,False,False,"(236, 0, 386, 150)",0.3061333333333333,,0,{},,,,True,2142.0,2143.0,2160.0,1.0,2142.0,2095.0,2141.0,47.0,2095.0,2141.0,2095.0,2141.0,60.0,False,2095.0,2141.0,True,False,True,19.0,2,False,1.0,right,smoothed_contact_0_to_1,True,snapped_to_reference_object_mask,"(263.9999985694885, 5.0, 360.00001287460327, 104.0)",0.9809890389442444,0.5212808941430905,22.627912521362305,"(248.4638671875, 1.3352937698364258, 336.98785400390625, 83.95563507080078)",,3.9371847150895722,5.0,1.0,5.0,0.0,"[0.0, 0.0, 0.0, 0.0, 0.0]","[[313.51135   51.1026  ]
 [282.19202   81.99824 ]
 [329.55698   18.931906]
 [302.59872   68.33906 ]
 [325.16937   33.718037]]","[[313.51135   51.1026  ]
 [282.19202   81.99824 ]
 [329.55698   18.931906]
 [302.59872   68.33906 ]
 [325.16937   33.718037]]",False,record_only,new_contact_episode,new_contact_episode,P01_109_sub022_ep01_right,smoothed_contact_run_start_within_subaction,cup,['cup'],,,,,,,,25,2,2095.0,/Users/huhu/Documents/Code/bishe/vrb/vrbreproduction/outputs/e13_engineered_homography_100subaction/experiments/E13/pipeline_outputs/subaction_22_P01_109_22/episode_01_right/frame_002143_right/reference_frame.png,/Users/huhu/Documents/Code/bishe/vrb/vrbreproduction/outputs/e13_engineered_homography_100subaction/experiments/E13/pipeline_outputs/subaction_22_P01_109_22/episode_01_right/frame_002143_right/contact_frame.png,/Users/huhu/Documents/Code/bishe/vrb/vrbreproduction/outputs/e13_engineered_homography_100subaction/experiments/E13/pipeline_outputs/subaction_22_P01_109_22/episode_01_right/frame_002143_right/contact_overlay.png,/Users/huhu/Documents/Code/bishe/vrb/vrbreproduction/outputs/e13_engineered_homography_100subaction/experiments/E13/pipeline_outputs/subaction_22_P01_109_22/episode_01_right/frame_002143_right/projection_overlay_raw_vs_snapped.png,/Users/huhu/Documents/Code/bishe/vrb/vrbreproduction/outputs/e13_engineered_homography_100subaction/experiments/E13/pipeline_outputs/subaction_22_P01_109_22/episode_01_right/frame_002143_right/homography_matches.png,/Users/huhu/Documents/Code/bishe/vrb/vrbreproduction/outputs/e13_engineered_homography_100subaction/experiments/E13/pipeline_outputs/subaction_22_P01_109_22/episode_01_right/frame_002143_right/label_heatmap_merged.npy,/Users/huhu/Documents/Code/bishe/vrb/vrbreproduction/outputs/e13_engineered_homography_100subaction/experiments/E13/pipeline_outputs/subaction_22_P01_109_22/episode_01_right/frame_002143_right/label_heatmap_merged.png,/Users/huhu/Documents/Code/bishe/vrb/vrbreproduction/outputs/e13_engineered_homography_100subaction/experiments/E13/pipeline_outputs/subaction_22_P01_109_22/episode_01_right/frame_002143_right/label_heatmap_merged_overlay.png,/Users/huhu/Documents/Code/bishe/vrb/vrbreproduction/outputs/e13_engineered_homography_100subaction/experiments/E13/pipeline_outputs/subaction_22_P01_109_22/episode_01_right/frame_002143_right/vrb_style_affordance.png,"(256, 456)",True,/Users/huhu/Documents/Code/bishe/vrb/vrbreproduction/outputs/e13_engineered_homography_100subaction/experiments/E13/pipeline_outputs/subaction_22_P01_109_22/episode_01_right/frame_002143_right/diagnostics/problem3_ref_full_overlay.png,/Users/huhu/Documents/Code/bishe/vrb/vrbreproduction/outputs/e13_engineered_homography_100subaction/experiments/E13/pipeline_outputs/subaction_22_P01_109_22/episode_01_right/frame_002143_right/diagnostics/problem3_ref_crop.png,27.0,0.9717314487632509,256.0,259.0,0.325046569108963,SIFT,,22:2143:right
E13,E13_engineered_homography_projection,new_contact_episode_early_frames,short_window_pre_contact_nearest_no_contact,22,P01_109_22,P01_109,put down cup,put-down,cup,['cup'],2132,2193,2131,2192,2.0,2144.0,2145.0,right,keep,Cell4_label_heatmap,,,261,2141.0,2142.0,3.0,3.0,1.0,6,0.0,covariance,9.733462897526502,/Users/huhu/Documents/Code/bishe/vrb/vrbreproduction/outputs/e13_engineered_homography_100subaction/experiments/E13/pipeline_outputs/subaction_22_P01_109_22/episode_01_right/frame_002144_right,short_window_pre_contact,nearest_frame_before_new_contact_episode,False,False,False,False,False,False,False,False,"(223, 0, 373, 150)",0.3061333333333333,,0,{},,,,True,2142.0,2143.0,2160.0,2.0,2142.0,2095.0,2141.0,47.0,2095.0,2141.0,2095.0,2141.0,60.0,False,2095.0,2141.0,True,False,True,19.0,2,False,1.0,right,smoothed_contact_0_to_1,True,snapped_to_reference_object_mask,"(263.9999985694885, 5.0, 360.00001287460327, 104.0)",0.9809890389442444,0.3860769343364351,32.64516830444336,"(240.6864471435547, 1.5423991680145264, 325.6277770996094, 76.8769302368164)",,14.790923934738078,5.0,1.0,5.0,0.0,"[0.0, 0.0, 0.0, 0.0, 0.0]","[[309.58005   37.56524 ]
 [273.50732   73.615395]
 [316.59506   25.36649 ]
 [297.2984    52.263466]
 [291.13925   66.29442 ]]","[[309.58005   37.56524 ]
 [273.50732   73.615395]
 [316.59506   25.36649 ]
 [297.2984    52.263466]
 [291.13925   66.29442 ]]",False,record_only,new_contact_episode,new_contact_episode,P01_109_sub022_ep01_right,smoothed_contact_run_start_within_subaction,cup,['cup'],,,,,,,,25,2,2095.0,/Users/huhu/Documents/Code/bishe/vrb/vrbreproduction/outputs/e13_engineered_homography_100subaction/experiments/E13/pipeline_outputs/subaction_22_P01_109_22/episode_01_right/frame_002144_right/reference_frame.png,/Users/huhu/Documents/Code/bishe/vrb/vrbreproduction/outputs/e13_engineered_homography_100subaction/experiments/E13/pipeline_outputs/subaction_22_P01_109_22/episode_01_right/frame_002144_right/contact_frame.png,/Users/huhu/Documents/Code/bishe/vrb/vrbreproduction/outputs/e13_engineered_homography_100subaction/experiments/E13/pipeline_outputs/subaction_22_P01_109_22/episode_01_right/frame_002144_right/contact_overlay.png,/Users/huhu/Documents/Code/bishe/vrb/vrbreproduction/outputs/e13_engineered_homography_100subaction/experiments/E13/pipeline_outputs/subaction_22_P01_109_22/episode_01_right/frame_002144_right/projection_overlay_raw_vs_snapped.png,/Users/huhu/Documents/Code/bishe/vrb/vrbreproduction/outputs/e13_engineered_homography_100subaction/experiments/E13/pipeline_outputs/subaction_22_P01_109_22/episode_01_right/frame_002144_right/homography_matches.png,/Users/huhu/Documents/Code/bishe/vrb/vrbreproduction/outputs/e13_engineered_homography_100subaction/experiments/E13/pipeline_outputs/subaction_22_P01_109_22/episode_01_right/frame_002144_right/label_heatmap_merged.npy,/Users/huhu/Documents/Code/bishe/vrb/vrbreproduction/outputs/e13_engineered_homography_100subaction/experiments/E13/pipeline_outputs/subaction_22_P01_109_22/episode_01_right/frame_002144_right/label_heatmap_merged.png,/Users/huhu/Documents/Code/bishe/vrb/vrbreproduction/outputs/e13_engineered_homography_100subaction/experiments/E13/pipeline_outputs/subaction_22_P01_109_22/episode_01_right/frame_002144_right/label_heatmap_merged_overlay.png,/Users/huhu/Documents/Code/bishe/vrb/vrbreproduction/outputs/e13_engineered_homography_100subaction/experiments/E13/pipeline_outputs/subaction_22_P01_109_22/episode_01_right/frame_002144_right/vrb_style_affordance.png,"(256, 456)",True,/Users/huhu/Documents/Code/bishe/vrb/vrbreproduction/outputs/e13_engineered_homography_100subaction/experiments/E13/pipeline_outputs/subaction_22_P01_109_22/episode_01_right/frame_002144_right/diagnostics/problem3_ref_full_overlay.png,/Users/huhu/Documents/Code/bishe/vrb/vrbreproduction/outputs/e13_engineered_homography_100subaction/experiments/E13/pipeline_outputs/subaction_22_P01_109_22/episode_01_right/frame_002144_right/diagnostics/problem3_ref_crop.png,33.0,0.9717314487632509,256.0,259.0,0.325046569108963,SIFT,,22:2144:right
E13,E13_engineered_homography_projection,new_contact_episode_early_frames,short_window_pre_contact_nearest_no_contact,27,P01_109_27,P01_109,pour hand wash,pour,wash:hand,['wash:hand'],2466,2505,2465,2504,5.0,2478.0,2479.0,right,keep,Cell4_label_heatmap,,,56,2475.0,2476.0,3.0,3.0,1.0,6,0.0,covariance,5.58767441860465,/Users/huhu/Documents/Code/bishe/vrb/vrbreproduction/outputs/e13_engineered_homography_100subaction/experiments/E13/pipeline_outputs/subaction_27_P01_109_27/episode_02_right/frame_002478_right,short_window_pre_contact,nearest_frame_before_new_contact_episode,False,False,False,False,False,False,False,False,"(198, 39, 348, 189)",0.09111111111111111,,0,{},,,,True,2476.0,2477.0,2479.0,2.0,2476.0,2471.0,2475.0,5.0,2471.0,2475.0,2471.0,2475.0,60.0,False,2471.0,2475.0,True,False,True,4.0,3,False,2.0,right,smoothed_contact_0_to_1,True,snapped_to_reference_object_mask,"(263.0000023841858, 70.0, 306.9999976158142, 139.0)",0.8787895441055298,0.7228323486716308,5.572203159332275,"(263.74237060546875, 71.17283630371094, 302.9138488769531, 127.19622039794922)",,14.989293748943426,3.0,1.0,3.0,6.3372483253479,"[0.0, 0.0, 1.2557401657104492, 0.0, 6.3372483253479]","[[263.88205  110.35146 ]
 [301.68704  103.50894 ]
 [263.7894   121.33366 ]
 [268.7204   125.94695 ]
 [263.95242  102.002655]]","[[263.88205 110.35146]
 [301.68704 103.50894]
 [265.      121.     ]
 [268.7204  125.94695]
 [266.      108.     ]]",False,record_only,new_contact_episode,new_contact_episode,P01_109_sub027_ep02_right,smoothed_contact_run_start_within_subaction,wash:hand,['wash:hand'],,,,,,,,10,3,2471.0,/Users/huhu/Documents/Code/bishe/vrb/vrbreproduction/outputs/e13_engineered_homography_100subaction/experiments/E13/pipeline_outputs/subaction_27_P01_109_27/episode_02_right/frame_002478_right/reference_frame.png,/Users/huhu/Documents/Code/bishe/vrb/vrbreproduction/outputs/e13_engineered_homography_100subaction/experiments/E13/pipeline_outputs/subaction_27_P01_109_27/episode_02_right/frame_002478_right/contact_frame.png,/Users/huhu/Documents/Code/bishe/vrb/vrbreproduction/outputs/e13_engineered_homography_100subaction/experiments/E13/pipeline_outputs/subaction_27_P01_109_27/episode_02_right/frame_002478_right/contact_overlay.png,/Users/huhu/Documents/Code/bishe/vrb/vrbreproduction/outputs/e13_engineered_homography_100subaction/experiments/E13/pipeline_outputs/subaction_27_P01_109_27/episode_02_right/frame_002478_right/projection_overlay_raw_vs_snapped.png,/Users/huhu/Documents/Code/bishe/vrb/vrbreproduction/outputs/e13_engineered_homography_100subaction/experiments/E13/pipeline_outputs/subaction_27_P01_109_27/episode_02_right/frame_002478_right/homography_matches.png,/Users/huhu/Documents/Code/bishe/vrb/vrbreproduction/outputs/e13_engineered_homography_100subaction/experiments/E13/pipeline_outputs/subaction_27_P01_109_27/episode_02_right/frame_002478_right/label_heatmap_merged.npy,/Users/huhu/Documents/Code/bishe/vrb/vrbreproduction/outputs/e13_engineered_homography_100subaction/experiments/E13/pipeline_outputs/subaction_27_P01_109_27/episode_02_right/frame_002478_right/label_heatmap_merged.png,/Users/huhu/Documents/Code/bishe/vrb/vrbreproduction/outputs/e13_engineered_homography_100subaction/experiments/E13/pipeline_outputs/subaction_27_P01_109_27/episode_02_right/frame_002478_right/label_heatmap_merged_overlay.png,/Users/huhu/Documents/Code/bishe/vrb/vrbreproduction/outputs/e13_engineered_homography_100subaction/experiments/E13/pipeline_outputs/subaction_27_P01_109_27/episode_02_right/frame_002478_right/vrb_style_affordance.png,"(256, 456)",True,/Users/huhu/Documents/Code/bishe/vrb/vrbreproduction/outputs/e13_engineered_homography_100subaction/experiments/E13/pipeline_outputs/subaction_27_P01_109_27/episode_02_right/frame_002478_right/diagnostics/problem3_ref_full_overlay.png,/Users/huhu/Documents/Code/bishe/vrb/vrbreproduction/outputs/e13_engineered_homography_100subaction/experiments/E13/pipeline_outputs/subaction_27_P01_109_27/episode_02_right/frame_002478_right/diagnostics/problem3_ref_crop.png,33.0,0.9488372093023256,188.0,195.0,0.3118014335632324,SIFT,,27:2478:right
E13,E13_engineered_homography_projection,new_contact_episode_early_frames,short_window_pre_contact_nearest_no_contact,29,P01_109_29,P01_109,turn on tap,turn-on,tap,['tap'],2545,2575,2544,2574,3.0,2567.0,2568.0,right,keep,Cell4_label_heatmap,,,23,2566.0,2567.0,1.0,1.0,1.0,6,0.0,covariance,5.314978902953587,/Users/huhu/Documents/Code/bishe/vrb/vrbreproduction/outputs/e13_engineered_homography_100subaction/experiments/E13/pipeline_outputs/subaction_29_P01_109_29/episode_02_right/frame_002567_right,short_window_pre_contact,nearest_frame_before_new_contact_episode,False,False,False,False,False,False,False,False,"(146, 64, 296, 214)",0.27875555555555553,,0,{},,,,True,2567.0,2568.0,2571.0,0.0,2567.0,2563.0,2566.0,4.0,2563.0,2566.0,2563.0,2566.0,60.0,False,2563.0,2566.0,True,True,True,5.0,3,True,2.0,right,smoothed_contact_0_to_1,True,snapped_to_reference_object_mask,"(131.00000309944153, 88.0, 236.99999284744263, 141.0)",0.9420066475868225,0.9539882391430063,1.0213738679885864,"(130.55108642578125, 87.87578582763672, 239.27474975585938, 142.04026794433594)",,44.83094664629909,0.0,1.0,0.0,2.280503749847412,"[0.8180088400840759, 2.280503749847412, 0.8660607933998108, 0.946836531162262, 0.8796135783195496]","[[215.9888  140.81793]
 [238.26915 133.77272]
 [221.32205 140.80396]
 [213.46533 140.8246 ]
 [217.33258 140.81432]]","[[216. 140.]
 [236. 134.]
 [221. 140.]
 [213. 140.]
 [217. 140.]]",False,record_only,new_contact_episode,new_contact_episode,P01_109_sub029_ep02_right,smoothed_contact_run_start_within_subaction,tap,['tap'],,,,,,,,38,3,2563.0,/Users/huhu/Documents/Code/bishe/vrb/vrbreproduction/outputs/e13_engineered_homography_100subaction/experiments/E13/pipeline_outputs/subaction_29_P01_109_29/episode_02_right/frame_002567_right/reference_frame.png,/Users/huhu/Documents/Code/bishe/vrb/vrbreproduction/outputs/e13_engineered_homography_100subaction/experiments/E13/pipeline_outputs/subaction_29_P01_109_29/episode_02_right/frame_002567_right/contact_frame.png,/Users/huhu/Documents/Code/bishe/vrb/vrbreproduction/outputs/e13_engineered_homography_100subaction/experiments/E13/pipeline_outputs/subaction_29_P01_109_29/episode_02_right/frame_002567_right/contact_overlay.png,/Users/huhu/Documents/Code/bishe/vrb/vrbreproduction/outputs/e13_engineered_homography_100subaction/experiments/E13/pipeline_outputs/subaction_29_P01_109_29/episode_02_right/frame_002567_right/projection_overlay_raw_vs_snapped.png,/Users/huhu/Documents/Code/bishe/vrb/vrbreproduction/outputs/e13_engineered_homography_100subaction/experiments/E13/pipeline_outputs/subaction_29_P01_109_29/episode_02_right/frame_002567_right/homography_matches.png,/Users/huhu/Documents/Code/bishe/vrb/vrbreproduction/outputs/e13_engineered_homography_100subaction/experiments/E13/pipeline_outputs/subaction_29_P01_109_29/episode_02_right/frame_002567_right/label_heatmap_merged.npy,/Users/huhu/Documents/Code/bishe/vrb/vrbreproduction/outputs/e13_engineered_homography_100subaction/experiments/E13/pipeline_outputs/subaction_29_P01_109_29/episode_02_right/frame_002567_right/label_heatmap_merged.png,/Users/huhu/Documents/Code/bishe/vrb/vrbreproduction/outputs/e13_engineered_homography_100subaction/experiments/E13/pipeline_outputs/subaction_29_P01_109_29/episode_02_right/frame_002567_right/label_heatmap_merged_overlay.png,/Users/huhu/Documents/Code/bishe/vrb/vrbreproduction/outputs/e13_engineered_homography_100subaction/experiments/E13/pipeline_outputs/subaction_29_P01_109_29/episode_02_right/frame_002567_right/vrb_style_affordance.png,"(256, 456)",True,/Users/huhu/Documents/Code/bishe/vrb/vrbreproduction/outputs/e13_engineered_homography_100subaction/experiments/E13/pipeline_outputs/subaction_29_P01_109_29/episode_02_right/frame_002567_right/diagnostics/problem3_ref_full_overlay.png,/Users/huhu/Documents/Code/bishe/vrb/vrbreproduction/outputs/e13_engineered_homography_100subaction/experiments/E13/pipeline_outputs/subaction_29_P01_109_29/episode_02_right/frame_002567_right/diagnostics/problem3_ref_crop.png,21.0,0.9324894514767933,207.0,215.0,0.19852617383003235,SIFT,,29:2567:right
E13,E13_engineered_homography_projection,new_contact_episode_early_frames,short_window_pre_contact_nearest_no_contact,29,P01_109_29,P01_109,turn on tap,turn-on,tap,['tap'],2545,2575,2544,2574,4.0,2568.0,2569.0,right,keep,Cell4_label_heatmap,,,25,2566.0,2567.0,2.0,2.0,1.0,6,0.0,covariance,5.144978902953587,/Users/huhu/Documents/Code/bishe/vrb/vrbreproduction/outputs/e13_engineered_homography_100subaction/experiments/E13/pipeline_outputs/subaction_29_P01_109_29/episode_02_right/frame_002568_right,short_window_pre_contact,nearest_frame_before_new_contact_episode,False,False,False,False,False,False,False,False,"(149, 63, 299, 213)",0.27875555555555553,,0,{},,,,True,2567.0,2568.0,2571.0,1.0,2567.0,2563.0,2566.0,4.0,2563.0,2566.0,2563.0,2566.0,60.0,False,2563.0,2566.0,True,False,True,5.0,3,False,2.0,right,smoothed_contact_0_to_1,True,snapped_to_reference_object_mask,"(131.00000309944153, 88.0, 236.99999284744263, 141.0)",0.9420066475868225,0.9445395432512371,0.17787858843803406,"(130.11143493652344, 86.99002075195312, 237.66864013671875, 142.2896270751953)",,46.44204154796884,0.0,1.0,0.0,0.8812975287437439,"[0.8373029232025146, 0.8192335963249207, 0.8812975287437439, 0.878383994102478, 0.6876221299171448]","[[217.89175 140.83028]
 [236.65082 135.50243]
 [212.79555 140.85725]
 [215.24205 140.84438]
 [236.6444  133.76004]]","[[218. 140.]
 [236. 136.]
 [213. 140.]
 [215. 140.]
 [236. 134.]]",False,record_only,new_contact_episode,new_contact_episode,P01_109_sub029_ep02_right,smoothed_contact_run_start_within_subaction,tap,['tap'],,,,,,,,38,3,2563.0,/Users/huhu/Documents/Code/bishe/vrb/vrbreproduction/outputs/e13_engineered_homography_100subaction/experiments/E13/pipeline_outputs/subaction_29_P01_109_29/episode_02_right/frame_002568_right/reference_frame.png,/Users/huhu/Documents/Code/bishe/vrb/vrbreproduction/outputs/e13_engineered_homography_100subaction/experiments/E13/pipeline_outputs/subaction_29_P01_109_29/episode_02_right/frame_002568_right/contact_frame.png,/Users/huhu/Documents/Code/bishe/vrb/vrbreproduction/outputs/e13_engineered_homography_100subaction/experiments/E13/pipeline_outputs/subaction_29_P01_109_29/episode_02_right/frame_002568_right/contact_overlay.png,/Users/huhu/Documents/Code/bishe/vrb/vrbreproduction/outputs/e13_engineered_homography_100subaction/experiments/E13/pipeline_outputs/subaction_29_P01_109_29/episode_02_right/frame_002568_right/projection_overlay_raw_vs_snapped.png,/Users/huhu/Documents/Code/bishe/vrb/vrbreproduction/outputs/e13_engineered_homography_100subaction/experiments/E13/pipeline_outputs/subaction_29_P01_109_29/episode_02_right/frame_002568_right/homography_matches.png,/Users/huhu/Documents/Code/bishe/vrb/vrbreproduction/outputs/e13_engineered_homography_100subaction/experiments/E13/pipeline_outputs/subaction_29_P01_109_29/episode_02_right/frame_002568_right/label_heatmap_merged.npy,/Users/huhu/Documents/Code/bishe/vrb/vrbreproduction/outputs/e13_engineered_homography_100subaction/experiments/E13/pipeline_outputs/subaction_29_P01_109_29/episode_02_right/frame_002568_right/label_heatmap_merged.png,/Users/huhu/Documents/Code/bishe/vrb/vrbreproduction/outputs/e13_engineered_homography_100subaction/experiments/E13/pipeline_outputs/subaction_29_P01_109_29/episode_02_right/frame_002568_right/label_heatmap_merged_overlay.png,/Users/huhu/Documents/Code/bishe/vrb/vrbreproduction/outputs/e13_engineered_homography_100subaction/experiments/E13/pipeline_outputs/subaction_29_P01_109_29/episode_02_right/frame_002568_right/vrb_style_affordance.png,"(256, 456)",True,/Users/huhu/Documents/Code/bishe/vrb/vrbreproduction/outputs/e13_engineered_homography_100subaction/experiments/E13/pipeline_outputs/subaction_29_P01_109_29/episode_02_right/frame_002568_right/diagnostics/problem3_ref_full_overlay.png,/Users/huhu/Documents/Code/bishe/vrb/vrbreproduction/outputs/e13_engineered_homography_100subaction/experiments/E13/pipeline_outputs/subaction_29_P01_109_29/episode_02_right/frame_002568_right/diagnostics/problem3_ref_crop.png,27.0,0.9324894514767933,207.0,215.0,0.19852617383003235,SIFT,,29:2568:right
E13,E13_engineered_homography_projection,new_contact_episode_early_frames,short_window_pre_contact_nearest_no_contact,29,P01_109_29,P01_109,turn on tap,turn-on,tap,['tap'],2545,2575,2544,2574,5.0,2569.0,2570.0,right,keep,Cell4_label_heatmap,,,24,2566.0,2567.0,3.0,3.0,1.0,6,0.0,covariance,4.914978902953586,/Users/huhu/Documents/Code/bishe/vrb/vrbreproduction/outputs/e13_engineered_homography_100subaction/experiments/E13/pipeline_outputs/subaction_29_P01_109_29/episode_02_right/frame_002569_right,short_window_pre_contact,nearest_frame_before_new_contact_episode,False,False,False,False,False,False,False,False,"(156, 61, 306, 211)",0.27697777777777777,,0,{},,,,True,2567.0,2568.0,2571.0,2.0,2567.0,2563.0,2566.0,4.0,2563.0,2566.0,2563.0,2566.0,60.0,False,2563.0,2566.0,True,False,True,5.0,3,False,2.0,right,smoothed_contact_0_to_1,True,snapped_to_reference_object_mask,"(131.00000309944153, 88.0, 236.99999284744263, 141.0)",0.9420066475868225,0.9245758340267127,2.0005760192871094,"(133.58737182617188, 88.26172637939453, 237.20309448242188, 143.6057586669922)",,52.115693601059014,4.0,1.0,4.0,2.113530158996582,"[0.0, 2.113530158996582, 0.0, 0.0, 0.0]","[[236.12791 133.93658]
 [212.47174 142.06021]
 [236.11911 132.94238]
 [236.15532 136.9201 ]
 [236.13713 134.93108]]","[[236.12791 133.93658]
 [212.      140.     ]
 [236.11911 132.94238]
 [236.15532 136.9201 ]
 [236.13713 134.93108]]",False,record_only,new_contact_episode,new_contact_episode,P01_109_sub029_ep02_right,smoothed_contact_run_start_within_subaction,tap,['tap'],,,,,,,,38,3,2563.0,/Users/huhu/Documents/Code/bishe/vrb/vrbreproduction/outputs/e13_engineered_homography_100subaction/experiments/E13/pipeline_outputs/subaction_29_P01_109_29/episode_02_right/frame_002569_right/reference_frame.png,/Users/huhu/Documents/Code/bishe/vrb/vrbreproduction/outputs/e13_engineered_homography_100subaction/experiments/E13/pipeline_outputs/subaction_29_P01_109_29/episode_02_right/frame_002569_right/contact_frame.png,/Users/huhu/Documents/Code/bishe/vrb/vrbreproduction/outputs/e13_engineered_homography_100subaction/experiments/E13/pipeline_outputs/subaction_29_P01_109_29/episode_02_right/frame_002569_right/contact_overlay.png,/Users/huhu/Documents/Code/bishe/vrb/vrbreproduction/outputs/e13_engineered_homography_100subaction/experiments/E13/pipeline_outputs/subaction_29_P01_109_29/episode_02_right/frame_002569_right/projection_overlay_raw_vs_snapped.png,/Users/huhu/Documents/Code/bishe/vrb/vrbreproduction/outputs/e13_engineered_homography_100subaction/experiments/E13/pipeline_outputs/subaction_29_P01_109_29/episode_02_right/frame_002569_right/homography_matches.png,/Users/huhu/Documents/Code/bishe/vrb/vrbreproduction/outputs/e13_engineered_homography_100subaction/experiments/E13/pipeline_outputs/subaction_29_P01_109_29/episode_02_right/frame_002569_right/label_heatmap_merged.npy,/Users/huhu/Documents/Code/bishe/vrb/vrbreproduction/outputs/e13_engineered_homography_100subaction/experiments/E13/pipeline_outputs/subaction_29_P01_109_29/episode_02_right/frame_002569_right/label_heatmap_merged.png,/Users/huhu/Documents/Code/bishe/vrb/vrbreproduction/outputs/e13_engineered_homography_100subaction/experiments/E13/pipeline_outputs/subaction_29_P01_109_29/episode_02_right/frame_002569_right/label_heatmap_merged_overlay.png,/Users/huhu/Documents/Code/bishe/vrb/vrbreproduction/outputs/e13_engineered_homography_100subaction/experiments/E13/pipeline_outputs/subaction_29_P01_109_29/episode_02_right/frame_002569_right/vrb_style_affordance.png,"(256, 456)",True,/Users/huhu/Documents/Code/bishe/vrb/vrbreproduction/outputs/e13_engineered_homography_100subaction/experiments/E13/pipeline_outputs/subaction_29_P01_109_29/episode_02_right/frame_002569_right/diagnostics/problem3_ref_full_overlay.png,/Users/huhu/Documents/Code/bishe/vrb/vrbreproduction/outputs/e13_engineered_homography_100subaction/experiments/E13/pipeline_outputs/subaction_29_P01_109_29/episode_02_right/frame_002569_right/diagnostics/problem3_ref_crop.png,33.0,0.9324894514767933,207.0,215.0,0.21317711472511292,SIFT,,29:2569:right
E13,E13_engineered_homography_projection,new_contact_episode_early_frames,short_window_pre_contact_nearest_no_contact,30,P01_109_30,P01_109,rinse hands,rinse,hand,['hand'],2579,2963,2578,2962,0.0,2708.0,2709.0,left,keep,Cell4_label_heatmap,,,26,2707.0,2708.0,1.0,1.0,1.0,6,0.0,covariance,5.432535211267606,/Users/huhu/Documents/Code/bishe/vrb/vrbreproduction/outputs/e13_engineered_homography_100subaction/experiments/E13/pipeline_outputs/subaction_30_P01_109_30/episode_01_left/frame_002708_left,short_window_pre_contact,nearest_frame_before_new_contact_episode,False,False,False,False,False,False,False,False,"(127, 57, 277, 207)",0.14866666666666667,,0,{},,,,True,2708.0,2709.0,2710.0,0.0,2708.0,2574.0,2707.0,134.0,2574.0,2707.0,2648.0,2707.0,60.0,True,2648.0,2707.0,True,True,True,3.0,25,True,1.0,left,smoothed_contact_0_to_1,True,snapped_to_reference_object_mask,"(146.9999964237213, 114.0, 326.0000066757202, 251.0)",0.9470260143280029,0.9010933316963062,6.303919792175293,"(154.28367614746094, 118.25112915039062, 329.9914245605469, 252.39068603515625)",,60.949795066211216,5.0,2.0,5.0,0.0,"[0.0, 0.0, 0.0, 0.0, 0.0]","[[204.9553  130.11497]
 [198.21893 134.3702 ]
 [202.4105  131.36702]
 [200.2147  133.36856]
 [205.20447 131.36458]]","[[204.9553  130.11497]
 [198.21893 134.3702 ]
 [202.4105  131.36702]
 [200.2147  133.36856]
 [205.20447 131.36458]]",False,record_only,new_contact_episode,new_contact_episode,P01_109_sub030_ep01_left,smoothed_contact_run_start_within_subaction,hand,['hand'],,,,,,,,164,25,2648.0,/Users/huhu/Documents/Code/bishe/vrb/vrbreproduction/outputs/e13_engineered_homography_100subaction/experiments/E13/pipeline_outputs/subaction_30_P01_109_30/episode_01_left/frame_002708_left/reference_frame.png,/Users/huhu/Documents/Code/bishe/vrb/vrbreproduction/outputs/e13_engineered_homography_100subaction/experiments/E13/pipeline_outputs/subaction_30_P01_109_30/episode_01_left/frame_002708_left/contact_frame.png,/Users/huhu/Documents/Code/bishe/vrb/vrbreproduction/outputs/e13_engineered_homography_100subaction/experiments/E13/pipeline_outputs/subaction_30_P01_109_30/episode_01_left/frame_002708_left/contact_overlay.png,/Users/huhu/Documents/Code/bishe/vrb/vrbreproduction/outputs/e13_engineered_homography_100subaction/experiments/E13/pipeline_outputs/subaction_30_P01_109_30/episode_01_left/frame_002708_left/projection_overlay_raw_vs_snapped.png,/Users/huhu/Documents/Code/bishe/vrb/vrbreproduction/outputs/e13_engineered_homography_100subaction/experiments/E13/pipeline_outputs/subaction_30_P01_109_30/episode_01_left/frame_002708_left/homography_matches.png,/Users/huhu/Documents/Code/bishe/vrb/vrbreproduction/outputs/e13_engineered_homography_100subaction/experiments/E13/pipeline_outputs/subaction_30_P01_109_30/episode_01_left/frame_002708_left/label_heatmap_merged.npy,/Users/huhu/Documents/Code/bishe/vrb/vrbreproduction/outputs/e13_engineered_homography_100subaction/experiments/E13/pipeline_outputs/subaction_30_P01_109_30/episode_01_left/frame_002708_left/label_heatmap_merged.png,/Users/huhu/Documents/Code/bishe/vrb/vrbreproduction/outputs/e13_engineered_homography_100subaction/experiments/E13/pipeline_outputs/subaction_30_P01_109_30/episode_01_left/frame_002708_left/label_heatmap_merged_overlay.png,/Users/huhu/Documents/Code/bishe/vrb/vrbreproduction/outputs/e13_engineered_homography_100subaction/experiments/E13/pipeline_outputs/subaction_30_P01_109_30/episode_01_left/frame_002708_left/vrb_style_affordance.png,"(256, 456)",True,/Users/huhu/Documents/Code/bishe/vrb/vrbreproduction/outputs/e13_engineered_homography_100subaction/experiments/E13/pipeline_outputs/subaction_30_P01_109_30/episode_01_left/frame_002708_left/diagnostics/problem3_ref_full_overlay.png,/Users/huhu/Documents/Code/bishe/vrb/vrbreproduction/outputs/e13_engineered_homography_100subaction/experiments/E13/pipeline_outputs/subaction_30_P01_109_30/episode_01_left/frame_002708_left/diagnostics/problem3_ref_crop.png,21.0,0.9612676056338029,209.0,216.0,0.21265020966529846,SIFT,,30:2708:left
E13,E13_engineered_homography_projection,new_contact_episode_early_frames,short_window_pre_contact_nearest_no_contact,30,P01_109_30,P01_109,rinse hands,rinse,hand,['hand'],2579,2963,2578,2962,1.0,2709.0,2710.0,left,keep,Cell4_label_heatmap,,,66,2707.0,2708.0,2.0,2.0,1.0,6,0.0,covariance,6.0225352112676065,/Users/huhu/Documents/Code/bishe/vrb/vrbreproduction/outputs/e13_engineered_homography_100subaction/experiments/E13/pipeline_outputs/subaction_30_P01_109_30/episode_01_left/frame_002709_left,short_window_pre_contact,nearest_frame_before_new_contact_episode,False,False,False,False,False,False,False,False,"(141, 57, 291, 207)",0.14866666666666667,,0,{},,,,True,2708.0,2709.0,2710.0,1.0,2708.0,2574.0,2707.0,134.0,2574.0,2707.0,2648.0,2707.0,60.0,True,2648.0,2707.0,True,False,True,3.0,25,False,1.0,left,smoothed_contact_0_to_1,True,snapped_to_reference_object_mask,"(146.9999964237213, 114.0, 326.0000066757202, 251.0)",0.9470260143280029,0.8303346100485914,7.702211856842041,"(146.58956909179688, 128.68313598632812, 317.1286926269531, 248.61097717285156)",,54.80284479411052,5.0,2.0,5.0,0.0,"[0.0, 0.0, 0.0, 0.0, 0.0]","[[200.58284 129.09227]
 [222.60318 133.80734]
 [211.26332 131.06819]
 [224.66953 130.81277]
 [218.45815 134.58913]]","[[200.58284 129.09227]
 [222.60318 133.80734]
 [211.26332 131.06819]
 [224.66953 130.81277]
 [218.45815 134.58913]]",False,record_only,new_contact_episode,new_contact_episode,P01_109_sub030_ep01_left,smoothed_contact_run_start_within_subaction,hand,['hand'],,,,,,,,164,25,2648.0,/Users/huhu/Documents/Code/bishe/vrb/vrbreproduction/outputs/e13_engineered_homography_100subaction/experiments/E13/pipeline_outputs/subaction_30_P01_109_30/episode_01_left/frame_002709_left/reference_frame.png,/Users/huhu/Documents/Code/bishe/vrb/vrbreproduction/outputs/e13_engineered_homography_100subaction/experiments/E13/pipeline_outputs/subaction_30_P01_109_30/episode_01_left/frame_002709_left/contact_frame.png,/Users/huhu/Documents/Code/bishe/vrb/vrbreproduction/outputs/e13_engineered_homography_100subaction/experiments/E13/pipeline_outputs/subaction_30_P01_109_30/episode_01_left/frame_002709_left/contact_overlay.png,/Users/huhu/Documents/Code/bishe/vrb/vrbreproduction/outputs/e13_engineered_homography_100subaction/experiments/E13/pipeline_outputs/subaction_30_P01_109_30/episode_01_left/frame_002709_left/projection_overlay_raw_vs_snapped.png,/Users/huhu/Documents/Code/bishe/vrb/vrbreproduction/outputs/e13_engineered_homography_100subaction/experiments/E13/pipeline_outputs/subaction_30_P01_109_30/episode_01_left/frame_002709_left/homography_matches.png,/Users/huhu/Documents/Code/bishe/vrb/vrbreproduction/outputs/e13_engineered_homography_100subaction/experiments/E13/pipeline_outputs/subaction_30_P01_109_30/episode_01_left/frame_002709_left/label_heatmap_merged.npy,/Users/huhu/Documents/Code/bishe/vrb/vrbreproduction/outputs/e13_engineered_homography_100subaction/experiments/E13/pipeline_outputs/subaction_30_P01_109_30/episode_01_left/frame_002709_left/label_heatmap_merged.png,/Users/huhu/Documents/Code/bishe/vrb/vrbreproduction/outputs/e13_engineered_homography_100subaction/experiments/E13/pipeline_outputs/subaction_30_P01_109_30/episode_01_left/frame_002709_left/label_heatmap_merged_overlay.png,/Users/huhu/Documents/Code/bishe/vrb/vrbreproduction/outputs/e13_engineered_homography_100subaction/experiments/E13/pipeline_outputs/subaction_30_P01_109_30/episode_01_left/frame_002709_left/vrb_style_affordance.png,"(256, 456)",True,/Users/huhu/Documents/Code/bishe/vrb/vrbreproduction/outputs/e13_engineered_homography_100subaction/experiments/E13/pipeline_outputs/subaction_30_P01_109_30/episode_01_left/frame_002709_left/diagnostics/problem3_ref_full_overlay.png,/Users/huhu/Documents/Code/bishe/vrb/vrbreproduction/outputs/e13_engineered_homography_100subaction/experiments/E13/pipeline_outputs/subaction_30_P01_109_30/episode_01_left/frame_002709_left/diagnostics/problem3_ref_crop.png,27.0,0.9612676056338029,209.0,216.0,0.21265020966529846,SIFT,,30:2709:left
E13,E13_engineered_homography_projection,new_contact_episode_early_frames,short_window_pre_contact_nearest_no_contact,30,P01_109_30,P01_109,rinse hands,rinse,hand,['hand'],2579,2963,2578,2962,2.0,2710.0,2711.0,left,keep,Cell4_label_heatmap,,,28,2707.0,2708.0,3.0,3.0,1.0,6,0.0,covariance,5.052535211267605,/Users/huhu/Documents/Code/bishe/vrb/vrbreproduction/outputs/e13_engineered_homography_100subaction/experiments/E13/pipeline_outputs/subaction_30_P01_109_30/episode_01_left/frame_002710_left,short_window_pre_contact,nearest_frame_before_new_contact_episode,False,False,False,False,False,False,False,False,"(128, 58, 278, 208)",0.14866666666666667,,0,{},,,,True,2708.0,2709.0,2710.0,2.0,2708.0,2574.0,2707.0,134.0,2574.0,2707.0,2648.0,2707.0,60.0,True,2648.0,2707.0,True,False,True,3.0,25,False,1.0,left,smoothed_contact_0_to_1,True,snapped_to_reference_object_mask,"(146.9999964237213, 114.0, 326.0000066757202, 251.0)",0.9470260143280029,0.7981462438351848,4.888621807098389,"(153.8599853515625, 119.12179565429688, 309.40643310546875, 244.95521545410156)",,60.01686679025276,5.0,2.0,5.0,0.0,"[0.0, 0.0, 0.0, 0.0, 0.0]","[[205.60977 130.43413]
 [198.66925 135.32724]
 [204.6228  132.32672]
 [198.6655  134.33247]
 [205.61687 132.32399]]","[[205.60977 130.43413]
 [198.66925 135.32724]
 [204.6228  132.32672]
 [198.6655  134.33247]
 [205.61687 132.32399]]",False,record_only,new_contact_episode,new_contact_episode,P01_109_sub030_ep01_left,smoothed_contact_run_start_within_subaction,hand,['hand'],,,,,,,,164,25,2648.0,/Users/huhu/Documents/Code/bishe/vrb/vrbreproduction/outputs/e13_engineered_homography_100subaction/experiments/E13/pipeline_outputs/subaction_30_P01_109_30/episode_01_left/frame_002710_left/reference_frame.png,/Users/huhu/Documents/Code/bishe/vrb/vrbreproduction/outputs/e13_engineered_homography_100subaction/experiments/E13/pipeline_outputs/subaction_30_P01_109_30/episode_01_left/frame_002710_left/contact_frame.png,/Users/huhu/Documents/Code/bishe/vrb/vrbreproduction/outputs/e13_engineered_homography_100subaction/experiments/E13/pipeline_outputs/subaction_30_P01_109_30/episode_01_left/frame_002710_left/contact_overlay.png,/Users/huhu/Documents/Code/bishe/vrb/vrbreproduction/outputs/e13_engineered_homography_100subaction/experiments/E13/pipeline_outputs/subaction_30_P01_109_30/episode_01_left/frame_002710_left/projection_overlay_raw_vs_snapped.png,/Users/huhu/Documents/Code/bishe/vrb/vrbreproduction/outputs/e13_engineered_homography_100subaction/experiments/E13/pipeline_outputs/subaction_30_P01_109_30/episode_01_left/frame_002710_left/homography_matches.png,/Users/huhu/Documents/Code/bishe/vrb/vrbreproduction/outputs/e13_engineered_homography_100subaction/experiments/E13/pipeline_outputs/subaction_30_P01_109_30/episode_01_left/frame_002710_left/label_heatmap_merged.npy,/Users/huhu/Documents/Code/bishe/vrb/vrbreproduction/outputs/e13_engineered_homography_100subaction/experiments/E13/pipeline_outputs/subaction_30_P01_109_30/episode_01_left/frame_002710_left/label_heatmap_merged.png,/Users/huhu/Documents/Code/bishe/vrb/vrbreproduction/outputs/e13_engineered_homography_100subaction/experiments/E13/pipeline_outputs/subaction_30_P01_109_30/episode_01_left/frame_002710_left/label_heatmap_merged_overlay.png,/Users/huhu/Documents/Code/bishe/vrb/vrbreproduction/outputs/e13_engineered_homography_100subaction/experiments/E13/pipeline_outputs/subaction_30_P01_109_30/episode_01_left/frame_002710_left/vrb_style_affordance.png,"(256, 456)",True,/Users/huhu/Documents/Code/bishe/vrb/vrbreproduction/outputs/e13_engineered_homography_100subaction/experiments/E13/pipeline_outputs/subaction_30_P01_109_30/episode_01_left/frame_002710_left/diagnostics/problem3_ref_full_overlay.png,/Users/huhu/Documents/Code/bishe/vrb/vrbreproduction/outputs/e13_engineered_homography_100subaction/experiments/E13/pipeline_outputs/subaction_30_P01_109_30/episode_01_left/frame_002710_left/diagnostics/problem3_ref_crop.png,33.0,0.9612676056338029,209.0,216.0,0.21265020966529846,SIFT,,30:2710:left
E13,E13_engineered_homography_projection,new_contact_episode_early_frames,short_window_pre_contact_nearest_no_contact,30,P01_109_30,P01_109,rinse hands,rinse,hand,['hand'],2579,2963,2578,2962,3.0,2717.0,2718.0,left,keep,Cell4_label_heatmap,,,68,2716.0,2717.0,1.0,1.0,1.0,6,0.0,covariance,6.186065573770492,/Users/huhu/Documents/Code/bishe/vrb/vrbreproduction/outputs/e13_engineered_homography_100subaction/experiments/E13/pipeline_outputs/subaction_30_P01_109_30/episode_02_left/frame_002717_left,short_window_pre_contact,nearest_frame_before_new_contact_episode,False,False,False,False,False,False,False,False,"(144, 68, 294, 218)",0.12933333333333333,,0,{},,,,True,2717.0,2718.0,2718.0,0.0,2717.0,2711.0,2716.0,6.0,2711.0,2716.0,2711.0,2716.0,60.0,False,2711.0,2716.0,True,True,True,2.0,25,True,2.0,left,smoothed_contact_0_to_1,True,snapped_to_reference_object_mask,"(149.99999856948853, 130.0, 300.9999933242798, 249.0)",0.7784020304679871,0.8658488769638266,7.003605842590332,"(147.29327392578125, 131.50364685058594, 317.3516845703125, 250.66131591796875)",,48.64899545160584,2.0,2.0,2.0,9.391319274902344,"[0.5954945683479309, 9.391319274902344, 0.0, 3.0861093997955322, 0.0]","[[213.90373 141.41234]
 [233.58989 138.30894]
 [203.86089 137.76775]
 [231.44434 145.11604]
 [222.97449 142.62228]]","[[214.      142.     ]
 [227.      145.     ]
 [203.86089 137.76775]
 [229.      147.     ]
 [222.97449 142.62228]]",False,record_only,new_contact_episode,new_contact_episode,P01_109_sub030_ep02_left,smoothed_contact_run_start_within_subaction,hand,['hand'],,,,,,,,164,25,2711.0,/Users/huhu/Documents/Code/bishe/vrb/vrbreproduction/outputs/e13_engineered_homography_100subaction/experiments/E13/pipeline_outputs/subaction_30_P01_109_30/episode_02_left/frame_002717_left/reference_frame.png,/Users/huhu/Documents/Code/bishe/vrb/vrbreproduction/outputs/e13_engineered_homography_100subaction/experiments/E13/pipeline_outputs/subaction_30_P01_109_30/episode_02_left/frame_002717_left/contact_frame.png,/Users/huhu/Documents/Code/bishe/vrb/vrbreproduction/outputs/e13_engineered_homography_100subaction/experiments/E13/pipeline_outputs/subaction_30_P01_109_30/episode_02_left/frame_002717_left/contact_overlay.png,/Users/huhu/Documents/Code/bishe/vrb/vrbreproduction/outputs/e13_engineered_homography_100subaction/experiments/E13/pipeline_outputs/subaction_30_P01_109_30/episode_02_left/frame_002717_left/projection_overlay_raw_vs_snapped.png,/Users/huhu/Documents/Code/bishe/vrb/vrbreproduction/outputs/e13_engineered_homography_100subaction/experiments/E13/pipeline_outputs/subaction_30_P01_109_30/episode_02_left/frame_002717_left/homography_matches.png,/Users/huhu/Documents/Code/bishe/vrb/vrbreproduction/outputs/e13_engineered_homography_100subaction/experiments/E13/pipeline_outputs/subaction_30_P01_109_30/episode_02_left/frame_002717_left/label_heatmap_merged.npy,/Users/huhu/Documents/Code/bishe/vrb/vrbreproduction/outputs/e13_engineered_homography_100subaction/experiments/E13/pipeline_outputs/subaction_30_P01_109_30/episode_02_left/frame_002717_left/label_heatmap_merged.png,/Users/huhu/Documents/Code/bishe/vrb/vrbreproduction/outputs/e13_engineered_homography_100subaction/experiments/E13/pipeline_outputs/subaction_30_P01_109_30/episode_02_left/frame_002717_left/label_heatmap_merged_overlay.png,/Users/huhu/Documents/Code/bishe/vrb/vrbreproduction/outputs/e13_engineered_homography_100subaction/experiments/E13/pipeline_outputs/subaction_30_P01_109_30/episode_02_left/frame_002717_left/vrb_style_affordance.png,"(256, 456)",True,/Users/huhu/Documents/Code/bishe/vrb/vrbreproduction/outputs/e13_engineered_homography_100subaction/experiments/E13/pipeline_outputs/subaction_30_P01_109_30/episode_02_left/frame_002717_left/diagnostics/problem3_ref_full_overlay.png,/Users/huhu/Documents/Code/bishe/vrb/vrbreproduction/outputs/e13_engineered_homography_100subaction/experiments/E13/pipeline_outputs/subaction_30_P01_109_30/episode_02_left/frame_002717_left/diagnostics/problem3_ref_crop.png,21.0,0.9180327868852459,199.0,204.0,0.21777865290641785,SIFT,,30:2717:left
E13,E13_engineered_homography_projection,new_contact_episode_early_frames,short_window_pre_contact_nearest_no_contact,30,P01_109_30,P01_109,rinse hands,rinse,hand,['hand'],2579,2963,2578,2962,4.0,2718.0,2719.0,left,keep,Cell4_label_heatmap,,,62,2716.0,2717.0,2.0,2.0,1.0,6,0.0,covariance,5.8560655737704925,/Users/huhu/Documents/Code/bishe/vrb/vrbreproduction/outputs/e13_engineered_homography_100subaction/experiments/E13/pipeline_outputs/subaction_30_P01_109_30/episode_02_left/frame_002718_left,short_window_pre_contact,nearest_frame_before_new_contact_episode,False,False,False,False,False,False,False,False,"(139, 66, 289, 216)",0.12933333333333333,,0,{},,,,True,2717.0,2718.0,2718.0,1.0,2717.0,2711.0,2716.0,6.0,2711.0,2716.0,2711.0,2716.0,60.0,False,2711.0,2716.0,True,False,True,2.0,25,False,2.0,left,smoothed_contact_0_to_1,True,snapped_to_reference_object_mask,"(149.99999856948853, 130.0, 300.9999933242798, 249.0)",0.7784020304679871,0.888643190468819,4.201528072357178,"(146.6336669921875, 132.9810028076172, 312.0382995605469, 249.44717407226562)",,51.20629409616483,1.0,2.0,1.0,4.387572288513184,"[4.387572288513184, 0.0, 1.6564311981201172, 2.6741440296173096, 0.5203389525413513]","[[214.88704 137.03896]
 [200.97858 136.90512]
 [222.19763 141.55087]
 [230.23003 144.52419]
 [203.95863 137.48131]]","[[213.      141.     ]
 [200.97858 136.90512]
 [223.      143.     ]
 [228.      146.     ]
 [204.      138.     ]]",False,record_only,new_contact_episode,new_contact_episode,P01_109_sub030_ep02_left,smoothed_contact_run_start_within_subaction,hand,['hand'],,,,,,,,164,25,2711.0,/Users/huhu/Documents/Code/bishe/vrb/vrbreproduction/outputs/e13_engineered_homography_100subaction/experiments/E13/pipeline_outputs/subaction_30_P01_109_30/episode_02_left/frame_002718_left/reference_frame.png,/Users/huhu/Documents/Code/bishe/vrb/vrbreproduction/outputs/e13_engineered_homography_100subaction/experiments/E13/pipeline_outputs/subaction_30_P01_109_30/episode_02_left/frame_002718_left/contact_frame.png,/Users/huhu/Documents/Code/bishe/vrb/vrbreproduction/outputs/e13_engineered_homography_100subaction/experiments/E13/pipeline_outputs/subaction_30_P01_109_30/episode_02_left/frame_002718_left/contact_overlay.png,/Users/huhu/Documents/Code/bishe/vrb/vrbreproduction/outputs/e13_engineered_homography_100subaction/experiments/E13/pipeline_outputs/subaction_30_P01_109_30/episode_02_left/frame_002718_left/projection_overlay_raw_vs_snapped.png,/Users/huhu/Documents/Code/bishe/vrb/vrbreproduction/outputs/e13_engineered_homography_100subaction/experiments/E13/pipeline_outputs/subaction_30_P01_109_30/episode_02_left/frame_002718_left/homography_matches.png,/Users/huhu/Documents/Code/bishe/vrb/vrbreproduction/outputs/e13_engineered_homography_100subaction/experiments/E13/pipeline_outputs/subaction_30_P01_109_30/episode_02_left/frame_002718_left/label_heatmap_merged.npy,/Users/huhu/Documents/Code/bishe/vrb/vrbreproduction/outputs/e13_engineered_homography_100subaction/experiments/E13/pipeline_outputs/subaction_30_P01_109_30/episode_02_left/frame_002718_left/label_heatmap_merged.png,/Users/huhu/Documents/Code/bishe/vrb/vrbreproduction/outputs/e13_engineered_homography_100subaction/experiments/E13/pipeline_outputs/subaction_30_P01_109_30/episode_02_left/frame_002718_left/label_heatmap_merged_overlay.png,/Users/huhu/Documents/Code/bishe/vrb/vrbreproduction/outputs/e13_engineered_homography_100subaction/experiments/E13/pipeline_outputs/subaction_30_P01_109_30/episode_02_left/frame_002718_left/vrb_style_affordance.png,"(256, 456)",True,/Users/huhu/Documents/Code/bishe/vrb/vrbreproduction/outputs/e13_engineered_homography_100subaction/experiments/E13/pipeline_outputs/subaction_30_P01_109_30/episode_02_left/frame_002718_left/diagnostics/problem3_ref_full_overlay.png,/Users/huhu/Documents/Code/bishe/vrb/vrbreproduction/outputs/e13_engineered_homography_100subaction/experiments/E13/pipeline_outputs/subaction_30_P01_109_30/episode_02_left/frame_002718_left/diagnostics/problem3_ref_crop.png,27.0,0.9180327868852459,199.0,204.0,0.21777865290641785,SIFT,,30:2718:left
E13,E13_engineered_homography_projection,new_contact_episode_early_frames,short_window_pre_contact_nearest_no_contact,30,P01_109_30,P01_109,rinse hands,rinse,hand,['hand'],2579,2963,2578,2962,11.0,2749.0,2750.0,left,keep,Cell4_label_heatmap,,,111,2748.0,2749.0,1.0,1.0,1.0,6,0.0,covariance,7.082340425531916,/Users/huhu/Documents/Code/bishe/vrb/vrbreproduction/outputs/e13_engineered_homography_100subaction/experiments/E13/pipeline_outputs/subaction_30_P01_109_30/episode_05_left/frame_002749_left,short_window_pre_contact,nearest_frame_before_new_contact_episode,False,False,False,False,False,False,False,False,"(158, 73, 308, 223)",0.156,,0,{},,,,True,2749.0,2750.0,2764.0,0.0,2749.0,2726.0,2748.0,23.0,2726.0,2748.0,2726.0,2748.0,60.0,False,2726.0,2748.0,True,True,True,16.0,25,True,5.0,left,smoothed_contact_0_to_1,True,snapped_to_reference_object_mask,"(178.00000047683716, 125.0, 325.0000104904175, 248.0)",0.9745984077453613,0.7984498991164154,4.430781841278076,"(168.30459594726562, 121.85839080810547, 343.55670166015625, 251.07298278808594)",,42.706088150153576,5.0,2.0,5.0,0.0,"[0.0, 0.0, 0.0, 0.0, 0.0]","[[236.25247 136.90866]
 [229.49489 187.78516]
 [221.13527 137.78856]
 [244.35425 146.23598]
 [231.39793 132.48134]]","[[236.25247 136.90866]
 [229.49489 187.78516]
 [221.13527 137.78856]
 [244.35425 146.23598]
 [231.39793 132.48134]]",False,record_only,new_contact_episode,new_contact_episode,P01_109_sub030_ep05_left,smoothed_contact_run_start_within_subaction,hand,['hand'],,,,,,,,164,25,2726.0,/Users/huhu/Documents/Code/bishe/vrb/vrbreproduction/outputs/e13_engineered_homography_100subaction/experiments/E13/pipeline_outputs/subaction_30_P01_109_30/episode_05_left/frame_002749_left/reference_frame.png,/Users/huhu/Documents/Code/bishe/vrb/vrbreproduction/outputs/e13_engineered_homography_100subaction/experiments/E13/pipeline_outputs/subaction_30_P01_109_30/episode_05_left/frame_002749_left/contact_frame.png,/Users/huhu/Documents/Code/bishe/vrb/vrbreproduction/outputs/e13_engineered_homography_100subaction/experiments/E13/pipeline_outputs/subaction_30_P01_109_30/episode_05_left/frame_002749_left/contact_overlay.png,/Users/huhu/Documents/Code/bishe/vrb/vrbreproduction/outputs/e13_engineered_homography_100subaction/experiments/E13/pipeline_outputs/subaction_30_P01_109_30/episode_05_left/frame_002749_left/projection_overlay_raw_vs_snapped.png,/Users/huhu/Documents/Code/bishe/vrb/vrbreproduction/outputs/e13_engineered_homography_100subaction/experiments/E13/pipeline_outputs/subaction_30_P01_109_30/episode_05_left/frame_002749_left/homography_matches.png,/Users/huhu/Documents/Code/bishe/vrb/vrbreproduction/outputs/e13_engineered_homography_100subaction/experiments/E13/pipeline_outputs/subaction_30_P01_109_30/episode_05_left/frame_002749_left/label_heatmap_merged.npy,/Users/huhu/Documents/Code/bishe/vrb/vrbreproduction/outputs/e13_engineered_homography_100subaction/experiments/E13/pipeline_outputs/subaction_30_P01_109_30/episode_05_left/frame_002749_left/label_heatmap_merged.png,/Users/huhu/Documents/Code/bishe/vrb/vrbreproduction/outputs/e13_engineered_homography_100subaction/experiments/E13/pipeline_outputs/subaction_30_P01_109_30/episode_05_left/frame_002749_left/label_heatmap_merged_overlay.png,/Users/huhu/Documents/Code/bishe/vrb/vrbreproduction/outputs/e13_engineered_homography_100subaction/experiments/E13/pipeline_outputs/subaction_30_P01_109_30/episode_05_left/frame_002749_left/vrb_style_affordance.png,"(256, 456)",True,/Users/huhu/Documents/Code/bishe/vrb/vrbreproduction/outputs/e13_engineered_homography_100subaction/experiments/E13/pipeline_outputs/subaction_30_P01_109_30/episode_05_left/frame_002749_left/diagnostics/problem3_ref_full_overlay.png,/Users/huhu/Documents/Code/bishe/vrb/vrbreproduction/outputs/e13_engineered_homography_100subaction/experiments/E13/pipeline_outputs/subaction_30_P01_109_30/episode_05_left/frame_002749_left/diagnostics/problem3_ref_crop.png,21.0,0.9361702127659575,193.0,197.0,0.1884206384420395,SIFT,,30:2749:left
E13,E13_engineered_homography_projection,new_contact_episode_early_frames,short_window_pre_contact_nearest_no_contact,30,P01_109_30,P01_109,rinse hands,rinse,hand,['hand'],2579,2963,2578,2962,12.0,2750.0,2751.0,left,keep,Cell4_label_heatmap,,,70,2748.0,2749.0,2.0,2.0,1.0,6,0.0,covariance,6.0523404255319155,/Users/huhu/Documents/Code/bishe/vrb/vrbreproduction/outputs/e13_engineered_homography_100subaction/experiments/E13/pipeline_outputs/subaction_30_P01_109_30/episode_05_left/frame_002750_left,short_window_pre_contact,nearest_frame_before_new_contact_episode,False,False,False,False,False,False,False,False,"(152, 89, 302, 239)",0.156,,0,{},,,,True,2749.0,2750.0,2764.0,1.0,2749.0,2726.0,2748.0,23.0,2726.0,2748.0,2726.0,2748.0,60.0,False,2726.0,2748.0,True,False,True,16.0,25,False,5.0,left,smoothed_contact_0_to_1,True,snapped_to_reference_object_mask,"(178.00000047683716, 125.0, 325.0000104904175, 248.0)",0.9745984077453613,0.7336436582759872,6.702432155609131,"(153.8233642578125, 117.78795623779297, 335.93621826171875, 253.1187744140625)",,33.520648054933666,5.0,2.0,5.0,0.0,"[0.0, 0.0, 0.0, 0.0, 0.0]","[[229.4713  186.20592]
 [222.98718 127.07183]
 [220.48102 128.50401]
 [229.21294 189.00465]
 [231.94598 188.29903]]","[[229.4713  186.20592]
 [222.98718 127.07183]
 [220.48102 128.50401]
 [229.21294 189.00465]
 [231.94598 188.29903]]",False,record_only,new_contact_episode,new_contact_episode,P01_109_sub030_ep05_left,smoothed_contact_run_start_within_subaction,hand,['hand'],,,,,,,,164,25,2726.0,/Users/huhu/Documents/Code/bishe/vrb/vrbreproduction/outputs/e13_engineered_homography_100subaction/experiments/E13/pipeline_outputs/subaction_30_P01_109_30/episode_05_left/frame_002750_left/reference_frame.png,/Users/huhu/Documents/Code/bishe/vrb/vrbreproduction/outputs/e13_engineered_homography_100subaction/experiments/E13/pipeline_outputs/subaction_30_P01_109_30/episode_05_left/frame_002750_left/contact_frame.png,/Users/huhu/Documents/Code/bishe/vrb/vrbreproduction/outputs/e13_engineered_homography_100subaction/experiments/E13/pipeline_outputs/subaction_30_P01_109_30/episode_05_left/frame_002750_left/contact_overlay.png,/Users/huhu/Documents/Code/bishe/vrb/vrbreproduction/outputs/e13_engineered_homography_100subaction/experiments/E13/pipeline_outputs/subaction_30_P01_109_30/episode_05_left/frame_002750_left/projection_overlay_raw_vs_snapped.png,/Users/huhu/Documents/Code/bishe/vrb/vrbreproduction/outputs/e13_engineered_homography_100subaction/experiments/E13/pipeline_outputs/subaction_30_P01_109_30/episode_05_left/frame_002750_left/homography_matches.png,/Users/huhu/Documents/Code/bishe/vrb/vrbreproduction/outputs/e13_engineered_homography_100subaction/experiments/E13/pipeline_outputs/subaction_30_P01_109_30/episode_05_left/frame_002750_left/label_heatmap_merged.npy,/Users/huhu/Documents/Code/bishe/vrb/vrbreproduction/outputs/e13_engineered_homography_100subaction/experiments/E13/pipeline_outputs/subaction_30_P01_109_30/episode_05_left/frame_002750_left/label_heatmap_merged.png,/Users/huhu/Documents/Code/bishe/vrb/vrbreproduction/outputs/e13_engineered_homography_100subaction/experiments/E13/pipeline_outputs/subaction_30_P01_109_30/episode_05_left/frame_002750_left/label_heatmap_merged_overlay.png,/Users/huhu/Documents/Code/bishe/vrb/vrbreproduction/outputs/e13_engineered_homography_100subaction/experiments/E13/pipeline_outputs/subaction_30_P01_109_30/episode_05_left/frame_002750_left/vrb_style_affordance.png,"(256, 456)",True,/Users/huhu/Documents/Code/bishe/vrb/vrbreproduction/outputs/e13_engineered_homography_100subaction/experiments/E13/pipeline_outputs/subaction_30_P01_109_30/episode_05_left/frame_002750_left/diagnostics/problem3_ref_full_overlay.png,/Users/huhu/Documents/Code/bishe/vrb/vrbreproduction/outputs/e13_engineered_homography_100subaction/experiments/E13/pipeline_outputs/subaction_30_P01_109_30/episode_05_left/frame_002750_left/diagnostics/problem3_ref_crop.png,27.0,0.9361702127659575,193.0,197.0,0.1884206384420395,SIFT,,30:2750:left
E13,E13_engineered_homography_projection,new_contact_episode_early_frames,short_window_pre_contact_nearest_no_contact,30,P01_109_30,P01_109,rinse hands,rinse,hand,['hand'],2579,2963,2578,2962,17.0,2785.0,2786.0,left,keep,Cell4_label_heatmap,,,62,2784.0,2785.0,1.0,1.0,1.0,6,0.0,covariance,6.1509486166007905,/Users/huhu/Documents/Code/bishe/vrb/vrbreproduction/outputs/e13_engineered_homography_100subaction/experiments/E13/pipeline_outputs/subaction_30_P01_109_30/episode_07_left/frame_002785_left,short_window_pre_contact,nearest_frame_before_new_contact_episode,False,False,False,False,False,False,False,False,"(148, 100, 298, 250)",0.12693333333333334,,0,{},,,,True,2785.0,2786.0,2792.0,0.0,2785.0,2765.0,2784.0,20.0,2765.0,2784.0,2765.0,2784.0,60.0,False,2765.0,2784.0,True,True,True,8.0,25,True,7.0,left,smoothed_contact_0_to_1,True,snapped_to_reference_object_mask,"(153.99999690055847, 127.0, 325.0000104904175, 253.0)",0.8511788249015808,0.8645264480766152,7.73115348815918,"(153.55223083496094, 115.82386779785156, 317.4620056152344, 250.93565368652344)",,22.617597469932402,5.0,2.0,5.0,0.0,"[0.0, 0.0, 0.0, 0.0, 0.0]","[[223.59657 182.8549 ]
 [216.4486  135.89708]
 [225.46089 182.85323]
 [223.52054 185.7431 ]
 [225.46266 185.85246]]","[[223.59657 182.8549 ]
 [216.4486  135.89708]
 [225.46089 182.85323]
 [223.52054 185.7431 ]
 [225.46266 185.85246]]",False,record_only,new_contact_episode,new_contact_episode,P01_109_sub030_ep07_left,smoothed_contact_run_start_within_subaction,hand,['hand'],,,,,,,,164,25,2765.0,/Users/huhu/Documents/Code/bishe/vrb/vrbreproduction/outputs/e13_engineered_homography_100subaction/experiments/E13/pipeline_outputs/subaction_30_P01_109_30/episode_07_left/frame_002785_left/reference_frame.png,/Users/huhu/Documents/Code/bishe/vrb/vrbreproduction/outputs/e13_engineered_homography_100subaction/experiments/E13/pipeline_outputs/subaction_30_P01_109_30/episode_07_left/frame_002785_left/contact_frame.png,/Users/huhu/Documents/Code/bishe/vrb/vrbreproduction/outputs/e13_engineered_homography_100subaction/experiments/E13/pipeline_outputs/subaction_30_P01_109_30/episode_07_left/frame_002785_left/contact_overlay.png,/Users/huhu/Documents/Code/bishe/vrb/vrbreproduction/outputs/e13_engineered_homography_100subaction/experiments/E13/pipeline_outputs/subaction_30_P01_109_30/episode_07_left/frame_002785_left/projection_overlay_raw_vs_snapped.png,/Users/huhu/Documents/Code/bishe/vrb/vrbreproduction/outputs/e13_engineered_homography_100subaction/experiments/E13/pipeline_outputs/subaction_30_P01_109_30/episode_07_left/frame_002785_left/homography_matches.png,/Users/huhu/Documents/Code/bishe/vrb/vrbreproduction/outputs/e13_engineered_homography_100subaction/experiments/E13/pipeline_outputs/subaction_30_P01_109_30/episode_07_left/frame_002785_left/label_heatmap_merged.npy,/Users/huhu/Documents/Code/bishe/vrb/vrbreproduction/outputs/e13_engineered_homography_100subaction/experiments/E13/pipeline_outputs/subaction_30_P01_109_30/episode_07_left/frame_002785_left/label_heatmap_merged.png,/Users/huhu/Documents/Code/bishe/vrb/vrbreproduction/outputs/e13_engineered_homography_100subaction/experiments/E13/pipeline_outputs/subaction_30_P01_109_30/episode_07_left/frame_002785_left/label_heatmap_merged_overlay.png,/Users/huhu/Documents/Code/bishe/vrb/vrbreproduction/outputs/e13_engineered_homography_100subaction/experiments/E13/pipeline_outputs/subaction_30_P01_109_30/episode_07_left/frame_002785_left/vrb_style_affordance.png,"(256, 456)",True,/Users/huhu/Documents/Code/bishe/vrb/vrbreproduction/outputs/e13_engineered_homography_100subaction/experiments/E13/pipeline_outputs/subaction_30_P01_109_30/episode_07_left/frame_002785_left/diagnostics/problem3_ref_full_overlay.png,/Users/huhu/Documents/Code/bishe/vrb/vrbreproduction/outputs/e13_engineered_homography_100subaction/experiments/E13/pipeline_outputs/subaction_30_P01_109_30/episode_07_left/frame_002785_left/diagnostics/problem3_ref_crop.png,21.0,0.9604743083003953,211.0,219.0,0.22302469611167908,SIFT,,30:2785:left
E13,E13_engineered_homography_projection,new_contact_episode_early_frames,short_window_pre_contact_nearest_no_contact,30,P01_109_30,P01_109,rinse hands,rinse,hand,['hand'],2579,2963,2578,2962,18.0,2786.0,2787.0,left,keep,Cell4_label_heatmap,,,49,2784.0,2785.0,2.0,2.0,1.0,6,0.0,covariance,5.647931034482759,/Users/huhu/Documents/Code/bishe/vrb/vrbreproduction/outputs/e13_engineered_homography_100subaction/experiments/E13/pipeline_outputs/subaction_30_P01_109_30/episode_07_left/frame_002786_left,short_window_pre_contact,nearest_frame_before_new_contact_episode,False,False,False,False,False,False,False,False,"(149, 106, 299, 256)",0.12693333333333334,,0,{},,,,True,2785.0,2786.0,2792.0,1.0,2785.0,2765.0,2784.0,20.0,2765.0,2784.0,2765.0,2784.0,60.0,False,2765.0,2784.0,True,False,True,8.0,25,False,7.0,left,smoothed_contact_0_to_1,True,snapped_to_reference_object_mask,"(153.99999690055847, 127.0, 325.0000104904175, 253.0)",0.8511788249015808,0.7396896132577,14.538923263549805,"(157.07620239257812, 108.698974609375, 309.8882141113281, 244.8309326171875)",,16.4621326957563,5.0,2.0,5.0,0.0,"[0.0, 0.0, 0.0, 0.0, 0.0]","[[222.92058 182.8342 ]
 [225.81596 184.55554]
 [225.91441 182.7572 ]
 [223.04715 184.76033]
 [224.10735 182.76048]]","[[222.92058 182.8342 ]
 [225.81596 184.55554]
 [225.91441 182.7572 ]
 [223.04715 184.76033]
 [224.10735 182.76048]]",False,record_only,new_contact_episode,new_contact_episode,P01_109_sub030_ep07_left,smoothed_contact_run_start_within_subaction,hand,['hand'],,,,,,,,164,25,2765.0,/Users/huhu/Documents/Code/bishe/vrb/vrbreproduction/outputs/e13_engineered_homography_100subaction/experiments/E13/pipeline_outputs/subaction_30_P01_109_30/episode_07_left/frame_002786_left/reference_frame.png,/Users/huhu/Documents/Code/bishe/vrb/vrbreproduction/outputs/e13_engineered_homography_100subaction/experiments/E13/pipeline_outputs/subaction_30_P01_109_30/episode_07_left/frame_002786_left/contact_frame.png,/Users/huhu/Documents/Code/bishe/vrb/vrbreproduction/outputs/e13_engineered_homography_100subaction/experiments/E13/pipeline_outputs/subaction_30_P01_109_30/episode_07_left/frame_002786_left/contact_overlay.png,/Users/huhu/Documents/Code/bishe/vrb/vrbreproduction/outputs/e13_engineered_homography_100subaction/experiments/E13/pipeline_outputs/subaction_30_P01_109_30/episode_07_left/frame_002786_left/projection_overlay_raw_vs_snapped.png,/Users/huhu/Documents/Code/bishe/vrb/vrbreproduction/outputs/e13_engineered_homography_100subaction/experiments/E13/pipeline_outputs/subaction_30_P01_109_30/episode_07_left/frame_002786_left/homography_matches.png,/Users/huhu/Documents/Code/bishe/vrb/vrbreproduction/outputs/e13_engineered_homography_100subaction/experiments/E13/pipeline_outputs/subaction_30_P01_109_30/episode_07_left/frame_002786_left/label_heatmap_merged.npy,/Users/huhu/Documents/Code/bishe/vrb/vrbreproduction/outputs/e13_engineered_homography_100subaction/experiments/E13/pipeline_outputs/subaction_30_P01_109_30/episode_07_left/frame_002786_left/label_heatmap_merged.png,/Users/huhu/Documents/Code/bishe/vrb/vrbreproduction/outputs/e13_engineered_homography_100subaction/experiments/E13/pipeline_outputs/subaction_30_P01_109_30/episode_07_left/frame_002786_left/label_heatmap_merged_overlay.png,/Users/huhu/Documents/Code/bishe/vrb/vrbreproduction/outputs/e13_engineered_homography_100subaction/experiments/E13/pipeline_outputs/subaction_30_P01_109_30/episode_07_left/frame_002786_left/vrb_style_affordance.png,"(256, 456)",True,/Users/huhu/Documents/Code/bishe/vrb/vrbreproduction/outputs/e13_engineered_homography_100subaction/experiments/E13/pipeline_outputs/subaction_30_P01_109_30/episode_07_left/frame_002786_left/diagnostics/problem3_ref_full_overlay.png,/Users/huhu/Documents/Code/bishe/vrb/vrbreproduction/outputs/e13_engineered_homography_100subaction/experiments/E13/pipeline_outputs/subaction_30_P01_109_30/episode_07_left/frame_002786_left/diagnostics/problem3_ref_crop.png,27.0,0.9439655172413793,211.0,219.0,0.22302469611167908,SIFT,,30:2786:left
E13,E13_engineered_homography_projection,new_contact_episode_early_frames,short_window_pre_contact_nearest_no_contact,30,P01_109_30,P01_109,rinse hands,rinse,hand,['hand'],2579,2963,2578,2962,29.0,2832.0,2833.0,right,keep,Cell4_label_heatmap,,,120,2831.0,2832.0,1.0,1.0,1.0,5,1.0,covariance,6.27,/Users/huhu/Documents/Code/bishe/vrb/vrbreproduction/outputs/e13_engineered_homography_100subaction/experiments/E13/pipeline_outputs/subaction_30_P01_109_30/episode_11_right/frame_002832_right,short_window_pre_contact,nearest_frame_before_new_contact_episode,False,False,False,False,False,False,False,False,"(166, 99, 316, 249)",0.1408,,0,{},,,,True,2832.0,2833.0,2835.0,0.0,2832.0,2829.0,2831.0,3.0,2829.0,2831.0,2829.0,2831.0,60.0,False,2829.0,2831.0,True,True,True,4.0,25,True,11.0,right,smoothed_contact_0_to_1,True,snapped_to_reference_object_mask,"(174.0000021457672, 130.0, 307.99999380111694, 248.0)",0.9186090230941772,0.9652375567740666,1.5343742370605469,"(172.11265563964844, 131.85736083984375, 307.3616027832031, 247.8855743408203)",,15.380096978325893,5.0,2.0,5.0,0.0,"[0.0, 0.0, 0.0, 0.0, 0.0]","[[234.00432 152.61208]
 [266.02472 196.38898]
 [224.6656  145.00677]
 [220.0221  190.23743]
 [261.9261  183.87181]]","[[234.00432 152.61208]
 [266.02472 196.38898]
 [224.6656  145.00677]
 [220.0221  190.23743]
 [261.9261  183.87181]]",False,record_only,new_contact_episode,new_contact_episode,P01_109_sub030_ep11_right,smoothed_contact_run_start_within_subaction,hand,['hand'],,,,,,,,164,25,2829.0,/Users/huhu/Documents/Code/bishe/vrb/vrbreproduction/outputs/e13_engineered_homography_100subaction/experiments/E13/pipeline_outputs/subaction_30_P01_109_30/episode_11_right/frame_002832_right/reference_frame.png,/Users/huhu/Documents/Code/bishe/vrb/vrbreproduction/outputs/e13_engineered_homography_100subaction/experiments/E13/pipeline_outputs/subaction_30_P01_109_30/episode_11_right/frame_002832_right/contact_frame.png,/Users/huhu/Documents/Code/bishe/vrb/vrbreproduction/outputs/e13_engineered_homography_100subaction/experiments/E13/pipeline_outputs/subaction_30_P01_109_30/episode_11_right/frame_002832_right/contact_overlay.png,/Users/huhu/Documents/Code/bishe/vrb/vrbreproduction/outputs/e13_engineered_homography_100subaction/experiments/E13/pipeline_outputs/subaction_30_P01_109_30/episode_11_right/frame_002832_right/projection_overlay_raw_vs_snapped.png,/Users/huhu/Documents/Code/bishe/vrb/vrbreproduction/outputs/e13_engineered_homography_100subaction/experiments/E13/pipeline_outputs/subaction_30_P01_109_30/episode_11_right/frame_002832_right/homography_matches.png,/Users/huhu/Documents/Code/bishe/vrb/vrbreproduction/outputs/e13_engineered_homography_100subaction/experiments/E13/pipeline_outputs/subaction_30_P01_109_30/episode_11_right/frame_002832_right/label_heatmap_merged.npy,/Users/huhu/Documents/Code/bishe/vrb/vrbreproduction/outputs/e13_engineered_homography_100subaction/experiments/E13/pipeline_outputs/subaction_30_P01_109_30/episode_11_right/frame_002832_right/label_heatmap_merged.png,/Users/huhu/Documents/Code/bishe/vrb/vrbreproduction/outputs/e13_engineered_homography_100subaction/experiments/E13/pipeline_outputs/subaction_30_P01_109_30/episode_11_right/frame_002832_right/label_heatmap_merged_overlay.png,/Users/huhu/Documents/Code/bishe/vrb/vrbreproduction/outputs/e13_engineered_homography_100subaction/experiments/E13/pipeline_outputs/subaction_30_P01_109_30/episode_11_right/frame_002832_right/vrb_style_affordance.png,"(256, 456)",True,/Users/huhu/Documents/Code/bishe/vrb/vrbreproduction/outputs/e13_engineered_homography_100subaction/experiments/E13/pipeline_outputs/subaction_30_P01_109_30/episode_11_right/frame_002832_right/diagnostics/problem3_ref_full_overlay.png,/Users/huhu/Documents/Code/bishe/vrb/vrbreproduction/outputs/e13_engineered_homography_100subaction/experiments/E13/pipeline_outputs/subaction_30_P01_109_30/episode_11_right/frame_002832_right/diagnostics/problem3_ref_crop.png,15.0,0.94,227.0,233.0,0.20243968069553375,SIFT,,30:2832:right
E13,E13_engineered_homography_projection,new_contact_episode_early_frames,short_window_pre_contact_nearest_no_contact,30,P01_109_30,P01_109,rinse hands,rinse,hand,['hand'],2579,2963,2578,2962,30.0,2833.0,2834.0,right,keep,Cell4_label_heatmap,,,119,2831.0,2832.0,2.0,2.0,1.0,5,1.0,covariance,6.04,/Users/huhu/Documents/Code/bishe/vrb/vrbreproduction/outputs/e13_engineered_homography_100subaction/experiments/E13/pipeline_outputs/subaction_30_P01_109_30/episode_11_right/frame_002833_right,short_window_pre_contact,nearest_frame_before_new_contact_episode,False,False,False,False,False,False,False,False,"(167, 101, 317, 251)",0.1408,,0,{},,,,True,2832.0,2833.0,2835.0,1.0,2832.0,2829.0,2831.0,3.0,2829.0,2831.0,2829.0,2831.0,60.0,False,2829.0,2831.0,True,False,True,4.0,25,False,11.0,right,smoothed_contact_0_to_1,True,snapped_to_reference_object_mask,"(174.0000021457672, 130.0, 307.99999380111694, 248.0)",0.9186090230941772,0.9079612084445471,3.470319986343384,"(171.32418823242188, 135.69070434570312, 310.569091796875, 249.24913024902344)",,13.473383283717386,5.0,2.0,5.0,0.0,"[0.0, 0.0, 0.0, 0.0, 0.0]","[[260.93134 184.60559]
 [224.02335 192.794  ]
 [224.6199  150.15303]
 [265.1274  196.72389]
 [233.5614  153.43567]]","[[260.93134 184.60559]
 [224.02335 192.794  ]
 [224.6199  150.15303]
 [265.1274  196.72389]
 [233.5614  153.43567]]",False,record_only,new_contact_episode,new_contact_episode,P01_109_sub030_ep11_right,smoothed_contact_run_start_within_subaction,hand,['hand'],,,,,,,,164,25,2829.0,/Users/huhu/Documents/Code/bishe/vrb/vrbreproduction/outputs/e13_engineered_homography_100subaction/experiments/E13/pipeline_outputs/subaction_30_P01_109_30/episode_11_right/frame_002833_right/reference_frame.png,/Users/huhu/Documents/Code/bishe/vrb/vrbreproduction/outputs/e13_engineered_homography_100subaction/experiments/E13/pipeline_outputs/subaction_30_P01_109_30/episode_11_right/frame_002833_right/contact_frame.png,/Users/huhu/Documents/Code/bishe/vrb/vrbreproduction/outputs/e13_engineered_homography_100subaction/experiments/E13/pipeline_outputs/subaction_30_P01_109_30/episode_11_right/frame_002833_right/contact_overlay.png,/Users/huhu/Documents/Code/bishe/vrb/vrbreproduction/outputs/e13_engineered_homography_100subaction/experiments/E13/pipeline_outputs/subaction_30_P01_109_30/episode_11_right/frame_002833_right/projection_overlay_raw_vs_snapped.png,/Users/huhu/Documents/Code/bishe/vrb/vrbreproduction/outputs/e13_engineered_homography_100subaction/experiments/E13/pipeline_outputs/subaction_30_P01_109_30/episode_11_right/frame_002833_right/homography_matches.png,/Users/huhu/Documents/Code/bishe/vrb/vrbreproduction/outputs/e13_engineered_homography_100subaction/experiments/E13/pipeline_outputs/subaction_30_P01_109_30/episode_11_right/frame_002833_right/label_heatmap_merged.npy,/Users/huhu/Documents/Code/bishe/vrb/vrbreproduction/outputs/e13_engineered_homography_100subaction/experiments/E13/pipeline_outputs/subaction_30_P01_109_30/episode_11_right/frame_002833_right/label_heatmap_merged.png,/Users/huhu/Documents/Code/bishe/vrb/vrbreproduction/outputs/e13_engineered_homography_100subaction/experiments/E13/pipeline_outputs/subaction_30_P01_109_30/episode_11_right/frame_002833_right/label_heatmap_merged_overlay.png,/Users/huhu/Documents/Code/bishe/vrb/vrbreproduction/outputs/e13_engineered_homography_100subaction/experiments/E13/pipeline_outputs/subaction_30_P01_109_30/episode_11_right/frame_002833_right/vrb_style_affordance.png,"(256, 456)",True,/Users/huhu/Documents/Code/bishe/vrb/vrbreproduction/outputs/e13_engineered_homography_100subaction/experiments/E13/pipeline_outputs/subaction_30_P01_109_30/episode_11_right/frame_002833_right/diagnostics/problem3_ref_full_overlay.png,/Users/huhu/Documents/Code/bishe/vrb/vrbreproduction/outputs/e13_engineered_homography_100subaction/experiments/E13/pipeline_outputs/subaction_30_P01_109_30/episode_11_right/frame_002833_right/diagnostics/problem3_ref_crop.png,20.0,0.94,227.0,233.0,0.20243968069553375,SIFT,,30:2833:right
E13,E13_engineered_homography_projection,new_contact_episode_early_frames,short_window_pre_contact_nearest_no_contact,30,P01_109_30,P01_109,rinse hands,rinse,hand,['hand'],2579,2963,2578,2962,31.0,2834.0,2835.0,right,keep,Cell4_label_heatmap,,,136,2831.0,2832.0,3.0,3.0,1.0,5,1.0,covariance,6.169999999999999,/Users/huhu/Documents/Code/bishe/vrb/vrbreproduction/outputs/e13_engineered_homography_100subaction/experiments/E13/pipeline_outputs/subaction_30_P01_109_30/episode_11_right/frame_002834_right,short_window_pre_contact,nearest_frame_before_new_contact_episode,False,False,False,False,False,False,False,False,"(152, 103, 302, 253)",0.1408,,0,{},,,,True,2832.0,2833.0,2835.0,2.0,2832.0,2829.0,2831.0,3.0,2829.0,2831.0,2829.0,2831.0,60.0,False,2829.0,2831.0,True,False,True,4.0,25,False,11.0,right,smoothed_contact_0_to_1,True,snapped_to_reference_object_mask,"(174.0000021457672, 130.0, 307.99999380111694, 248.0)",0.9186090230941772,0.9086000323838767,2.2329375743865967,"(165.5855255126953, 130.53170776367188, 312.0345458984375, 248.34014892578125)",,17.612057365203736,5.0,2.0,5.0,0.0,"[0.0, 0.0, 0.0, 0.0, 0.0]","[[218.7342  146.26385]
 [221.10275 198.37045]
 [232.18    154.8007 ]
 [243.90164 202.26715]
 [218.72389 190.34094]]","[[218.7342  146.26385]
 [221.10275 198.37045]
 [232.18    154.8007 ]
 [243.90164 202.26715]
 [218.72389 190.34094]]",False,record_only,new_contact_episode,new_contact_episode,P01_109_sub030_ep11_right,smoothed_contact_run_start_within_subaction,hand,['hand'],,,,,,,,164,25,2829.0,/Users/huhu/Documents/Code/bishe/vrb/vrbreproduction/outputs/e13_engineered_homography_100subaction/experiments/E13/pipeline_outputs/subaction_30_P01_109_30/episode_11_right/frame_002834_right/reference_frame.png,/Users/huhu/Documents/Code/bishe/vrb/vrbreproduction/outputs/e13_engineered_homography_100subaction/experiments/E13/pipeline_outputs/subaction_30_P01_109_30/episode_11_right/frame_002834_right/contact_frame.png,/Users/huhu/Documents/Code/bishe/vrb/vrbreproduction/outputs/e13_engineered_homography_100subaction/experiments/E13/pipeline_outputs/subaction_30_P01_109_30/episode_11_right/frame_002834_right/contact_overlay.png,/Users/huhu/Documents/Code/bishe/vrb/vrbreproduction/outputs/e13_engineered_homography_100subaction/experiments/E13/pipeline_outputs/subaction_30_P01_109_30/episode_11_right/frame_002834_right/projection_overlay_raw_vs_snapped.png,/Users/huhu/Documents/Code/bishe/vrb/vrbreproduction/outputs/e13_engineered_homography_100subaction/experiments/E13/pipeline_outputs/subaction_30_P01_109_30/episode_11_right/frame_002834_right/homography_matches.png,/Users/huhu/Documents/Code/bishe/vrb/vrbreproduction/outputs/e13_engineered_homography_100subaction/experiments/E13/pipeline_outputs/subaction_30_P01_109_30/episode_11_right/frame_002834_right/label_heatmap_merged.npy,/Users/huhu/Documents/Code/bishe/vrb/vrbreproduction/outputs/e13_engineered_homography_100subaction/experiments/E13/pipeline_outputs/subaction_30_P01_109_30/episode_11_right/frame_002834_right/label_heatmap_merged.png,/Users/huhu/Documents/Code/bishe/vrb/vrbreproduction/outputs/e13_engineered_homography_100subaction/experiments/E13/pipeline_outputs/subaction_30_P01_109_30/episode_11_right/frame_002834_right/label_heatmap_merged_overlay.png,/Users/huhu/Documents/Code/bishe/vrb/vrbreproduction/outputs/e13_engineered_homography_100subaction/experiments/E13/pipeline_outputs/subaction_30_P01_109_30/episode_11_right/frame_002834_right/vrb_style_affordance.png,"(256, 456)",True,/Users/huhu/Documents/Code/bishe/vrb/vrbreproduction/outputs/e13_engineered_homography_100subaction/experiments/E13/pipeline_outputs/subaction_30_P01_109_30/episode_11_right/frame_002834_right/diagnostics/problem3_ref_full_overlay.png,/Users/huhu/Documents/Code/bishe/vrb/vrbreproduction/outputs/e13_engineered_homography_100subaction/experiments/E13/pipeline_outputs/subaction_30_P01_109_30/episode_11_right/frame_002834_right/diagnostics/problem3_ref_crop.png,25.0,0.94,227.0,233.0,0.20243968069553375,SIFT,,30:2834:right
E13,E13_engineered_homography_projection,new_contact_episode_early_frames,short_window_pre_contact_nearest_no_contact,30,P01_109_30,P01_109,rinse hands,rinse,hand,['hand'],2579,2963,2578,2962,32.0,2838.0,2839.0,left,keep,Cell4_label_heatmap,,,70,2837.0,2838.0,1.0,1.0,1.0,6,0.0,covariance,6.300112359550562,/Users/huhu/Documents/Code/bishe/vrb/vrbreproduction/outputs/e13_engineered_homography_100subaction/experiments/E13/pipeline_outputs/subaction_30_P01_109_30/episode_12_left/frame_002838_left,short_window_pre_contact,nearest_frame_before_new_contact_episode,False,False,False,False,False,False,False,False,"(150, 92, 300, 242)",0.11017777777777778,,0,{},,,,True,2838.0,2839.0,2841.0,0.0,2838.0,2836.0,2837.0,2.0,2836.0,2837.0,2836.0,2837.0,60.0,False,2836.0,2837.0,True,True,True,4.0,25,True,12.0,left,smoothed_contact_0_to_1,True,snapped_to_reference_object_mask,"(164.99999570846558, 131.0, 322.999990940094, 250.0)",0.6437996029853821,0.8958075743028706,4.944420337677002,"(164.1829376220703, 140.0377655029297, 327.193359375, 250.25685119628906)",,30.310405802992396,3.0,2.0,3.0,2.2628891468048096,"[0.0, 1.5308983325958252, 0.0, 0.0, 2.2628891468048096]","[[242.23903 141.10269]
 [219.54768 207.48418]
 [216.55925 141.50893]
 [230.93555 143.09099]
 [213.26787 203.24698]]","[[242.23903 141.10269]
 [221.      207.     ]
 [216.55925 141.50893]
 [230.93555 143.09099]
 [213.      201.     ]]",False,record_only,new_contact_episode,new_contact_episode,P01_109_sub030_ep12_left,smoothed_contact_run_start_within_subaction,hand,['hand'],,,,,,,,164,25,2836.0,/Users/huhu/Documents/Code/bishe/vrb/vrbreproduction/outputs/e13_engineered_homography_100subaction/experiments/E13/pipeline_outputs/subaction_30_P01_109_30/episode_12_left/frame_002838_left/reference_frame.png,/Users/huhu/Documents/Code/bishe/vrb/vrbreproduction/outputs/e13_engineered_homography_100subaction/experiments/E13/pipeline_outputs/subaction_30_P01_109_30/episode_12_left/frame_002838_left/contact_frame.png,/Users/huhu/Documents/Code/bishe/vrb/vrbreproduction/outputs/e13_engineered_homography_100subaction/experiments/E13/pipeline_outputs/subaction_30_P01_109_30/episode_12_left/frame_002838_left/contact_overlay.png,/Users/huhu/Documents/Code/bishe/vrb/vrbreproduction/outputs/e13_engineered_homography_100subaction/experiments/E13/pipeline_outputs/subaction_30_P01_109_30/episode_12_left/frame_002838_left/projection_overlay_raw_vs_snapped.png,/Users/huhu/Documents/Code/bishe/vrb/vrbreproduction/outputs/e13_engineered_homography_100subaction/experiments/E13/pipeline_outputs/subaction_30_P01_109_30/episode_12_left/frame_002838_left/homography_matches.png,/Users/huhu/Documents/Code/bishe/vrb/vrbreproduction/outputs/e13_engineered_homography_100subaction/experiments/E13/pipeline_outputs/subaction_30_P01_109_30/episode_12_left/frame_002838_left/label_heatmap_merged.npy,/Users/huhu/Documents/Code/bishe/vrb/vrbreproduction/outputs/e13_engineered_homography_100subaction/experiments/E13/pipeline_outputs/subaction_30_P01_109_30/episode_12_left/frame_002838_left/label_heatmap_merged.png,/Users/huhu/Documents/Code/bishe/vrb/vrbreproduction/outputs/e13_engineered_homography_100subaction/experiments/E13/pipeline_outputs/subaction_30_P01_109_30/episode_12_left/frame_002838_left/label_heatmap_merged_overlay.png,/Users/huhu/Documents/Code/bishe/vrb/vrbreproduction/outputs/e13_engineered_homography_100subaction/experiments/E13/pipeline_outputs/subaction_30_P01_109_30/episode_12_left/frame_002838_left/vrb_style_affordance.png,"(256, 456)",True,/Users/huhu/Documents/Code/bishe/vrb/vrbreproduction/outputs/e13_engineered_homography_100subaction/experiments/E13/pipeline_outputs/subaction_30_P01_109_30/episode_12_left/frame_002838_left/diagnostics/problem3_ref_full_overlay.png,/Users/huhu/Documents/Code/bishe/vrb/vrbreproduction/outputs/e13_engineered_homography_100subaction/experiments/E13/pipeline_outputs/subaction_30_P01_109_30/episode_12_left/frame_002838_left/diagnostics/problem3_ref_crop.png,21.0,0.9550561797752809,211.0,214.0,0.275565505027771,SIFT,,30:2838:left
E13,E13_engineered_homography_projection,new_contact_episode_early_frames,short_window_pre_contact_nearest_no_contact,30,P01_109_30,P01_109,rinse hands,rinse,hand,['hand'],2579,2963,2578,2962,33.0,2839.0,2840.0,left,keep,Cell4_label_heatmap,,,27,2837.0,2838.0,2.0,2.0,1.0,6,0.0,covariance,5.230112359550562,/Users/huhu/Documents/Code/bishe/vrb/vrbreproduction/outputs/e13_engineered_homography_100subaction/experiments/E13/pipeline_outputs/subaction_30_P01_109_30/episode_12_left/frame_002839_left,short_window_pre_contact,nearest_frame_before_new_contact_episode,False,False,False,False,False,False,False,False,"(139, 106, 289, 256)",0.11017777777777778,,0,{},,,,True,2838.0,2839.0,2841.0,1.0,2838.0,2836.0,2837.0,2.0,2836.0,2837.0,2836.0,2837.0,60.0,False,2836.0,2837.0,True,False,True,4.0,25,False,12.0,left,smoothed_contact_0_to_1,True,snapped_to_reference_object_mask,"(164.99999570846558, 131.0, 322.999990940094, 250.0)",0.6437996029853821,0.9599281475557154,2.9816079139709473,"(169.4322052001953, 131.15017700195312, 324.5208740234375, 250.1976318359375)",,33.87819843574344,0.0,2.0,0.0,3.9633777141571045,"[3.9633777141571045, 0.8037728071212769, 3.0968241691589355, 3.843665838241577, 1.7972527742385864]","[[213.97656 205.56265]
 [219.2152  208.82642]
 [211.57785 205.04243]
 [216.46063 207.0472 ]
 [209.46829 206.03645]]","[[217. 203.]
 [220. 209.]
 [211. 202.]
 [214. 210.]
 [208. 205.]]",False,record_only,new_contact_episode,new_contact_episode,P01_109_sub030_ep12_left,smoothed_contact_run_start_within_subaction,hand,['hand'],,,,,,,,164,25,2836.0,/Users/huhu/Documents/Code/bishe/vrb/vrbreproduction/outputs/e13_engineered_homography_100subaction/experiments/E13/pipeline_outputs/subaction_30_P01_109_30/episode_12_left/frame_002839_left/reference_frame.png,/Users/huhu/Documents/Code/bishe/vrb/vrbreproduction/outputs/e13_engineered_homography_100subaction/experiments/E13/pipeline_outputs/subaction_30_P01_109_30/episode_12_left/frame_002839_left/contact_frame.png,/Users/huhu/Documents/Code/bishe/vrb/vrbreproduction/outputs/e13_engineered_homography_100subaction/experiments/E13/pipeline_outputs/subaction_30_P01_109_30/episode_12_left/frame_002839_left/contact_overlay.png,/Users/huhu/Documents/Code/bishe/vrb/vrbreproduction/outputs/e13_engineered_homography_100subaction/experiments/E13/pipeline_outputs/subaction_30_P01_109_30/episode_12_left/frame_002839_left/projection_overlay_raw_vs_snapped.png,/Users/huhu/Documents/Code/bishe/vrb/vrbreproduction/outputs/e13_engineered_homography_100subaction/experiments/E13/pipeline_outputs/subaction_30_P01_109_30/episode_12_left/frame_002839_left/homography_matches.png,/Users/huhu/Documents/Code/bishe/vrb/vrbreproduction/outputs/e13_engineered_homography_100subaction/experiments/E13/pipeline_outputs/subaction_30_P01_109_30/episode_12_left/frame_002839_left/label_heatmap_merged.npy,/Users/huhu/Documents/Code/bishe/vrb/vrbreproduction/outputs/e13_engineered_homography_100subaction/experiments/E13/pipeline_outputs/subaction_30_P01_109_30/episode_12_left/frame_002839_left/label_heatmap_merged.png,/Users/huhu/Documents/Code/bishe/vrb/vrbreproduction/outputs/e13_engineered_homography_100subaction/experiments/E13/pipeline_outputs/subaction_30_P01_109_30/episode_12_left/frame_002839_left/label_heatmap_merged_overlay.png,/Users/huhu/Documents/Code/bishe/vrb/vrbreproduction/outputs/e13_engineered_homography_100subaction/experiments/E13/pipeline_outputs/subaction_30_P01_109_30/episode_12_left/frame_002839_left/vrb_style_affordance.png,"(256, 456)",True,/Users/huhu/Documents/Code/bishe/vrb/vrbreproduction/outputs/e13_engineered_homography_100subaction/experiments/E13/pipeline_outputs/subaction_30_P01_109_30/episode_12_left/frame_002839_left/diagnostics/problem3_ref_full_overlay.png,/Users/huhu/Documents/Code/bishe/vrb/vrbreproduction/outputs/e13_engineered_homography_100subaction/experiments/E13/pipeline_outputs/subaction_30_P01_109_30/episode_12_left/frame_002839_left/diagnostics/problem3_ref_crop.png,27.0,0.9550561797752809,211.0,214.0,0.275565505027771,SIFT,,30:2839:left
E13,E13_engineered_homography_projection,new_contact_episode_early_frames,short_window_pre_contact_nearest_no_contact,30,P01_109_30,P01_109,rinse hands,rinse,hand,['hand'],2579,2963,2578,2962,34.0,2840.0,2841.0,left,keep,Cell4_label_heatmap,,,49,2837.0,2838.0,3.0,3.0,1.0,6,0.0,covariance,5.460112359550561,/Users/huhu/Documents/Code/bishe/vrb/vrbreproduction/outputs/e13_engineered_homography_100subaction/experiments/E13/pipeline_outputs/subaction_30_P01_109_30/episode_12_left/frame_002840_left,short_window_pre_contact,nearest_frame_before_new_contact_episode,False,False,False,False,False,False,False,False,"(142, 93, 292, 243)",0.11017777777777778,,0,{},,,,True,2838.0,2839.0,2841.0,2.0,2838.0,2836.0,2837.0,2.0,2836.0,2837.0,2836.0,2837.0,60.0,False,2836.0,2837.0,True,False,True,4.0,25,False,12.0,left,smoothed_contact_0_to_1,True,snapped_to_reference_object_mask,"(164.99999570846558, 131.0, 322.999990940094, 250.0)",0.6437996029853821,0.9495980284633134,2.66584849357605,"(168.3748321533203, 132.28158569335938, 324.21331787109375, 251.43431091308594)",,34.90903683863908,3.0,2.0,3.0,3.4861903190612793,"[0.0, 1.2253267765045166, 0.0, 3.4861903190612793, 0.0]","[[225.07826 141.9076 ]
 [218.55226 208.8594 ]
 [214.21678 139.38707]
 [211.31308 206.39171]
 [218.83908 141.75313]]","[[225.07826 141.9076 ]
 [219.      210.     ]
 [214.21678 139.38707]
 [209.      209.     ]
 [218.83908 141.75313]]",False,record_only,new_contact_episode,new_contact_episode,P01_109_sub030_ep12_left,smoothed_contact_run_start_within_subaction,hand,['hand'],,,,,,,,164,25,2836.0,/Users/huhu/Documents/Code/bishe/vrb/vrbreproduction/outputs/e13_engineered_homography_100subaction/experiments/E13/pipeline_outputs/subaction_30_P01_109_30/episode_12_left/frame_002840_left/reference_frame.png,/Users/huhu/Documents/Code/bishe/vrb/vrbreproduction/outputs/e13_engineered_homography_100subaction/experiments/E13/pipeline_outputs/subaction_30_P01_109_30/episode_12_left/frame_002840_left/contact_frame.png,/Users/huhu/Documents/Code/bishe/vrb/vrbreproduction/outputs/e13_engineered_homography_100subaction/experiments/E13/pipeline_outputs/subaction_30_P01_109_30/episode_12_left/frame_002840_left/contact_overlay.png,/Users/huhu/Documents/Code/bishe/vrb/vrbreproduction/outputs/e13_engineered_homography_100subaction/experiments/E13/pipeline_outputs/subaction_30_P01_109_30/episode_12_left/frame_002840_left/projection_overlay_raw_vs_snapped.png,/Users/huhu/Documents/Code/bishe/vrb/vrbreproduction/outputs/e13_engineered_homography_100subaction/experiments/E13/pipeline_outputs/subaction_30_P01_109_30/episode_12_left/frame_002840_left/homography_matches.png,/Users/huhu/Documents/Code/bishe/vrb/vrbreproduction/outputs/e13_engineered_homography_100subaction/experiments/E13/pipeline_outputs/subaction_30_P01_109_30/episode_12_left/frame_002840_left/label_heatmap_merged.npy,/Users/huhu/Documents/Code/bishe/vrb/vrbreproduction/outputs/e13_engineered_homography_100subaction/experiments/E13/pipeline_outputs/subaction_30_P01_109_30/episode_12_left/frame_002840_left/label_heatmap_merged.png,/Users/huhu/Documents/Code/bishe/vrb/vrbreproduction/outputs/e13_engineered_homography_100subaction/experiments/E13/pipeline_outputs/subaction_30_P01_109_30/episode_12_left/frame_002840_left/label_heatmap_merged_overlay.png,/Users/huhu/Documents/Code/bishe/vrb/vrbreproduction/outputs/e13_engineered_homography_100subaction/experiments/E13/pipeline_outputs/subaction_30_P01_109_30/episode_12_left/frame_002840_left/vrb_style_affordance.png,"(256, 456)",True,/Users/huhu/Documents/Code/bishe/vrb/vrbreproduction/outputs/e13_engineered_homography_100subaction/experiments/E13/pipeline_outputs/subaction_30_P01_109_30/episode_12_left/frame_002840_left/diagnostics/problem3_ref_full_overlay.png,/Users/huhu/Documents/Code/bishe/vrb/vrbreproduction/outputs/e13_engineered_homography_100subaction/experiments/E13/pipeline_outputs/subaction_30_P01_109_30/episode_12_left/frame_002840_left/diagnostics/problem3_ref_crop.png,33.0,0.9550561797752809,211.0,214.0,0.275565505027771,SIFT,,30:2840:left
E13,E13_engineered_homography_projection,new_contact_episode_early_frames,short_window_pre_contact_nearest_no_contact,30,P01_109_30,P01_109,rinse hands,rinse,hand,['hand'],2579,2963,2578,2962,35.0,2838.0,2839.0,right,keep,Cell4_label_heatmap,,,54,2837.0,2838.0,1.0,1.0,1.0,6,0.0,covariance,5.980112359550562,/Users/huhu/Documents/Code/bishe/vrb/vrbreproduction/outputs/e13_engineered_homography_100subaction/experiments/E13/pipeline_outputs/subaction_30_P01_109_30/episode_13_right/frame_002838_right,short_window_pre_contact,nearest_frame_before_new_contact_episode,False,False,False,False,False,False,False,False,"(174, 66, 324, 216)",0.11017777777777778,,0,{},,,,True,2838.0,2839.0,2838.0,0.0,2838.0,2836.0,2837.0,2.0,2836.0,2837.0,2836.0,2837.0,60.0,False,2836.0,2837.0,True,True,True,1.0,25,True,13.0,right,smoothed_contact_0_to_1,True,snapped_to_reference_object_mask,"(164.99999570846558, 131.0, 322.999990940094, 250.0)",0.6437996029853821,0.8958075743028706,4.944420337677002,"(164.1829376220703, 140.0377655029297, 327.193359375, 250.25685119628906)",,49.76275794441457,5.0,2.0,5.0,0.0,"[0.0, 0.0, 0.0, 0.0, 0.0]","[[247.87337 140.10822]
 [231.69469 143.09164]
 [239.07652 141.43277]
 [266.2171  140.12366]
 [259.42404 140.11797]]","[[247.87337 140.10822]
 [231.69469 143.09164]
 [239.07652 141.43277]
 [266.2171  140.12366]
 [259.42404 140.11797]]",False,record_only,new_contact_episode,new_contact_episode,P01_109_sub030_ep13_right,smoothed_contact_run_start_within_subaction,hand,['hand'],,,,,,,,164,25,2836.0,/Users/huhu/Documents/Code/bishe/vrb/vrbreproduction/outputs/e13_engineered_homography_100subaction/experiments/E13/pipeline_outputs/subaction_30_P01_109_30/episode_13_right/frame_002838_right/reference_frame.png,/Users/huhu/Documents/Code/bishe/vrb/vrbreproduction/outputs/e13_engineered_homography_100subaction/experiments/E13/pipeline_outputs/subaction_30_P01_109_30/episode_13_right/frame_002838_right/contact_frame.png,/Users/huhu/Documents/Code/bishe/vrb/vrbreproduction/outputs/e13_engineered_homography_100subaction/experiments/E13/pipeline_outputs/subaction_30_P01_109_30/episode_13_right/frame_002838_right/contact_overlay.png,/Users/huhu/Documents/Code/bishe/vrb/vrbreproduction/outputs/e13_engineered_homography_100subaction/experiments/E13/pipeline_outputs/subaction_30_P01_109_30/episode_13_right/frame_002838_right/projection_overlay_raw_vs_snapped.png,/Users/huhu/Documents/Code/bishe/vrb/vrbreproduction/outputs/e13_engineered_homography_100subaction/experiments/E13/pipeline_outputs/subaction_30_P01_109_30/episode_13_right/frame_002838_right/homography_matches.png,/Users/huhu/Documents/Code/bishe/vrb/vrbreproduction/outputs/e13_engineered_homography_100subaction/experiments/E13/pipeline_outputs/subaction_30_P01_109_30/episode_13_right/frame_002838_right/label_heatmap_merged.npy,/Users/huhu/Documents/Code/bishe/vrb/vrbreproduction/outputs/e13_engineered_homography_100subaction/experiments/E13/pipeline_outputs/subaction_30_P01_109_30/episode_13_right/frame_002838_right/label_heatmap_merged.png,/Users/huhu/Documents/Code/bishe/vrb/vrbreproduction/outputs/e13_engineered_homography_100subaction/experiments/E13/pipeline_outputs/subaction_30_P01_109_30/episode_13_right/frame_002838_right/label_heatmap_merged_overlay.png,/Users/huhu/Documents/Code/bishe/vrb/vrbreproduction/outputs/e13_engineered_homography_100subaction/experiments/E13/pipeline_outputs/subaction_30_P01_109_30/episode_13_right/frame_002838_right/vrb_style_affordance.png,"(256, 456)",True,/Users/huhu/Documents/Code/bishe/vrb/vrbreproduction/outputs/e13_engineered_homography_100subaction/experiments/E13/pipeline_outputs/subaction_30_P01_109_30/episode_13_right/frame_002838_right/diagnostics/problem3_ref_full_overlay.png,/Users/huhu/Documents/Code/bishe/vrb/vrbreproduction/outputs/e13_engineered_homography_100subaction/experiments/E13/pipeline_outputs/subaction_30_P01_109_30/episode_13_right/frame_002838_right/diagnostics/problem3_ref_crop.png,21.0,0.9550561797752809,211.0,214.0,0.275565505027771,SIFT,,30:2838:right
E13,E13_engineered_homography_projection,new_contact_episode_early_frames,short_window_pre_contact_nearest_no_contact,30,P01_109_30,P01_109,rinse hands,rinse,hand,['hand'],2579,2963,2578,2962,37.0,2851.0,2852.0,left,keep,Cell4_label_heatmap,,,49,2850.0,2851.0,1.0,1.0,1.0,6,0.0,covariance,5.908697318007663,/Users/huhu/Documents/Code/bishe/vrb/vrbreproduction/outputs/e13_engineered_homography_100subaction/experiments/E13/pipeline_outputs/subaction_30_P01_109_30/episode_15_left/frame_002851_left,short_window_pre_contact,nearest_frame_before_new_contact_episode,False,False,False,False,False,False,False,False,"(132, 106, 282, 256)",0.16524444444444444,,0,{},,,,True,2851.0,2852.0,2858.0,0.0,2851.0,2842.0,2850.0,9.0,2842.0,2850.0,2842.0,2850.0,60.0,False,2842.0,2850.0,True,True,True,8.0,25,True,15.0,left,smoothed_contact_0_to_1,True,snapped_to_reference_object_mask,"(152.000004529953, 140.0, 321.99999475479126, 251.0)",0.9009673595428467,0.8648173192787737,5.5952630043029785,"(149.03683471679688, 131.11862182617188, 328.17083740234375, 249.1604461669922)",,32.58345247361116,2.0,2.0,2.0,4.365823268890381,"[4.365823268890381, 0.0, 1.2779297828674316, 1.9415881633758545, 0.0]","[[219.97018 140.80025]
 [201.05763 210.09491]
 [213.4824  139.81662]
 [197.06064 209.09296]
 [204.4987  211.65169]]","[[217.      144.     ]
 [201.05763 210.09491]
 [213.      141.     ]
 [199.      209.     ]
 [204.4987  211.65169]]",False,record_only,new_contact_episode,new_contact_episode,P01_109_sub030_ep15_left,smoothed_contact_run_start_within_subaction,hand,['hand'],,,,,,,,164,25,2842.0,/Users/huhu/Documents/Code/bishe/vrb/vrbreproduction/outputs/e13_engineered_homography_100subaction/experiments/E13/pipeline_outputs/subaction_30_P01_109_30/episode_15_left/frame_002851_left/reference_frame.png,/Users/huhu/Documents/Code/bishe/vrb/vrbreproduction/outputs/e13_engineered_homography_100subaction/experiments/E13/pipeline_outputs/subaction_30_P01_109_30/episode_15_left/frame_002851_left/contact_frame.png,/Users/huhu/Documents/Code/bishe/vrb/vrbreproduction/outputs/e13_engineered_homography_100subaction/experiments/E13/pipeline_outputs/subaction_30_P01_109_30/episode_15_left/frame_002851_left/contact_overlay.png,/Users/huhu/Documents/Code/bishe/vrb/vrbreproduction/outputs/e13_engineered_homography_100subaction/experiments/E13/pipeline_outputs/subaction_30_P01_109_30/episode_15_left/frame_002851_left/projection_overlay_raw_vs_snapped.png,/Users/huhu/Documents/Code/bishe/vrb/vrbreproduction/outputs/e13_engineered_homography_100subaction/experiments/E13/pipeline_outputs/subaction_30_P01_109_30/episode_15_left/frame_002851_left/homography_matches.png,/Users/huhu/Documents/Code/bishe/vrb/vrbreproduction/outputs/e13_engineered_homography_100subaction/experiments/E13/pipeline_outputs/subaction_30_P01_109_30/episode_15_left/frame_002851_left/label_heatmap_merged.npy,/Users/huhu/Documents/Code/bishe/vrb/vrbreproduction/outputs/e13_engineered_homography_100subaction/experiments/E13/pipeline_outputs/subaction_30_P01_109_30/episode_15_left/frame_002851_left/label_heatmap_merged.png,/Users/huhu/Documents/Code/bishe/vrb/vrbreproduction/outputs/e13_engineered_homography_100subaction/experiments/E13/pipeline_outputs/subaction_30_P01_109_30/episode_15_left/frame_002851_left/label_heatmap_merged_overlay.png,/Users/huhu/Documents/Code/bishe/vrb/vrbreproduction/outputs/e13_engineered_homography_100subaction/experiments/E13/pipeline_outputs/subaction_30_P01_109_30/episode_15_left/frame_002851_left/vrb_style_affordance.png,"(256, 456)",True,/Users/huhu/Documents/Code/bishe/vrb/vrbreproduction/outputs/e13_engineered_homography_100subaction/experiments/E13/pipeline_outputs/subaction_30_P01_109_30/episode_15_left/frame_002851_left/diagnostics/problem3_ref_full_overlay.png,/Users/huhu/Documents/Code/bishe/vrb/vrbreproduction/outputs/e13_engineered_homography_100subaction/experiments/E13/pipeline_outputs/subaction_30_P01_109_30/episode_15_left/frame_002851_left/diagnostics/problem3_ref_crop.png,21.0,0.9693486590038314,253.0,260.0,0.15071246027946472,SIFT,,30:2851:left
E13,E13_engineered_homography_projection,new_contact_episode_early_frames,short_window_pre_contact_nearest_no_contact,30,P01_109_30,P01_109,rinse hands,rinse,hand,['hand'],2579,2963,2578,2962,38.0,2852.0,2853.0,left,keep,Cell4_label_heatmap,,,25,2850.0,2851.0,2.0,2.0,1.0,6,0.0,covariance,5.218697318007663,/Users/huhu/Documents/Code/bishe/vrb/vrbreproduction/outputs/e13_engineered_homography_100subaction/experiments/E13/pipeline_outputs/subaction_30_P01_109_30/episode_15_left/frame_002852_left,short_window_pre_contact,nearest_frame_before_new_contact_episode,False,False,False,False,False,False,False,False,"(127, 106, 277, 256)",0.16524444444444444,,0,{},,,,True,2851.0,2852.0,2858.0,1.0,2851.0,2842.0,2850.0,9.0,2842.0,2850.0,2842.0,2850.0,60.0,False,2842.0,2850.0,True,False,True,8.0,25,False,15.0,left,smoothed_contact_0_to_1,True,snapped_to_reference_object_mask,"(152.000004529953, 140.0, 321.99999475479126, 251.0)",0.9009673595428467,0.8475475059883495,8.030738830566406,"(156.00704956054688, 130.2797393798828, 328.2242431640625, 248.33917236328125)",,38.761866549028376,3.0,2.0,3.0,2.2987918853759766,"[0.0, 0.0, 2.2987918853759766, 0.0, 1.2906190156936646]","[[201.2288  210.21613]
 [206.02841 212.96796]
 [197.04535 210.20987]
 [204.53394 211.46858]
 [198.55649 210.21202]]","[[201.2288  210.21613]
 [206.02841 212.96796]
 [199.      209.     ]
 [204.53394 211.46858]
 [199.      209.     ]]",False,record_only,new_contact_episode,new_contact_episode,P01_109_sub030_ep15_left,smoothed_contact_run_start_within_subaction,hand,['hand'],,,,,,,,164,25,2842.0,/Users/huhu/Documents/Code/bishe/vrb/vrbreproduction/outputs/e13_engineered_homography_100subaction/experiments/E13/pipeline_outputs/subaction_30_P01_109_30/episode_15_left/frame_002852_left/reference_frame.png,/Users/huhu/Documents/Code/bishe/vrb/vrbreproduction/outputs/e13_engineered_homography_100subaction/experiments/E13/pipeline_outputs/subaction_30_P01_109_30/episode_15_left/frame_002852_left/contact_frame.png,/Users/huhu/Documents/Code/bishe/vrb/vrbreproduction/outputs/e13_engineered_homography_100subaction/experiments/E13/pipeline_outputs/subaction_30_P01_109_30/episode_15_left/frame_002852_left/contact_overlay.png,/Users/huhu/Documents/Code/bishe/vrb/vrbreproduction/outputs/e13_engineered_homography_100subaction/experiments/E13/pipeline_outputs/subaction_30_P01_109_30/episode_15_left/frame_002852_left/projection_overlay_raw_vs_snapped.png,/Users/huhu/Documents/Code/bishe/vrb/vrbreproduction/outputs/e13_engineered_homography_100subaction/experiments/E13/pipeline_outputs/subaction_30_P01_109_30/episode_15_left/frame_002852_left/homography_matches.png,/Users/huhu/Documents/Code/bishe/vrb/vrbreproduction/outputs/e13_engineered_homography_100subaction/experiments/E13/pipeline_outputs/subaction_30_P01_109_30/episode_15_left/frame_002852_left/label_heatmap_merged.npy,/Users/huhu/Documents/Code/bishe/vrb/vrbreproduction/outputs/e13_engineered_homography_100subaction/experiments/E13/pipeline_outputs/subaction_30_P01_109_30/episode_15_left/frame_002852_left/label_heatmap_merged.png,/Users/huhu/Documents/Code/bishe/vrb/vrbreproduction/outputs/e13_engineered_homography_100subaction/experiments/E13/pipeline_outputs/subaction_30_P01_109_30/episode_15_left/frame_002852_left/label_heatmap_merged_overlay.png,/Users/huhu/Documents/Code/bishe/vrb/vrbreproduction/outputs/e13_engineered_homography_100subaction/experiments/E13/pipeline_outputs/subaction_30_P01_109_30/episode_15_left/frame_002852_left/vrb_style_affordance.png,"(256, 456)",True,/Users/huhu/Documents/Code/bishe/vrb/vrbreproduction/outputs/e13_engineered_homography_100subaction/experiments/E13/pipeline_outputs/subaction_30_P01_109_30/episode_15_left/frame_002852_left/diagnostics/problem3_ref_full_overlay.png,/Users/huhu/Documents/Code/bishe/vrb/vrbreproduction/outputs/e13_engineered_homography_100subaction/experiments/E13/pipeline_outputs/subaction_30_P01_109_30/episode_15_left/frame_002852_left/diagnostics/problem3_ref_crop.png,27.0,0.9693486590038314,227.0,234.0,0.1630987524986267,SIFT,,30:2852:left
E13,E13_engineered_homography_projection,new_contact_episode_early_frames,short_window_pre_contact_nearest_no_contact,30,P01_109_30,P01_109,rinse hands,rinse,hand,['hand'],2579,2963,2578,2962,39.0,2853.0,2854.0,left,keep,Cell4_label_heatmap,,,89,2850.0,2851.0,3.0,3.0,1.0,6,0.0,covariance,6.288697318007662,/Users/huhu/Documents/Code/bishe/vrb/vrbreproduction/outputs/e13_engineered_homography_100subaction/experiments/E13/pipeline_outputs/subaction_30_P01_109_30/episode_15_left/frame_002853_left,short_window_pre_contact,nearest_frame_before_new_contact_episode,False,False,False,False,False,False,False,False,"(139, 84, 289, 234)",0.16524444444444444,,0,{},,,,True,2851.0,2852.0,2858.0,2.0,2851.0,2842.0,2850.0,9.0,2842.0,2850.0,2842.0,2850.0,60.0,False,2842.0,2850.0,True,False,True,8.0,25,False,15.0,left,smoothed_contact_0_to_1,True,snapped_to_reference_object_mask,"(152.000004529953, 140.0, 321.99999475479126, 251.0)",0.9009673595428467,0.8984642601087024,5.2886786460876465,"(161.9910430908203, 135.42320251464844, 321.3051452636719, 250.53091430664062)",,43.22601973083843,5.0,2.0,5.0,0.0,"[0.0, 0.0, 0.0, 0.0, 0.0]","[[233.63315 147.9353 ]
 [201.29051 209.35829]
 [203.43887 142.559  ]
 [222.19296 148.68687]
 [210.81744 145.1096 ]]","[[233.63315 147.9353 ]
 [201.29051 209.35829]
 [203.43887 142.559  ]
 [222.19296 148.68687]
 [210.81744 145.1096 ]]",False,record_only,new_contact_episode,new_contact_episode,P01_109_sub030_ep15_left,smoothed_contact_run_start_within_subaction,hand,['hand'],,,,,,,,164,25,2842.0,/Users/huhu/Documents/Code/bishe/vrb/vrbreproduction/outputs/e13_engineered_homography_100subaction/experiments/E13/pipeline_outputs/subaction_30_P01_109_30/episode_15_left/frame_002853_left/reference_frame.png,/Users/huhu/Documents/Code/bishe/vrb/vrbreproduction/outputs/e13_engineered_homography_100subaction/experiments/E13/pipeline_outputs/subaction_30_P01_109_30/episode_15_left/frame_002853_left/contact_frame.png,/Users/huhu/Documents/Code/bishe/vrb/vrbreproduction/outputs/e13_engineered_homography_100subaction/experiments/E13/pipeline_outputs/subaction_30_P01_109_30/episode_15_left/frame_002853_left/contact_overlay.png,/Users/huhu/Documents/Code/bishe/vrb/vrbreproduction/outputs/e13_engineered_homography_100subaction/experiments/E13/pipeline_outputs/subaction_30_P01_109_30/episode_15_left/frame_002853_left/projection_overlay_raw_vs_snapped.png,/Users/huhu/Documents/Code/bishe/vrb/vrbreproduction/outputs/e13_engineered_homography_100subaction/experiments/E13/pipeline_outputs/subaction_30_P01_109_30/episode_15_left/frame_002853_left/homography_matches.png,/Users/huhu/Documents/Code/bishe/vrb/vrbreproduction/outputs/e13_engineered_homography_100subaction/experiments/E13/pipeline_outputs/subaction_30_P01_109_30/episode_15_left/frame_002853_left/label_heatmap_merged.npy,/Users/huhu/Documents/Code/bishe/vrb/vrbreproduction/outputs/e13_engineered_homography_100subaction/experiments/E13/pipeline_outputs/subaction_30_P01_109_30/episode_15_left/frame_002853_left/label_heatmap_merged.png,/Users/huhu/Documents/Code/bishe/vrb/vrbreproduction/outputs/e13_engineered_homography_100subaction/experiments/E13/pipeline_outputs/subaction_30_P01_109_30/episode_15_left/frame_002853_left/label_heatmap_merged_overlay.png,/Users/huhu/Documents/Code/bishe/vrb/vrbreproduction/outputs/e13_engineered_homography_100subaction/experiments/E13/pipeline_outputs/subaction_30_P01_109_30/episode_15_left/frame_002853_left/vrb_style_affordance.png,"(256, 456)",True,/Users/huhu/Documents/Code/bishe/vrb/vrbreproduction/outputs/e13_engineered_homography_100subaction/experiments/E13/pipeline_outputs/subaction_30_P01_109_30/episode_15_left/frame_002853_left/diagnostics/problem3_ref_full_overlay.png,/Users/huhu/Documents/Code/bishe/vrb/vrbreproduction/outputs/e13_engineered_homography_100subaction/experiments/E13/pipeline_outputs/subaction_30_P01_109_30/episode_15_left/frame_002853_left/diagnostics/problem3_ref_crop.png,33.0,0.9693486590038314,227.0,234.0,0.18328364193439484,SIFT,,30:2853:left
E13,E13_engineered_homography_projection,new_contact_episode_early_frames,short_window_pre_contact_nearest_no_contact,30,P01_109_30,P01_109,rinse hands,rinse,hand,['hand'],2579,2963,2578,2962,44.0,2868.0,2869.0,left,keep,Cell4_label_heatmap,,,45,2866.0,2867.0,2.0,2.0,1.0,6,0.0,covariance,5.598819188191882,/Users/huhu/Documents/Code/bishe/vrb/vrbreproduction/outputs/e13_engineered_homography_100subaction/experiments/E13/pipeline_outputs/subaction_30_P01_109_30/episode_17_left/frame_002868_left,short_window_pre_contact,nearest_frame_before_new_contact_episode,False,False,False,False,False,False,False,False,"(139, 106, 289, 256)",0.14346666666666666,,0,{},,,,True,2867.0,2868.0,2869.0,1.0,2867.0,2859.0,2866.0,8.0,2859.0,2866.0,2859.0,2866.0,60.0,False,2859.0,2866.0,True,False,True,3.0,25,False,17.0,left,smoothed_contact_0_to_1,True,snapped_to_reference_object_mask,"(134.00000524520874, 127.0, 310.00001335144043, 255.0)",0.7632376551628113,0.873681103362113,5.3807806968688965,"(136.9201202392578, 123.9188232421875, 303.2518310546875, 248.0235137939453)",,8.785774259747278,5.0,2.0,5.0,0.0,"[0.0, 0.0, 0.0, 0.0, 0.0]","[[206.39423 183.92307]
 [227.71016 190.5154 ]
 [216.03033 185.92633]
 [219.37701 188.48555]
 [202.0285  184.92245]]","[[206.39423 183.92307]
 [227.71016 190.5154 ]
 [216.03033 185.92633]
 [219.37701 188.48555]
 [202.0285  184.92245]]",False,record_only,new_contact_episode,new_contact_episode,P01_109_sub030_ep17_left,smoothed_contact_run_start_within_subaction,hand,['hand'],,,,,,,,164,25,2859.0,/Users/huhu/Documents/Code/bishe/vrb/vrbreproduction/outputs/e13_engineered_homography_100subaction/experiments/E13/pipeline_outputs/subaction_30_P01_109_30/episode_17_left/frame_002868_left/reference_frame.png,/Users/huhu/Documents/Code/bishe/vrb/vrbreproduction/outputs/e13_engineered_homography_100subaction/experiments/E13/pipeline_outputs/subaction_30_P01_109_30/episode_17_left/frame_002868_left/contact_frame.png,/Users/huhu/Documents/Code/bishe/vrb/vrbreproduction/outputs/e13_engineered_homography_100subaction/experiments/E13/pipeline_outputs/subaction_30_P01_109_30/episode_17_left/frame_002868_left/contact_overlay.png,/Users/huhu/Documents/Code/bishe/vrb/vrbreproduction/outputs/e13_engineered_homography_100subaction/experiments/E13/pipeline_outputs/subaction_30_P01_109_30/episode_17_left/frame_002868_left/projection_overlay_raw_vs_snapped.png,/Users/huhu/Documents/Code/bishe/vrb/vrbreproduction/outputs/e13_engineered_homography_100subaction/experiments/E13/pipeline_outputs/subaction_30_P01_109_30/episode_17_left/frame_002868_left/homography_matches.png,/Users/huhu/Documents/Code/bishe/vrb/vrbreproduction/outputs/e13_engineered_homography_100subaction/experiments/E13/pipeline_outputs/subaction_30_P01_109_30/episode_17_left/frame_002868_left/label_heatmap_merged.npy,/Users/huhu/Documents/Code/bishe/vrb/vrbreproduction/outputs/e13_engineered_homography_100subaction/experiments/E13/pipeline_outputs/subaction_30_P01_109_30/episode_17_left/frame_002868_left/label_heatmap_merged.png,/Users/huhu/Documents/Code/bishe/vrb/vrbreproduction/outputs/e13_engineered_homography_100subaction/experiments/E13/pipeline_outputs/subaction_30_P01_109_30/episode_17_left/frame_002868_left/label_heatmap_merged_overlay.png,/Users/huhu/Documents/Code/bishe/vrb/vrbreproduction/outputs/e13_engineered_homography_100subaction/experiments/E13/pipeline_outputs/subaction_30_P01_109_30/episode_17_left/frame_002868_left/vrb_style_affordance.png,"(256, 456)",True,/Users/huhu/Documents/Code/bishe/vrb/vrbreproduction/outputs/e13_engineered_homography_100subaction/experiments/E13/pipeline_outputs/subaction_30_P01_109_30/episode_17_left/frame_002868_left/diagnostics/problem3_ref_full_overlay.png,/Users/huhu/Documents/Code/bishe/vrb/vrbreproduction/outputs/e13_engineered_homography_100subaction/experiments/E13/pipeline_outputs/subaction_30_P01_109_30/episode_17_left/frame_002868_left/diagnostics/problem3_ref_crop.png,27.0,0.959409594095941,219.0,222.0,0.1583675742149353,SIFT,,30:2868:left
E13,E13_engineered_homography_projection,new_contact_episode_early_frames,short_window_pre_contact_nearest_no_contact,30,P01_109_30,P01_109,rinse hands,rinse,hand,['hand'],2579,2963,2578,2962,45.0,2869.0,2870.0,left,keep,Cell4_label_heatmap,,,51,2866.0,2867.0,3.0,3.0,1.0,6,0.0,covariance,5.5088191881918815,/Users/huhu/Documents/Code/bishe/vrb/vrbreproduction/outputs/e13_engineered_homography_100subaction/experiments/E13/pipeline_outputs/subaction_30_P01_109_30/episode_17_left/frame_002869_left,short_window_pre_contact,nearest_frame_before_new_contact_episode,False,False,False,False,False,False,False,False,"(136, 100, 286, 250)",0.14346666666666666,,0,{},,,,True,2867.0,2868.0,2869.0,2.0,2867.0,2859.0,2866.0,8.0,2859.0,2866.0,2859.0,2866.0,60.0,False,2859.0,2866.0,True,False,True,3.0,25,False,17.0,left,smoothed_contact_0_to_1,True,snapped_to_reference_object_mask,"(134.00000524520874, 127.0, 310.00001335144043, 255.0)",0.7632376551628113,0.825163632138817,8.785111427307129,"(143.9478302001953, 116.96591186523438, 307.3436279296875, 249.0482177734375)",,19.451775792738825,5.0,2.0,5.0,0.0,"[0.0, 0.0, 0.0, 0.0, 0.0]","[[206.41562 181.91658]
 [217.94107 187.6104 ]
 [197.90482 132.96242]
 [227.95656 192.92947]
 [203.66302 180.14601]]","[[206.41562 181.91658]
 [217.94107 187.6104 ]
 [197.90482 132.96242]
 [227.95656 192.92947]
 [203.66302 180.14601]]",False,record_only,new_contact_episode,new_contact_episode,P01_109_sub030_ep17_left,smoothed_contact_run_start_within_subaction,hand,['hand'],,,,,,,,164,25,2859.0,/Users/huhu/Documents/Code/bishe/vrb/vrbreproduction/outputs/e13_engineered_homography_100subaction/experiments/E13/pipeline_outputs/subaction_30_P01_109_30/episode_17_left/frame_002869_left/reference_frame.png,/Users/huhu/Documents/Code/bishe/vrb/vrbreproduction/outputs/e13_engineered_homography_100subaction/experiments/E13/pipeline_outputs/subaction_30_P01_109_30/episode_17_left/frame_002869_left/contact_frame.png,/Users/huhu/Documents/Code/bishe/vrb/vrbreproduction/outputs/e13_engineered_homography_100subaction/experiments/E13/pipeline_outputs/subaction_30_P01_109_30/episode_17_left/frame_002869_left/contact_overlay.png,/Users/huhu/Documents/Code/bishe/vrb/vrbreproduction/outputs/e13_engineered_homography_100subaction/experiments/E13/pipeline_outputs/subaction_30_P01_109_30/episode_17_left/frame_002869_left/projection_overlay_raw_vs_snapped.png,/Users/huhu/Documents/Code/bishe/vrb/vrbreproduction/outputs/e13_engineered_homography_100subaction/experiments/E13/pipeline_outputs/subaction_30_P01_109_30/episode_17_left/frame_002869_left/homography_matches.png,/Users/huhu/Documents/Code/bishe/vrb/vrbreproduction/outputs/e13_engineered_homography_100subaction/experiments/E13/pipeline_outputs/subaction_30_P01_109_30/episode_17_left/frame_002869_left/label_heatmap_merged.npy,/Users/huhu/Documents/Code/bishe/vrb/vrbreproduction/outputs/e13_engineered_homography_100subaction/experiments/E13/pipeline_outputs/subaction_30_P01_109_30/episode_17_left/frame_002869_left/label_heatmap_merged.png,/Users/huhu/Documents/Code/bishe/vrb/vrbreproduction/outputs/e13_engineered_homography_100subaction/experiments/E13/pipeline_outputs/subaction_30_P01_109_30/episode_17_left/frame_002869_left/label_heatmap_merged_overlay.png,/Users/huhu/Documents/Code/bishe/vrb/vrbreproduction/outputs/e13_engineered_homography_100subaction/experiments/E13/pipeline_outputs/subaction_30_P01_109_30/episode_17_left/frame_002869_left/vrb_style_affordance.png,"(256, 456)",True,/Users/huhu/Documents/Code/bishe/vrb/vrbreproduction/outputs/e13_engineered_homography_100subaction/experiments/E13/pipeline_outputs/subaction_30_P01_109_30/episode_17_left/frame_002869_left/diagnostics/problem3_ref_full_overlay.png,/Users/huhu/Documents/Code/bishe/vrb/vrbreproduction/outputs/e13_engineered_homography_100subaction/experiments/E13/pipeline_outputs/subaction_30_P01_109_30/episode_17_left/frame_002869_left/diagnostics/problem3_ref_crop.png,33.0,0.959409594095941,219.0,222.0,0.1583675742149353,SIFT,,30:2869:left
E13,E13_engineered_homography_projection,new_contact_episode_early_frames,short_window_pre_contact_nearest_no_contact,30,P01_109_30,P01_109,rinse hands,rinse,hand,['hand'],2579,2963,2578,2962,47.0,2868.0,2869.0,right,keep,Cell4_label_heatmap,,,46,2866.0,2867.0,2.0,2.0,1.0,6,0.0,covariance,5.618819188191883,/Users/huhu/Documents/Code/bishe/vrb/vrbreproduction/outputs/e13_engineered_homography_100subaction/experiments/E13/pipeline_outputs/subaction_30_P01_109_30/episode_18_right/frame_002868_right,short_window_pre_contact,nearest_frame_before_new_contact_episode,False,False,False,False,False,False,False,False,"(155, 106, 305, 256)",0.14346666666666666,,0,{},,,,True,2867.0,2868.0,2880.0,1.0,2867.0,2859.0,2866.0,8.0,2859.0,2866.0,2859.0,2866.0,60.0,False,2859.0,2866.0,True,False,True,14.0,25,False,18.0,right,smoothed_contact_0_to_1,True,snapped_to_reference_object_mask,"(134.00000524520874, 127.0, 310.00001335144043, 255.0)",0.7632376551628113,0.873681103362113,5.3807806968688965,"(136.9201202392578, 123.9188232421875, 303.2518310546875, 248.0235137939453)",,14.63742463611384,5.0,2.0,5.0,0.0,"[0.0, 0.0, 0.0, 0.0, 0.0]","[[229.06668 198.66524]
 [231.79886 208.65039]
 [226.22311 190.11292]
 [230.08832 205.8202 ]
 [234.83395 211.67993]]","[[229.06668 198.66524]
 [231.79886 208.65039]
 [226.22311 190.11292]
 [230.08832 205.8202 ]
 [234.83395 211.67993]]",False,record_only,new_contact_episode,new_contact_episode,P01_109_sub030_ep18_right,smoothed_contact_run_start_within_subaction,hand,['hand'],,,,,,,,164,25,2859.0,/Users/huhu/Documents/Code/bishe/vrb/vrbreproduction/outputs/e13_engineered_homography_100subaction/experiments/E13/pipeline_outputs/subaction_30_P01_109_30/episode_18_right/frame_002868_right/reference_frame.png,/Users/huhu/Documents/Code/bishe/vrb/vrbreproduction/outputs/e13_engineered_homography_100subaction/experiments/E13/pipeline_outputs/subaction_30_P01_109_30/episode_18_right/frame_002868_right/contact_frame.png,/Users/huhu/Documents/Code/bishe/vrb/vrbreproduction/outputs/e13_engineered_homography_100subaction/experiments/E13/pipeline_outputs/subaction_30_P01_109_30/episode_18_right/frame_002868_right/contact_overlay.png,/Users/huhu/Documents/Code/bishe/vrb/vrbreproduction/outputs/e13_engineered_homography_100subaction/experiments/E13/pipeline_outputs/subaction_30_P01_109_30/episode_18_right/frame_002868_right/projection_overlay_raw_vs_snapped.png,/Users/huhu/Documents/Code/bishe/vrb/vrbreproduction/outputs/e13_engineered_homography_100subaction/experiments/E13/pipeline_outputs/subaction_30_P01_109_30/episode_18_right/frame_002868_right/homography_matches.png,/Users/huhu/Documents/Code/bishe/vrb/vrbreproduction/outputs/e13_engineered_homography_100subaction/experiments/E13/pipeline_outputs/subaction_30_P01_109_30/episode_18_right/frame_002868_right/label_heatmap_merged.npy,/Users/huhu/Documents/Code/bishe/vrb/vrbreproduction/outputs/e13_engineered_homography_100subaction/experiments/E13/pipeline_outputs/subaction_30_P01_109_30/episode_18_right/frame_002868_right/label_heatmap_merged.png,/Users/huhu/Documents/Code/bishe/vrb/vrbreproduction/outputs/e13_engineered_homography_100subaction/experiments/E13/pipeline_outputs/subaction_30_P01_109_30/episode_18_right/frame_002868_right/label_heatmap_merged_overlay.png,/Users/huhu/Documents/Code/bishe/vrb/vrbreproduction/outputs/e13_engineered_homography_100subaction/experiments/E13/pipeline_outputs/subaction_30_P01_109_30/episode_18_right/frame_002868_right/vrb_style_affordance.png,"(256, 456)",True,/Users/huhu/Documents/Code/bishe/vrb/vrbreproduction/outputs/e13_engineered_homography_100subaction/experiments/E13/pipeline_outputs/subaction_30_P01_109_30/episode_18_right/frame_002868_right/diagnostics/problem3_ref_full_overlay.png,/Users/huhu/Documents/Code/bishe/vrb/vrbreproduction/outputs/e13_engineered_homography_100subaction/experiments/E13/pipeline_outputs/subaction_30_P01_109_30/episode_18_right/frame_002868_right/diagnostics/problem3_ref_crop.png,27.0,0.959409594095941,219.0,222.0,0.1583675742149353,SIFT,,30:2868:right
E13,E13_engineered_homography_projection,new_contact_episode_early_frames,short_window_pre_contact_nearest_no_contact,30,P01_109_30,P01_109,rinse hands,rinse,hand,['hand'],2579,2963,2578,2962,48.0,2869.0,2870.0,right,keep,Cell4_label_heatmap,,,45,2866.0,2867.0,3.0,3.0,1.0,6,0.0,covariance,5.388819188191881,/Users/huhu/Documents/Code/bishe/vrb/vrbreproduction/outputs/e13_engineered_homography_100subaction/experiments/E13/pipeline_outputs/subaction_30_P01_109_30/episode_18_right/frame_002869_right,short_window_pre_contact,nearest_frame_before_new_contact_episode,False,False,False,False,False,False,False,False,"(152, 106, 302, 256)",0.14346666666666666,,0,{},,,,True,2867.0,2868.0,2880.0,2.0,2867.0,2859.0,2866.0,8.0,2859.0,2866.0,2859.0,2866.0,60.0,False,2859.0,2866.0,True,False,True,14.0,25,False,18.0,right,smoothed_contact_0_to_1,True,snapped_to_reference_object_mask,"(134.00000524520874, 127.0, 310.00001335144043, 255.0)",0.7632376551628113,0.825163632138817,8.785111427307129,"(143.9478302001953, 116.96591186523438, 307.3436279296875, 249.0482177734375)",,9.518435652463403,5.0,2.0,5.0,0.0,"[0.0, 0.0, 0.0, 0.0, 0.0]","[[228.10388 198.93288]
 [233.77287 210.75214]
 [219.06674 187.92352]
 [230.12607 205.85532]
 [223.80725 192.109  ]]","[[228.10388 198.93288]
 [233.77287 210.75214]
 [219.06674 187.92352]
 [230.12607 205.85532]
 [223.80725 192.109  ]]",False,record_only,new_contact_episode,new_contact_episode,P01_109_sub030_ep18_right,smoothed_contact_run_start_within_subaction,hand,['hand'],,,,,,,,164,25,2859.0,/Users/huhu/Documents/Code/bishe/vrb/vrbreproduction/outputs/e13_engineered_homography_100subaction/experiments/E13/pipeline_outputs/subaction_30_P01_109_30/episode_18_right/frame_002869_right/reference_frame.png,/Users/huhu/Documents/Code/bishe/vrb/vrbreproduction/outputs/e13_engineered_homography_100subaction/experiments/E13/pipeline_outputs/subaction_30_P01_109_30/episode_18_right/frame_002869_right/contact_frame.png,/Users/huhu/Documents/Code/bishe/vrb/vrbreproduction/outputs/e13_engineered_homography_100subaction/experiments/E13/pipeline_outputs/subaction_30_P01_109_30/episode_18_right/frame_002869_right/contact_overlay.png,/Users/huhu/Documents/Code/bishe/vrb/vrbreproduction/outputs/e13_engineered_homography_100subaction/experiments/E13/pipeline_outputs/subaction_30_P01_109_30/episode_18_right/frame_002869_right/projection_overlay_raw_vs_snapped.png,/Users/huhu/Documents/Code/bishe/vrb/vrbreproduction/outputs/e13_engineered_homography_100subaction/experiments/E13/pipeline_outputs/subaction_30_P01_109_30/episode_18_right/frame_002869_right/homography_matches.png,/Users/huhu/Documents/Code/bishe/vrb/vrbreproduction/outputs/e13_engineered_homography_100subaction/experiments/E13/pipeline_outputs/subaction_30_P01_109_30/episode_18_right/frame_002869_right/label_heatmap_merged.npy,/Users/huhu/Documents/Code/bishe/vrb/vrbreproduction/outputs/e13_engineered_homography_100subaction/experiments/E13/pipeline_outputs/subaction_30_P01_109_30/episode_18_right/frame_002869_right/label_heatmap_merged.png,/Users/huhu/Documents/Code/bishe/vrb/vrbreproduction/outputs/e13_engineered_homography_100subaction/experiments/E13/pipeline_outputs/subaction_30_P01_109_30/episode_18_right/frame_002869_right/label_heatmap_merged_overlay.png,/Users/huhu/Documents/Code/bishe/vrb/vrbreproduction/outputs/e13_engineered_homography_100subaction/experiments/E13/pipeline_outputs/subaction_30_P01_109_30/episode_18_right/frame_002869_right/vrb_style_affordance.png,"(256, 456)",True,/Users/huhu/Documents/Code/bishe/vrb/vrbreproduction/outputs/e13_engineered_homography_100subaction/experiments/E13/pipeline_outputs/subaction_30_P01_109_30/episode_18_right/frame_002869_right/diagnostics/problem3_ref_full_overlay.png,/Users/huhu/Documents/Code/bishe/vrb/vrbreproduction/outputs/e13_engineered_homography_100subaction/experiments/E13/pipeline_outputs/subaction_30_P01_109_30/episode_18_right/frame_002869_right/diagnostics/problem3_ref_crop.png,33.0,0.959409594095941,219.0,222.0,0.1583675742149353,SIFT,,30:2869:right
E13,E13_engineered_homography_projection,new_contact_episode_early_frames,short_window_pre_contact_nearest_no_contact,30,P01_109_30,P01_109,rinse hands,rinse,hand,['hand'],2579,2963,2578,2962,52.0,2887.0,2888.0,left,keep,Cell4_label_heatmap,,,65,2886.0,2887.0,1.0,1.0,1.0,5,1.0,covariance,5.186713615023475,/Users/huhu/Documents/Code/bishe/vrb/vrbreproduction/outputs/e13_engineered_homography_100subaction/experiments/E13/pipeline_outputs/subaction_30_P01_109_30/episode_20_left/frame_002887_left,short_window_pre_contact,nearest_frame_before_new_contact_episode,False,False,False,False,False,False,False,False,"(123, 84, 273, 234)",0.17528888888888888,,0,{},,,,True,2887.0,2888.0,2889.0,0.0,2887.0,2884.0,2886.0,3.0,2884.0,2886.0,2884.0,2886.0,60.0,False,2884.0,2886.0,True,True,True,3.0,25,True,20.0,left,smoothed_contact_0_to_1,True,snapped_to_reference_object_mask,"(145.00000405311584, 97.0, 337.99998807907104, 256.0)",0.7645248770713806,0.8948338227008559,5.248741149902344,"(150.31222534179688, 96.97698974609375, 334.9214782714844, 245.7659149169922)",,46.736373652705794,5.0,2.0,5.0,0.0,"[0.0, 0.0, 0.0, 0.0, 0.0]","[[191.05713 132.49075]
 [212.44783 195.67773]
 [194.2434  129.01387]
 [185.32404 141.25797]
 [208.0616  195.78195]]","[[191.05713 132.49075]
 [212.44783 195.67773]
 [194.2434  129.01387]
 [185.32404 141.25797]
 [208.0616  195.78195]]",False,record_only,new_contact_episode,new_contact_episode,P01_109_sub030_ep20_left,smoothed_contact_run_start_within_subaction,hand,['hand'],,,,,,,,164,25,2884.0,/Users/huhu/Documents/Code/bishe/vrb/vrbreproduction/outputs/e13_engineered_homography_100subaction/experiments/E13/pipeline_outputs/subaction_30_P01_109_30/episode_20_left/frame_002887_left/reference_frame.png,/Users/huhu/Documents/Code/bishe/vrb/vrbreproduction/outputs/e13_engineered_homography_100subaction/experiments/E13/pipeline_outputs/subaction_30_P01_109_30/episode_20_left/frame_002887_left/contact_frame.png,/Users/huhu/Documents/Code/bishe/vrb/vrbreproduction/outputs/e13_engineered_homography_100subaction/experiments/E13/pipeline_outputs/subaction_30_P01_109_30/episode_20_left/frame_002887_left/contact_overlay.png,/Users/huhu/Documents/Code/bishe/vrb/vrbreproduction/outputs/e13_engineered_homography_100subaction/experiments/E13/pipeline_outputs/subaction_30_P01_109_30/episode_20_left/frame_002887_left/projection_overlay_raw_vs_snapped.png,/Users/huhu/Documents/Code/bishe/vrb/vrbreproduction/outputs/e13_engineered_homography_100subaction/experiments/E13/pipeline_outputs/subaction_30_P01_109_30/episode_20_left/frame_002887_left/homography_matches.png,/Users/huhu/Documents/Code/bishe/vrb/vrbreproduction/outputs/e13_engineered_homography_100subaction/experiments/E13/pipeline_outputs/subaction_30_P01_109_30/episode_20_left/frame_002887_left/label_heatmap_merged.npy,/Users/huhu/Documents/Code/bishe/vrb/vrbreproduction/outputs/e13_engineered_homography_100subaction/experiments/E13/pipeline_outputs/subaction_30_P01_109_30/episode_20_left/frame_002887_left/label_heatmap_merged.png,/Users/huhu/Documents/Code/bishe/vrb/vrbreproduction/outputs/e13_engineered_homography_100subaction/experiments/E13/pipeline_outputs/subaction_30_P01_109_30/episode_20_left/frame_002887_left/label_heatmap_merged_overlay.png,/Users/huhu/Documents/Code/bishe/vrb/vrbreproduction/outputs/e13_engineered_homography_100subaction/experiments/E13/pipeline_outputs/subaction_30_P01_109_30/episode_20_left/frame_002887_left/vrb_style_affordance.png,"(256, 456)",True,/Users/huhu/Documents/Code/bishe/vrb/vrbreproduction/outputs/e13_engineered_homography_100subaction/experiments/E13/pipeline_outputs/subaction_30_P01_109_30/episode_20_left/frame_002887_left/diagnostics/problem3_ref_full_overlay.png,/Users/huhu/Documents/Code/bishe/vrb/vrbreproduction/outputs/e13_engineered_homography_100subaction/experiments/E13/pipeline_outputs/subaction_30_P01_109_30/episode_20_left/frame_002887_left/diagnostics/problem3_ref_crop.png,15.0,0.9483568075117371,189.0,196.0,0.1847023367881775,SIFT,,30:2887:left
E13,E13_engineered_homography_projection,new_contact_episode_early_frames,short_window_pre_contact_nearest_no_contact,30,P01_109_30,P01_109,rinse hands,rinse,hand,['hand'],2579,2963,2578,2962,53.0,2888.0,2889.0,left,keep,Cell4_label_heatmap,,,70,2886.0,2887.0,2.0,2.0,1.0,4,2.0,covariance,4.076713615023475,/Users/huhu/Documents/Code/bishe/vrb/vrbreproduction/outputs/e13_engineered_homography_100subaction/experiments/E13/pipeline_outputs/subaction_30_P01_109_30/episode_20_left/frame_002888_left,short_window_pre_contact,nearest_frame_before_new_contact_episode,False,False,False,False,False,False,False,False,"(124, 84, 274, 234)",0.17528888888888888,,0,{},,,,True,2887.0,2888.0,2889.0,1.0,2887.0,2884.0,2886.0,3.0,2884.0,2886.0,2884.0,2886.0,60.0,False,2884.0,2886.0,True,False,True,3.0,25,False,20.0,left,smoothed_contact_0_to_1,True,snapped_to_reference_object_mask,"(145.00000405311584, 97.0, 337.99998807907104, 256.0)",0.7645248770713806,0.7278680730953755,13.138907432556152,"(171.57762145996094, 113.98758697509766, 334.9581298828125, 250.69964599609375)",,46.45491171362815,5.0,2.0,5.0,0.0,"[0.0, 0.0, 0.0, 0.0, 0.0]","[[197.97781 130.0045 ]
 [207.38014 195.52785]
 [190.46947 131.93661]
 [185.27898 141.18924]
 [211.94461 194.60556]]","[[197.97781 130.0045 ]
 [207.38014 195.52785]
 [190.46947 131.93661]
 [185.27898 141.18924]
 [211.94461 194.60556]]",False,record_only,new_contact_episode,new_contact_episode,P01_109_sub030_ep20_left,smoothed_contact_run_start_within_subaction,hand,['hand'],,,,,,,,164,25,2884.0,/Users/huhu/Documents/Code/bishe/vrb/vrbreproduction/outputs/e13_engineered_homography_100subaction/experiments/E13/pipeline_outputs/subaction_30_P01_109_30/episode_20_left/frame_002888_left/reference_frame.png,/Users/huhu/Documents/Code/bishe/vrb/vrbreproduction/outputs/e13_engineered_homography_100subaction/experiments/E13/pipeline_outputs/subaction_30_P01_109_30/episode_20_left/frame_002888_left/contact_frame.png,/Users/huhu/Documents/Code/bishe/vrb/vrbreproduction/outputs/e13_engineered_homography_100subaction/experiments/E13/pipeline_outputs/subaction_30_P01_109_30/episode_20_left/frame_002888_left/contact_overlay.png,/Users/huhu/Documents/Code/bishe/vrb/vrbreproduction/outputs/e13_engineered_homography_100subaction/experiments/E13/pipeline_outputs/subaction_30_P01_109_30/episode_20_left/frame_002888_left/projection_overlay_raw_vs_snapped.png,/Users/huhu/Documents/Code/bishe/vrb/vrbreproduction/outputs/e13_engineered_homography_100subaction/experiments/E13/pipeline_outputs/subaction_30_P01_109_30/episode_20_left/frame_002888_left/homography_matches.png,/Users/huhu/Documents/Code/bishe/vrb/vrbreproduction/outputs/e13_engineered_homography_100subaction/experiments/E13/pipeline_outputs/subaction_30_P01_109_30/episode_20_left/frame_002888_left/label_heatmap_merged.npy,/Users/huhu/Documents/Code/bishe/vrb/vrbreproduction/outputs/e13_engineered_homography_100subaction/experiments/E13/pipeline_outputs/subaction_30_P01_109_30/episode_20_left/frame_002888_left/label_heatmap_merged.png,/Users/huhu/Documents/Code/bishe/vrb/vrbreproduction/outputs/e13_engineered_homography_100subaction/experiments/E13/pipeline_outputs/subaction_30_P01_109_30/episode_20_left/frame_002888_left/label_heatmap_merged_overlay.png,/Users/huhu/Documents/Code/bishe/vrb/vrbreproduction/outputs/e13_engineered_homography_100subaction/experiments/E13/pipeline_outputs/subaction_30_P01_109_30/episode_20_left/frame_002888_left/vrb_style_affordance.png,"(256, 456)",True,/Users/huhu/Documents/Code/bishe/vrb/vrbreproduction/outputs/e13_engineered_homography_100subaction/experiments/E13/pipeline_outputs/subaction_30_P01_109_30/episode_20_left/frame_002888_left/diagnostics/problem3_ref_full_overlay.png,/Users/huhu/Documents/Code/bishe/vrb/vrbreproduction/outputs/e13_engineered_homography_100subaction/experiments/E13/pipeline_outputs/subaction_30_P01_109_30/episode_20_left/frame_002888_left/diagnostics/problem3_ref_crop.png,14.0,0.9483568075117371,189.0,196.0,0.1847023367881775,SIFT,,30:2888:left
E13,E13_engineered_homography_projection,new_contact_episode_early_frames,short_window_pre_contact_nearest_no_contact,30,P01_109_30,P01_109,rinse hands,rinse,hand,['hand'],2579,2963,2578,2962,54.0,2889.0,2890.0,left,keep,Cell4_label_heatmap,,,56,2886.0,2887.0,3.0,3.0,1.0,3,3.0,covariance,2.586713615023474,/Users/huhu/Documents/Code/bishe/vrb/vrbreproduction/outputs/e13_engineered_homography_100subaction/experiments/E13/pipeline_outputs/subaction_30_P01_109_30/episode_20_left/frame_002889_left,short_window_pre_contact,nearest_frame_before_new_contact_episode,False,False,False,False,False,False,False,False,"(128, 94, 278, 244)",0.17528888888888888,,0,{},,,,True,2887.0,2888.0,2889.0,2.0,2887.0,2884.0,2886.0,3.0,2884.0,2886.0,2884.0,2886.0,60.0,False,2884.0,2886.0,True,False,True,3.0,25,False,20.0,left,smoothed_contact_0_to_1,True,snapped_to_reference_object_mask,"(145.00000405311584, 97.0, 337.99998807907104, 256.0)",0.7645248770713806,0.7102343030855276,15.944939613342285,"(173.84927368164062, 116.78382873535156, 338.0913391113281, 249.6103973388672)",,38.95880133436319,5.0,2.0,5.0,0.0,"[0.0, 0.0, 0.0, 0.0, 0.0]","[[199.91014 130.73885]
 [211.82027 193.61609]
 [190.70998 131.02003]
 [206.02087 196.7881 ]
 [208.24614 191.05737]]","[[199.91014 130.73885]
 [211.82027 193.61609]
 [190.70998 131.02003]
 [206.02087 196.7881 ]
 [208.24614 191.05737]]",False,record_only,new_contact_episode,new_contact_episode,P01_109_sub030_ep20_left,smoothed_contact_run_start_within_subaction,hand,['hand'],,,,,,,,164,25,2884.0,/Users/huhu/Documents/Code/bishe/vrb/vrbreproduction/outputs/e13_engineered_homography_100subaction/experiments/E13/pipeline_outputs/subaction_30_P01_109_30/episode_20_left/frame_002889_left/reference_frame.png,/Users/huhu/Documents/Code/bishe/vrb/vrbreproduction/outputs/e13_engineered_homography_100subaction/experiments/E13/pipeline_outputs/subaction_30_P01_109_30/episode_20_left/frame_002889_left/contact_frame.png,/Users/huhu/Documents/Code/bishe/vrb/vrbreproduction/outputs/e13_engineered_homography_100subaction/experiments/E13/pipeline_outputs/subaction_30_P01_109_30/episode_20_left/frame_002889_left/contact_overlay.png,/Users/huhu/Documents/Code/bishe/vrb/vrbreproduction/outputs/e13_engineered_homography_100subaction/experiments/E13/pipeline_outputs/subaction_30_P01_109_30/episode_20_left/frame_002889_left/projection_overlay_raw_vs_snapped.png,/Users/huhu/Documents/Code/bishe/vrb/vrbreproduction/outputs/e13_engineered_homography_100subaction/experiments/E13/pipeline_outputs/subaction_30_P01_109_30/episode_20_left/frame_002889_left/homography_matches.png,/Users/huhu/Documents/Code/bishe/vrb/vrbreproduction/outputs/e13_engineered_homography_100subaction/experiments/E13/pipeline_outputs/subaction_30_P01_109_30/episode_20_left/frame_002889_left/label_heatmap_merged.npy,/Users/huhu/Documents/Code/bishe/vrb/vrbreproduction/outputs/e13_engineered_homography_100subaction/experiments/E13/pipeline_outputs/subaction_30_P01_109_30/episode_20_left/frame_002889_left/label_heatmap_merged.png,/Users/huhu/Documents/Code/bishe/vrb/vrbreproduction/outputs/e13_engineered_homography_100subaction/experiments/E13/pipeline_outputs/subaction_30_P01_109_30/episode_20_left/frame_002889_left/label_heatmap_merged_overlay.png,/Users/huhu/Documents/Code/bishe/vrb/vrbreproduction/outputs/e13_engineered_homography_100subaction/experiments/E13/pipeline_outputs/subaction_30_P01_109_30/episode_20_left/frame_002889_left/vrb_style_affordance.png,"(256, 456)",True,/Users/huhu/Documents/Code/bishe/vrb/vrbreproduction/outputs/e13_engineered_homography_100subaction/experiments/E13/pipeline_outputs/subaction_30_P01_109_30/episode_20_left/frame_002889_left/diagnostics/problem3_ref_full_overlay.png,/Users/huhu/Documents/Code/bishe/vrb/vrbreproduction/outputs/e13_engineered_homography_100subaction/experiments/E13/pipeline_outputs/subaction_30_P01_109_30/episode_20_left/frame_002889_left/diagnostics/problem3_ref_crop.png,12.0,0.9483568075117371,189.0,196.0,0.1847023367881775,SIFT,,30:2889:left
E13,E13_engineered_homography_projection,new_contact_episode_early_frames,short_window_pre_contact_nearest_no_contact,30,P01_109_30,P01_109,rinse hands,rinse,hand,['hand'],2579,2963,2578,2962,55.0,2904.0,2905.0,left,keep,Cell4_label_heatmap,,,64,2903.0,2904.0,1.0,1.0,1.0,6,0.0,covariance,6.158888888888889,/Users/huhu/Documents/Code/bishe/vrb/vrbreproduction/outputs/e13_engineered_homography_100subaction/experiments/E13/pipeline_outputs/subaction_30_P01_109_30/episode_21_left/frame_002904_left,short_window_pre_contact,nearest_frame_before_new_contact_episode,False,False,False,False,False,False,False,False,"(153, 62, 303, 212)",0.13297777777777778,,0,{},,,,True,2904.0,2905.0,2911.0,0.0,2904.0,2890.0,2903.0,14.0,2890.0,2903.0,2890.0,2903.0,60.0,False,2890.0,2903.0,True,True,True,8.0,25,True,21.0,left,smoothed_contact_0_to_1,True,snapped_to_reference_object_mask,"(175.99999451637268, 127.0, 318.0000100135803, 247.0)",0.8525573015213013,0.7670445723048532,7.242722988128662,"(160.34027099609375, 132.98602294921875, 327.5375061035156, 254.14205932617188)",,53.93802625469404,5.0,2.0,5.0,0.0,"[0.0, 0.0, 0.0, 0.0, 0.0]","[[236.04308 138.04129]
 [218.39345 136.06754]
 [227.96661 134.4797 ]
 [241.91524 138.46371]
 [215.46034 135.62718]]","[[236.04308 138.04129]
 [218.39345 136.06754]
 [227.96661 134.4797 ]
 [241.91524 138.46371]
 [215.46034 135.62718]]",False,record_only,new_contact_episode,new_contact_episode,P01_109_sub030_ep21_left,smoothed_contact_run_start_within_subaction,hand,['hand'],,,,,,,,164,25,2890.0,/Users/huhu/Documents/Code/bishe/vrb/vrbreproduction/outputs/e13_engineered_homography_100subaction/experiments/E13/pipeline_outputs/subaction_30_P01_109_30/episode_21_left/frame_002904_left/reference_frame.png,/Users/huhu/Documents/Code/bishe/vrb/vrbreproduction/outputs/e13_engineered_homography_100subaction/experiments/E13/pipeline_outputs/subaction_30_P01_109_30/episode_21_left/frame_002904_left/contact_frame.png,/Users/huhu/Documents/Code/bishe/vrb/vrbreproduction/outputs/e13_engineered_homography_100subaction/experiments/E13/pipeline_outputs/subaction_30_P01_109_30/episode_21_left/frame_002904_left/contact_overlay.png,/Users/huhu/Documents/Code/bishe/vrb/vrbreproduction/outputs/e13_engineered_homography_100subaction/experiments/E13/pipeline_outputs/subaction_30_P01_109_30/episode_21_left/frame_002904_left/projection_overlay_raw_vs_snapped.png,/Users/huhu/Documents/Code/bishe/vrb/vrbreproduction/outputs/e13_engineered_homography_100subaction/experiments/E13/pipeline_outputs/subaction_30_P01_109_30/episode_21_left/frame_002904_left/homography_matches.png,/Users/huhu/Documents/Code/bishe/vrb/vrbreproduction/outputs/e13_engineered_homography_100subaction/experiments/E13/pipeline_outputs/subaction_30_P01_109_30/episode_21_left/frame_002904_left/label_heatmap_merged.npy,/Users/huhu/Documents/Code/bishe/vrb/vrbreproduction/outputs/e13_engineered_homography_100subaction/experiments/E13/pipeline_outputs/subaction_30_P01_109_30/episode_21_left/frame_002904_left/label_heatmap_merged.png,/Users/huhu/Documents/Code/bishe/vrb/vrbreproduction/outputs/e13_engineered_homography_100subaction/experiments/E13/pipeline_outputs/subaction_30_P01_109_30/episode_21_left/frame_002904_left/label_heatmap_merged_overlay.png,/Users/huhu/Documents/Code/bishe/vrb/vrbreproduction/outputs/e13_engineered_homography_100subaction/experiments/E13/pipeline_outputs/subaction_30_P01_109_30/episode_21_left/frame_002904_left/vrb_style_affordance.png,"(256, 456)",True,/Users/huhu/Documents/Code/bishe/vrb/vrbreproduction/outputs/e13_engineered_homography_100subaction/experiments/E13/pipeline_outputs/subaction_30_P01_109_30/episode_21_left/frame_002904_left/diagnostics/problem3_ref_full_overlay.png,/Users/huhu/Documents/Code/bishe/vrb/vrbreproduction/outputs/e13_engineered_homography_100subaction/experiments/E13/pipeline_outputs/subaction_30_P01_109_30/episode_21_left/frame_002904_left/diagnostics/problem3_ref_crop.png,21.0,0.9444444444444444,205.0,215.0,0.1953776627779007,SIFT,,30:2904:left
E13,E13_engineered_homography_projection,new_contact_episode_early_frames,short_window_pre_contact_nearest_no_contact,30,P01_109_30,P01_109,rinse hands,rinse,hand,['hand'],2579,2963,2578,2962,56.0,2905.0,2906.0,left,keep,Cell4_label_heatmap,,,41,2903.0,2904.0,2.0,2.0,1.0,6,0.0,covariance,5.481818181818182,/Users/huhu/Documents/Code/bishe/vrb/vrbreproduction/outputs/e13_engineered_homography_100subaction/experiments/E13/pipeline_outputs/subaction_30_P01_109_30/episode_21_left/frame_002905_left,short_window_pre_contact,nearest_frame_before_new_contact_episode,False,False,False,False,False,False,False,False,"(144, 106, 294, 256)",0.13297777777777778,,0,{},,,,True,2904.0,2905.0,2911.0,1.0,2904.0,2890.0,2903.0,14.0,2890.0,2903.0,2890.0,2903.0,60.0,False,2890.0,2903.0,True,False,True,8.0,25,False,21.0,left,smoothed_contact_0_to_1,True,snapped_to_reference_object_mask,"(175.99999451637268, 127.0, 318.0000100135803, 247.0)",0.8525573015213013,0.6947869405790197,15.460366249084473,"(143.83770751953125, 113.88719177246094, 320.0556335449219, 253.0643310546875)",,28.205475368752666,5.0,2.0,5.0,0.0,"[0.0, 0.0, 0.0, 0.0, 0.0]","[[219.79979 186.0928 ]
 [217.79851 186.09482]
 [217.79836 187.09444]
 [219.7996  187.09245]
 [218.79901 186.09372]]","[[219.79979 186.0928 ]
 [217.79851 186.09482]
 [217.79836 187.09444]
 [219.7996  187.09245]
 [218.79901 186.09372]]",False,record_only,new_contact_episode,new_contact_episode,P01_109_sub030_ep21_left,smoothed_contact_run_start_within_subaction,hand,['hand'],,,,,,,,164,25,2890.0,/Users/huhu/Documents/Code/bishe/vrb/vrbreproduction/outputs/e13_engineered_homography_100subaction/experiments/E13/pipeline_outputs/subaction_30_P01_109_30/episode_21_left/frame_002905_left/reference_frame.png,/Users/huhu/Documents/Code/bishe/vrb/vrbreproduction/outputs/e13_engineered_homography_100subaction/experiments/E13/pipeline_outputs/subaction_30_P01_109_30/episode_21_left/frame_002905_left/contact_frame.png,/Users/huhu/Documents/Code/bishe/vrb/vrbreproduction/outputs/e13_engineered_homography_100subaction/experiments/E13/pipeline_outputs/subaction_30_P01_109_30/episode_21_left/frame_002905_left/contact_overlay.png,/Users/huhu/Documents/Code/bishe/vrb/vrbreproduction/outputs/e13_engineered_homography_100subaction/experiments/E13/pipeline_outputs/subaction_30_P01_109_30/episode_21_left/frame_002905_left/projection_overlay_raw_vs_snapped.png,/Users/huhu/Documents/Code/bishe/vrb/vrbreproduction/outputs/e13_engineered_homography_100subaction/experiments/E13/pipeline_outputs/subaction_30_P01_109_30/episode_21_left/frame_002905_left/homography_matches.png,/Users/huhu/Documents/Code/bishe/vrb/vrbreproduction/outputs/e13_engineered_homography_100subaction/experiments/E13/pipeline_outputs/subaction_30_P01_109_30/episode_21_left/frame_002905_left/label_heatmap_merged.npy,/Users/huhu/Documents/Code/bishe/vrb/vrbreproduction/outputs/e13_engineered_homography_100subaction/experiments/E13/pipeline_outputs/subaction_30_P01_109_30/episode_21_left/frame_002905_left/label_heatmap_merged.png,/Users/huhu/Documents/Code/bishe/vrb/vrbreproduction/outputs/e13_engineered_homography_100subaction/experiments/E13/pipeline_outputs/subaction_30_P01_109_30/episode_21_left/frame_002905_left/label_heatmap_merged_overlay.png,/Users/huhu/Documents/Code/bishe/vrb/vrbreproduction/outputs/e13_engineered_homography_100subaction/experiments/E13/pipeline_outputs/subaction_30_P01_109_30/episode_21_left/frame_002905_left/vrb_style_affordance.png,"(256, 456)",True,/Users/huhu/Documents/Code/bishe/vrb/vrbreproduction/outputs/e13_engineered_homography_100subaction/experiments/E13/pipeline_outputs/subaction_30_P01_109_30/episode_21_left/frame_002905_left/diagnostics/problem3_ref_full_overlay.png,/Users/huhu/Documents/Code/bishe/vrb/vrbreproduction/outputs/e13_engineered_homography_100subaction/experiments/E13/pipeline_outputs/subaction_30_P01_109_30/episode_21_left/frame_002905_left/diagnostics/problem3_ref_crop.png,27.0,0.9409090909090909,205.0,215.0,0.1953776627779007,SIFT,,30:2905:left
E13,E13_engineered_homography_projection,new_contact_episode_early_frames,short_window_pre_contact_nearest_no_contact,30,P01_109_30,P01_109,rinse hands,rinse,hand,['hand'],2579,2963,2578,2962,61.0,2919.0,2920.0,left,keep,Cell4_label_heatmap,,,62,2918.0,2919.0,1.0,1.0,1.0,6,0.0,covariance,6.179152542372881,/Users/huhu/Documents/Code/bishe/vrb/vrbreproduction/outputs/e13_engineered_homography_100subaction/experiments/E13/pipeline_outputs/subaction_30_P01_109_30/episode_23_left/frame_002919_left,short_window_pre_contact,nearest_frame_before_new_contact_episode,False,False,False,False,False,False,False,False,"(140, 96, 290, 246)",0.1496888888888889,,0,{},,,,True,2919.0,2920.0,2927.0,0.0,2919.0,2912.0,2918.0,7.0,2912.0,2918.0,2912.0,2918.0,60.0,False,2912.0,2918.0,True,True,True,9.0,25,True,23.0,left,smoothed_contact_0_to_1,True,snapped_to_reference_object_mask,"(159.00000500679016, 126.0, 307.99999380111694, 248.0)",0.8635563254356384,0.8793526549788332,4.342861652374268,"(155.94882202148438, 117.10525512695312, 313.2774353027344, 248.49917602539062)",,24.097993956925233,4.0,2.0,4.0,0.8206374645233154,"[0.0, 0.8206374645233154, 0.0, 0.0, 0.0]","[[220.76314 180.06949]
 [208.09163 129.1845 ]
 [215.56714 175.54002]
 [218.84991 184.41891]
 [213.98653 185.94809]]","[[220.76314 180.06949]
 [208.      130.     ]
 [215.56714 175.54002]
 [218.84991 184.41891]
 [213.98653 185.94809]]",False,record_only,new_contact_episode,new_contact_episode,P01_109_sub030_ep23_left,smoothed_contact_run_start_within_subaction,hand,['hand'],,,,,,,,164,25,2912.0,/Users/huhu/Documents/Code/bishe/vrb/vrbreproduction/outputs/e13_engineered_homography_100subaction/experiments/E13/pipeline_outputs/subaction_30_P01_109_30/episode_23_left/frame_002919_left/reference_frame.png,/Users/huhu/Documents/Code/bishe/vrb/vrbreproduction/outputs/e13_engineered_homography_100subaction/experiments/E13/pipeline_outputs/subaction_30_P01_109_30/episode_23_left/frame_002919_left/contact_frame.png,/Users/huhu/Documents/Code/bishe/vrb/vrbreproduction/outputs/e13_engineered_homography_100subaction/experiments/E13/pipeline_outputs/subaction_30_P01_109_30/episode_23_left/frame_002919_left/contact_overlay.png,/Users/huhu/Documents/Code/bishe/vrb/vrbreproduction/outputs/e13_engineered_homography_100subaction/experiments/E13/pipeline_outputs/subaction_30_P01_109_30/episode_23_left/frame_002919_left/projection_overlay_raw_vs_snapped.png,/Users/huhu/Documents/Code/bishe/vrb/vrbreproduction/outputs/e13_engineered_homography_100subaction/experiments/E13/pipeline_outputs/subaction_30_P01_109_30/episode_23_left/frame_002919_left/homography_matches.png,/Users/huhu/Documents/Code/bishe/vrb/vrbreproduction/outputs/e13_engineered_homography_100subaction/experiments/E13/pipeline_outputs/subaction_30_P01_109_30/episode_23_left/frame_002919_left/label_heatmap_merged.npy,/Users/huhu/Documents/Code/bishe/vrb/vrbreproduction/outputs/e13_engineered_homography_100subaction/experiments/E13/pipeline_outputs/subaction_30_P01_109_30/episode_23_left/frame_002919_left/label_heatmap_merged.png,/Users/huhu/Documents/Code/bishe/vrb/vrbreproduction/outputs/e13_engineered_homography_100subaction/experiments/E13/pipeline_outputs/subaction_30_P01_109_30/episode_23_left/frame_002919_left/label_heatmap_merged_overlay.png,/Users/huhu/Documents/Code/bishe/vrb/vrbreproduction/outputs/e13_engineered_homography_100subaction/experiments/E13/pipeline_outputs/subaction_30_P01_109_30/episode_23_left/frame_002919_left/vrb_style_affordance.png,"(256, 456)",True,/Users/huhu/Documents/Code/bishe/vrb/vrbreproduction/outputs/e13_engineered_homography_100subaction/experiments/E13/pipeline_outputs/subaction_30_P01_109_30/episode_23_left/frame_002919_left/diagnostics/problem3_ref_full_overlay.png,/Users/huhu/Documents/Code/bishe/vrb/vrbreproduction/outputs/e13_engineered_homography_100subaction/experiments/E13/pipeline_outputs/subaction_30_P01_109_30/episode_23_left/frame_002919_left/diagnostics/problem3_ref_crop.png,21.0,0.9745762711864406,230.0,236.0,0.19617940485477448,SIFT,,30:2919:left
E13,E13_engineered_homography_projection,new_contact_episode_early_frames,short_window_pre_contact_nearest_no_contact,30,P01_109_30,P01_109,rinse hands,rinse,hand,['hand'],2579,2963,2578,2962,62.0,2920.0,2921.0,left,keep,Cell4_label_heatmap,,,43,2918.0,2919.0,2.0,2.0,1.0,6,0.0,covariance,5.569203539823008,/Users/huhu/Documents/Code/bishe/vrb/vrbreproduction/outputs/e13_engineered_homography_100subaction/experiments/E13/pipeline_outputs/subaction_30_P01_109_30/episode_23_left/frame_002920_left,short_window_pre_contact,nearest_frame_before_new_contact_episode,False,False,False,False,False,False,False,False,"(137, 84, 287, 234)",0.1496888888888889,,0,{},,,,True,2919.0,2920.0,2927.0,1.0,2919.0,2912.0,2918.0,7.0,2912.0,2918.0,2912.0,2918.0,60.0,False,2912.0,2918.0,True,False,True,9.0,25,False,23.0,left,smoothed_contact_0_to_1,True,snapped_to_reference_object_mask,"(159.00000500679016, 126.0, 307.99999380111694, 248.0)",0.8635563254356384,0.8649525450992221,4.155483722686768,"(153.8421173095703, 118.16731262207031, 315.5624694824219, 247.877197265625)",,35.658315263505614,2.0,2.0,2.0,1.768471598625183,"[0.0, 1.768471598625183, 0.7514284253120422, 0.5816652178764343, 0.0]","[[213.0212  175.82007]
 [214.82436 124.24027]
 [207.13026 128.25995]
 [212.58167 183.99951]
 [215.09616 178.47499]]","[[213.0212  175.82007]
 [215.      126.     ]
 [207.      129.     ]
 [212.      184.     ]
 [215.09616 178.47499]]",False,record_only,new_contact_episode,new_contact_episode,P01_109_sub030_ep23_left,smoothed_contact_run_start_within_subaction,hand,['hand'],,,,,,,,164,25,2912.0,/Users/huhu/Documents/Code/bishe/vrb/vrbreproduction/outputs/e13_engineered_homography_100subaction/experiments/E13/pipeline_outputs/subaction_30_P01_109_30/episode_23_left/frame_002920_left/reference_frame.png,/Users/huhu/Documents/Code/bishe/vrb/vrbreproduction/outputs/e13_engineered_homography_100subaction/experiments/E13/pipeline_outputs/subaction_30_P01_109_30/episode_23_left/frame_002920_left/contact_frame.png,/Users/huhu/Documents/Code/bishe/vrb/vrbreproduction/outputs/e13_engineered_homography_100subaction/experiments/E13/pipeline_outputs/subaction_30_P01_109_30/episode_23_left/frame_002920_left/contact_overlay.png,/Users/huhu/Documents/Code/bishe/vrb/vrbreproduction/outputs/e13_engineered_homography_100subaction/experiments/E13/pipeline_outputs/subaction_30_P01_109_30/episode_23_left/frame_002920_left/projection_overlay_raw_vs_snapped.png,/Users/huhu/Documents/Code/bishe/vrb/vrbreproduction/outputs/e13_engineered_homography_100subaction/experiments/E13/pipeline_outputs/subaction_30_P01_109_30/episode_23_left/frame_002920_left/homography_matches.png,/Users/huhu/Documents/Code/bishe/vrb/vrbreproduction/outputs/e13_engineered_homography_100subaction/experiments/E13/pipeline_outputs/subaction_30_P01_109_30/episode_23_left/frame_002920_left/label_heatmap_merged.npy,/Users/huhu/Documents/Code/bishe/vrb/vrbreproduction/outputs/e13_engineered_homography_100subaction/experiments/E13/pipeline_outputs/subaction_30_P01_109_30/episode_23_left/frame_002920_left/label_heatmap_merged.png,/Users/huhu/Documents/Code/bishe/vrb/vrbreproduction/outputs/e13_engineered_homography_100subaction/experiments/E13/pipeline_outputs/subaction_30_P01_109_30/episode_23_left/frame_002920_left/label_heatmap_merged_overlay.png,/Users/huhu/Documents/Code/bishe/vrb/vrbreproduction/outputs/e13_engineered_homography_100subaction/experiments/E13/pipeline_outputs/subaction_30_P01_109_30/episode_23_left/frame_002920_left/vrb_style_affordance.png,"(256, 456)",True,/Users/huhu/Documents/Code/bishe/vrb/vrbreproduction/outputs/e13_engineered_homography_100subaction/experiments/E13/pipeline_outputs/subaction_30_P01_109_30/episode_23_left/frame_002920_left/diagnostics/problem3_ref_full_overlay.png,/Users/huhu/Documents/Code/bishe/vrb/vrbreproduction/outputs/e13_engineered_homography_100subaction/experiments/E13/pipeline_outputs/subaction_30_P01_109_30/episode_23_left/frame_002920_left/diagnostics/problem3_ref_crop.png,27.0,0.9646017699115044,218.0,226.0,0.19617940485477448,SIFT,,30:2920:left
E13,E13_engineered_homography_projection,new_contact_episode_early_frames,short_window_pre_contact_nearest_no_contact,30,P01_109_30,P01_109,rinse hands,rinse,hand,['hand'],2579,2963,2578,2962,63.0,2921.0,2922.0,left,keep,Cell4_label_heatmap,,,35,2918.0,2919.0,3.0,3.0,1.0,6,0.0,covariance,5.199203539823008,/Users/huhu/Documents/Code/bishe/vrb/vrbreproduction/outputs/e13_engineered_homography_100subaction/experiments/E13/pipeline_outputs/subaction_30_P01_109_30/episode_23_left/frame_002921_left,short_window_pre_contact,nearest_frame_before_new_contact_episode,False,False,False,False,False,False,False,False,"(137, 85, 287, 235)",0.1496888888888889,,0,{},,,,True,2919.0,2920.0,2927.0,2.0,2919.0,2912.0,2918.0,7.0,2912.0,2918.0,2912.0,2918.0,60.0,False,2912.0,2918.0,True,False,True,9.0,25,False,23.0,left,smoothed_contact_0_to_1,True,snapped_to_reference_object_mask,"(159.00000500679016, 126.0, 307.99999380111694, 248.0)",0.8635563254356384,0.8824398303962275,2.986846923828125,"(153.7713165283203, 120.16334533691406, 314.814697265625, 248.0773468017578)",,34.879944570636866,4.0,2.0,4.0,0.7490072250366211,"[0.0, 0.0, 0.7490072250366211, 0.0, 0.0]","[[209.14528  129.29355 ]
 [212.10619  179.67822 ]
 [216.85544  125.265076]
 [211.09659  183.61038 ]
 [211.10112  179.58678 ]]","[[209.14528 129.29355]
 [212.10619 179.67822]
 [217.      126.     ]
 [211.09659 183.61038]
 [211.10112 179.58678]]",False,record_only,new_contact_episode,new_contact_episode,P01_109_sub030_ep23_left,smoothed_contact_run_start_within_subaction,hand,['hand'],,,,,,,,164,25,2912.0,/Users/huhu/Documents/Code/bishe/vrb/vrbreproduction/outputs/e13_engineered_homography_100subaction/experiments/E13/pipeline_outputs/subaction_30_P01_109_30/episode_23_left/frame_002921_left/reference_frame.png,/Users/huhu/Documents/Code/bishe/vrb/vrbreproduction/outputs/e13_engineered_homography_100subaction/experiments/E13/pipeline_outputs/subaction_30_P01_109_30/episode_23_left/frame_002921_left/contact_frame.png,/Users/huhu/Documents/Code/bishe/vrb/vrbreproduction/outputs/e13_engineered_homography_100subaction/experiments/E13/pipeline_outputs/subaction_30_P01_109_30/episode_23_left/frame_002921_left/contact_overlay.png,/Users/huhu/Documents/Code/bishe/vrb/vrbreproduction/outputs/e13_engineered_homography_100subaction/experiments/E13/pipeline_outputs/subaction_30_P01_109_30/episode_23_left/frame_002921_left/projection_overlay_raw_vs_snapped.png,/Users/huhu/Documents/Code/bishe/vrb/vrbreproduction/outputs/e13_engineered_homography_100subaction/experiments/E13/pipeline_outputs/subaction_30_P01_109_30/episode_23_left/frame_002921_left/homography_matches.png,/Users/huhu/Documents/Code/bishe/vrb/vrbreproduction/outputs/e13_engineered_homography_100subaction/experiments/E13/pipeline_outputs/subaction_30_P01_109_30/episode_23_left/frame_002921_left/label_heatmap_merged.npy,/Users/huhu/Documents/Code/bishe/vrb/vrbreproduction/outputs/e13_engineered_homography_100subaction/experiments/E13/pipeline_outputs/subaction_30_P01_109_30/episode_23_left/frame_002921_left/label_heatmap_merged.png,/Users/huhu/Documents/Code/bishe/vrb/vrbreproduction/outputs/e13_engineered_homography_100subaction/experiments/E13/pipeline_outputs/subaction_30_P01_109_30/episode_23_left/frame_002921_left/label_heatmap_merged_overlay.png,/Users/huhu/Documents/Code/bishe/vrb/vrbreproduction/outputs/e13_engineered_homography_100subaction/experiments/E13/pipeline_outputs/subaction_30_P01_109_30/episode_23_left/frame_002921_left/vrb_style_affordance.png,"(256, 456)",True,/Users/huhu/Documents/Code/bishe/vrb/vrbreproduction/outputs/e13_engineered_homography_100subaction/experiments/E13/pipeline_outputs/subaction_30_P01_109_30/episode_23_left/frame_002921_left/diagnostics/problem3_ref_full_overlay.png,/Users/huhu/Documents/Code/bishe/vrb/vrbreproduction/outputs/e13_engineered_homography_100subaction/experiments/E13/pipeline_outputs/subaction_30_P01_109_30/episode_23_left/frame_002921_left/diagnostics/problem3_ref_crop.png,33.0,0.9646017699115044,218.0,226.0,0.19617940485477448,SIFT,,30:2921:left
E13,E13_engineered_homography_projection,new_contact_episode_early_frames,short_window_pre_contact_nearest_no_contact,31,P01_109_31,P01_109,turn off tap,turn-off,tap,['tap'],2967,2989,2966,2988,0.0,2968.0,2969.0,left,keep,Cell4_label_heatmap,,,21,2967.0,2968.0,1.0,1.0,1.0,6,0.0,covariance,5.274768683274022,/Users/huhu/Documents/Code/bishe/vrb/vrbreproduction/outputs/e13_engineered_homography_100subaction/experiments/E13/pipeline_outputs/subaction_31_P01_109_31/episode_01_left/frame_002968_left,short_window_pre_contact,nearest_frame_before_new_contact_episode,False,False,False,False,False,False,False,False,"(112, 38, 262, 188)",0.0816,,0,{},,,,True,2968.0,2969.0,2970.0,0.0,2968.0,2957.0,2967.0,11.0,2957.0,2967.0,2957.0,2967.0,60.0,False,2957.0,2967.0,True,True,True,3.0,2,True,1.0,left,smoothed_contact_0_to_1,True,snapped_to_reference_object_mask,"(142.99999809265137, 72.0, 242.99999713897705, 129.0)",0.6968288421630859,0.9473979819837108,1.7214770317077637,"(144.87777709960938, 72.05191040039062, 244.3135223388672, 130.240234375)",,14.068882438099136,5.0,1.0,5.0,0.0,"[0.0, 0.0, 0.0, 0.0, 0.0]","[[186.59822  113.17095 ]
 [190.09874  113.168976]
 [184.07443  113.17246 ]
 [188.57887  113.16981 ]
 [185.0783   113.17176 ]]","[[186.59822  113.17095 ]
 [190.09874  113.168976]
 [184.07443  113.17246 ]
 [188.57887  113.16981 ]
 [185.0783   113.17176 ]]",False,record_only,new_contact_episode,new_contact_episode,P01_109_sub031_ep01_left,smoothed_contact_run_start_within_subaction,tap,['tap'],,,,,,,,10,2,2957.0,/Users/huhu/Documents/Code/bishe/vrb/vrbreproduction/outputs/e13_engineered_homography_100subaction/experiments/E13/pipeline_outputs/subaction_31_P01_109_31/episode_01_left/frame_002968_left/reference_frame.png,/Users/huhu/Documents/Code/bishe/vrb/vrbreproduction/outputs/e13_engineered_homography_100subaction/experiments/E13/pipeline_outputs/subaction_31_P01_109_31/episode_01_left/frame_002968_left/contact_frame.png,/Users/huhu/Documents/Code/bishe/vrb/vrbreproduction/outputs/e13_engineered_homography_100subaction/experiments/E13/pipeline_outputs/subaction_31_P01_109_31/episode_01_left/frame_002968_left/contact_overlay.png,/Users/huhu/Documents/Code/bishe/vrb/vrbreproduction/outputs/e13_engineered_homography_100subaction/experiments/E13/pipeline_outputs/subaction_31_P01_109_31/episode_01_left/frame_002968_left/projection_overlay_raw_vs_snapped.png,/Users/huhu/Documents/Code/bishe/vrb/vrbreproduction/outputs/e13_engineered_homography_100subaction/experiments/E13/pipeline_outputs/subaction_31_P01_109_31/episode_01_left/frame_002968_left/homography_matches.png,/Users/huhu/Documents/Code/bishe/vrb/vrbreproduction/outputs/e13_engineered_homography_100subaction/experiments/E13/pipeline_outputs/subaction_31_P01_109_31/episode_01_left/frame_002968_left/label_heatmap_merged.npy,/Users/huhu/Documents/Code/bishe/vrb/vrbreproduction/outputs/e13_engineered_homography_100subaction/experiments/E13/pipeline_outputs/subaction_31_P01_109_31/episode_01_left/frame_002968_left/label_heatmap_merged.png,/Users/huhu/Documents/Code/bishe/vrb/vrbreproduction/outputs/e13_engineered_homography_100subaction/experiments/E13/pipeline_outputs/subaction_31_P01_109_31/episode_01_left/frame_002968_left/label_heatmap_merged_overlay.png,/Users/huhu/Documents/Code/bishe/vrb/vrbreproduction/outputs/e13_engineered_homography_100subaction/experiments/E13/pipeline_outputs/subaction_31_P01_109_31/episode_01_left/frame_002968_left/vrb_style_affordance.png,"(256, 456)",True,/Users/huhu/Documents/Code/bishe/vrb/vrbreproduction/outputs/e13_engineered_homography_100subaction/experiments/E13/pipeline_outputs/subaction_31_P01_109_31/episode_01_left/frame_002968_left/diagnostics/problem3_ref_full_overlay.png,/Users/huhu/Documents/Code/bishe/vrb/vrbreproduction/outputs/e13_engineered_homography_100subaction/experiments/E13/pipeline_outputs/subaction_31_P01_109_31/episode_01_left/frame_002968_left/diagnostics/problem3_ref_crop.png,21.0,0.9323843416370107,247.0,260.0,0.3091238737106323,SIFT,,31:2968:left
E13,E13_engineered_homography_projection,new_contact_episode_early_frames,short_window_pre_contact_nearest_no_contact,31,P01_109_31,P01_109,turn off tap,turn-off,tap,['tap'],2967,2989,2966,2988,2.0,2970.0,2971.0,left,keep,Cell4_label_heatmap,,,29,2967.0,2968.0,3.0,3.0,1.0,6,0.0,covariance,5.014768683274021,/Users/huhu/Documents/Code/bishe/vrb/vrbreproduction/outputs/e13_engineered_homography_100subaction/experiments/E13/pipeline_outputs/subaction_31_P01_109_31/episode_01_left/frame_002970_left,short_window_pre_contact,nearest_frame_before_new_contact_episode,False,False,False,False,False,False,False,False,"(96, 53, 246, 203)",0.0816,,0,{},,,,True,2968.0,2969.0,2970.0,2.0,2968.0,2957.0,2967.0,11.0,2957.0,2967.0,2957.0,2967.0,60.0,False,2957.0,2967.0,True,False,True,3.0,2,False,1.0,left,smoothed_contact_0_to_1,True,snapped_to_reference_object_mask,"(142.99999809265137, 72.0, 242.99999713897705, 129.0)",0.6968288421630859,0.8920979908214215,1.3321280479431152,"(143.9815216064453, 69.92176055908203, 244.3221893310547, 132.4165802001953)",,37.91066855432372,0.0,1.0,0.0,3.4154672622680664,"[3.392629384994507, 3.405733823776245, 3.389801025390625, 3.4154672622680664, 3.395231246948242]","[[167.82372 131.38805]
 [198.73785 131.39563]
 [162.858   131.38683]
 [164.43834 131.38722]
 [161.24454 131.38641]]","[[168. 128.]
 [199. 128.]
 [163. 128.]
 [164. 128.]
 [161. 128.]]",False,record_only,new_contact_episode,new_contact_episode,P01_109_sub031_ep01_left,smoothed_contact_run_start_within_subaction,tap,['tap'],,,,,,,,10,2,2957.0,/Users/huhu/Documents/Code/bishe/vrb/vrbreproduction/outputs/e13_engineered_homography_100subaction/experiments/E13/pipeline_outputs/subaction_31_P01_109_31/episode_01_left/frame_002970_left/reference_frame.png,/Users/huhu/Documents/Code/bishe/vrb/vrbreproduction/outputs/e13_engineered_homography_100subaction/experiments/E13/pipeline_outputs/subaction_31_P01_109_31/episode_01_left/frame_002970_left/contact_frame.png,/Users/huhu/Documents/Code/bishe/vrb/vrbreproduction/outputs/e13_engineered_homography_100subaction/experiments/E13/pipeline_outputs/subaction_31_P01_109_31/episode_01_left/frame_002970_left/contact_overlay.png,/Users/huhu/Documents/Code/bishe/vrb/vrbreproduction/outputs/e13_engineered_homography_100subaction/experiments/E13/pipeline_outputs/subaction_31_P01_109_31/episode_01_left/frame_002970_left/projection_overlay_raw_vs_snapped.png,/Users/huhu/Documents/Code/bishe/vrb/vrbreproduction/outputs/e13_engineered_homography_100subaction/experiments/E13/pipeline_outputs/subaction_31_P01_109_31/episode_01_left/frame_002970_left/homography_matches.png,/Users/huhu/Documents/Code/bishe/vrb/vrbreproduction/outputs/e13_engineered_homography_100subaction/experiments/E13/pipeline_outputs/subaction_31_P01_109_31/episode_01_left/frame_002970_left/label_heatmap_merged.npy,/Users/huhu/Documents/Code/bishe/vrb/vrbreproduction/outputs/e13_engineered_homography_100subaction/experiments/E13/pipeline_outputs/subaction_31_P01_109_31/episode_01_left/frame_002970_left/label_heatmap_merged.png,/Users/huhu/Documents/Code/bishe/vrb/vrbreproduction/outputs/e13_engineered_homography_100subaction/experiments/E13/pipeline_outputs/subaction_31_P01_109_31/episode_01_left/frame_002970_left/label_heatmap_merged_overlay.png,/Users/huhu/Documents/Code/bishe/vrb/vrbreproduction/outputs/e13_engineered_homography_100subaction/experiments/E13/pipeline_outputs/subaction_31_P01_109_31/episode_01_left/frame_002970_left/vrb_style_affordance.png,"(256, 456)",True,/Users/huhu/Documents/Code/bishe/vrb/vrbreproduction/outputs/e13_engineered_homography_100subaction/experiments/E13/pipeline_outputs/subaction_31_P01_109_31/episode_01_left/frame_002970_left/diagnostics/problem3_ref_full_overlay.png,/Users/huhu/Documents/Code/bishe/vrb/vrbreproduction/outputs/e13_engineered_homography_100subaction/experiments/E13/pipeline_outputs/subaction_31_P01_109_31/episode_01_left/frame_002970_left/diagnostics/problem3_ref_crop.png,33.0,0.9323843416370107,247.0,260.0,0.3091238737106323,SIFT,,31:2970:left
E13,E13_engineered_homography_projection,new_contact_episode_early_frames,short_window_pre_contact_nearest_no_contact,32,P01_109_32,P01_109,shake hands,shake,hand,['hand'],3001,3072,3000,3071,0.0,3009.0,3010.0,left,keep,Cell4_label_heatmap,,,142,3008.0,3009.0,1.0,1.0,1.0,6,0.0,covariance,7.246666666666667,/Users/huhu/Documents/Code/bishe/vrb/vrbreproduction/outputs/e13_engineered_homography_100subaction/experiments/E13/pipeline_outputs/subaction_32_P01_109_32/episode_01_left/frame_003009_left,short_window_pre_contact,nearest_frame_before_new_contact_episode,False,False,False,False,False,False,False,False,"(183, 77, 333, 227)",0.4909777777777778,,0,{},,,,True,3009.0,3010.0,3018.0,0.0,3009.0,2985.0,3008.0,24.0,2985.0,3008.0,2985.0,3008.0,60.0,False,2985.0,3008.0,True,True,True,10.0,3,True,1.0,left,smoothed_contact_0_to_1,True,snapped_to_reference_object_mask,"(203.9999964237213, 36.0, 382.0000104904175, 237.0)",0.9637216329574585,0.5435981104019058,46.025413513183594,"(101.32219696044922, 26.023784637451172, 392.7567138671875, 251.8618621826172)",,38.455585428565456,4.0,1.0,4.0,0.8065010905265808,"[0.0, 0.0, 0.0, 0.0, 0.8065010905265808]","[[268.7599  118.43632]
 [254.25644 211.93956]
 [262.85434  71.89342]
 [253.76865 165.35403]
 [250.24365 194.27997]]","[[268.7599  118.43632]
 [254.25644 211.93956]
 [262.85434  71.89342]
 [253.76865 165.35403]
 [251.      194.     ]]",False,record_only,new_contact_episode,new_contact_episode,P01_109_sub032_ep01_left,smoothed_contact_run_start_within_subaction,hand,['hand'],,,,,,,,24,3,2985.0,/Users/huhu/Documents/Code/bishe/vrb/vrbreproduction/outputs/e13_engineered_homography_100subaction/experiments/E13/pipeline_outputs/subaction_32_P01_109_32/episode_01_left/frame_003009_left/reference_frame.png,/Users/huhu/Documents/Code/bishe/vrb/vrbreproduction/outputs/e13_engineered_homography_100subaction/experiments/E13/pipeline_outputs/subaction_32_P01_109_32/episode_01_left/frame_003009_left/contact_frame.png,/Users/huhu/Documents/Code/bishe/vrb/vrbreproduction/outputs/e13_engineered_homography_100subaction/experiments/E13/pipeline_outputs/subaction_32_P01_109_32/episode_01_left/frame_003009_left/contact_overlay.png,/Users/huhu/Documents/Code/bishe/vrb/vrbreproduction/outputs/e13_engineered_homography_100subaction/experiments/E13/pipeline_outputs/subaction_32_P01_109_32/episode_01_left/frame_003009_left/projection_overlay_raw_vs_snapped.png,/Users/huhu/Documents/Code/bishe/vrb/vrbreproduction/outputs/e13_engineered_homography_100subaction/experiments/E13/pipeline_outputs/subaction_32_P01_109_32/episode_01_left/frame_003009_left/homography_matches.png,/Users/huhu/Documents/Code/bishe/vrb/vrbreproduction/outputs/e13_engineered_homography_100subaction/experiments/E13/pipeline_outputs/subaction_32_P01_109_32/episode_01_left/frame_003009_left/label_heatmap_merged.npy,/Users/huhu/Documents/Code/bishe/vrb/vrbreproduction/outputs/e13_engineered_homography_100subaction/experiments/E13/pipeline_outputs/subaction_32_P01_109_32/episode_01_left/frame_003009_left/label_heatmap_merged.png,/Users/huhu/Documents/Code/bishe/vrb/vrbreproduction/outputs/e13_engineered_homography_100subaction/experiments/E13/pipeline_outputs/subaction_32_P01_109_32/episode_01_left/frame_003009_left/label_heatmap_merged_overlay.png,/Users/huhu/Documents/Code/bishe/vrb/vrbreproduction/outputs/e13_engineered_homography_100subaction/experiments/E13/pipeline_outputs/subaction_32_P01_109_32/episode_01_left/frame_003009_left/vrb_style_affordance.png,"(256, 456)",True,/Users/huhu/Documents/Code/bishe/vrb/vrbreproduction/outputs/e13_engineered_homography_100subaction/experiments/E13/pipeline_outputs/subaction_32_P01_109_32/episode_01_left/frame_003009_left/diagnostics/problem3_ref_full_overlay.png,/Users/huhu/Documents/Code/bishe/vrb/vrbreproduction/outputs/e13_engineered_homography_100subaction/experiments/E13/pipeline_outputs/subaction_32_P01_109_32/episode_01_left/frame_003009_left/diagnostics/problem3_ref_crop.png,21.0,0.7083333333333334,41.0,41.0,0.2213864028453827,SIFT,,32:3009:left
E13,E13_engineered_homography_projection,new_contact_episode_early_frames,short_window_pre_contact_nearest_no_contact,33,P01_109_33,P01_109,pick up cloth,pick-up,cloth,['cloth'],3084,3140,3083,3139,0.0,3088.0,3089.0,left,keep,Cell4_label_heatmap,,,54,3087.0,3088.0,1.0,1.0,1.0,6,0.0,covariance,5.822321981424149,/Users/huhu/Documents/Code/bishe/vrb/vrbreproduction/outputs/e13_engineered_homography_100subaction/experiments/E13/pipeline_outputs/subaction_33_P01_109_33/episode_01_left/frame_003088_left,short_window_pre_contact,nearest_frame_before_new_contact_episode,False,False,False,False,False,False,False,False,"(90, 106, 240, 256)",0.07262222222222223,,0,{},,,,True,3088.0,3089.0,3106.0,0.0,3088.0,3052.0,3087.0,36.0,3052.0,3087.0,3052.0,3087.0,60.0,False,3052.0,3087.0,True,True,True,19.0,3,True,1.0,left,smoothed_contact_0_to_1,True,snapped_to_reference_object_mask,"(132.999995470047, 168.0, 198.0000057220459, 212.0)",0.7863689661026001,0.8553333761271336,0.2608548104763031,"(135.650634765625, 165.90652465820312, 195.75308227539062, 213.76303100585938)",,22.242931354713292,0.0,1.0,0.0,1.588043451309204,"[1.241638422012329, 1.0435590744018555, 1.588043451309204, 1.4650051593780518, 0.9927483201026917]","[[165.82481 212.22922]
 [176.84479 212.03195]
 [145.9117  212.58559]
 [157.503   212.37813]
 [179.83232 211.97849]]","[[166. 211.]
 [177. 211.]
 [146. 211.]
 [158. 211.]
 [180. 211.]]",False,record_only,new_contact_episode,new_contact_episode,P01_109_sub033_ep01_left,smoothed_contact_run_start_within_subaction,cloth,['cloth'],,,,,,,,26,3,3052.0,/Users/huhu/Documents/Code/bishe/vrb/vrbreproduction/outputs/e13_engineered_homography_100subaction/experiments/E13/pipeline_outputs/subaction_33_P01_109_33/episode_01_left/frame_003088_left/reference_frame.png,/Users/huhu/Documents/Code/bishe/vrb/vrbreproduction/outputs/e13_engineered_homography_100subaction/experiments/E13/pipeline_outputs/subaction_33_P01_109_33/episode_01_left/frame_003088_left/contact_frame.png,/Users/huhu/Documents/Code/bishe/vrb/vrbreproduction/outputs/e13_engineered_homography_100subaction/experiments/E13/pipeline_outputs/subaction_33_P01_109_33/episode_01_left/frame_003088_left/contact_overlay.png,/Users/huhu/Documents/Code/bishe/vrb/vrbreproduction/outputs/e13_engineered_homography_100subaction/experiments/E13/pipeline_outputs/subaction_33_P01_109_33/episode_01_left/frame_003088_left/projection_overlay_raw_vs_snapped.png,/Users/huhu/Documents/Code/bishe/vrb/vrbreproduction/outputs/e13_engineered_homography_100subaction/experiments/E13/pipeline_outputs/subaction_33_P01_109_33/episode_01_left/frame_003088_left/homography_matches.png,/Users/huhu/Documents/Code/bishe/vrb/vrbreproduction/outputs/e13_engineered_homography_100subaction/experiments/E13/pipeline_outputs/subaction_33_P01_109_33/episode_01_left/frame_003088_left/label_heatmap_merged.npy,/Users/huhu/Documents/Code/bishe/vrb/vrbreproduction/outputs/e13_engineered_homography_100subaction/experiments/E13/pipeline_outputs/subaction_33_P01_109_33/episode_01_left/frame_003088_left/label_heatmap_merged.png,/Users/huhu/Documents/Code/bishe/vrb/vrbreproduction/outputs/e13_engineered_homography_100subaction/experiments/E13/pipeline_outputs/subaction_33_P01_109_33/episode_01_left/frame_003088_left/label_heatmap_merged_overlay.png,/Users/huhu/Documents/Code/bishe/vrb/vrbreproduction/outputs/e13_engineered_homography_100subaction/experiments/E13/pipeline_outputs/subaction_33_P01_109_33/episode_01_left/frame_003088_left/vrb_style_affordance.png,"(256, 456)",True,/Users/huhu/Documents/Code/bishe/vrb/vrbreproduction/outputs/e13_engineered_homography_100subaction/experiments/E13/pipeline_outputs/subaction_33_P01_109_33/episode_01_left/frame_003088_left/diagnostics/problem3_ref_full_overlay.png,/Users/huhu/Documents/Code/bishe/vrb/vrbreproduction/outputs/e13_engineered_homography_100subaction/experiments/E13/pipeline_outputs/subaction_33_P01_109_33/episode_01_left/frame_003088_left/diagnostics/problem3_ref_crop.png,21.0,0.8761609907120743,249.0,283.0,0.49866586923599243,SIFT,,33:3088:left
E13,E13_engineered_homography_projection,new_contact_episode_early_frames,short_window_pre_contact_nearest_no_contact,33,P01_109_33,P01_109,pick up cloth,pick-up,cloth,['cloth'],3084,3140,3083,3139,1.0,3089.0,3090.0,left,keep,Cell4_label_heatmap,,,48,3087.0,3088.0,2.0,2.0,1.0,6,0.0,covariance,5.492321981424149,/Users/huhu/Documents/Code/bishe/vrb/vrbreproduction/outputs/e13_engineered_homography_100subaction/experiments/E13/pipeline_outputs/subaction_33_P01_109_33/episode_01_left/frame_003089_left,short_window_pre_contact,nearest_frame_before_new_contact_episode,False,False,False,False,False,False,False,False,"(88, 106, 238, 256)",0.07262222222222223,,0,{},,,,True,3088.0,3089.0,3106.0,1.0,3088.0,3052.0,3087.0,36.0,3052.0,3087.0,3052.0,3087.0,60.0,False,3052.0,3087.0,True,False,True,19.0,3,False,1.0,left,smoothed_contact_0_to_1,True,snapped_to_reference_object_mask,"(132.999995470047, 168.0, 198.0000057220459, 212.0)",0.7863689661026001,0.7879499236652276,2.4449799060821533,"(135.31173706054688, 161.83270263671875, 194.5666046142578, 213.40773010253906)",,21.55080510064679,2.0,1.0,2.0,1.0635170936584473,"[0.0, 0.7425127625465393, 1.0635170936584473, 0.5472638607025146, 0.0]","[[173.03537 211.1333 ]
 [158.38051 211.6376 ]
 [146.00461 212.0635 ]
 [161.02988 211.54645]
 [179.19276 210.92139]]","[[173.03537 211.1333 ]
 [158.      211.     ]
 [146.      211.     ]
 [161.      211.     ]
 [179.19276 210.92139]]",False,record_only,new_contact_episode,new_contact_episode,P01_109_sub033_ep01_left,smoothed_contact_run_start_within_subaction,cloth,['cloth'],,,,,,,,26,3,3052.0,/Users/huhu/Documents/Code/bishe/vrb/vrbreproduction/outputs/e13_engineered_homography_100subaction/experiments/E13/pipeline_outputs/subaction_33_P01_109_33/episode_01_left/frame_003089_left/reference_frame.png,/Users/huhu/Documents/Code/bishe/vrb/vrbreproduction/outputs/e13_engineered_homography_100subaction/experiments/E13/pipeline_outputs/subaction_33_P01_109_33/episode_01_left/frame_003089_left/contact_frame.png,/Users/huhu/Documents/Code/bishe/vrb/vrbreproduction/outputs/e13_engineered_homography_100subaction/experiments/E13/pipeline_outputs/subaction_33_P01_109_33/episode_01_left/frame_003089_left/contact_overlay.png,/Users/huhu/Documents/Code/bishe/vrb/vrbreproduction/outputs/e13_engineered_homography_100subaction/experiments/E13/pipeline_outputs/subaction_33_P01_109_33/episode_01_left/frame_003089_left/projection_overlay_raw_vs_snapped.png,/Users/huhu/Documents/Code/bishe/vrb/vrbreproduction/outputs/e13_engineered_homography_100subaction/experiments/E13/pipeline_outputs/subaction_33_P01_109_33/episode_01_left/frame_003089_left/homography_matches.png,/Users/huhu/Documents/Code/bishe/vrb/vrbreproduction/outputs/e13_engineered_homography_100subaction/experiments/E13/pipeline_outputs/subaction_33_P01_109_33/episode_01_left/frame_003089_left/label_heatmap_merged.npy,/Users/huhu/Documents/Code/bishe/vrb/vrbreproduction/outputs/e13_engineered_homography_100subaction/experiments/E13/pipeline_outputs/subaction_33_P01_109_33/episode_01_left/frame_003089_left/label_heatmap_merged.png,/Users/huhu/Documents/Code/bishe/vrb/vrbreproduction/outputs/e13_engineered_homography_100subaction/experiments/E13/pipeline_outputs/subaction_33_P01_109_33/episode_01_left/frame_003089_left/label_heatmap_merged_overlay.png,/Users/huhu/Documents/Code/bishe/vrb/vrbreproduction/outputs/e13_engineered_homography_100subaction/experiments/E13/pipeline_outputs/subaction_33_P01_109_33/episode_01_left/frame_003089_left/vrb_style_affordance.png,"(256, 456)",True,/Users/huhu/Documents/Code/bishe/vrb/vrbreproduction/outputs/e13_engineered_homography_100subaction/experiments/E13/pipeline_outputs/subaction_33_P01_109_33/episode_01_left/frame_003089_left/diagnostics/problem3_ref_full_overlay.png,/Users/huhu/Documents/Code/bishe/vrb/vrbreproduction/outputs/e13_engineered_homography_100subaction/experiments/E13/pipeline_outputs/subaction_33_P01_109_33/episode_01_left/frame_003089_left/diagnostics/problem3_ref_crop.png,27.0,0.8761609907120743,249.0,283.0,0.49866586923599243,SIFT,,33:3089:left
E13,E13_engineered_homography_projection,new_contact_episode_early_frames,short_window_pre_contact_nearest_no_contact,33,P01_109_33,P01_109,pick up cloth,pick-up,cloth,['cloth'],3084,3140,3083,3139,2.0,3090.0,3091.0,left,keep,Cell4_label_heatmap,,,42,3087.0,3088.0,3.0,3.0,1.0,6,0.0,covariance,5.1623219814241486,/Users/huhu/Documents/Code/bishe/vrb/vrbreproduction/outputs/e13_engineered_homography_100subaction/experiments/E13/pipeline_outputs/subaction_33_P01_109_33/episode_01_left/frame_003090_left,short_window_pre_contact,nearest_frame_before_new_contact_episode,False,False,False,False,False,False,False,False,"(90, 106, 240, 256)",0.07262222222222223,,0,{},,,,True,3088.0,3089.0,3106.0,2.0,3088.0,3052.0,3087.0,36.0,3052.0,3087.0,3052.0,3087.0,60.0,False,3052.0,3087.0,True,False,True,19.0,3,False,1.0,left,smoothed_contact_0_to_1,True,snapped_to_reference_object_mask,"(132.999995470047, 168.0, 198.0000057220459, 212.0)",0.7863689661026001,0.8371576811122243,0.2831823527812958,"(135.09521484375, 165.3751678466797, 195.35845947265625, 214.4755096435547)",,22.034093628132002,2.0,1.0,2.0,1.9823802709579468,"[0.0, 1.9823802709579468, 1.2744063138961792, 1.1416480541229248, 0.0]","[[178.99138 211.30536]
 [145.95792 212.98193]
 [160.19579 212.25928]
 [162.81396 212.12639]
 [176.20195 211.44687]]","[[178.99138 211.30536]
 [146.      211.     ]
 [160.      211.     ]
 [163.      211.     ]
 [176.20195 211.44687]]",False,record_only,new_contact_episode,new_contact_episode,P01_109_sub033_ep01_left,smoothed_contact_run_start_within_subaction,cloth,['cloth'],,,,,,,,26,3,3052.0,/Users/huhu/Documents/Code/bishe/vrb/vrbreproduction/outputs/e13_engineered_homography_100subaction/experiments/E13/pipeline_outputs/subaction_33_P01_109_33/episode_01_left/frame_003090_left/reference_frame.png,/Users/huhu/Documents/Code/bishe/vrb/vrbreproduction/outputs/e13_engineered_homography_100subaction/experiments/E13/pipeline_outputs/subaction_33_P01_109_33/episode_01_left/frame_003090_left/contact_frame.png,/Users/huhu/Documents/Code/bishe/vrb/vrbreproduction/outputs/e13_engineered_homography_100subaction/experiments/E13/pipeline_outputs/subaction_33_P01_109_33/episode_01_left/frame_003090_left/contact_overlay.png,/Users/huhu/Documents/Code/bishe/vrb/vrbreproduction/outputs/e13_engineered_homography_100subaction/experiments/E13/pipeline_outputs/subaction_33_P01_109_33/episode_01_left/frame_003090_left/projection_overlay_raw_vs_snapped.png,/Users/huhu/Documents/Code/bishe/vrb/vrbreproduction/outputs/e13_engineered_homography_100subaction/experiments/E13/pipeline_outputs/subaction_33_P01_109_33/episode_01_left/frame_003090_left/homography_matches.png,/Users/huhu/Documents/Code/bishe/vrb/vrbreproduction/outputs/e13_engineered_homography_100subaction/experiments/E13/pipeline_outputs/subaction_33_P01_109_33/episode_01_left/frame_003090_left/label_heatmap_merged.npy,/Users/huhu/Documents/Code/bishe/vrb/vrbreproduction/outputs/e13_engineered_homography_100subaction/experiments/E13/pipeline_outputs/subaction_33_P01_109_33/episode_01_left/frame_003090_left/label_heatmap_merged.png,/Users/huhu/Documents/Code/bishe/vrb/vrbreproduction/outputs/e13_engineered_homography_100subaction/experiments/E13/pipeline_outputs/subaction_33_P01_109_33/episode_01_left/frame_003090_left/label_heatmap_merged_overlay.png,/Users/huhu/Documents/Code/bishe/vrb/vrbreproduction/outputs/e13_engineered_homography_100subaction/experiments/E13/pipeline_outputs/subaction_33_P01_109_33/episode_01_left/frame_003090_left/vrb_style_affordance.png,"(256, 456)",True,/Users/huhu/Documents/Code/bishe/vrb/vrbreproduction/outputs/e13_engineered_homography_100subaction/experiments/E13/pipeline_outputs/subaction_33_P01_109_33/episode_01_left/frame_003090_left/diagnostics/problem3_ref_full_overlay.png,/Users/huhu/Documents/Code/bishe/vrb/vrbreproduction/outputs/e13_engineered_homography_100subaction/experiments/E13/pipeline_outputs/subaction_33_P01_109_33/episode_01_left/frame_003090_left/diagnostics/problem3_ref_crop.png,33.0,0.8761609907120743,246.0,280.0,0.49866586923599243,SIFT,,33:3090:left
E13,E13_engineered_homography_projection,new_contact_episode_early_frames,short_window_pre_contact_nearest_no_contact,34,P01_109_34,P01_109,dry hands,dry,hand,['hand'],3094,3349,3093,3348,11.0,3169.0,3170.0,left,keep,Cell4_label_heatmap,,,125,3166.0,3167.0,3.0,3.0,1.0,4,2.0,covariance,4.928823529411765,/Users/huhu/Documents/Code/bishe/vrb/vrbreproduction/outputs/e13_engineered_homography_100subaction/experiments/E13/pipeline_outputs/subaction_34_P01_109_34/episode_04_left/frame_003169_left,short_window_pre_contact,nearest_frame_before_new_contact_episode,False,False,False,False,False,False,False,False,"(162, 106, 312, 256)",0.11053333333333333,,0,{},,,,True,3167.0,3168.0,3171.0,2.0,3167.0,3154.0,3166.0,13.0,3154.0,3166.0,3154.0,3166.0,60.0,False,3154.0,3166.0,True,False,True,5.0,21,False,4.0,left,smoothed_contact_0_to_1,True,snapped_to_reference_object_mask,"(210.00000071525574, 194.0, 292.9999966621399, 250.0)",0.961340606212616,0.45997292263494305,28.705167770385742,"(208.8026123046875, 181.80020141601562, 350.85528564453125, 252.9353790283203)",,14.715732659780986,5.0,1.0,5.0,0.0,"[0.0, 0.0, 0.0, 0.0, 0.0]","[[248.76076 218.79161]
 [229.51697 245.64867]
 [221.76503 205.1276 ]
 [245.52771 242.94775]
 [239.30566 209.29915]]","[[248.76076 218.79161]
 [229.51697 245.64867]
 [221.76503 205.1276 ]
 [245.52771 242.94775]
 [239.30566 209.29915]]",False,record_only,new_contact_episode,new_contact_episode,P01_109_sub034_ep04_left,smoothed_contact_run_start_within_subaction,hand,['hand'],,,,,,,,112,21,3154.0,/Users/huhu/Documents/Code/bishe/vrb/vrbreproduction/outputs/e13_engineered_homography_100subaction/experiments/E13/pipeline_outputs/subaction_34_P01_109_34/episode_04_left/frame_003169_left/reference_frame.png,/Users/huhu/Documents/Code/bishe/vrb/vrbreproduction/outputs/e13_engineered_homography_100subaction/experiments/E13/pipeline_outputs/subaction_34_P01_109_34/episode_04_left/frame_003169_left/contact_frame.png,/Users/huhu/Documents/Code/bishe/vrb/vrbreproduction/outputs/e13_engineered_homography_100subaction/experiments/E13/pipeline_outputs/subaction_34_P01_109_34/episode_04_left/frame_003169_left/contact_overlay.png,/Users/huhu/Documents/Code/bishe/vrb/vrbreproduction/outputs/e13_engineered_homography_100subaction/experiments/E13/pipeline_outputs/subaction_34_P01_109_34/episode_04_left/frame_003169_left/projection_overlay_raw_vs_snapped.png,/Users/huhu/Documents/Code/bishe/vrb/vrbreproduction/outputs/e13_engineered_homography_100subaction/experiments/E13/pipeline_outputs/subaction_34_P01_109_34/episode_04_left/frame_003169_left/homography_matches.png,/Users/huhu/Documents/Code/bishe/vrb/vrbreproduction/outputs/e13_engineered_homography_100subaction/experiments/E13/pipeline_outputs/subaction_34_P01_109_34/episode_04_left/frame_003169_left/label_heatmap_merged.npy,/Users/huhu/Documents/Code/bishe/vrb/vrbreproduction/outputs/e13_engineered_homography_100subaction/experiments/E13/pipeline_outputs/subaction_34_P01_109_34/episode_04_left/frame_003169_left/label_heatmap_merged.png,/Users/huhu/Documents/Code/bishe/vrb/vrbreproduction/outputs/e13_engineered_homography_100subaction/experiments/E13/pipeline_outputs/subaction_34_P01_109_34/episode_04_left/frame_003169_left/label_heatmap_merged_overlay.png,/Users/huhu/Documents/Code/bishe/vrb/vrbreproduction/outputs/e13_engineered_homography_100subaction/experiments/E13/pipeline_outputs/subaction_34_P01_109_34/episode_04_left/frame_003169_left/vrb_style_affordance.png,"(256, 456)",True,/Users/huhu/Documents/Code/bishe/vrb/vrbreproduction/outputs/e13_engineered_homography_100subaction/experiments/E13/pipeline_outputs/subaction_34_P01_109_34/episode_04_left/frame_003169_left/diagnostics/problem3_ref_full_overlay.png,/Users/huhu/Documents/Code/bishe/vrb/vrbreproduction/outputs/e13_engineered_homography_100subaction/experiments/E13/pipeline_outputs/subaction_34_P01_109_34/episode_04_left/frame_003169_left/diagnostics/problem3_ref_crop.png,18.0,0.9294117647058824,127.0,132.0,0.34408122301101685,SIFT,,34:3169:left
E13,E13_engineered_homography_projection,new_contact_episode_early_frames,short_window_pre_contact_nearest_no_contact,34,P01_109_34,P01_109,dry hands,dry,hand,['hand'],3094,3349,3093,3348,13.0,3175.0,3176.0,right,keep,Cell4_label_heatmap,,,434,3174.0,3175.0,1.0,1.0,1.0,6,0.0,covariance,13.56,/Users/huhu/Documents/Code/bishe/vrb/vrbreproduction/outputs/e13_engineered_homography_100subaction/experiments/E13/pipeline_outputs/subaction_34_P01_109_34/episode_06_right/frame_003175_right,short_window_pre_contact,nearest_frame_before_new_contact_episode,False,False,False,False,False,False,False,False,"(187, 88, 337, 238)",0.3584,,0,{},,,,True,3175.0,3176.0,3179.0,0.0,3175.0,3172.0,3174.0,3.0,3172.0,3174.0,3172.0,3174.0,60.0,False,3172.0,3174.0,True,True,True,5.0,21,True,6.0,right,smoothed_contact_0_to_1,True,snapped_to_reference_object_mask,"(237.99998903274536, 134.0, 305.00000524520874, 227.0)",0.7300093770027161,0.6715568415694806,7.608094692230225,"(231.19874572753906, 125.3663101196289, 302.8798522949219, 247.9601287841797)",,21.80297300024362,2.0,1.0,2.0,7.119648456573486,"[7.119648456573486, 0.0, 1.8473742008209229, 5.62382698059082, 0.0]","[[254.00755 134.88036]
 [241.02626 202.79675]
 [278.06192 139.40852]
 [232.3943  163.4512 ]
 [296.04358 168.41101]]","[[254.      142.     ]
 [241.02626 202.79675]
 [279.      141.     ]
 [238.      163.     ]
 [296.04358 168.41101]]",False,record_only,new_contact_episode,new_contact_episode,P01_109_sub034_ep06_right,smoothed_contact_run_start_within_subaction,hand,['hand'],,,,,,,,112,21,3172.0,/Users/huhu/Documents/Code/bishe/vrb/vrbreproduction/outputs/e13_engineered_homography_100subaction/experiments/E13/pipeline_outputs/subaction_34_P01_109_34/episode_06_right/frame_003175_right/reference_frame.png,/Users/huhu/Documents/Code/bishe/vrb/vrbreproduction/outputs/e13_engineered_homography_100subaction/experiments/E13/pipeline_outputs/subaction_34_P01_109_34/episode_06_right/frame_003175_right/contact_frame.png,/Users/huhu/Documents/Code/bishe/vrb/vrbreproduction/outputs/e13_engineered_homography_100subaction/experiments/E13/pipeline_outputs/subaction_34_P01_109_34/episode_06_right/frame_003175_right/contact_overlay.png,/Users/huhu/Documents/Code/bishe/vrb/vrbreproduction/outputs/e13_engineered_homography_100subaction/experiments/E13/pipeline_outputs/subaction_34_P01_109_34/episode_06_right/frame_003175_right/projection_overlay_raw_vs_snapped.png,/Users/huhu/Documents/Code/bishe/vrb/vrbreproduction/outputs/e13_engineered_homography_100subaction/experiments/E13/pipeline_outputs/subaction_34_P01_109_34/episode_06_right/frame_003175_right/homography_matches.png,/Users/huhu/Documents/Code/bishe/vrb/vrbreproduction/outputs/e13_engineered_homography_100subaction/experiments/E13/pipeline_outputs/subaction_34_P01_109_34/episode_06_right/frame_003175_right/label_heatmap_merged.npy,/Users/huhu/Documents/Code/bishe/vrb/vrbreproduction/outputs/e13_engineered_homography_100subaction/experiments/E13/pipeline_outputs/subaction_34_P01_109_34/episode_06_right/frame_003175_right/label_heatmap_merged.png,/Users/huhu/Documents/Code/bishe/vrb/vrbreproduction/outputs/e13_engineered_homography_100subaction/experiments/E13/pipeline_outputs/subaction_34_P01_109_34/episode_06_right/frame_003175_right/label_heatmap_merged_overlay.png,/Users/huhu/Documents/Code/bishe/vrb/vrbreproduction/outputs/e13_engineered_homography_100subaction/experiments/E13/pipeline_outputs/subaction_34_P01_109_34/episode_06_right/frame_003175_right/vrb_style_affordance.png,"(256, 456)",True,/Users/huhu/Documents/Code/bishe/vrb/vrbreproduction/outputs/e13_engineered_homography_100subaction/experiments/E13/pipeline_outputs/subaction_34_P01_109_34/episode_06_right/frame_003175_right/diagnostics/problem3_ref_full_overlay.png,/Users/huhu/Documents/Code/bishe/vrb/vrbreproduction/outputs/e13_engineered_homography_100subaction/experiments/E13/pipeline_outputs/subaction_34_P01_109_34/episode_06_right/frame_003175_right/diagnostics/problem3_ref_crop.png,21.0,0.945,171.0,172.0,0.3354555368423462,SIFT,,34:3175:right
E13,E13_engineered_homography_projection,new_contact_episode_early_frames,short_window_pre_contact_nearest_no_contact,34,P01_109_34,P01_109,dry hands,dry,hand,['hand'],3094,3349,3093,3348,14.0,3176.0,3177.0,right,keep,Cell4_label_heatmap,,,629,3174.0,3175.0,2.0,2.0,1.0,5,1.0,covariance,16.25,/Users/huhu/Documents/Code/bishe/vrb/vrbreproduction/outputs/e13_engineered_homography_100subaction/experiments/E13/pipeline_outputs/subaction_34_P01_109_34/episode_06_right/frame_003176_right,short_window_pre_contact,nearest_frame_before_new_contact_episode,False,False,False,False,False,False,False,False,"(180, 101, 330, 251)",0.3616,,0,{},,,,True,3175.0,3176.0,3179.0,1.0,3175.0,3172.0,3174.0,3.0,3172.0,3174.0,3172.0,3174.0,60.0,False,3172.0,3174.0,True,False,True,5.0,21,False,6.0,right,smoothed_contact_0_to_1,True,snapped_to_reference_object_mask,"(237.99998903274536, 134.0, 305.00000524520874, 227.0)",0.7300093770027161,0.6269104751962996,7.809831142425537,"(224.43829345703125, 122.66368865966797, 304.8514099121094, 245.81968688964844)",,19.777228604573732,1.0,1.0,1.0,10.573447227478027,"[0.0, 9.441362380981445, 10.573447227478027, 4.968109130859375, 8.931672096252441]","[[293.069   165.27492]
 [252.49184 235.42854]
 [227.42657 149.97841]
 [233.03214 197.04927]
 [255.00476 133.06833]]","[[293.069   165.27492]
 [252.      226.     ]
 [238.      150.     ]
 [238.      197.     ]
 [255.      142.     ]]",False,record_only,new_contact_episode,new_contact_episode,P01_109_sub034_ep06_right,smoothed_contact_run_start_within_subaction,hand,['hand'],,,,,,,,112,21,3172.0,/Users/huhu/Documents/Code/bishe/vrb/vrbreproduction/outputs/e13_engineered_homography_100subaction/experiments/E13/pipeline_outputs/subaction_34_P01_109_34/episode_06_right/frame_003176_right/reference_frame.png,/Users/huhu/Documents/Code/bishe/vrb/vrbreproduction/outputs/e13_engineered_homography_100subaction/experiments/E13/pipeline_outputs/subaction_34_P01_109_34/episode_06_right/frame_003176_right/contact_frame.png,/Users/huhu/Documents/Code/bishe/vrb/vrbreproduction/outputs/e13_engineered_homography_100subaction/experiments/E13/pipeline_outputs/subaction_34_P01_109_34/episode_06_right/frame_003176_right/contact_overlay.png,/Users/huhu/Documents/Code/bishe/vrb/vrbreproduction/outputs/e13_engineered_homography_100subaction/experiments/E13/pipeline_outputs/subaction_34_P01_109_34/episode_06_right/frame_003176_right/projection_overlay_raw_vs_snapped.png,/Users/huhu/Documents/Code/bishe/vrb/vrbreproduction/outputs/e13_engineered_homography_100subaction/experiments/E13/pipeline_outputs/subaction_34_P01_109_34/episode_06_right/frame_003176_right/homography_matches.png,/Users/huhu/Documents/Code/bishe/vrb/vrbreproduction/outputs/e13_engineered_homography_100subaction/experiments/E13/pipeline_outputs/subaction_34_P01_109_34/episode_06_right/frame_003176_right/label_heatmap_merged.npy,/Users/huhu/Documents/Code/bishe/vrb/vrbreproduction/outputs/e13_engineered_homography_100subaction/experiments/E13/pipeline_outputs/subaction_34_P01_109_34/episode_06_right/frame_003176_right/label_heatmap_merged.png,/Users/huhu/Documents/Code/bishe/vrb/vrbreproduction/outputs/e13_engineered_homography_100subaction/experiments/E13/pipeline_outputs/subaction_34_P01_109_34/episode_06_right/frame_003176_right/label_heatmap_merged_overlay.png,/Users/huhu/Documents/Code/bishe/vrb/vrbreproduction/outputs/e13_engineered_homography_100subaction/experiments/E13/pipeline_outputs/subaction_34_P01_109_34/episode_06_right/frame_003176_right/vrb_style_affordance.png,"(256, 456)",True,/Users/huhu/Documents/Code/bishe/vrb/vrbreproduction/outputs/e13_engineered_homography_100subaction/experiments/E13/pipeline_outputs/subaction_34_P01_109_34/episode_06_right/frame_003176_right/diagnostics/problem3_ref_full_overlay.png,/Users/huhu/Documents/Code/bishe/vrb/vrbreproduction/outputs/e13_engineered_homography_100subaction/experiments/E13/pipeline_outputs/subaction_34_P01_109_34/episode_06_right/frame_003176_right/diagnostics/problem3_ref_crop.png,20.0,0.945,171.0,172.0,0.3354555368423462,SIFT,,34:3176:right
E13,E13_engineered_homography_projection,new_contact_episode_early_frames,short_window_pre_contact_nearest_no_contact,34,P01_109_34,P01_109,dry hands,dry,hand,['hand'],3094,3349,3093,3348,17.0,3187.0,3188.0,right,keep,Cell4_label_heatmap,,,163,3186.0,3187.0,1.0,1.0,1.0,4,2.0,covariance,6.185483870967742,/Users/huhu/Documents/Code/bishe/vrb/vrbreproduction/outputs/e13_engineered_homography_100subaction/experiments/E13/pipeline_outputs/subaction_34_P01_109_34/episode_08_right/frame_003187_right,short_window_pre_contact,nearest_frame_before_new_contact_episode,False,False,False,False,False,False,False,False,"(181, 105, 331, 255)",0.3873333333333333,,0,{},,,,True,3187.0,3188.0,3189.0,0.0,3187.0,3186.0,3186.0,1.0,3186.0,3186.0,3186.0,3186.0,60.0,False,3186.0,3186.0,True,True,True,3.0,21,True,8.0,right,smoothed_contact_0_to_1,True,snapped_to_reference_object_mask,"(228.0, 124.0, 283.00000762939453, 201.0)",0.9712554216384888,0.6724042327131369,6.284804344177246,"(228.61595153808594, 113.96183776855469, 285.1398620605469, 223.30197143554688)",,17.194083840337765,5.0,1.0,5.0,0.0,"[0.0, 0.0, 0.0, 0.0, 0.0]","[[269.91272 175.75258]
 [242.05905 189.96515]
 [235.74304 174.29538]
 [251.11592 191.12898]
 [280.84064 167.30095]]","[[269.91272 175.75258]
 [242.05905 189.96515]
 [235.74304 174.29538]
 [251.11592 191.12898]
 [280.84064 167.30095]]",False,record_only,new_contact_episode,new_contact_episode,P01_109_sub034_ep08_right,smoothed_contact_run_start_within_subaction,hand,['hand'],,,,,,,,112,21,3186.0,/Users/huhu/Documents/Code/bishe/vrb/vrbreproduction/outputs/e13_engineered_homography_100subaction/experiments/E13/pipeline_outputs/subaction_34_P01_109_34/episode_08_right/frame_003187_right/reference_frame.png,/Users/huhu/Documents/Code/bishe/vrb/vrbreproduction/outputs/e13_engineered_homography_100subaction/experiments/E13/pipeline_outputs/subaction_34_P01_109_34/episode_08_right/frame_003187_right/contact_frame.png,/Users/huhu/Documents/Code/bishe/vrb/vrbreproduction/outputs/e13_engineered_homography_100subaction/experiments/E13/pipeline_outputs/subaction_34_P01_109_34/episode_08_right/frame_003187_right/contact_overlay.png,/Users/huhu/Documents/Code/bishe/vrb/vrbreproduction/outputs/e13_engineered_homography_100subaction/experiments/E13/pipeline_outputs/subaction_34_P01_109_34/episode_08_right/frame_003187_right/projection_overlay_raw_vs_snapped.png,/Users/huhu/Documents/Code/bishe/vrb/vrbreproduction/outputs/e13_engineered_homography_100subaction/experiments/E13/pipeline_outputs/subaction_34_P01_109_34/episode_08_right/frame_003187_right/homography_matches.png,/Users/huhu/Documents/Code/bishe/vrb/vrbreproduction/outputs/e13_engineered_homography_100subaction/experiments/E13/pipeline_outputs/subaction_34_P01_109_34/episode_08_right/frame_003187_right/label_heatmap_merged.npy,/Users/huhu/Documents/Code/bishe/vrb/vrbreproduction/outputs/e13_engineered_homography_100subaction/experiments/E13/pipeline_outputs/subaction_34_P01_109_34/episode_08_right/frame_003187_right/label_heatmap_merged.png,/Users/huhu/Documents/Code/bishe/vrb/vrbreproduction/outputs/e13_engineered_homography_100subaction/experiments/E13/pipeline_outputs/subaction_34_P01_109_34/episode_08_right/frame_003187_right/label_heatmap_merged_overlay.png,/Users/huhu/Documents/Code/bishe/vrb/vrbreproduction/outputs/e13_engineered_homography_100subaction/experiments/E13/pipeline_outputs/subaction_34_P01_109_34/episode_08_right/frame_003187_right/vrb_style_affordance.png,"(256, 456)",True,/Users/huhu/Documents/Code/bishe/vrb/vrbreproduction/outputs/e13_engineered_homography_100subaction/experiments/E13/pipeline_outputs/subaction_34_P01_109_34/episode_08_right/frame_003187_right/diagnostics/problem3_ref_full_overlay.png,/Users/huhu/Documents/Code/bishe/vrb/vrbreproduction/outputs/e13_engineered_homography_100subaction/experiments/E13/pipeline_outputs/subaction_34_P01_109_34/episode_08_right/frame_003187_right/diagnostics/problem3_ref_crop.png,10.0,0.967741935483871,180.0,185.0,0.24997065961360931,SIFT,,34:3187:right
E13,E13_engineered_homography_projection,new_contact_episode_early_frames,short_window_pre_contact_nearest_no_contact,34,P01_109_34,P01_109,dry hands,dry,hand,['hand'],3094,3349,3093,3348,18.0,3188.0,3189.0,right,keep,Cell4_label_heatmap,,,90,3186.0,3187.0,2.0,2.0,1.0,3,3.0,covariance,3.515483870967742,/Users/huhu/Documents/Code/bishe/vrb/vrbreproduction/outputs/e13_engineered_homography_100subaction/experiments/E13/pipeline_outputs/subaction_34_P01_109_34/episode_08_right/frame_003188_right,short_window_pre_contact,nearest_frame_before_new_contact_episode,False,False,False,False,False,False,False,False,"(183, 106, 333, 256)",0.3873333333333333,,0,{},,,,True,3187.0,3188.0,3189.0,1.0,3187.0,3186.0,3186.0,1.0,3186.0,3186.0,3186.0,3186.0,60.0,False,3186.0,3186.0,True,False,True,3.0,21,False,8.0,right,smoothed_contact_0_to_1,True,snapped_to_reference_object_mask,"(228.0, 124.0, 283.00000762939453, 201.0)",0.9712554216384888,0.6552713538028738,6.733633041381836,"(226.33334350585938, 108.9446792602539, 293.18353271484375, 205.6231231689453)",,20.23802486256323,5.0,1.0,5.0,0.0,"[0.0, 0.0, 0.0, 0.0, 0.0]","[[261.63354 175.83087]
 [254.0157  190.33391]
 [270.85986 166.31853]
 [248.85974 192.28757]
 [256.464   187.89902]]","[[261.63354 175.83087]
 [254.0157  190.33391]
 [270.85986 166.31853]
 [248.85974 192.28757]
 [256.464   187.89902]]",False,record_only,new_contact_episode,new_contact_episode,P01_109_sub034_ep08_right,smoothed_contact_run_start_within_subaction,hand,['hand'],,,,,,,,112,21,3186.0,/Users/huhu/Documents/Code/bishe/vrb/vrbreproduction/outputs/e13_engineered_homography_100subaction/experiments/E13/pipeline_outputs/subaction_34_P01_109_34/episode_08_right/frame_003188_right/reference_frame.png,/Users/huhu/Documents/Code/bishe/vrb/vrbreproduction/outputs/e13_engineered_homography_100subaction/experiments/E13/pipeline_outputs/subaction_34_P01_109_34/episode_08_right/frame_003188_right/contact_frame.png,/Users/huhu/Documents/Code/bishe/vrb/vrbreproduction/outputs/e13_engineered_homography_100subaction/experiments/E13/pipeline_outputs/subaction_34_P01_109_34/episode_08_right/frame_003188_right/contact_overlay.png,/Users/huhu/Documents/Code/bishe/vrb/vrbreproduction/outputs/e13_engineered_homography_100subaction/experiments/E13/pipeline_outputs/subaction_34_P01_109_34/episode_08_right/frame_003188_right/projection_overlay_raw_vs_snapped.png,/Users/huhu/Documents/Code/bishe/vrb/vrbreproduction/outputs/e13_engineered_homography_100subaction/experiments/E13/pipeline_outputs/subaction_34_P01_109_34/episode_08_right/frame_003188_right/homography_matches.png,/Users/huhu/Documents/Code/bishe/vrb/vrbreproduction/outputs/e13_engineered_homography_100subaction/experiments/E13/pipeline_outputs/subaction_34_P01_109_34/episode_08_right/frame_003188_right/label_heatmap_merged.npy,/Users/huhu/Documents/Code/bishe/vrb/vrbreproduction/outputs/e13_engineered_homography_100subaction/experiments/E13/pipeline_outputs/subaction_34_P01_109_34/episode_08_right/frame_003188_right/label_heatmap_merged.png,/Users/huhu/Documents/Code/bishe/vrb/vrbreproduction/outputs/e13_engineered_homography_100subaction/experiments/E13/pipeline_outputs/subaction_34_P01_109_34/episode_08_right/frame_003188_right/label_heatmap_merged_overlay.png,/Users/huhu/Documents/Code/bishe/vrb/vrbreproduction/outputs/e13_engineered_homography_100subaction/experiments/E13/pipeline_outputs/subaction_34_P01_109_34/episode_08_right/frame_003188_right/vrb_style_affordance.png,"(256, 456)",True,/Users/huhu/Documents/Code/bishe/vrb/vrbreproduction/outputs/e13_engineered_homography_100subaction/experiments/E13/pipeline_outputs/subaction_34_P01_109_34/episode_08_right/frame_003188_right/diagnostics/problem3_ref_full_overlay.png,/Users/huhu/Documents/Code/bishe/vrb/vrbreproduction/outputs/e13_engineered_homography_100subaction/experiments/E13/pipeline_outputs/subaction_34_P01_109_34/episode_08_right/frame_003188_right/diagnostics/problem3_ref_crop.png,9.0,0.967741935483871,180.0,185.0,0.24997065961360931,SIFT,,34:3188:right
E13,E13_engineered_homography_projection,new_contact_episode_early_frames,short_window_pre_contact_nearest_no_contact,34,P01_109_34,P01_109,dry hands,dry,hand,['hand'],3094,3349,3093,3348,23.0,3195.0,3196.0,left,keep,Cell4_label_heatmap,,,94,3194.0,3195.0,1.0,1.0,1.0,3,3.0,covariance,3.8093939393939396,/Users/huhu/Documents/Code/bishe/vrb/vrbreproduction/outputs/e13_engineered_homography_100subaction/experiments/E13/pipeline_outputs/subaction_34_P01_109_34/episode_10_left/frame_003195_left,short_window_pre_contact,nearest_frame_before_new_contact_episode,False,False,False,False,False,False,False,False,"(259, 106, 409, 256)",0.23395555555555556,,0,{},,,,True,3195.0,3196.0,3197.0,0.0,3195.0,3193.0,3194.0,2.0,3193.0,3194.0,3193.0,3194.0,60.0,False,3193.0,3194.0,True,True,True,3.0,21,True,10.0,left,smoothed_contact_0_to_1,True,snapped_to_reference_object_mask,"(186.99999332427979, 141.0, 383.0000066757202, 251.0)",0.9324121475219727,0.7836542412505729,11.627385139465332,"(181.4983367919922, 133.38507080078125, 408.9364929199219, 247.51527404785156)",,49.54438334396903,5.0,1.0,5.0,0.0,"[0.0, 0.0, 0.0, 0.0, 0.0]","[[335.74033 187.6938 ]
 [341.97903 227.38182]
 [322.22168 169.08519]
 [339.41928 207.51118]
 [333.0085  175.10826]]","[[335.74033 187.6938 ]
 [341.97903 227.38182]
 [322.22168 169.08519]
 [339.41928 207.51118]
 [333.0085  175.10826]]",False,record_only,new_contact_episode,new_contact_episode,P01_109_sub034_ep10_left,smoothed_contact_run_start_within_subaction,hand,['hand'],,,,,,,,112,21,3193.0,/Users/huhu/Documents/Code/bishe/vrb/vrbreproduction/outputs/e13_engineered_homography_100subaction/experiments/E13/pipeline_outputs/subaction_34_P01_109_34/episode_10_left/frame_003195_left/reference_frame.png,/Users/huhu/Documents/Code/bishe/vrb/vrbreproduction/outputs/e13_engineered_homography_100subaction/experiments/E13/pipeline_outputs/subaction_34_P01_109_34/episode_10_left/frame_003195_left/contact_frame.png,/Users/huhu/Documents/Code/bishe/vrb/vrbreproduction/outputs/e13_engineered_homography_100subaction/experiments/E13/pipeline_outputs/subaction_34_P01_109_34/episode_10_left/frame_003195_left/contact_overlay.png,/Users/huhu/Documents/Code/bishe/vrb/vrbreproduction/outputs/e13_engineered_homography_100subaction/experiments/E13/pipeline_outputs/subaction_34_P01_109_34/episode_10_left/frame_003195_left/projection_overlay_raw_vs_snapped.png,/Users/huhu/Documents/Code/bishe/vrb/vrbreproduction/outputs/e13_engineered_homography_100subaction/experiments/E13/pipeline_outputs/subaction_34_P01_109_34/episode_10_left/frame_003195_left/homography_matches.png,/Users/huhu/Documents/Code/bishe/vrb/vrbreproduction/outputs/e13_engineered_homography_100subaction/experiments/E13/pipeline_outputs/subaction_34_P01_109_34/episode_10_left/frame_003195_left/label_heatmap_merged.npy,/Users/huhu/Documents/Code/bishe/vrb/vrbreproduction/outputs/e13_engineered_homography_100subaction/experiments/E13/pipeline_outputs/subaction_34_P01_109_34/episode_10_left/frame_003195_left/label_heatmap_merged.png,/Users/huhu/Documents/Code/bishe/vrb/vrbreproduction/outputs/e13_engineered_homography_100subaction/experiments/E13/pipeline_outputs/subaction_34_P01_109_34/episode_10_left/frame_003195_left/label_heatmap_merged_overlay.png,/Users/huhu/Documents/Code/bishe/vrb/vrbreproduction/outputs/e13_engineered_homography_100subaction/experiments/E13/pipeline_outputs/subaction_34_P01_109_34/episode_10_left/frame_003195_left/vrb_style_affordance.png,"(256, 456)",True,/Users/huhu/Documents/Code/bishe/vrb/vrbreproduction/outputs/e13_engineered_homography_100subaction/experiments/E13/pipeline_outputs/subaction_34_P01_109_34/episode_10_left/frame_003195_left/diagnostics/problem3_ref_full_overlay.png,/Users/huhu/Documents/Code/bishe/vrb/vrbreproduction/outputs/e13_engineered_homography_100subaction/experiments/E13/pipeline_outputs/subaction_34_P01_109_34/episode_10_left/frame_003195_left/diagnostics/problem3_ref_crop.png,6.0,0.9696969696969697,103.0,104.0,0.26820486783981323,SIFT,,34:3195:left
E13,E13_engineered_homography_projection,new_contact_episode_early_frames,short_window_pre_contact_nearest_no_contact,34,P01_109_34,P01_109,dry hands,dry,hand,['hand'],3094,3349,3093,3348,24.0,3196.0,3197.0,left,keep,Cell4_label_heatmap,,,100,3194.0,3195.0,2.0,2.0,1.0,2,4.0,covariance,2.7193939393939397,/Users/huhu/Documents/Code/bishe/vrb/vrbreproduction/outputs/e13_engineered_homography_100subaction/experiments/E13/pipeline_outputs/subaction_34_P01_109_34/episode_10_left/frame_003196_left,short_window_pre_contact,nearest_frame_before_new_contact_episode,False,False,False,False,False,False,False,False,"(270, 106, 420, 256)",0.188,,0,{},,,,True,3195.0,3196.0,3197.0,1.0,3195.0,3193.0,3194.0,2.0,3193.0,3194.0,3193.0,3194.0,60.0,False,3193.0,3194.0,True,False,True,3.0,21,False,10.0,left,smoothed_contact_0_to_1,True,snapped_to_reference_object_mask,"(186.99999332427979, 141.0, 383.0000066757202, 251.0)",0.9324121475219727,0.7022081606594641,17.732091903686523,"(178.83030700683594, 125.85824584960938, 422.9042053222656, 250.3104705810547)",,59.58581105720645,5.0,1.0,5.0,0.0,"[0.0, 0.0, 0.0, 0.0, 0.0]","[[335.8073  187.5926 ]
 [358.49228 219.93083]
 [347.0639  187.77324]
 [353.94858 204.20435]
 [327.5991  183.75851]]","[[335.8073  187.5926 ]
 [358.49228 219.93083]
 [347.0639  187.77324]
 [353.94858 204.20435]
 [327.5991  183.75851]]",False,record_only,new_contact_episode,new_contact_episode,P01_109_sub034_ep10_left,smoothed_contact_run_start_within_subaction,hand,['hand'],,,,,,,,112,21,3193.0,/Users/huhu/Documents/Code/bishe/vrb/vrbreproduction/outputs/e13_engineered_homography_100subaction/experiments/E13/pipeline_outputs/subaction_34_P01_109_34/episode_10_left/frame_003196_left/reference_frame.png,/Users/huhu/Documents/Code/bishe/vrb/vrbreproduction/outputs/e13_engineered_homography_100subaction/experiments/E13/pipeline_outputs/subaction_34_P01_109_34/episode_10_left/frame_003196_left/contact_frame.png,/Users/huhu/Documents/Code/bishe/vrb/vrbreproduction/outputs/e13_engineered_homography_100subaction/experiments/E13/pipeline_outputs/subaction_34_P01_109_34/episode_10_left/frame_003196_left/contact_overlay.png,/Users/huhu/Documents/Code/bishe/vrb/vrbreproduction/outputs/e13_engineered_homography_100subaction/experiments/E13/pipeline_outputs/subaction_34_P01_109_34/episode_10_left/frame_003196_left/projection_overlay_raw_vs_snapped.png,/Users/huhu/Documents/Code/bishe/vrb/vrbreproduction/outputs/e13_engineered_homography_100subaction/experiments/E13/pipeline_outputs/subaction_34_P01_109_34/episode_10_left/frame_003196_left/homography_matches.png,/Users/huhu/Documents/Code/bishe/vrb/vrbreproduction/outputs/e13_engineered_homography_100subaction/experiments/E13/pipeline_outputs/subaction_34_P01_109_34/episode_10_left/frame_003196_left/label_heatmap_merged.npy,/Users/huhu/Documents/Code/bishe/vrb/vrbreproduction/outputs/e13_engineered_homography_100subaction/experiments/E13/pipeline_outputs/subaction_34_P01_109_34/episode_10_left/frame_003196_left/label_heatmap_merged.png,/Users/huhu/Documents/Code/bishe/vrb/vrbreproduction/outputs/e13_engineered_homography_100subaction/experiments/E13/pipeline_outputs/subaction_34_P01_109_34/episode_10_left/frame_003196_left/label_heatmap_merged_overlay.png,/Users/huhu/Documents/Code/bishe/vrb/vrbreproduction/outputs/e13_engineered_homography_100subaction/experiments/E13/pipeline_outputs/subaction_34_P01_109_34/episode_10_left/frame_003196_left/vrb_style_affordance.png,"(256, 456)",True,/Users/huhu/Documents/Code/bishe/vrb/vrbreproduction/outputs/e13_engineered_homography_100subaction/experiments/E13/pipeline_outputs/subaction_34_P01_109_34/episode_10_left/frame_003196_left/diagnostics/problem3_ref_full_overlay.png,/Users/huhu/Documents/Code/bishe/vrb/vrbreproduction/outputs/e13_engineered_homography_100subaction/experiments/E13/pipeline_outputs/subaction_34_P01_109_34/episode_10_left/frame_003196_left/diagnostics/problem3_ref_crop.png,5.0,0.9696969696969697,103.0,104.0,0.26820486783981323,SIFT,,34:3196:left
E13,E13_engineered_homography_projection,new_contact_episode_early_frames,short_window_pre_contact_nearest_no_contact,34,P01_109_34,P01_109,dry hands,dry,hand,['hand'],3094,3349,3093,3348,25.0,3197.0,3198.0,left,keep,Cell4_label_heatmap,,,212,3194.0,3195.0,3.0,3.0,1.0,1,5.0,covariance,3.7493939393939395,/Users/huhu/Documents/Code/bishe/vrb/vrbreproduction/outputs/e13_engineered_homography_100subaction/experiments/E13/pipeline_outputs/subaction_34_P01_109_34/episode_10_left/frame_003197_left,short_window_pre_contact,nearest_frame_before_new_contact_episode,False,False,False,False,False,False,False,False,"(273, 106, 423, 256)",0.17546666666666666,,0,{},,,,True,3195.0,3196.0,3197.0,2.0,3195.0,3193.0,3194.0,2.0,3193.0,3194.0,3193.0,3194.0,60.0,False,3193.0,3194.0,True,False,True,3.0,21,False,10.0,left,smoothed_contact_0_to_1,True,snapped_to_reference_object_mask,"(186.99999332427979, 141.0, 383.0000066757202, 251.0)",0.9324121475219727,0.6293413630315096,22.722946166992188,"(177.32862854003906, 121.02802276611328, 434.8520202636719, 254.05686950683594)",,66.88691449367839,4.0,1.0,4.0,12.597004890441895,"[0.0, 0.0, 0.0, 0.0, 12.597004890441895]","[[361.57562 205.74252]
 [369.77057 222.81104]
 [295.6984  192.66707]
 [343.43304 198.89874]
 [379.8479  237.40372]]","[[361.57562 205.74252]
 [369.77057 222.81104]
 [295.6984  192.66707]
 [343.43304 198.89874]
 [369.      231.     ]]",False,record_only,new_contact_episode,new_contact_episode,P01_109_sub034_ep10_left,smoothed_contact_run_start_within_subaction,hand,['hand'],,,,,,,,112,21,3193.0,/Users/huhu/Documents/Code/bishe/vrb/vrbreproduction/outputs/e13_engineered_homography_100subaction/experiments/E13/pipeline_outputs/subaction_34_P01_109_34/episode_10_left/frame_003197_left/reference_frame.png,/Users/huhu/Documents/Code/bishe/vrb/vrbreproduction/outputs/e13_engineered_homography_100subaction/experiments/E13/pipeline_outputs/subaction_34_P01_109_34/episode_10_left/frame_003197_left/contact_frame.png,/Users/huhu/Documents/Code/bishe/vrb/vrbreproduction/outputs/e13_engineered_homography_100subaction/experiments/E13/pipeline_outputs/subaction_34_P01_109_34/episode_10_left/frame_003197_left/contact_overlay.png,/Users/huhu/Documents/Code/bishe/vrb/vrbreproduction/outputs/e13_engineered_homography_100subaction/experiments/E13/pipeline_outputs/subaction_34_P01_109_34/episode_10_left/frame_003197_left/projection_overlay_raw_vs_snapped.png,/Users/huhu/Documents/Code/bishe/vrb/vrbreproduction/outputs/e13_engineered_homography_100subaction/experiments/E13/pipeline_outputs/subaction_34_P01_109_34/episode_10_left/frame_003197_left/homography_matches.png,/Users/huhu/Documents/Code/bishe/vrb/vrbreproduction/outputs/e13_engineered_homography_100subaction/experiments/E13/pipeline_outputs/subaction_34_P01_109_34/episode_10_left/frame_003197_left/label_heatmap_merged.npy,/Users/huhu/Documents/Code/bishe/vrb/vrbreproduction/outputs/e13_engineered_homography_100subaction/experiments/E13/pipeline_outputs/subaction_34_P01_109_34/episode_10_left/frame_003197_left/label_heatmap_merged.png,/Users/huhu/Documents/Code/bishe/vrb/vrbreproduction/outputs/e13_engineered_homography_100subaction/experiments/E13/pipeline_outputs/subaction_34_P01_109_34/episode_10_left/frame_003197_left/label_heatmap_merged_overlay.png,/Users/huhu/Documents/Code/bishe/vrb/vrbreproduction/outputs/e13_engineered_homography_100subaction/experiments/E13/pipeline_outputs/subaction_34_P01_109_34/episode_10_left/frame_003197_left/vrb_style_affordance.png,"(256, 456)",False,/Users/huhu/Documents/Code/bishe/vrb/vrbreproduction/outputs/e13_engineered_homography_100subaction/experiments/E13/pipeline_outputs/subaction_34_P01_109_34/episode_10_left/frame_003197_left/diagnostics/problem3_ref_full_overlay.png,/Users/huhu/Documents/Code/bishe/vrb/vrbreproduction/outputs/e13_engineered_homography_100subaction/experiments/E13/pipeline_outputs/subaction_34_P01_109_34/episode_10_left/frame_003197_left/diagnostics/problem3_ref_crop.png,3.0,0.9696969696969697,103.0,104.0,0.26820486783981323,SIFT,,34:3197:left
E13,E13_engineered_homography_projection,new_contact_episode_early_frames,short_window_pre_contact_nearest_no_contact,34,P01_109_34,P01_109,dry hands,dry,hand,['hand'],3094,3349,3093,3348,31.0,3245.0,3246.0,right,keep,Cell4_label_heatmap,,,270,3244.0,3245.0,1.0,1.0,1.0,5,1.0,covariance,9.287674418604652,/Users/huhu/Documents/Code/bishe/vrb/vrbreproduction/outputs/e13_engineered_homography_100subaction/experiments/E13/pipeline_outputs/subaction_34_P01_109_34/episode_14_right/frame_003245_right,short_window_pre_contact,nearest_frame_before_new_contact_episode,False,False,False,False,False,False,False,False,"(181, 105, 331, 255)",0.2255111111111111,,0,{},,,,True,3245.0,3246.0,3247.0,0.0,3245.0,3230.0,3244.0,15.0,3230.0,3244.0,3230.0,3244.0,60.0,False,3230.0,3244.0,True,True,True,3.0,21,True,14.0,right,smoothed_contact_0_to_1,True,snapped_to_reference_object_mask,"(195.0000035762787, 154.0, 292.00000047683716, 253.0)",0.7868476510047913,0.8600424837490781,5.3428955078125,"(194.9962158203125, 149.49627685546875, 283.0402526855469, 251.6864013671875)",,26.03857638931067,1.0,1.0,1.0,4.968585968017578,"[4.968585968017578, 0.0, 1.4621931314468384, 1.2412922382354736, 1.8874964714050293]","[[246.66254 161.68079]
 [258.4329  209.03514]
 [257.67767 152.57378]
 [257.5522  182.1577 ]
 [257.122   196.4822 ]]","[[250.      158.     ]
 [258.4329  209.03514]
 [258.      154.     ]
 [258.      181.     ]
 [256.      198.     ]]",False,record_only,new_contact_episode,new_contact_episode,P01_109_sub034_ep14_right,smoothed_contact_run_start_within_subaction,hand,['hand'],,,,,,,,112,21,3230.0,/Users/huhu/Documents/Code/bishe/vrb/vrbreproduction/outputs/e13_engineered_homography_100subaction/experiments/E13/pipeline_outputs/subaction_34_P01_109_34/episode_14_right/frame_003245_right/reference_frame.png,/Users/huhu/Documents/Code/bishe/vrb/vrbreproduction/outputs/e13_engineered_homography_100subaction/experiments/E13/pipeline_outputs/subaction_34_P01_109_34/episode_14_right/frame_003245_right/contact_frame.png,/Users/huhu/Documents/Code/bishe/vrb/vrbreproduction/outputs/e13_engineered_homography_100subaction/experiments/E13/pipeline_outputs/subaction_34_P01_109_34/episode_14_right/frame_003245_right/contact_overlay.png,/Users/huhu/Documents/Code/bishe/vrb/vrbreproduction/outputs/e13_engineered_homography_100subaction/experiments/E13/pipeline_outputs/subaction_34_P01_109_34/episode_14_right/frame_003245_right/projection_overlay_raw_vs_snapped.png,/Users/huhu/Documents/Code/bishe/vrb/vrbreproduction/outputs/e13_engineered_homography_100subaction/experiments/E13/pipeline_outputs/subaction_34_P01_109_34/episode_14_right/frame_003245_right/homography_matches.png,/Users/huhu/Documents/Code/bishe/vrb/vrbreproduction/outputs/e13_engineered_homography_100subaction/experiments/E13/pipeline_outputs/subaction_34_P01_109_34/episode_14_right/frame_003245_right/label_heatmap_merged.npy,/Users/huhu/Documents/Code/bishe/vrb/vrbreproduction/outputs/e13_engineered_homography_100subaction/experiments/E13/pipeline_outputs/subaction_34_P01_109_34/episode_14_right/frame_003245_right/label_heatmap_merged.png,/Users/huhu/Documents/Code/bishe/vrb/vrbreproduction/outputs/e13_engineered_homography_100subaction/experiments/E13/pipeline_outputs/subaction_34_P01_109_34/episode_14_right/frame_003245_right/label_heatmap_merged_overlay.png,/Users/huhu/Documents/Code/bishe/vrb/vrbreproduction/outputs/e13_engineered_homography_100subaction/experiments/E13/pipeline_outputs/subaction_34_P01_109_34/episode_14_right/frame_003245_right/vrb_style_affordance.png,"(256, 456)",True,/Users/huhu/Documents/Code/bishe/vrb/vrbreproduction/outputs/e13_engineered_homography_100subaction/experiments/E13/pipeline_outputs/subaction_34_P01_109_34/episode_14_right/frame_003245_right/diagnostics/problem3_ref_full_overlay.png,/Users/huhu/Documents/Code/bishe/vrb/vrbreproduction/outputs/e13_engineered_homography_100subaction/experiments/E13/pipeline_outputs/subaction_34_P01_109_34/episode_14_right/frame_003245_right/diagnostics/problem3_ref_crop.png,15.0,0.9488372093023256,182.0,189.0,0.23007629811763763,SIFT,,34:3245:right
E13,E13_engineered_homography_projection,new_contact_episode_early_frames,short_window_pre_contact_nearest_no_contact,34,P01_109_34,P01_109,dry hands,dry,hand,['hand'],3094,3349,3093,3348,32.0,3246.0,3247.0,right,keep,Cell4_label_heatmap,,,188,3244.0,3245.0,2.0,2.0,1.0,5,1.0,covariance,7.437674418604652,/Users/huhu/Documents/Code/bishe/vrb/vrbreproduction/outputs/e13_engineered_homography_100subaction/experiments/E13/pipeline_outputs/subaction_34_P01_109_34/episode_14_right/frame_003246_right,short_window_pre_contact,nearest_frame_before_new_contact_episode,False,False,False,False,False,False,False,False,"(187, 105, 337, 255)",0.2255111111111111,,0,{},,,,True,3245.0,3246.0,3247.0,1.0,3245.0,3230.0,3244.0,15.0,3230.0,3244.0,3230.0,3244.0,60.0,False,3230.0,3244.0,True,False,True,3.0,21,False,14.0,right,smoothed_contact_0_to_1,True,snapped_to_reference_object_mask,"(195.0000035762787, 154.0, 292.00000047683716, 253.0)",0.7868476510047913,0.8458498110568455,7.265570163726807,"(182.81126403808594, 152.8563995361328, 289.96380615234375, 251.1761474609375)",,29.49523495322377,4.0,1.0,4.0,3.489631414413452,"[3.489631414413452, 0.0, 0.0, 0.0, 0.0]","[[246.3464  159.26627]
 [262.33057 205.95625]
 [281.89252 168.6451 ]
 [257.75327 177.61827]
 [260.63422 190.3213 ]]","[[249.      157.     ]
 [262.33057 205.95625]
 [281.89252 168.6451 ]
 [257.75327 177.61827]
 [260.63422 190.3213 ]]",False,record_only,new_contact_episode,new_contact_episode,P01_109_sub034_ep14_right,smoothed_contact_run_start_within_subaction,hand,['hand'],,,,,,,,112,21,3230.0,/Users/huhu/Documents/Code/bishe/vrb/vrbreproduction/outputs/e13_engineered_homography_100subaction/experiments/E13/pipeline_outputs/subaction_34_P01_109_34/episode_14_right/frame_003246_right/reference_frame.png,/Users/huhu/Documents/Code/bishe/vrb/vrbreproduction/outputs/e13_engineered_homography_100subaction/experiments/E13/pipeline_outputs/subaction_34_P01_109_34/episode_14_right/frame_003246_right/contact_frame.png,/Users/huhu/Documents/Code/bishe/vrb/vrbreproduction/outputs/e13_engineered_homography_100subaction/experiments/E13/pipeline_outputs/subaction_34_P01_109_34/episode_14_right/frame_003246_right/contact_overlay.png,/Users/huhu/Documents/Code/bishe/vrb/vrbreproduction/outputs/e13_engineered_homography_100subaction/experiments/E13/pipeline_outputs/subaction_34_P01_109_34/episode_14_right/frame_003246_right/projection_overlay_raw_vs_snapped.png,/Users/huhu/Documents/Code/bishe/vrb/vrbreproduction/outputs/e13_engineered_homography_100subaction/experiments/E13/pipeline_outputs/subaction_34_P01_109_34/episode_14_right/frame_003246_right/homography_matches.png,/Users/huhu/Documents/Code/bishe/vrb/vrbreproduction/outputs/e13_engineered_homography_100subaction/experiments/E13/pipeline_outputs/subaction_34_P01_109_34/episode_14_right/frame_003246_right/label_heatmap_merged.npy,/Users/huhu/Documents/Code/bishe/vrb/vrbreproduction/outputs/e13_engineered_homography_100subaction/experiments/E13/pipeline_outputs/subaction_34_P01_109_34/episode_14_right/frame_003246_right/label_heatmap_merged.png,/Users/huhu/Documents/Code/bishe/vrb/vrbreproduction/outputs/e13_engineered_homography_100subaction/experiments/E13/pipeline_outputs/subaction_34_P01_109_34/episode_14_right/frame_003246_right/label_heatmap_merged_overlay.png,/Users/huhu/Documents/Code/bishe/vrb/vrbreproduction/outputs/e13_engineered_homography_100subaction/experiments/E13/pipeline_outputs/subaction_34_P01_109_34/episode_14_right/frame_003246_right/vrb_style_affordance.png,"(256, 456)",True,/Users/huhu/Documents/Code/bishe/vrb/vrbreproduction/outputs/e13_engineered_homography_100subaction/experiments/E13/pipeline_outputs/subaction_34_P01_109_34/episode_14_right/frame_003246_right/diagnostics/problem3_ref_full_overlay.png,/Users/huhu/Documents/Code/bishe/vrb/vrbreproduction/outputs/e13_engineered_homography_100subaction/experiments/E13/pipeline_outputs/subaction_34_P01_109_34/episode_14_right/frame_003246_right/diagnostics/problem3_ref_crop.png,20.0,0.9488372093023256,172.0,181.0,0.23007629811763763,SIFT,,34:3246:right
E13,E13_engineered_homography_projection,new_contact_episode_early_frames,short_window_pre_contact_nearest_no_contact,34,P01_109_34,P01_109,dry hands,dry,hand,['hand'],3094,3349,3093,3348,33.0,3247.0,3248.0,right,keep,Cell4_label_heatmap,,,279,3244.0,3245.0,3.0,3.0,1.0,5,1.0,covariance,9.047674418604652,/Users/huhu/Documents/Code/bishe/vrb/vrbreproduction/outputs/e13_engineered_homography_100subaction/experiments/E13/pipeline_outputs/subaction_34_P01_109_34/episode_14_right/frame_003247_right,short_window_pre_contact,nearest_frame_before_new_contact_episode,False,False,False,False,False,False,False,False,"(180, 106, 330, 256)",0.2255111111111111,,0,{},,,,True,3245.0,3246.0,3247.0,2.0,3245.0,3230.0,3244.0,15.0,3230.0,3244.0,3230.0,3244.0,60.0,False,3230.0,3244.0,True,False,True,3.0,21,False,14.0,right,smoothed_contact_0_to_1,True,snapped_to_reference_object_mask,"(195.0000035762787, 154.0, 292.00000047683716, 253.0)",0.7868476510047913,0.7043533326266936,17.62608528137207,"(167.79779052734375, 153.2339324951172, 284.0086364746094, 251.7342987060547)",,23.122174903209583,3.0,1.0,3.0,2.8983407020568848,"[2.8983407020568848, 0.0, 0.0, 2.2425448894500732, 0.0]","[[247.77414 167.7081 ]
 [260.43698 214.06213]
 [250.7637  157.73264]
 [256.23547 183.82205]
 [263.03348 195.80803]]","[[246.      170.     ]
 [260.43698 214.06213]
 [250.7637  157.73264]
 [254.      184.     ]
 [263.03348 195.80803]]",False,record_only,new_contact_episode,new_contact_episode,P01_109_sub034_ep14_right,smoothed_contact_run_start_within_subaction,hand,['hand'],,,,,,,,112,21,3230.0,/Users/huhu/Documents/Code/bishe/vrb/vrbreproduction/outputs/e13_engineered_homography_100subaction/experiments/E13/pipeline_outputs/subaction_34_P01_109_34/episode_14_right/frame_003247_right/reference_frame.png,/Users/huhu/Documents/Code/bishe/vrb/vrbreproduction/outputs/e13_engineered_homography_100subaction/experiments/E13/pipeline_outputs/subaction_34_P01_109_34/episode_14_right/frame_003247_right/contact_frame.png,/Users/huhu/Documents/Code/bishe/vrb/vrbreproduction/outputs/e13_engineered_homography_100subaction/experiments/E13/pipeline_outputs/subaction_34_P01_109_34/episode_14_right/frame_003247_right/contact_overlay.png,/Users/huhu/Documents/Code/bishe/vrb/vrbreproduction/outputs/e13_engineered_homography_100subaction/experiments/E13/pipeline_outputs/subaction_34_P01_109_34/episode_14_right/frame_003247_right/projection_overlay_raw_vs_snapped.png,/Users/huhu/Documents/Code/bishe/vrb/vrbreproduction/outputs/e13_engineered_homography_100subaction/experiments/E13/pipeline_outputs/subaction_34_P01_109_34/episode_14_right/frame_003247_right/homography_matches.png,/Users/huhu/Documents/Code/bishe/vrb/vrbreproduction/outputs/e13_engineered_homography_100subaction/experiments/E13/pipeline_outputs/subaction_34_P01_109_34/episode_14_right/frame_003247_right/label_heatmap_merged.npy,/Users/huhu/Documents/Code/bishe/vrb/vrbreproduction/outputs/e13_engineered_homography_100subaction/experiments/E13/pipeline_outputs/subaction_34_P01_109_34/episode_14_right/frame_003247_right/label_heatmap_merged.png,/Users/huhu/Documents/Code/bishe/vrb/vrbreproduction/outputs/e13_engineered_homography_100subaction/experiments/E13/pipeline_outputs/subaction_34_P01_109_34/episode_14_right/frame_003247_right/label_heatmap_merged_overlay.png,/Users/huhu/Documents/Code/bishe/vrb/vrbreproduction/outputs/e13_engineered_homography_100subaction/experiments/E13/pipeline_outputs/subaction_34_P01_109_34/episode_14_right/frame_003247_right/vrb_style_affordance.png,"(256, 456)",True,/Users/huhu/Documents/Code/bishe/vrb/vrbreproduction/outputs/e13_engineered_homography_100subaction/experiments/E13/pipeline_outputs/subaction_34_P01_109_34/episode_14_right/frame_003247_right/diagnostics/problem3_ref_full_overlay.png,/Users/huhu/Documents/Code/bishe/vrb/vrbreproduction/outputs/e13_engineered_homography_100subaction/experiments/E13/pipeline_outputs/subaction_34_P01_109_34/episode_14_right/frame_003247_right/diagnostics/problem3_ref_crop.png,25.0,0.9488372093023256,163.0,167.0,0.23007629811763763,SIFT,,34:3247:right
E13,E13_engineered_homography_projection,new_contact_episode_early_frames,short_window_pre_contact_nearest_no_contact,34,P01_109_34,P01_109,dry hands,dry,hand,['hand'],3094,3349,3093,3348,34.0,3251.0,3252.0,right,keep,Cell4_label_heatmap,,,68,3250.0,3251.0,1.0,1.0,1.0,4,2.0,covariance,4.2785714285714285,/Users/huhu/Documents/Code/bishe/vrb/vrbreproduction/outputs/e13_engineered_homography_100subaction/experiments/E13/pipeline_outputs/subaction_34_P01_109_34/episode_15_right/frame_003251_right,short_window_pre_contact,nearest_frame_before_new_contact_episode,False,False,False,False,False,False,False,False,"(176, 106, 326, 256)",0.2136,,0,{},,,,True,3251.0,3252.0,3252.0,0.0,3251.0,3248.0,3250.0,3.0,3248.0,3250.0,3248.0,3250.0,60.0,False,3248.0,3250.0,True,True,True,2.0,21,True,15.0,right,smoothed_contact_0_to_1,True,snapped_to_reference_object_mask,"(152.000004529953, 149.0, 294.99998903274536, 251.0)",0.9929128289222717,0.9093739692032686,1.7270431518554688,"(158.10238647460938, 150.1940460205078, 291.2674560546875, 252.31881713867188)",,31.450078256402936,2.0,1.0,2.0,1.3287473917007446,"[1.3027276992797852, 0.0, 0.0, 1.2537755966186523, 1.3287473917007446]","[[269.2113  251.28548]
 [258.7451  160.59596]
 [233.04611 158.6428 ]
 [240.16417 251.24298]
 [255.59528 251.26561]]","[[269.      250.     ]
 [258.7451  160.59596]
 [233.04611 158.6428 ]
 [240.      250.     ]
 [256.      250.     ]]",False,record_only,new_contact_episode,new_contact_episode,P01_109_sub034_ep15_right,smoothed_contact_run_start_within_subaction,hand,['hand'],,,,,,,,112,21,3248.0,/Users/huhu/Documents/Code/bishe/vrb/vrbreproduction/outputs/e13_engineered_homography_100subaction/experiments/E13/pipeline_outputs/subaction_34_P01_109_34/episode_15_right/frame_003251_right/reference_frame.png,/Users/huhu/Documents/Code/bishe/vrb/vrbreproduction/outputs/e13_engineered_homography_100subaction/experiments/E13/pipeline_outputs/subaction_34_P01_109_34/episode_15_right/frame_003251_right/contact_frame.png,/Users/huhu/Documents/Code/bishe/vrb/vrbreproduction/outputs/e13_engineered_homography_100subaction/experiments/E13/pipeline_outputs/subaction_34_P01_109_34/episode_15_right/frame_003251_right/contact_overlay.png,/Users/huhu/Documents/Code/bishe/vrb/vrbreproduction/outputs/e13_engineered_homography_100subaction/experiments/E13/pipeline_outputs/subaction_34_P01_109_34/episode_15_right/frame_003251_right/projection_overlay_raw_vs_snapped.png,/Users/huhu/Documents/Code/bishe/vrb/vrbreproduction/outputs/e13_engineered_homography_100subaction/experiments/E13/pipeline_outputs/subaction_34_P01_109_34/episode_15_right/frame_003251_right/homography_matches.png,/Users/huhu/Documents/Code/bishe/vrb/vrbreproduction/outputs/e13_engineered_homography_100subaction/experiments/E13/pipeline_outputs/subaction_34_P01_109_34/episode_15_right/frame_003251_right/label_heatmap_merged.npy,/Users/huhu/Documents/Code/bishe/vrb/vrbreproduction/outputs/e13_engineered_homography_100subaction/experiments/E13/pipeline_outputs/subaction_34_P01_109_34/episode_15_right/frame_003251_right/label_heatmap_merged.png,/Users/huhu/Documents/Code/bishe/vrb/vrbreproduction/outputs/e13_engineered_homography_100subaction/experiments/E13/pipeline_outputs/subaction_34_P01_109_34/episode_15_right/frame_003251_right/label_heatmap_merged_overlay.png,/Users/huhu/Documents/Code/bishe/vrb/vrbreproduction/outputs/e13_engineered_homography_100subaction/experiments/E13/pipeline_outputs/subaction_34_P01_109_34/episode_15_right/frame_003251_right/vrb_style_affordance.png,"(256, 456)",True,/Users/huhu/Documents/Code/bishe/vrb/vrbreproduction/outputs/e13_engineered_homography_100subaction/experiments/E13/pipeline_outputs/subaction_34_P01_109_34/episode_15_right/frame_003251_right/diagnostics/problem3_ref_full_overlay.png,/Users/huhu/Documents/Code/bishe/vrb/vrbreproduction/outputs/e13_engineered_homography_100subaction/experiments/E13/pipeline_outputs/subaction_34_P01_109_34/episode_15_right/frame_003251_right/diagnostics/problem3_ref_crop.png,10.0,0.9642857142857143,162.0,167.0,0.26689615845680237,SIFT,,34:3251:right
E13,E13_engineered_homography_projection,new_contact_episode_early_frames,short_window_pre_contact_nearest_no_contact,34,P01_109_34,P01_109,dry hands,dry,hand,['hand'],3094,3349,3093,3348,35.0,3252.0,3253.0,right,keep,Cell4_label_heatmap,,,43,3250.0,3251.0,2.0,2.0,1.0,4,2.0,covariance,3.5347368421052634,/Users/huhu/Documents/Code/bishe/vrb/vrbreproduction/outputs/e13_engineered_homography_100subaction/experiments/E13/pipeline_outputs/subaction_34_P01_109_34/episode_15_right/frame_003252_right,short_window_pre_contact,nearest_frame_before_new_contact_episode,False,False,False,False,False,False,False,False,"(180, 106, 330, 256)",0.2136,,0,{},,,,True,3251.0,3252.0,3252.0,1.0,3251.0,3248.0,3250.0,3.0,3248.0,3250.0,3248.0,3250.0,60.0,False,3248.0,3250.0,True,False,True,2.0,21,False,15.0,right,smoothed_contact_0_to_1,True,snapped_to_reference_object_mask,"(152.000004529953, 149.0, 294.99998903274536, 251.0)",0.9929128289222717,0.8083159705574625,10.993855476379395,"(168.51219177246094, 153.48631286621094, 299.578369140625, 252.73036193847656)",,60.50787768031644,0.0,1.0,0.0,1.7231518030166626,"[1.659044861793518, 1.648136019706726, 1.7231518030166626, 1.626055359840393, 1.6354048252105713]","[[239.46407 251.59282]
 [263.98376 251.64806]
 [269.4608  251.6604 ]
 [246.24062 251.60815]
 [256.12918 251.6303 ]]","[[239. 250.]
 [264. 250.]
 [269. 250.]
 [246. 250.]
 [256. 250.]]",False,record_only,new_contact_episode,new_contact_episode,P01_109_sub034_ep15_right,smoothed_contact_run_start_within_subaction,hand,['hand'],,,,,,,,112,21,3248.0,/Users/huhu/Documents/Code/bishe/vrb/vrbreproduction/outputs/e13_engineered_homography_100subaction/experiments/E13/pipeline_outputs/subaction_34_P01_109_34/episode_15_right/frame_003252_right/reference_frame.png,/Users/huhu/Documents/Code/bishe/vrb/vrbreproduction/outputs/e13_engineered_homography_100subaction/experiments/E13/pipeline_outputs/subaction_34_P01_109_34/episode_15_right/frame_003252_right/contact_frame.png,/Users/huhu/Documents/Code/bishe/vrb/vrbreproduction/outputs/e13_engineered_homography_100subaction/experiments/E13/pipeline_outputs/subaction_34_P01_109_34/episode_15_right/frame_003252_right/contact_overlay.png,/Users/huhu/Documents/Code/bishe/vrb/vrbreproduction/outputs/e13_engineered_homography_100subaction/experiments/E13/pipeline_outputs/subaction_34_P01_109_34/episode_15_right/frame_003252_right/projection_overlay_raw_vs_snapped.png,/Users/huhu/Documents/Code/bishe/vrb/vrbreproduction/outputs/e13_engineered_homography_100subaction/experiments/E13/pipeline_outputs/subaction_34_P01_109_34/episode_15_right/frame_003252_right/homography_matches.png,/Users/huhu/Documents/Code/bishe/vrb/vrbreproduction/outputs/e13_engineered_homography_100subaction/experiments/E13/pipeline_outputs/subaction_34_P01_109_34/episode_15_right/frame_003252_right/label_heatmap_merged.npy,/Users/huhu/Documents/Code/bishe/vrb/vrbreproduction/outputs/e13_engineered_homography_100subaction/experiments/E13/pipeline_outputs/subaction_34_P01_109_34/episode_15_right/frame_003252_right/label_heatmap_merged.png,/Users/huhu/Documents/Code/bishe/vrb/vrbreproduction/outputs/e13_engineered_homography_100subaction/experiments/E13/pipeline_outputs/subaction_34_P01_109_34/episode_15_right/frame_003252_right/label_heatmap_merged_overlay.png,/Users/huhu/Documents/Code/bishe/vrb/vrbreproduction/outputs/e13_engineered_homography_100subaction/experiments/E13/pipeline_outputs/subaction_34_P01_109_34/episode_15_right/frame_003252_right/vrb_style_affordance.png,"(256, 456)",True,/Users/huhu/Documents/Code/bishe/vrb/vrbreproduction/outputs/e13_engineered_homography_100subaction/experiments/E13/pipeline_outputs/subaction_34_P01_109_34/episode_15_right/frame_003252_right/diagnostics/problem3_ref_full_overlay.png,/Users/huhu/Documents/Code/bishe/vrb/vrbreproduction/outputs/e13_engineered_homography_100subaction/experiments/E13/pipeline_outputs/subaction_34_P01_109_34/episode_15_right/frame_003252_right/diagnostics/problem3_ref_crop.png,14.0,0.9473684210526315,162.0,167.0,0.28082019090652466,SIFT,,34:3252:right
E13,E13_engineered_homography_projection,new_contact_episode_early_frames,short_window_pre_contact_nearest_no_contact,34,P01_109_34,P01_109,dry hands,dry,hand,['hand'],3094,3349,3093,3348,41.0,3299.0,3300.0,right,keep,Cell4_label_heatmap,,,153,3297.0,3298.0,2.0,2.0,1.0,4,2.0,covariance,5.754893617021277,/Users/huhu/Documents/Code/bishe/vrb/vrbreproduction/outputs/e13_engineered_homography_100subaction/experiments/E13/pipeline_outputs/subaction_34_P01_109_34/episode_18_right/frame_003299_right,short_window_pre_contact,nearest_frame_before_new_contact_episode,False,False,False,False,False,False,False,False,"(117, 106, 267, 256)",0.11777777777777777,,0,{},,,,True,3298.0,3299.0,3299.0,1.0,3298.0,3296.0,3297.0,2.0,3296.0,3297.0,3296.0,3297.0,60.0,False,3296.0,3297.0,True,False,True,2.0,21,False,18.0,right,smoothed_contact_0_to_1,True,snapped_to_reference_object_mask,"(106.00000333786011, 152.0, 207.99999475479126, 252.0)",0.991195559501648,0.7303461966493107,10.006002426147461,"(126.52420043945312, 157.03952026367188, 206.20492553710938, 254.01031494140625)",,42.44322824550842,5.0,1.0,5.0,0.0,"[0.0, 0.0, 0.0, 0.0, 0.0]","[[194.17354 218.6346 ]
 [196.68512 244.22047]
 [180.60355 219.88953]
 [187.55864 233.19754]
 [202.79921 211.40512]]","[[194.17354 218.6346 ]
 [196.68512 244.22047]
 [180.60355 219.88953]
 [187.55864 233.19754]
 [202.79921 211.40512]]",False,record_only,new_contact_episode,new_contact_episode,P01_109_sub034_ep18_right,smoothed_contact_run_start_within_subaction,hand,['hand'],,,,,,,,112,21,3296.0,/Users/huhu/Documents/Code/bishe/vrb/vrbreproduction/outputs/e13_engineered_homography_100subaction/experiments/E13/pipeline_outputs/subaction_34_P01_109_34/episode_18_right/frame_003299_right/reference_frame.png,/Users/huhu/Documents/Code/bishe/vrb/vrbreproduction/outputs/e13_engineered_homography_100subaction/experiments/E13/pipeline_outputs/subaction_34_P01_109_34/episode_18_right/frame_003299_right/contact_frame.png,/Users/huhu/Documents/Code/bishe/vrb/vrbreproduction/outputs/e13_engineered_homography_100subaction/experiments/E13/pipeline_outputs/subaction_34_P01_109_34/episode_18_right/frame_003299_right/contact_overlay.png,/Users/huhu/Documents/Code/bishe/vrb/vrbreproduction/outputs/e13_engineered_homography_100subaction/experiments/E13/pipeline_outputs/subaction_34_P01_109_34/episode_18_right/frame_003299_right/projection_overlay_raw_vs_snapped.png,/Users/huhu/Documents/Code/bishe/vrb/vrbreproduction/outputs/e13_engineered_homography_100subaction/experiments/E13/pipeline_outputs/subaction_34_P01_109_34/episode_18_right/frame_003299_right/homography_matches.png,/Users/huhu/Documents/Code/bishe/vrb/vrbreproduction/outputs/e13_engineered_homography_100subaction/experiments/E13/pipeline_outputs/subaction_34_P01_109_34/episode_18_right/frame_003299_right/label_heatmap_merged.npy,/Users/huhu/Documents/Code/bishe/vrb/vrbreproduction/outputs/e13_engineered_homography_100subaction/experiments/E13/pipeline_outputs/subaction_34_P01_109_34/episode_18_right/frame_003299_right/label_heatmap_merged.png,/Users/huhu/Documents/Code/bishe/vrb/vrbreproduction/outputs/e13_engineered_homography_100subaction/experiments/E13/pipeline_outputs/subaction_34_P01_109_34/episode_18_right/frame_003299_right/label_heatmap_merged_overlay.png,/Users/huhu/Documents/Code/bishe/vrb/vrbreproduction/outputs/e13_engineered_homography_100subaction/experiments/E13/pipeline_outputs/subaction_34_P01_109_34/episode_18_right/frame_003299_right/vrb_style_affordance.png,"(256, 456)",True,/Users/huhu/Documents/Code/bishe/vrb/vrbreproduction/outputs/e13_engineered_homography_100subaction/experiments/E13/pipeline_outputs/subaction_34_P01_109_34/episode_18_right/frame_003299_right/diagnostics/problem3_ref_full_overlay.png,/Users/huhu/Documents/Code/bishe/vrb/vrbreproduction/outputs/e13_engineered_homography_100subaction/experiments/E13/pipeline_outputs/subaction_34_P01_109_34/episode_18_right/frame_003299_right/diagnostics/problem3_ref_crop.png,14.0,0.9574468085106383,173.0,174.0,0.22997352480888367,SIFT,,34:3299:right
E13,E13_engineered_homography_projection,new_contact_episode_early_frames,short_window_pre_contact_nearest_no_contact,34,P01_109_34,P01_109,dry hands,dry,hand,['hand'],3094,3349,3093,3348,42.0,3301.0,3302.0,right,keep,Cell4_label_heatmap,,,141,3300.0,3301.0,1.0,1.0,1.0,3,3.0,covariance,4.7478238341968915,/Users/huhu/Documents/Code/bishe/vrb/vrbreproduction/outputs/e13_engineered_homography_100subaction/experiments/E13/pipeline_outputs/subaction_34_P01_109_34/episode_19_right/frame_003301_right,short_window_pre_contact,nearest_frame_before_new_contact_episode,False,False,False,False,False,False,False,False,"(119, 106, 269, 256)",0.1128,,0,{},,,,True,3301.0,3302.0,3301.0,0.0,3301.0,3300.0,3300.0,1.0,3300.0,3300.0,3300.0,3300.0,60.0,False,3300.0,3300.0,True,True,True,1.0,21,True,19.0,right,smoothed_contact_0_to_1,True,snapped_to_reference_object_mask,"(114.99999618530273, 161.0, 206.0000023841858, 251.0)",0.9529572129249573,0.9437174490565704,1.6316192150115967,"(118.19483184814453, 162.0479736328125, 205.6293182373047, 251.5869140625)",,39.12692948552219,5.0,1.0,5.0,0.0,"[0.0, 0.0, 0.0, 0.0, 0.0]","[[196.50005 218.51888]
 [196.23659 247.92479]
 [203.08702 204.49673]
 [181.91483 225.44402]
 [190.25056 237.95294]]","[[196.50005 218.51888]
 [196.23659 247.92479]
 [203.08702 204.49673]
 [181.91483 225.44402]
 [190.25056 237.95294]]",False,record_only,new_contact_episode,new_contact_episode,P01_109_sub034_ep19_right,smoothed_contact_run_start_within_subaction,hand,['hand'],,,,,,,,112,21,3300.0,/Users/huhu/Documents/Code/bishe/vrb/vrbreproduction/outputs/e13_engineered_homography_100subaction/experiments/E13/pipeline_outputs/subaction_34_P01_109_34/episode_19_right/frame_003301_right/reference_frame.png,/Users/huhu/Documents/Code/bishe/vrb/vrbreproduction/outputs/e13_engineered_homography_100subaction/experiments/E13/pipeline_outputs/subaction_34_P01_109_34/episode_19_right/frame_003301_right/contact_frame.png,/Users/huhu/Documents/Code/bishe/vrb/vrbreproduction/outputs/e13_engineered_homography_100subaction/experiments/E13/pipeline_outputs/subaction_34_P01_109_34/episode_19_right/frame_003301_right/contact_overlay.png,/Users/huhu/Documents/Code/bishe/vrb/vrbreproduction/outputs/e13_engineered_homography_100subaction/experiments/E13/pipeline_outputs/subaction_34_P01_109_34/episode_19_right/frame_003301_right/projection_overlay_raw_vs_snapped.png,/Users/huhu/Documents/Code/bishe/vrb/vrbreproduction/outputs/e13_engineered_homography_100subaction/experiments/E13/pipeline_outputs/subaction_34_P01_109_34/episode_19_right/frame_003301_right/homography_matches.png,/Users/huhu/Documents/Code/bishe/vrb/vrbreproduction/outputs/e13_engineered_homography_100subaction/experiments/E13/pipeline_outputs/subaction_34_P01_109_34/episode_19_right/frame_003301_right/label_heatmap_merged.npy,/Users/huhu/Documents/Code/bishe/vrb/vrbreproduction/outputs/e13_engineered_homography_100subaction/experiments/E13/pipeline_outputs/subaction_34_P01_109_34/episode_19_right/frame_003301_right/label_heatmap_merged.png,/Users/huhu/Documents/Code/bishe/vrb/vrbreproduction/outputs/e13_engineered_homography_100subaction/experiments/E13/pipeline_outputs/subaction_34_P01_109_34/episode_19_right/frame_003301_right/label_heatmap_merged_overlay.png,/Users/huhu/Documents/Code/bishe/vrb/vrbreproduction/outputs/e13_engineered_homography_100subaction/experiments/E13/pipeline_outputs/subaction_34_P01_109_34/episode_19_right/frame_003301_right/vrb_style_affordance.png,"(256, 456)",True,/Users/huhu/Documents/Code/bishe/vrb/vrbreproduction/outputs/e13_engineered_homography_100subaction/experiments/E13/pipeline_outputs/subaction_34_P01_109_34/episode_19_right/frame_003301_right/diagnostics/problem3_ref_full_overlay.png,/Users/huhu/Documents/Code/bishe/vrb/vrbreproduction/outputs/e13_engineered_homography_100subaction/experiments/E13/pipeline_outputs/subaction_34_P01_109_34/episode_19_right/frame_003301_right/diagnostics/problem3_ref_crop.png,6.0,0.9689119170984456,173.0,174.0,0.2276880294084549,SIFT,,34:3301:right
E13,E13_engineered_homography_projection,new_contact_episode_early_frames,short_window_pre_contact_nearest_no_contact,34,P01_109_34,P01_109,dry hands,dry,hand,['hand'],3094,3349,3093,3348,43.0,3307.0,3308.0,right,keep,Cell4_label_heatmap,,,142,3306.0,3307.0,1.0,1.0,1.0,6,0.0,covariance,7.693874345549738,/Users/huhu/Documents/Code/bishe/vrb/vrbreproduction/outputs/e13_engineered_homography_100subaction/experiments/E13/pipeline_outputs/subaction_34_P01_109_34/episode_20_right/frame_003307_right,short_window_pre_contact,nearest_frame_before_new_contact_episode,False,False,False,False,False,False,False,False,"(119, 106, 269, 256)",0.11071111111111111,,0,{},,,,True,3307.0,3308.0,3324.0,0.0,3307.0,3302.0,3306.0,5.0,3302.0,3306.0,3302.0,3306.0,60.0,False,3302.0,3306.0,True,True,True,18.0,21,True,20.0,right,smoothed_contact_0_to_1,True,snapped_to_reference_object_mask,"(134.00000524520874, 167.0, 210.99999690055847, 254.0)",0.959693968296051,0.8942474356832716,2.544743299484253,"(136.16888427734375, 170.15069580078125, 213.55984497070312, 252.73133850097656)",,28.422586474416182,4.0,1.0,4.0,2.000901460647583,"[0.0, 0.0, 2.000901460647583, 0.0, 0.0]","[[195.66634 221.14398]
 [190.52283 241.62886]
 [204.99408 202.83492]
 [182.09381 229.75854]
 [196.63148 250.19017]]","[[195.66634 221.14398]
 [190.52283 241.62886]
 [203.      203.     ]
 [182.09381 229.75854]
 [196.63148 250.19017]]",False,record_only,new_contact_episode,new_contact_episode,P01_109_sub034_ep20_right,smoothed_contact_run_start_within_subaction,hand,['hand'],,,,,,,,112,21,3302.0,/Users/huhu/Documents/Code/bishe/vrb/vrbreproduction/outputs/e13_engineered_homography_100subaction/experiments/E13/pipeline_outputs/subaction_34_P01_109_34/episode_20_right/frame_003307_right/reference_frame.png,/Users/huhu/Documents/Code/bishe/vrb/vrbreproduction/outputs/e13_engineered_homography_100subaction/experiments/E13/pipeline_outputs/subaction_34_P01_109_34/episode_20_right/frame_003307_right/contact_frame.png,/Users/huhu/Documents/Code/bishe/vrb/vrbreproduction/outputs/e13_engineered_homography_100subaction/experiments/E13/pipeline_outputs/subaction_34_P01_109_34/episode_20_right/frame_003307_right/contact_overlay.png,/Users/huhu/Documents/Code/bishe/vrb/vrbreproduction/outputs/e13_engineered_homography_100subaction/experiments/E13/pipeline_outputs/subaction_34_P01_109_34/episode_20_right/frame_003307_right/projection_overlay_raw_vs_snapped.png,/Users/huhu/Documents/Code/bishe/vrb/vrbreproduction/outputs/e13_engineered_homography_100subaction/experiments/E13/pipeline_outputs/subaction_34_P01_109_34/episode_20_right/frame_003307_right/homography_matches.png,/Users/huhu/Documents/Code/bishe/vrb/vrbreproduction/outputs/e13_engineered_homography_100subaction/experiments/E13/pipeline_outputs/subaction_34_P01_109_34/episode_20_right/frame_003307_right/label_heatmap_merged.npy,/Users/huhu/Documents/Code/bishe/vrb/vrbreproduction/outputs/e13_engineered_homography_100subaction/experiments/E13/pipeline_outputs/subaction_34_P01_109_34/episode_20_right/frame_003307_right/label_heatmap_merged.png,/Users/huhu/Documents/Code/bishe/vrb/vrbreproduction/outputs/e13_engineered_homography_100subaction/experiments/E13/pipeline_outputs/subaction_34_P01_109_34/episode_20_right/frame_003307_right/label_heatmap_merged_overlay.png,/Users/huhu/Documents/Code/bishe/vrb/vrbreproduction/outputs/e13_engineered_homography_100subaction/experiments/E13/pipeline_outputs/subaction_34_P01_109_34/episode_20_right/frame_003307_right/vrb_style_affordance.png,"(256, 456)",True,/Users/huhu/Documents/Code/bishe/vrb/vrbreproduction/outputs/e13_engineered_homography_100subaction/experiments/E13/pipeline_outputs/subaction_34_P01_109_34/episode_20_right/frame_003307_right/diagnostics/problem3_ref_full_overlay.png,/Users/huhu/Documents/Code/bishe/vrb/vrbreproduction/outputs/e13_engineered_homography_100subaction/experiments/E13/pipeline_outputs/subaction_34_P01_109_34/episode_20_right/frame_003307_right/diagnostics/problem3_ref_crop.png,21.0,0.9319371727748691,178.0,191.0,0.21932721138000488,SIFT,,34:3307:right
E13,E13_engineered_homography_projection,new_contact_episode_early_frames,short_window_pre_contact_nearest_no_contact,34,P01_109_34,P01_109,dry hands,dry,hand,['hand'],3094,3349,3093,3348,44.0,3308.0,3309.0,right,keep,Cell4_label_heatmap,,,98,3306.0,3307.0,2.0,2.0,1.0,6,0.0,covariance,6.6024338624338625,/Users/huhu/Documents/Code/bishe/vrb/vrbreproduction/outputs/e13_engineered_homography_100subaction/experiments/E13/pipeline_outputs/subaction_34_P01_109_34/episode_20_right/frame_003308_right,short_window_pre_contact,nearest_frame_before_new_contact_episode,False,False,False,False,False,False,False,False,"(116, 106, 266, 256)",0.11071111111111111,,0,{},,,,True,3307.0,3308.0,3324.0,1.0,3307.0,3302.0,3306.0,5.0,3302.0,3306.0,3302.0,3306.0,60.0,False,3302.0,3306.0,True,False,True,18.0,21,False,20.0,right,smoothed_contact_0_to_1,True,snapped_to_reference_object_mask,"(134.00000524520874, 167.0, 210.99999690055847, 254.0)",0.959693968296051,0.8309260670211567,5.421199321746826,"(136.928466796875, 174.1715850830078, 215.91648864746094, 254.3126678466797)",,25.019664578577302,5.0,1.0,5.0,0.0,"[0.0, 0.0, 0.0, 0.0, 0.0]","[[190.10526 223.49258]
 [180.55774 236.10103]
 [205.97235 204.52895]
 [197.69745 221.35704]
 [181.95074 249.81073]]","[[190.10526 223.49258]
 [180.55774 236.10103]
 [205.97235 204.52895]
 [197.69745 221.35704]
 [181.95074 249.81073]]",False,record_only,new_contact_episode,new_contact_episode,P01_109_sub034_ep20_right,smoothed_contact_run_start_within_subaction,hand,['hand'],,,,,,,,112,21,3302.0,/Users/huhu/Documents/Code/bishe/vrb/vrbreproduction/outputs/e13_engineered_homography_100subaction/experiments/E13/pipeline_outputs/subaction_34_P01_109_34/episode_20_right/frame_003308_right/reference_frame.png,/Users/huhu/Documents/Code/bishe/vrb/vrbreproduction/outputs/e13_engineered_homography_100subaction/experiments/E13/pipeline_outputs/subaction_34_P01_109_34/episode_20_right/frame_003308_right/contact_frame.png,/Users/huhu/Documents/Code/bishe/vrb/vrbreproduction/outputs/e13_engineered_homography_100subaction/experiments/E13/pipeline_outputs/subaction_34_P01_109_34/episode_20_right/frame_003308_right/contact_overlay.png,/Users/huhu/Documents/Code/bishe/vrb/vrbreproduction/outputs/e13_engineered_homography_100subaction/experiments/E13/pipeline_outputs/subaction_34_P01_109_34/episode_20_right/frame_003308_right/projection_overlay_raw_vs_snapped.png,/Users/huhu/Documents/Code/bishe/vrb/vrbreproduction/outputs/e13_engineered_homography_100subaction/experiments/E13/pipeline_outputs/subaction_34_P01_109_34/episode_20_right/frame_003308_right/homography_matches.png,/Users/huhu/Documents/Code/bishe/vrb/vrbreproduction/outputs/e13_engineered_homography_100subaction/experiments/E13/pipeline_outputs/subaction_34_P01_109_34/episode_20_right/frame_003308_right/label_heatmap_merged.npy,/Users/huhu/Documents/Code/bishe/vrb/vrbreproduction/outputs/e13_engineered_homography_100subaction/experiments/E13/pipeline_outputs/subaction_34_P01_109_34/episode_20_right/frame_003308_right/label_heatmap_merged.png,/Users/huhu/Documents/Code/bishe/vrb/vrbreproduction/outputs/e13_engineered_homography_100subaction/experiments/E13/pipeline_outputs/subaction_34_P01_109_34/episode_20_right/frame_003308_right/label_heatmap_merged_overlay.png,/Users/huhu/Documents/Code/bishe/vrb/vrbreproduction/outputs/e13_engineered_homography_100subaction/experiments/E13/pipeline_outputs/subaction_34_P01_109_34/episode_20_right/frame_003308_right/vrb_style_affordance.png,"(256, 456)",True,/Users/huhu/Documents/Code/bishe/vrb/vrbreproduction/outputs/e13_engineered_homography_100subaction/experiments/E13/pipeline_outputs/subaction_34_P01_109_34/episode_20_right/frame_003308_right/diagnostics/problem3_ref_full_overlay.png,/Users/huhu/Documents/Code/bishe/vrb/vrbreproduction/outputs/e13_engineered_homography_100subaction/experiments/E13/pipeline_outputs/subaction_34_P01_109_34/episode_20_right/frame_003308_right/diagnostics/problem3_ref_crop.png,27.0,0.9312169312169312,176.0,189.0,0.21932721138000488,SIFT,,34:3308:right
E13,E13_engineered_homography_projection,new_contact_episode_early_frames,short_window_pre_contact_nearest_no_contact,34,P01_109_34,P01_109,dry hands,dry,hand,['hand'],3094,3349,3093,3348,45.0,3309.0,3310.0,right,keep,Cell4_label_heatmap,,,86,3306.0,3307.0,3.0,3.0,1.0,6,0.0,covariance,6.1524338624338615,/Users/huhu/Documents/Code/bishe/vrb/vrbreproduction/outputs/e13_engineered_homography_100subaction/experiments/E13/pipeline_outputs/subaction_34_P01_109_34/episode_20_right/frame_003309_right,short_window_pre_contact,nearest_frame_before_new_contact_episode,False,False,False,False,False,False,False,False,"(117, 106, 267, 256)",0.11071111111111111,,0,{},,,,True,3307.0,3308.0,3324.0,2.0,3307.0,3302.0,3306.0,5.0,3302.0,3306.0,3302.0,3306.0,60.0,False,3302.0,3306.0,True,False,True,18.0,21,False,20.0,right,smoothed_contact_0_to_1,True,snapped_to_reference_object_mask,"(134.00000524520874, 167.0, 210.99999690055847, 254.0)",0.959693968296051,0.803652472173865,5.2208356857299805,"(132.79330444335938, 177.14675903320312, 217.27197265625, 252.98402404785156)",,26.02957995910121,4.0,1.0,4.0,1.6239759922027588,"[0.0, 0.0, 1.6239759922027588, 0.0, 0.0]","[[190.86736 225.20854]
 [198.96364 221.84848]
 [208.28204 204.00317]
 [182.46559 235.59093]
 [181.73401 249.37082]]","[[190.86736 225.20854]
 [198.96364 221.84848]
 [207.      205.     ]
 [182.46559 235.59093]
 [181.73401 249.37082]]",False,record_only,new_contact_episode,new_contact_episode,P01_109_sub034_ep20_right,smoothed_contact_run_start_within_subaction,hand,['hand'],,,,,,,,112,21,3302.0,/Users/huhu/Documents/Code/bishe/vrb/vrbreproduction/outputs/e13_engineered_homography_100subaction/experiments/E13/pipeline_outputs/subaction_34_P01_109_34/episode_20_right/frame_003309_right/reference_frame.png,/Users/huhu/Documents/Code/bishe/vrb/vrbreproduction/outputs/e13_engineered_homography_100subaction/experiments/E13/pipeline_outputs/subaction_34_P01_109_34/episode_20_right/frame_003309_right/contact_frame.png,/Users/huhu/Documents/Code/bishe/vrb/vrbreproduction/outputs/e13_engineered_homography_100subaction/experiments/E13/pipeline_outputs/subaction_34_P01_109_34/episode_20_right/frame_003309_right/contact_overlay.png,/Users/huhu/Documents/Code/bishe/vrb/vrbreproduction/outputs/e13_engineered_homography_100subaction/experiments/E13/pipeline_outputs/subaction_34_P01_109_34/episode_20_right/frame_003309_right/projection_overlay_raw_vs_snapped.png,/Users/huhu/Documents/Code/bishe/vrb/vrbreproduction/outputs/e13_engineered_homography_100subaction/experiments/E13/pipeline_outputs/subaction_34_P01_109_34/episode_20_right/frame_003309_right/homography_matches.png,/Users/huhu/Documents/Code/bishe/vrb/vrbreproduction/outputs/e13_engineered_homography_100subaction/experiments/E13/pipeline_outputs/subaction_34_P01_109_34/episode_20_right/frame_003309_right/label_heatmap_merged.npy,/Users/huhu/Documents/Code/bishe/vrb/vrbreproduction/outputs/e13_engineered_homography_100subaction/experiments/E13/pipeline_outputs/subaction_34_P01_109_34/episode_20_right/frame_003309_right/label_heatmap_merged.png,/Users/huhu/Documents/Code/bishe/vrb/vrbreproduction/outputs/e13_engineered_homography_100subaction/experiments/E13/pipeline_outputs/subaction_34_P01_109_34/episode_20_right/frame_003309_right/label_heatmap_merged_overlay.png,/Users/huhu/Documents/Code/bishe/vrb/vrbreproduction/outputs/e13_engineered_homography_100subaction/experiments/E13/pipeline_outputs/subaction_34_P01_109_34/episode_20_right/frame_003309_right/vrb_style_affordance.png,"(256, 456)",True,/Users/huhu/Documents/Code/bishe/vrb/vrbreproduction/outputs/e13_engineered_homography_100subaction/experiments/E13/pipeline_outputs/subaction_34_P01_109_34/episode_20_right/frame_003309_right/diagnostics/problem3_ref_full_overlay.png,/Users/huhu/Documents/Code/bishe/vrb/vrbreproduction/outputs/e13_engineered_homography_100subaction/experiments/E13/pipeline_outputs/subaction_34_P01_109_34/episode_20_right/frame_003309_right/diagnostics/problem3_ref_crop.png,33.0,0.9312169312169312,176.0,189.0,0.2404855340719223,SIFT,,34:3309:right
E13,E13_engineered_homography_projection,new_contact_episode_early_frames,short_window_pre_contact_nearest_no_contact,34,P01_109_34,P01_109,dry hands,dry,hand,['hand'],3094,3349,3093,3348,46.0,3338.0,3339.0,right,keep,Cell4_label_heatmap,,,117,3337.0,3338.0,1.0,1.0,1.0,6,0.0,covariance,7.004008810572687,/Users/huhu/Documents/Code/bishe/vrb/vrbreproduction/outputs/e13_engineered_homography_100subaction/experiments/E13/pipeline_outputs/subaction_34_P01_109_34/episode_21_right/frame_003338_right,short_window_pre_contact,nearest_frame_before_new_contact_episode,False,False,False,False,False,False,False,False,"(141, 106, 291, 256)",0.10453333333333334,,0,{},,,,True,3338.0,3339.0,3544.0,0.0,3338.0,3325.0,3337.0,13.0,3325.0,3337.0,3325.0,3337.0,60.0,False,3325.0,3337.0,True,True,True,207.0,21,True,21.0,right,smoothed_contact_0_to_1,True,snapped_to_reference_object_mask,"(163.0000033378601, 198.0, 232.00001192092896, 252.0)",0.8756634593009949,0.8240216633165688,2.1287291049957275,"(167.8931427001953, 201.39718627929688, 231.15101623535156, 249.9335174560547)",,18.80348157774538,5.0,1.0,5.0,0.0,"[0.0, 0.0, 0.0, 0.0, 0.0]","[[222.60252 215.60886]
 [212.33191 244.58151]
 [216.85239 206.84013]
 [218.59534 228.6335 ]
 [207.69934 204.15135]]","[[222.60252 215.60886]
 [212.33191 244.58151]
 [216.85239 206.84013]
 [218.59534 228.6335 ]
 [207.69934 204.15135]]",False,record_only,new_contact_episode,new_contact_episode,P01_109_sub034_ep21_right,smoothed_contact_run_start_within_subaction,hand,['hand'],,,,,,,,112,21,3325.0,/Users/huhu/Documents/Code/bishe/vrb/vrbreproduction/outputs/e13_engineered_homography_100subaction/experiments/E13/pipeline_outputs/subaction_34_P01_109_34/episode_21_right/frame_003338_right/reference_frame.png,/Users/huhu/Documents/Code/bishe/vrb/vrbreproduction/outputs/e13_engineered_homography_100subaction/experiments/E13/pipeline_outputs/subaction_34_P01_109_34/episode_21_right/frame_003338_right/contact_frame.png,/Users/huhu/Documents/Code/bishe/vrb/vrbreproduction/outputs/e13_engineered_homography_100subaction/experiments/E13/pipeline_outputs/subaction_34_P01_109_34/episode_21_right/frame_003338_right/contact_overlay.png,/Users/huhu/Documents/Code/bishe/vrb/vrbreproduction/outputs/e13_engineered_homography_100subaction/experiments/E13/pipeline_outputs/subaction_34_P01_109_34/episode_21_right/frame_003338_right/projection_overlay_raw_vs_snapped.png,/Users/huhu/Documents/Code/bishe/vrb/vrbreproduction/outputs/e13_engineered_homography_100subaction/experiments/E13/pipeline_outputs/subaction_34_P01_109_34/episode_21_right/frame_003338_right/homography_matches.png,/Users/huhu/Documents/Code/bishe/vrb/vrbreproduction/outputs/e13_engineered_homography_100subaction/experiments/E13/pipeline_outputs/subaction_34_P01_109_34/episode_21_right/frame_003338_right/label_heatmap_merged.npy,/Users/huhu/Documents/Code/bishe/vrb/vrbreproduction/outputs/e13_engineered_homography_100subaction/experiments/E13/pipeline_outputs/subaction_34_P01_109_34/episode_21_right/frame_003338_right/label_heatmap_merged.png,/Users/huhu/Documents/Code/bishe/vrb/vrbreproduction/outputs/e13_engineered_homography_100subaction/experiments/E13/pipeline_outputs/subaction_34_P01_109_34/episode_21_right/frame_003338_right/label_heatmap_merged_overlay.png,/Users/huhu/Documents/Code/bishe/vrb/vrbreproduction/outputs/e13_engineered_homography_100subaction/experiments/E13/pipeline_outputs/subaction_34_P01_109_34/episode_21_right/frame_003338_right/vrb_style_affordance.png,"(256, 456)",True,/Users/huhu/Documents/Code/bishe/vrb/vrbreproduction/outputs/e13_engineered_homography_100subaction/experiments/E13/pipeline_outputs/subaction_34_P01_109_34/episode_21_right/frame_003338_right/diagnostics/problem3_ref_full_overlay.png,/Users/huhu/Documents/Code/bishe/vrb/vrbreproduction/outputs/e13_engineered_homography_100subaction/experiments/E13/pipeline_outputs/subaction_34_P01_109_34/episode_21_right/frame_003338_right/diagnostics/problem3_ref_crop.png,21.0,0.8370044052863436,174.0,195.0,0.3513321280479431,SIFT,,34:3338:right
E13,E13_engineered_homography_projection,new_contact_episode_early_frames,short_window_pre_contact_nearest_no_contact,34,P01_109_34,P01_109,dry hands,dry,hand,['hand'],3094,3349,3093,3348,47.0,3339.0,3340.0,right,keep,Cell4_label_heatmap,,,107,3337.0,3338.0,2.0,2.0,1.0,6,0.0,covariance,6.594008810572688,/Users/huhu/Documents/Code/bishe/vrb/vrbreproduction/outputs/e13_engineered_homography_100subaction/experiments/E13/pipeline_outputs/subaction_34_P01_109_34/episode_21_right/frame_003339_right,short_window_pre_contact,nearest_frame_before_new_contact_episode,False,False,False,False,False,False,False,False,"(144, 106, 294, 256)",0.10453333333333334,,0,{},,,,True,3338.0,3339.0,3544.0,1.0,3338.0,3325.0,3337.0,13.0,3325.0,3337.0,3325.0,3337.0,60.0,False,3325.0,3337.0,True,False,True,207.0,21,False,21.0,right,smoothed_contact_0_to_1,True,snapped_to_reference_object_mask,"(163.0000033378601, 198.0, 232.00001192092896, 252.0)",0.8756634593009949,0.7012730047110519,5.585012435913086,"(171.66812133789062, 203.75320434570312, 234.31858825683594, 248.26222229003906)",,21.675671867360887,5.0,1.0,5.0,0.0,"[0.0, 0.0, 0.0, 0.0, 0.0]","[[224.94594 217.15593]
 [215.15353 240.35994]
 [206.24908 207.6661 ]
 [224.93283 228.72147]
 [222.5805  210.28716]]","[[224.94594 217.15593]
 [215.15353 240.35994]
 [206.24908 207.6661 ]
 [224.93283 228.72147]
 [222.5805  210.28716]]",False,record_only,new_contact_episode,new_contact_episode,P01_109_sub034_ep21_right,smoothed_contact_run_start_within_subaction,hand,['hand'],,,,,,,,112,21,3325.0,/Users/huhu/Documents/Code/bishe/vrb/vrbreproduction/outputs/e13_engineered_homography_100subaction/experiments/E13/pipeline_outputs/subaction_34_P01_109_34/episode_21_right/frame_003339_right/reference_frame.png,/Users/huhu/Documents/Code/bishe/vrb/vrbreproduction/outputs/e13_engineered_homography_100subaction/experiments/E13/pipeline_outputs/subaction_34_P01_109_34/episode_21_right/frame_003339_right/contact_frame.png,/Users/huhu/Documents/Code/bishe/vrb/vrbreproduction/outputs/e13_engineered_homography_100subaction/experiments/E13/pipeline_outputs/subaction_34_P01_109_34/episode_21_right/frame_003339_right/contact_overlay.png,/Users/huhu/Documents/Code/bishe/vrb/vrbreproduction/outputs/e13_engineered_homography_100subaction/experiments/E13/pipeline_outputs/subaction_34_P01_109_34/episode_21_right/frame_003339_right/projection_overlay_raw_vs_snapped.png,/Users/huhu/Documents/Code/bishe/vrb/vrbreproduction/outputs/e13_engineered_homography_100subaction/experiments/E13/pipeline_outputs/subaction_34_P01_109_34/episode_21_right/frame_003339_right/homography_matches.png,/Users/huhu/Documents/Code/bishe/vrb/vrbreproduction/outputs/e13_engineered_homography_100subaction/experiments/E13/pipeline_outputs/subaction_34_P01_109_34/episode_21_right/frame_003339_right/label_heatmap_merged.npy,/Users/huhu/Documents/Code/bishe/vrb/vrbreproduction/outputs/e13_engineered_homography_100subaction/experiments/E13/pipeline_outputs/subaction_34_P01_109_34/episode_21_right/frame_003339_right/label_heatmap_merged.png,/Users/huhu/Documents/Code/bishe/vrb/vrbreproduction/outputs/e13_engineered_homography_100subaction/experiments/E13/pipeline_outputs/subaction_34_P01_109_34/episode_21_right/frame_003339_right/label_heatmap_merged_overlay.png,/Users/huhu/Documents/Code/bishe/vrb/vrbreproduction/outputs/e13_engineered_homography_100subaction/experiments/E13/pipeline_outputs/subaction_34_P01_109_34/episode_21_right/frame_003339_right/vrb_style_affordance.png,"(256, 456)",True,/Users/huhu/Documents/Code/bishe/vrb/vrbreproduction/outputs/e13_engineered_homography_100subaction/experiments/E13/pipeline_outputs/subaction_34_P01_109_34/episode_21_right/frame_003339_right/diagnostics/problem3_ref_full_overlay.png,/Users/huhu/Documents/Code/bishe/vrb/vrbreproduction/outputs/e13_engineered_homography_100subaction/experiments/E13/pipeline_outputs/subaction_34_P01_109_34/episode_21_right/frame_003339_right/diagnostics/problem3_ref_crop.png,27.0,0.8370044052863436,174.0,195.0,0.3513321280479431,SIFT,,34:3339:right
E13,E13_engineered_homography_projection,new_contact_episode_early_frames,short_window_pre_contact_nearest_no_contact,34,P01_109_34,P01_109,dry hands,dry,hand,['hand'],3094,3349,3093,3348,48.0,3340.0,3341.0,right,keep,Cell4_label_heatmap,,,101,3337.0,3338.0,3.0,3.0,1.0,6,0.0,covariance,6.264008810572687,/Users/huhu/Documents/Code/bishe/vrb/vrbreproduction/outputs/e13_engineered_homography_100subaction/experiments/E13/pipeline_outputs/subaction_34_P01_109_34/episode_21_right/frame_003340_right,short_window_pre_contact,nearest_frame_before_new_contact_episode,False,False,False,False,False,False,False,False,"(149, 106, 299, 256)",0.10453333333333334,,0,{},,,,True,3338.0,3339.0,3544.0,2.0,3338.0,3325.0,3337.0,13.0,3325.0,3337.0,3325.0,3337.0,60.0,False,3325.0,3337.0,True,False,True,207.0,21,False,21.0,right,smoothed_contact_0_to_1,True,snapped_to_reference_object_mask,"(163.0000033378601, 198.0, 232.00001192092896, 252.0)",0.8756634593009949,0.6460878605126777,6.762294769287109,"(171.1085205078125, 207.6141357421875, 235.79444885253906, 248.8072509765625)",,26.73630803840242,5.0,1.0,5.0,0.0,"[0.0, 0.0, 0.0, 0.0, 0.0]","[[228.66187 225.85526]
 [213.14816 241.97218]
 [225.32178 214.36179]
 [226.22038 236.5687 ]
 [227.30963 218.01859]]","[[228.66187 225.85526]
 [213.14816 241.97218]
 [225.32178 214.36179]
 [226.22038 236.5687 ]
 [227.30963 218.01859]]",False,record_only,new_contact_episode,new_contact_episode,P01_109_sub034_ep21_right,smoothed_contact_run_start_within_subaction,hand,['hand'],,,,,,,,112,21,3325.0,/Users/huhu/Documents/Code/bishe/vrb/vrbreproduction/outputs/e13_engineered_homography_100subaction/experiments/E13/pipeline_outputs/subaction_34_P01_109_34/episode_21_right/frame_003340_right/reference_frame.png,/Users/huhu/Documents/Code/bishe/vrb/vrbreproduction/outputs/e13_engineered_homography_100subaction/experiments/E13/pipeline_outputs/subaction_34_P01_109_34/episode_21_right/frame_003340_right/contact_frame.png,/Users/huhu/Documents/Code/bishe/vrb/vrbreproduction/outputs/e13_engineered_homography_100subaction/experiments/E13/pipeline_outputs/subaction_34_P01_109_34/episode_21_right/frame_003340_right/contact_overlay.png,/Users/huhu/Documents/Code/bishe/vrb/vrbreproduction/outputs/e13_engineered_homography_100subaction/experiments/E13/pipeline_outputs/subaction_34_P01_109_34/episode_21_right/frame_003340_right/projection_overlay_raw_vs_snapped.png,/Users/huhu/Documents/Code/bishe/vrb/vrbreproduction/outputs/e13_engineered_homography_100subaction/experiments/E13/pipeline_outputs/subaction_34_P01_109_34/episode_21_right/frame_003340_right/homography_matches.png,/Users/huhu/Documents/Code/bishe/vrb/vrbreproduction/outputs/e13_engineered_homography_100subaction/experiments/E13/pipeline_outputs/subaction_34_P01_109_34/episode_21_right/frame_003340_right/label_heatmap_merged.npy,/Users/huhu/Documents/Code/bishe/vrb/vrbreproduction/outputs/e13_engineered_homography_100subaction/experiments/E13/pipeline_outputs/subaction_34_P01_109_34/episode_21_right/frame_003340_right/label_heatmap_merged.png,/Users/huhu/Documents/Code/bishe/vrb/vrbreproduction/outputs/e13_engineered_homography_100subaction/experiments/E13/pipeline_outputs/subaction_34_P01_109_34/episode_21_right/frame_003340_right/label_heatmap_merged_overlay.png,/Users/huhu/Documents/Code/bishe/vrb/vrbreproduction/outputs/e13_engineered_homography_100subaction/experiments/E13/pipeline_outputs/subaction_34_P01_109_34/episode_21_right/frame_003340_right/vrb_style_affordance.png,"(256, 456)",True,/Users/huhu/Documents/Code/bishe/vrb/vrbreproduction/outputs/e13_engineered_homography_100subaction/experiments/E13/pipeline_outputs/subaction_34_P01_109_34/episode_21_right/frame_003340_right/diagnostics/problem3_ref_full_overlay.png,/Users/huhu/Documents/Code/bishe/vrb/vrbreproduction/outputs/e13_engineered_homography_100subaction/experiments/E13/pipeline_outputs/subaction_34_P01_109_34/episode_21_right/frame_003340_right/diagnostics/problem3_ref_crop.png,33.0,0.8370044052863436,174.0,195.0,0.3513321280479431,SIFT,,34:3340:right
E13,E13_engineered_homography_projection,new_contact_episode_early_frames,short_window_pre_contact_nearest_no_contact,38,P01_109_38,P01_109,move potatoes,move,potato,['potato'],3640,3706,3639,3705,0.0,3654.0,3655.0,left,keep,Cell4_label_heatmap,,,49,3653.0,3654.0,1.0,1.0,1.0,6,0.0,covariance,5.841559633027523,/Users/huhu/Documents/Code/bishe/vrb/vrbreproduction/outputs/e13_engineered_homography_100subaction/experiments/E13/pipeline_outputs/subaction_38_P01_109_38/episode_01_left/frame_003654_left,short_window_pre_contact,nearest_frame_before_new_contact_episode,False,False,False,False,False,False,False,False,"(139, 62, 289, 212)",0.20062222222222223,,0,{},,,,True,3654.0,3655.0,3695.0,0.0,3654.0,3632.0,3653.0,22.0,3632.0,3653.0,3632.0,3653.0,60.0,False,3632.0,3653.0,True,True,True,42.0,1,True,1.0,left,smoothed_contact_0_to_1,True,snapped_to_reference_object_mask,"(192.00000143051147, 116.0, 249.9999976158142, 155.0)",0.7160152196884155,0.9446936285061206,1.302120327949524,"(193.1867218017578, 116.20736694335938, 251.4167022705078, 154.7274169921875)",,7.280045820593451,4.0,1.0,4.0,1.3765414953231812,"[0.0, 1.3765414953231812, 0.0, 0.0, 0.0]","[[193.19508 124.22995]
 [250.31413 124.59022]
 [193.20627 135.01956]
 [239.8759  153.64902]
 [193.22125 149.32924]]","[[193.19508 124.22995]
 [249.      125.     ]
 [193.20627 135.01956]
 [239.8759  153.64902]
 [193.22125 149.32924]]",False,record_only,new_contact_episode,new_contact_episode,P01_109_sub038_ep01_left,smoothed_contact_run_start_within_subaction,potato,['potato'],,,,,,,,42,1,3632.0,/Users/huhu/Documents/Code/bishe/vrb/vrbreproduction/outputs/e13_engineered_homography_100subaction/experiments/E13/pipeline_outputs/subaction_38_P01_109_38/episode_01_left/frame_003654_left/reference_frame.png,/Users/huhu/Documents/Code/bishe/vrb/vrbreproduction/outputs/e13_engineered_homography_100subaction/experiments/E13/pipeline_outputs/subaction_38_P01_109_38/episode_01_left/frame_003654_left/contact_frame.png,/Users/huhu/Documents/Code/bishe/vrb/vrbreproduction/outputs/e13_engineered_homography_100subaction/experiments/E13/pipeline_outputs/subaction_38_P01_109_38/episode_01_left/frame_003654_left/contact_overlay.png,/Users/huhu/Documents/Code/bishe/vrb/vrbreproduction/outputs/e13_engineered_homography_100subaction/experiments/E13/pipeline_outputs/subaction_38_P01_109_38/episode_01_left/frame_003654_left/projection_overlay_raw_vs_snapped.png,/Users/huhu/Documents/Code/bishe/vrb/vrbreproduction/outputs/e13_engineered_homography_100subaction/experiments/E13/pipeline_outputs/subaction_38_P01_109_38/episode_01_left/frame_003654_left/homography_matches.png,/Users/huhu/Documents/Code/bishe/vrb/vrbreproduction/outputs/e13_engineered_homography_100subaction/experiments/E13/pipeline_outputs/subaction_38_P01_109_38/episode_01_left/frame_003654_left/label_heatmap_merged.npy,/Users/huhu/Documents/Code/bishe/vrb/vrbreproduction/outputs/e13_engineered_homography_100subaction/experiments/E13/pipeline_outputs/subaction_38_P01_109_38/episode_01_left/frame_003654_left/label_heatmap_merged.png,/Users/huhu/Documents/Code/bishe/vrb/vrbreproduction/outputs/e13_engineered_homography_100subaction/experiments/E13/pipeline_outputs/subaction_38_P01_109_38/episode_01_left/frame_003654_left/label_heatmap_merged_overlay.png,/Users/huhu/Documents/Code/bishe/vrb/vrbreproduction/outputs/e13_engineered_homography_100subaction/experiments/E13/pipeline_outputs/subaction_38_P01_109_38/episode_01_left/frame_003654_left/vrb_style_affordance.png,"(256, 456)",True,/Users/huhu/Documents/Code/bishe/vrb/vrbreproduction/outputs/e13_engineered_homography_100subaction/experiments/E13/pipeline_outputs/subaction_38_P01_109_38/episode_01_left/frame_003654_left/diagnostics/problem3_ref_full_overlay.png,/Users/huhu/Documents/Code/bishe/vrb/vrbreproduction/outputs/e13_engineered_homography_100subaction/experiments/E13/pipeline_outputs/subaction_38_P01_109_38/episode_01_left/frame_003654_left/diagnostics/problem3_ref_crop.png,21.0,0.9357798165137615,102.0,109.0,0.5795071125030518,SIFT,,38:3654:left
E13,E13_engineered_homography_projection,new_contact_episode_early_frames,short_window_pre_contact_nearest_no_contact,38,P01_109_38,P01_109,move potatoes,move,potato,['potato'],3640,3706,3639,3705,1.0,3655.0,3656.0,left,keep,Cell4_label_heatmap,,,88,3653.0,3654.0,2.0,2.0,1.0,6,0.0,covariance,6.411559633027523,/Users/huhu/Documents/Code/bishe/vrb/vrbreproduction/outputs/e13_engineered_homography_100subaction/experiments/E13/pipeline_outputs/subaction_38_P01_109_38/episode_01_left/frame_003655_left,short_window_pre_contact,nearest_frame_before_new_contact_episode,False,False,False,False,False,False,False,False,"(152, 60, 302, 210)",0.20062222222222223,,0,{},,,,True,3654.0,3655.0,3695.0,1.0,3654.0,3632.0,3653.0,22.0,3632.0,3653.0,3632.0,3653.0,60.0,False,3632.0,3653.0,True,False,True,42.0,1,False,1.0,left,smoothed_contact_0_to_1,True,snapped_to_reference_object_mask,"(192.00000143051147, 116.0, 249.9999976158142, 155.0)",0.7160152196884155,0.8703044622148878,2.4195022583007812,"(194.3548583984375, 117.43460083007812, 251.54476928710938, 156.4304962158203)",,6.289837098980176,2.0,1.0,2.0,1.5184177160263062,"[0.0, 1.1152865886688232, 0.0, 1.5184177160263062, 1.293548583984375]","[[222.44986  117.79511 ]
 [227.89716  155.11053 ]
 [194.40327  123.463974]
 [250.50671  124.18816 ]
 [241.14844  155.285   ]]","[[222.44986  117.79511 ]
 [228.       154.      ]
 [194.40327  123.463974]
 [249.       124.      ]
 [241.       154.      ]]",False,record_only,new_contact_episode,new_contact_episode,P01_109_sub038_ep01_left,smoothed_contact_run_start_within_subaction,potato,['potato'],,,,,,,,42,1,3632.0,/Users/huhu/Documents/Code/bishe/vrb/vrbreproduction/outputs/e13_engineered_homography_100subaction/experiments/E13/pipeline_outputs/subaction_38_P01_109_38/episode_01_left/frame_003655_left/reference_frame.png,/Users/huhu/Documents/Code/bishe/vrb/vrbreproduction/outputs/e13_engineered_homography_100subaction/experiments/E13/pipeline_outputs/subaction_38_P01_109_38/episode_01_left/frame_003655_left/contact_frame.png,/Users/huhu/Documents/Code/bishe/vrb/vrbreproduction/outputs/e13_engineered_homography_100subaction/experiments/E13/pipeline_outputs/subaction_38_P01_109_38/episode_01_left/frame_003655_left/contact_overlay.png,/Users/huhu/Documents/Code/bishe/vrb/vrbreproduction/outputs/e13_engineered_homography_100subaction/experiments/E13/pipeline_outputs/subaction_38_P01_109_38/episode_01_left/frame_003655_left/projection_overlay_raw_vs_snapped.png,/Users/huhu/Documents/Code/bishe/vrb/vrbreproduction/outputs/e13_engineered_homography_100subaction/experiments/E13/pipeline_outputs/subaction_38_P01_109_38/episode_01_left/frame_003655_left/homography_matches.png,/Users/huhu/Documents/Code/bishe/vrb/vrbreproduction/outputs/e13_engineered_homography_100subaction/experiments/E13/pipeline_outputs/subaction_38_P01_109_38/episode_01_left/frame_003655_left/label_heatmap_merged.npy,/Users/huhu/Documents/Code/bishe/vrb/vrbreproduction/outputs/e13_engineered_homography_100subaction/experiments/E13/pipeline_outputs/subaction_38_P01_109_38/episode_01_left/frame_003655_left/label_heatmap_merged.png,/Users/huhu/Documents/Code/bishe/vrb/vrbreproduction/outputs/e13_engineered_homography_100subaction/experiments/E13/pipeline_outputs/subaction_38_P01_109_38/episode_01_left/frame_003655_left/label_heatmap_merged_overlay.png,/Users/huhu/Documents/Code/bishe/vrb/vrbreproduction/outputs/e13_engineered_homography_100subaction/experiments/E13/pipeline_outputs/subaction_38_P01_109_38/episode_01_left/frame_003655_left/vrb_style_affordance.png,"(256, 456)",True,/Users/huhu/Documents/Code/bishe/vrb/vrbreproduction/outputs/e13_engineered_homography_100subaction/experiments/E13/pipeline_outputs/subaction_38_P01_109_38/episode_01_left/frame_003655_left/diagnostics/problem3_ref_full_overlay.png,/Users/huhu/Documents/Code/bishe/vrb/vrbreproduction/outputs/e13_engineered_homography_100subaction/experiments/E13/pipeline_outputs/subaction_38_P01_109_38/episode_01_left/frame_003655_left/diagnostics/problem3_ref_crop.png,27.0,0.9357798165137615,102.0,109.0,0.5795071125030518,SIFT,,38:3655:left
E13,E13_engineered_homography_projection,new_contact_episode_early_frames,short_window_pre_contact_nearest_no_contact,38,P01_109_38,P01_109,move potatoes,move,potato,['potato'],3640,3706,3639,3705,2.0,3656.0,3657.0,left,keep,Cell4_label_heatmap,,,116,3653.0,3654.0,3.0,3.0,1.0,6,0.0,covariance,6.761559633027522,/Users/huhu/Documents/Code/bishe/vrb/vrbreproduction/outputs/e13_engineered_homography_100subaction/experiments/E13/pipeline_outputs/subaction_38_P01_109_38/episode_01_left/frame_003656_left,short_window_pre_contact,nearest_frame_before_new_contact_episode,False,False,False,False,False,False,False,False,"(144, 62, 294, 212)",0.20062222222222223,,0,{},,,,True,3654.0,3655.0,3695.0,2.0,3654.0,3632.0,3653.0,22.0,3632.0,3653.0,3632.0,3653.0,60.0,False,3632.0,3653.0,True,False,True,42.0,1,False,1.0,left,smoothed_contact_0_to_1,True,snapped_to_reference_object_mask,"(192.00000143051147, 116.0, 249.9999976158142, 155.0)",0.7160152196884155,0.9228629130807946,1.169561505317688,"(193.57830810546875, 117.76105499267578, 249.80752563476562, 155.12335205078125)",,2.184057990557694,5.0,1.0,5.0,0.0,"[0.0, 0.0, 0.0, 0.0, 0.0]","[[248.74928  123.797554]
 [194.58342  153.09473 ]
 [221.18304  118.26001 ]
 [238.7221   153.52379 ]
 [193.60799  136.08769 ]]","[[248.74928  123.797554]
 [194.58342  153.09473 ]
 [221.18304  118.26001 ]
 [238.7221   153.52379 ]
 [193.60799  136.08769 ]]",False,record_only,new_contact_episode,new_contact_episode,P01_109_sub038_ep01_left,smoothed_contact_run_start_within_subaction,potato,['potato'],,,,,,,,42,1,3632.0,/Users/huhu/Documents/Code/bishe/vrb/vrbreproduction/outputs/e13_engineered_homography_100subaction/experiments/E13/pipeline_outputs/subaction_38_P01_109_38/episode_01_left/frame_003656_left/reference_frame.png,/Users/huhu/Documents/Code/bishe/vrb/vrbreproduction/outputs/e13_engineered_homography_100subaction/experiments/E13/pipeline_outputs/subaction_38_P01_109_38/episode_01_left/frame_003656_left/contact_frame.png,/Users/huhu/Documents/Code/bishe/vrb/vrbreproduction/outputs/e13_engineered_homography_100subaction/experiments/E13/pipeline_outputs/subaction_38_P01_109_38/episode_01_left/frame_003656_left/contact_overlay.png,/Users/huhu/Documents/Code/bishe/vrb/vrbreproduction/outputs/e13_engineered_homography_100subaction/experiments/E13/pipeline_outputs/subaction_38_P01_109_38/episode_01_left/frame_003656_left/projection_overlay_raw_vs_snapped.png,/Users/huhu/Documents/Code/bishe/vrb/vrbreproduction/outputs/e13_engineered_homography_100subaction/experiments/E13/pipeline_outputs/subaction_38_P01_109_38/episode_01_left/frame_003656_left/homography_matches.png,/Users/huhu/Documents/Code/bishe/vrb/vrbreproduction/outputs/e13_engineered_homography_100subaction/experiments/E13/pipeline_outputs/subaction_38_P01_109_38/episode_01_left/frame_003656_left/label_heatmap_merged.npy,/Users/huhu/Documents/Code/bishe/vrb/vrbreproduction/outputs/e13_engineered_homography_100subaction/experiments/E13/pipeline_outputs/subaction_38_P01_109_38/episode_01_left/frame_003656_left/label_heatmap_merged.png,/Users/huhu/Documents/Code/bishe/vrb/vrbreproduction/outputs/e13_engineered_homography_100subaction/experiments/E13/pipeline_outputs/subaction_38_P01_109_38/episode_01_left/frame_003656_left/label_heatmap_merged_overlay.png,/Users/huhu/Documents/Code/bishe/vrb/vrbreproduction/outputs/e13_engineered_homography_100subaction/experiments/E13/pipeline_outputs/subaction_38_P01_109_38/episode_01_left/frame_003656_left/vrb_style_affordance.png,"(256, 456)",True,/Users/huhu/Documents/Code/bishe/vrb/vrbreproduction/outputs/e13_engineered_homography_100subaction/experiments/E13/pipeline_outputs/subaction_38_P01_109_38/episode_01_left/frame_003656_left/diagnostics/problem3_ref_full_overlay.png,/Users/huhu/Documents/Code/bishe/vrb/vrbreproduction/outputs/e13_engineered_homography_100subaction/experiments/E13/pipeline_outputs/subaction_38_P01_109_38/episode_01_left/frame_003656_left/diagnostics/problem3_ref_crop.png,33.0,0.9357798165137615,102.0,109.0,0.5795071125030518,SIFT,,38:3656:left
E13,E13_engineered_homography_projection,new_contact_episode_early_frames,short_window_pre_contact_nearest_no_contact,40,P01_109_40,P01_109,move pans,move,pan,['pan'],3826,4048,3825,4047,8.0,3855.0,3856.0,right,keep,Cell4_label_heatmap,,,98,3854.0,3855.0,1.0,1.0,1.0,6,0.0,covariance,4.95,/Users/huhu/Documents/Code/bishe/vrb/vrbreproduction/outputs/e13_engineered_homography_100subaction/experiments/E13/pipeline_outputs/subaction_40_P01_109_40/episode_04_right/frame_003855_right,short_window_pre_contact,nearest_frame_before_new_contact_episode,False,False,False,False,False,False,False,False,"(221, 0, 371, 150)",0.24782222222222222,,0,{},,,,True,3855.0,3856.0,3871.0,0.0,3855.0,3851.0,3854.0,4.0,3851.0,3854.0,3851.0,3854.0,60.0,False,3851.0,3854.0,True,True,True,17.0,9,True,4.0,right,smoothed_contact_0_to_1,True,snapped_to_reference_object_mask,"(273.9999876022339, 1.0, 314.9999942779541, 35.0)",0.708824634552002,0.7144611360032204,4.858447551727295,"(275.97735595703125, 0.7462636232376099, 321.2237243652344, 30.042131423950195)",,7.6495764360427625,1.0,1.0,1.0,6.222582817077637,"[6.165914058685303, 3.996391773223877, 0.0, 6.222582817077637, 6.182843208312988]","[[320.16122    2.759567]
 [276.00763   14.179233]
 [293.88123    0.864885]
 [281.75198   29.01736 ]
 [320.17725   10.263019]]","[[314.         3.      ]
 [280.        14.      ]
 [293.88123    0.864885]
 [277.        25.      ]
 [314.        10.      ]]",False,record_only,new_contact_episode,new_contact_episode,P01_109_sub040_ep04_right,smoothed_contact_run_start_within_subaction,pan,['pan'],,,,,,,,301,9,3851.0,/Users/huhu/Documents/Code/bishe/vrb/vrbreproduction/outputs/e13_engineered_homography_100subaction/experiments/E13/pipeline_outputs/subaction_40_P01_109_40/episode_04_right/frame_003855_right/reference_frame.png,/Users/huhu/Documents/Code/bishe/vrb/vrbreproduction/outputs/e13_engineered_homography_100subaction/experiments/E13/pipeline_outputs/subaction_40_P01_109_40/episode_04_right/frame_003855_right/contact_frame.png,/Users/huhu/Documents/Code/bishe/vrb/vrbreproduction/outputs/e13_engineered_homography_100subaction/experiments/E13/pipeline_outputs/subaction_40_P01_109_40/episode_04_right/frame_003855_right/contact_overlay.png,/Users/huhu/Documents/Code/bishe/vrb/vrbreproduction/outputs/e13_engineered_homography_100subaction/experiments/E13/pipeline_outputs/subaction_40_P01_109_40/episode_04_right/frame_003855_right/projection_overlay_raw_vs_snapped.png,/Users/huhu/Documents/Code/bishe/vrb/vrbreproduction/outputs/e13_engineered_homography_100subaction/experiments/E13/pipeline_outputs/subaction_40_P01_109_40/episode_04_right/frame_003855_right/homography_matches.png,/Users/huhu/Documents/Code/bishe/vrb/vrbreproduction/outputs/e13_engineered_homography_100subaction/experiments/E13/pipeline_outputs/subaction_40_P01_109_40/episode_04_right/frame_003855_right/label_heatmap_merged.npy,/Users/huhu/Documents/Code/bishe/vrb/vrbreproduction/outputs/e13_engineered_homography_100subaction/experiments/E13/pipeline_outputs/subaction_40_P01_109_40/episode_04_right/frame_003855_right/label_heatmap_merged.png,/Users/huhu/Documents/Code/bishe/vrb/vrbreproduction/outputs/e13_engineered_homography_100subaction/experiments/E13/pipeline_outputs/subaction_40_P01_109_40/episode_04_right/frame_003855_right/label_heatmap_merged_overlay.png,/Users/huhu/Documents/Code/bishe/vrb/vrbreproduction/outputs/e13_engineered_homography_100subaction/experiments/E13/pipeline_outputs/subaction_40_P01_109_40/episode_04_right/frame_003855_right/vrb_style_affordance.png,"(256, 456)",False,/Users/huhu/Documents/Code/bishe/vrb/vrbreproduction/outputs/e13_engineered_homography_100subaction/experiments/E13/pipeline_outputs/subaction_40_P01_109_40/episode_04_right/frame_003855_right/diagnostics/problem3_ref_full_overlay.png,/Users/huhu/Documents/Code/bishe/vrb/vrbreproduction/outputs/e13_engineered_homography_100subaction/experiments/E13/pipeline_outputs/subaction_40_P01_109_40/episode_04_right/frame_003855_right/diagnostics/problem3_ref_crop.png,9.0,0.0,0.0,0.0,0.5181553959846497,SIFT,insufficient_features_orb,40:3855:right
E13,E13_engineered_homography_projection,new_contact_episode_early_frames,short_window_pre_contact_nearest_no_contact,44,P01_109_43,P01_109,pick up pan,pick-up,pan,['pan'],4330,4386,4329,4385,0.0,4380.0,4381.0,right,keep,Cell4_label_heatmap,,,127,4379.0,4380.0,1.0,1.0,1.0,6,0.0,covariance,7.336451612903226,/Users/huhu/Documents/Code/bishe/vrb/vrbreproduction/outputs/e13_engineered_homography_100subaction/experiments/E13/pipeline_outputs/subaction_44_P01_109_43/episode_01_right/frame_004380_right,short_window_pre_contact,nearest_frame_before_new_contact_episode,False,False,False,False,False,False,False,False,"(284, 106, 434, 256)",0.058888888888888886,,0,{},,,,True,4380.0,4381.0,4429.0,0.0,4380.0,4355.0,4379.0,25.0,4355.0,4379.0,4355.0,4379.0,60.0,False,4355.0,4379.0,True,True,True,50.0,2,True,1.0,right,smoothed_contact_0_to_1,True,snapped_to_reference_object_mask,"(195.99999976158142, 53.0, 371.9999942779541, 248.0)",0.999002993106842,0.7944845223997627,15.731794357299805,"(208.40809631347656, 35.9912109375, 385.0918884277344, 246.57765197753906)",,112.20690513525305,2.0,1.0,2.0,14.099663734436035,"[10.717384338378906, 0.0, 14.099663734436035, 9.223113059997559, 0.0]","[[369.04587 220.25243]
 [359.25302 241.79533]
 [362.34085 207.62231]
 [376.78534 236.05487]
 [353.9842  238.73227]]","[[360.      226.     ]
 [359.25302 241.79533]
 [351.      216.     ]
 [369.      241.     ]
 [353.9842  238.73227]]",False,record_only,new_contact_episode,new_contact_episode,P01_109_sub044_ep01_right,smoothed_contact_run_start_within_subaction,pan,['pan'],,,,,,,,36,2,4355.0,/Users/huhu/Documents/Code/bishe/vrb/vrbreproduction/outputs/e13_engineered_homography_100subaction/experiments/E13/pipeline_outputs/subaction_44_P01_109_43/episode_01_right/frame_004380_right/reference_frame.png,/Users/huhu/Documents/Code/bishe/vrb/vrbreproduction/outputs/e13_engineered_homography_100subaction/experiments/E13/pipeline_outputs/subaction_44_P01_109_43/episode_01_right/frame_004380_right/contact_frame.png,/Users/huhu/Documents/Code/bishe/vrb/vrbreproduction/outputs/e13_engineered_homography_100subaction/experiments/E13/pipeline_outputs/subaction_44_P01_109_43/episode_01_right/frame_004380_right/contact_overlay.png,/Users/huhu/Documents/Code/bishe/vrb/vrbreproduction/outputs/e13_engineered_homography_100subaction/experiments/E13/pipeline_outputs/subaction_44_P01_109_43/episode_01_right/frame_004380_right/projection_overlay_raw_vs_snapped.png,/Users/huhu/Documents/Code/bishe/vrb/vrbreproduction/outputs/e13_engineered_homography_100subaction/experiments/E13/pipeline_outputs/subaction_44_P01_109_43/episode_01_right/frame_004380_right/homography_matches.png,/Users/huhu/Documents/Code/bishe/vrb/vrbreproduction/outputs/e13_engineered_homography_100subaction/experiments/E13/pipeline_outputs/subaction_44_P01_109_43/episode_01_right/frame_004380_right/label_heatmap_merged.npy,/Users/huhu/Documents/Code/bishe/vrb/vrbreproduction/outputs/e13_engineered_homography_100subaction/experiments/E13/pipeline_outputs/subaction_44_P01_109_43/episode_01_right/frame_004380_right/label_heatmap_merged.png,/Users/huhu/Documents/Code/bishe/vrb/vrbreproduction/outputs/e13_engineered_homography_100subaction/experiments/E13/pipeline_outputs/subaction_44_P01_109_43/episode_01_right/frame_004380_right/label_heatmap_merged_overlay.png,/Users/huhu/Documents/Code/bishe/vrb/vrbreproduction/outputs/e13_engineered_homography_100subaction/experiments/E13/pipeline_outputs/subaction_44_P01_109_43/episode_01_right/frame_004380_right/vrb_style_affordance.png,"(256, 456)",True,/Users/huhu/Documents/Code/bishe/vrb/vrbreproduction/outputs/e13_engineered_homography_100subaction/experiments/E13/pipeline_outputs/subaction_44_P01_109_43/episode_01_right/frame_004380_right/diagnostics/problem3_ref_full_overlay.png,/Users/huhu/Documents/Code/bishe/vrb/vrbreproduction/outputs/e13_engineered_homography_100subaction/experiments/E13/pipeline_outputs/subaction_44_P01_109_43/episode_01_right/frame_004380_right/diagnostics/problem3_ref_crop.png,21.0,0.9032258064516129,28.0,31.0,0.6411957740783691,SIFT,,44:4380:right
E13,E13_engineered_homography_projection,new_contact_episode_early_frames,short_window_pre_contact_nearest_no_contact,45,P01_109_45,P01_109,put down pan,put-down,pan,['pan'],4379,4432,4378,4431,0.0,4380.0,4381.0,right,keep,Cell4_label_heatmap,,,127,4379.0,4380.0,1.0,1.0,1.0,6,0.0,covariance,7.336451612903226,/Users/huhu/Documents/Code/bishe/vrb/vrbreproduction/outputs/e13_engineered_homography_100subaction/experiments/E13/pipeline_outputs/subaction_45_P01_109_45/episode_01_right/frame_004380_right,short_window_pre_contact,nearest_frame_before_new_contact_episode,False,False,False,False,False,False,False,False,"(284, 106, 434, 256)",0.058888888888888886,,0,{},,,,True,4380.0,4381.0,4429.0,0.0,4380.0,4355.0,4379.0,25.0,4355.0,4379.0,4355.0,4379.0,60.0,False,4355.0,4379.0,True,True,True,50.0,3,True,1.0,right,smoothed_contact_0_to_1,True,snapped_to_reference_object_mask,"(195.99999976158142, 53.0, 371.9999942779541, 248.0)",0.999002993106842,0.7944845223997627,15.731794357299805,"(208.40809631347656, 35.9912109375, 385.0918884277344, 246.57765197753906)",,112.20690513525305,2.0,1.0,2.0,14.099663734436035,"[10.717384338378906, 0.0, 14.099663734436035, 9.223113059997559, 0.0]","[[369.04587 220.25243]
 [359.25302 241.79533]
 [362.34085 207.62231]
 [376.78534 236.05487]
 [353.9842  238.73227]]","[[360.      226.     ]
 [359.25302 241.79533]
 [351.      216.     ]
 [369.      241.     ]
 [353.9842  238.73227]]",False,record_only,new_contact_episode,new_contact_episode,P01_109_sub045_ep01_right,smoothed_contact_run_start_within_subaction,pan,['pan'],,,,,,,,56,3,4355.0,/Users/huhu/Documents/Code/bishe/vrb/vrbreproduction/outputs/e13_engineered_homography_100subaction/experiments/E13/pipeline_outputs/subaction_45_P01_109_45/episode_01_right/frame_004380_right/reference_frame.png,/Users/huhu/Documents/Code/bishe/vrb/vrbreproduction/outputs/e13_engineered_homography_100subaction/experiments/E13/pipeline_outputs/subaction_45_P01_109_45/episode_01_right/frame_004380_right/contact_frame.png,/Users/huhu/Documents/Code/bishe/vrb/vrbreproduction/outputs/e13_engineered_homography_100subaction/experiments/E13/pipeline_outputs/subaction_45_P01_109_45/episode_01_right/frame_004380_right/contact_overlay.png,/Users/huhu/Documents/Code/bishe/vrb/vrbreproduction/outputs/e13_engineered_homography_100subaction/experiments/E13/pipeline_outputs/subaction_45_P01_109_45/episode_01_right/frame_004380_right/projection_overlay_raw_vs_snapped.png,/Users/huhu/Documents/Code/bishe/vrb/vrbreproduction/outputs/e13_engineered_homography_100subaction/experiments/E13/pipeline_outputs/subaction_45_P01_109_45/episode_01_right/frame_004380_right/homography_matches.png,/Users/huhu/Documents/Code/bishe/vrb/vrbreproduction/outputs/e13_engineered_homography_100subaction/experiments/E13/pipeline_outputs/subaction_45_P01_109_45/episode_01_right/frame_004380_right/label_heatmap_merged.npy,/Users/huhu/Documents/Code/bishe/vrb/vrbreproduction/outputs/e13_engineered_homography_100subaction/experiments/E13/pipeline_outputs/subaction_45_P01_109_45/episode_01_right/frame_004380_right/label_heatmap_merged.png,/Users/huhu/Documents/Code/bishe/vrb/vrbreproduction/outputs/e13_engineered_homography_100subaction/experiments/E13/pipeline_outputs/subaction_45_P01_109_45/episode_01_right/frame_004380_right/label_heatmap_merged_overlay.png,/Users/huhu/Documents/Code/bishe/vrb/vrbreproduction/outputs/e13_engineered_homography_100subaction/experiments/E13/pipeline_outputs/subaction_45_P01_109_45/episode_01_right/frame_004380_right/vrb_style_affordance.png,"(256, 456)",True,/Users/huhu/Documents/Code/bishe/vrb/vrbreproduction/outputs/e13_engineered_homography_100subaction/experiments/E13/pipeline_outputs/subaction_45_P01_109_45/episode_01_right/frame_004380_right/diagnostics/problem3_ref_full_overlay.png,/Users/huhu/Documents/Code/bishe/vrb/vrbreproduction/outputs/e13_engineered_homography_100subaction/experiments/E13/pipeline_outputs/subaction_45_P01_109_45/episode_01_right/frame_004380_right/diagnostics/problem3_ref_crop.png,21.0,0.9032258064516129,28.0,31.0,0.6411957740783691,SIFT,,45:4380:right
E13,E13_engineered_homography_projection,new_contact_episode_early_frames,short_window_pre_contact_nearest_no_contact,47,P01_109_47,P01_109,close cupboard,close,cupboard,['cupboard'],4621,4664,4620,4663,0.0,4648.0,4649.0,left,keep,Cell4_label_heatmap,,,65,4647.0,4648.0,1.0,1.0,1.0,6,0.0,covariance,6.131269841269841,/Users/huhu/Documents/Code/bishe/vrb/vrbreproduction/outputs/e13_engineered_homography_100subaction/experiments/E13/pipeline_outputs/subaction_47_P01_109_47/episode_01_left/frame_004648_left,short_window_pre_contact,nearest_frame_before_new_contact_episode,False,False,False,False,False,False,False,False,"(90, 106, 240, 256)",0.06755555555555555,,0,{},,,,True,4648.0,4649.0,4658.0,0.0,4648.0,4629.0,4647.0,19.0,4629.0,4647.0,4629.0,4647.0,60.0,False,4629.0,4647.0,True,True,True,11.0,3,True,1.0,left,smoothed_contact_0_to_1,True,snapped_to_reference_object_mask,"(10.999999657273293, 140.0, 180.00000643730164, 203.0)",0.8171475529670715,0.9181124098975092,5.520506381988525,"(15.590996742248535, 140.94644165039062, 186.43551635742188, 202.61907958984375)",,70.27041194295687,4.0,1.0,4.0,1.4846595525741577,"[0.0, 1.4846595525741577, 0.0, 0.0, 0.0]","[[165.57503 182.71793]
 [179.32307 183.44908]
 [155.77896 181.73482]
 [172.20714 185.93466]
 [151.64236 178.6256 ]]","[[165.57503 182.71793]
 [179.      182.     ]
 [155.77896 181.73482]
 [172.20714 185.93466]
 [151.64236 178.6256 ]]",True,record_only,new_contact_episode,new_contact_episode,P01_109_sub047_ep01_left,smoothed_contact_run_start_within_subaction,cupboard,['cupboard'],,,,,,,,26,3,4629.0,/Users/huhu/Documents/Code/bishe/vrb/vrbreproduction/outputs/e13_engineered_homography_100subaction/experiments/E13/pipeline_outputs/subaction_47_P01_109_47/episode_01_left/frame_004648_left/reference_frame.png,/Users/huhu/Documents/Code/bishe/vrb/vrbreproduction/outputs/e13_engineered_homography_100subaction/experiments/E13/pipeline_outputs/subaction_47_P01_109_47/episode_01_left/frame_004648_left/contact_frame.png,/Users/huhu/Documents/Code/bishe/vrb/vrbreproduction/outputs/e13_engineered_homography_100subaction/experiments/E13/pipeline_outputs/subaction_47_P01_109_47/episode_01_left/frame_004648_left/contact_overlay.png,/Users/huhu/Documents/Code/bishe/vrb/vrbreproduction/outputs/e13_engineered_homography_100subaction/experiments/E13/pipeline_outputs/subaction_47_P01_109_47/episode_01_left/frame_004648_left/projection_overlay_raw_vs_snapped.png,/Users/huhu/Documents/Code/bishe/vrb/vrbreproduction/outputs/e13_engineered_homography_100subaction/experiments/E13/pipeline_outputs/subaction_47_P01_109_47/episode_01_left/frame_004648_left/homography_matches.png,/Users/huhu/Documents/Code/bishe/vrb/vrbreproduction/outputs/e13_engineered_homography_100subaction/experiments/E13/pipeline_outputs/subaction_47_P01_109_47/episode_01_left/frame_004648_left/label_heatmap_merged.npy,/Users/huhu/Documents/Code/bishe/vrb/vrbreproduction/outputs/e13_engineered_homography_100subaction/experiments/E13/pipeline_outputs/subaction_47_P01_109_47/episode_01_left/frame_004648_left/label_heatmap_merged.png,/Users/huhu/Documents/Code/bishe/vrb/vrbreproduction/outputs/e13_engineered_homography_100subaction/experiments/E13/pipeline_outputs/subaction_47_P01_109_47/episode_01_left/frame_004648_left/label_heatmap_merged_overlay.png,/Users/huhu/Documents/Code/bishe/vrb/vrbreproduction/outputs/e13_engineered_homography_100subaction/experiments/E13/pipeline_outputs/subaction_47_P01_109_47/episode_01_left/frame_004648_left/vrb_style_affordance.png,"(256, 456)",True,/Users/huhu/Documents/Code/bishe/vrb/vrbreproduction/outputs/e13_engineered_homography_100subaction/experiments/E13/pipeline_outputs/subaction_47_P01_109_47/episode_01_left/frame_004648_left/diagnostics/problem3_ref_full_overlay.png,/Users/huhu/Documents/Code/bishe/vrb/vrbreproduction/outputs/e13_engineered_homography_100subaction/experiments/E13/pipeline_outputs/subaction_47_P01_109_47/episode_01_left/frame_004648_left/diagnostics/problem3_ref_crop.png,21.0,0.9206349206349206,116.0,121.0,0.6040621995925903,SIFT,,47:4648:left
E13,E13_engineered_homography_projection,new_contact_episode_early_frames,short_window_pre_contact_nearest_no_contact,47,P01_109_47,P01_109,close cupboard,close,cupboard,['cupboard'],4621,4664,4620,4663,1.0,4649.0,4650.0,left,keep,Cell4_label_heatmap,,,88,4647.0,4648.0,2.0,2.0,1.0,6,0.0,covariance,6.381269841269842,/Users/huhu/Documents/Code/bishe/vrb/vrbreproduction/outputs/e13_engineered_homography_100subaction/experiments/E13/pipeline_outputs/subaction_47_P01_109_47/episode_01_left/frame_004649_left,short_window_pre_contact,nearest_frame_before_new_contact_episode,False,False,False,False,False,False,False,False,"(87, 106, 237, 256)",0.06755555555555555,,0,{},,,,True,4648.0,4649.0,4658.0,1.0,4648.0,4629.0,4647.0,19.0,4629.0,4647.0,4629.0,4647.0,60.0,False,4629.0,4647.0,True,False,True,11.0,3,False,1.0,left,smoothed_contact_0_to_1,True,snapped_to_reference_object_mask,"(10.999999657273293, 140.0, 180.00000643730164, 203.0)",0.8171475529670715,0.7851310345097251,6.3402628898620605,"(6.596938610076904, 142.66519165039062, 192.48228454589844, 210.10833740234375)",,67.32457832384335,2.0,1.0,2.0,11.597028732299805,"[1.8794090747833252, 11.597028732299805, 0.0, 0.0, 2.6638271808624268]","[[180.16557 183.47432]
 [150.169   192.94598]
 [157.6078  179.6741 ]
 [169.31346 179.67148]
 [151.1218  183.66104]]","[[179.      182.     ]
 [154.      182.     ]
 [157.6078  179.6741 ]
 [169.31346 179.67148]
 [151.      181.     ]]",True,record_only,new_contact_episode,new_contact_episode,P01_109_sub047_ep01_left,smoothed_contact_run_start_within_subaction,cupboard,['cupboard'],,,,,,,,26,3,4629.0,/Users/huhu/Documents/Code/bishe/vrb/vrbreproduction/outputs/e13_engineered_homography_100subaction/experiments/E13/pipeline_outputs/subaction_47_P01_109_47/episode_01_left/frame_004649_left/reference_frame.png,/Users/huhu/Documents/Code/bishe/vrb/vrbreproduction/outputs/e13_engineered_homography_100subaction/experiments/E13/pipeline_outputs/subaction_47_P01_109_47/episode_01_left/frame_004649_left/contact_frame.png,/Users/huhu/Documents/Code/bishe/vrb/vrbreproduction/outputs/e13_engineered_homography_100subaction/experiments/E13/pipeline_outputs/subaction_47_P01_109_47/episode_01_left/frame_004649_left/contact_overlay.png,/Users/huhu/Documents/Code/bishe/vrb/vrbreproduction/outputs/e13_engineered_homography_100subaction/experiments/E13/pipeline_outputs/subaction_47_P01_109_47/episode_01_left/frame_004649_left/projection_overlay_raw_vs_snapped.png,/Users/huhu/Documents/Code/bishe/vrb/vrbreproduction/outputs/e13_engineered_homography_100subaction/experiments/E13/pipeline_outputs/subaction_47_P01_109_47/episode_01_left/frame_004649_left/homography_matches.png,/Users/huhu/Documents/Code/bishe/vrb/vrbreproduction/outputs/e13_engineered_homography_100subaction/experiments/E13/pipeline_outputs/subaction_47_P01_109_47/episode_01_left/frame_004649_left/label_heatmap_merged.npy,/Users/huhu/Documents/Code/bishe/vrb/vrbreproduction/outputs/e13_engineered_homography_100subaction/experiments/E13/pipeline_outputs/subaction_47_P01_109_47/episode_01_left/frame_004649_left/label_heatmap_merged.png,/Users/huhu/Documents/Code/bishe/vrb/vrbreproduction/outputs/e13_engineered_homography_100subaction/experiments/E13/pipeline_outputs/subaction_47_P01_109_47/episode_01_left/frame_004649_left/label_heatmap_merged_overlay.png,/Users/huhu/Documents/Code/bishe/vrb/vrbreproduction/outputs/e13_engineered_homography_100subaction/experiments/E13/pipeline_outputs/subaction_47_P01_109_47/episode_01_left/frame_004649_left/vrb_style_affordance.png,"(256, 456)",True,/Users/huhu/Documents/Code/bishe/vrb/vrbreproduction/outputs/e13_engineered_homography_100subaction/experiments/E13/pipeline_outputs/subaction_47_P01_109_47/episode_01_left/frame_004649_left/diagnostics/problem3_ref_full_overlay.png,/Users/huhu/Documents/Code/bishe/vrb/vrbreproduction/outputs/e13_engineered_homography_100subaction/experiments/E13/pipeline_outputs/subaction_47_P01_109_47/episode_01_left/frame_004649_left/diagnostics/problem3_ref_crop.png,27.0,0.9206349206349206,116.0,121.0,0.6040621995925903,SIFT,,47:4649:left
E13,E13_engineered_homography_projection,new_contact_episode_early_frames,short_window_pre_contact_nearest_no_contact,47,P01_109_47,P01_109,close cupboard,close,cupboard,['cupboard'],4621,4664,4620,4663,6.0,4661.0,4662.0,right,keep,Cell4_label_heatmap,,,112,4660.0,4661.0,1.0,1.0,1.0,6,0.0,covariance,7.1146153846153855,/Users/huhu/Documents/Code/bishe/vrb/vrbreproduction/outputs/e13_engineered_homography_100subaction/experiments/E13/pipeline_outputs/subaction_47_P01_109_47/episode_03_right/frame_004661_right,short_window_pre_contact,nearest_frame_before_new_contact_episode,False,False,False,False,False,False,False,False,"(290, 106, 440, 256)",0.0276,,0,{},,,,True,4661.0,4662.0,4714.0,0.0,4661.0,4659.0,4660.0,2.0,4659.0,4660.0,4659.0,4660.0,60.0,False,4659.0,4660.0,True,True,True,54.0,3,True,3.0,right,smoothed_contact_0_to_1,True,snapped_to_reference_object_mask,"(269.0000066757202, 130.0, 451.99998807907104, 250.0)",0.9326748251914978,0.8465835961435413,7.952460765838623,"(270.8861999511719, 126.75232696533203, 436.5199890136719, 244.99085998535156)",,44.06070318862619,5.0,1.0,5.0,0.0,"[0.0, 0.0, 0.0, 0.0, 0.0]","[[349.16113 227.53546]
 [367.2521  240.69801]
 [361.1541  223.76671]
 [383.68536 243.75691]
 [364.74295 233.28993]]","[[349.16113 227.53546]
 [367.2521  240.69801]
 [361.1541  223.76671]
 [383.68536 243.75691]
 [364.74295 233.28993]]",True,record_only,new_contact_episode,new_contact_episode,P01_109_sub047_ep03_right,smoothed_contact_run_start_within_subaction,cupboard,['cupboard'],,,,,,,,26,3,4659.0,/Users/huhu/Documents/Code/bishe/vrb/vrbreproduction/outputs/e13_engineered_homography_100subaction/experiments/E13/pipeline_outputs/subaction_47_P01_109_47/episode_03_right/frame_004661_right/reference_frame.png,/Users/huhu/Documents/Code/bishe/vrb/vrbreproduction/outputs/e13_engineered_homography_100subaction/experiments/E13/pipeline_outputs/subaction_47_P01_109_47/episode_03_right/frame_004661_right/contact_frame.png,/Users/huhu/Documents/Code/bishe/vrb/vrbreproduction/outputs/e13_engineered_homography_100subaction/experiments/E13/pipeline_outputs/subaction_47_P01_109_47/episode_03_right/frame_004661_right/contact_overlay.png,/Users/huhu/Documents/Code/bishe/vrb/vrbreproduction/outputs/e13_engineered_homography_100subaction/experiments/E13/pipeline_outputs/subaction_47_P01_109_47/episode_03_right/frame_004661_right/projection_overlay_raw_vs_snapped.png,/Users/huhu/Documents/Code/bishe/vrb/vrbreproduction/outputs/e13_engineered_homography_100subaction/experiments/E13/pipeline_outputs/subaction_47_P01_109_47/episode_03_right/frame_004661_right/homography_matches.png,/Users/huhu/Documents/Code/bishe/vrb/vrbreproduction/outputs/e13_engineered_homography_100subaction/experiments/E13/pipeline_outputs/subaction_47_P01_109_47/episode_03_right/frame_004661_right/label_heatmap_merged.npy,/Users/huhu/Documents/Code/bishe/vrb/vrbreproduction/outputs/e13_engineered_homography_100subaction/experiments/E13/pipeline_outputs/subaction_47_P01_109_47/episode_03_right/frame_004661_right/label_heatmap_merged.png,/Users/huhu/Documents/Code/bishe/vrb/vrbreproduction/outputs/e13_engineered_homography_100subaction/experiments/E13/pipeline_outputs/subaction_47_P01_109_47/episode_03_right/frame_004661_right/label_heatmap_merged_overlay.png,/Users/huhu/Documents/Code/bishe/vrb/vrbreproduction/outputs/e13_engineered_homography_100subaction/experiments/E13/pipeline_outputs/subaction_47_P01_109_47/episode_03_right/frame_004661_right/vrb_style_affordance.png,"(256, 456)",True,/Users/huhu/Documents/Code/bishe/vrb/vrbreproduction/outputs/e13_engineered_homography_100subaction/experiments/E13/pipeline_outputs/subaction_47_P01_109_47/episode_03_right/frame_004661_right/diagnostics/problem3_ref_full_overlay.png,/Users/huhu/Documents/Code/bishe/vrb/vrbreproduction/outputs/e13_engineered_homography_100subaction/experiments/E13/pipeline_outputs/subaction_47_P01_109_47/episode_03_right/frame_004661_right/diagnostics/problem3_ref_crop.png,21.0,0.9423076923076923,93.0,95.0,0.5191428661346436,SIFT,,47:4661:right
E13,E13_engineered_homography_projection,new_contact_episode_early_frames,short_window_pre_contact_nearest_no_contact,47,P01_109_47,P01_109,close cupboard,close,cupboard,['cupboard'],4621,4664,4620,4663,7.0,4662.0,4663.0,right,keep,Cell4_label_heatmap,,,129,4660.0,4661.0,2.0,2.0,1.0,6,0.0,covariance,7.244615384615385,/Users/huhu/Documents/Code/bishe/vrb/vrbreproduction/outputs/e13_engineered_homography_100subaction/experiments/E13/pipeline_outputs/subaction_47_P01_109_47/episode_03_right/frame_004662_right,short_window_pre_contact,nearest_frame_before_new_contact_episode,False,False,False,False,False,False,False,False,"(282, 106, 432, 256)",0.0276,,0,{},,,,True,4661.0,4662.0,4714.0,1.0,4661.0,4659.0,4660.0,2.0,4659.0,4660.0,4659.0,4660.0,60.0,False,4659.0,4660.0,True,False,True,54.0,3,False,3.0,right,smoothed_contact_0_to_1,True,snapped_to_reference_object_mask,"(269.0000066757202, 130.0, 451.99998807907104, 250.0)",0.9326748251914978,0.7606480273287838,15.81386947631836,"(261.7701110839844, 116.8381118774414, 432.19854736328125, 246.7418212890625)",,44.346367123080434,5.0,1.0,5.0,0.0,"[0.0, 0.0, 0.0, 0.0, 0.0]","[[359.118   229.70763]
 [376.03696 239.38066]
 [358.45966 218.23442]
 [328.1804  244.03716]
 [363.03455 239.66675]]","[[359.118   229.70763]
 [376.03696 239.38066]
 [358.45966 218.23442]
 [328.1804  244.03716]
 [363.03455 239.66675]]",True,record_only,new_contact_episode,new_contact_episode,P01_109_sub047_ep03_right,smoothed_contact_run_start_within_subaction,cupboard,['cupboard'],,,,,,,,26,3,4659.0,/Users/huhu/Documents/Code/bishe/vrb/vrbreproduction/outputs/e13_engineered_homography_100subaction/experiments/E13/pipeline_outputs/subaction_47_P01_109_47/episode_03_right/frame_004662_right/reference_frame.png,/Users/huhu/Documents/Code/bishe/vrb/vrbreproduction/outputs/e13_engineered_homography_100subaction/experiments/E13/pipeline_outputs/subaction_47_P01_109_47/episode_03_right/frame_004662_right/contact_frame.png,/Users/huhu/Documents/Code/bishe/vrb/vrbreproduction/outputs/e13_engineered_homography_100subaction/experiments/E13/pipeline_outputs/subaction_47_P01_109_47/episode_03_right/frame_004662_right/contact_overlay.png,/Users/huhu/Documents/Code/bishe/vrb/vrbreproduction/outputs/e13_engineered_homography_100subaction/experiments/E13/pipeline_outputs/subaction_47_P01_109_47/episode_03_right/frame_004662_right/projection_overlay_raw_vs_snapped.png,/Users/huhu/Documents/Code/bishe/vrb/vrbreproduction/outputs/e13_engineered_homography_100subaction/experiments/E13/pipeline_outputs/subaction_47_P01_109_47/episode_03_right/frame_004662_right/homography_matches.png,/Users/huhu/Documents/Code/bishe/vrb/vrbreproduction/outputs/e13_engineered_homography_100subaction/experiments/E13/pipeline_outputs/subaction_47_P01_109_47/episode_03_right/frame_004662_right/label_heatmap_merged.npy,/Users/huhu/Documents/Code/bishe/vrb/vrbreproduction/outputs/e13_engineered_homography_100subaction/experiments/E13/pipeline_outputs/subaction_47_P01_109_47/episode_03_right/frame_004662_right/label_heatmap_merged.png,/Users/huhu/Documents/Code/bishe/vrb/vrbreproduction/outputs/e13_engineered_homography_100subaction/experiments/E13/pipeline_outputs/subaction_47_P01_109_47/episode_03_right/frame_004662_right/label_heatmap_merged_overlay.png,/Users/huhu/Documents/Code/bishe/vrb/vrbreproduction/outputs/e13_engineered_homography_100subaction/experiments/E13/pipeline_outputs/subaction_47_P01_109_47/episode_03_right/frame_004662_right/vrb_style_affordance.png,"(256, 456)",True,/Users/huhu/Documents/Code/bishe/vrb/vrbreproduction/outputs/e13_engineered_homography_100subaction/experiments/E13/pipeline_outputs/subaction_47_P01_109_47/episode_03_right/frame_004662_right/diagnostics/problem3_ref_full_overlay.png,/Users/huhu/Documents/Code/bishe/vrb/vrbreproduction/outputs/e13_engineered_homography_100subaction/experiments/E13/pipeline_outputs/subaction_47_P01_109_47/episode_03_right/frame_004662_right/diagnostics/problem3_ref_crop.png,27.0,0.9423076923076923,93.0,95.0,0.5191428661346436,SIFT,,47:4662:right
E13,E13_engineered_homography_projection,new_contact_episode_early_frames,short_window_pre_contact_nearest_no_contact,47,P01_109_47,P01_109,close cupboard,close,cupboard,['cupboard'],4621,4664,4620,4663,8.0,4663.0,4664.0,right,keep,Cell4_label_heatmap,,,168,4660.0,4661.0,3.0,3.0,1.0,6,0.0,covariance,7.814615384615385,/Users/huhu/Documents/Code/bishe/vrb/vrbreproduction/outputs/e13_engineered_homography_100subaction/experiments/E13/pipeline_outputs/subaction_47_P01_109_47/episode_03_right/frame_004663_right,short_window_pre_contact,nearest_frame_before_new_contact_episode,False,False,False,False,False,False,False,False,"(278, 106, 428, 256)",0.0276,,0,{},,,,True,4661.0,4662.0,4714.0,2.0,4661.0,4659.0,4660.0,2.0,4659.0,4660.0,4659.0,4660.0,60.0,False,4659.0,4660.0,True,False,True,54.0,3,False,3.0,right,smoothed_contact_0_to_1,True,snapped_to_reference_object_mask,"(269.0000066757202, 130.0, 451.99998807907104, 250.0)",0.9326748251914978,0.6764539202789618,23.77309226989746,"(252.3967742919922, 112.63910675048828, 426.2811584472656, 245.69337463378906)",,35.8278632965481,5.0,1.0,5.0,0.0,"[0.0, 0.0, 0.0, 0.0, 0.0]","[[357.73138 217.23727]
 [326.35144 233.34926]
 [348.0646  212.49509]
 [372.8638  232.56961]
 [361.00363 229.73332]]","[[357.73138 217.23727]
 [326.35144 233.34926]
 [348.0646  212.49509]
 [372.8638  232.56961]
 [361.00363 229.73332]]",True,record_only,new_contact_episode,new_contact_episode,P01_109_sub047_ep03_right,smoothed_contact_run_start_within_subaction,cupboard,['cupboard'],,,,,,,,26,3,4659.0,/Users/huhu/Documents/Code/bishe/vrb/vrbreproduction/outputs/e13_engineered_homography_100subaction/experiments/E13/pipeline_outputs/subaction_47_P01_109_47/episode_03_right/frame_004663_right/reference_frame.png,/Users/huhu/Documents/Code/bishe/vrb/vrbreproduction/outputs/e13_engineered_homography_100subaction/experiments/E13/pipeline_outputs/subaction_47_P01_109_47/episode_03_right/frame_004663_right/contact_frame.png,/Users/huhu/Documents/Code/bishe/vrb/vrbreproduction/outputs/e13_engineered_homography_100subaction/experiments/E13/pipeline_outputs/subaction_47_P01_109_47/episode_03_right/frame_004663_right/contact_overlay.png,/Users/huhu/Documents/Code/bishe/vrb/vrbreproduction/outputs/e13_engineered_homography_100subaction/experiments/E13/pipeline_outputs/subaction_47_P01_109_47/episode_03_right/frame_004663_right/projection_overlay_raw_vs_snapped.png,/Users/huhu/Documents/Code/bishe/vrb/vrbreproduction/outputs/e13_engineered_homography_100subaction/experiments/E13/pipeline_outputs/subaction_47_P01_109_47/episode_03_right/frame_004663_right/homography_matches.png,/Users/huhu/Documents/Code/bishe/vrb/vrbreproduction/outputs/e13_engineered_homography_100subaction/experiments/E13/pipeline_outputs/subaction_47_P01_109_47/episode_03_right/frame_004663_right/label_heatmap_merged.npy,/Users/huhu/Documents/Code/bishe/vrb/vrbreproduction/outputs/e13_engineered_homography_100subaction/experiments/E13/pipeline_outputs/subaction_47_P01_109_47/episode_03_right/frame_004663_right/label_heatmap_merged.png,/Users/huhu/Documents/Code/bishe/vrb/vrbreproduction/outputs/e13_engineered_homography_100subaction/experiments/E13/pipeline_outputs/subaction_47_P01_109_47/episode_03_right/frame_004663_right/label_heatmap_merged_overlay.png,/Users/huhu/Documents/Code/bishe/vrb/vrbreproduction/outputs/e13_engineered_homography_100subaction/experiments/E13/pipeline_outputs/subaction_47_P01_109_47/episode_03_right/frame_004663_right/vrb_style_affordance.png,"(256, 456)",True,/Users/huhu/Documents/Code/bishe/vrb/vrbreproduction/outputs/e13_engineered_homography_100subaction/experiments/E13/pipeline_outputs/subaction_47_P01_109_47/episode_03_right/frame_004663_right/diagnostics/problem3_ref_full_overlay.png,/Users/huhu/Documents/Code/bishe/vrb/vrbreproduction/outputs/e13_engineered_homography_100subaction/experiments/E13/pipeline_outputs/subaction_47_P01_109_47/episode_03_right/frame_004663_right/diagnostics/problem3_ref_crop.png,33.0,0.9423076923076923,93.0,95.0,0.5191428661346436,SIFT,,47:4663:right
E13,E13_engineered_homography_projection,new_contact_episode_early_frames,short_window_pre_contact_nearest_no_contact,67,P01_109_67,P01_109,put down knife,put-down,knife,['knife'],10237,10267,10236,10266,0.0,10261.0,10262.0,right,keep,Cell4_label_heatmap,,,92,10260.0,10261.0,1.0,1.0,1.0,6,0.0,covariance,6.67375,/Users/huhu/Documents/Code/bishe/vrb/vrbreproduction/outputs/e13_engineered_homography_100subaction/experiments/E13/pipeline_outputs/subaction_67_P01_109_67/episode_01_right/frame_010261_right,short_window_pre_contact,nearest_frame_before_new_contact_episode,False,False,False,False,False,False,False,False,"(215, 65, 365, 215)",0.17333333333333334,,0,{},,,,True,10261.0,10262.0,10262.0,0.0,10261.0,10255.0,10260.0,6.0,10255.0,10260.0,10255.0,10260.0,60.0,False,10255.0,10260.0,True,True,True,2.0,1,True,1.0,right,smoothed_contact_0_to_1,True,snapped_to_reference_object_mask,"(210.99999690055847, 97.0, 306.0000014305115, 168.0)",0.8725888133049011,0.9208034644067461,2.5906436443328857,"(211.03553771972656, 96.293212890625, 305.2463684082031, 163.57550048828125)",,32.49938729589996,5.0,1.0,5.0,0.0,"[0.0, 0.0, 0.0, 0.0, 0.0]","[[295.53925 137.09969]
 [295.69913 155.96536]
 [285.0764  122.78814]
 [284.33304 136.41353]
 [289.46832 149.76003]]","[[295.53925 137.09969]
 [295.69913 155.96536]
 [285.0764  122.78814]
 [284.33304 136.41353]
 [289.46832 149.76003]]",False,record_only,new_contact_episode,new_contact_episode,P01_109_sub067_ep01_right,smoothed_contact_run_start_within_subaction,knife,['knife'],,,,,,,,21,1,10255.0,/Users/huhu/Documents/Code/bishe/vrb/vrbreproduction/outputs/e13_engineered_homography_100subaction/experiments/E13/pipeline_outputs/subaction_67_P01_109_67/episode_01_right/frame_010261_right/reference_frame.png,/Users/huhu/Documents/Code/bishe/vrb/vrbreproduction/outputs/e13_engineered_homography_100subaction/experiments/E13/pipeline_outputs/subaction_67_P01_109_67/episode_01_right/frame_010261_right/contact_frame.png,/Users/huhu/Documents/Code/bishe/vrb/vrbreproduction/outputs/e13_engineered_homography_100subaction/experiments/E13/pipeline_outputs/subaction_67_P01_109_67/episode_01_right/frame_010261_right/contact_overlay.png,/Users/huhu/Documents/Code/bishe/vrb/vrbreproduction/outputs/e13_engineered_homography_100subaction/experiments/E13/pipeline_outputs/subaction_67_P01_109_67/episode_01_right/frame_010261_right/projection_overlay_raw_vs_snapped.png,/Users/huhu/Documents/Code/bishe/vrb/vrbreproduction/outputs/e13_engineered_homography_100subaction/experiments/E13/pipeline_outputs/subaction_67_P01_109_67/episode_01_right/frame_010261_right/homography_matches.png,/Users/huhu/Documents/Code/bishe/vrb/vrbreproduction/outputs/e13_engineered_homography_100subaction/experiments/E13/pipeline_outputs/subaction_67_P01_109_67/episode_01_right/frame_010261_right/label_heatmap_merged.npy,/Users/huhu/Documents/Code/bishe/vrb/vrbreproduction/outputs/e13_engineered_homography_100subaction/experiments/E13/pipeline_outputs/subaction_67_P01_109_67/episode_01_right/frame_010261_right/label_heatmap_merged.png,/Users/huhu/Documents/Code/bishe/vrb/vrbreproduction/outputs/e13_engineered_homography_100subaction/experiments/E13/pipeline_outputs/subaction_67_P01_109_67/episode_01_right/frame_010261_right/label_heatmap_merged_overlay.png,/Users/huhu/Documents/Code/bishe/vrb/vrbreproduction/outputs/e13_engineered_homography_100subaction/experiments/E13/pipeline_outputs/subaction_67_P01_109_67/episode_01_right/frame_010261_right/vrb_style_affordance.png,"(256, 456)",True,/Users/huhu/Documents/Code/bishe/vrb/vrbreproduction/outputs/e13_engineered_homography_100subaction/experiments/E13/pipeline_outputs/subaction_67_P01_109_67/episode_01_right/frame_010261_right/diagnostics/problem3_ref_full_overlay.png,/Users/huhu/Documents/Code/bishe/vrb/vrbreproduction/outputs/e13_engineered_homography_100subaction/experiments/E13/pipeline_outputs/subaction_67_P01_109_67/episode_01_right/frame_010261_right/diagnostics/problem3_ref_crop.png,21.0,0.921875,112.0,115.0,0.3225758969783783,SIFT,,67:10261:right
E13,E13_engineered_homography_projection,new_contact_episode_early_frames,short_window_pre_contact_nearest_no_contact,67,P01_109_67,P01_109,put down knife,put-down,knife,['knife'],10237,10267,10236,10266,1.0,10262.0,10263.0,right,keep,Cell4_label_heatmap,,,67,10260.0,10261.0,2.0,2.0,1.0,6,0.0,covariance,5.96375,/Users/huhu/Documents/Code/bishe/vrb/vrbreproduction/outputs/e13_engineered_homography_100subaction/experiments/E13/pipeline_outputs/subaction_67_P01_109_67/episode_01_right/frame_010262_right,short_window_pre_contact,nearest_frame_before_new_contact_episode,False,False,False,False,False,False,False,False,"(212, 67, 362, 217)",0.17333333333333334,,0,{},,,,True,10261.0,10262.0,10262.0,1.0,10261.0,10255.0,10260.0,6.0,10255.0,10260.0,10255.0,10260.0,60.0,False,10255.0,10260.0,True,False,True,2.0,1,False,1.0,right,smoothed_contact_0_to_1,True,snapped_to_reference_object_mask,"(210.99999690055847, 97.0, 306.0000014305115, 168.0)",0.8725888133049011,0.8697435049194157,2.692526340484619,"(208.9608917236328, 97.64810943603516, 308.333251953125, 161.97488403320312)",,29.569416552415905,5.0,1.0,5.0,0.0,"[0.0, 0.0, 0.0, 0.0, 0.0]","[[284.52472 134.9378 ]
 [293.2977  156.77292]
 [284.56183 122.51681]
 [287.20013 151.57996]
 [283.03824 143.85648]]","[[284.52472 134.9378 ]
 [293.2977  156.77292]
 [284.56183 122.51681]
 [287.20013 151.57996]
 [283.03824 143.85648]]",False,record_only,new_contact_episode,new_contact_episode,P01_109_sub067_ep01_right,smoothed_contact_run_start_within_subaction,knife,['knife'],,,,,,,,21,1,10255.0,/Users/huhu/Documents/Code/bishe/vrb/vrbreproduction/outputs/e13_engineered_homography_100subaction/experiments/E13/pipeline_outputs/subaction_67_P01_109_67/episode_01_right/frame_010262_right/reference_frame.png,/Users/huhu/Documents/Code/bishe/vrb/vrbreproduction/outputs/e13_engineered_homography_100subaction/experiments/E13/pipeline_outputs/subaction_67_P01_109_67/episode_01_right/frame_010262_right/contact_frame.png,/Users/huhu/Documents/Code/bishe/vrb/vrbreproduction/outputs/e13_engineered_homography_100subaction/experiments/E13/pipeline_outputs/subaction_67_P01_109_67/episode_01_right/frame_010262_right/contact_overlay.png,/Users/huhu/Documents/Code/bishe/vrb/vrbreproduction/outputs/e13_engineered_homography_100subaction/experiments/E13/pipeline_outputs/subaction_67_P01_109_67/episode_01_right/frame_010262_right/projection_overlay_raw_vs_snapped.png,/Users/huhu/Documents/Code/bishe/vrb/vrbreproduction/outputs/e13_engineered_homography_100subaction/experiments/E13/pipeline_outputs/subaction_67_P01_109_67/episode_01_right/frame_010262_right/homography_matches.png,/Users/huhu/Documents/Code/bishe/vrb/vrbreproduction/outputs/e13_engineered_homography_100subaction/experiments/E13/pipeline_outputs/subaction_67_P01_109_67/episode_01_right/frame_010262_right/label_heatmap_merged.npy,/Users/huhu/Documents/Code/bishe/vrb/vrbreproduction/outputs/e13_engineered_homography_100subaction/experiments/E13/pipeline_outputs/subaction_67_P01_109_67/episode_01_right/frame_010262_right/label_heatmap_merged.png,/Users/huhu/Documents/Code/bishe/vrb/vrbreproduction/outputs/e13_engineered_homography_100subaction/experiments/E13/pipeline_outputs/subaction_67_P01_109_67/episode_01_right/frame_010262_right/label_heatmap_merged_overlay.png,/Users/huhu/Documents/Code/bishe/vrb/vrbreproduction/outputs/e13_engineered_homography_100subaction/experiments/E13/pipeline_outputs/subaction_67_P01_109_67/episode_01_right/frame_010262_right/vrb_style_affordance.png,"(256, 456)",True,/Users/huhu/Documents/Code/bishe/vrb/vrbreproduction/outputs/e13_engineered_homography_100subaction/experiments/E13/pipeline_outputs/subaction_67_P01_109_67/episode_01_right/frame_010262_right/diagnostics/problem3_ref_full_overlay.png,/Users/huhu/Documents/Code/bishe/vrb/vrbreproduction/outputs/e13_engineered_homography_100subaction/experiments/E13/pipeline_outputs/subaction_67_P01_109_67/episode_01_right/frame_010262_right/diagnostics/problem3_ref_crop.png,27.0,0.921875,112.0,115.0,0.34157484769821167,SIFT,,67:10262:right
E13,E13_engineered_homography_projection,new_contact_episode_early_frames,short_window_pre_contact_nearest_no_contact,71,P01_109_71,P01_109,put down potato slices,put-down,slice:potato,['slice:potato'],11963,11994,11962,11993,1.0,11983.0,11984.0,left,keep,Cell4_label_heatmap,,,24,11982.0,11983.0,1.0,1.0,1.0,6,0.0,covariance,5.358888888888889,/Users/huhu/Documents/Code/bishe/vrb/vrbreproduction/outputs/e13_engineered_homography_100subaction/experiments/E13/pipeline_outputs/subaction_71_P01_109_71/episode_02_left/frame_011983_left,short_window_pre_contact,nearest_frame_before_new_contact_episode,False,False,False,False,False,False,False,False,"(225, 71, 375, 221)",0.27484444444444445,,0,{},,,,True,11983.0,11984.0,11983.0,0.0,11983.0,11978.0,11982.0,5.0,11978.0,11982.0,11978.0,11982.0,60.0,False,11978.0,11982.0,True,True,True,1.0,3,True,2.0,left,smoothed_contact_0_to_1,True,snapped_to_reference_object_mask,"(290.0000081062317, 77.0, 391.99999952316284, 172.0)",0.8884609937667847,0.9301294262001636,0.9920041561126709,"(287.7809143066406, 75.45313262939453, 395.5755310058594, 172.0989990234375)",,46.18526253537581,5.0,1.0,5.0,0.0,"[0.0, 0.0, 0.0, 0.0, 0.0]","[[298.7417  149.6711 ]
 [289.9506  114.16626]
 [301.53262 152.41818]
 [306.19125 157.99818]
 [303.45755 154.31291]]","[[298.7417  149.6711 ]
 [289.9506  114.16626]
 [301.53262 152.41818]
 [306.19125 157.99818]
 [303.45755 154.31291]]",False,record_only,new_contact_episode,new_contact_episode,P01_109_sub071_ep02_left,smoothed_contact_run_start_within_subaction,slice:potato,['slice:potato'],,,,,,,,23,3,11978.0,/Users/huhu/Documents/Code/bishe/vrb/vrbreproduction/outputs/e13_engineered_homography_100subaction/experiments/E13/pipeline_outputs/subaction_71_P01_109_71/episode_02_left/frame_011983_left/reference_frame.png,/Users/huhu/Documents/Code/bishe/vrb/vrbreproduction/outputs/e13_engineered_homography_100subaction/experiments/E13/pipeline_outputs/subaction_71_P01_109_71/episode_02_left/frame_011983_left/contact_frame.png,/Users/huhu/Documents/Code/bishe/vrb/vrbreproduction/outputs/e13_engineered_homography_100subaction/experiments/E13/pipeline_outputs/subaction_71_P01_109_71/episode_02_left/frame_011983_left/contact_overlay.png,/Users/huhu/Documents/Code/bishe/vrb/vrbreproduction/outputs/e13_engineered_homography_100subaction/experiments/E13/pipeline_outputs/subaction_71_P01_109_71/episode_02_left/frame_011983_left/projection_overlay_raw_vs_snapped.png,/Users/huhu/Documents/Code/bishe/vrb/vrbreproduction/outputs/e13_engineered_homography_100subaction/experiments/E13/pipeline_outputs/subaction_71_P01_109_71/episode_02_left/frame_011983_left/homography_matches.png,/Users/huhu/Documents/Code/bishe/vrb/vrbreproduction/outputs/e13_engineered_homography_100subaction/experiments/E13/pipeline_outputs/subaction_71_P01_109_71/episode_02_left/frame_011983_left/label_heatmap_merged.npy,/Users/huhu/Documents/Code/bishe/vrb/vrbreproduction/outputs/e13_engineered_homography_100subaction/experiments/E13/pipeline_outputs/subaction_71_P01_109_71/episode_02_left/frame_011983_left/label_heatmap_merged.png,/Users/huhu/Documents/Code/bishe/vrb/vrbreproduction/outputs/e13_engineered_homography_100subaction/experiments/E13/pipeline_outputs/subaction_71_P01_109_71/episode_02_left/frame_011983_left/label_heatmap_merged_overlay.png,/Users/huhu/Documents/Code/bishe/vrb/vrbreproduction/outputs/e13_engineered_homography_100subaction/experiments/E13/pipeline_outputs/subaction_71_P01_109_71/episode_02_left/frame_011983_left/vrb_style_affordance.png,"(256, 456)",True,/Users/huhu/Documents/Code/bishe/vrb/vrbreproduction/outputs/e13_engineered_homography_100subaction/experiments/E13/pipeline_outputs/subaction_71_P01_109_71/episode_02_left/frame_011983_left/diagnostics/problem3_ref_full_overlay.png,/Users/huhu/Documents/Code/bishe/vrb/vrbreproduction/outputs/e13_engineered_homography_100subaction/experiments/E13/pipeline_outputs/subaction_71_P01_109_71/episode_02_left/frame_011983_left/diagnostics/problem3_ref_crop.png,21.0,0.9444444444444444,129.0,132.0,0.38456207513809204,SIFT,,71:11983:left
E13,E13_engineered_homography_projection,new_contact_episode_early_frames,short_window_pre_contact_nearest_no_contact,71,P01_109_71,P01_109,put down potato slices,put-down,slice:potato,['slice:potato'],11963,11994,11962,11993,2.0,11983.0,11984.0,right,keep,Cell4_label_heatmap,,,82,11982.0,11983.0,1.0,1.0,1.0,6,0.0,covariance,6.518888888888889,/Users/huhu/Documents/Code/bishe/vrb/vrbreproduction/outputs/e13_engineered_homography_100subaction/experiments/E13/pipeline_outputs/subaction_71_P01_109_71/episode_03_right/frame_011983_right,short_window_pre_contact,nearest_frame_before_new_contact_episode,False,False,False,False,False,False,False,False,"(265, 69, 415, 219)",0.24906666666666666,,0,{},,,,True,11983.0,11984.0,11984.0,0.0,11983.0,11978.0,11982.0,5.0,11978.0,11982.0,11978.0,11982.0,60.0,False,11978.0,11982.0,True,True,True,2.0,3,True,3.0,right,smoothed_contact_0_to_1,True,snapped_to_reference_object_mask,"(290.0000081062317, 77.0, 391.99999952316284, 172.0)",0.8884609937667847,0.9301294262001636,0.9920041561126709,"(287.7809143066406, 75.45313262939453, 395.5755310058594, 172.0989990234375)",,19.955499342635704,5.0,1.0,5.0,0.0,"[0.0, 0.0, 0.0, 0.0, 0.0]","[[361.1657  126.18199]
 [334.02957 156.70856]
 [336.82492 129.27129]
 [336.39194 142.63315]
 [332.32043 167.39117]]","[[361.1657  126.18199]
 [334.02957 156.70856]
 [336.82492 129.27129]
 [336.39194 142.63315]
 [332.32043 167.39117]]",False,record_only,new_contact_episode,new_contact_episode,P01_109_sub071_ep03_right,smoothed_contact_run_start_within_subaction,slice:potato,['slice:potato'],,,,,,,,23,3,11978.0,/Users/huhu/Documents/Code/bishe/vrb/vrbreproduction/outputs/e13_engineered_homography_100subaction/experiments/E13/pipeline_outputs/subaction_71_P01_109_71/episode_03_right/frame_011983_right/reference_frame.png,/Users/huhu/Documents/Code/bishe/vrb/vrbreproduction/outputs/e13_engineered_homography_100subaction/experiments/E13/pipeline_outputs/subaction_71_P01_109_71/episode_03_right/frame_011983_right/contact_frame.png,/Users/huhu/Documents/Code/bishe/vrb/vrbreproduction/outputs/e13_engineered_homography_100subaction/experiments/E13/pipeline_outputs/subaction_71_P01_109_71/episode_03_right/frame_011983_right/contact_overlay.png,/Users/huhu/Documents/Code/bishe/vrb/vrbreproduction/outputs/e13_engineered_homography_100subaction/experiments/E13/pipeline_outputs/subaction_71_P01_109_71/episode_03_right/frame_011983_right/projection_overlay_raw_vs_snapped.png,/Users/huhu/Documents/Code/bishe/vrb/vrbreproduction/outputs/e13_engineered_homography_100subaction/experiments/E13/pipeline_outputs/subaction_71_P01_109_71/episode_03_right/frame_011983_right/homography_matches.png,/Users/huhu/Documents/Code/bishe/vrb/vrbreproduction/outputs/e13_engineered_homography_100subaction/experiments/E13/pipeline_outputs/subaction_71_P01_109_71/episode_03_right/frame_011983_right/label_heatmap_merged.npy,/Users/huhu/Documents/Code/bishe/vrb/vrbreproduction/outputs/e13_engineered_homography_100subaction/experiments/E13/pipeline_outputs/subaction_71_P01_109_71/episode_03_right/frame_011983_right/label_heatmap_merged.png,/Users/huhu/Documents/Code/bishe/vrb/vrbreproduction/outputs/e13_engineered_homography_100subaction/experiments/E13/pipeline_outputs/subaction_71_P01_109_71/episode_03_right/frame_011983_right/label_heatmap_merged_overlay.png,/Users/huhu/Documents/Code/bishe/vrb/vrbreproduction/outputs/e13_engineered_homography_100subaction/experiments/E13/pipeline_outputs/subaction_71_P01_109_71/episode_03_right/frame_011983_right/vrb_style_affordance.png,"(256, 456)",True,/Users/huhu/Documents/Code/bishe/vrb/vrbreproduction/outputs/e13_engineered_homography_100subaction/experiments/E13/pipeline_outputs/subaction_71_P01_109_71/episode_03_right/frame_011983_right/diagnostics/problem3_ref_full_overlay.png,/Users/huhu/Documents/Code/bishe/vrb/vrbreproduction/outputs/e13_engineered_homography_100subaction/experiments/E13/pipeline_outputs/subaction_71_P01_109_71/episode_03_right/frame_011983_right/diagnostics/problem3_ref_crop.png,21.0,0.9444444444444444,129.0,132.0,0.38456207513809204,SIFT,,71:11983:right
E13,E13_engineered_homography_projection,new_contact_episode_early_frames,short_window_pre_contact_nearest_no_contact,71,P01_109_71,P01_109,put down potato slices,put-down,slice:potato,['slice:potato'],11963,11994,11962,11993,3.0,11984.0,11985.0,right,keep,Cell4_label_heatmap,,,123,11982.0,11983.0,2.0,2.0,1.0,6,0.0,covariance,7.128888888888889,/Users/huhu/Documents/Code/bishe/vrb/vrbreproduction/outputs/e13_engineered_homography_100subaction/experiments/E13/pipeline_outputs/subaction_71_P01_109_71/episode_03_right/frame_011984_right,short_window_pre_contact,nearest_frame_before_new_contact_episode,False,False,False,False,False,False,False,False,"(264, 67, 414, 217)",0.2521333333333333,,0,{},,,,True,11983.0,11984.0,11984.0,1.0,11983.0,11978.0,11982.0,5.0,11978.0,11982.0,11978.0,11982.0,60.0,False,11978.0,11982.0,True,False,True,2.0,3,False,3.0,right,smoothed_contact_0_to_1,True,snapped_to_reference_object_mask,"(290.0000081062317, 77.0, 391.99999952316284, 172.0)",0.8884609937667847,0.6231599708950404,14.09595012664795,"(289.7379455566406, 70.92144775390625, 411.07452392578125, 199.07553100585938)",,20.715308425819412,4.0,1.0,4.0,14.009803771972656,"[0.0, 14.009803771972656, 0.0, 0.0, 0.0]","[[333.89465 135.63348]
 [330.23257 185.00787]
 [360.0417  125.4174 ]
 [329.48828 162.39062]
 [342.99124 117.28992]]","[[333.89465 135.63348]
 [330.      171.     ]
 [360.0417  125.4174 ]
 [329.48828 162.39062]
 [342.99124 117.28992]]",False,record_only,new_contact_episode,new_contact_episode,P01_109_sub071_ep03_right,smoothed_contact_run_start_within_subaction,slice:potato,['slice:potato'],,,,,,,,23,3,11978.0,/Users/huhu/Documents/Code/bishe/vrb/vrbreproduction/outputs/e13_engineered_homography_100subaction/experiments/E13/pipeline_outputs/subaction_71_P01_109_71/episode_03_right/frame_011984_right/reference_frame.png,/Users/huhu/Documents/Code/bishe/vrb/vrbreproduction/outputs/e13_engineered_homography_100subaction/experiments/E13/pipeline_outputs/subaction_71_P01_109_71/episode_03_right/frame_011984_right/contact_frame.png,/Users/huhu/Documents/Code/bishe/vrb/vrbreproduction/outputs/e13_engineered_homography_100subaction/experiments/E13/pipeline_outputs/subaction_71_P01_109_71/episode_03_right/frame_011984_right/contact_overlay.png,/Users/huhu/Documents/Code/bishe/vrb/vrbreproduction/outputs/e13_engineered_homography_100subaction/experiments/E13/pipeline_outputs/subaction_71_P01_109_71/episode_03_right/frame_011984_right/projection_overlay_raw_vs_snapped.png,/Users/huhu/Documents/Code/bishe/vrb/vrbreproduction/outputs/e13_engineered_homography_100subaction/experiments/E13/pipeline_outputs/subaction_71_P01_109_71/episode_03_right/frame_011984_right/homography_matches.png,/Users/huhu/Documents/Code/bishe/vrb/vrbreproduction/outputs/e13_engineered_homography_100subaction/experiments/E13/pipeline_outputs/subaction_71_P01_109_71/episode_03_right/frame_011984_right/label_heatmap_merged.npy,/Users/huhu/Documents/Code/bishe/vrb/vrbreproduction/outputs/e13_engineered_homography_100subaction/experiments/E13/pipeline_outputs/subaction_71_P01_109_71/episode_03_right/frame_011984_right/label_heatmap_merged.png,/Users/huhu/Documents/Code/bishe/vrb/vrbreproduction/outputs/e13_engineered_homography_100subaction/experiments/E13/pipeline_outputs/subaction_71_P01_109_71/episode_03_right/frame_011984_right/label_heatmap_merged_overlay.png,/Users/huhu/Documents/Code/bishe/vrb/vrbreproduction/outputs/e13_engineered_homography_100subaction/experiments/E13/pipeline_outputs/subaction_71_P01_109_71/episode_03_right/frame_011984_right/vrb_style_affordance.png,"(256, 456)",True,/Users/huhu/Documents/Code/bishe/vrb/vrbreproduction/outputs/e13_engineered_homography_100subaction/experiments/E13/pipeline_outputs/subaction_71_P01_109_71/episode_03_right/frame_011984_right/diagnostics/problem3_ref_full_overlay.png,/Users/huhu/Documents/Code/bishe/vrb/vrbreproduction/outputs/e13_engineered_homography_100subaction/experiments/E13/pipeline_outputs/subaction_71_P01_109_71/episode_03_right/frame_011984_right/diagnostics/problem3_ref_crop.png,27.0,0.9444444444444444,129.0,132.0,0.38456207513809204,SIFT,,71:11984:right
E13,E13_engineered_homography_projection,new_contact_episode_early_frames,short_window_pre_contact_nearest_no_contact,75,P01_109_75,P01_109,put down potato slices,put-down,slice:potato,['slice:potato'],12267,12332,12266,12331,3.0,12325.0,12326.0,right,keep,Cell4_label_heatmap,,,19,12324.0,12325.0,1.0,1.0,1.0,6,0.0,covariance,5.295465838509317,/Users/huhu/Documents/Code/bishe/vrb/vrbreproduction/outputs/e13_engineered_homography_100subaction/experiments/E13/pipeline_outputs/subaction_75_P01_109_75/episode_02_right/frame_012325_right,short_window_pre_contact,nearest_frame_before_new_contact_episode,False,False,False,False,False,False,False,False,"(306, 63, 456, 213)",0.15253333333333333,,0,{},,,,True,12325.0,12326.0,12328.0,0.0,12325.0,12317.0,12324.0,8.0,12317.0,12324.0,12317.0,12324.0,60.0,False,12317.0,12324.0,True,True,True,4.0,2,True,2.0,right,smoothed_contact_0_to_1,True,snapped_to_reference_object_mask,"(319.00000619888306, 65.0, 421.99999380111694, 214.0)",0.6554551720619202,0.06127472617197291,16.675655364990234,"(365.9525451660156, 108.65637969970703, 393.62158203125, 142.64321899414062)",,17.571986320178194,4.0,1.0,4.0,0.6472645401954651,"[0.0, 0.0, 0.0, 0.6472645401954651, 0.0]","[[390.32822 135.9126 ]
 [382.01535 141.09167]
 [392.13815 133.08226]
 [386.70673 140.57701]
 [388.6824  137.57948]]","[[390.32822 135.9126 ]
 [382.01535 141.09167]
 [392.13815 133.08226]
 [387.      140.     ]
 [388.6824  137.57948]]",False,record_only,new_contact_episode,new_contact_episode,P01_109_sub075_ep02_right,smoothed_contact_run_start_within_subaction,slice:potato,['slice:potato'],,,,,,,,71,2,12317.0,/Users/huhu/Documents/Code/bishe/vrb/vrbreproduction/outputs/e13_engineered_homography_100subaction/experiments/E13/pipeline_outputs/subaction_75_P01_109_75/episode_02_right/frame_012325_right/reference_frame.png,/Users/huhu/Documents/Code/bishe/vrb/vrbreproduction/outputs/e13_engineered_homography_100subaction/experiments/E13/pipeline_outputs/subaction_75_P01_109_75/episode_02_right/frame_012325_right/contact_frame.png,/Users/huhu/Documents/Code/bishe/vrb/vrbreproduction/outputs/e13_engineered_homography_100subaction/experiments/E13/pipeline_outputs/subaction_75_P01_109_75/episode_02_right/frame_012325_right/contact_overlay.png,/Users/huhu/Documents/Code/bishe/vrb/vrbreproduction/outputs/e13_engineered_homography_100subaction/experiments/E13/pipeline_outputs/subaction_75_P01_109_75/episode_02_right/frame_012325_right/projection_overlay_raw_vs_snapped.png,/Users/huhu/Documents/Code/bishe/vrb/vrbreproduction/outputs/e13_engineered_homography_100subaction/experiments/E13/pipeline_outputs/subaction_75_P01_109_75/episode_02_right/frame_012325_right/homography_matches.png,/Users/huhu/Documents/Code/bishe/vrb/vrbreproduction/outputs/e13_engineered_homography_100subaction/experiments/E13/pipeline_outputs/subaction_75_P01_109_75/episode_02_right/frame_012325_right/label_heatmap_merged.npy,/Users/huhu/Documents/Code/bishe/vrb/vrbreproduction/outputs/e13_engineered_homography_100subaction/experiments/E13/pipeline_outputs/subaction_75_P01_109_75/episode_02_right/frame_012325_right/label_heatmap_merged.png,/Users/huhu/Documents/Code/bishe/vrb/vrbreproduction/outputs/e13_engineered_homography_100subaction/experiments/E13/pipeline_outputs/subaction_75_P01_109_75/episode_02_right/frame_012325_right/label_heatmap_merged_overlay.png,/Users/huhu/Documents/Code/bishe/vrb/vrbreproduction/outputs/e13_engineered_homography_100subaction/experiments/E13/pipeline_outputs/subaction_75_P01_109_75/episode_02_right/frame_012325_right/vrb_style_affordance.png,"(256, 456)",True,/Users/huhu/Documents/Code/bishe/vrb/vrbreproduction/outputs/e13_engineered_homography_100subaction/experiments/E13/pipeline_outputs/subaction_75_P01_109_75/episode_02_right/frame_012325_right/diagnostics/problem3_ref_full_overlay.png,/Users/huhu/Documents/Code/bishe/vrb/vrbreproduction/outputs/e13_engineered_homography_100subaction/experiments/E13/pipeline_outputs/subaction_75_P01_109_75/episode_02_right/frame_012325_right/diagnostics/problem3_ref_crop.png,21.0,0.9627329192546584,155.0,158.0,0.3033721446990967,SIFT,,75:12325:right
E13,E13_engineered_homography_projection,new_contact_episode_early_frames,short_window_pre_contact_nearest_no_contact,75,P01_109_75,P01_109,put down potato slices,put-down,slice:potato,['slice:potato'],12267,12332,12266,12331,4.0,12326.0,12327.0,right,keep,Cell4_label_heatmap,,,122,12324.0,12325.0,2.0,2.0,1.0,6,0.0,covariance,7.145465838509317,/Users/huhu/Documents/Code/bishe/vrb/vrbreproduction/outputs/e13_engineered_homography_100subaction/experiments/E13/pipeline_outputs/subaction_75_P01_109_75/episode_02_right/frame_012326_right,short_window_pre_contact,nearest_frame_before_new_contact_episode,False,False,False,False,False,False,False,False,"(306, 67, 456, 217)",0.15253333333333333,,0,{},,,,True,12325.0,12326.0,12328.0,1.0,12325.0,12317.0,12324.0,8.0,12317.0,12324.0,12317.0,12324.0,60.0,False,12317.0,12324.0,True,False,True,4.0,2,False,2.0,right,smoothed_contact_0_to_1,True,snapped_to_reference_object_mask,"(319.00000619888306, 65.0, 421.99999380111694, 214.0)",0.6554551720619202,0.8654155211363516,3.8106894493103027,"(321.0289306640625, 65.67157745361328, 413.5869140625, 209.16574096679688)",,20.4890781477676,2.0,1.0,2.0,7.056522369384766,"[2.936401844024658, 7.056522369384766, 1.6306302547454834, 0.0, 0.0]","[[402.638   137.60143]
 [393.37787 150.55125]
 [384.9576  142.31982]
 [378.90924 153.42671]
 [392.4882  136.4231 ]]","[[404.      135.     ]
 [396.      144.     ]
 [384.      141.     ]
 [378.90924 153.42671]
 [392.4882  136.4231 ]]",False,record_only,new_contact_episode,new_contact_episode,P01_109_sub075_ep02_right,smoothed_contact_run_start_within_subaction,slice:potato,['slice:potato'],,,,,,,,71,2,12317.0,/Users/huhu/Documents/Code/bishe/vrb/vrbreproduction/outputs/e13_engineered_homography_100subaction/experiments/E13/pipeline_outputs/subaction_75_P01_109_75/episode_02_right/frame_012326_right/reference_frame.png,/Users/huhu/Documents/Code/bishe/vrb/vrbreproduction/outputs/e13_engineered_homography_100subaction/experiments/E13/pipeline_outputs/subaction_75_P01_109_75/episode_02_right/frame_012326_right/contact_frame.png,/Users/huhu/Documents/Code/bishe/vrb/vrbreproduction/outputs/e13_engineered_homography_100subaction/experiments/E13/pipeline_outputs/subaction_75_P01_109_75/episode_02_right/frame_012326_right/contact_overlay.png,/Users/huhu/Documents/Code/bishe/vrb/vrbreproduction/outputs/e13_engineered_homography_100subaction/experiments/E13/pipeline_outputs/subaction_75_P01_109_75/episode_02_right/frame_012326_right/projection_overlay_raw_vs_snapped.png,/Users/huhu/Documents/Code/bishe/vrb/vrbreproduction/outputs/e13_engineered_homography_100subaction/experiments/E13/pipeline_outputs/subaction_75_P01_109_75/episode_02_right/frame_012326_right/homography_matches.png,/Users/huhu/Documents/Code/bishe/vrb/vrbreproduction/outputs/e13_engineered_homography_100subaction/experiments/E13/pipeline_outputs/subaction_75_P01_109_75/episode_02_right/frame_012326_right/label_heatmap_merged.npy,/Users/huhu/Documents/Code/bishe/vrb/vrbreproduction/outputs/e13_engineered_homography_100subaction/experiments/E13/pipeline_outputs/subaction_75_P01_109_75/episode_02_right/frame_012326_right/label_heatmap_merged.png,/Users/huhu/Documents/Code/bishe/vrb/vrbreproduction/outputs/e13_engineered_homography_100subaction/experiments/E13/pipeline_outputs/subaction_75_P01_109_75/episode_02_right/frame_012326_right/label_heatmap_merged_overlay.png,/Users/huhu/Documents/Code/bishe/vrb/vrbreproduction/outputs/e13_engineered_homography_100subaction/experiments/E13/pipeline_outputs/subaction_75_P01_109_75/episode_02_right/frame_012326_right/vrb_style_affordance.png,"(256, 456)",True,/Users/huhu/Documents/Code/bishe/vrb/vrbreproduction/outputs/e13_engineered_homography_100subaction/experiments/E13/pipeline_outputs/subaction_75_P01_109_75/episode_02_right/frame_012326_right/diagnostics/problem3_ref_full_overlay.png,/Users/huhu/Documents/Code/bishe/vrb/vrbreproduction/outputs/e13_engineered_homography_100subaction/experiments/E13/pipeline_outputs/subaction_75_P01_109_75/episode_02_right/frame_012326_right/diagnostics/problem3_ref_crop.png,27.0,0.9627329192546584,155.0,158.0,0.3033721446990967,SIFT,,75:12326:right
E13,E13_engineered_homography_projection,new_contact_episode_early_frames,short_window_pre_contact_nearest_no_contact,75,P01_109_75,P01_109,put down potato slices,put-down,slice:potato,['slice:potato'],12267,12332,12266,12331,5.0,12327.0,12328.0,right,keep,Cell4_label_heatmap,,,29,12324.0,12325.0,3.0,3.0,1.0,6,0.0,covariance,5.075311203319502,/Users/huhu/Documents/Code/bishe/vrb/vrbreproduction/outputs/e13_engineered_homography_100subaction/experiments/E13/pipeline_outputs/subaction_75_P01_109_75/episode_02_right/frame_012327_right,short_window_pre_contact,nearest_frame_before_new_contact_episode,False,False,False,False,False,False,False,False,"(306, 65, 456, 215)",0.15253333333333333,,0,{},,,,True,12325.0,12326.0,12328.0,2.0,12325.0,12317.0,12324.0,8.0,12317.0,12324.0,12317.0,12324.0,60.0,False,12317.0,12324.0,True,False,True,4.0,2,False,2.0,right,smoothed_contact_0_to_1,True,snapped_to_reference_object_mask,"(319.00000619888306, 65.0, 421.99999380111694, 214.0)",0.6554551720619202,0.057521617059180206,13.704421997070312,"(365.83673095703125, 110.67353820800781, 390.9049072265625, 145.8888702392578)",,13.463271345621235,5.0,1.0,5.0,0.0,"[0.0, 0.0, 0.0, 0.0, 0.0]","[[376.2702  141.8083 ]
 [385.18146 139.47295]
 [389.56897 136.7106 ]
 [381.6589  142.77608]
 [387.13293 137.45544]]","[[376.2702  141.8083 ]
 [385.18146 139.47295]
 [389.56897 136.7106 ]
 [381.6589  142.77608]
 [387.13293 137.45544]]",False,record_only,new_contact_episode,new_contact_episode,P01_109_sub075_ep02_right,smoothed_contact_run_start_within_subaction,slice:potato,['slice:potato'],,,,,,,,71,2,12317.0,/Users/huhu/Documents/Code/bishe/vrb/vrbreproduction/outputs/e13_engineered_homography_100subaction/experiments/E13/pipeline_outputs/subaction_75_P01_109_75/episode_02_right/frame_012327_right/reference_frame.png,/Users/huhu/Documents/Code/bishe/vrb/vrbreproduction/outputs/e13_engineered_homography_100subaction/experiments/E13/pipeline_outputs/subaction_75_P01_109_75/episode_02_right/frame_012327_right/contact_frame.png,/Users/huhu/Documents/Code/bishe/vrb/vrbreproduction/outputs/e13_engineered_homography_100subaction/experiments/E13/pipeline_outputs/subaction_75_P01_109_75/episode_02_right/frame_012327_right/contact_overlay.png,/Users/huhu/Documents/Code/bishe/vrb/vrbreproduction/outputs/e13_engineered_homography_100subaction/experiments/E13/pipeline_outputs/subaction_75_P01_109_75/episode_02_right/frame_012327_right/projection_overlay_raw_vs_snapped.png,/Users/huhu/Documents/Code/bishe/vrb/vrbreproduction/outputs/e13_engineered_homography_100subaction/experiments/E13/pipeline_outputs/subaction_75_P01_109_75/episode_02_right/frame_012327_right/homography_matches.png,/Users/huhu/Documents/Code/bishe/vrb/vrbreproduction/outputs/e13_engineered_homography_100subaction/experiments/E13/pipeline_outputs/subaction_75_P01_109_75/episode_02_right/frame_012327_right/label_heatmap_merged.npy,/Users/huhu/Documents/Code/bishe/vrb/vrbreproduction/outputs/e13_engineered_homography_100subaction/experiments/E13/pipeline_outputs/subaction_75_P01_109_75/episode_02_right/frame_012327_right/label_heatmap_merged.png,/Users/huhu/Documents/Code/bishe/vrb/vrbreproduction/outputs/e13_engineered_homography_100subaction/experiments/E13/pipeline_outputs/subaction_75_P01_109_75/episode_02_right/frame_012327_right/label_heatmap_merged_overlay.png,/Users/huhu/Documents/Code/bishe/vrb/vrbreproduction/outputs/e13_engineered_homography_100subaction/experiments/E13/pipeline_outputs/subaction_75_P01_109_75/episode_02_right/frame_012327_right/vrb_style_affordance.png,"(256, 456)",True,/Users/huhu/Documents/Code/bishe/vrb/vrbreproduction/outputs/e13_engineered_homography_100subaction/experiments/E13/pipeline_outputs/subaction_75_P01_109_75/episode_02_right/frame_012327_right/diagnostics/problem3_ref_full_overlay.png,/Users/huhu/Documents/Code/bishe/vrb/vrbreproduction/outputs/e13_engineered_homography_100subaction/experiments/E13/pipeline_outputs/subaction_75_P01_109_75/episode_02_right/frame_012327_right/diagnostics/problem3_ref_crop.png,33.0,0.9626556016597511,155.0,158.0,0.3033721446990967,SIFT,,75:12327:right
E13,E13_engineered_homography_projection,new_contact_episode_early_frames,short_window_pre_contact_nearest_no_contact,76,P01_109_76,P01_109,pick up potato slice,pick-up,slice:potato,['slice:potato'],12325,12391,12324,12390,0.0,12325.0,12326.0,right,keep,Cell4_label_heatmap,,,19,12324.0,12325.0,1.0,1.0,1.0,6,0.0,covariance,5.295465838509317,/Users/huhu/Documents/Code/bishe/vrb/vrbreproduction/outputs/e13_engineered_homography_100subaction/experiments/E13/pipeline_outputs/subaction_76_P01_109_76/episode_01_right/frame_012325_right,short_window_pre_contact,nearest_frame_before_new_contact_episode,False,False,False,False,False,False,False,False,"(306, 63, 456, 213)",0.15253333333333333,,0,{},,,,True,12325.0,12326.0,12328.0,0.0,12325.0,12317.0,12324.0,8.0,12317.0,12324.0,12317.0,12324.0,60.0,False,12317.0,12324.0,True,True,True,4.0,6,True,1.0,right,smoothed_contact_0_to_1,True,snapped_to_reference_object_mask,"(319.00000619888306, 65.0, 421.99999380111694, 214.0)",0.6554551720619202,0.06127472617197291,16.675655364990234,"(365.9525451660156, 108.65637969970703, 393.62158203125, 142.64321899414062)",,17.571986320178194,4.0,1.0,4.0,0.6472645401954651,"[0.0, 0.0, 0.0, 0.6472645401954651, 0.0]","[[390.32822 135.9126 ]
 [382.01535 141.09167]
 [392.13815 133.08226]
 [386.70673 140.57701]
 [388.6824  137.57948]]","[[390.32822 135.9126 ]
 [382.01535 141.09167]
 [392.13815 133.08226]
 [387.      140.     ]
 [388.6824  137.57948]]",False,record_only,new_contact_episode,new_contact_episode,P01_109_sub076_ep01_right,smoothed_contact_run_start_within_subaction,slice:potato,['slice:potato'],,,,,,,,65,6,12317.0,/Users/huhu/Documents/Code/bishe/vrb/vrbreproduction/outputs/e13_engineered_homography_100subaction/experiments/E13/pipeline_outputs/subaction_76_P01_109_76/episode_01_right/frame_012325_right/reference_frame.png,/Users/huhu/Documents/Code/bishe/vrb/vrbreproduction/outputs/e13_engineered_homography_100subaction/experiments/E13/pipeline_outputs/subaction_76_P01_109_76/episode_01_right/frame_012325_right/contact_frame.png,/Users/huhu/Documents/Code/bishe/vrb/vrbreproduction/outputs/e13_engineered_homography_100subaction/experiments/E13/pipeline_outputs/subaction_76_P01_109_76/episode_01_right/frame_012325_right/contact_overlay.png,/Users/huhu/Documents/Code/bishe/vrb/vrbreproduction/outputs/e13_engineered_homography_100subaction/experiments/E13/pipeline_outputs/subaction_76_P01_109_76/episode_01_right/frame_012325_right/projection_overlay_raw_vs_snapped.png,/Users/huhu/Documents/Code/bishe/vrb/vrbreproduction/outputs/e13_engineered_homography_100subaction/experiments/E13/pipeline_outputs/subaction_76_P01_109_76/episode_01_right/frame_012325_right/homography_matches.png,/Users/huhu/Documents/Code/bishe/vrb/vrbreproduction/outputs/e13_engineered_homography_100subaction/experiments/E13/pipeline_outputs/subaction_76_P01_109_76/episode_01_right/frame_012325_right/label_heatmap_merged.npy,/Users/huhu/Documents/Code/bishe/vrb/vrbreproduction/outputs/e13_engineered_homography_100subaction/experiments/E13/pipeline_outputs/subaction_76_P01_109_76/episode_01_right/frame_012325_right/label_heatmap_merged.png,/Users/huhu/Documents/Code/bishe/vrb/vrbreproduction/outputs/e13_engineered_homography_100subaction/experiments/E13/pipeline_outputs/subaction_76_P01_109_76/episode_01_right/frame_012325_right/label_heatmap_merged_overlay.png,/Users/huhu/Documents/Code/bishe/vrb/vrbreproduction/outputs/e13_engineered_homography_100subaction/experiments/E13/pipeline_outputs/subaction_76_P01_109_76/episode_01_right/frame_012325_right/vrb_style_affordance.png,"(256, 456)",True,/Users/huhu/Documents/Code/bishe/vrb/vrbreproduction/outputs/e13_engineered_homography_100subaction/experiments/E13/pipeline_outputs/subaction_76_P01_109_76/episode_01_right/frame_012325_right/diagnostics/problem3_ref_full_overlay.png,/Users/huhu/Documents/Code/bishe/vrb/vrbreproduction/outputs/e13_engineered_homography_100subaction/experiments/E13/pipeline_outputs/subaction_76_P01_109_76/episode_01_right/frame_012325_right/diagnostics/problem3_ref_crop.png,21.0,0.9627329192546584,155.0,158.0,0.3033721446990967,SIFT,,76:12325:right
E13,E13_engineered_homography_projection,new_contact_episode_early_frames,short_window_pre_contact_nearest_no_contact,76,P01_109_76,P01_109,pick up potato slice,pick-up,slice:potato,['slice:potato'],12325,12391,12324,12390,1.0,12326.0,12327.0,right,keep,Cell4_label_heatmap,,,122,12324.0,12325.0,2.0,2.0,1.0,6,0.0,covariance,7.145465838509317,/Users/huhu/Documents/Code/bishe/vrb/vrbreproduction/outputs/e13_engineered_homography_100subaction/experiments/E13/pipeline_outputs/subaction_76_P01_109_76/episode_01_right/frame_012326_right,short_window_pre_contact,nearest_frame_before_new_contact_episode,False,False,False,False,False,False,False,False,"(306, 67, 456, 217)",0.15253333333333333,,0,{},,,,True,12325.0,12326.0,12328.0,1.0,12325.0,12317.0,12324.0,8.0,12317.0,12324.0,12317.0,12324.0,60.0,False,12317.0,12324.0,True,False,True,4.0,6,False,1.0,right,smoothed_contact_0_to_1,True,snapped_to_reference_object_mask,"(319.00000619888306, 65.0, 421.99999380111694, 214.0)",0.6554551720619202,0.8654155211363516,3.8106894493103027,"(321.0289306640625, 65.67157745361328, 413.5869140625, 209.16574096679688)",,20.4890781477676,2.0,1.0,2.0,7.056522369384766,"[2.936401844024658, 7.056522369384766, 1.6306302547454834, 0.0, 0.0]","[[402.638   137.60143]
 [393.37787 150.55125]
 [384.9576  142.31982]
 [378.90924 153.42671]
 [392.4882  136.4231 ]]","[[404.      135.     ]
 [396.      144.     ]
 [384.      141.     ]
 [378.90924 153.42671]
 [392.4882  136.4231 ]]",False,record_only,new_contact_episode,new_contact_episode,P01_109_sub076_ep01_right,smoothed_contact_run_start_within_subaction,slice:potato,['slice:potato'],,,,,,,,65,6,12317.0,/Users/huhu/Documents/Code/bishe/vrb/vrbreproduction/outputs/e13_engineered_homography_100subaction/experiments/E13/pipeline_outputs/subaction_76_P01_109_76/episode_01_right/frame_012326_right/reference_frame.png,/Users/huhu/Documents/Code/bishe/vrb/vrbreproduction/outputs/e13_engineered_homography_100subaction/experiments/E13/pipeline_outputs/subaction_76_P01_109_76/episode_01_right/frame_012326_right/contact_frame.png,/Users/huhu/Documents/Code/bishe/vrb/vrbreproduction/outputs/e13_engineered_homography_100subaction/experiments/E13/pipeline_outputs/subaction_76_P01_109_76/episode_01_right/frame_012326_right/contact_overlay.png,/Users/huhu/Documents/Code/bishe/vrb/vrbreproduction/outputs/e13_engineered_homography_100subaction/experiments/E13/pipeline_outputs/subaction_76_P01_109_76/episode_01_right/frame_012326_right/projection_overlay_raw_vs_snapped.png,/Users/huhu/Documents/Code/bishe/vrb/vrbreproduction/outputs/e13_engineered_homography_100subaction/experiments/E13/pipeline_outputs/subaction_76_P01_109_76/episode_01_right/frame_012326_right/homography_matches.png,/Users/huhu/Documents/Code/bishe/vrb/vrbreproduction/outputs/e13_engineered_homography_100subaction/experiments/E13/pipeline_outputs/subaction_76_P01_109_76/episode_01_right/frame_012326_right/label_heatmap_merged.npy,/Users/huhu/Documents/Code/bishe/vrb/vrbreproduction/outputs/e13_engineered_homography_100subaction/experiments/E13/pipeline_outputs/subaction_76_P01_109_76/episode_01_right/frame_012326_right/label_heatmap_merged.png,/Users/huhu/Documents/Code/bishe/vrb/vrbreproduction/outputs/e13_engineered_homography_100subaction/experiments/E13/pipeline_outputs/subaction_76_P01_109_76/episode_01_right/frame_012326_right/label_heatmap_merged_overlay.png,/Users/huhu/Documents/Code/bishe/vrb/vrbreproduction/outputs/e13_engineered_homography_100subaction/experiments/E13/pipeline_outputs/subaction_76_P01_109_76/episode_01_right/frame_012326_right/vrb_style_affordance.png,"(256, 456)",True,/Users/huhu/Documents/Code/bishe/vrb/vrbreproduction/outputs/e13_engineered_homography_100subaction/experiments/E13/pipeline_outputs/subaction_76_P01_109_76/episode_01_right/frame_012326_right/diagnostics/problem3_ref_full_overlay.png,/Users/huhu/Documents/Code/bishe/vrb/vrbreproduction/outputs/e13_engineered_homography_100subaction/experiments/E13/pipeline_outputs/subaction_76_P01_109_76/episode_01_right/frame_012326_right/diagnostics/problem3_ref_crop.png,27.0,0.9627329192546584,155.0,158.0,0.3033721446990967,SIFT,,76:12326:right
E13,E13_engineered_homography_projection,new_contact_episode_early_frames,short_window_pre_contact_nearest_no_contact,76,P01_109_76,P01_109,pick up potato slice,pick-up,slice:potato,['slice:potato'],12325,12391,12324,12390,2.0,12327.0,12328.0,right,keep,Cell4_label_heatmap,,,29,12324.0,12325.0,3.0,3.0,1.0,6,0.0,covariance,5.075311203319502,/Users/huhu/Documents/Code/bishe/vrb/vrbreproduction/outputs/e13_engineered_homography_100subaction/experiments/E13/pipeline_outputs/subaction_76_P01_109_76/episode_01_right/frame_012327_right,short_window_pre_contact,nearest_frame_before_new_contact_episode,False,False,False,False,False,False,False,False,"(306, 65, 456, 215)",0.15253333333333333,,0,{},,,,True,12325.0,12326.0,12328.0,2.0,12325.0,12317.0,12324.0,8.0,12317.0,12324.0,12317.0,12324.0,60.0,False,12317.0,12324.0,True,False,True,4.0,6,False,1.0,right,smoothed_contact_0_to_1,True,snapped_to_reference_object_mask,"(319.00000619888306, 65.0, 421.99999380111694, 214.0)",0.6554551720619202,0.057521617059180206,13.704421997070312,"(365.83673095703125, 110.67353820800781, 390.9049072265625, 145.8888702392578)",,13.463271345621235,5.0,1.0,5.0,0.0,"[0.0, 0.0, 0.0, 0.0, 0.0]","[[376.2702  141.8083 ]
 [385.18146 139.47295]
 [389.56897 136.7106 ]
 [381.6589  142.77608]
 [387.13293 137.45544]]","[[376.2702  141.8083 ]
 [385.18146 139.47295]
 [389.56897 136.7106 ]
 [381.6589  142.77608]
 [387.13293 137.45544]]",False,record_only,new_contact_episode,new_contact_episode,P01_109_sub076_ep01_right,smoothed_contact_run_start_within_subaction,slice:potato,['slice:potato'],,,,,,,,65,6,12317.0,/Users/huhu/Documents/Code/bishe/vrb/vrbreproduction/outputs/e13_engineered_homography_100subaction/experiments/E13/pipeline_outputs/subaction_76_P01_109_76/episode_01_right/frame_012327_right/reference_frame.png,/Users/huhu/Documents/Code/bishe/vrb/vrbreproduction/outputs/e13_engineered_homography_100subaction/experiments/E13/pipeline_outputs/subaction_76_P01_109_76/episode_01_right/frame_012327_right/contact_frame.png,/Users/huhu/Documents/Code/bishe/vrb/vrbreproduction/outputs/e13_engineered_homography_100subaction/experiments/E13/pipeline_outputs/subaction_76_P01_109_76/episode_01_right/frame_012327_right/contact_overlay.png,/Users/huhu/Documents/Code/bishe/vrb/vrbreproduction/outputs/e13_engineered_homography_100subaction/experiments/E13/pipeline_outputs/subaction_76_P01_109_76/episode_01_right/frame_012327_right/projection_overlay_raw_vs_snapped.png,/Users/huhu/Documents/Code/bishe/vrb/vrbreproduction/outputs/e13_engineered_homography_100subaction/experiments/E13/pipeline_outputs/subaction_76_P01_109_76/episode_01_right/frame_012327_right/homography_matches.png,/Users/huhu/Documents/Code/bishe/vrb/vrbreproduction/outputs/e13_engineered_homography_100subaction/experiments/E13/pipeline_outputs/subaction_76_P01_109_76/episode_01_right/frame_012327_right/label_heatmap_merged.npy,/Users/huhu/Documents/Code/bishe/vrb/vrbreproduction/outputs/e13_engineered_homography_100subaction/experiments/E13/pipeline_outputs/subaction_76_P01_109_76/episode_01_right/frame_012327_right/label_heatmap_merged.png,/Users/huhu/Documents/Code/bishe/vrb/vrbreproduction/outputs/e13_engineered_homography_100subaction/experiments/E13/pipeline_outputs/subaction_76_P01_109_76/episode_01_right/frame_012327_right/label_heatmap_merged_overlay.png,/Users/huhu/Documents/Code/bishe/vrb/vrbreproduction/outputs/e13_engineered_homography_100subaction/experiments/E13/pipeline_outputs/subaction_76_P01_109_76/episode_01_right/frame_012327_right/vrb_style_affordance.png,"(256, 456)",True,/Users/huhu/Documents/Code/bishe/vrb/vrbreproduction/outputs/e13_engineered_homography_100subaction/experiments/E13/pipeline_outputs/subaction_76_P01_109_76/episode_01_right/frame_012327_right/diagnostics/problem3_ref_full_overlay.png,/Users/huhu/Documents/Code/bishe/vrb/vrbreproduction/outputs/e13_engineered_homography_100subaction/experiments/E13/pipeline_outputs/subaction_76_P01_109_76/episode_01_right/frame_012327_right/diagnostics/problem3_ref_crop.png,33.0,0.9626556016597511,155.0,158.0,0.3033721446990967,SIFT,,76:12327:right
E13,E13_engineered_homography_projection,new_contact_episode_early_frames,short_window_pre_contact_nearest_no_contact,76,P01_109_76,P01_109,pick up potato slice,pick-up,slice:potato,['slice:potato'],12325,12391,12324,12390,10.0,12347.0,12348.0,left,keep,Cell4_label_heatmap,,,119,12345.0,12346.0,2.0,2.0,1.0,6,0.0,covariance,7.091707317073171,/Users/huhu/Documents/Code/bishe/vrb/vrbreproduction/outputs/e13_engineered_homography_100subaction/experiments/E13/pipeline_outputs/subaction_76_P01_109_76/episode_04_left/frame_012347_left,short_window_pre_contact,nearest_frame_before_new_contact_episode,False,False,False,False,False,False,False,False,"(66, 106, 216, 256)",0.15484444444444445,,0,{},,,,True,12346.0,12347.0,12381.0,1.0,12346.0,12343.0,12345.0,3.0,12343.0,12345.0,12343.0,12345.0,60.0,False,12343.0,12345.0,True,False,True,36.0,6,False,4.0,left,smoothed_contact_0_to_1,True,snapped_to_reference_object_mask,"(125.99999499320984, 174.0, 149.99999856948853, 204.0)",0.6901746392250061,0.8991730807395422,0.9863622784614563,"(126.3705062866211, 174.09153747558594, 151.39175415039062, 203.02186584472656)",,4.425927373781864,2.0,1.0,2.0,1.9425266981124878,"[0.8425700664520264, 0.0, 1.9425266981124878, 1.4125341176986694, 0.0]","[[149.43683 177.27951]
 [126.41239 186.3502 ]
 [138.37358 174.09373]
 [150.35228 189.40816]
 [140.86975 202.01979]]","[[149.      178.     ]
 [126.41239 186.3502 ]
 [138.      176.     ]
 [149.      189.     ]
 [140.86975 202.01979]]",False,record_only,new_contact_episode,new_contact_episode,P01_109_sub076_ep04_left,smoothed_contact_run_start_within_subaction,slice:potato,['slice:potato'],,,,,,,,65,6,12343.0,/Users/huhu/Documents/Code/bishe/vrb/vrbreproduction/outputs/e13_engineered_homography_100subaction/experiments/E13/pipeline_outputs/subaction_76_P01_109_76/episode_04_left/frame_012347_left/reference_frame.png,/Users/huhu/Documents/Code/bishe/vrb/vrbreproduction/outputs/e13_engineered_homography_100subaction/experiments/E13/pipeline_outputs/subaction_76_P01_109_76/episode_04_left/frame_012347_left/contact_frame.png,/Users/huhu/Documents/Code/bishe/vrb/vrbreproduction/outputs/e13_engineered_homography_100subaction/experiments/E13/pipeline_outputs/subaction_76_P01_109_76/episode_04_left/frame_012347_left/contact_overlay.png,/Users/huhu/Documents/Code/bishe/vrb/vrbreproduction/outputs/e13_engineered_homography_100subaction/experiments/E13/pipeline_outputs/subaction_76_P01_109_76/episode_04_left/frame_012347_left/projection_overlay_raw_vs_snapped.png,/Users/huhu/Documents/Code/bishe/vrb/vrbreproduction/outputs/e13_engineered_homography_100subaction/experiments/E13/pipeline_outputs/subaction_76_P01_109_76/episode_04_left/frame_012347_left/homography_matches.png,/Users/huhu/Documents/Code/bishe/vrb/vrbreproduction/outputs/e13_engineered_homography_100subaction/experiments/E13/pipeline_outputs/subaction_76_P01_109_76/episode_04_left/frame_012347_left/label_heatmap_merged.npy,/Users/huhu/Documents/Code/bishe/vrb/vrbreproduction/outputs/e13_engineered_homography_100subaction/experiments/E13/pipeline_outputs/subaction_76_P01_109_76/episode_04_left/frame_012347_left/label_heatmap_merged.png,/Users/huhu/Documents/Code/bishe/vrb/vrbreproduction/outputs/e13_engineered_homography_100subaction/experiments/E13/pipeline_outputs/subaction_76_P01_109_76/episode_04_left/frame_012347_left/label_heatmap_merged_overlay.png,/Users/huhu/Documents/Code/bishe/vrb/vrbreproduction/outputs/e13_engineered_homography_100subaction/experiments/E13/pipeline_outputs/subaction_76_P01_109_76/episode_04_left/frame_012347_left/vrb_style_affordance.png,"(256, 456)",True,/Users/huhu/Documents/Code/bishe/vrb/vrbreproduction/outputs/e13_engineered_homography_100subaction/experiments/E13/pipeline_outputs/subaction_76_P01_109_76/episode_04_left/frame_012347_left/diagnostics/problem3_ref_full_overlay.png,/Users/huhu/Documents/Code/bishe/vrb/vrbreproduction/outputs/e13_engineered_homography_100subaction/experiments/E13/pipeline_outputs/subaction_76_P01_109_76/episode_04_left/frame_012347_left/diagnostics/problem3_ref_crop.png,27.0,0.9658536585365853,177.0,180.0,0.2601540684700012,SIFT,,76:12347:left
E13,E13_engineered_homography_projection,new_contact_episode_early_frames,short_window_pre_contact_nearest_no_contact,76,P01_109_76,P01_109,pick up potato slice,pick-up,slice:potato,['slice:potato'],12325,12391,12324,12390,11.0,12348.0,12349.0,left,keep,Cell4_label_heatmap,,,103,12345.0,12346.0,3.0,3.0,1.0,6,0.0,covariance,6.561707317073171,/Users/huhu/Documents/Code/bishe/vrb/vrbreproduction/outputs/e13_engineered_homography_100subaction/experiments/E13/pipeline_outputs/subaction_76_P01_109_76/episode_04_left/frame_012348_left,short_window_pre_contact,nearest_frame_before_new_contact_episode,False,False,False,False,False,False,False,False,"(63, 106, 213, 256)",0.15484444444444445,,0,{},,,,True,12346.0,12347.0,12381.0,2.0,12346.0,12343.0,12345.0,3.0,12343.0,12345.0,12343.0,12345.0,60.0,False,12343.0,12345.0,True,False,True,36.0,6,False,4.0,left,smoothed_contact_0_to_1,True,snapped_to_reference_object_mask,"(125.99999499320984, 174.0, 149.99999856948853, 204.0)",0.6901746392250061,0.8814434841132603,1.2449935674667358,"(126.62958526611328, 174.01913452148438, 151.64804077148438, 202.97462463378906)",,2.018314117687052,2.0,1.0,2.0,2.0887205600738525,"[0.0, 2.0887205600738525, 2.004964590072632, 1.6577184200286865, 0.0]","[[126.67153 186.31966]
 [144.8508  201.96814]
 [138.63052 174.02937]
 [150.61076 189.39175]
 [134.41191 201.95445]]","[[126.67153 186.31966]
 [143.      201.     ]
 [139.      176.     ]
 [149.      189.     ]
 [134.41191 201.95445]]",False,record_only,new_contact_episode,new_contact_episode,P01_109_sub076_ep04_left,smoothed_contact_run_start_within_subaction,slice:potato,['slice:potato'],,,,,,,,65,6,12343.0,/Users/huhu/Documents/Code/bishe/vrb/vrbreproduction/outputs/e13_engineered_homography_100subaction/experiments/E13/pipeline_outputs/subaction_76_P01_109_76/episode_04_left/frame_012348_left/reference_frame.png,/Users/huhu/Documents/Code/bishe/vrb/vrbreproduction/outputs/e13_engineered_homography_100subaction/experiments/E13/pipeline_outputs/subaction_76_P01_109_76/episode_04_left/frame_012348_left/contact_frame.png,/Users/huhu/Documents/Code/bishe/vrb/vrbreproduction/outputs/e13_engineered_homography_100subaction/experiments/E13/pipeline_outputs/subaction_76_P01_109_76/episode_04_left/frame_012348_left/contact_overlay.png,/Users/huhu/Documents/Code/bishe/vrb/vrbreproduction/outputs/e13_engineered_homography_100subaction/experiments/E13/pipeline_outputs/subaction_76_P01_109_76/episode_04_left/frame_012348_left/projection_overlay_raw_vs_snapped.png,/Users/huhu/Documents/Code/bishe/vrb/vrbreproduction/outputs/e13_engineered_homography_100subaction/experiments/E13/pipeline_outputs/subaction_76_P01_109_76/episode_04_left/frame_012348_left/homography_matches.png,/Users/huhu/Documents/Code/bishe/vrb/vrbreproduction/outputs/e13_engineered_homography_100subaction/experiments/E13/pipeline_outputs/subaction_76_P01_109_76/episode_04_left/frame_012348_left/label_heatmap_merged.npy,/Users/huhu/Documents/Code/bishe/vrb/vrbreproduction/outputs/e13_engineered_homography_100subaction/experiments/E13/pipeline_outputs/subaction_76_P01_109_76/episode_04_left/frame_012348_left/label_heatmap_merged.png,/Users/huhu/Documents/Code/bishe/vrb/vrbreproduction/outputs/e13_engineered_homography_100subaction/experiments/E13/pipeline_outputs/subaction_76_P01_109_76/episode_04_left/frame_012348_left/label_heatmap_merged_overlay.png,/Users/huhu/Documents/Code/bishe/vrb/vrbreproduction/outputs/e13_engineered_homography_100subaction/experiments/E13/pipeline_outputs/subaction_76_P01_109_76/episode_04_left/frame_012348_left/vrb_style_affordance.png,"(256, 456)",True,/Users/huhu/Documents/Code/bishe/vrb/vrbreproduction/outputs/e13_engineered_homography_100subaction/experiments/E13/pipeline_outputs/subaction_76_P01_109_76/episode_04_left/frame_012348_left/diagnostics/problem3_ref_full_overlay.png,/Users/huhu/Documents/Code/bishe/vrb/vrbreproduction/outputs/e13_engineered_homography_100subaction/experiments/E13/pipeline_outputs/subaction_76_P01_109_76/episode_04_left/frame_012348_left/diagnostics/problem3_ref_crop.png,33.0,0.9658536585365853,177.0,180.0,0.2601540684700012,SIFT,,76:12348:left
E13,E13_engineered_homography_projection,new_contact_episode_early_frames,short_window_pre_contact_nearest_no_contact,77,P01_109_78,P01_109,pick up potato slice,pick-up,slice:potato,['slice:potato'],12336,12390,12335,12389,7.0,12347.0,12348.0,left,keep,Cell4_label_heatmap,,,119,12345.0,12346.0,2.0,2.0,1.0,6,0.0,covariance,7.091707317073171,/Users/huhu/Documents/Code/bishe/vrb/vrbreproduction/outputs/e13_engineered_homography_100subaction/experiments/E13/pipeline_outputs/subaction_77_P01_109_78/episode_03_left/frame_012347_left,short_window_pre_contact,nearest_frame_before_new_contact_episode,False,False,False,False,False,False,False,False,"(66, 106, 216, 256)",0.15484444444444445,,0,{},,,,True,12346.0,12347.0,12381.0,1.0,12346.0,12343.0,12345.0,3.0,12343.0,12345.0,12343.0,12345.0,60.0,False,12343.0,12345.0,True,False,True,36.0,5,False,3.0,left,smoothed_contact_0_to_1,True,snapped_to_reference_object_mask,"(125.99999499320984, 174.0, 149.99999856948853, 204.0)",0.6901746392250061,0.8991730807395422,0.9863622784614563,"(126.3705062866211, 174.09153747558594, 151.39175415039062, 203.02186584472656)",,4.425927373781864,2.0,1.0,2.0,1.9425266981124878,"[0.8425700664520264, 0.0, 1.9425266981124878, 1.4125341176986694, 0.0]","[[149.43683 177.27951]
 [126.41239 186.3502 ]
 [138.37358 174.09373]
 [150.35228 189.40816]
 [140.86975 202.01979]]","[[149.      178.     ]
 [126.41239 186.3502 ]
 [138.      176.     ]
 [149.      189.     ]
 [140.86975 202.01979]]",False,record_only,new_contact_episode,new_contact_episode,P01_109_sub077_ep03_left,smoothed_contact_run_start_within_subaction,slice:potato,['slice:potato'],,,,,,,,60,5,12343.0,/Users/huhu/Documents/Code/bishe/vrb/vrbreproduction/outputs/e13_engineered_homography_100subaction/experiments/E13/pipeline_outputs/subaction_77_P01_109_78/episode_03_left/frame_012347_left/reference_frame.png,/Users/huhu/Documents/Code/bishe/vrb/vrbreproduction/outputs/e13_engineered_homography_100subaction/experiments/E13/pipeline_outputs/subaction_77_P01_109_78/episode_03_left/frame_012347_left/contact_frame.png,/Users/huhu/Documents/Code/bishe/vrb/vrbreproduction/outputs/e13_engineered_homography_100subaction/experiments/E13/pipeline_outputs/subaction_77_P01_109_78/episode_03_left/frame_012347_left/contact_overlay.png,/Users/huhu/Documents/Code/bishe/vrb/vrbreproduction/outputs/e13_engineered_homography_100subaction/experiments/E13/pipeline_outputs/subaction_77_P01_109_78/episode_03_left/frame_012347_left/projection_overlay_raw_vs_snapped.png,/Users/huhu/Documents/Code/bishe/vrb/vrbreproduction/outputs/e13_engineered_homography_100subaction/experiments/E13/pipeline_outputs/subaction_77_P01_109_78/episode_03_left/frame_012347_left/homography_matches.png,/Users/huhu/Documents/Code/bishe/vrb/vrbreproduction/outputs/e13_engineered_homography_100subaction/experiments/E13/pipeline_outputs/subaction_77_P01_109_78/episode_03_left/frame_012347_left/label_heatmap_merged.npy,/Users/huhu/Documents/Code/bishe/vrb/vrbreproduction/outputs/e13_engineered_homography_100subaction/experiments/E13/pipeline_outputs/subaction_77_P01_109_78/episode_03_left/frame_012347_left/label_heatmap_merged.png,/Users/huhu/Documents/Code/bishe/vrb/vrbreproduction/outputs/e13_engineered_homography_100subaction/experiments/E13/pipeline_outputs/subaction_77_P01_109_78/episode_03_left/frame_012347_left/label_heatmap_merged_overlay.png,/Users/huhu/Documents/Code/bishe/vrb/vrbreproduction/outputs/e13_engineered_homography_100subaction/experiments/E13/pipeline_outputs/subaction_77_P01_109_78/episode_03_left/frame_012347_left/vrb_style_affordance.png,"(256, 456)",True,/Users/huhu/Documents/Code/bishe/vrb/vrbreproduction/outputs/e13_engineered_homography_100subaction/experiments/E13/pipeline_outputs/subaction_77_P01_109_78/episode_03_left/frame_012347_left/diagnostics/problem3_ref_full_overlay.png,/Users/huhu/Documents/Code/bishe/vrb/vrbreproduction/outputs/e13_engineered_homography_100subaction/experiments/E13/pipeline_outputs/subaction_77_P01_109_78/episode_03_left/frame_012347_left/diagnostics/problem3_ref_crop.png,27.0,0.9658536585365853,177.0,180.0,0.2601540684700012,SIFT,,77:12347:left
E13,E13_engineered_homography_projection,new_contact_episode_early_frames,short_window_pre_contact_nearest_no_contact,77,P01_109_78,P01_109,pick up potato slice,pick-up,slice:potato,['slice:potato'],12336,12390,12335,12389,8.0,12348.0,12349.0,left,keep,Cell4_label_heatmap,,,103,12345.0,12346.0,3.0,3.0,1.0,6,0.0,covariance,6.561707317073171,/Users/huhu/Documents/Code/bishe/vrb/vrbreproduction/outputs/e13_engineered_homography_100subaction/experiments/E13/pipeline_outputs/subaction_77_P01_109_78/episode_03_left/frame_012348_left,short_window_pre_contact,nearest_frame_before_new_contact_episode,False,False,False,False,False,False,False,False,"(63, 106, 213, 256)",0.15484444444444445,,0,{},,,,True,12346.0,12347.0,12381.0,2.0,12346.0,12343.0,12345.0,3.0,12343.0,12345.0,12343.0,12345.0,60.0,False,12343.0,12345.0,True,False,True,36.0,5,False,3.0,left,smoothed_contact_0_to_1,True,snapped_to_reference_object_mask,"(125.99999499320984, 174.0, 149.99999856948853, 204.0)",0.6901746392250061,0.8814434841132603,1.2449935674667358,"(126.62958526611328, 174.01913452148438, 151.64804077148438, 202.97462463378906)",,2.018314117687052,2.0,1.0,2.0,2.0887205600738525,"[0.0, 2.0887205600738525, 2.004964590072632, 1.6577184200286865, 0.0]","[[126.67153 186.31966]
 [144.8508  201.96814]
 [138.63052 174.02937]
 [150.61076 189.39175]
 [134.41191 201.95445]]","[[126.67153 186.31966]
 [143.      201.     ]
 [139.      176.     ]
 [149.      189.     ]
 [134.41191 201.95445]]",False,record_only,new_contact_episode,new_contact_episode,P01_109_sub077_ep03_left,smoothed_contact_run_start_within_subaction,slice:potato,['slice:potato'],,,,,,,,60,5,12343.0,/Users/huhu/Documents/Code/bishe/vrb/vrbreproduction/outputs/e13_engineered_homography_100subaction/experiments/E13/pipeline_outputs/subaction_77_P01_109_78/episode_03_left/frame_012348_left/reference_frame.png,/Users/huhu/Documents/Code/bishe/vrb/vrbreproduction/outputs/e13_engineered_homography_100subaction/experiments/E13/pipeline_outputs/subaction_77_P01_109_78/episode_03_left/frame_012348_left/contact_frame.png,/Users/huhu/Documents/Code/bishe/vrb/vrbreproduction/outputs/e13_engineered_homography_100subaction/experiments/E13/pipeline_outputs/subaction_77_P01_109_78/episode_03_left/frame_012348_left/contact_overlay.png,/Users/huhu/Documents/Code/bishe/vrb/vrbreproduction/outputs/e13_engineered_homography_100subaction/experiments/E13/pipeline_outputs/subaction_77_P01_109_78/episode_03_left/frame_012348_left/projection_overlay_raw_vs_snapped.png,/Users/huhu/Documents/Code/bishe/vrb/vrbreproduction/outputs/e13_engineered_homography_100subaction/experiments/E13/pipeline_outputs/subaction_77_P01_109_78/episode_03_left/frame_012348_left/homography_matches.png,/Users/huhu/Documents/Code/bishe/vrb/vrbreproduction/outputs/e13_engineered_homography_100subaction/experiments/E13/pipeline_outputs/subaction_77_P01_109_78/episode_03_left/frame_012348_left/label_heatmap_merged.npy,/Users/huhu/Documents/Code/bishe/vrb/vrbreproduction/outputs/e13_engineered_homography_100subaction/experiments/E13/pipeline_outputs/subaction_77_P01_109_78/episode_03_left/frame_012348_left/label_heatmap_merged.png,/Users/huhu/Documents/Code/bishe/vrb/vrbreproduction/outputs/e13_engineered_homography_100subaction/experiments/E13/pipeline_outputs/subaction_77_P01_109_78/episode_03_left/frame_012348_left/label_heatmap_merged_overlay.png,/Users/huhu/Documents/Code/bishe/vrb/vrbreproduction/outputs/e13_engineered_homography_100subaction/experiments/E13/pipeline_outputs/subaction_77_P01_109_78/episode_03_left/frame_012348_left/vrb_style_affordance.png,"(256, 456)",True,/Users/huhu/Documents/Code/bishe/vrb/vrbreproduction/outputs/e13_engineered_homography_100subaction/experiments/E13/pipeline_outputs/subaction_77_P01_109_78/episode_03_left/frame_012348_left/diagnostics/problem3_ref_full_overlay.png,/Users/huhu/Documents/Code/bishe/vrb/vrbreproduction/outputs/e13_engineered_homography_100subaction/experiments/E13/pipeline_outputs/subaction_77_P01_109_78/episode_03_left/frame_012348_left/diagnostics/problem3_ref_crop.png,33.0,0.9658536585365853,177.0,180.0,0.2601540684700012,SIFT,,77:12348:left
E13,E13_engineered_homography_projection,new_contact_episode_early_frames,short_window_pre_contact_nearest_no_contact,81,P01_109_81,P01_109,put down potato slices,put-down,slice:potato,['slice:potato'],12458,12480,12457,12479,0.0,12468.0,12469.0,right,keep,Cell4_label_heatmap,,,108,12467.0,12468.0,1.0,1.0,1.0,6,0.0,covariance,7.0453488372093025,/Users/huhu/Documents/Code/bishe/vrb/vrbreproduction/outputs/e13_engineered_homography_100subaction/experiments/E13/pipeline_outputs/subaction_81_P01_109_81/episode_01_right/frame_012468_right,short_window_pre_contact,nearest_frame_before_new_contact_episode,False,False,False,False,False,False,False,False,"(250, 22, 400, 172)",0.11448888888888889,,0,{},,,,True,12468.0,12469.0,12476.0,0.0,12468.0,12465.0,12467.0,3.0,12465.0,12467.0,12465.0,12467.0,60.0,False,12465.0,12467.0,True,True,True,9.0,1,True,1.0,right,smoothed_contact_0_to_1,True,snapped_to_reference_object_mask,"(290.0000081062317, 50.0, 367.00001335144043, 114.0)",0.8299928307533264,0.8890643945284594,2.7103970050811768,"(290.3163146972656, 52.12051010131836, 363.51837158203125, 116.28016662597656)",,14.871061965706966,2.0,1.0,2.0,1.6766533851623535,"[0.0, 0.6483293175697327, 1.6742807626724243, 1.6766533851623535, 0.0]","[[338.26666   84.43738 ]
 [316.4972   112.59071 ]
 [330.57333   87.42743 ]
 [318.1633   102.792564]
 [323.02902   95.37185 ]]","[[338.26666  84.43738]
 [317.      113.     ]
 [329.       88.     ]
 [317.      104.     ]
 [323.02902  95.37185]]",False,record_only,new_contact_episode,new_contact_episode,P01_109_sub081_ep01_right,smoothed_contact_run_start_within_subaction,slice:potato,['slice:potato'],,,,,,,,17,1,12465.0,/Users/huhu/Documents/Code/bishe/vrb/vrbreproduction/outputs/e13_engineered_homography_100subaction/experiments/E13/pipeline_outputs/subaction_81_P01_109_81/episode_01_right/frame_012468_right/reference_frame.png,/Users/huhu/Documents/Code/bishe/vrb/vrbreproduction/outputs/e13_engineered_homography_100subaction/experiments/E13/pipeline_outputs/subaction_81_P01_109_81/episode_01_right/frame_012468_right/contact_frame.png,/Users/huhu/Documents/Code/bishe/vrb/vrbreproduction/outputs/e13_engineered_homography_100subaction/experiments/E13/pipeline_outputs/subaction_81_P01_109_81/episode_01_right/frame_012468_right/contact_overlay.png,/Users/huhu/Documents/Code/bishe/vrb/vrbreproduction/outputs/e13_engineered_homography_100subaction/experiments/E13/pipeline_outputs/subaction_81_P01_109_81/episode_01_right/frame_012468_right/projection_overlay_raw_vs_snapped.png,/Users/huhu/Documents/Code/bishe/vrb/vrbreproduction/outputs/e13_engineered_homography_100subaction/experiments/E13/pipeline_outputs/subaction_81_P01_109_81/episode_01_right/frame_012468_right/homography_matches.png,/Users/huhu/Documents/Code/bishe/vrb/vrbreproduction/outputs/e13_engineered_homography_100subaction/experiments/E13/pipeline_outputs/subaction_81_P01_109_81/episode_01_right/frame_012468_right/label_heatmap_merged.npy,/Users/huhu/Documents/Code/bishe/vrb/vrbreproduction/outputs/e13_engineered_homography_100subaction/experiments/E13/pipeline_outputs/subaction_81_P01_109_81/episode_01_right/frame_012468_right/label_heatmap_merged.png,/Users/huhu/Documents/Code/bishe/vrb/vrbreproduction/outputs/e13_engineered_homography_100subaction/experiments/E13/pipeline_outputs/subaction_81_P01_109_81/episode_01_right/frame_012468_right/label_heatmap_merged_overlay.png,/Users/huhu/Documents/Code/bishe/vrb/vrbreproduction/outputs/e13_engineered_homography_100subaction/experiments/E13/pipeline_outputs/subaction_81_P01_109_81/episode_01_right/frame_012468_right/vrb_style_affordance.png,"(256, 456)",True,/Users/huhu/Documents/Code/bishe/vrb/vrbreproduction/outputs/e13_engineered_homography_100subaction/experiments/E13/pipeline_outputs/subaction_81_P01_109_81/episode_01_right/frame_012468_right/diagnostics/problem3_ref_full_overlay.png,/Users/huhu/Documents/Code/bishe/vrb/vrbreproduction/outputs/e13_engineered_homography_100subaction/experiments/E13/pipeline_outputs/subaction_81_P01_109_81/episode_01_right/frame_012468_right/diagnostics/problem3_ref_crop.png,21.0,0.9476744186046512,159.0,165.0,0.21390709280967712,SIFT,,81:12468:right
E13,E13_engineered_homography_projection,new_contact_episode_early_frames,short_window_pre_contact_nearest_no_contact,84,P01_109_84,P01_109,pick up potato slice,pick-up,slice:potato,['slice:potato'],12634,12667,12633,12666,0.0,12634.0,12635.0,right,keep,Cell4_label_heatmap,,,107,12633.0,12634.0,1.0,1.0,1.0,6,0.0,covariance,6.986287425149701,/Users/huhu/Documents/Code/bishe/vrb/vrbreproduction/outputs/e13_engineered_homography_100subaction/experiments/E13/pipeline_outputs/subaction_84_P01_109_84/episode_01_right/frame_012634_right,short_window_pre_contact,nearest_frame_before_new_contact_episode,False,False,False,False,False,False,False,False,"(251, 25, 401, 175)",0.1436888888888889,,0,{},,,,True,12634.0,12635.0,12636.0,0.0,12634.0,12631.0,12633.0,3.0,12631.0,12633.0,12631.0,12633.0,60.0,False,12631.0,12633.0,True,True,True,3.0,5,True,1.0,right,smoothed_contact_0_to_1,True,snapped_to_reference_object_mask,"(298.0000047683716, 31.0, 391.0000033378601, 119.0)",0.6826668977737427,0.9447316962078568,1.0851256847381592,"(297.09259033203125, 32.04328155517578, 390.0597229003906, 116.8182373046875)",,31.136045678721075,4.0,2.0,4.0,1.248856782913208,"[0.0, 0.0, 0.0, 0.0, 1.248856782913208]","[[342.1669    95.73146 ]
 [322.47015  103.6641  ]
 [321.36978   99.02104 ]
 [313.88632  105.85489 ]
 [329.15424   95.239296]]","[[342.1669   95.73146]
 [322.47015 103.6641 ]
 [321.36978  99.02104]
 [313.88632 105.85489]
 [329.       94.     ]]",False,record_only,new_contact_episode,new_contact_episode,P01_109_sub084_ep01_right,smoothed_contact_run_start_within_subaction,slice:potato,['slice:potato'],,,,,,,,38,5,12631.0,/Users/huhu/Documents/Code/bishe/vrb/vrbreproduction/outputs/e13_engineered_homography_100subaction/experiments/E13/pipeline_outputs/subaction_84_P01_109_84/episode_01_right/frame_012634_right/reference_frame.png,/Users/huhu/Documents/Code/bishe/vrb/vrbreproduction/outputs/e13_engineered_homography_100subaction/experiments/E13/pipeline_outputs/subaction_84_P01_109_84/episode_01_right/frame_012634_right/contact_frame.png,/Users/huhu/Documents/Code/bishe/vrb/vrbreproduction/outputs/e13_engineered_homography_100subaction/experiments/E13/pipeline_outputs/subaction_84_P01_109_84/episode_01_right/frame_012634_right/contact_overlay.png,/Users/huhu/Documents/Code/bishe/vrb/vrbreproduction/outputs/e13_engineered_homography_100subaction/experiments/E13/pipeline_outputs/subaction_84_P01_109_84/episode_01_right/frame_012634_right/projection_overlay_raw_vs_snapped.png,/Users/huhu/Documents/Code/bishe/vrb/vrbreproduction/outputs/e13_engineered_homography_100subaction/experiments/E13/pipeline_outputs/subaction_84_P01_109_84/episode_01_right/frame_012634_right/homography_matches.png,/Users/huhu/Documents/Code/bishe/vrb/vrbreproduction/outputs/e13_engineered_homography_100subaction/experiments/E13/pipeline_outputs/subaction_84_P01_109_84/episode_01_right/frame_012634_right/label_heatmap_merged.npy,/Users/huhu/Documents/Code/bishe/vrb/vrbreproduction/outputs/e13_engineered_homography_100subaction/experiments/E13/pipeline_outputs/subaction_84_P01_109_84/episode_01_right/frame_012634_right/label_heatmap_merged.png,/Users/huhu/Documents/Code/bishe/vrb/vrbreproduction/outputs/e13_engineered_homography_100subaction/experiments/E13/pipeline_outputs/subaction_84_P01_109_84/episode_01_right/frame_012634_right/label_heatmap_merged_overlay.png,/Users/huhu/Documents/Code/bishe/vrb/vrbreproduction/outputs/e13_engineered_homography_100subaction/experiments/E13/pipeline_outputs/subaction_84_P01_109_84/episode_01_right/frame_012634_right/vrb_style_affordance.png,"(256, 456)",True,/Users/huhu/Documents/Code/bishe/vrb/vrbreproduction/outputs/e13_engineered_homography_100subaction/experiments/E13/pipeline_outputs/subaction_84_P01_109_84/episode_01_right/frame_012634_right/diagnostics/problem3_ref_full_overlay.png,/Users/huhu/Documents/Code/bishe/vrb/vrbreproduction/outputs/e13_engineered_homography_100subaction/experiments/E13/pipeline_outputs/subaction_84_P01_109_84/episode_01_right/frame_012634_right/diagnostics/problem3_ref_crop.png,21.0,0.9281437125748503,145.0,155.0,0.28053417801856995,SIFT,,84:12634:right
E13,E13_engineered_homography_projection,new_contact_episode_early_frames,short_window_pre_contact_nearest_no_contact,84,P01_109_84,P01_109,pick up potato slice,pick-up,slice:potato,['slice:potato'],12634,12667,12633,12666,1.0,12635.0,12636.0,right,keep,Cell4_label_heatmap,,,138,12633.0,12634.0,2.0,2.0,1.0,6,0.0,covariance,7.396287425149701,/Users/huhu/Documents/Code/bishe/vrb/vrbreproduction/outputs/e13_engineered_homography_100subaction/experiments/E13/pipeline_outputs/subaction_84_P01_109_84/episode_01_right/frame_012635_right,short_window_pre_contact,nearest_frame_before_new_contact_episode,False,False,False,False,False,False,False,False,"(247, 26, 397, 176)",0.1436888888888889,,0,{},,,,True,12634.0,12635.0,12636.0,1.0,12634.0,12631.0,12633.0,3.0,12631.0,12633.0,12631.0,12633.0,60.0,False,12631.0,12633.0,True,False,True,3.0,5,False,1.0,right,smoothed_contact_0_to_1,True,snapped_to_reference_object_mask,"(298.0000047683716, 31.0, 391.0000033378601, 119.0)",0.6826668977737427,0.9131919842522874,3.178321123123169,"(297.47845458984375, 30.935823440551758, 385.5475158691406, 116.89202117919922)",,34.703274314066604,3.0,2.0,3.0,3.7210562229156494,"[3.7210562229156494, 0.0, 0.0, 3.013502359390259, 0.0]","[[335.16714  97.7173 ]
 [314.14337 105.37467]
 [314.15564  96.62993]
 [322.99075 111.36958]
 [324.77005  97.04844]]","[[335.       94.     ]
 [314.14337 105.37467]
 [314.15564  96.62993]
 [320.      111.     ]
 [324.77005  97.04844]]",False,record_only,new_contact_episode,new_contact_episode,P01_109_sub084_ep01_right,smoothed_contact_run_start_within_subaction,slice:potato,['slice:potato'],,,,,,,,38,5,12631.0,/Users/huhu/Documents/Code/bishe/vrb/vrbreproduction/outputs/e13_engineered_homography_100subaction/experiments/E13/pipeline_outputs/subaction_84_P01_109_84/episode_01_right/frame_012635_right/reference_frame.png,/Users/huhu/Documents/Code/bishe/vrb/vrbreproduction/outputs/e13_engineered_homography_100subaction/experiments/E13/pipeline_outputs/subaction_84_P01_109_84/episode_01_right/frame_012635_right/contact_frame.png,/Users/huhu/Documents/Code/bishe/vrb/vrbreproduction/outputs/e13_engineered_homography_100subaction/experiments/E13/pipeline_outputs/subaction_84_P01_109_84/episode_01_right/frame_012635_right/contact_overlay.png,/Users/huhu/Documents/Code/bishe/vrb/vrbreproduction/outputs/e13_engineered_homography_100subaction/experiments/E13/pipeline_outputs/subaction_84_P01_109_84/episode_01_right/frame_012635_right/projection_overlay_raw_vs_snapped.png,/Users/huhu/Documents/Code/bishe/vrb/vrbreproduction/outputs/e13_engineered_homography_100subaction/experiments/E13/pipeline_outputs/subaction_84_P01_109_84/episode_01_right/frame_012635_right/homography_matches.png,/Users/huhu/Documents/Code/bishe/vrb/vrbreproduction/outputs/e13_engineered_homography_100subaction/experiments/E13/pipeline_outputs/subaction_84_P01_109_84/episode_01_right/frame_012635_right/label_heatmap_merged.npy,/Users/huhu/Documents/Code/bishe/vrb/vrbreproduction/outputs/e13_engineered_homography_100subaction/experiments/E13/pipeline_outputs/subaction_84_P01_109_84/episode_01_right/frame_012635_right/label_heatmap_merged.png,/Users/huhu/Documents/Code/bishe/vrb/vrbreproduction/outputs/e13_engineered_homography_100subaction/experiments/E13/pipeline_outputs/subaction_84_P01_109_84/episode_01_right/frame_012635_right/label_heatmap_merged_overlay.png,/Users/huhu/Documents/Code/bishe/vrb/vrbreproduction/outputs/e13_engineered_homography_100subaction/experiments/E13/pipeline_outputs/subaction_84_P01_109_84/episode_01_right/frame_012635_right/vrb_style_affordance.png,"(256, 456)",True,/Users/huhu/Documents/Code/bishe/vrb/vrbreproduction/outputs/e13_engineered_homography_100subaction/experiments/E13/pipeline_outputs/subaction_84_P01_109_84/episode_01_right/frame_012635_right/diagnostics/problem3_ref_full_overlay.png,/Users/huhu/Documents/Code/bishe/vrb/vrbreproduction/outputs/e13_engineered_homography_100subaction/experiments/E13/pipeline_outputs/subaction_84_P01_109_84/episode_01_right/frame_012635_right/diagnostics/problem3_ref_crop.png,27.0,0.9281437125748503,145.0,155.0,0.28053417801856995,SIFT,,84:12635:right
E13,E13_engineered_homography_projection,new_contact_episode_early_frames,short_window_pre_contact_nearest_no_contact,84,P01_109_84,P01_109,pick up potato slice,pick-up,slice:potato,['slice:potato'],12634,12667,12633,12666,2.0,12636.0,12637.0,right,keep,Cell4_label_heatmap,,,104,12633.0,12634.0,3.0,3.0,1.0,6,0.0,covariance,6.5062874251497,/Users/huhu/Documents/Code/bishe/vrb/vrbreproduction/outputs/e13_engineered_homography_100subaction/experiments/E13/pipeline_outputs/subaction_84_P01_109_84/episode_01_right/frame_012636_right,short_window_pre_contact,nearest_frame_before_new_contact_episode,False,False,False,False,False,False,False,False,"(245, 25, 395, 175)",0.1436888888888889,,0,{},,,,True,12634.0,12635.0,12636.0,2.0,12634.0,12631.0,12633.0,3.0,12631.0,12633.0,12631.0,12633.0,60.0,False,12631.0,12633.0,True,False,True,3.0,5,False,1.0,right,smoothed_contact_0_to_1,True,snapped_to_reference_object_mask,"(298.0000047683716, 31.0, 391.0000033378601, 119.0)",0.6826668977737427,0.9114573994392502,2.9456911087036133,"(297.9517517089844, 33.88278579711914, 386.5157165527344, 119.88079833984375)",,33.79157516702579,3.0,2.0,3.0,2.504363775253296,"[0.7994696497917175, 0.0, 0.0, 2.504363775253296, 0.0]","[[330.55048   99.420235]
 [304.27042   97.514206]
 [310.59354   97.41662 ]
 [338.80164  102.260475]
 [320.0718    99.10571 ]]","[[330.       100.      ]
 [304.27042   97.514206]
 [310.59354   97.41662 ]
 [337.       104.      ]
 [320.0718    99.10571 ]]",False,record_only,new_contact_episode,new_contact_episode,P01_109_sub084_ep01_right,smoothed_contact_run_start_within_subaction,slice:potato,['slice:potato'],,,,,,,,38,5,12631.0,/Users/huhu/Documents/Code/bishe/vrb/vrbreproduction/outputs/e13_engineered_homography_100subaction/experiments/E13/pipeline_outputs/subaction_84_P01_109_84/episode_01_right/frame_012636_right/reference_frame.png,/Users/huhu/Documents/Code/bishe/vrb/vrbreproduction/outputs/e13_engineered_homography_100subaction/experiments/E13/pipeline_outputs/subaction_84_P01_109_84/episode_01_right/frame_012636_right/contact_frame.png,/Users/huhu/Documents/Code/bishe/vrb/vrbreproduction/outputs/e13_engineered_homography_100subaction/experiments/E13/pipeline_outputs/subaction_84_P01_109_84/episode_01_right/frame_012636_right/contact_overlay.png,/Users/huhu/Documents/Code/bishe/vrb/vrbreproduction/outputs/e13_engineered_homography_100subaction/experiments/E13/pipeline_outputs/subaction_84_P01_109_84/episode_01_right/frame_012636_right/projection_overlay_raw_vs_snapped.png,/Users/huhu/Documents/Code/bishe/vrb/vrbreproduction/outputs/e13_engineered_homography_100subaction/experiments/E13/pipeline_outputs/subaction_84_P01_109_84/episode_01_right/frame_012636_right/homography_matches.png,/Users/huhu/Documents/Code/bishe/vrb/vrbreproduction/outputs/e13_engineered_homography_100subaction/experiments/E13/pipeline_outputs/subaction_84_P01_109_84/episode_01_right/frame_012636_right/label_heatmap_merged.npy,/Users/huhu/Documents/Code/bishe/vrb/vrbreproduction/outputs/e13_engineered_homography_100subaction/experiments/E13/pipeline_outputs/subaction_84_P01_109_84/episode_01_right/frame_012636_right/label_heatmap_merged.png,/Users/huhu/Documents/Code/bishe/vrb/vrbreproduction/outputs/e13_engineered_homography_100subaction/experiments/E13/pipeline_outputs/subaction_84_P01_109_84/episode_01_right/frame_012636_right/label_heatmap_merged_overlay.png,/Users/huhu/Documents/Code/bishe/vrb/vrbreproduction/outputs/e13_engineered_homography_100subaction/experiments/E13/pipeline_outputs/subaction_84_P01_109_84/episode_01_right/frame_012636_right/vrb_style_affordance.png,"(256, 456)",True,/Users/huhu/Documents/Code/bishe/vrb/vrbreproduction/outputs/e13_engineered_homography_100subaction/experiments/E13/pipeline_outputs/subaction_84_P01_109_84/episode_01_right/frame_012636_right/diagnostics/problem3_ref_full_overlay.png,/Users/huhu/Documents/Code/bishe/vrb/vrbreproduction/outputs/e13_engineered_homography_100subaction/experiments/E13/pipeline_outputs/subaction_84_P01_109_84/episode_01_right/frame_012636_right/diagnostics/problem3_ref_crop.png,33.0,0.9281437125748503,145.0,155.0,0.28053417801856995,SIFT,,84:12636:right
E13,E13_engineered_homography_projection,new_contact_episode_early_frames,short_window_pre_contact_nearest_no_contact,84,P01_109_84,P01_109,pick up potato slice,pick-up,slice:potato,['slice:potato'],12634,12667,12633,12666,8.0,12658.0,12659.0,right,keep,Cell4_label_heatmap,,,55,12656.0,12657.0,2.0,2.0,1.0,6,0.0,covariance,5.786976744186047,/Users/huhu/Documents/Code/bishe/vrb/vrbreproduction/outputs/e13_engineered_homography_100subaction/experiments/E13/pipeline_outputs/subaction_84_P01_109_84/episode_04_right/frame_012658_right,short_window_pre_contact,nearest_frame_before_new_contact_episode,False,False,False,False,False,False,False,False,"(103, 106, 253, 256)",0.3021333333333333,,0,{},,,,True,12657.0,12658.0,12679.0,1.0,12657.0,12656.0,12656.0,1.0,12656.0,12656.0,12656.0,12656.0,60.0,False,12656.0,12656.0,True,False,True,23.0,5,False,4.0,right,smoothed_contact_0_to_1,True,snapped_to_reference_object_mask,"(149.0000023841858, 161.0, 181.9999988079071, 197.0)",0.5194963216781616,0.3031859670001901,15.748785972595215,"(166.56195068359375, 162.101318359375, 195.88885498046875, 194.1829376220703)",,24.272484984096085,0.0,2.0,0.0,15.115021705627441,"[12.971518516540527, 15.115021705627441, 11.137507438659668, 10.912327766418457, 12.957844734191895]","[[190.97105 181.1098 ]
 [192.833   186.90623]
 [186.14738 172.40929]
 [187.94211 176.50185]
 [190.65605 186.7803 ]]","[[178. 181.]
 [178. 184.]
 [176. 177.]
 [178. 181.]
 [178. 184.]]",False,record_only,new_contact_episode,new_contact_episode,P01_109_sub084_ep04_right,smoothed_contact_run_start_within_subaction,slice:potato,['slice:potato'],,,,,,,,38,5,12656.0,/Users/huhu/Documents/Code/bishe/vrb/vrbreproduction/outputs/e13_engineered_homography_100subaction/experiments/E13/pipeline_outputs/subaction_84_P01_109_84/episode_04_right/frame_012658_right/reference_frame.png,/Users/huhu/Documents/Code/bishe/vrb/vrbreproduction/outputs/e13_engineered_homography_100subaction/experiments/E13/pipeline_outputs/subaction_84_P01_109_84/episode_04_right/frame_012658_right/contact_frame.png,/Users/huhu/Documents/Code/bishe/vrb/vrbreproduction/outputs/e13_engineered_homography_100subaction/experiments/E13/pipeline_outputs/subaction_84_P01_109_84/episode_04_right/frame_012658_right/contact_overlay.png,/Users/huhu/Documents/Code/bishe/vrb/vrbreproduction/outputs/e13_engineered_homography_100subaction/experiments/E13/pipeline_outputs/subaction_84_P01_109_84/episode_04_right/frame_012658_right/projection_overlay_raw_vs_snapped.png,/Users/huhu/Documents/Code/bishe/vrb/vrbreproduction/outputs/e13_engineered_homography_100subaction/experiments/E13/pipeline_outputs/subaction_84_P01_109_84/episode_04_right/frame_012658_right/homography_matches.png,/Users/huhu/Documents/Code/bishe/vrb/vrbreproduction/outputs/e13_engineered_homography_100subaction/experiments/E13/pipeline_outputs/subaction_84_P01_109_84/episode_04_right/frame_012658_right/label_heatmap_merged.npy,/Users/huhu/Documents/Code/bishe/vrb/vrbreproduction/outputs/e13_engineered_homography_100subaction/experiments/E13/pipeline_outputs/subaction_84_P01_109_84/episode_04_right/frame_012658_right/label_heatmap_merged.png,/Users/huhu/Documents/Code/bishe/vrb/vrbreproduction/outputs/e13_engineered_homography_100subaction/experiments/E13/pipeline_outputs/subaction_84_P01_109_84/episode_04_right/frame_012658_right/label_heatmap_merged_overlay.png,/Users/huhu/Documents/Code/bishe/vrb/vrbreproduction/outputs/e13_engineered_homography_100subaction/experiments/E13/pipeline_outputs/subaction_84_P01_109_84/episode_04_right/frame_012658_right/vrb_style_affordance.png,"(256, 456)",True,/Users/huhu/Documents/Code/bishe/vrb/vrbreproduction/outputs/e13_engineered_homography_100subaction/experiments/E13/pipeline_outputs/subaction_84_P01_109_84/episode_04_right/frame_012658_right/diagnostics/problem3_ref_full_overlay.png,/Users/huhu/Documents/Code/bishe/vrb/vrbreproduction/outputs/e13_engineered_homography_100subaction/experiments/E13/pipeline_outputs/subaction_84_P01_109_84/episode_04_right/frame_012658_right/diagnostics/problem3_ref_crop.png,27.0,0.9534883720930233,192.0,196.0,0.31740498542785645,SIFT,,84:12658:right
E13,E13_engineered_homography_projection,new_contact_episode_early_frames,short_window_pre_contact_nearest_no_contact,84,P01_109_84,P01_109,pick up potato slice,pick-up,slice:potato,['slice:potato'],12634,12667,12633,12666,9.0,12659.0,12660.0,right,keep,Cell4_label_heatmap,,,68,12656.0,12657.0,3.0,3.0,1.0,6,0.0,covariance,5.836976744186046,/Users/huhu/Documents/Code/bishe/vrb/vrbreproduction/outputs/e13_engineered_homography_100subaction/experiments/E13/pipeline_outputs/subaction_84_P01_109_84/episode_04_right/frame_012659_right,short_window_pre_contact,nearest_frame_before_new_contact_episode,False,False,False,False,False,False,False,False,"(124, 106, 274, 256)",0.32253333333333334,,0,{},,,,True,12657.0,12658.0,12679.0,2.0,12657.0,12656.0,12656.0,1.0,12656.0,12656.0,12656.0,12656.0,60.0,False,12656.0,12656.0,True,False,True,23.0,5,False,4.0,right,smoothed_contact_0_to_1,True,snapped_to_reference_object_mask,"(186.99999332427979, 155.0, 223.00000548362732, 198.0)",0.6471005082130432,0.3392041964557681,14.197625160217285,"(176.50331115722656, 163.001220703125, 205.9877166748047, 197.03773498535156)",,7.879057509108037,5.0,2.0,5.0,0.0,"[0.0, 0.0, 0.0, 0.0, 0.0]","[[204.83575 182.11526]
 [195.19058 192.241  ]
 [202.52751 171.41843]
 [197.00006 177.26003]
 [197.43652 187.16829]]","[[204.83575 182.11526]
 [195.19058 192.241  ]
 [202.52751 171.41843]
 [197.00006 177.26003]
 [197.43652 187.16829]]",False,record_only,new_contact_episode,new_contact_episode,P01_109_sub084_ep04_right,smoothed_contact_run_start_within_subaction,slice:potato,['slice:potato'],,,,,,,,38,5,12656.0,/Users/huhu/Documents/Code/bishe/vrb/vrbreproduction/outputs/e13_engineered_homography_100subaction/experiments/E13/pipeline_outputs/subaction_84_P01_109_84/episode_04_right/frame_012659_right/reference_frame.png,/Users/huhu/Documents/Code/bishe/vrb/vrbreproduction/outputs/e13_engineered_homography_100subaction/experiments/E13/pipeline_outputs/subaction_84_P01_109_84/episode_04_right/frame_012659_right/contact_frame.png,/Users/huhu/Documents/Code/bishe/vrb/vrbreproduction/outputs/e13_engineered_homography_100subaction/experiments/E13/pipeline_outputs/subaction_84_P01_109_84/episode_04_right/frame_012659_right/contact_overlay.png,/Users/huhu/Documents/Code/bishe/vrb/vrbreproduction/outputs/e13_engineered_homography_100subaction/experiments/E13/pipeline_outputs/subaction_84_P01_109_84/episode_04_right/frame_012659_right/projection_overlay_raw_vs_snapped.png,/Users/huhu/Documents/Code/bishe/vrb/vrbreproduction/outputs/e13_engineered_homography_100subaction/experiments/E13/pipeline_outputs/subaction_84_P01_109_84/episode_04_right/frame_012659_right/homography_matches.png,/Users/huhu/Documents/Code/bishe/vrb/vrbreproduction/outputs/e13_engineered_homography_100subaction/experiments/E13/pipeline_outputs/subaction_84_P01_109_84/episode_04_right/frame_012659_right/label_heatmap_merged.npy,/Users/huhu/Documents/Code/bishe/vrb/vrbreproduction/outputs/e13_engineered_homography_100subaction/experiments/E13/pipeline_outputs/subaction_84_P01_109_84/episode_04_right/frame_012659_right/label_heatmap_merged.png,/Users/huhu/Documents/Code/bishe/vrb/vrbreproduction/outputs/e13_engineered_homography_100subaction/experiments/E13/pipeline_outputs/subaction_84_P01_109_84/episode_04_right/frame_012659_right/label_heatmap_merged_overlay.png,/Users/huhu/Documents/Code/bishe/vrb/vrbreproduction/outputs/e13_engineered_homography_100subaction/experiments/E13/pipeline_outputs/subaction_84_P01_109_84/episode_04_right/frame_012659_right/vrb_style_affordance.png,"(256, 456)",True,/Users/huhu/Documents/Code/bishe/vrb/vrbreproduction/outputs/e13_engineered_homography_100subaction/experiments/E13/pipeline_outputs/subaction_84_P01_109_84/episode_04_right/frame_012659_right/diagnostics/problem3_ref_full_overlay.png,/Users/huhu/Documents/Code/bishe/vrb/vrbreproduction/outputs/e13_engineered_homography_100subaction/experiments/E13/pipeline_outputs/subaction_84_P01_109_84/episode_04_right/frame_012659_right/diagnostics/problem3_ref_crop.png,33.0,0.9534883720930233,184.0,190.0,0.37643301486968994,SIFT,,84:12659:right
