subaction_index,narration_id,narration,verb,noun,episode_id_within_subaction,episode_contact_start_frame_0_based,frame_0_based,candidate_frame_offset_from_episode_start,hand,reference_mode,ref_idx,ref_gap,reference_gap,reference_anchor_gap,object_mask_snap_inside_count,object_mask_snap_max_distance,sample_dir,contact_frame,reference_frame,contact_overlay,projection_overlay_raw_vs_snapped,homography_matches,label_heatmap_overlay,vrb_style_affordance,problem3_full_overlay,problem3_crop
0,P01_109_0,grab rucksack,grab,rucksack,1.0,88.0,88.0,0.0,left,short_window_pre_contact,87.0,1.0,1.0,1.0,5.0,0.0,/Users/huhu/Documents/Code/bishe/vrb/vrbreproduction/outputs/e13_engineered_homography_100subaction/experiments/E13/pipeline_outputs/subaction_00_P01_109_0/episode_01_left/frame_000088_left,/Users/huhu/Documents/Code/bishe/vrb/vrbreproduction/outputs/e13_engineered_homography_100subaction/experiments/E13/pipeline_outputs/subaction_00_P01_109_0/episode_01_left/frame_000088_left/contact_frame.png,/Users/huhu/Documents/Code/bishe/vrb/vrbreproduction/outputs/e13_engineered_homography_100subaction/experiments/E13/pipeline_outputs/subaction_00_P01_109_0/episode_01_left/frame_000088_left/reference_frame.png,/Users/huhu/Documents/Code/bishe/vrb/vrbreproduction/outputs/e13_engineered_homography_100subaction/experiments/E13/pipeline_outputs/subaction_00_P01_109_0/episode_01_left/frame_000088_left/contact_overlay.png,/Users/huhu/Documents/Code/bishe/vrb/vrbreproduction/outputs/e13_engineered_homography_100subaction/experiments/E13/pipeline_outputs/subaction_00_P01_109_0/episode_01_left/frame_000088_left/projection_overlay_raw_vs_snapped.png,/Users/huhu/Documents/Code/bishe/vrb/vrbreproduction/outputs/e13_engineered_homography_100subaction/experiments/E13/pipeline_outputs/subaction_00_P01_109_0/episode_01_left/frame_000088_left/homography_matches.png,/Users/huhu/Documents/Code/bishe/vrb/vrbreproduction/outputs/e13_engineered_homography_100subaction/experiments/E13/pipeline_outputs/subaction_00_P01_109_0/episode_01_left/frame_000088_left/label_heatmap_merged_overlay.png,/Users/huhu/Documents/Code/bishe/vrb/vrbreproduction/outputs/e13_engineered_homography_100subaction/experiments/E13/pipeline_outputs/subaction_00_P01_109_0/episode_01_left/frame_000088_left/vrb_style_affordance.png,/Users/huhu/Documents/Code/bishe/vrb/vrbreproduction/outputs/e13_engineered_homography_100subaction/experiments/E13/pipeline_outputs/subaction_00_P01_109_0/episode_01_left/frame_000088_left/diagnostics/problem3_ref_full_overlay.png,/Users/huhu/Documents/Code/bishe/vrb/vrbreproduction/outputs/e13_engineered_homography_100subaction/experiments/E13/pipeline_outputs/subaction_00_P01_109_0/episode_01_left/frame_000088_left/diagnostics/problem3_ref_crop.png
0,P01_109_0,grab rucksack,grab,rucksack,1.0,88.0,89.0,1.0,left,short_window_pre_contact,87.0,2.0,2.0,1.0,5.0,0.0,/Users/huhu/Documents/Code/bishe/vrb/vrbreproduction/outputs/e13_engineered_homography_100subaction/experiments/E13/pipeline_outputs/subaction_00_P01_109_0/episode_01_left/frame_000089_left,/Users/huhu/Documents/Code/bishe/vrb/vrbreproduction/outputs/e13_engineered_homography_100subaction/experiments/E13/pipeline_outputs/subaction_00_P01_109_0/episode_01_left/frame_000089_left/contact_frame.png,/Users/huhu/Documents/Code/bishe/vrb/vrbreproduction/outputs/e13_engineered_homography_100subaction/experiments/E13/pipeline_outputs/subaction_00_P01_109_0/episode_01_left/frame_000089_left/reference_frame.png,/Users/huhu/Documents/Code/bishe/vrb/vrbreproduction/outputs/e13_engineered_homography_100subaction/experiments/E13/pipeline_outputs/subaction_00_P01_109_0/episode_01_left/frame_000089_left/contact_overlay.png,/Users/huhu/Documents/Code/bishe/vrb/vrbreproduction/outputs/e13_engineered_homography_100subaction/experiments/E13/pipeline_outputs/subaction_00_P01_109_0/episode_01_left/frame_000089_left/projection_overlay_raw_vs_snapped.png,/Users/huhu/Documents/Code/bishe/vrb/vrbreproduction/outputs/e13_engineered_homography_100subaction/experiments/E13/pipeline_outputs/subaction_00_P01_109_0/episode_01_left/frame_000089_left/homography_matches.png,/Users/huhu/Documents/Code/bishe/vrb/vrbreproduction/outputs/e13_engineered_homography_100subaction/experiments/E13/pipeline_outputs/subaction_00_P01_109_0/episode_01_left/frame_000089_left/label_heatmap_merged_overlay.png,/Users/huhu/Documents/Code/bishe/vrb/vrbreproduction/outputs/e13_engineered_homography_100subaction/experiments/E13/pipeline_outputs/subaction_00_P01_109_0/episode_01_left/frame_000089_left/vrb_style_affordance.png,/Users/huhu/Documents/Code/bishe/vrb/vrbreproduction/outputs/e13_engineered_homography_100subaction/experiments/E13/pipeline_outputs/subaction_00_P01_109_0/episode_01_left/frame_000089_left/diagnostics/problem3_ref_full_overlay.png,/Users/huhu/Documents/Code/bishe/vrb/vrbreproduction/outputs/e13_engineered_homography_100subaction/experiments/E13/pipeline_outputs/subaction_00_P01_109_0/episode_01_left/frame_000089_left/diagnostics/problem3_ref_crop.png
0,P01_109_0,grab rucksack,grab,rucksack,1.0,88.0,90.0,2.0,left,short_window_pre_contact,87.0,3.0,3.0,1.0,5.0,0.0,/Users/huhu/Documents/Code/bishe/vrb/vrbreproduction/outputs/e13_engineered_homography_100subaction/experiments/E13/pipeline_outputs/subaction_00_P01_109_0/episode_01_left/frame_000090_left,/Users/huhu/Documents/Code/bishe/vrb/vrbreproduction/outputs/e13_engineered_homography_100subaction/experiments/E13/pipeline_outputs/subaction_00_P01_109_0/episode_01_left/frame_000090_left/contact_frame.png,/Users/huhu/Documents/Code/bishe/vrb/vrbreproduction/outputs/e13_engineered_homography_100subaction/experiments/E13/pipeline_outputs/subaction_00_P01_109_0/episode_01_left/frame_000090_left/reference_frame.png,/Users/huhu/Documents/Code/bishe/vrb/vrbreproduction/outputs/e13_engineered_homography_100subaction/experiments/E13/pipeline_outputs/subaction_00_P01_109_0/episode_01_left/frame_000090_left/contact_overlay.png,/Users/huhu/Documents/Code/bishe/vrb/vrbreproduction/outputs/e13_engineered_homography_100subaction/experiments/E13/pipeline_outputs/subaction_00_P01_109_0/episode_01_left/frame_000090_left/projection_overlay_raw_vs_snapped.png,/Users/huhu/Documents/Code/bishe/vrb/vrbreproduction/outputs/e13_engineered_homography_100subaction/experiments/E13/pipeline_outputs/subaction_00_P01_109_0/episode_01_left/frame_000090_left/homography_matches.png,/Users/huhu/Documents/Code/bishe/vrb/vrbreproduction/outputs/e13_engineered_homography_100subaction/experiments/E13/pipeline_outputs/subaction_00_P01_109_0/episode_01_left/frame_000090_left/label_heatmap_merged_overlay.png,/Users/huhu/Documents/Code/bishe/vrb/vrbreproduction/outputs/e13_engineered_homography_100subaction/experiments/E13/pipeline_outputs/subaction_00_P01_109_0/episode_01_left/frame_000090_left/vrb_style_affordance.png,/Users/huhu/Documents/Code/bishe/vrb/vrbreproduction/outputs/e13_engineered_homography_100subaction/experiments/E13/pipeline_outputs/subaction_00_P01_109_0/episode_01_left/frame_000090_left/diagnostics/problem3_ref_full_overlay.png,/Users/huhu/Documents/Code/bishe/vrb/vrbreproduction/outputs/e13_engineered_homography_100subaction/experiments/E13/pipeline_outputs/subaction_00_P01_109_0/episode_01_left/frame_000090_left/diagnostics/problem3_ref_crop.png
1,P01_109_1,open rucksack,open,rucksack,2.0,166.0,166.0,0.0,right,short_window_pre_contact,165.0,1.0,1.0,1.0,4.0,1.001700758934021,/Users/huhu/Documents/Code/bishe/vrb/vrbreproduction/outputs/e13_engineered_homography_100subaction/experiments/E13/pipeline_outputs/subaction_01_P01_109_1/episode_02_right/frame_000166_right,/Users/huhu/Documents/Code/bishe/vrb/vrbreproduction/outputs/e13_engineered_homography_100subaction/experiments/E13/pipeline_outputs/subaction_01_P01_109_1/episode_02_right/frame_000166_right/contact_frame.png,/Users/huhu/Documents/Code/bishe/vrb/vrbreproduction/outputs/e13_engineered_homography_100subaction/experiments/E13/pipeline_outputs/subaction_01_P01_109_1/episode_02_right/frame_000166_right/reference_frame.png,/Users/huhu/Documents/Code/bishe/vrb/vrbreproduction/outputs/e13_engineered_homography_100subaction/experiments/E13/pipeline_outputs/subaction_01_P01_109_1/episode_02_right/frame_000166_right/contact_overlay.png,/Users/huhu/Documents/Code/bishe/vrb/vrbreproduction/outputs/e13_engineered_homography_100subaction/experiments/E13/pipeline_outputs/subaction_01_P01_109_1/episode_02_right/frame_000166_right/projection_overlay_raw_vs_snapped.png,/Users/huhu/Documents/Code/bishe/vrb/vrbreproduction/outputs/e13_engineered_homography_100subaction/experiments/E13/pipeline_outputs/subaction_01_P01_109_1/episode_02_right/frame_000166_right/homography_matches.png,/Users/huhu/Documents/Code/bishe/vrb/vrbreproduction/outputs/e13_engineered_homography_100subaction/experiments/E13/pipeline_outputs/subaction_01_P01_109_1/episode_02_right/frame_000166_right/label_heatmap_merged_overlay.png,/Users/huhu/Documents/Code/bishe/vrb/vrbreproduction/outputs/e13_engineered_homography_100subaction/experiments/E13/pipeline_outputs/subaction_01_P01_109_1/episode_02_right/frame_000166_right/vrb_style_affordance.png,/Users/huhu/Documents/Code/bishe/vrb/vrbreproduction/outputs/e13_engineered_homography_100subaction/experiments/E13/pipeline_outputs/subaction_01_P01_109_1/episode_02_right/frame_000166_right/diagnostics/problem3_ref_full_overlay.png,/Users/huhu/Documents/Code/bishe/vrb/vrbreproduction/outputs/e13_engineered_homography_100subaction/experiments/E13/pipeline_outputs/subaction_01_P01_109_1/episode_02_right/frame_000166_right/diagnostics/problem3_ref_crop.png
1,P01_109_1,open rucksack,open,rucksack,2.0,166.0,167.0,1.0,right,short_window_pre_contact,165.0,2.0,2.0,1.0,5.0,0.0,/Users/huhu/Documents/Code/bishe/vrb/vrbreproduction/outputs/e13_engineered_homography_100subaction/experiments/E13/pipeline_outputs/subaction_01_P01_109_1/episode_02_right/frame_000167_right,/Users/huhu/Documents/Code/bishe/vrb/vrbreproduction/outputs/e13_engineered_homography_100subaction/experiments/E13/pipeline_outputs/subaction_01_P01_109_1/episode_02_right/frame_000167_right/contact_frame.png,/Users/huhu/Documents/Code/bishe/vrb/vrbreproduction/outputs/e13_engineered_homography_100subaction/experiments/E13/pipeline_outputs/subaction_01_P01_109_1/episode_02_right/frame_000167_right/reference_frame.png,/Users/huhu/Documents/Code/bishe/vrb/vrbreproduction/outputs/e13_engineered_homography_100subaction/experiments/E13/pipeline_outputs/subaction_01_P01_109_1/episode_02_right/frame_000167_right/contact_overlay.png,/Users/huhu/Documents/Code/bishe/vrb/vrbreproduction/outputs/e13_engineered_homography_100subaction/experiments/E13/pipeline_outputs/subaction_01_P01_109_1/episode_02_right/frame_000167_right/projection_overlay_raw_vs_snapped.png,/Users/huhu/Documents/Code/bishe/vrb/vrbreproduction/outputs/e13_engineered_homography_100subaction/experiments/E13/pipeline_outputs/subaction_01_P01_109_1/episode_02_right/frame_000167_right/homography_matches.png,/Users/huhu/Documents/Code/bishe/vrb/vrbreproduction/outputs/e13_engineered_homography_100subaction/experiments/E13/pipeline_outputs/subaction_01_P01_109_1/episode_02_right/frame_000167_right/label_heatmap_merged_overlay.png,/Users/huhu/Documents/Code/bishe/vrb/vrbreproduction/outputs/e13_engineered_homography_100subaction/experiments/E13/pipeline_outputs/subaction_01_P01_109_1/episode_02_right/frame_000167_right/vrb_style_affordance.png,/Users/huhu/Documents/Code/bishe/vrb/vrbreproduction/outputs/e13_engineered_homography_100subaction/experiments/E13/pipeline_outputs/subaction_01_P01_109_1/episode_02_right/frame_000167_right/diagnostics/problem3_ref_full_overlay.png,/Users/huhu/Documents/Code/bishe/vrb/vrbreproduction/outputs/e13_engineered_homography_100subaction/experiments/E13/pipeline_outputs/subaction_01_P01_109_1/episode_02_right/frame_000167_right/diagnostics/problem3_ref_crop.png
1,P01_109_1,open rucksack,open,rucksack,2.0,166.0,168.0,2.0,right,short_window_pre_contact,165.0,3.0,3.0,1.0,4.0,0.6397204399108887,/Users/huhu/Documents/Code/bishe/vrb/vrbreproduction/outputs/e13_engineered_homography_100subaction/experiments/E13/pipeline_outputs/subaction_01_P01_109_1/episode_02_right/frame_000168_right,/Users/huhu/Documents/Code/bishe/vrb/vrbreproduction/outputs/e13_engineered_homography_100subaction/experiments/E13/pipeline_outputs/subaction_01_P01_109_1/episode_02_right/frame_000168_right/contact_frame.png,/Users/huhu/Documents/Code/bishe/vrb/vrbreproduction/outputs/e13_engineered_homography_100subaction/experiments/E13/pipeline_outputs/subaction_01_P01_109_1/episode_02_right/frame_000168_right/reference_frame.png,/Users/huhu/Documents/Code/bishe/vrb/vrbreproduction/outputs/e13_engineered_homography_100subaction/experiments/E13/pipeline_outputs/subaction_01_P01_109_1/episode_02_right/frame_000168_right/contact_overlay.png,/Users/huhu/Documents/Code/bishe/vrb/vrbreproduction/outputs/e13_engineered_homography_100subaction/experiments/E13/pipeline_outputs/subaction_01_P01_109_1/episode_02_right/frame_000168_right/projection_overlay_raw_vs_snapped.png,/Users/huhu/Documents/Code/bishe/vrb/vrbreproduction/outputs/e13_engineered_homography_100subaction/experiments/E13/pipeline_outputs/subaction_01_P01_109_1/episode_02_right/frame_000168_right/homography_matches.png,/Users/huhu/Documents/Code/bishe/vrb/vrbreproduction/outputs/e13_engineered_homography_100subaction/experiments/E13/pipeline_outputs/subaction_01_P01_109_1/episode_02_right/frame_000168_right/label_heatmap_merged_overlay.png,/Users/huhu/Documents/Code/bishe/vrb/vrbreproduction/outputs/e13_engineered_homography_100subaction/experiments/E13/pipeline_outputs/subaction_01_P01_109_1/episode_02_right/frame_000168_right/vrb_style_affordance.png,/Users/huhu/Documents/Code/bishe/vrb/vrbreproduction/outputs/e13_engineered_homography_100subaction/experiments/E13/pipeline_outputs/subaction_01_P01_109_1/episode_02_right/frame_000168_right/diagnostics/problem3_ref_full_overlay.png,/Users/huhu/Documents/Code/bishe/vrb/vrbreproduction/outputs/e13_engineered_homography_100subaction/experiments/E13/pipeline_outputs/subaction_01_P01_109_1/episode_02_right/frame_000168_right/diagnostics/problem3_ref_crop.png
1,P01_109_1,open rucksack,open,rucksack,4.0,175.0,175.0,0.0,left,short_window_pre_contact,174.0,1.0,1.0,1.0,5.0,0.0,/Users/huhu/Documents/Code/bishe/vrb/vrbreproduction/outputs/e13_engineered_homography_100subaction/experiments/E13/pipeline_outputs/subaction_01_P01_109_1/episode_04_left/frame_000175_left,/Users/huhu/Documents/Code/bishe/vrb/vrbreproduction/outputs/e13_engineered_homography_100subaction/experiments/E13/pipeline_outputs/subaction_01_P01_109_1/episode_04_left/frame_000175_left/contact_frame.png,/Users/huhu/Documents/Code/bishe/vrb/vrbreproduction/outputs/e13_engineered_homography_100subaction/experiments/E13/pipeline_outputs/subaction_01_P01_109_1/episode_04_left/frame_000175_left/reference_frame.png,/Users/huhu/Documents/Code/bishe/vrb/vrbreproduction/outputs/e13_engineered_homography_100subaction/experiments/E13/pipeline_outputs/subaction_01_P01_109_1/episode_04_left/frame_000175_left/contact_overlay.png,/Users/huhu/Documents/Code/bishe/vrb/vrbreproduction/outputs/e13_engineered_homography_100subaction/experiments/E13/pipeline_outputs/subaction_01_P01_109_1/episode_04_left/frame_000175_left/projection_overlay_raw_vs_snapped.png,/Users/huhu/Documents/Code/bishe/vrb/vrbreproduction/outputs/e13_engineered_homography_100subaction/experiments/E13/pipeline_outputs/subaction_01_P01_109_1/episode_04_left/frame_000175_left/homography_matches.png,/Users/huhu/Documents/Code/bishe/vrb/vrbreproduction/outputs/e13_engineered_homography_100subaction/experiments/E13/pipeline_outputs/subaction_01_P01_109_1/episode_04_left/frame_000175_left/label_heatmap_merged_overlay.png,/Users/huhu/Documents/Code/bishe/vrb/vrbreproduction/outputs/e13_engineered_homography_100subaction/experiments/E13/pipeline_outputs/subaction_01_P01_109_1/episode_04_left/frame_000175_left/vrb_style_affordance.png,/Users/huhu/Documents/Code/bishe/vrb/vrbreproduction/outputs/e13_engineered_homography_100subaction/experiments/E13/pipeline_outputs/subaction_01_P01_109_1/episode_04_left/frame_000175_left/diagnostics/problem3_ref_full_overlay.png,/Users/huhu/Documents/Code/bishe/vrb/vrbreproduction/outputs/e13_engineered_homography_100subaction/experiments/E13/pipeline_outputs/subaction_01_P01_109_1/episode_04_left/frame_000175_left/diagnostics/problem3_ref_crop.png
1,P01_109_1,open rucksack,open,rucksack,4.0,175.0,176.0,1.0,left,short_window_pre_contact,174.0,2.0,2.0,1.0,5.0,0.0,/Users/huhu/Documents/Code/bishe/vrb/vrbreproduction/outputs/e13_engineered_homography_100subaction/experiments/E13/pipeline_outputs/subaction_01_P01_109_1/episode_04_left/frame_000176_left,/Users/huhu/Documents/Code/bishe/vrb/vrbreproduction/outputs/e13_engineered_homography_100subaction/experiments/E13/pipeline_outputs/subaction_01_P01_109_1/episode_04_left/frame_000176_left/contact_frame.png,/Users/huhu/Documents/Code/bishe/vrb/vrbreproduction/outputs/e13_engineered_homography_100subaction/experiments/E13/pipeline_outputs/subaction_01_P01_109_1/episode_04_left/frame_000176_left/reference_frame.png,/Users/huhu/Documents/Code/bishe/vrb/vrbreproduction/outputs/e13_engineered_homography_100subaction/experiments/E13/pipeline_outputs/subaction_01_P01_109_1/episode_04_left/frame_000176_left/contact_overlay.png,/Users/huhu/Documents/Code/bishe/vrb/vrbreproduction/outputs/e13_engineered_homography_100subaction/experiments/E13/pipeline_outputs/subaction_01_P01_109_1/episode_04_left/frame_000176_left/projection_overlay_raw_vs_snapped.png,/Users/huhu/Documents/Code/bishe/vrb/vrbreproduction/outputs/e13_engineered_homography_100subaction/experiments/E13/pipeline_outputs/subaction_01_P01_109_1/episode_04_left/frame_000176_left/homography_matches.png,/Users/huhu/Documents/Code/bishe/vrb/vrbreproduction/outputs/e13_engineered_homography_100subaction/experiments/E13/pipeline_outputs/subaction_01_P01_109_1/episode_04_left/frame_000176_left/label_heatmap_merged_overlay.png,/Users/huhu/Documents/Code/bishe/vrb/vrbreproduction/outputs/e13_engineered_homography_100subaction/experiments/E13/pipeline_outputs/subaction_01_P01_109_1/episode_04_left/frame_000176_left/vrb_style_affordance.png,/Users/huhu/Documents/Code/bishe/vrb/vrbreproduction/outputs/e13_engineered_homography_100subaction/experiments/E13/pipeline_outputs/subaction_01_P01_109_1/episode_04_left/frame_000176_left/diagnostics/problem3_ref_full_overlay.png,/Users/huhu/Documents/Code/bishe/vrb/vrbreproduction/outputs/e13_engineered_homography_100subaction/experiments/E13/pipeline_outputs/subaction_01_P01_109_1/episode_04_left/frame_000176_left/diagnostics/problem3_ref_crop.png
1,P01_109_1,open rucksack,open,rucksack,4.0,175.0,177.0,2.0,left,short_window_pre_contact,174.0,3.0,3.0,1.0,5.0,0.0,/Users/huhu/Documents/Code/bishe/vrb/vrbreproduction/outputs/e13_engineered_homography_100subaction/experiments/E13/pipeline_outputs/subaction_01_P01_109_1/episode_04_left/frame_000177_left,/Users/huhu/Documents/Code/bishe/vrb/vrbreproduction/outputs/e13_engineered_homography_100subaction/experiments/E13/pipeline_outputs/subaction_01_P01_109_1/episode_04_left/frame_000177_left/contact_frame.png,/Users/huhu/Documents/Code/bishe/vrb/vrbreproduction/outputs/e13_engineered_homography_100subaction/experiments/E13/pipeline_outputs/subaction_01_P01_109_1/episode_04_left/frame_000177_left/reference_frame.png,/Users/huhu/Documents/Code/bishe/vrb/vrbreproduction/outputs/e13_engineered_homography_100subaction/experiments/E13/pipeline_outputs/subaction_01_P01_109_1/episode_04_left/frame_000177_left/contact_overlay.png,/Users/huhu/Documents/Code/bishe/vrb/vrbreproduction/outputs/e13_engineered_homography_100subaction/experiments/E13/pipeline_outputs/subaction_01_P01_109_1/episode_04_left/frame_000177_left/projection_overlay_raw_vs_snapped.png,/Users/huhu/Documents/Code/bishe/vrb/vrbreproduction/outputs/e13_engineered_homography_100subaction/experiments/E13/pipeline_outputs/subaction_01_P01_109_1/episode_04_left/frame_000177_left/homography_matches.png,/Users/huhu/Documents/Code/bishe/vrb/vrbreproduction/outputs/e13_engineered_homography_100subaction/experiments/E13/pipeline_outputs/subaction_01_P01_109_1/episode_04_left/frame_000177_left/label_heatmap_merged_overlay.png,/Users/huhu/Documents/Code/bishe/vrb/vrbreproduction/outputs/e13_engineered_homography_100subaction/experiments/E13/pipeline_outputs/subaction_01_P01_109_1/episode_04_left/frame_000177_left/vrb_style_affordance.png,/Users/huhu/Documents/Code/bishe/vrb/vrbreproduction/outputs/e13_engineered_homography_100subaction/experiments/E13/pipeline_outputs/subaction_01_P01_109_1/episode_04_left/frame_000177_left/diagnostics/problem3_ref_full_overlay.png,/Users/huhu/Documents/Code/bishe/vrb/vrbreproduction/outputs/e13_engineered_homography_100subaction/experiments/E13/pipeline_outputs/subaction_01_P01_109_1/episode_04_left/frame_000177_left/diagnostics/problem3_ref_crop.png
1,P01_109_1,open rucksack,open,rucksack,7.0,197.0,198.0,1.0,right,short_window_pre_contact,196.0,2.0,2.0,1.0,5.0,0.0,/Users/huhu/Documents/Code/bishe/vrb/vrbreproduction/outputs/e13_engineered_homography_100subaction/experiments/E13/pipeline_outputs/subaction_01_P01_109_1/episode_07_right/frame_000198_right,/Users/huhu/Documents/Code/bishe/vrb/vrbreproduction/outputs/e13_engineered_homography_100subaction/experiments/E13/pipeline_outputs/subaction_01_P01_109_1/episode_07_right/frame_000198_right/contact_frame.png,/Users/huhu/Documents/Code/bishe/vrb/vrbreproduction/outputs/e13_engineered_homography_100subaction/experiments/E13/pipeline_outputs/subaction_01_P01_109_1/episode_07_right/frame_000198_right/reference_frame.png,/Users/huhu/Documents/Code/bishe/vrb/vrbreproduction/outputs/e13_engineered_homography_100subaction/experiments/E13/pipeline_outputs/subaction_01_P01_109_1/episode_07_right/frame_000198_right/contact_overlay.png,/Users/huhu/Documents/Code/bishe/vrb/vrbreproduction/outputs/e13_engineered_homography_100subaction/experiments/E13/pipeline_outputs/subaction_01_P01_109_1/episode_07_right/frame_000198_right/projection_overlay_raw_vs_snapped.png,/Users/huhu/Documents/Code/bishe/vrb/vrbreproduction/outputs/e13_engineered_homography_100subaction/experiments/E13/pipeline_outputs/subaction_01_P01_109_1/episode_07_right/frame_000198_right/homography_matches.png,/Users/huhu/Documents/Code/bishe/vrb/vrbreproduction/outputs/e13_engineered_homography_100subaction/experiments/E13/pipeline_outputs/subaction_01_P01_109_1/episode_07_right/frame_000198_right/label_heatmap_merged_overlay.png,/Users/huhu/Documents/Code/bishe/vrb/vrbreproduction/outputs/e13_engineered_homography_100subaction/experiments/E13/pipeline_outputs/subaction_01_P01_109_1/episode_07_right/frame_000198_right/vrb_style_affordance.png,/Users/huhu/Documents/Code/bishe/vrb/vrbreproduction/outputs/e13_engineered_homography_100subaction/experiments/E13/pipeline_outputs/subaction_01_P01_109_1/episode_07_right/frame_000198_right/diagnostics/problem3_ref_full_overlay.png,/Users/huhu/Documents/Code/bishe/vrb/vrbreproduction/outputs/e13_engineered_homography_100subaction/experiments/E13/pipeline_outputs/subaction_01_P01_109_1/episode_07_right/frame_000198_right/diagnostics/problem3_ref_crop.png
1,P01_109_1,open rucksack,open,rucksack,7.0,197.0,199.0,2.0,right,short_window_pre_contact,196.0,3.0,3.0,1.0,5.0,0.0,/Users/huhu/Documents/Code/bishe/vrb/vrbreproduction/outputs/e13_engineered_homography_100subaction/experiments/E13/pipeline_outputs/subaction_01_P01_109_1/episode_07_right/frame_000199_right,/Users/huhu/Documents/Code/bishe/vrb/vrbreproduction/outputs/e13_engineered_homography_100subaction/experiments/E13/pipeline_outputs/subaction_01_P01_109_1/episode_07_right/frame_000199_right/contact_frame.png,/Users/huhu/Documents/Code/bishe/vrb/vrbreproduction/outputs/e13_engineered_homography_100subaction/experiments/E13/pipeline_outputs/subaction_01_P01_109_1/episode_07_right/frame_000199_right/reference_frame.png,/Users/huhu/Documents/Code/bishe/vrb/vrbreproduction/outputs/e13_engineered_homography_100subaction/experiments/E13/pipeline_outputs/subaction_01_P01_109_1/episode_07_right/frame_000199_right/contact_overlay.png,/Users/huhu/Documents/Code/bishe/vrb/vrbreproduction/outputs/e13_engineered_homography_100subaction/experiments/E13/pipeline_outputs/subaction_01_P01_109_1/episode_07_right/frame_000199_right/projection_overlay_raw_vs_snapped.png,/Users/huhu/Documents/Code/bishe/vrb/vrbreproduction/outputs/e13_engineered_homography_100subaction/experiments/E13/pipeline_outputs/subaction_01_P01_109_1/episode_07_right/frame_000199_right/homography_matches.png,/Users/huhu/Documents/Code/bishe/vrb/vrbreproduction/outputs/e13_engineered_homography_100subaction/experiments/E13/pipeline_outputs/subaction_01_P01_109_1/episode_07_right/frame_000199_right/label_heatmap_merged_overlay.png,/Users/huhu/Documents/Code/bishe/vrb/vrbreproduction/outputs/e13_engineered_homography_100subaction/experiments/E13/pipeline_outputs/subaction_01_P01_109_1/episode_07_right/frame_000199_right/vrb_style_affordance.png,/Users/huhu/Documents/Code/bishe/vrb/vrbreproduction/outputs/e13_engineered_homography_100subaction/experiments/E13/pipeline_outputs/subaction_01_P01_109_1/episode_07_right/frame_000199_right/diagnostics/problem3_ref_full_overlay.png,/Users/huhu/Documents/Code/bishe/vrb/vrbreproduction/outputs/e13_engineered_homography_100subaction/experiments/E13/pipeline_outputs/subaction_01_P01_109_1/episode_07_right/frame_000199_right/diagnostics/problem3_ref_crop.png
3,P01_109_3,put down eggs,put-down,egg,2.0,369.0,369.0,0.0,left,short_window_pre_contact,368.0,1.0,1.0,1.0,4.0,2.1187915802001953,/Users/huhu/Documents/Code/bishe/vrb/vrbreproduction/outputs/e13_engineered_homography_100subaction/experiments/E13/pipeline_outputs/subaction_03_P01_109_3/episode_02_left/frame_000369_left,/Users/huhu/Documents/Code/bishe/vrb/vrbreproduction/outputs/e13_engineered_homography_100subaction/experiments/E13/pipeline_outputs/subaction_03_P01_109_3/episode_02_left/frame_000369_left/contact_frame.png,/Users/huhu/Documents/Code/bishe/vrb/vrbreproduction/outputs/e13_engineered_homography_100subaction/experiments/E13/pipeline_outputs/subaction_03_P01_109_3/episode_02_left/frame_000369_left/reference_frame.png,/Users/huhu/Documents/Code/bishe/vrb/vrbreproduction/outputs/e13_engineered_homography_100subaction/experiments/E13/pipeline_outputs/subaction_03_P01_109_3/episode_02_left/frame_000369_left/contact_overlay.png,/Users/huhu/Documents/Code/bishe/vrb/vrbreproduction/outputs/e13_engineered_homography_100subaction/experiments/E13/pipeline_outputs/subaction_03_P01_109_3/episode_02_left/frame_000369_left/projection_overlay_raw_vs_snapped.png,/Users/huhu/Documents/Code/bishe/vrb/vrbreproduction/outputs/e13_engineered_homography_100subaction/experiments/E13/pipeline_outputs/subaction_03_P01_109_3/episode_02_left/frame_000369_left/homography_matches.png,/Users/huhu/Documents/Code/bishe/vrb/vrbreproduction/outputs/e13_engineered_homography_100subaction/experiments/E13/pipeline_outputs/subaction_03_P01_109_3/episode_02_left/frame_000369_left/label_heatmap_merged_overlay.png,/Users/huhu/Documents/Code/bishe/vrb/vrbreproduction/outputs/e13_engineered_homography_100subaction/experiments/E13/pipeline_outputs/subaction_03_P01_109_3/episode_02_left/frame_000369_left/vrb_style_affordance.png,/Users/huhu/Documents/Code/bishe/vrb/vrbreproduction/outputs/e13_engineered_homography_100subaction/experiments/E13/pipeline_outputs/subaction_03_P01_109_3/episode_02_left/frame_000369_left/diagnostics/problem3_ref_full_overlay.png,/Users/huhu/Documents/Code/bishe/vrb/vrbreproduction/outputs/e13_engineered_homography_100subaction/experiments/E13/pipeline_outputs/subaction_03_P01_109_3/episode_02_left/frame_000369_left/diagnostics/problem3_ref_crop.png
3,P01_109_3,put down eggs,put-down,egg,2.0,369.0,370.0,1.0,left,short_window_pre_contact,368.0,2.0,2.0,1.0,3.0,9.656030654907227,/Users/huhu/Documents/Code/bishe/vrb/vrbreproduction/outputs/e13_engineered_homography_100subaction/experiments/E13/pipeline_outputs/subaction_03_P01_109_3/episode_02_left/frame_000370_left,/Users/huhu/Documents/Code/bishe/vrb/vrbreproduction/outputs/e13_engineered_homography_100subaction/experiments/E13/pipeline_outputs/subaction_03_P01_109_3/episode_02_left/frame_000370_left/contact_frame.png,/Users/huhu/Documents/Code/bishe/vrb/vrbreproduction/outputs/e13_engineered_homography_100subaction/experiments/E13/pipeline_outputs/subaction_03_P01_109_3/episode_02_left/frame_000370_left/reference_frame.png,/Users/huhu/Documents/Code/bishe/vrb/vrbreproduction/outputs/e13_engineered_homography_100subaction/experiments/E13/pipeline_outputs/subaction_03_P01_109_3/episode_02_left/frame_000370_left/contact_overlay.png,/Users/huhu/Documents/Code/bishe/vrb/vrbreproduction/outputs/e13_engineered_homography_100subaction/experiments/E13/pipeline_outputs/subaction_03_P01_109_3/episode_02_left/frame_000370_left/projection_overlay_raw_vs_snapped.png,/Users/huhu/Documents/Code/bishe/vrb/vrbreproduction/outputs/e13_engineered_homography_100subaction/experiments/E13/pipeline_outputs/subaction_03_P01_109_3/episode_02_left/frame_000370_left/homography_matches.png,/Users/huhu/Documents/Code/bishe/vrb/vrbreproduction/outputs/e13_engineered_homography_100subaction/experiments/E13/pipeline_outputs/subaction_03_P01_109_3/episode_02_left/frame_000370_left/label_heatmap_merged_overlay.png,/Users/huhu/Documents/Code/bishe/vrb/vrbreproduction/outputs/e13_engineered_homography_100subaction/experiments/E13/pipeline_outputs/subaction_03_P01_109_3/episode_02_left/frame_000370_left/vrb_style_affordance.png,/Users/huhu/Documents/Code/bishe/vrb/vrbreproduction/outputs/e13_engineered_homography_100subaction/experiments/E13/pipeline_outputs/subaction_03_P01_109_3/episode_02_left/frame_000370_left/diagnostics/problem3_ref_full_overlay.png,/Users/huhu/Documents/Code/bishe/vrb/vrbreproduction/outputs/e13_engineered_homography_100subaction/experiments/E13/pipeline_outputs/subaction_03_P01_109_3/episode_02_left/frame_000370_left/diagnostics/problem3_ref_crop.png
8,P01_109_7,put down potatoes,put-down,potato,9.0,720.0,720.0,0.0,left,short_window_pre_contact,719.0,1.0,1.0,1.0,2.0,3.380837917327881,/Users/huhu/Documents/Code/bishe/vrb/vrbreproduction/outputs/e13_engineered_homography_100subaction/experiments/E13/pipeline_outputs/subaction_08_P01_109_7/episode_09_left/frame_000720_left,/Users/huhu/Documents/Code/bishe/vrb/vrbreproduction/outputs/e13_engineered_homography_100subaction/experiments/E13/pipeline_outputs/subaction_08_P01_109_7/episode_09_left/frame_000720_left/contact_frame.png,/Users/huhu/Documents/Code/bishe/vrb/vrbreproduction/outputs/e13_engineered_homography_100subaction/experiments/E13/pipeline_outputs/subaction_08_P01_109_7/episode_09_left/frame_000720_left/reference_frame.png,/Users/huhu/Documents/Code/bishe/vrb/vrbreproduction/outputs/e13_engineered_homography_100subaction/experiments/E13/pipeline_outputs/subaction_08_P01_109_7/episode_09_left/frame_000720_left/contact_overlay.png,/Users/huhu/Documents/Code/bishe/vrb/vrbreproduction/outputs/e13_engineered_homography_100subaction/experiments/E13/pipeline_outputs/subaction_08_P01_109_7/episode_09_left/frame_000720_left/projection_overlay_raw_vs_snapped.png,/Users/huhu/Documents/Code/bishe/vrb/vrbreproduction/outputs/e13_engineered_homography_100subaction/experiments/E13/pipeline_outputs/subaction_08_P01_109_7/episode_09_left/frame_000720_left/homography_matches.png,/Users/huhu/Documents/Code/bishe/vrb/vrbreproduction/outputs/e13_engineered_homography_100subaction/experiments/E13/pipeline_outputs/subaction_08_P01_109_7/episode_09_left/frame_000720_left/label_heatmap_merged_overlay.png,/Users/huhu/Documents/Code/bishe/vrb/vrbreproduction/outputs/e13_engineered_homography_100subaction/experiments/E13/pipeline_outputs/subaction_08_P01_109_7/episode_09_left/frame_000720_left/vrb_style_affordance.png,/Users/huhu/Documents/Code/bishe/vrb/vrbreproduction/outputs/e13_engineered_homography_100subaction/experiments/E13/pipeline_outputs/subaction_08_P01_109_7/episode_09_left/frame_000720_left/diagnostics/problem3_ref_full_overlay.png,/Users/huhu/Documents/Code/bishe/vrb/vrbreproduction/outputs/e13_engineered_homography_100subaction/experiments/E13/pipeline_outputs/subaction_08_P01_109_7/episode_09_left/frame_000720_left/diagnostics/problem3_ref_crop.png
8,P01_109_7,put down potatoes,put-down,potato,9.0,720.0,721.0,1.0,left,short_window_pre_contact,719.0,2.0,2.0,1.0,2.0,3.5408382415771484,/Users/huhu/Documents/Code/bishe/vrb/vrbreproduction/outputs/e13_engineered_homography_100subaction/experiments/E13/pipeline_outputs/subaction_08_P01_109_7/episode_09_left/frame_000721_left,/Users/huhu/Documents/Code/bishe/vrb/vrbreproduction/outputs/e13_engineered_homography_100subaction/experiments/E13/pipeline_outputs/subaction_08_P01_109_7/episode_09_left/frame_000721_left/contact_frame.png,/Users/huhu/Documents/Code/bishe/vrb/vrbreproduction/outputs/e13_engineered_homography_100subaction/experiments/E13/pipeline_outputs/subaction_08_P01_109_7/episode_09_left/frame_000721_left/reference_frame.png,/Users/huhu/Documents/Code/bishe/vrb/vrbreproduction/outputs/e13_engineered_homography_100subaction/experiments/E13/pipeline_outputs/subaction_08_P01_109_7/episode_09_left/frame_000721_left/contact_overlay.png,/Users/huhu/Documents/Code/bishe/vrb/vrbreproduction/outputs/e13_engineered_homography_100subaction/experiments/E13/pipeline_outputs/subaction_08_P01_109_7/episode_09_left/frame_000721_left/projection_overlay_raw_vs_snapped.png,/Users/huhu/Documents/Code/bishe/vrb/vrbreproduction/outputs/e13_engineered_homography_100subaction/experiments/E13/pipeline_outputs/subaction_08_P01_109_7/episode_09_left/frame_000721_left/homography_matches.png,/Users/huhu/Documents/Code/bishe/vrb/vrbreproduction/outputs/e13_engineered_homography_100subaction/experiments/E13/pipeline_outputs/subaction_08_P01_109_7/episode_09_left/frame_000721_left/label_heatmap_merged_overlay.png,/Users/huhu/Documents/Code/bishe/vrb/vrbreproduction/outputs/e13_engineered_homography_100subaction/experiments/E13/pipeline_outputs/subaction_08_P01_109_7/episode_09_left/frame_000721_left/vrb_style_affordance.png,/Users/huhu/Documents/Code/bishe/vrb/vrbreproduction/outputs/e13_engineered_homography_100subaction/experiments/E13/pipeline_outputs/subaction_08_P01_109_7/episode_09_left/frame_000721_left/diagnostics/problem3_ref_full_overlay.png,/Users/huhu/Documents/Code/bishe/vrb/vrbreproduction/outputs/e13_engineered_homography_100subaction/experiments/E13/pipeline_outputs/subaction_08_P01_109_7/episode_09_left/frame_000721_left/diagnostics/problem3_ref_crop.png
9,P01_109_9,put down potato,put-down,potato,9.0,720.0,720.0,0.0,left,short_window_pre_contact,719.0,1.0,1.0,1.0,2.0,3.380837917327881,/Users/huhu/Documents/Code/bishe/vrb/vrbreproduction/outputs/e13_engineered_homography_100subaction/experiments/E13/pipeline_outputs/subaction_09_P01_109_9/episode_09_left/frame_000720_left,/Users/huhu/Documents/Code/bishe/vrb/vrbreproduction/outputs/e13_engineered_homography_100subaction/experiments/E13/pipeline_outputs/subaction_09_P01_109_9/episode_09_left/frame_000720_left/contact_frame.png,/Users/huhu/Documents/Code/bishe/vrb/vrbreproduction/outputs/e13_engineered_homography_100subaction/experiments/E13/pipeline_outputs/subaction_09_P01_109_9/episode_09_left/frame_000720_left/reference_frame.png,/Users/huhu/Documents/Code/bishe/vrb/vrbreproduction/outputs/e13_engineered_homography_100subaction/experiments/E13/pipeline_outputs/subaction_09_P01_109_9/episode_09_left/frame_000720_left/contact_overlay.png,/Users/huhu/Documents/Code/bishe/vrb/vrbreproduction/outputs/e13_engineered_homography_100subaction/experiments/E13/pipeline_outputs/subaction_09_P01_109_9/episode_09_left/frame_000720_left/projection_overlay_raw_vs_snapped.png,/Users/huhu/Documents/Code/bishe/vrb/vrbreproduction/outputs/e13_engineered_homography_100subaction/experiments/E13/pipeline_outputs/subaction_09_P01_109_9/episode_09_left/frame_000720_left/homography_matches.png,/Users/huhu/Documents/Code/bishe/vrb/vrbreproduction/outputs/e13_engineered_homography_100subaction/experiments/E13/pipeline_outputs/subaction_09_P01_109_9/episode_09_left/frame_000720_left/label_heatmap_merged_overlay.png,/Users/huhu/Documents/Code/bishe/vrb/vrbreproduction/outputs/e13_engineered_homography_100subaction/experiments/E13/pipeline_outputs/subaction_09_P01_109_9/episode_09_left/frame_000720_left/vrb_style_affordance.png,/Users/huhu/Documents/Code/bishe/vrb/vrbreproduction/outputs/e13_engineered_homography_100subaction/experiments/E13/pipeline_outputs/subaction_09_P01_109_9/episode_09_left/frame_000720_left/diagnostics/problem3_ref_full_overlay.png,/Users/huhu/Documents/Code/bishe/vrb/vrbreproduction/outputs/e13_engineered_homography_100subaction/experiments/E13/pipeline_outputs/subaction_09_P01_109_9/episode_09_left/frame_000720_left/diagnostics/problem3_ref_crop.png
9,P01_109_9,put down potato,put-down,potato,9.0,720.0,721.0,1.0,left,short_window_pre_contact,719.0,2.0,2.0,1.0,2.0,3.5408382415771484,/Users/huhu/Documents/Code/bishe/vrb/vrbreproduction/outputs/e13_engineered_homography_100subaction/experiments/E13/pipeline_outputs/subaction_09_P01_109_9/episode_09_left/frame_000721_left,/Users/huhu/Documents/Code/bishe/vrb/vrbreproduction/outputs/e13_engineered_homography_100subaction/experiments/E13/pipeline_outputs/subaction_09_P01_109_9/episode_09_left/frame_000721_left/contact_frame.png,/Users/huhu/Documents/Code/bishe/vrb/vrbreproduction/outputs/e13_engineered_homography_100subaction/experiments/E13/pipeline_outputs/subaction_09_P01_109_9/episode_09_left/frame_000721_left/reference_frame.png,/Users/huhu/Documents/Code/bishe/vrb/vrbreproduction/outputs/e13_engineered_homography_100subaction/experiments/E13/pipeline_outputs/subaction_09_P01_109_9/episode_09_left/frame_000721_left/contact_overlay.png,/Users/huhu/Documents/Code/bishe/vrb/vrbreproduction/outputs/e13_engineered_homography_100subaction/experiments/E13/pipeline_outputs/subaction_09_P01_109_9/episode_09_left/frame_000721_left/projection_overlay_raw_vs_snapped.png,/Users/huhu/Documents/Code/bishe/vrb/vrbreproduction/outputs/e13_engineered_homography_100subaction/experiments/E13/pipeline_outputs/subaction_09_P01_109_9/episode_09_left/frame_000721_left/homography_matches.png,/Users/huhu/Documents/Code/bishe/vrb/vrbreproduction/outputs/e13_engineered_homography_100subaction/experiments/E13/pipeline_outputs/subaction_09_P01_109_9/episode_09_left/frame_000721_left/label_heatmap_merged_overlay.png,/Users/huhu/Documents/Code/bishe/vrb/vrbreproduction/outputs/e13_engineered_homography_100subaction/experiments/E13/pipeline_outputs/subaction_09_P01_109_9/episode_09_left/frame_000721_left/vrb_style_affordance.png,/Users/huhu/Documents/Code/bishe/vrb/vrbreproduction/outputs/e13_engineered_homography_100subaction/experiments/E13/pipeline_outputs/subaction_09_P01_109_9/episode_09_left/frame_000721_left/diagnostics/problem3_ref_full_overlay.png,/Users/huhu/Documents/Code/bishe/vrb/vrbreproduction/outputs/e13_engineered_homography_100subaction/experiments/E13/pipeline_outputs/subaction_09_P01_109_9/episode_09_left/frame_000721_left/diagnostics/problem3_ref_crop.png
9,P01_109_9,put down potato,put-down,potato,10.0,734.0,734.0,0.0,left,short_window_pre_contact,733.0,1.0,1.0,1.0,2.0,2.115830898284912,/Users/huhu/Documents/Code/bishe/vrb/vrbreproduction/outputs/e13_engineered_homography_100subaction/experiments/E13/pipeline_outputs/subaction_09_P01_109_9/episode_10_left/frame_000734_left,/Users/huhu/Documents/Code/bishe/vrb/vrbreproduction/outputs/e13_engineered_homography_100subaction/experiments/E13/pipeline_outputs/subaction_09_P01_109_9/episode_10_left/frame_000734_left/contact_frame.png,/Users/huhu/Documents/Code/bishe/vrb/vrbreproduction/outputs/e13_engineered_homography_100subaction/experiments/E13/pipeline_outputs/subaction_09_P01_109_9/episode_10_left/frame_000734_left/reference_frame.png,/Users/huhu/Documents/Code/bishe/vrb/vrbreproduction/outputs/e13_engineered_homography_100subaction/experiments/E13/pipeline_outputs/subaction_09_P01_109_9/episode_10_left/frame_000734_left/contact_overlay.png,/Users/huhu/Documents/Code/bishe/vrb/vrbreproduction/outputs/e13_engineered_homography_100subaction/experiments/E13/pipeline_outputs/subaction_09_P01_109_9/episode_10_left/frame_000734_left/projection_overlay_raw_vs_snapped.png,/Users/huhu/Documents/Code/bishe/vrb/vrbreproduction/outputs/e13_engineered_homography_100subaction/experiments/E13/pipeline_outputs/subaction_09_P01_109_9/episode_10_left/frame_000734_left/homography_matches.png,/Users/huhu/Documents/Code/bishe/vrb/vrbreproduction/outputs/e13_engineered_homography_100subaction/experiments/E13/pipeline_outputs/subaction_09_P01_109_9/episode_10_left/frame_000734_left/label_heatmap_merged_overlay.png,/Users/huhu/Documents/Code/bishe/vrb/vrbreproduction/outputs/e13_engineered_homography_100subaction/experiments/E13/pipeline_outputs/subaction_09_P01_109_9/episode_10_left/frame_000734_left/vrb_style_affordance.png,/Users/huhu/Documents/Code/bishe/vrb/vrbreproduction/outputs/e13_engineered_homography_100subaction/experiments/E13/pipeline_outputs/subaction_09_P01_109_9/episode_10_left/frame_000734_left/diagnostics/problem3_ref_full_overlay.png,/Users/huhu/Documents/Code/bishe/vrb/vrbreproduction/outputs/e13_engineered_homography_100subaction/experiments/E13/pipeline_outputs/subaction_09_P01_109_9/episode_10_left/frame_000734_left/diagnostics/problem3_ref_crop.png
9,P01_109_9,put down potato,put-down,potato,10.0,734.0,735.0,1.0,left,short_window_pre_contact,733.0,2.0,2.0,1.0,2.0,3.8083322048187256,/Users/huhu/Documents/Code/bishe/vrb/vrbreproduction/outputs/e13_engineered_homography_100subaction/experiments/E13/pipeline_outputs/subaction_09_P01_109_9/episode_10_left/frame_000735_left,/Users/huhu/Documents/Code/bishe/vrb/vrbreproduction/outputs/e13_engineered_homography_100subaction/experiments/E13/pipeline_outputs/subaction_09_P01_109_9/episode_10_left/frame_000735_left/contact_frame.png,/Users/huhu/Documents/Code/bishe/vrb/vrbreproduction/outputs/e13_engineered_homography_100subaction/experiments/E13/pipeline_outputs/subaction_09_P01_109_9/episode_10_left/frame_000735_left/reference_frame.png,/Users/huhu/Documents/Code/bishe/vrb/vrbreproduction/outputs/e13_engineered_homography_100subaction/experiments/E13/pipeline_outputs/subaction_09_P01_109_9/episode_10_left/frame_000735_left/contact_overlay.png,/Users/huhu/Documents/Code/bishe/vrb/vrbreproduction/outputs/e13_engineered_homography_100subaction/experiments/E13/pipeline_outputs/subaction_09_P01_109_9/episode_10_left/frame_000735_left/projection_overlay_raw_vs_snapped.png,/Users/huhu/Documents/Code/bishe/vrb/vrbreproduction/outputs/e13_engineered_homography_100subaction/experiments/E13/pipeline_outputs/subaction_09_P01_109_9/episode_10_left/frame_000735_left/homography_matches.png,/Users/huhu/Documents/Code/bishe/vrb/vrbreproduction/outputs/e13_engineered_homography_100subaction/experiments/E13/pipeline_outputs/subaction_09_P01_109_9/episode_10_left/frame_000735_left/label_heatmap_merged_overlay.png,/Users/huhu/Documents/Code/bishe/vrb/vrbreproduction/outputs/e13_engineered_homography_100subaction/experiments/E13/pipeline_outputs/subaction_09_P01_109_9/episode_10_left/frame_000735_left/vrb_style_affordance.png,/Users/huhu/Documents/Code/bishe/vrb/vrbreproduction/outputs/e13_engineered_homography_100subaction/experiments/E13/pipeline_outputs/subaction_09_P01_109_9/episode_10_left/frame_000735_left/diagnostics/problem3_ref_full_overlay.png,/Users/huhu/Documents/Code/bishe/vrb/vrbreproduction/outputs/e13_engineered_homography_100subaction/experiments/E13/pipeline_outputs/subaction_09_P01_109_9/episode_10_left/frame_000735_left/diagnostics/problem3_ref_crop.png
9,P01_109_9,put down potato,put-down,potato,11.0,734.0,734.0,0.0,right,short_window_pre_contact,733.0,1.0,1.0,1.0,4.0,3.4618020057678223,/Users/huhu/Documents/Code/bishe/vrb/vrbreproduction/outputs/e13_engineered_homography_100subaction/experiments/E13/pipeline_outputs/subaction_09_P01_109_9/episode_11_right/frame_000734_right,/Users/huhu/Documents/Code/bishe/vrb/vrbreproduction/outputs/e13_engineered_homography_100subaction/experiments/E13/pipeline_outputs/subaction_09_P01_109_9/episode_11_right/frame_000734_right/contact_frame.png,/Users/huhu/Documents/Code/bishe/vrb/vrbreproduction/outputs/e13_engineered_homography_100subaction/experiments/E13/pipeline_outputs/subaction_09_P01_109_9/episode_11_right/frame_000734_right/reference_frame.png,/Users/huhu/Documents/Code/bishe/vrb/vrbreproduction/outputs/e13_engineered_homography_100subaction/experiments/E13/pipeline_outputs/subaction_09_P01_109_9/episode_11_right/frame_000734_right/contact_overlay.png,/Users/huhu/Documents/Code/bishe/vrb/vrbreproduction/outputs/e13_engineered_homography_100subaction/experiments/E13/pipeline_outputs/subaction_09_P01_109_9/episode_11_right/frame_000734_right/projection_overlay_raw_vs_snapped.png,/Users/huhu/Documents/Code/bishe/vrb/vrbreproduction/outputs/e13_engineered_homography_100subaction/experiments/E13/pipeline_outputs/subaction_09_P01_109_9/episode_11_right/frame_000734_right/homography_matches.png,/Users/huhu/Documents/Code/bishe/vrb/vrbreproduction/outputs/e13_engineered_homography_100subaction/experiments/E13/pipeline_outputs/subaction_09_P01_109_9/episode_11_right/frame_000734_right/label_heatmap_merged_overlay.png,/Users/huhu/Documents/Code/bishe/vrb/vrbreproduction/outputs/e13_engineered_homography_100subaction/experiments/E13/pipeline_outputs/subaction_09_P01_109_9/episode_11_right/frame_000734_right/vrb_style_affordance.png,/Users/huhu/Documents/Code/bishe/vrb/vrbreproduction/outputs/e13_engineered_homography_100subaction/experiments/E13/pipeline_outputs/subaction_09_P01_109_9/episode_11_right/frame_000734_right/diagnostics/problem3_ref_full_overlay.png,/Users/huhu/Documents/Code/bishe/vrb/vrbreproduction/outputs/e13_engineered_homography_100subaction/experiments/E13/pipeline_outputs/subaction_09_P01_109_9/episode_11_right/frame_000734_right/diagnostics/problem3_ref_crop.png
9,P01_109_9,put down potato,put-down,potato,11.0,734.0,735.0,1.0,right,short_window_pre_contact,733.0,2.0,2.0,1.0,4.0,4.299142837524414,/Users/huhu/Documents/Code/bishe/vrb/vrbreproduction/outputs/e13_engineered_homography_100subaction/experiments/E13/pipeline_outputs/subaction_09_P01_109_9/episode_11_right/frame_000735_right,/Users/huhu/Documents/Code/bishe/vrb/vrbreproduction/outputs/e13_engineered_homography_100subaction/experiments/E13/pipeline_outputs/subaction_09_P01_109_9/episode_11_right/frame_000735_right/contact_frame.png,/Users/huhu/Documents/Code/bishe/vrb/vrbreproduction/outputs/e13_engineered_homography_100subaction/experiments/E13/pipeline_outputs/subaction_09_P01_109_9/episode_11_right/frame_000735_right/reference_frame.png,/Users/huhu/Documents/Code/bishe/vrb/vrbreproduction/outputs/e13_engineered_homography_100subaction/experiments/E13/pipeline_outputs/subaction_09_P01_109_9/episode_11_right/frame_000735_right/contact_overlay.png,/Users/huhu/Documents/Code/bishe/vrb/vrbreproduction/outputs/e13_engineered_homography_100subaction/experiments/E13/pipeline_outputs/subaction_09_P01_109_9/episode_11_right/frame_000735_right/projection_overlay_raw_vs_snapped.png,/Users/huhu/Documents/Code/bishe/vrb/vrbreproduction/outputs/e13_engineered_homography_100subaction/experiments/E13/pipeline_outputs/subaction_09_P01_109_9/episode_11_right/frame_000735_right/homography_matches.png,/Users/huhu/Documents/Code/bishe/vrb/vrbreproduction/outputs/e13_engineered_homography_100subaction/experiments/E13/pipeline_outputs/subaction_09_P01_109_9/episode_11_right/frame_000735_right/label_heatmap_merged_overlay.png,/Users/huhu/Documents/Code/bishe/vrb/vrbreproduction/outputs/e13_engineered_homography_100subaction/experiments/E13/pipeline_outputs/subaction_09_P01_109_9/episode_11_right/frame_000735_right/vrb_style_affordance.png,/Users/huhu/Documents/Code/bishe/vrb/vrbreproduction/outputs/e13_engineered_homography_100subaction/experiments/E13/pipeline_outputs/subaction_09_P01_109_9/episode_11_right/frame_000735_right/diagnostics/problem3_ref_full_overlay.png,/Users/huhu/Documents/Code/bishe/vrb/vrbreproduction/outputs/e13_engineered_homography_100subaction/experiments/E13/pipeline_outputs/subaction_09_P01_109_9/episode_11_right/frame_000735_right/diagnostics/problem3_ref_crop.png
13,P01_109_13,put beer into drawer,put-into,beer,4.0,1258.0,1259.0,1.0,right,short_window_pre_contact,1257.0,2.0,2.0,1.0,5.0,0.0,/Users/huhu/Documents/Code/bishe/vrb/vrbreproduction/outputs/e13_engineered_homography_100subaction/experiments/E13/pipeline_outputs/subaction_13_P01_109_13/episode_04_right/frame_001259_right,/Users/huhu/Documents/Code/bishe/vrb/vrbreproduction/outputs/e13_engineered_homography_100subaction/experiments/E13/pipeline_outputs/subaction_13_P01_109_13/episode_04_right/frame_001259_right/contact_frame.png,/Users/huhu/Documents/Code/bishe/vrb/vrbreproduction/outputs/e13_engineered_homography_100subaction/experiments/E13/pipeline_outputs/subaction_13_P01_109_13/episode_04_right/frame_001259_right/reference_frame.png,/Users/huhu/Documents/Code/bishe/vrb/vrbreproduction/outputs/e13_engineered_homography_100subaction/experiments/E13/pipeline_outputs/subaction_13_P01_109_13/episode_04_right/frame_001259_right/contact_overlay.png,/Users/huhu/Documents/Code/bishe/vrb/vrbreproduction/outputs/e13_engineered_homography_100subaction/experiments/E13/pipeline_outputs/subaction_13_P01_109_13/episode_04_right/frame_001259_right/projection_overlay_raw_vs_snapped.png,/Users/huhu/Documents/Code/bishe/vrb/vrbreproduction/outputs/e13_engineered_homography_100subaction/experiments/E13/pipeline_outputs/subaction_13_P01_109_13/episode_04_right/frame_001259_right/homography_matches.png,/Users/huhu/Documents/Code/bishe/vrb/vrbreproduction/outputs/e13_engineered_homography_100subaction/experiments/E13/pipeline_outputs/subaction_13_P01_109_13/episode_04_right/frame_001259_right/label_heatmap_merged_overlay.png,/Users/huhu/Documents/Code/bishe/vrb/vrbreproduction/outputs/e13_engineered_homography_100subaction/experiments/E13/pipeline_outputs/subaction_13_P01_109_13/episode_04_right/frame_001259_right/vrb_style_affordance.png,/Users/huhu/Documents/Code/bishe/vrb/vrbreproduction/outputs/e13_engineered_homography_100subaction/experiments/E13/pipeline_outputs/subaction_13_P01_109_13/episode_04_right/frame_001259_right/diagnostics/problem3_ref_full_overlay.png,/Users/huhu/Documents/Code/bishe/vrb/vrbreproduction/outputs/e13_engineered_homography_100subaction/experiments/E13/pipeline_outputs/subaction_13_P01_109_13/episode_04_right/frame_001259_right/diagnostics/problem3_ref_crop.png
13,P01_109_13,put beer into drawer,put-into,beer,7.0,1271.0,1271.0,0.0,right,short_window_pre_contact,1270.0,1.0,1.0,1.0,3.0,1.3049484491348267,/Users/huhu/Documents/Code/bishe/vrb/vrbreproduction/outputs/e13_engineered_homography_100subaction/experiments/E13/pipeline_outputs/subaction_13_P01_109_13/episode_07_right/frame_001271_right,/Users/huhu/Documents/Code/bishe/vrb/vrbreproduction/outputs/e13_engineered_homography_100subaction/experiments/E13/pipeline_outputs/subaction_13_P01_109_13/episode_07_right/frame_001271_right/contact_frame.png,/Users/huhu/Documents/Code/bishe/vrb/vrbreproduction/outputs/e13_engineered_homography_100subaction/experiments/E13/pipeline_outputs/subaction_13_P01_109_13/episode_07_right/frame_001271_right/reference_frame.png,/Users/huhu/Documents/Code/bishe/vrb/vrbreproduction/outputs/e13_engineered_homography_100subaction/experiments/E13/pipeline_outputs/subaction_13_P01_109_13/episode_07_right/frame_001271_right/contact_overlay.png,/Users/huhu/Documents/Code/bishe/vrb/vrbreproduction/outputs/e13_engineered_homography_100subaction/experiments/E13/pipeline_outputs/subaction_13_P01_109_13/episode_07_right/frame_001271_right/projection_overlay_raw_vs_snapped.png,/Users/huhu/Documents/Code/bishe/vrb/vrbreproduction/outputs/e13_engineered_homography_100subaction/experiments/E13/pipeline_outputs/subaction_13_P01_109_13/episode_07_right/frame_001271_right/homography_matches.png,/Users/huhu/Documents/Code/bishe/vrb/vrbreproduction/outputs/e13_engineered_homography_100subaction/experiments/E13/pipeline_outputs/subaction_13_P01_109_13/episode_07_right/frame_001271_right/label_heatmap_merged_overlay.png,/Users/huhu/Documents/Code/bishe/vrb/vrbreproduction/outputs/e13_engineered_homography_100subaction/experiments/E13/pipeline_outputs/subaction_13_P01_109_13/episode_07_right/frame_001271_right/vrb_style_affordance.png,/Users/huhu/Documents/Code/bishe/vrb/vrbreproduction/outputs/e13_engineered_homography_100subaction/experiments/E13/pipeline_outputs/subaction_13_P01_109_13/episode_07_right/frame_001271_right/diagnostics/problem3_ref_full_overlay.png,/Users/huhu/Documents/Code/bishe/vrb/vrbreproduction/outputs/e13_engineered_homography_100subaction/experiments/E13/pipeline_outputs/subaction_13_P01_109_13/episode_07_right/frame_001271_right/diagnostics/problem3_ref_crop.png
13,P01_109_13,put beer into drawer,put-into,beer,7.0,1271.0,1272.0,1.0,right,short_window_pre_contact,1270.0,2.0,2.0,1.0,5.0,0.0,/Users/huhu/Documents/Code/bishe/vrb/vrbreproduction/outputs/e13_engineered_homography_100subaction/experiments/E13/pipeline_outputs/subaction_13_P01_109_13/episode_07_right/frame_001272_right,/Users/huhu/Documents/Code/bishe/vrb/vrbreproduction/outputs/e13_engineered_homography_100subaction/experiments/E13/pipeline_outputs/subaction_13_P01_109_13/episode_07_right/frame_001272_right/contact_frame.png,/Users/huhu/Documents/Code/bishe/vrb/vrbreproduction/outputs/e13_engineered_homography_100subaction/experiments/E13/pipeline_outputs/subaction_13_P01_109_13/episode_07_right/frame_001272_right/reference_frame.png,/Users/huhu/Documents/Code/bishe/vrb/vrbreproduction/outputs/e13_engineered_homography_100subaction/experiments/E13/pipeline_outputs/subaction_13_P01_109_13/episode_07_right/frame_001272_right/contact_overlay.png,/Users/huhu/Documents/Code/bishe/vrb/vrbreproduction/outputs/e13_engineered_homography_100subaction/experiments/E13/pipeline_outputs/subaction_13_P01_109_13/episode_07_right/frame_001272_right/projection_overlay_raw_vs_snapped.png,/Users/huhu/Documents/Code/bishe/vrb/vrbreproduction/outputs/e13_engineered_homography_100subaction/experiments/E13/pipeline_outputs/subaction_13_P01_109_13/episode_07_right/frame_001272_right/homography_matches.png,/Users/huhu/Documents/Code/bishe/vrb/vrbreproduction/outputs/e13_engineered_homography_100subaction/experiments/E13/pipeline_outputs/subaction_13_P01_109_13/episode_07_right/frame_001272_right/label_heatmap_merged_overlay.png,/Users/huhu/Documents/Code/bishe/vrb/vrbreproduction/outputs/e13_engineered_homography_100subaction/experiments/E13/pipeline_outputs/subaction_13_P01_109_13/episode_07_right/frame_001272_right/vrb_style_affordance.png,/Users/huhu/Documents/Code/bishe/vrb/vrbreproduction/outputs/e13_engineered_homography_100subaction/experiments/E13/pipeline_outputs/subaction_13_P01_109_13/episode_07_right/frame_001272_right/diagnostics/problem3_ref_full_overlay.png,/Users/huhu/Documents/Code/bishe/vrb/vrbreproduction/outputs/e13_engineered_homography_100subaction/experiments/E13/pipeline_outputs/subaction_13_P01_109_13/episode_07_right/frame_001272_right/diagnostics/problem3_ref_crop.png
13,P01_109_13,put beer into drawer,put-into,beer,7.0,1271.0,1273.0,2.0,right,short_window_pre_contact,1270.0,3.0,3.0,1.0,4.0,2.6716787815093994,/Users/huhu/Documents/Code/bishe/vrb/vrbreproduction/outputs/e13_engineered_homography_100subaction/experiments/E13/pipeline_outputs/subaction_13_P01_109_13/episode_07_right/frame_001273_right,/Users/huhu/Documents/Code/bishe/vrb/vrbreproduction/outputs/e13_engineered_homography_100subaction/experiments/E13/pipeline_outputs/subaction_13_P01_109_13/episode_07_right/frame_001273_right/contact_frame.png,/Users/huhu/Documents/Code/bishe/vrb/vrbreproduction/outputs/e13_engineered_homography_100subaction/experiments/E13/pipeline_outputs/subaction_13_P01_109_13/episode_07_right/frame_001273_right/reference_frame.png,/Users/huhu/Documents/Code/bishe/vrb/vrbreproduction/outputs/e13_engineered_homography_100subaction/experiments/E13/pipeline_outputs/subaction_13_P01_109_13/episode_07_right/frame_001273_right/contact_overlay.png,/Users/huhu/Documents/Code/bishe/vrb/vrbreproduction/outputs/e13_engineered_homography_100subaction/experiments/E13/pipeline_outputs/subaction_13_P01_109_13/episode_07_right/frame_001273_right/projection_overlay_raw_vs_snapped.png,/Users/huhu/Documents/Code/bishe/vrb/vrbreproduction/outputs/e13_engineered_homography_100subaction/experiments/E13/pipeline_outputs/subaction_13_P01_109_13/episode_07_right/frame_001273_right/homography_matches.png,/Users/huhu/Documents/Code/bishe/vrb/vrbreproduction/outputs/e13_engineered_homography_100subaction/experiments/E13/pipeline_outputs/subaction_13_P01_109_13/episode_07_right/frame_001273_right/label_heatmap_merged_overlay.png,/Users/huhu/Documents/Code/bishe/vrb/vrbreproduction/outputs/e13_engineered_homography_100subaction/experiments/E13/pipeline_outputs/subaction_13_P01_109_13/episode_07_right/frame_001273_right/vrb_style_affordance.png,/Users/huhu/Documents/Code/bishe/vrb/vrbreproduction/outputs/e13_engineered_homography_100subaction/experiments/E13/pipeline_outputs/subaction_13_P01_109_13/episode_07_right/frame_001273_right/diagnostics/problem3_ref_full_overlay.png,/Users/huhu/Documents/Code/bishe/vrb/vrbreproduction/outputs/e13_engineered_homography_100subaction/experiments/E13/pipeline_outputs/subaction_13_P01_109_13/episode_07_right/frame_001273_right/diagnostics/problem3_ref_crop.png
13,P01_109_13,put beer into drawer,put-into,beer,12.0,1345.0,1345.0,0.0,left,short_window_pre_contact,1344.0,1.0,1.0,1.0,1.0,7.190846920013428,/Users/huhu/Documents/Code/bishe/vrb/vrbreproduction/outputs/e13_engineered_homography_100subaction/experiments/E13/pipeline_outputs/subaction_13_P01_109_13/episode_12_left/frame_001345_left,/Users/huhu/Documents/Code/bishe/vrb/vrbreproduction/outputs/e13_engineered_homography_100subaction/experiments/E13/pipeline_outputs/subaction_13_P01_109_13/episode_12_left/frame_001345_left/contact_frame.png,/Users/huhu/Documents/Code/bishe/vrb/vrbreproduction/outputs/e13_engineered_homography_100subaction/experiments/E13/pipeline_outputs/subaction_13_P01_109_13/episode_12_left/frame_001345_left/reference_frame.png,/Users/huhu/Documents/Code/bishe/vrb/vrbreproduction/outputs/e13_engineered_homography_100subaction/experiments/E13/pipeline_outputs/subaction_13_P01_109_13/episode_12_left/frame_001345_left/contact_overlay.png,/Users/huhu/Documents/Code/bishe/vrb/vrbreproduction/outputs/e13_engineered_homography_100subaction/experiments/E13/pipeline_outputs/subaction_13_P01_109_13/episode_12_left/frame_001345_left/projection_overlay_raw_vs_snapped.png,/Users/huhu/Documents/Code/bishe/vrb/vrbreproduction/outputs/e13_engineered_homography_100subaction/experiments/E13/pipeline_outputs/subaction_13_P01_109_13/episode_12_left/frame_001345_left/homography_matches.png,/Users/huhu/Documents/Code/bishe/vrb/vrbreproduction/outputs/e13_engineered_homography_100subaction/experiments/E13/pipeline_outputs/subaction_13_P01_109_13/episode_12_left/frame_001345_left/label_heatmap_merged_overlay.png,/Users/huhu/Documents/Code/bishe/vrb/vrbreproduction/outputs/e13_engineered_homography_100subaction/experiments/E13/pipeline_outputs/subaction_13_P01_109_13/episode_12_left/frame_001345_left/vrb_style_affordance.png,/Users/huhu/Documents/Code/bishe/vrb/vrbreproduction/outputs/e13_engineered_homography_100subaction/experiments/E13/pipeline_outputs/subaction_13_P01_109_13/episode_12_left/frame_001345_left/diagnostics/problem3_ref_full_overlay.png,/Users/huhu/Documents/Code/bishe/vrb/vrbreproduction/outputs/e13_engineered_homography_100subaction/experiments/E13/pipeline_outputs/subaction_13_P01_109_13/episode_12_left/frame_001345_left/diagnostics/problem3_ref_crop.png
13,P01_109_13,put beer into drawer,put-into,beer,12.0,1345.0,1346.0,1.0,left,short_window_pre_contact,1344.0,2.0,2.0,1.0,1.0,9.93057918548584,/Users/huhu/Documents/Code/bishe/vrb/vrbreproduction/outputs/e13_engineered_homography_100subaction/experiments/E13/pipeline_outputs/subaction_13_P01_109_13/episode_12_left/frame_001346_left,/Users/huhu/Documents/Code/bishe/vrb/vrbreproduction/outputs/e13_engineered_homography_100subaction/experiments/E13/pipeline_outputs/subaction_13_P01_109_13/episode_12_left/frame_001346_left/contact_frame.png,/Users/huhu/Documents/Code/bishe/vrb/vrbreproduction/outputs/e13_engineered_homography_100subaction/experiments/E13/pipeline_outputs/subaction_13_P01_109_13/episode_12_left/frame_001346_left/reference_frame.png,/Users/huhu/Documents/Code/bishe/vrb/vrbreproduction/outputs/e13_engineered_homography_100subaction/experiments/E13/pipeline_outputs/subaction_13_P01_109_13/episode_12_left/frame_001346_left/contact_overlay.png,/Users/huhu/Documents/Code/bishe/vrb/vrbreproduction/outputs/e13_engineered_homography_100subaction/experiments/E13/pipeline_outputs/subaction_13_P01_109_13/episode_12_left/frame_001346_left/projection_overlay_raw_vs_snapped.png,/Users/huhu/Documents/Code/bishe/vrb/vrbreproduction/outputs/e13_engineered_homography_100subaction/experiments/E13/pipeline_outputs/subaction_13_P01_109_13/episode_12_left/frame_001346_left/homography_matches.png,/Users/huhu/Documents/Code/bishe/vrb/vrbreproduction/outputs/e13_engineered_homography_100subaction/experiments/E13/pipeline_outputs/subaction_13_P01_109_13/episode_12_left/frame_001346_left/label_heatmap_merged_overlay.png,/Users/huhu/Documents/Code/bishe/vrb/vrbreproduction/outputs/e13_engineered_homography_100subaction/experiments/E13/pipeline_outputs/subaction_13_P01_109_13/episode_12_left/frame_001346_left/vrb_style_affordance.png,/Users/huhu/Documents/Code/bishe/vrb/vrbreproduction/outputs/e13_engineered_homography_100subaction/experiments/E13/pipeline_outputs/subaction_13_P01_109_13/episode_12_left/frame_001346_left/diagnostics/problem3_ref_full_overlay.png,/Users/huhu/Documents/Code/bishe/vrb/vrbreproduction/outputs/e13_engineered_homography_100subaction/experiments/E13/pipeline_outputs/subaction_13_P01_109_13/episode_12_left/frame_001346_left/diagnostics/problem3_ref_crop.png
13,P01_109_13,put beer into drawer,put-into,beer,12.0,1345.0,1347.0,2.0,left,short_window_pre_contact,1344.0,3.0,3.0,1.0,2.0,8.013072967529297,/Users/huhu/Documents/Code/bishe/vrb/vrbreproduction/outputs/e13_engineered_homography_100subaction/experiments/E13/pipeline_outputs/subaction_13_P01_109_13/episode_12_left/frame_001347_left,/Users/huhu/Documents/Code/bishe/vrb/vrbreproduction/outputs/e13_engineered_homography_100subaction/experiments/E13/pipeline_outputs/subaction_13_P01_109_13/episode_12_left/frame_001347_left/contact_frame.png,/Users/huhu/Documents/Code/bishe/vrb/vrbreproduction/outputs/e13_engineered_homography_100subaction/experiments/E13/pipeline_outputs/subaction_13_P01_109_13/episode_12_left/frame_001347_left/reference_frame.png,/Users/huhu/Documents/Code/bishe/vrb/vrbreproduction/outputs/e13_engineered_homography_100subaction/experiments/E13/pipeline_outputs/subaction_13_P01_109_13/episode_12_left/frame_001347_left/contact_overlay.png,/Users/huhu/Documents/Code/bishe/vrb/vrbreproduction/outputs/e13_engineered_homography_100subaction/experiments/E13/pipeline_outputs/subaction_13_P01_109_13/episode_12_left/frame_001347_left/projection_overlay_raw_vs_snapped.png,/Users/huhu/Documents/Code/bishe/vrb/vrbreproduction/outputs/e13_engineered_homography_100subaction/experiments/E13/pipeline_outputs/subaction_13_P01_109_13/episode_12_left/frame_001347_left/homography_matches.png,/Users/huhu/Documents/Code/bishe/vrb/vrbreproduction/outputs/e13_engineered_homography_100subaction/experiments/E13/pipeline_outputs/subaction_13_P01_109_13/episode_12_left/frame_001347_left/label_heatmap_merged_overlay.png,/Users/huhu/Documents/Code/bishe/vrb/vrbreproduction/outputs/e13_engineered_homography_100subaction/experiments/E13/pipeline_outputs/subaction_13_P01_109_13/episode_12_left/frame_001347_left/vrb_style_affordance.png,/Users/huhu/Documents/Code/bishe/vrb/vrbreproduction/outputs/e13_engineered_homography_100subaction/experiments/E13/pipeline_outputs/subaction_13_P01_109_13/episode_12_left/frame_001347_left/diagnostics/problem3_ref_full_overlay.png,/Users/huhu/Documents/Code/bishe/vrb/vrbreproduction/outputs/e13_engineered_homography_100subaction/experiments/E13/pipeline_outputs/subaction_13_P01_109_13/episode_12_left/frame_001347_left/diagnostics/problem3_ref_crop.png
14,P01_109_14,put beer into drawer,put-into,beer,1.0,1258.0,1259.0,1.0,right,short_window_pre_contact,1257.0,2.0,2.0,1.0,5.0,0.0,/Users/huhu/Documents/Code/bishe/vrb/vrbreproduction/outputs/e13_engineered_homography_100subaction/experiments/E13/pipeline_outputs/subaction_14_P01_109_14/episode_01_right/frame_001259_right,/Users/huhu/Documents/Code/bishe/vrb/vrbreproduction/outputs/e13_engineered_homography_100subaction/experiments/E13/pipeline_outputs/subaction_14_P01_109_14/episode_01_right/frame_001259_right/contact_frame.png,/Users/huhu/Documents/Code/bishe/vrb/vrbreproduction/outputs/e13_engineered_homography_100subaction/experiments/E13/pipeline_outputs/subaction_14_P01_109_14/episode_01_right/frame_001259_right/reference_frame.png,/Users/huhu/Documents/Code/bishe/vrb/vrbreproduction/outputs/e13_engineered_homography_100subaction/experiments/E13/pipeline_outputs/subaction_14_P01_109_14/episode_01_right/frame_001259_right/contact_overlay.png,/Users/huhu/Documents/Code/bishe/vrb/vrbreproduction/outputs/e13_engineered_homography_100subaction/experiments/E13/pipeline_outputs/subaction_14_P01_109_14/episode_01_right/frame_001259_right/projection_overlay_raw_vs_snapped.png,/Users/huhu/Documents/Code/bishe/vrb/vrbreproduction/outputs/e13_engineered_homography_100subaction/experiments/E13/pipeline_outputs/subaction_14_P01_109_14/episode_01_right/frame_001259_right/homography_matches.png,/Users/huhu/Documents/Code/bishe/vrb/vrbreproduction/outputs/e13_engineered_homography_100subaction/experiments/E13/pipeline_outputs/subaction_14_P01_109_14/episode_01_right/frame_001259_right/label_heatmap_merged_overlay.png,/Users/huhu/Documents/Code/bishe/vrb/vrbreproduction/outputs/e13_engineered_homography_100subaction/experiments/E13/pipeline_outputs/subaction_14_P01_109_14/episode_01_right/frame_001259_right/vrb_style_affordance.png,/Users/huhu/Documents/Code/bishe/vrb/vrbreproduction/outputs/e13_engineered_homography_100subaction/experiments/E13/pipeline_outputs/subaction_14_P01_109_14/episode_01_right/frame_001259_right/diagnostics/problem3_ref_full_overlay.png,/Users/huhu/Documents/Code/bishe/vrb/vrbreproduction/outputs/e13_engineered_homography_100subaction/experiments/E13/pipeline_outputs/subaction_14_P01_109_14/episode_01_right/frame_001259_right/diagnostics/problem3_ref_crop.png
14,P01_109_14,put beer into drawer,put-into,beer,4.0,1271.0,1271.0,0.0,right,short_window_pre_contact,1270.0,1.0,1.0,1.0,3.0,1.3049484491348267,/Users/huhu/Documents/Code/bishe/vrb/vrbreproduction/outputs/e13_engineered_homography_100subaction/experiments/E13/pipeline_outputs/subaction_14_P01_109_14/episode_04_right/frame_001271_right,/Users/huhu/Documents/Code/bishe/vrb/vrbreproduction/outputs/e13_engineered_homography_100subaction/experiments/E13/pipeline_outputs/subaction_14_P01_109_14/episode_04_right/frame_001271_right/contact_frame.png,/Users/huhu/Documents/Code/bishe/vrb/vrbreproduction/outputs/e13_engineered_homography_100subaction/experiments/E13/pipeline_outputs/subaction_14_P01_109_14/episode_04_right/frame_001271_right/reference_frame.png,/Users/huhu/Documents/Code/bishe/vrb/vrbreproduction/outputs/e13_engineered_homography_100subaction/experiments/E13/pipeline_outputs/subaction_14_P01_109_14/episode_04_right/frame_001271_right/contact_overlay.png,/Users/huhu/Documents/Code/bishe/vrb/vrbreproduction/outputs/e13_engineered_homography_100subaction/experiments/E13/pipeline_outputs/subaction_14_P01_109_14/episode_04_right/frame_001271_right/projection_overlay_raw_vs_snapped.png,/Users/huhu/Documents/Code/bishe/vrb/vrbreproduction/outputs/e13_engineered_homography_100subaction/experiments/E13/pipeline_outputs/subaction_14_P01_109_14/episode_04_right/frame_001271_right/homography_matches.png,/Users/huhu/Documents/Code/bishe/vrb/vrbreproduction/outputs/e13_engineered_homography_100subaction/experiments/E13/pipeline_outputs/subaction_14_P01_109_14/episode_04_right/frame_001271_right/label_heatmap_merged_overlay.png,/Users/huhu/Documents/Code/bishe/vrb/vrbreproduction/outputs/e13_engineered_homography_100subaction/experiments/E13/pipeline_outputs/subaction_14_P01_109_14/episode_04_right/frame_001271_right/vrb_style_affordance.png,/Users/huhu/Documents/Code/bishe/vrb/vrbreproduction/outputs/e13_engineered_homography_100subaction/experiments/E13/pipeline_outputs/subaction_14_P01_109_14/episode_04_right/frame_001271_right/diagnostics/problem3_ref_full_overlay.png,/Users/huhu/Documents/Code/bishe/vrb/vrbreproduction/outputs/e13_engineered_homography_100subaction/experiments/E13/pipeline_outputs/subaction_14_P01_109_14/episode_04_right/frame_001271_right/diagnostics/problem3_ref_crop.png
14,P01_109_14,put beer into drawer,put-into,beer,4.0,1271.0,1272.0,1.0,right,short_window_pre_contact,1270.0,2.0,2.0,1.0,5.0,0.0,/Users/huhu/Documents/Code/bishe/vrb/vrbreproduction/outputs/e13_engineered_homography_100subaction/experiments/E13/pipeline_outputs/subaction_14_P01_109_14/episode_04_right/frame_001272_right,/Users/huhu/Documents/Code/bishe/vrb/vrbreproduction/outputs/e13_engineered_homography_100subaction/experiments/E13/pipeline_outputs/subaction_14_P01_109_14/episode_04_right/frame_001272_right/contact_frame.png,/Users/huhu/Documents/Code/bishe/vrb/vrbreproduction/outputs/e13_engineered_homography_100subaction/experiments/E13/pipeline_outputs/subaction_14_P01_109_14/episode_04_right/frame_001272_right/reference_frame.png,/Users/huhu/Documents/Code/bishe/vrb/vrbreproduction/outputs/e13_engineered_homography_100subaction/experiments/E13/pipeline_outputs/subaction_14_P01_109_14/episode_04_right/frame_001272_right/contact_overlay.png,/Users/huhu/Documents/Code/bishe/vrb/vrbreproduction/outputs/e13_engineered_homography_100subaction/experiments/E13/pipeline_outputs/subaction_14_P01_109_14/episode_04_right/frame_001272_right/projection_overlay_raw_vs_snapped.png,/Users/huhu/Documents/Code/bishe/vrb/vrbreproduction/outputs/e13_engineered_homography_100subaction/experiments/E13/pipeline_outputs/subaction_14_P01_109_14/episode_04_right/frame_001272_right/homography_matches.png,/Users/huhu/Documents/Code/bishe/vrb/vrbreproduction/outputs/e13_engineered_homography_100subaction/experiments/E13/pipeline_outputs/subaction_14_P01_109_14/episode_04_right/frame_001272_right/label_heatmap_merged_overlay.png,/Users/huhu/Documents/Code/bishe/vrb/vrbreproduction/outputs/e13_engineered_homography_100subaction/experiments/E13/pipeline_outputs/subaction_14_P01_109_14/episode_04_right/frame_001272_right/vrb_style_affordance.png,/Users/huhu/Documents/Code/bishe/vrb/vrbreproduction/outputs/e13_engineered_homography_100subaction/experiments/E13/pipeline_outputs/subaction_14_P01_109_14/episode_04_right/frame_001272_right/diagnostics/problem3_ref_full_overlay.png,/Users/huhu/Documents/Code/bishe/vrb/vrbreproduction/outputs/e13_engineered_homography_100subaction/experiments/E13/pipeline_outputs/subaction_14_P01_109_14/episode_04_right/frame_001272_right/diagnostics/problem3_ref_crop.png
14,P01_109_14,put beer into drawer,put-into,beer,4.0,1271.0,1273.0,2.0,right,short_window_pre_contact,1270.0,3.0,3.0,1.0,4.0,2.6716787815093994,/Users/huhu/Documents/Code/bishe/vrb/vrbreproduction/outputs/e13_engineered_homography_100subaction/experiments/E13/pipeline_outputs/subaction_14_P01_109_14/episode_04_right/frame_001273_right,/Users/huhu/Documents/Code/bishe/vrb/vrbreproduction/outputs/e13_engineered_homography_100subaction/experiments/E13/pipeline_outputs/subaction_14_P01_109_14/episode_04_right/frame_001273_right/contact_frame.png,/Users/huhu/Documents/Code/bishe/vrb/vrbreproduction/outputs/e13_engineered_homography_100subaction/experiments/E13/pipeline_outputs/subaction_14_P01_109_14/episode_04_right/frame_001273_right/reference_frame.png,/Users/huhu/Documents/Code/bishe/vrb/vrbreproduction/outputs/e13_engineered_homography_100subaction/experiments/E13/pipeline_outputs/subaction_14_P01_109_14/episode_04_right/frame_001273_right/contact_overlay.png,/Users/huhu/Documents/Code/bishe/vrb/vrbreproduction/outputs/e13_engineered_homography_100subaction/experiments/E13/pipeline_outputs/subaction_14_P01_109_14/episode_04_right/frame_001273_right/projection_overlay_raw_vs_snapped.png,/Users/huhu/Documents/Code/bishe/vrb/vrbreproduction/outputs/e13_engineered_homography_100subaction/experiments/E13/pipeline_outputs/subaction_14_P01_109_14/episode_04_right/frame_001273_right/homography_matches.png,/Users/huhu/Documents/Code/bishe/vrb/vrbreproduction/outputs/e13_engineered_homography_100subaction/experiments/E13/pipeline_outputs/subaction_14_P01_109_14/episode_04_right/frame_001273_right/label_heatmap_merged_overlay.png,/Users/huhu/Documents/Code/bishe/vrb/vrbreproduction/outputs/e13_engineered_homography_100subaction/experiments/E13/pipeline_outputs/subaction_14_P01_109_14/episode_04_right/frame_001273_right/vrb_style_affordance.png,/Users/huhu/Documents/Code/bishe/vrb/vrbreproduction/outputs/e13_engineered_homography_100subaction/experiments/E13/pipeline_outputs/subaction_14_P01_109_14/episode_04_right/frame_001273_right/diagnostics/problem3_ref_full_overlay.png,/Users/huhu/Documents/Code/bishe/vrb/vrbreproduction/outputs/e13_engineered_homography_100subaction/experiments/E13/pipeline_outputs/subaction_14_P01_109_14/episode_04_right/frame_001273_right/diagnostics/problem3_ref_crop.png
16,P01_109_16,close drawer,close,drawer,1.0,1345.0,1345.0,0.0,left,short_window_pre_contact,1344.0,1.0,1.0,1.0,1.0,7.190846920013428,/Users/huhu/Documents/Code/bishe/vrb/vrbreproduction/outputs/e13_engineered_homography_100subaction/experiments/E13/pipeline_outputs/subaction_16_P01_109_16/episode_01_left/frame_001345_left,/Users/huhu/Documents/Code/bishe/vrb/vrbreproduction/outputs/e13_engineered_homography_100subaction/experiments/E13/pipeline_outputs/subaction_16_P01_109_16/episode_01_left/frame_001345_left/contact_frame.png,/Users/huhu/Documents/Code/bishe/vrb/vrbreproduction/outputs/e13_engineered_homography_100subaction/experiments/E13/pipeline_outputs/subaction_16_P01_109_16/episode_01_left/frame_001345_left/reference_frame.png,/Users/huhu/Documents/Code/bishe/vrb/vrbreproduction/outputs/e13_engineered_homography_100subaction/experiments/E13/pipeline_outputs/subaction_16_P01_109_16/episode_01_left/frame_001345_left/contact_overlay.png,/Users/huhu/Documents/Code/bishe/vrb/vrbreproduction/outputs/e13_engineered_homography_100subaction/experiments/E13/pipeline_outputs/subaction_16_P01_109_16/episode_01_left/frame_001345_left/projection_overlay_raw_vs_snapped.png,/Users/huhu/Documents/Code/bishe/vrb/vrbreproduction/outputs/e13_engineered_homography_100subaction/experiments/E13/pipeline_outputs/subaction_16_P01_109_16/episode_01_left/frame_001345_left/homography_matches.png,/Users/huhu/Documents/Code/bishe/vrb/vrbreproduction/outputs/e13_engineered_homography_100subaction/experiments/E13/pipeline_outputs/subaction_16_P01_109_16/episode_01_left/frame_001345_left/label_heatmap_merged_overlay.png,/Users/huhu/Documents/Code/bishe/vrb/vrbreproduction/outputs/e13_engineered_homography_100subaction/experiments/E13/pipeline_outputs/subaction_16_P01_109_16/episode_01_left/frame_001345_left/vrb_style_affordance.png,/Users/huhu/Documents/Code/bishe/vrb/vrbreproduction/outputs/e13_engineered_homography_100subaction/experiments/E13/pipeline_outputs/subaction_16_P01_109_16/episode_01_left/frame_001345_left/diagnostics/problem3_ref_full_overlay.png,/Users/huhu/Documents/Code/bishe/vrb/vrbreproduction/outputs/e13_engineered_homography_100subaction/experiments/E13/pipeline_outputs/subaction_16_P01_109_16/episode_01_left/frame_001345_left/diagnostics/problem3_ref_crop.png
16,P01_109_16,close drawer,close,drawer,1.0,1345.0,1346.0,1.0,left,short_window_pre_contact,1344.0,2.0,2.0,1.0,1.0,9.93057918548584,/Users/huhu/Documents/Code/bishe/vrb/vrbreproduction/outputs/e13_engineered_homography_100subaction/experiments/E13/pipeline_outputs/subaction_16_P01_109_16/episode_01_left/frame_001346_left,/Users/huhu/Documents/Code/bishe/vrb/vrbreproduction/outputs/e13_engineered_homography_100subaction/experiments/E13/pipeline_outputs/subaction_16_P01_109_16/episode_01_left/frame_001346_left/contact_frame.png,/Users/huhu/Documents/Code/bishe/vrb/vrbreproduction/outputs/e13_engineered_homography_100subaction/experiments/E13/pipeline_outputs/subaction_16_P01_109_16/episode_01_left/frame_001346_left/reference_frame.png,/Users/huhu/Documents/Code/bishe/vrb/vrbreproduction/outputs/e13_engineered_homography_100subaction/experiments/E13/pipeline_outputs/subaction_16_P01_109_16/episode_01_left/frame_001346_left/contact_overlay.png,/Users/huhu/Documents/Code/bishe/vrb/vrbreproduction/outputs/e13_engineered_homography_100subaction/experiments/E13/pipeline_outputs/subaction_16_P01_109_16/episode_01_left/frame_001346_left/projection_overlay_raw_vs_snapped.png,/Users/huhu/Documents/Code/bishe/vrb/vrbreproduction/outputs/e13_engineered_homography_100subaction/experiments/E13/pipeline_outputs/subaction_16_P01_109_16/episode_01_left/frame_001346_left/homography_matches.png,/Users/huhu/Documents/Code/bishe/vrb/vrbreproduction/outputs/e13_engineered_homography_100subaction/experiments/E13/pipeline_outputs/subaction_16_P01_109_16/episode_01_left/frame_001346_left/label_heatmap_merged_overlay.png,/Users/huhu/Documents/Code/bishe/vrb/vrbreproduction/outputs/e13_engineered_homography_100subaction/experiments/E13/pipeline_outputs/subaction_16_P01_109_16/episode_01_left/frame_001346_left/vrb_style_affordance.png,/Users/huhu/Documents/Code/bishe/vrb/vrbreproduction/outputs/e13_engineered_homography_100subaction/experiments/E13/pipeline_outputs/subaction_16_P01_109_16/episode_01_left/frame_001346_left/diagnostics/problem3_ref_full_overlay.png,/Users/huhu/Documents/Code/bishe/vrb/vrbreproduction/outputs/e13_engineered_homography_100subaction/experiments/E13/pipeline_outputs/subaction_16_P01_109_16/episode_01_left/frame_001346_left/diagnostics/problem3_ref_crop.png
16,P01_109_16,close drawer,close,drawer,1.0,1345.0,1347.0,2.0,left,short_window_pre_contact,1344.0,3.0,3.0,1.0,2.0,8.013072967529297,/Users/huhu/Documents/Code/bishe/vrb/vrbreproduction/outputs/e13_engineered_homography_100subaction/experiments/E13/pipeline_outputs/subaction_16_P01_109_16/episode_01_left/frame_001347_left,/Users/huhu/Documents/Code/bishe/vrb/vrbreproduction/outputs/e13_engineered_homography_100subaction/experiments/E13/pipeline_outputs/subaction_16_P01_109_16/episode_01_left/frame_001347_left/contact_frame.png,/Users/huhu/Documents/Code/bishe/vrb/vrbreproduction/outputs/e13_engineered_homography_100subaction/experiments/E13/pipeline_outputs/subaction_16_P01_109_16/episode_01_left/frame_001347_left/reference_frame.png,/Users/huhu/Documents/Code/bishe/vrb/vrbreproduction/outputs/e13_engineered_homography_100subaction/experiments/E13/pipeline_outputs/subaction_16_P01_109_16/episode_01_left/frame_001347_left/contact_overlay.png,/Users/huhu/Documents/Code/bishe/vrb/vrbreproduction/outputs/e13_engineered_homography_100subaction/experiments/E13/pipeline_outputs/subaction_16_P01_109_16/episode_01_left/frame_001347_left/projection_overlay_raw_vs_snapped.png,/Users/huhu/Documents/Code/bishe/vrb/vrbreproduction/outputs/e13_engineered_homography_100subaction/experiments/E13/pipeline_outputs/subaction_16_P01_109_16/episode_01_left/frame_001347_left/homography_matches.png,/Users/huhu/Documents/Code/bishe/vrb/vrbreproduction/outputs/e13_engineered_homography_100subaction/experiments/E13/pipeline_outputs/subaction_16_P01_109_16/episode_01_left/frame_001347_left/label_heatmap_merged_overlay.png,/Users/huhu/Documents/Code/bishe/vrb/vrbreproduction/outputs/e13_engineered_homography_100subaction/experiments/E13/pipeline_outputs/subaction_16_P01_109_16/episode_01_left/frame_001347_left/vrb_style_affordance.png,/Users/huhu/Documents/Code/bishe/vrb/vrbreproduction/outputs/e13_engineered_homography_100subaction/experiments/E13/pipeline_outputs/subaction_16_P01_109_16/episode_01_left/frame_001347_left/diagnostics/problem3_ref_full_overlay.png,/Users/huhu/Documents/Code/bishe/vrb/vrbreproduction/outputs/e13_engineered_homography_100subaction/experiments/E13/pipeline_outputs/subaction_16_P01_109_16/episode_01_left/frame_001347_left/diagnostics/problem3_ref_crop.png
16,P01_109_16,close drawer,close,drawer,5.0,1357.0,1357.0,0.0,left,short_window_pre_contact,1356.0,1.0,1.0,1.0,3.0,1.0904988050460815,/Users/huhu/Documents/Code/bishe/vrb/vrbreproduction/outputs/e13_engineered_homography_100subaction/experiments/E13/pipeline_outputs/subaction_16_P01_109_16/episode_05_left/frame_001357_left,/Users/huhu/Documents/Code/bishe/vrb/vrbreproduction/outputs/e13_engineered_homography_100subaction/experiments/E13/pipeline_outputs/subaction_16_P01_109_16/episode_05_left/frame_001357_left/contact_frame.png,/Users/huhu/Documents/Code/bishe/vrb/vrbreproduction/outputs/e13_engineered_homography_100subaction/experiments/E13/pipeline_outputs/subaction_16_P01_109_16/episode_05_left/frame_001357_left/reference_frame.png,/Users/huhu/Documents/Code/bishe/vrb/vrbreproduction/outputs/e13_engineered_homography_100subaction/experiments/E13/pipeline_outputs/subaction_16_P01_109_16/episode_05_left/frame_001357_left/contact_overlay.png,/Users/huhu/Documents/Code/bishe/vrb/vrbreproduction/outputs/e13_engineered_homography_100subaction/experiments/E13/pipeline_outputs/subaction_16_P01_109_16/episode_05_left/frame_001357_left/projection_overlay_raw_vs_snapped.png,/Users/huhu/Documents/Code/bishe/vrb/vrbreproduction/outputs/e13_engineered_homography_100subaction/experiments/E13/pipeline_outputs/subaction_16_P01_109_16/episode_05_left/frame_001357_left/homography_matches.png,/Users/huhu/Documents/Code/bishe/vrb/vrbreproduction/outputs/e13_engineered_homography_100subaction/experiments/E13/pipeline_outputs/subaction_16_P01_109_16/episode_05_left/frame_001357_left/label_heatmap_merged_overlay.png,/Users/huhu/Documents/Code/bishe/vrb/vrbreproduction/outputs/e13_engineered_homography_100subaction/experiments/E13/pipeline_outputs/subaction_16_P01_109_16/episode_05_left/frame_001357_left/vrb_style_affordance.png,/Users/huhu/Documents/Code/bishe/vrb/vrbreproduction/outputs/e13_engineered_homography_100subaction/experiments/E13/pipeline_outputs/subaction_16_P01_109_16/episode_05_left/frame_001357_left/diagnostics/problem3_ref_full_overlay.png,/Users/huhu/Documents/Code/bishe/vrb/vrbreproduction/outputs/e13_engineered_homography_100subaction/experiments/E13/pipeline_outputs/subaction_16_P01_109_16/episode_05_left/frame_001357_left/diagnostics/problem3_ref_crop.png
16,P01_109_16,close drawer,close,drawer,6.0,1357.0,1357.0,0.0,right,short_window_pre_contact,1356.0,1.0,1.0,1.0,1.0,19.181764602661133,/Users/huhu/Documents/Code/bishe/vrb/vrbreproduction/outputs/e13_engineered_homography_100subaction/experiments/E13/pipeline_outputs/subaction_16_P01_109_16/episode_06_right/frame_001357_right,/Users/huhu/Documents/Code/bishe/vrb/vrbreproduction/outputs/e13_engineered_homography_100subaction/experiments/E13/pipeline_outputs/subaction_16_P01_109_16/episode_06_right/frame_001357_right/contact_frame.png,/Users/huhu/Documents/Code/bishe/vrb/vrbreproduction/outputs/e13_engineered_homography_100subaction/experiments/E13/pipeline_outputs/subaction_16_P01_109_16/episode_06_right/frame_001357_right/reference_frame.png,/Users/huhu/Documents/Code/bishe/vrb/vrbreproduction/outputs/e13_engineered_homography_100subaction/experiments/E13/pipeline_outputs/subaction_16_P01_109_16/episode_06_right/frame_001357_right/contact_overlay.png,/Users/huhu/Documents/Code/bishe/vrb/vrbreproduction/outputs/e13_engineered_homography_100subaction/experiments/E13/pipeline_outputs/subaction_16_P01_109_16/episode_06_right/frame_001357_right/projection_overlay_raw_vs_snapped.png,/Users/huhu/Documents/Code/bishe/vrb/vrbreproduction/outputs/e13_engineered_homography_100subaction/experiments/E13/pipeline_outputs/subaction_16_P01_109_16/episode_06_right/frame_001357_right/homography_matches.png,/Users/huhu/Documents/Code/bishe/vrb/vrbreproduction/outputs/e13_engineered_homography_100subaction/experiments/E13/pipeline_outputs/subaction_16_P01_109_16/episode_06_right/frame_001357_right/label_heatmap_merged_overlay.png,/Users/huhu/Documents/Code/bishe/vrb/vrbreproduction/outputs/e13_engineered_homography_100subaction/experiments/E13/pipeline_outputs/subaction_16_P01_109_16/episode_06_right/frame_001357_right/vrb_style_affordance.png,/Users/huhu/Documents/Code/bishe/vrb/vrbreproduction/outputs/e13_engineered_homography_100subaction/experiments/E13/pipeline_outputs/subaction_16_P01_109_16/episode_06_right/frame_001357_right/diagnostics/problem3_ref_full_overlay.png,/Users/huhu/Documents/Code/bishe/vrb/vrbreproduction/outputs/e13_engineered_homography_100subaction/experiments/E13/pipeline_outputs/subaction_16_P01_109_16/episode_06_right/frame_001357_right/diagnostics/problem3_ref_crop.png
16,P01_109_16,close drawer,close,drawer,6.0,1357.0,1358.0,1.0,right,short_window_pre_contact,1356.0,2.0,2.0,1.0,0.0,18.696823120117188,/Users/huhu/Documents/Code/bishe/vrb/vrbreproduction/outputs/e13_engineered_homography_100subaction/experiments/E13/pipeline_outputs/subaction_16_P01_109_16/episode_06_right/frame_001358_right,/Users/huhu/Documents/Code/bishe/vrb/vrbreproduction/outputs/e13_engineered_homography_100subaction/experiments/E13/pipeline_outputs/subaction_16_P01_109_16/episode_06_right/frame_001358_right/contact_frame.png,/Users/huhu/Documents/Code/bishe/vrb/vrbreproduction/outputs/e13_engineered_homography_100subaction/experiments/E13/pipeline_outputs/subaction_16_P01_109_16/episode_06_right/frame_001358_right/reference_frame.png,/Users/huhu/Documents/Code/bishe/vrb/vrbreproduction/outputs/e13_engineered_homography_100subaction/experiments/E13/pipeline_outputs/subaction_16_P01_109_16/episode_06_right/frame_001358_right/contact_overlay.png,/Users/huhu/Documents/Code/bishe/vrb/vrbreproduction/outputs/e13_engineered_homography_100subaction/experiments/E13/pipeline_outputs/subaction_16_P01_109_16/episode_06_right/frame_001358_right/projection_overlay_raw_vs_snapped.png,/Users/huhu/Documents/Code/bishe/vrb/vrbreproduction/outputs/e13_engineered_homography_100subaction/experiments/E13/pipeline_outputs/subaction_16_P01_109_16/episode_06_right/frame_001358_right/homography_matches.png,/Users/huhu/Documents/Code/bishe/vrb/vrbreproduction/outputs/e13_engineered_homography_100subaction/experiments/E13/pipeline_outputs/subaction_16_P01_109_16/episode_06_right/frame_001358_right/label_heatmap_merged_overlay.png,/Users/huhu/Documents/Code/bishe/vrb/vrbreproduction/outputs/e13_engineered_homography_100subaction/experiments/E13/pipeline_outputs/subaction_16_P01_109_16/episode_06_right/frame_001358_right/vrb_style_affordance.png,/Users/huhu/Documents/Code/bishe/vrb/vrbreproduction/outputs/e13_engineered_homography_100subaction/experiments/E13/pipeline_outputs/subaction_16_P01_109_16/episode_06_right/frame_001358_right/diagnostics/problem3_ref_full_overlay.png,/Users/huhu/Documents/Code/bishe/vrb/vrbreproduction/outputs/e13_engineered_homography_100subaction/experiments/E13/pipeline_outputs/subaction_16_P01_109_16/episode_06_right/frame_001358_right/diagnostics/problem3_ref_crop.png
16,P01_109_16,close drawer,close,drawer,6.0,1357.0,1359.0,2.0,right,short_window_pre_contact,1356.0,3.0,3.0,1.0,1.0,3.986867904663086,/Users/huhu/Documents/Code/bishe/vrb/vrbreproduction/outputs/e13_engineered_homography_100subaction/experiments/E13/pipeline_outputs/subaction_16_P01_109_16/episode_06_right/frame_001359_right,/Users/huhu/Documents/Code/bishe/vrb/vrbreproduction/outputs/e13_engineered_homography_100subaction/experiments/E13/pipeline_outputs/subaction_16_P01_109_16/episode_06_right/frame_001359_right/contact_frame.png,/Users/huhu/Documents/Code/bishe/vrb/vrbreproduction/outputs/e13_engineered_homography_100subaction/experiments/E13/pipeline_outputs/subaction_16_P01_109_16/episode_06_right/frame_001359_right/reference_frame.png,/Users/huhu/Documents/Code/bishe/vrb/vrbreproduction/outputs/e13_engineered_homography_100subaction/experiments/E13/pipeline_outputs/subaction_16_P01_109_16/episode_06_right/frame_001359_right/contact_overlay.png,/Users/huhu/Documents/Code/bishe/vrb/vrbreproduction/outputs/e13_engineered_homography_100subaction/experiments/E13/pipeline_outputs/subaction_16_P01_109_16/episode_06_right/frame_001359_right/projection_overlay_raw_vs_snapped.png,/Users/huhu/Documents/Code/bishe/vrb/vrbreproduction/outputs/e13_engineered_homography_100subaction/experiments/E13/pipeline_outputs/subaction_16_P01_109_16/episode_06_right/frame_001359_right/homography_matches.png,/Users/huhu/Documents/Code/bishe/vrb/vrbreproduction/outputs/e13_engineered_homography_100subaction/experiments/E13/pipeline_outputs/subaction_16_P01_109_16/episode_06_right/frame_001359_right/label_heatmap_merged_overlay.png,/Users/huhu/Documents/Code/bishe/vrb/vrbreproduction/outputs/e13_engineered_homography_100subaction/experiments/E13/pipeline_outputs/subaction_16_P01_109_16/episode_06_right/frame_001359_right/vrb_style_affordance.png,/Users/huhu/Documents/Code/bishe/vrb/vrbreproduction/outputs/e13_engineered_homography_100subaction/experiments/E13/pipeline_outputs/subaction_16_P01_109_16/episode_06_right/frame_001359_right/diagnostics/problem3_ref_full_overlay.png,/Users/huhu/Documents/Code/bishe/vrb/vrbreproduction/outputs/e13_engineered_homography_100subaction/experiments/E13/pipeline_outputs/subaction_16_P01_109_16/episode_06_right/frame_001359_right/diagnostics/problem3_ref_crop.png
16,P01_109_16,close drawer,close,drawer,9.0,1390.0,1390.0,0.0,right,short_window_pre_contact,1389.0,1.0,1.0,1.0,5.0,0.0,/Users/huhu/Documents/Code/bishe/vrb/vrbreproduction/outputs/e13_engineered_homography_100subaction/experiments/E13/pipeline_outputs/subaction_16_P01_109_16/episode_09_right/frame_001390_right,/Users/huhu/Documents/Code/bishe/vrb/vrbreproduction/outputs/e13_engineered_homography_100subaction/experiments/E13/pipeline_outputs/subaction_16_P01_109_16/episode_09_right/frame_001390_right/contact_frame.png,/Users/huhu/Documents/Code/bishe/vrb/vrbreproduction/outputs/e13_engineered_homography_100subaction/experiments/E13/pipeline_outputs/subaction_16_P01_109_16/episode_09_right/frame_001390_right/reference_frame.png,/Users/huhu/Documents/Code/bishe/vrb/vrbreproduction/outputs/e13_engineered_homography_100subaction/experiments/E13/pipeline_outputs/subaction_16_P01_109_16/episode_09_right/frame_001390_right/contact_overlay.png,/Users/huhu/Documents/Code/bishe/vrb/vrbreproduction/outputs/e13_engineered_homography_100subaction/experiments/E13/pipeline_outputs/subaction_16_P01_109_16/episode_09_right/frame_001390_right/projection_overlay_raw_vs_snapped.png,/Users/huhu/Documents/Code/bishe/vrb/vrbreproduction/outputs/e13_engineered_homography_100subaction/experiments/E13/pipeline_outputs/subaction_16_P01_109_16/episode_09_right/frame_001390_right/homography_matches.png,/Users/huhu/Documents/Code/bishe/vrb/vrbreproduction/outputs/e13_engineered_homography_100subaction/experiments/E13/pipeline_outputs/subaction_16_P01_109_16/episode_09_right/frame_001390_right/label_heatmap_merged_overlay.png,/Users/huhu/Documents/Code/bishe/vrb/vrbreproduction/outputs/e13_engineered_homography_100subaction/experiments/E13/pipeline_outputs/subaction_16_P01_109_16/episode_09_right/frame_001390_right/vrb_style_affordance.png,/Users/huhu/Documents/Code/bishe/vrb/vrbreproduction/outputs/e13_engineered_homography_100subaction/experiments/E13/pipeline_outputs/subaction_16_P01_109_16/episode_09_right/frame_001390_right/diagnostics/problem3_ref_full_overlay.png,/Users/huhu/Documents/Code/bishe/vrb/vrbreproduction/outputs/e13_engineered_homography_100subaction/experiments/E13/pipeline_outputs/subaction_16_P01_109_16/episode_09_right/frame_001390_right/diagnostics/problem3_ref_crop.png
16,P01_109_16,close drawer,close,drawer,9.0,1390.0,1391.0,1.0,right,short_window_pre_contact,1389.0,2.0,2.0,1.0,5.0,0.0,/Users/huhu/Documents/Code/bishe/vrb/vrbreproduction/outputs/e13_engineered_homography_100subaction/experiments/E13/pipeline_outputs/subaction_16_P01_109_16/episode_09_right/frame_001391_right,/Users/huhu/Documents/Code/bishe/vrb/vrbreproduction/outputs/e13_engineered_homography_100subaction/experiments/E13/pipeline_outputs/subaction_16_P01_109_16/episode_09_right/frame_001391_right/contact_frame.png,/Users/huhu/Documents/Code/bishe/vrb/vrbreproduction/outputs/e13_engineered_homography_100subaction/experiments/E13/pipeline_outputs/subaction_16_P01_109_16/episode_09_right/frame_001391_right/reference_frame.png,/Users/huhu/Documents/Code/bishe/vrb/vrbreproduction/outputs/e13_engineered_homography_100subaction/experiments/E13/pipeline_outputs/subaction_16_P01_109_16/episode_09_right/frame_001391_right/contact_overlay.png,/Users/huhu/Documents/Code/bishe/vrb/vrbreproduction/outputs/e13_engineered_homography_100subaction/experiments/E13/pipeline_outputs/subaction_16_P01_109_16/episode_09_right/frame_001391_right/projection_overlay_raw_vs_snapped.png,/Users/huhu/Documents/Code/bishe/vrb/vrbreproduction/outputs/e13_engineered_homography_100subaction/experiments/E13/pipeline_outputs/subaction_16_P01_109_16/episode_09_right/frame_001391_right/homography_matches.png,/Users/huhu/Documents/Code/bishe/vrb/vrbreproduction/outputs/e13_engineered_homography_100subaction/experiments/E13/pipeline_outputs/subaction_16_P01_109_16/episode_09_right/frame_001391_right/label_heatmap_merged_overlay.png,/Users/huhu/Documents/Code/bishe/vrb/vrbreproduction/outputs/e13_engineered_homography_100subaction/experiments/E13/pipeline_outputs/subaction_16_P01_109_16/episode_09_right/frame_001391_right/vrb_style_affordance.png,/Users/huhu/Documents/Code/bishe/vrb/vrbreproduction/outputs/e13_engineered_homography_100subaction/experiments/E13/pipeline_outputs/subaction_16_P01_109_16/episode_09_right/frame_001391_right/diagnostics/problem3_ref_full_overlay.png,/Users/huhu/Documents/Code/bishe/vrb/vrbreproduction/outputs/e13_engineered_homography_100subaction/experiments/E13/pipeline_outputs/subaction_16_P01_109_16/episode_09_right/frame_001391_right/diagnostics/problem3_ref_crop.png
17,P01_109_17,close freezer,close,freezer,1.0,1422.0,1422.0,0.0,left,short_window_pre_contact,1421.0,1.0,1.0,1.0,5.0,0.0,/Users/huhu/Documents/Code/bishe/vrb/vrbreproduction/outputs/e13_engineered_homography_100subaction/experiments/E13/pipeline_outputs/subaction_17_P01_109_17/episode_01_left/frame_001422_left,/Users/huhu/Documents/Code/bishe/vrb/vrbreproduction/outputs/e13_engineered_homography_100subaction/experiments/E13/pipeline_outputs/subaction_17_P01_109_17/episode_01_left/frame_001422_left/contact_frame.png,/Users/huhu/Documents/Code/bishe/vrb/vrbreproduction/outputs/e13_engineered_homography_100subaction/experiments/E13/pipeline_outputs/subaction_17_P01_109_17/episode_01_left/frame_001422_left/reference_frame.png,/Users/huhu/Documents/Code/bishe/vrb/vrbreproduction/outputs/e13_engineered_homography_100subaction/experiments/E13/pipeline_outputs/subaction_17_P01_109_17/episode_01_left/frame_001422_left/contact_overlay.png,/Users/huhu/Documents/Code/bishe/vrb/vrbreproduction/outputs/e13_engineered_homography_100subaction/experiments/E13/pipeline_outputs/subaction_17_P01_109_17/episode_01_left/frame_001422_left/projection_overlay_raw_vs_snapped.png,/Users/huhu/Documents/Code/bishe/vrb/vrbreproduction/outputs/e13_engineered_homography_100subaction/experiments/E13/pipeline_outputs/subaction_17_P01_109_17/episode_01_left/frame_001422_left/homography_matches.png,/Users/huhu/Documents/Code/bishe/vrb/vrbreproduction/outputs/e13_engineered_homography_100subaction/experiments/E13/pipeline_outputs/subaction_17_P01_109_17/episode_01_left/frame_001422_left/label_heatmap_merged_overlay.png,/Users/huhu/Documents/Code/bishe/vrb/vrbreproduction/outputs/e13_engineered_homography_100subaction/experiments/E13/pipeline_outputs/subaction_17_P01_109_17/episode_01_left/frame_001422_left/vrb_style_affordance.png,/Users/huhu/Documents/Code/bishe/vrb/vrbreproduction/outputs/e13_engineered_homography_100subaction/experiments/E13/pipeline_outputs/subaction_17_P01_109_17/episode_01_left/frame_001422_left/diagnostics/problem3_ref_full_overlay.png,/Users/huhu/Documents/Code/bishe/vrb/vrbreproduction/outputs/e13_engineered_homography_100subaction/experiments/E13/pipeline_outputs/subaction_17_P01_109_17/episode_01_left/frame_001422_left/diagnostics/problem3_ref_crop.png
17,P01_109_17,close freezer,close,freezer,1.0,1422.0,1423.0,1.0,left,short_window_pre_contact,1421.0,2.0,2.0,1.0,4.0,0.967490017414093,/Users/huhu/Documents/Code/bishe/vrb/vrbreproduction/outputs/e13_engineered_homography_100subaction/experiments/E13/pipeline_outputs/subaction_17_P01_109_17/episode_01_left/frame_001423_left,/Users/huhu/Documents/Code/bishe/vrb/vrbreproduction/outputs/e13_engineered_homography_100subaction/experiments/E13/pipeline_outputs/subaction_17_P01_109_17/episode_01_left/frame_001423_left/contact_frame.png,/Users/huhu/Documents/Code/bishe/vrb/vrbreproduction/outputs/e13_engineered_homography_100subaction/experiments/E13/pipeline_outputs/subaction_17_P01_109_17/episode_01_left/frame_001423_left/reference_frame.png,/Users/huhu/Documents/Code/bishe/vrb/vrbreproduction/outputs/e13_engineered_homography_100subaction/experiments/E13/pipeline_outputs/subaction_17_P01_109_17/episode_01_left/frame_001423_left/contact_overlay.png,/Users/huhu/Documents/Code/bishe/vrb/vrbreproduction/outputs/e13_engineered_homography_100subaction/experiments/E13/pipeline_outputs/subaction_17_P01_109_17/episode_01_left/frame_001423_left/projection_overlay_raw_vs_snapped.png,/Users/huhu/Documents/Code/bishe/vrb/vrbreproduction/outputs/e13_engineered_homography_100subaction/experiments/E13/pipeline_outputs/subaction_17_P01_109_17/episode_01_left/frame_001423_left/homography_matches.png,/Users/huhu/Documents/Code/bishe/vrb/vrbreproduction/outputs/e13_engineered_homography_100subaction/experiments/E13/pipeline_outputs/subaction_17_P01_109_17/episode_01_left/frame_001423_left/label_heatmap_merged_overlay.png,/Users/huhu/Documents/Code/bishe/vrb/vrbreproduction/outputs/e13_engineered_homography_100subaction/experiments/E13/pipeline_outputs/subaction_17_P01_109_17/episode_01_left/frame_001423_left/vrb_style_affordance.png,/Users/huhu/Documents/Code/bishe/vrb/vrbreproduction/outputs/e13_engineered_homography_100subaction/experiments/E13/pipeline_outputs/subaction_17_P01_109_17/episode_01_left/frame_001423_left/diagnostics/problem3_ref_full_overlay.png,/Users/huhu/Documents/Code/bishe/vrb/vrbreproduction/outputs/e13_engineered_homography_100subaction/experiments/E13/pipeline_outputs/subaction_17_P01_109_17/episode_01_left/frame_001423_left/diagnostics/problem3_ref_crop.png
17,P01_109_17,close freezer,close,freezer,1.0,1422.0,1424.0,2.0,left,short_window_pre_contact,1421.0,3.0,3.0,1.0,4.0,7.539432525634766,/Users/huhu/Documents/Code/bishe/vrb/vrbreproduction/outputs/e13_engineered_homography_100subaction/experiments/E13/pipeline_outputs/subaction_17_P01_109_17/episode_01_left/frame_001424_left,/Users/huhu/Documents/Code/bishe/vrb/vrbreproduction/outputs/e13_engineered_homography_100subaction/experiments/E13/pipeline_outputs/subaction_17_P01_109_17/episode_01_left/frame_001424_left/contact_frame.png,/Users/huhu/Documents/Code/bishe/vrb/vrbreproduction/outputs/e13_engineered_homography_100subaction/experiments/E13/pipeline_outputs/subaction_17_P01_109_17/episode_01_left/frame_001424_left/reference_frame.png,/Users/huhu/Documents/Code/bishe/vrb/vrbreproduction/outputs/e13_engineered_homography_100subaction/experiments/E13/pipeline_outputs/subaction_17_P01_109_17/episode_01_left/frame_001424_left/contact_overlay.png,/Users/huhu/Documents/Code/bishe/vrb/vrbreproduction/outputs/e13_engineered_homography_100subaction/experiments/E13/pipeline_outputs/subaction_17_P01_109_17/episode_01_left/frame_001424_left/projection_overlay_raw_vs_snapped.png,/Users/huhu/Documents/Code/bishe/vrb/vrbreproduction/outputs/e13_engineered_homography_100subaction/experiments/E13/pipeline_outputs/subaction_17_P01_109_17/episode_01_left/frame_001424_left/homography_matches.png,/Users/huhu/Documents/Code/bishe/vrb/vrbreproduction/outputs/e13_engineered_homography_100subaction/experiments/E13/pipeline_outputs/subaction_17_P01_109_17/episode_01_left/frame_001424_left/label_heatmap_merged_overlay.png,/Users/huhu/Documents/Code/bishe/vrb/vrbreproduction/outputs/e13_engineered_homography_100subaction/experiments/E13/pipeline_outputs/subaction_17_P01_109_17/episode_01_left/frame_001424_left/vrb_style_affordance.png,/Users/huhu/Documents/Code/bishe/vrb/vrbreproduction/outputs/e13_engineered_homography_100subaction/experiments/E13/pipeline_outputs/subaction_17_P01_109_17/episode_01_left/frame_001424_left/diagnostics/problem3_ref_full_overlay.png,/Users/huhu/Documents/Code/bishe/vrb/vrbreproduction/outputs/e13_engineered_homography_100subaction/experiments/E13/pipeline_outputs/subaction_17_P01_109_17/episode_01_left/frame_001424_left/diagnostics/problem3_ref_crop.png
18,P01_109_18,pick up rucksack,pick-up,rucksack,1.0,1496.0,1496.0,0.0,right,short_window_pre_contact,1495.0,1.0,1.0,1.0,5.0,0.0,/Users/huhu/Documents/Code/bishe/vrb/vrbreproduction/outputs/e13_engineered_homography_100subaction/experiments/E13/pipeline_outputs/subaction_18_P01_109_18/episode_01_right/frame_001496_right,/Users/huhu/Documents/Code/bishe/vrb/vrbreproduction/outputs/e13_engineered_homography_100subaction/experiments/E13/pipeline_outputs/subaction_18_P01_109_18/episode_01_right/frame_001496_right/contact_frame.png,/Users/huhu/Documents/Code/bishe/vrb/vrbreproduction/outputs/e13_engineered_homography_100subaction/experiments/E13/pipeline_outputs/subaction_18_P01_109_18/episode_01_right/frame_001496_right/reference_frame.png,/Users/huhu/Documents/Code/bishe/vrb/vrbreproduction/outputs/e13_engineered_homography_100subaction/experiments/E13/pipeline_outputs/subaction_18_P01_109_18/episode_01_right/frame_001496_right/contact_overlay.png,/Users/huhu/Documents/Code/bishe/vrb/vrbreproduction/outputs/e13_engineered_homography_100subaction/experiments/E13/pipeline_outputs/subaction_18_P01_109_18/episode_01_right/frame_001496_right/projection_overlay_raw_vs_snapped.png,/Users/huhu/Documents/Code/bishe/vrb/vrbreproduction/outputs/e13_engineered_homography_100subaction/experiments/E13/pipeline_outputs/subaction_18_P01_109_18/episode_01_right/frame_001496_right/homography_matches.png,/Users/huhu/Documents/Code/bishe/vrb/vrbreproduction/outputs/e13_engineered_homography_100subaction/experiments/E13/pipeline_outputs/subaction_18_P01_109_18/episode_01_right/frame_001496_right/label_heatmap_merged_overlay.png,/Users/huhu/Documents/Code/bishe/vrb/vrbreproduction/outputs/e13_engineered_homography_100subaction/experiments/E13/pipeline_outputs/subaction_18_P01_109_18/episode_01_right/frame_001496_right/vrb_style_affordance.png,/Users/huhu/Documents/Code/bishe/vrb/vrbreproduction/outputs/e13_engineered_homography_100subaction/experiments/E13/pipeline_outputs/subaction_18_P01_109_18/episode_01_right/frame_001496_right/diagnostics/problem3_ref_full_overlay.png,/Users/huhu/Documents/Code/bishe/vrb/vrbreproduction/outputs/e13_engineered_homography_100subaction/experiments/E13/pipeline_outputs/subaction_18_P01_109_18/episode_01_right/frame_001496_right/diagnostics/problem3_ref_crop.png
18,P01_109_18,pick up rucksack,pick-up,rucksack,1.0,1496.0,1497.0,1.0,right,short_window_pre_contact,1495.0,2.0,2.0,1.0,5.0,0.0,/Users/huhu/Documents/Code/bishe/vrb/vrbreproduction/outputs/e13_engineered_homography_100subaction/experiments/E13/pipeline_outputs/subaction_18_P01_109_18/episode_01_right/frame_001497_right,/Users/huhu/Documents/Code/bishe/vrb/vrbreproduction/outputs/e13_engineered_homography_100subaction/experiments/E13/pipeline_outputs/subaction_18_P01_109_18/episode_01_right/frame_001497_right/contact_frame.png,/Users/huhu/Documents/Code/bishe/vrb/vrbreproduction/outputs/e13_engineered_homography_100subaction/experiments/E13/pipeline_outputs/subaction_18_P01_109_18/episode_01_right/frame_001497_right/reference_frame.png,/Users/huhu/Documents/Code/bishe/vrb/vrbreproduction/outputs/e13_engineered_homography_100subaction/experiments/E13/pipeline_outputs/subaction_18_P01_109_18/episode_01_right/frame_001497_right/contact_overlay.png,/Users/huhu/Documents/Code/bishe/vrb/vrbreproduction/outputs/e13_engineered_homography_100subaction/experiments/E13/pipeline_outputs/subaction_18_P01_109_18/episode_01_right/frame_001497_right/projection_overlay_raw_vs_snapped.png,/Users/huhu/Documents/Code/bishe/vrb/vrbreproduction/outputs/e13_engineered_homography_100subaction/experiments/E13/pipeline_outputs/subaction_18_P01_109_18/episode_01_right/frame_001497_right/homography_matches.png,/Users/huhu/Documents/Code/bishe/vrb/vrbreproduction/outputs/e13_engineered_homography_100subaction/experiments/E13/pipeline_outputs/subaction_18_P01_109_18/episode_01_right/frame_001497_right/label_heatmap_merged_overlay.png,/Users/huhu/Documents/Code/bishe/vrb/vrbreproduction/outputs/e13_engineered_homography_100subaction/experiments/E13/pipeline_outputs/subaction_18_P01_109_18/episode_01_right/frame_001497_right/vrb_style_affordance.png,/Users/huhu/Documents/Code/bishe/vrb/vrbreproduction/outputs/e13_engineered_homography_100subaction/experiments/E13/pipeline_outputs/subaction_18_P01_109_18/episode_01_right/frame_001497_right/diagnostics/problem3_ref_full_overlay.png,/Users/huhu/Documents/Code/bishe/vrb/vrbreproduction/outputs/e13_engineered_homography_100subaction/experiments/E13/pipeline_outputs/subaction_18_P01_109_18/episode_01_right/frame_001497_right/diagnostics/problem3_ref_crop.png
18,P01_109_18,pick up rucksack,pick-up,rucksack,1.0,1496.0,1498.0,2.0,right,short_window_pre_contact,1495.0,3.0,3.0,1.0,5.0,0.0,/Users/huhu/Documents/Code/bishe/vrb/vrbreproduction/outputs/e13_engineered_homography_100subaction/experiments/E13/pipeline_outputs/subaction_18_P01_109_18/episode_01_right/frame_001498_right,/Users/huhu/Documents/Code/bishe/vrb/vrbreproduction/outputs/e13_engineered_homography_100subaction/experiments/E13/pipeline_outputs/subaction_18_P01_109_18/episode_01_right/frame_001498_right/contact_frame.png,/Users/huhu/Documents/Code/bishe/vrb/vrbreproduction/outputs/e13_engineered_homography_100subaction/experiments/E13/pipeline_outputs/subaction_18_P01_109_18/episode_01_right/frame_001498_right/reference_frame.png,/Users/huhu/Documents/Code/bishe/vrb/vrbreproduction/outputs/e13_engineered_homography_100subaction/experiments/E13/pipeline_outputs/subaction_18_P01_109_18/episode_01_right/frame_001498_right/contact_overlay.png,/Users/huhu/Documents/Code/bishe/vrb/vrbreproduction/outputs/e13_engineered_homography_100subaction/experiments/E13/pipeline_outputs/subaction_18_P01_109_18/episode_01_right/frame_001498_right/projection_overlay_raw_vs_snapped.png,/Users/huhu/Documents/Code/bishe/vrb/vrbreproduction/outputs/e13_engineered_homography_100subaction/experiments/E13/pipeline_outputs/subaction_18_P01_109_18/episode_01_right/frame_001498_right/homography_matches.png,/Users/huhu/Documents/Code/bishe/vrb/vrbreproduction/outputs/e13_engineered_homography_100subaction/experiments/E13/pipeline_outputs/subaction_18_P01_109_18/episode_01_right/frame_001498_right/label_heatmap_merged_overlay.png,/Users/huhu/Documents/Code/bishe/vrb/vrbreproduction/outputs/e13_engineered_homography_100subaction/experiments/E13/pipeline_outputs/subaction_18_P01_109_18/episode_01_right/frame_001498_right/vrb_style_affordance.png,/Users/huhu/Documents/Code/bishe/vrb/vrbreproduction/outputs/e13_engineered_homography_100subaction/experiments/E13/pipeline_outputs/subaction_18_P01_109_18/episode_01_right/frame_001498_right/diagnostics/problem3_ref_full_overlay.png,/Users/huhu/Documents/Code/bishe/vrb/vrbreproduction/outputs/e13_engineered_homography_100subaction/experiments/E13/pipeline_outputs/subaction_18_P01_109_18/episode_01_right/frame_001498_right/diagnostics/problem3_ref_crop.png
18,P01_109_18,pick up rucksack,pick-up,rucksack,2.0,1518.0,1518.0,0.0,right,short_window_pre_contact,1517.0,1.0,1.0,1.0,5.0,0.0,/Users/huhu/Documents/Code/bishe/vrb/vrbreproduction/outputs/e13_engineered_homography_100subaction/experiments/E13/pipeline_outputs/subaction_18_P01_109_18/episode_02_right/frame_001518_right,/Users/huhu/Documents/Code/bishe/vrb/vrbreproduction/outputs/e13_engineered_homography_100subaction/experiments/E13/pipeline_outputs/subaction_18_P01_109_18/episode_02_right/frame_001518_right/contact_frame.png,/Users/huhu/Documents/Code/bishe/vrb/vrbreproduction/outputs/e13_engineered_homography_100subaction/experiments/E13/pipeline_outputs/subaction_18_P01_109_18/episode_02_right/frame_001518_right/reference_frame.png,/Users/huhu/Documents/Code/bishe/vrb/vrbreproduction/outputs/e13_engineered_homography_100subaction/experiments/E13/pipeline_outputs/subaction_18_P01_109_18/episode_02_right/frame_001518_right/contact_overlay.png,/Users/huhu/Documents/Code/bishe/vrb/vrbreproduction/outputs/e13_engineered_homography_100subaction/experiments/E13/pipeline_outputs/subaction_18_P01_109_18/episode_02_right/frame_001518_right/projection_overlay_raw_vs_snapped.png,/Users/huhu/Documents/Code/bishe/vrb/vrbreproduction/outputs/e13_engineered_homography_100subaction/experiments/E13/pipeline_outputs/subaction_18_P01_109_18/episode_02_right/frame_001518_right/homography_matches.png,/Users/huhu/Documents/Code/bishe/vrb/vrbreproduction/outputs/e13_engineered_homography_100subaction/experiments/E13/pipeline_outputs/subaction_18_P01_109_18/episode_02_right/frame_001518_right/label_heatmap_merged_overlay.png,/Users/huhu/Documents/Code/bishe/vrb/vrbreproduction/outputs/e13_engineered_homography_100subaction/experiments/E13/pipeline_outputs/subaction_18_P01_109_18/episode_02_right/frame_001518_right/vrb_style_affordance.png,/Users/huhu/Documents/Code/bishe/vrb/vrbreproduction/outputs/e13_engineered_homography_100subaction/experiments/E13/pipeline_outputs/subaction_18_P01_109_18/episode_02_right/frame_001518_right/diagnostics/problem3_ref_full_overlay.png,/Users/huhu/Documents/Code/bishe/vrb/vrbreproduction/outputs/e13_engineered_homography_100subaction/experiments/E13/pipeline_outputs/subaction_18_P01_109_18/episode_02_right/frame_001518_right/diagnostics/problem3_ref_crop.png
18,P01_109_18,pick up rucksack,pick-up,rucksack,4.0,1523.0,1523.0,0.0,right,short_window_pre_contact,1522.0,1.0,1.0,1.0,5.0,0.0,/Users/huhu/Documents/Code/bishe/vrb/vrbreproduction/outputs/e13_engineered_homography_100subaction/experiments/E13/pipeline_outputs/subaction_18_P01_109_18/episode_04_right/frame_001523_right,/Users/huhu/Documents/Code/bishe/vrb/vrbreproduction/outputs/e13_engineered_homography_100subaction/experiments/E13/pipeline_outputs/subaction_18_P01_109_18/episode_04_right/frame_001523_right/contact_frame.png,/Users/huhu/Documents/Code/bishe/vrb/vrbreproduction/outputs/e13_engineered_homography_100subaction/experiments/E13/pipeline_outputs/subaction_18_P01_109_18/episode_04_right/frame_001523_right/reference_frame.png,/Users/huhu/Documents/Code/bishe/vrb/vrbreproduction/outputs/e13_engineered_homography_100subaction/experiments/E13/pipeline_outputs/subaction_18_P01_109_18/episode_04_right/frame_001523_right/contact_overlay.png,/Users/huhu/Documents/Code/bishe/vrb/vrbreproduction/outputs/e13_engineered_homography_100subaction/experiments/E13/pipeline_outputs/subaction_18_P01_109_18/episode_04_right/frame_001523_right/projection_overlay_raw_vs_snapped.png,/Users/huhu/Documents/Code/bishe/vrb/vrbreproduction/outputs/e13_engineered_homography_100subaction/experiments/E13/pipeline_outputs/subaction_18_P01_109_18/episode_04_right/frame_001523_right/homography_matches.png,/Users/huhu/Documents/Code/bishe/vrb/vrbreproduction/outputs/e13_engineered_homography_100subaction/experiments/E13/pipeline_outputs/subaction_18_P01_109_18/episode_04_right/frame_001523_right/label_heatmap_merged_overlay.png,/Users/huhu/Documents/Code/bishe/vrb/vrbreproduction/outputs/e13_engineered_homography_100subaction/experiments/E13/pipeline_outputs/subaction_18_P01_109_18/episode_04_right/frame_001523_right/vrb_style_affordance.png,/Users/huhu/Documents/Code/bishe/vrb/vrbreproduction/outputs/e13_engineered_homography_100subaction/experiments/E13/pipeline_outputs/subaction_18_P01_109_18/episode_04_right/frame_001523_right/diagnostics/problem3_ref_full_overlay.png,/Users/huhu/Documents/Code/bishe/vrb/vrbreproduction/outputs/e13_engineered_homography_100subaction/experiments/E13/pipeline_outputs/subaction_18_P01_109_18/episode_04_right/frame_001523_right/diagnostics/problem3_ref_crop.png
18,P01_109_18,pick up rucksack,pick-up,rucksack,4.0,1523.0,1524.0,1.0,right,short_window_pre_contact,1522.0,2.0,2.0,1.0,5.0,0.0,/Users/huhu/Documents/Code/bishe/vrb/vrbreproduction/outputs/e13_engineered_homography_100subaction/experiments/E13/pipeline_outputs/subaction_18_P01_109_18/episode_04_right/frame_001524_right,/Users/huhu/Documents/Code/bishe/vrb/vrbreproduction/outputs/e13_engineered_homography_100subaction/experiments/E13/pipeline_outputs/subaction_18_P01_109_18/episode_04_right/frame_001524_right/contact_frame.png,/Users/huhu/Documents/Code/bishe/vrb/vrbreproduction/outputs/e13_engineered_homography_100subaction/experiments/E13/pipeline_outputs/subaction_18_P01_109_18/episode_04_right/frame_001524_right/reference_frame.png,/Users/huhu/Documents/Code/bishe/vrb/vrbreproduction/outputs/e13_engineered_homography_100subaction/experiments/E13/pipeline_outputs/subaction_18_P01_109_18/episode_04_right/frame_001524_right/contact_overlay.png,/Users/huhu/Documents/Code/bishe/vrb/vrbreproduction/outputs/e13_engineered_homography_100subaction/experiments/E13/pipeline_outputs/subaction_18_P01_109_18/episode_04_right/frame_001524_right/projection_overlay_raw_vs_snapped.png,/Users/huhu/Documents/Code/bishe/vrb/vrbreproduction/outputs/e13_engineered_homography_100subaction/experiments/E13/pipeline_outputs/subaction_18_P01_109_18/episode_04_right/frame_001524_right/homography_matches.png,/Users/huhu/Documents/Code/bishe/vrb/vrbreproduction/outputs/e13_engineered_homography_100subaction/experiments/E13/pipeline_outputs/subaction_18_P01_109_18/episode_04_right/frame_001524_right/label_heatmap_merged_overlay.png,/Users/huhu/Documents/Code/bishe/vrb/vrbreproduction/outputs/e13_engineered_homography_100subaction/experiments/E13/pipeline_outputs/subaction_18_P01_109_18/episode_04_right/frame_001524_right/vrb_style_affordance.png,/Users/huhu/Documents/Code/bishe/vrb/vrbreproduction/outputs/e13_engineered_homography_100subaction/experiments/E13/pipeline_outputs/subaction_18_P01_109_18/episode_04_right/frame_001524_right/diagnostics/problem3_ref_full_overlay.png,/Users/huhu/Documents/Code/bishe/vrb/vrbreproduction/outputs/e13_engineered_homography_100subaction/experiments/E13/pipeline_outputs/subaction_18_P01_109_18/episode_04_right/frame_001524_right/diagnostics/problem3_ref_crop.png
18,P01_109_18,pick up rucksack,pick-up,rucksack,4.0,1523.0,1525.0,2.0,right,short_window_pre_contact,1522.0,3.0,3.0,1.0,5.0,0.0,/Users/huhu/Documents/Code/bishe/vrb/vrbreproduction/outputs/e13_engineered_homography_100subaction/experiments/E13/pipeline_outputs/subaction_18_P01_109_18/episode_04_right/frame_001525_right,/Users/huhu/Documents/Code/bishe/vrb/vrbreproduction/outputs/e13_engineered_homography_100subaction/experiments/E13/pipeline_outputs/subaction_18_P01_109_18/episode_04_right/frame_001525_right/contact_frame.png,/Users/huhu/Documents/Code/bishe/vrb/vrbreproduction/outputs/e13_engineered_homography_100subaction/experiments/E13/pipeline_outputs/subaction_18_P01_109_18/episode_04_right/frame_001525_right/reference_frame.png,/Users/huhu/Documents/Code/bishe/vrb/vrbreproduction/outputs/e13_engineered_homography_100subaction/experiments/E13/pipeline_outputs/subaction_18_P01_109_18/episode_04_right/frame_001525_right/contact_overlay.png,/Users/huhu/Documents/Code/bishe/vrb/vrbreproduction/outputs/e13_engineered_homography_100subaction/experiments/E13/pipeline_outputs/subaction_18_P01_109_18/episode_04_right/frame_001525_right/projection_overlay_raw_vs_snapped.png,/Users/huhu/Documents/Code/bishe/vrb/vrbreproduction/outputs/e13_engineered_homography_100subaction/experiments/E13/pipeline_outputs/subaction_18_P01_109_18/episode_04_right/frame_001525_right/homography_matches.png,/Users/huhu/Documents/Code/bishe/vrb/vrbreproduction/outputs/e13_engineered_homography_100subaction/experiments/E13/pipeline_outputs/subaction_18_P01_109_18/episode_04_right/frame_001525_right/label_heatmap_merged_overlay.png,/Users/huhu/Documents/Code/bishe/vrb/vrbreproduction/outputs/e13_engineered_homography_100subaction/experiments/E13/pipeline_outputs/subaction_18_P01_109_18/episode_04_right/frame_001525_right/vrb_style_affordance.png,/Users/huhu/Documents/Code/bishe/vrb/vrbreproduction/outputs/e13_engineered_homography_100subaction/experiments/E13/pipeline_outputs/subaction_18_P01_109_18/episode_04_right/frame_001525_right/diagnostics/problem3_ref_full_overlay.png,/Users/huhu/Documents/Code/bishe/vrb/vrbreproduction/outputs/e13_engineered_homography_100subaction/experiments/E13/pipeline_outputs/subaction_18_P01_109_18/episode_04_right/frame_001525_right/diagnostics/problem3_ref_crop.png
20,P01_109_20,close door,close,door,1.0,1827.0,1827.0,0.0,left,short_window_pre_contact,1826.0,1.0,1.0,1.0,4.0,0.9031605124473572,/Users/huhu/Documents/Code/bishe/vrb/vrbreproduction/outputs/e13_engineered_homography_100subaction/experiments/E13/pipeline_outputs/subaction_20_P01_109_20/episode_01_left/frame_001827_left,/Users/huhu/Documents/Code/bishe/vrb/vrbreproduction/outputs/e13_engineered_homography_100subaction/experiments/E13/pipeline_outputs/subaction_20_P01_109_20/episode_01_left/frame_001827_left/contact_frame.png,/Users/huhu/Documents/Code/bishe/vrb/vrbreproduction/outputs/e13_engineered_homography_100subaction/experiments/E13/pipeline_outputs/subaction_20_P01_109_20/episode_01_left/frame_001827_left/reference_frame.png,/Users/huhu/Documents/Code/bishe/vrb/vrbreproduction/outputs/e13_engineered_homography_100subaction/experiments/E13/pipeline_outputs/subaction_20_P01_109_20/episode_01_left/frame_001827_left/contact_overlay.png,/Users/huhu/Documents/Code/bishe/vrb/vrbreproduction/outputs/e13_engineered_homography_100subaction/experiments/E13/pipeline_outputs/subaction_20_P01_109_20/episode_01_left/frame_001827_left/projection_overlay_raw_vs_snapped.png,/Users/huhu/Documents/Code/bishe/vrb/vrbreproduction/outputs/e13_engineered_homography_100subaction/experiments/E13/pipeline_outputs/subaction_20_P01_109_20/episode_01_left/frame_001827_left/homography_matches.png,/Users/huhu/Documents/Code/bishe/vrb/vrbreproduction/outputs/e13_engineered_homography_100subaction/experiments/E13/pipeline_outputs/subaction_20_P01_109_20/episode_01_left/frame_001827_left/label_heatmap_merged_overlay.png,/Users/huhu/Documents/Code/bishe/vrb/vrbreproduction/outputs/e13_engineered_homography_100subaction/experiments/E13/pipeline_outputs/subaction_20_P01_109_20/episode_01_left/frame_001827_left/vrb_style_affordance.png,/Users/huhu/Documents/Code/bishe/vrb/vrbreproduction/outputs/e13_engineered_homography_100subaction/experiments/E13/pipeline_outputs/subaction_20_P01_109_20/episode_01_left/frame_001827_left/diagnostics/problem3_ref_full_overlay.png,/Users/huhu/Documents/Code/bishe/vrb/vrbreproduction/outputs/e13_engineered_homography_100subaction/experiments/E13/pipeline_outputs/subaction_20_P01_109_20/episode_01_left/frame_001827_left/diagnostics/problem3_ref_crop.png
20,P01_109_20,close door,close,door,1.0,1827.0,1829.0,2.0,left,short_window_pre_contact,1826.0,3.0,3.0,1.0,4.0,0.7663673162460327,/Users/huhu/Documents/Code/bishe/vrb/vrbreproduction/outputs/e13_engineered_homography_100subaction/experiments/E13/pipeline_outputs/subaction_20_P01_109_20/episode_01_left/frame_001829_left,/Users/huhu/Documents/Code/bishe/vrb/vrbreproduction/outputs/e13_engineered_homography_100subaction/experiments/E13/pipeline_outputs/subaction_20_P01_109_20/episode_01_left/frame_001829_left/contact_frame.png,/Users/huhu/Documents/Code/bishe/vrb/vrbreproduction/outputs/e13_engineered_homography_100subaction/experiments/E13/pipeline_outputs/subaction_20_P01_109_20/episode_01_left/frame_001829_left/reference_frame.png,/Users/huhu/Documents/Code/bishe/vrb/vrbreproduction/outputs/e13_engineered_homography_100subaction/experiments/E13/pipeline_outputs/subaction_20_P01_109_20/episode_01_left/frame_001829_left/contact_overlay.png,/Users/huhu/Documents/Code/bishe/vrb/vrbreproduction/outputs/e13_engineered_homography_100subaction/experiments/E13/pipeline_outputs/subaction_20_P01_109_20/episode_01_left/frame_001829_left/projection_overlay_raw_vs_snapped.png,/Users/huhu/Documents/Code/bishe/vrb/vrbreproduction/outputs/e13_engineered_homography_100subaction/experiments/E13/pipeline_outputs/subaction_20_P01_109_20/episode_01_left/frame_001829_left/homography_matches.png,/Users/huhu/Documents/Code/bishe/vrb/vrbreproduction/outputs/e13_engineered_homography_100subaction/experiments/E13/pipeline_outputs/subaction_20_P01_109_20/episode_01_left/frame_001829_left/label_heatmap_merged_overlay.png,/Users/huhu/Documents/Code/bishe/vrb/vrbreproduction/outputs/e13_engineered_homography_100subaction/experiments/E13/pipeline_outputs/subaction_20_P01_109_20/episode_01_left/frame_001829_left/vrb_style_affordance.png,/Users/huhu/Documents/Code/bishe/vrb/vrbreproduction/outputs/e13_engineered_homography_100subaction/experiments/E13/pipeline_outputs/subaction_20_P01_109_20/episode_01_left/frame_001829_left/diagnostics/problem3_ref_full_overlay.png,/Users/huhu/Documents/Code/bishe/vrb/vrbreproduction/outputs/e13_engineered_homography_100subaction/experiments/E13/pipeline_outputs/subaction_20_P01_109_20/episode_01_left/frame_001829_left/diagnostics/problem3_ref_crop.png
20,P01_109_20,close door,close,door,5.0,1861.0,1861.0,0.0,right,short_window_pre_contact,1860.0,1.0,1.0,1.0,3.0,6.0434136390686035,/Users/huhu/Documents/Code/bishe/vrb/vrbreproduction/outputs/e13_engineered_homography_100subaction/experiments/E13/pipeline_outputs/subaction_20_P01_109_20/episode_05_right/frame_001861_right,/Users/huhu/Documents/Code/bishe/vrb/vrbreproduction/outputs/e13_engineered_homography_100subaction/experiments/E13/pipeline_outputs/subaction_20_P01_109_20/episode_05_right/frame_001861_right/contact_frame.png,/Users/huhu/Documents/Code/bishe/vrb/vrbreproduction/outputs/e13_engineered_homography_100subaction/experiments/E13/pipeline_outputs/subaction_20_P01_109_20/episode_05_right/frame_001861_right/reference_frame.png,/Users/huhu/Documents/Code/bishe/vrb/vrbreproduction/outputs/e13_engineered_homography_100subaction/experiments/E13/pipeline_outputs/subaction_20_P01_109_20/episode_05_right/frame_001861_right/contact_overlay.png,/Users/huhu/Documents/Code/bishe/vrb/vrbreproduction/outputs/e13_engineered_homography_100subaction/experiments/E13/pipeline_outputs/subaction_20_P01_109_20/episode_05_right/frame_001861_right/projection_overlay_raw_vs_snapped.png,/Users/huhu/Documents/Code/bishe/vrb/vrbreproduction/outputs/e13_engineered_homography_100subaction/experiments/E13/pipeline_outputs/subaction_20_P01_109_20/episode_05_right/frame_001861_right/homography_matches.png,/Users/huhu/Documents/Code/bishe/vrb/vrbreproduction/outputs/e13_engineered_homography_100subaction/experiments/E13/pipeline_outputs/subaction_20_P01_109_20/episode_05_right/frame_001861_right/label_heatmap_merged_overlay.png,/Users/huhu/Documents/Code/bishe/vrb/vrbreproduction/outputs/e13_engineered_homography_100subaction/experiments/E13/pipeline_outputs/subaction_20_P01_109_20/episode_05_right/frame_001861_right/vrb_style_affordance.png,/Users/huhu/Documents/Code/bishe/vrb/vrbreproduction/outputs/e13_engineered_homography_100subaction/experiments/E13/pipeline_outputs/subaction_20_P01_109_20/episode_05_right/frame_001861_right/diagnostics/problem3_ref_full_overlay.png,/Users/huhu/Documents/Code/bishe/vrb/vrbreproduction/outputs/e13_engineered_homography_100subaction/experiments/E13/pipeline_outputs/subaction_20_P01_109_20/episode_05_right/frame_001861_right/diagnostics/problem3_ref_crop.png
20,P01_109_20,close door,close,door,5.0,1861.0,1862.0,1.0,right,short_window_pre_contact,1860.0,2.0,2.0,1.0,3.0,11.328516960144043,/Users/huhu/Documents/Code/bishe/vrb/vrbreproduction/outputs/e13_engineered_homography_100subaction/experiments/E13/pipeline_outputs/subaction_20_P01_109_20/episode_05_right/frame_001862_right,/Users/huhu/Documents/Code/bishe/vrb/vrbreproduction/outputs/e13_engineered_homography_100subaction/experiments/E13/pipeline_outputs/subaction_20_P01_109_20/episode_05_right/frame_001862_right/contact_frame.png,/Users/huhu/Documents/Code/bishe/vrb/vrbreproduction/outputs/e13_engineered_homography_100subaction/experiments/E13/pipeline_outputs/subaction_20_P01_109_20/episode_05_right/frame_001862_right/reference_frame.png,/Users/huhu/Documents/Code/bishe/vrb/vrbreproduction/outputs/e13_engineered_homography_100subaction/experiments/E13/pipeline_outputs/subaction_20_P01_109_20/episode_05_right/frame_001862_right/contact_overlay.png,/Users/huhu/Documents/Code/bishe/vrb/vrbreproduction/outputs/e13_engineered_homography_100subaction/experiments/E13/pipeline_outputs/subaction_20_P01_109_20/episode_05_right/frame_001862_right/projection_overlay_raw_vs_snapped.png,/Users/huhu/Documents/Code/bishe/vrb/vrbreproduction/outputs/e13_engineered_homography_100subaction/experiments/E13/pipeline_outputs/subaction_20_P01_109_20/episode_05_right/frame_001862_right/homography_matches.png,/Users/huhu/Documents/Code/bishe/vrb/vrbreproduction/outputs/e13_engineered_homography_100subaction/experiments/E13/pipeline_outputs/subaction_20_P01_109_20/episode_05_right/frame_001862_right/label_heatmap_merged_overlay.png,/Users/huhu/Documents/Code/bishe/vrb/vrbreproduction/outputs/e13_engineered_homography_100subaction/experiments/E13/pipeline_outputs/subaction_20_P01_109_20/episode_05_right/frame_001862_right/vrb_style_affordance.png,/Users/huhu/Documents/Code/bishe/vrb/vrbreproduction/outputs/e13_engineered_homography_100subaction/experiments/E13/pipeline_outputs/subaction_20_P01_109_20/episode_05_right/frame_001862_right/diagnostics/problem3_ref_full_overlay.png,/Users/huhu/Documents/Code/bishe/vrb/vrbreproduction/outputs/e13_engineered_homography_100subaction/experiments/E13/pipeline_outputs/subaction_20_P01_109_20/episode_05_right/frame_001862_right/diagnostics/problem3_ref_crop.png
20,P01_109_20,close door,close,door,5.0,1861.0,1863.0,2.0,right,short_window_pre_contact,1860.0,3.0,3.0,1.0,1.0,15.506745338439941,/Users/huhu/Documents/Code/bishe/vrb/vrbreproduction/outputs/e13_engineered_homography_100subaction/experiments/E13/pipeline_outputs/subaction_20_P01_109_20/episode_05_right/frame_001863_right,/Users/huhu/Documents/Code/bishe/vrb/vrbreproduction/outputs/e13_engineered_homography_100subaction/experiments/E13/pipeline_outputs/subaction_20_P01_109_20/episode_05_right/frame_001863_right/contact_frame.png,/Users/huhu/Documents/Code/bishe/vrb/vrbreproduction/outputs/e13_engineered_homography_100subaction/experiments/E13/pipeline_outputs/subaction_20_P01_109_20/episode_05_right/frame_001863_right/reference_frame.png,/Users/huhu/Documents/Code/bishe/vrb/vrbreproduction/outputs/e13_engineered_homography_100subaction/experiments/E13/pipeline_outputs/subaction_20_P01_109_20/episode_05_right/frame_001863_right/contact_overlay.png,/Users/huhu/Documents/Code/bishe/vrb/vrbreproduction/outputs/e13_engineered_homography_100subaction/experiments/E13/pipeline_outputs/subaction_20_P01_109_20/episode_05_right/frame_001863_right/projection_overlay_raw_vs_snapped.png,/Users/huhu/Documents/Code/bishe/vrb/vrbreproduction/outputs/e13_engineered_homography_100subaction/experiments/E13/pipeline_outputs/subaction_20_P01_109_20/episode_05_right/frame_001863_right/homography_matches.png,/Users/huhu/Documents/Code/bishe/vrb/vrbreproduction/outputs/e13_engineered_homography_100subaction/experiments/E13/pipeline_outputs/subaction_20_P01_109_20/episode_05_right/frame_001863_right/label_heatmap_merged_overlay.png,/Users/huhu/Documents/Code/bishe/vrb/vrbreproduction/outputs/e13_engineered_homography_100subaction/experiments/E13/pipeline_outputs/subaction_20_P01_109_20/episode_05_right/frame_001863_right/vrb_style_affordance.png,/Users/huhu/Documents/Code/bishe/vrb/vrbreproduction/outputs/e13_engineered_homography_100subaction/experiments/E13/pipeline_outputs/subaction_20_P01_109_20/episode_05_right/frame_001863_right/diagnostics/problem3_ref_full_overlay.png,/Users/huhu/Documents/Code/bishe/vrb/vrbreproduction/outputs/e13_engineered_homography_100subaction/experiments/E13/pipeline_outputs/subaction_20_P01_109_20/episode_05_right/frame_001863_right/diagnostics/problem3_ref_crop.png
20,P01_109_20,close door,close,door,6.0,1906.0,1906.0,0.0,right,short_window_pre_contact,1905.0,1.0,1.0,1.0,4.0,0.5493245124816895,/Users/huhu/Documents/Code/bishe/vrb/vrbreproduction/outputs/e13_engineered_homography_100subaction/experiments/E13/pipeline_outputs/subaction_20_P01_109_20/episode_06_right/frame_001906_right,/Users/huhu/Documents/Code/bishe/vrb/vrbreproduction/outputs/e13_engineered_homography_100subaction/experiments/E13/pipeline_outputs/subaction_20_P01_109_20/episode_06_right/frame_001906_right/contact_frame.png,/Users/huhu/Documents/Code/bishe/vrb/vrbreproduction/outputs/e13_engineered_homography_100subaction/experiments/E13/pipeline_outputs/subaction_20_P01_109_20/episode_06_right/frame_001906_right/reference_frame.png,/Users/huhu/Documents/Code/bishe/vrb/vrbreproduction/outputs/e13_engineered_homography_100subaction/experiments/E13/pipeline_outputs/subaction_20_P01_109_20/episode_06_right/frame_001906_right/contact_overlay.png,/Users/huhu/Documents/Code/bishe/vrb/vrbreproduction/outputs/e13_engineered_homography_100subaction/experiments/E13/pipeline_outputs/subaction_20_P01_109_20/episode_06_right/frame_001906_right/projection_overlay_raw_vs_snapped.png,/Users/huhu/Documents/Code/bishe/vrb/vrbreproduction/outputs/e13_engineered_homography_100subaction/experiments/E13/pipeline_outputs/subaction_20_P01_109_20/episode_06_right/frame_001906_right/homography_matches.png,/Users/huhu/Documents/Code/bishe/vrb/vrbreproduction/outputs/e13_engineered_homography_100subaction/experiments/E13/pipeline_outputs/subaction_20_P01_109_20/episode_06_right/frame_001906_right/label_heatmap_merged_overlay.png,/Users/huhu/Documents/Code/bishe/vrb/vrbreproduction/outputs/e13_engineered_homography_100subaction/experiments/E13/pipeline_outputs/subaction_20_P01_109_20/episode_06_right/frame_001906_right/vrb_style_affordance.png,/Users/huhu/Documents/Code/bishe/vrb/vrbreproduction/outputs/e13_engineered_homography_100subaction/experiments/E13/pipeline_outputs/subaction_20_P01_109_20/episode_06_right/frame_001906_right/diagnostics/problem3_ref_full_overlay.png,/Users/huhu/Documents/Code/bishe/vrb/vrbreproduction/outputs/e13_engineered_homography_100subaction/experiments/E13/pipeline_outputs/subaction_20_P01_109_20/episode_06_right/frame_001906_right/diagnostics/problem3_ref_crop.png
20,P01_109_20,close door,close,door,6.0,1906.0,1907.0,1.0,right,short_window_pre_contact,1905.0,2.0,2.0,1.0,1.0,1.784751296043396,/Users/huhu/Documents/Code/bishe/vrb/vrbreproduction/outputs/e13_engineered_homography_100subaction/experiments/E13/pipeline_outputs/subaction_20_P01_109_20/episode_06_right/frame_001907_right,/Users/huhu/Documents/Code/bishe/vrb/vrbreproduction/outputs/e13_engineered_homography_100subaction/experiments/E13/pipeline_outputs/subaction_20_P01_109_20/episode_06_right/frame_001907_right/contact_frame.png,/Users/huhu/Documents/Code/bishe/vrb/vrbreproduction/outputs/e13_engineered_homography_100subaction/experiments/E13/pipeline_outputs/subaction_20_P01_109_20/episode_06_right/frame_001907_right/reference_frame.png,/Users/huhu/Documents/Code/bishe/vrb/vrbreproduction/outputs/e13_engineered_homography_100subaction/experiments/E13/pipeline_outputs/subaction_20_P01_109_20/episode_06_right/frame_001907_right/contact_overlay.png,/Users/huhu/Documents/Code/bishe/vrb/vrbreproduction/outputs/e13_engineered_homography_100subaction/experiments/E13/pipeline_outputs/subaction_20_P01_109_20/episode_06_right/frame_001907_right/projection_overlay_raw_vs_snapped.png,/Users/huhu/Documents/Code/bishe/vrb/vrbreproduction/outputs/e13_engineered_homography_100subaction/experiments/E13/pipeline_outputs/subaction_20_P01_109_20/episode_06_right/frame_001907_right/homography_matches.png,/Users/huhu/Documents/Code/bishe/vrb/vrbreproduction/outputs/e13_engineered_homography_100subaction/experiments/E13/pipeline_outputs/subaction_20_P01_109_20/episode_06_right/frame_001907_right/label_heatmap_merged_overlay.png,/Users/huhu/Documents/Code/bishe/vrb/vrbreproduction/outputs/e13_engineered_homography_100subaction/experiments/E13/pipeline_outputs/subaction_20_P01_109_20/episode_06_right/frame_001907_right/vrb_style_affordance.png,/Users/huhu/Documents/Code/bishe/vrb/vrbreproduction/outputs/e13_engineered_homography_100subaction/experiments/E13/pipeline_outputs/subaction_20_P01_109_20/episode_06_right/frame_001907_right/diagnostics/problem3_ref_full_overlay.png,/Users/huhu/Documents/Code/bishe/vrb/vrbreproduction/outputs/e13_engineered_homography_100subaction/experiments/E13/pipeline_outputs/subaction_20_P01_109_20/episode_06_right/frame_001907_right/diagnostics/problem3_ref_crop.png
20,P01_109_20,close door,close,door,6.0,1906.0,1908.0,2.0,right,short_window_pre_contact,1905.0,3.0,3.0,1.0,0.0,4.5701003074646,/Users/huhu/Documents/Code/bishe/vrb/vrbreproduction/outputs/e13_engineered_homography_100subaction/experiments/E13/pipeline_outputs/subaction_20_P01_109_20/episode_06_right/frame_001908_right,/Users/huhu/Documents/Code/bishe/vrb/vrbreproduction/outputs/e13_engineered_homography_100subaction/experiments/E13/pipeline_outputs/subaction_20_P01_109_20/episode_06_right/frame_001908_right/contact_frame.png,/Users/huhu/Documents/Code/bishe/vrb/vrbreproduction/outputs/e13_engineered_homography_100subaction/experiments/E13/pipeline_outputs/subaction_20_P01_109_20/episode_06_right/frame_001908_right/reference_frame.png,/Users/huhu/Documents/Code/bishe/vrb/vrbreproduction/outputs/e13_engineered_homography_100subaction/experiments/E13/pipeline_outputs/subaction_20_P01_109_20/episode_06_right/frame_001908_right/contact_overlay.png,/Users/huhu/Documents/Code/bishe/vrb/vrbreproduction/outputs/e13_engineered_homography_100subaction/experiments/E13/pipeline_outputs/subaction_20_P01_109_20/episode_06_right/frame_001908_right/projection_overlay_raw_vs_snapped.png,/Users/huhu/Documents/Code/bishe/vrb/vrbreproduction/outputs/e13_engineered_homography_100subaction/experiments/E13/pipeline_outputs/subaction_20_P01_109_20/episode_06_right/frame_001908_right/homography_matches.png,/Users/huhu/Documents/Code/bishe/vrb/vrbreproduction/outputs/e13_engineered_homography_100subaction/experiments/E13/pipeline_outputs/subaction_20_P01_109_20/episode_06_right/frame_001908_right/label_heatmap_merged_overlay.png,/Users/huhu/Documents/Code/bishe/vrb/vrbreproduction/outputs/e13_engineered_homography_100subaction/experiments/E13/pipeline_outputs/subaction_20_P01_109_20/episode_06_right/frame_001908_right/vrb_style_affordance.png,/Users/huhu/Documents/Code/bishe/vrb/vrbreproduction/outputs/e13_engineered_homography_100subaction/experiments/E13/pipeline_outputs/subaction_20_P01_109_20/episode_06_right/frame_001908_right/diagnostics/problem3_ref_full_overlay.png,/Users/huhu/Documents/Code/bishe/vrb/vrbreproduction/outputs/e13_engineered_homography_100subaction/experiments/E13/pipeline_outputs/subaction_20_P01_109_20/episode_06_right/frame_001908_right/diagnostics/problem3_ref_crop.png
22,P01_109_22,put down cup,put-down,cup,1.0,2142.0,2142.0,0.0,right,short_window_pre_contact,2141.0,1.0,1.0,1.0,5.0,0.0,/Users/huhu/Documents/Code/bishe/vrb/vrbreproduction/outputs/e13_engineered_homography_100subaction/experiments/E13/pipeline_outputs/subaction_22_P01_109_22/episode_01_right/frame_002142_right,/Users/huhu/Documents/Code/bishe/vrb/vrbreproduction/outputs/e13_engineered_homography_100subaction/experiments/E13/pipeline_outputs/subaction_22_P01_109_22/episode_01_right/frame_002142_right/contact_frame.png,/Users/huhu/Documents/Code/bishe/vrb/vrbreproduction/outputs/e13_engineered_homography_100subaction/experiments/E13/pipeline_outputs/subaction_22_P01_109_22/episode_01_right/frame_002142_right/reference_frame.png,/Users/huhu/Documents/Code/bishe/vrb/vrbreproduction/outputs/e13_engineered_homography_100subaction/experiments/E13/pipeline_outputs/subaction_22_P01_109_22/episode_01_right/frame_002142_right/contact_overlay.png,/Users/huhu/Documents/Code/bishe/vrb/vrbreproduction/outputs/e13_engineered_homography_100subaction/experiments/E13/pipeline_outputs/subaction_22_P01_109_22/episode_01_right/frame_002142_right/projection_overlay_raw_vs_snapped.png,/Users/huhu/Documents/Code/bishe/vrb/vrbreproduction/outputs/e13_engineered_homography_100subaction/experiments/E13/pipeline_outputs/subaction_22_P01_109_22/episode_01_right/frame_002142_right/homography_matches.png,/Users/huhu/Documents/Code/bishe/vrb/vrbreproduction/outputs/e13_engineered_homography_100subaction/experiments/E13/pipeline_outputs/subaction_22_P01_109_22/episode_01_right/frame_002142_right/label_heatmap_merged_overlay.png,/Users/huhu/Documents/Code/bishe/vrb/vrbreproduction/outputs/e13_engineered_homography_100subaction/experiments/E13/pipeline_outputs/subaction_22_P01_109_22/episode_01_right/frame_002142_right/vrb_style_affordance.png,/Users/huhu/Documents/Code/bishe/vrb/vrbreproduction/outputs/e13_engineered_homography_100subaction/experiments/E13/pipeline_outputs/subaction_22_P01_109_22/episode_01_right/frame_002142_right/diagnostics/problem3_ref_full_overlay.png,/Users/huhu/Documents/Code/bishe/vrb/vrbreproduction/outputs/e13_engineered_homography_100subaction/experiments/E13/pipeline_outputs/subaction_22_P01_109_22/episode_01_right/frame_002142_right/diagnostics/problem3_ref_crop.png
22,P01_109_22,put down cup,put-down,cup,1.0,2142.0,2143.0,1.0,right,short_window_pre_contact,2141.0,2.0,2.0,1.0,5.0,0.0,/Users/huhu/Documents/Code/bishe/vrb/vrbreproduction/outputs/e13_engineered_homography_100subaction/experiments/E13/pipeline_outputs/subaction_22_P01_109_22/episode_01_right/frame_002143_right,/Users/huhu/Documents/Code/bishe/vrb/vrbreproduction/outputs/e13_engineered_homography_100subaction/experiments/E13/pipeline_outputs/subaction_22_P01_109_22/episode_01_right/frame_002143_right/contact_frame.png,/Users/huhu/Documents/Code/bishe/vrb/vrbreproduction/outputs/e13_engineered_homography_100subaction/experiments/E13/pipeline_outputs/subaction_22_P01_109_22/episode_01_right/frame_002143_right/reference_frame.png,/Users/huhu/Documents/Code/bishe/vrb/vrbreproduction/outputs/e13_engineered_homography_100subaction/experiments/E13/pipeline_outputs/subaction_22_P01_109_22/episode_01_right/frame_002143_right/contact_overlay.png,/Users/huhu/Documents/Code/bishe/vrb/vrbreproduction/outputs/e13_engineered_homography_100subaction/experiments/E13/pipeline_outputs/subaction_22_P01_109_22/episode_01_right/frame_002143_right/projection_overlay_raw_vs_snapped.png,/Users/huhu/Documents/Code/bishe/vrb/vrbreproduction/outputs/e13_engineered_homography_100subaction/experiments/E13/pipeline_outputs/subaction_22_P01_109_22/episode_01_right/frame_002143_right/homography_matches.png,/Users/huhu/Documents/Code/bishe/vrb/vrbreproduction/outputs/e13_engineered_homography_100subaction/experiments/E13/pipeline_outputs/subaction_22_P01_109_22/episode_01_right/frame_002143_right/label_heatmap_merged_overlay.png,/Users/huhu/Documents/Code/bishe/vrb/vrbreproduction/outputs/e13_engineered_homography_100subaction/experiments/E13/pipeline_outputs/subaction_22_P01_109_22/episode_01_right/frame_002143_right/vrb_style_affordance.png,/Users/huhu/Documents/Code/bishe/vrb/vrbreproduction/outputs/e13_engineered_homography_100subaction/experiments/E13/pipeline_outputs/subaction_22_P01_109_22/episode_01_right/frame_002143_right/diagnostics/problem3_ref_full_overlay.png,/Users/huhu/Documents/Code/bishe/vrb/vrbreproduction/outputs/e13_engineered_homography_100subaction/experiments/E13/pipeline_outputs/subaction_22_P01_109_22/episode_01_right/frame_002143_right/diagnostics/problem3_ref_crop.png
22,P01_109_22,put down cup,put-down,cup,1.0,2142.0,2144.0,2.0,right,short_window_pre_contact,2141.0,3.0,3.0,1.0,5.0,0.0,/Users/huhu/Documents/Code/bishe/vrb/vrbreproduction/outputs/e13_engineered_homography_100subaction/experiments/E13/pipeline_outputs/subaction_22_P01_109_22/episode_01_right/frame_002144_right,/Users/huhu/Documents/Code/bishe/vrb/vrbreproduction/outputs/e13_engineered_homography_100subaction/experiments/E13/pipeline_outputs/subaction_22_P01_109_22/episode_01_right/frame_002144_right/contact_frame.png,/Users/huhu/Documents/Code/bishe/vrb/vrbreproduction/outputs/e13_engineered_homography_100subaction/experiments/E13/pipeline_outputs/subaction_22_P01_109_22/episode_01_right/frame_002144_right/reference_frame.png,/Users/huhu/Documents/Code/bishe/vrb/vrbreproduction/outputs/e13_engineered_homography_100subaction/experiments/E13/pipeline_outputs/subaction_22_P01_109_22/episode_01_right/frame_002144_right/contact_overlay.png,/Users/huhu/Documents/Code/bishe/vrb/vrbreproduction/outputs/e13_engineered_homography_100subaction/experiments/E13/pipeline_outputs/subaction_22_P01_109_22/episode_01_right/frame_002144_right/projection_overlay_raw_vs_snapped.png,/Users/huhu/Documents/Code/bishe/vrb/vrbreproduction/outputs/e13_engineered_homography_100subaction/experiments/E13/pipeline_outputs/subaction_22_P01_109_22/episode_01_right/frame_002144_right/homography_matches.png,/Users/huhu/Documents/Code/bishe/vrb/vrbreproduction/outputs/e13_engineered_homography_100subaction/experiments/E13/pipeline_outputs/subaction_22_P01_109_22/episode_01_right/frame_002144_right/label_heatmap_merged_overlay.png,/Users/huhu/Documents/Code/bishe/vrb/vrbreproduction/outputs/e13_engineered_homography_100subaction/experiments/E13/pipeline_outputs/subaction_22_P01_109_22/episode_01_right/frame_002144_right/vrb_style_affordance.png,/Users/huhu/Documents/Code/bishe/vrb/vrbreproduction/outputs/e13_engineered_homography_100subaction/experiments/E13/pipeline_outputs/subaction_22_P01_109_22/episode_01_right/frame_002144_right/diagnostics/problem3_ref_full_overlay.png,/Users/huhu/Documents/Code/bishe/vrb/vrbreproduction/outputs/e13_engineered_homography_100subaction/experiments/E13/pipeline_outputs/subaction_22_P01_109_22/episode_01_right/frame_002144_right/diagnostics/problem3_ref_crop.png
27,P01_109_27,pour hand wash,pour,wash:hand,2.0,2476.0,2477.0,1.0,right,short_window_pre_contact,2475.0,2.0,2.0,1.0,3.0,6.432575225830078,/Users/huhu/Documents/Code/bishe/vrb/vrbreproduction/outputs/e13_engineered_homography_100subaction/experiments/E13/pipeline_outputs/subaction_27_P01_109_27/episode_02_right/frame_002477_right,/Users/huhu/Documents/Code/bishe/vrb/vrbreproduction/outputs/e13_engineered_homography_100subaction/experiments/E13/pipeline_outputs/subaction_27_P01_109_27/episode_02_right/frame_002477_right/contact_frame.png,/Users/huhu/Documents/Code/bishe/vrb/vrbreproduction/outputs/e13_engineered_homography_100subaction/experiments/E13/pipeline_outputs/subaction_27_P01_109_27/episode_02_right/frame_002477_right/reference_frame.png,/Users/huhu/Documents/Code/bishe/vrb/vrbreproduction/outputs/e13_engineered_homography_100subaction/experiments/E13/pipeline_outputs/subaction_27_P01_109_27/episode_02_right/frame_002477_right/contact_overlay.png,/Users/huhu/Documents/Code/bishe/vrb/vrbreproduction/outputs/e13_engineered_homography_100subaction/experiments/E13/pipeline_outputs/subaction_27_P01_109_27/episode_02_right/frame_002477_right/projection_overlay_raw_vs_snapped.png,/Users/huhu/Documents/Code/bishe/vrb/vrbreproduction/outputs/e13_engineered_homography_100subaction/experiments/E13/pipeline_outputs/subaction_27_P01_109_27/episode_02_right/frame_002477_right/homography_matches.png,/Users/huhu/Documents/Code/bishe/vrb/vrbreproduction/outputs/e13_engineered_homography_100subaction/experiments/E13/pipeline_outputs/subaction_27_P01_109_27/episode_02_right/frame_002477_right/label_heatmap_merged_overlay.png,/Users/huhu/Documents/Code/bishe/vrb/vrbreproduction/outputs/e13_engineered_homography_100subaction/experiments/E13/pipeline_outputs/subaction_27_P01_109_27/episode_02_right/frame_002477_right/vrb_style_affordance.png,/Users/huhu/Documents/Code/bishe/vrb/vrbreproduction/outputs/e13_engineered_homography_100subaction/experiments/E13/pipeline_outputs/subaction_27_P01_109_27/episode_02_right/frame_002477_right/diagnostics/problem3_ref_full_overlay.png,/Users/huhu/Documents/Code/bishe/vrb/vrbreproduction/outputs/e13_engineered_homography_100subaction/experiments/E13/pipeline_outputs/subaction_27_P01_109_27/episode_02_right/frame_002477_right/diagnostics/problem3_ref_crop.png
27,P01_109_27,pour hand wash,pour,wash:hand,2.0,2476.0,2478.0,2.0,right,short_window_pre_contact,2475.0,3.0,3.0,1.0,3.0,6.3372483253479,/Users/huhu/Documents/Code/bishe/vrb/vrbreproduction/outputs/e13_engineered_homography_100subaction/experiments/E13/pipeline_outputs/subaction_27_P01_109_27/episode_02_right/frame_002478_right,/Users/huhu/Documents/Code/bishe/vrb/vrbreproduction/outputs/e13_engineered_homography_100subaction/experiments/E13/pipeline_outputs/subaction_27_P01_109_27/episode_02_right/frame_002478_right/contact_frame.png,/Users/huhu/Documents/Code/bishe/vrb/vrbreproduction/outputs/e13_engineered_homography_100subaction/experiments/E13/pipeline_outputs/subaction_27_P01_109_27/episode_02_right/frame_002478_right/reference_frame.png,/Users/huhu/Documents/Code/bishe/vrb/vrbreproduction/outputs/e13_engineered_homography_100subaction/experiments/E13/pipeline_outputs/subaction_27_P01_109_27/episode_02_right/frame_002478_right/contact_overlay.png,/Users/huhu/Documents/Code/bishe/vrb/vrbreproduction/outputs/e13_engineered_homography_100subaction/experiments/E13/pipeline_outputs/subaction_27_P01_109_27/episode_02_right/frame_002478_right/projection_overlay_raw_vs_snapped.png,/Users/huhu/Documents/Code/bishe/vrb/vrbreproduction/outputs/e13_engineered_homography_100subaction/experiments/E13/pipeline_outputs/subaction_27_P01_109_27/episode_02_right/frame_002478_right/homography_matches.png,/Users/huhu/Documents/Code/bishe/vrb/vrbreproduction/outputs/e13_engineered_homography_100subaction/experiments/E13/pipeline_outputs/subaction_27_P01_109_27/episode_02_right/frame_002478_right/label_heatmap_merged_overlay.png,/Users/huhu/Documents/Code/bishe/vrb/vrbreproduction/outputs/e13_engineered_homography_100subaction/experiments/E13/pipeline_outputs/subaction_27_P01_109_27/episode_02_right/frame_002478_right/vrb_style_affordance.png,/Users/huhu/Documents/Code/bishe/vrb/vrbreproduction/outputs/e13_engineered_homography_100subaction/experiments/E13/pipeline_outputs/subaction_27_P01_109_27/episode_02_right/frame_002478_right/diagnostics/problem3_ref_full_overlay.png,/Users/huhu/Documents/Code/bishe/vrb/vrbreproduction/outputs/e13_engineered_homography_100subaction/experiments/E13/pipeline_outputs/subaction_27_P01_109_27/episode_02_right/frame_002478_right/diagnostics/problem3_ref_crop.png
29,P01_109_29,turn on tap,turn-on,tap,2.0,2567.0,2567.0,0.0,right,short_window_pre_contact,2566.0,1.0,1.0,1.0,0.0,2.280503749847412,/Users/huhu/Documents/Code/bishe/vrb/vrbreproduction/outputs/e13_engineered_homography_100subaction/experiments/E13/pipeline_outputs/subaction_29_P01_109_29/episode_02_right/frame_002567_right,/Users/huhu/Documents/Code/bishe/vrb/vrbreproduction/outputs/e13_engineered_homography_100subaction/experiments/E13/pipeline_outputs/subaction_29_P01_109_29/episode_02_right/frame_002567_right/contact_frame.png,/Users/huhu/Documents/Code/bishe/vrb/vrbreproduction/outputs/e13_engineered_homography_100subaction/experiments/E13/pipeline_outputs/subaction_29_P01_109_29/episode_02_right/frame_002567_right/reference_frame.png,/Users/huhu/Documents/Code/bishe/vrb/vrbreproduction/outputs/e13_engineered_homography_100subaction/experiments/E13/pipeline_outputs/subaction_29_P01_109_29/episode_02_right/frame_002567_right/contact_overlay.png,/Users/huhu/Documents/Code/bishe/vrb/vrbreproduction/outputs/e13_engineered_homography_100subaction/experiments/E13/pipeline_outputs/subaction_29_P01_109_29/episode_02_right/frame_002567_right/projection_overlay_raw_vs_snapped.png,/Users/huhu/Documents/Code/bishe/vrb/vrbreproduction/outputs/e13_engineered_homography_100subaction/experiments/E13/pipeline_outputs/subaction_29_P01_109_29/episode_02_right/frame_002567_right/homography_matches.png,/Users/huhu/Documents/Code/bishe/vrb/vrbreproduction/outputs/e13_engineered_homography_100subaction/experiments/E13/pipeline_outputs/subaction_29_P01_109_29/episode_02_right/frame_002567_right/label_heatmap_merged_overlay.png,/Users/huhu/Documents/Code/bishe/vrb/vrbreproduction/outputs/e13_engineered_homography_100subaction/experiments/E13/pipeline_outputs/subaction_29_P01_109_29/episode_02_right/frame_002567_right/vrb_style_affordance.png,/Users/huhu/Documents/Code/bishe/vrb/vrbreproduction/outputs/e13_engineered_homography_100subaction/experiments/E13/pipeline_outputs/subaction_29_P01_109_29/episode_02_right/frame_002567_right/diagnostics/problem3_ref_full_overlay.png,/Users/huhu/Documents/Code/bishe/vrb/vrbreproduction/outputs/e13_engineered_homography_100subaction/experiments/E13/pipeline_outputs/subaction_29_P01_109_29/episode_02_right/frame_002567_right/diagnostics/problem3_ref_crop.png
29,P01_109_29,turn on tap,turn-on,tap,2.0,2567.0,2568.0,1.0,right,short_window_pre_contact,2566.0,2.0,2.0,1.0,0.0,0.8812975287437439,/Users/huhu/Documents/Code/bishe/vrb/vrbreproduction/outputs/e13_engineered_homography_100subaction/experiments/E13/pipeline_outputs/subaction_29_P01_109_29/episode_02_right/frame_002568_right,/Users/huhu/Documents/Code/bishe/vrb/vrbreproduction/outputs/e13_engineered_homography_100subaction/experiments/E13/pipeline_outputs/subaction_29_P01_109_29/episode_02_right/frame_002568_right/contact_frame.png,/Users/huhu/Documents/Code/bishe/vrb/vrbreproduction/outputs/e13_engineered_homography_100subaction/experiments/E13/pipeline_outputs/subaction_29_P01_109_29/episode_02_right/frame_002568_right/reference_frame.png,/Users/huhu/Documents/Code/bishe/vrb/vrbreproduction/outputs/e13_engineered_homography_100subaction/experiments/E13/pipeline_outputs/subaction_29_P01_109_29/episode_02_right/frame_002568_right/contact_overlay.png,/Users/huhu/Documents/Code/bishe/vrb/vrbreproduction/outputs/e13_engineered_homography_100subaction/experiments/E13/pipeline_outputs/subaction_29_P01_109_29/episode_02_right/frame_002568_right/projection_overlay_raw_vs_snapped.png,/Users/huhu/Documents/Code/bishe/vrb/vrbreproduction/outputs/e13_engineered_homography_100subaction/experiments/E13/pipeline_outputs/subaction_29_P01_109_29/episode_02_right/frame_002568_right/homography_matches.png,/Users/huhu/Documents/Code/bishe/vrb/vrbreproduction/outputs/e13_engineered_homography_100subaction/experiments/E13/pipeline_outputs/subaction_29_P01_109_29/episode_02_right/frame_002568_right/label_heatmap_merged_overlay.png,/Users/huhu/Documents/Code/bishe/vrb/vrbreproduction/outputs/e13_engineered_homography_100subaction/experiments/E13/pipeline_outputs/subaction_29_P01_109_29/episode_02_right/frame_002568_right/vrb_style_affordance.png,/Users/huhu/Documents/Code/bishe/vrb/vrbreproduction/outputs/e13_engineered_homography_100subaction/experiments/E13/pipeline_outputs/subaction_29_P01_109_29/episode_02_right/frame_002568_right/diagnostics/problem3_ref_full_overlay.png,/Users/huhu/Documents/Code/bishe/vrb/vrbreproduction/outputs/e13_engineered_homography_100subaction/experiments/E13/pipeline_outputs/subaction_29_P01_109_29/episode_02_right/frame_002568_right/diagnostics/problem3_ref_crop.png
29,P01_109_29,turn on tap,turn-on,tap,2.0,2567.0,2569.0,2.0,right,short_window_pre_contact,2566.0,3.0,3.0,1.0,4.0,2.113530158996582,/Users/huhu/Documents/Code/bishe/vrb/vrbreproduction/outputs/e13_engineered_homography_100subaction/experiments/E13/pipeline_outputs/subaction_29_P01_109_29/episode_02_right/frame_002569_right,/Users/huhu/Documents/Code/bishe/vrb/vrbreproduction/outputs/e13_engineered_homography_100subaction/experiments/E13/pipeline_outputs/subaction_29_P01_109_29/episode_02_right/frame_002569_right/contact_frame.png,/Users/huhu/Documents/Code/bishe/vrb/vrbreproduction/outputs/e13_engineered_homography_100subaction/experiments/E13/pipeline_outputs/subaction_29_P01_109_29/episode_02_right/frame_002569_right/reference_frame.png,/Users/huhu/Documents/Code/bishe/vrb/vrbreproduction/outputs/e13_engineered_homography_100subaction/experiments/E13/pipeline_outputs/subaction_29_P01_109_29/episode_02_right/frame_002569_right/contact_overlay.png,/Users/huhu/Documents/Code/bishe/vrb/vrbreproduction/outputs/e13_engineered_homography_100subaction/experiments/E13/pipeline_outputs/subaction_29_P01_109_29/episode_02_right/frame_002569_right/projection_overlay_raw_vs_snapped.png,/Users/huhu/Documents/Code/bishe/vrb/vrbreproduction/outputs/e13_engineered_homography_100subaction/experiments/E13/pipeline_outputs/subaction_29_P01_109_29/episode_02_right/frame_002569_right/homography_matches.png,/Users/huhu/Documents/Code/bishe/vrb/vrbreproduction/outputs/e13_engineered_homography_100subaction/experiments/E13/pipeline_outputs/subaction_29_P01_109_29/episode_02_right/frame_002569_right/label_heatmap_merged_overlay.png,/Users/huhu/Documents/Code/bishe/vrb/vrbreproduction/outputs/e13_engineered_homography_100subaction/experiments/E13/pipeline_outputs/subaction_29_P01_109_29/episode_02_right/frame_002569_right/vrb_style_affordance.png,/Users/huhu/Documents/Code/bishe/vrb/vrbreproduction/outputs/e13_engineered_homography_100subaction/experiments/E13/pipeline_outputs/subaction_29_P01_109_29/episode_02_right/frame_002569_right/diagnostics/problem3_ref_full_overlay.png,/Users/huhu/Documents/Code/bishe/vrb/vrbreproduction/outputs/e13_engineered_homography_100subaction/experiments/E13/pipeline_outputs/subaction_29_P01_109_29/episode_02_right/frame_002569_right/diagnostics/problem3_ref_crop.png
29,P01_109_29,turn on tap,turn-on,tap,3.0,2573.0,2573.0,0.0,right,short_window_pre_contact,2572.0,1.0,1.0,1.0,5.0,0.0,/Users/huhu/Documents/Code/bishe/vrb/vrbreproduction/outputs/e13_engineered_homography_100subaction/experiments/E13/pipeline_outputs/subaction_29_P01_109_29/episode_03_right/frame_002573_right,/Users/huhu/Documents/Code/bishe/vrb/vrbreproduction/outputs/e13_engineered_homography_100subaction/experiments/E13/pipeline_outputs/subaction_29_P01_109_29/episode_03_right/frame_002573_right/contact_frame.png,/Users/huhu/Documents/Code/bishe/vrb/vrbreproduction/outputs/e13_engineered_homography_100subaction/experiments/E13/pipeline_outputs/subaction_29_P01_109_29/episode_03_right/frame_002573_right/reference_frame.png,/Users/huhu/Documents/Code/bishe/vrb/vrbreproduction/outputs/e13_engineered_homography_100subaction/experiments/E13/pipeline_outputs/subaction_29_P01_109_29/episode_03_right/frame_002573_right/contact_overlay.png,/Users/huhu/Documents/Code/bishe/vrb/vrbreproduction/outputs/e13_engineered_homography_100subaction/experiments/E13/pipeline_outputs/subaction_29_P01_109_29/episode_03_right/frame_002573_right/projection_overlay_raw_vs_snapped.png,/Users/huhu/Documents/Code/bishe/vrb/vrbreproduction/outputs/e13_engineered_homography_100subaction/experiments/E13/pipeline_outputs/subaction_29_P01_109_29/episode_03_right/frame_002573_right/homography_matches.png,/Users/huhu/Documents/Code/bishe/vrb/vrbreproduction/outputs/e13_engineered_homography_100subaction/experiments/E13/pipeline_outputs/subaction_29_P01_109_29/episode_03_right/frame_002573_right/label_heatmap_merged_overlay.png,/Users/huhu/Documents/Code/bishe/vrb/vrbreproduction/outputs/e13_engineered_homography_100subaction/experiments/E13/pipeline_outputs/subaction_29_P01_109_29/episode_03_right/frame_002573_right/vrb_style_affordance.png,/Users/huhu/Documents/Code/bishe/vrb/vrbreproduction/outputs/e13_engineered_homography_100subaction/experiments/E13/pipeline_outputs/subaction_29_P01_109_29/episode_03_right/frame_002573_right/diagnostics/problem3_ref_full_overlay.png,/Users/huhu/Documents/Code/bishe/vrb/vrbreproduction/outputs/e13_engineered_homography_100subaction/experiments/E13/pipeline_outputs/subaction_29_P01_109_29/episode_03_right/frame_002573_right/diagnostics/problem3_ref_crop.png
30,P01_109_30,rinse hands,rinse,hand,1.0,2708.0,2708.0,0.0,left,short_window_pre_contact,2707.0,1.0,1.0,1.0,5.0,0.0,/Users/huhu/Documents/Code/bishe/vrb/vrbreproduction/outputs/e13_engineered_homography_100subaction/experiments/E13/pipeline_outputs/subaction_30_P01_109_30/episode_01_left/frame_002708_left,/Users/huhu/Documents/Code/bishe/vrb/vrbreproduction/outputs/e13_engineered_homography_100subaction/experiments/E13/pipeline_outputs/subaction_30_P01_109_30/episode_01_left/frame_002708_left/contact_frame.png,/Users/huhu/Documents/Code/bishe/vrb/vrbreproduction/outputs/e13_engineered_homography_100subaction/experiments/E13/pipeline_outputs/subaction_30_P01_109_30/episode_01_left/frame_002708_left/reference_frame.png,/Users/huhu/Documents/Code/bishe/vrb/vrbreproduction/outputs/e13_engineered_homography_100subaction/experiments/E13/pipeline_outputs/subaction_30_P01_109_30/episode_01_left/frame_002708_left/contact_overlay.png,/Users/huhu/Documents/Code/bishe/vrb/vrbreproduction/outputs/e13_engineered_homography_100subaction/experiments/E13/pipeline_outputs/subaction_30_P01_109_30/episode_01_left/frame_002708_left/projection_overlay_raw_vs_snapped.png,/Users/huhu/Documents/Code/bishe/vrb/vrbreproduction/outputs/e13_engineered_homography_100subaction/experiments/E13/pipeline_outputs/subaction_30_P01_109_30/episode_01_left/frame_002708_left/homography_matches.png,/Users/huhu/Documents/Code/bishe/vrb/vrbreproduction/outputs/e13_engineered_homography_100subaction/experiments/E13/pipeline_outputs/subaction_30_P01_109_30/episode_01_left/frame_002708_left/label_heatmap_merged_overlay.png,/Users/huhu/Documents/Code/bishe/vrb/vrbreproduction/outputs/e13_engineered_homography_100subaction/experiments/E13/pipeline_outputs/subaction_30_P01_109_30/episode_01_left/frame_002708_left/vrb_style_affordance.png,/Users/huhu/Documents/Code/bishe/vrb/vrbreproduction/outputs/e13_engineered_homography_100subaction/experiments/E13/pipeline_outputs/subaction_30_P01_109_30/episode_01_left/frame_002708_left/diagnostics/problem3_ref_full_overlay.png,/Users/huhu/Documents/Code/bishe/vrb/vrbreproduction/outputs/e13_engineered_homography_100subaction/experiments/E13/pipeline_outputs/subaction_30_P01_109_30/episode_01_left/frame_002708_left/diagnostics/problem3_ref_crop.png
30,P01_109_30,rinse hands,rinse,hand,1.0,2708.0,2709.0,1.0,left,short_window_pre_contact,2707.0,2.0,2.0,1.0,5.0,0.0,/Users/huhu/Documents/Code/bishe/vrb/vrbreproduction/outputs/e13_engineered_homography_100subaction/experiments/E13/pipeline_outputs/subaction_30_P01_109_30/episode_01_left/frame_002709_left,/Users/huhu/Documents/Code/bishe/vrb/vrbreproduction/outputs/e13_engineered_homography_100subaction/experiments/E13/pipeline_outputs/subaction_30_P01_109_30/episode_01_left/frame_002709_left/contact_frame.png,/Users/huhu/Documents/Code/bishe/vrb/vrbreproduction/outputs/e13_engineered_homography_100subaction/experiments/E13/pipeline_outputs/subaction_30_P01_109_30/episode_01_left/frame_002709_left/reference_frame.png,/Users/huhu/Documents/Code/bishe/vrb/vrbreproduction/outputs/e13_engineered_homography_100subaction/experiments/E13/pipeline_outputs/subaction_30_P01_109_30/episode_01_left/frame_002709_left/contact_overlay.png,/Users/huhu/Documents/Code/bishe/vrb/vrbreproduction/outputs/e13_engineered_homography_100subaction/experiments/E13/pipeline_outputs/subaction_30_P01_109_30/episode_01_left/frame_002709_left/projection_overlay_raw_vs_snapped.png,/Users/huhu/Documents/Code/bishe/vrb/vrbreproduction/outputs/e13_engineered_homography_100subaction/experiments/E13/pipeline_outputs/subaction_30_P01_109_30/episode_01_left/frame_002709_left/homography_matches.png,/Users/huhu/Documents/Code/bishe/vrb/vrbreproduction/outputs/e13_engineered_homography_100subaction/experiments/E13/pipeline_outputs/subaction_30_P01_109_30/episode_01_left/frame_002709_left/label_heatmap_merged_overlay.png,/Users/huhu/Documents/Code/bishe/vrb/vrbreproduction/outputs/e13_engineered_homography_100subaction/experiments/E13/pipeline_outputs/subaction_30_P01_109_30/episode_01_left/frame_002709_left/vrb_style_affordance.png,/Users/huhu/Documents/Code/bishe/vrb/vrbreproduction/outputs/e13_engineered_homography_100subaction/experiments/E13/pipeline_outputs/subaction_30_P01_109_30/episode_01_left/frame_002709_left/diagnostics/problem3_ref_full_overlay.png,/Users/huhu/Documents/Code/bishe/vrb/vrbreproduction/outputs/e13_engineered_homography_100subaction/experiments/E13/pipeline_outputs/subaction_30_P01_109_30/episode_01_left/frame_002709_left/diagnostics/problem3_ref_crop.png
30,P01_109_30,rinse hands,rinse,hand,1.0,2708.0,2710.0,2.0,left,short_window_pre_contact,2707.0,3.0,3.0,1.0,5.0,0.0,/Users/huhu/Documents/Code/bishe/vrb/vrbreproduction/outputs/e13_engineered_homography_100subaction/experiments/E13/pipeline_outputs/subaction_30_P01_109_30/episode_01_left/frame_002710_left,/Users/huhu/Documents/Code/bishe/vrb/vrbreproduction/outputs/e13_engineered_homography_100subaction/experiments/E13/pipeline_outputs/subaction_30_P01_109_30/episode_01_left/frame_002710_left/contact_frame.png,/Users/huhu/Documents/Code/bishe/vrb/vrbreproduction/outputs/e13_engineered_homography_100subaction/experiments/E13/pipeline_outputs/subaction_30_P01_109_30/episode_01_left/frame_002710_left/reference_frame.png,/Users/huhu/Documents/Code/bishe/vrb/vrbreproduction/outputs/e13_engineered_homography_100subaction/experiments/E13/pipeline_outputs/subaction_30_P01_109_30/episode_01_left/frame_002710_left/contact_overlay.png,/Users/huhu/Documents/Code/bishe/vrb/vrbreproduction/outputs/e13_engineered_homography_100subaction/experiments/E13/pipeline_outputs/subaction_30_P01_109_30/episode_01_left/frame_002710_left/projection_overlay_raw_vs_snapped.png,/Users/huhu/Documents/Code/bishe/vrb/vrbreproduction/outputs/e13_engineered_homography_100subaction/experiments/E13/pipeline_outputs/subaction_30_P01_109_30/episode_01_left/frame_002710_left/homography_matches.png,/Users/huhu/Documents/Code/bishe/vrb/vrbreproduction/outputs/e13_engineered_homography_100subaction/experiments/E13/pipeline_outputs/subaction_30_P01_109_30/episode_01_left/frame_002710_left/label_heatmap_merged_overlay.png,/Users/huhu/Documents/Code/bishe/vrb/vrbreproduction/outputs/e13_engineered_homography_100subaction/experiments/E13/pipeline_outputs/subaction_30_P01_109_30/episode_01_left/frame_002710_left/vrb_style_affordance.png,/Users/huhu/Documents/Code/bishe/vrb/vrbreproduction/outputs/e13_engineered_homography_100subaction/experiments/E13/pipeline_outputs/subaction_30_P01_109_30/episode_01_left/frame_002710_left/diagnostics/problem3_ref_full_overlay.png,/Users/huhu/Documents/Code/bishe/vrb/vrbreproduction/outputs/e13_engineered_homography_100subaction/experiments/E13/pipeline_outputs/subaction_30_P01_109_30/episode_01_left/frame_002710_left/diagnostics/problem3_ref_crop.png
30,P01_109_30,rinse hands,rinse,hand,2.0,2717.0,2717.0,0.0,left,short_window_pre_contact,2716.0,1.0,1.0,1.0,2.0,9.391319274902344,/Users/huhu/Documents/Code/bishe/vrb/vrbreproduction/outputs/e13_engineered_homography_100subaction/experiments/E13/pipeline_outputs/subaction_30_P01_109_30/episode_02_left/frame_002717_left,/Users/huhu/Documents/Code/bishe/vrb/vrbreproduction/outputs/e13_engineered_homography_100subaction/experiments/E13/pipeline_outputs/subaction_30_P01_109_30/episode_02_left/frame_002717_left/contact_frame.png,/Users/huhu/Documents/Code/bishe/vrb/vrbreproduction/outputs/e13_engineered_homography_100subaction/experiments/E13/pipeline_outputs/subaction_30_P01_109_30/episode_02_left/frame_002717_left/reference_frame.png,/Users/huhu/Documents/Code/bishe/vrb/vrbreproduction/outputs/e13_engineered_homography_100subaction/experiments/E13/pipeline_outputs/subaction_30_P01_109_30/episode_02_left/frame_002717_left/contact_overlay.png,/Users/huhu/Documents/Code/bishe/vrb/vrbreproduction/outputs/e13_engineered_homography_100subaction/experiments/E13/pipeline_outputs/subaction_30_P01_109_30/episode_02_left/frame_002717_left/projection_overlay_raw_vs_snapped.png,/Users/huhu/Documents/Code/bishe/vrb/vrbreproduction/outputs/e13_engineered_homography_100subaction/experiments/E13/pipeline_outputs/subaction_30_P01_109_30/episode_02_left/frame_002717_left/homography_matches.png,/Users/huhu/Documents/Code/bishe/vrb/vrbreproduction/outputs/e13_engineered_homography_100subaction/experiments/E13/pipeline_outputs/subaction_30_P01_109_30/episode_02_left/frame_002717_left/label_heatmap_merged_overlay.png,/Users/huhu/Documents/Code/bishe/vrb/vrbreproduction/outputs/e13_engineered_homography_100subaction/experiments/E13/pipeline_outputs/subaction_30_P01_109_30/episode_02_left/frame_002717_left/vrb_style_affordance.png,/Users/huhu/Documents/Code/bishe/vrb/vrbreproduction/outputs/e13_engineered_homography_100subaction/experiments/E13/pipeline_outputs/subaction_30_P01_109_30/episode_02_left/frame_002717_left/diagnostics/problem3_ref_full_overlay.png,/Users/huhu/Documents/Code/bishe/vrb/vrbreproduction/outputs/e13_engineered_homography_100subaction/experiments/E13/pipeline_outputs/subaction_30_P01_109_30/episode_02_left/frame_002717_left/diagnostics/problem3_ref_crop.png
30,P01_109_30,rinse hands,rinse,hand,2.0,2717.0,2718.0,1.0,left,short_window_pre_contact,2716.0,2.0,2.0,1.0,1.0,4.387572288513184,/Users/huhu/Documents/Code/bishe/vrb/vrbreproduction/outputs/e13_engineered_homography_100subaction/experiments/E13/pipeline_outputs/subaction_30_P01_109_30/episode_02_left/frame_002718_left,/Users/huhu/Documents/Code/bishe/vrb/vrbreproduction/outputs/e13_engineered_homography_100subaction/experiments/E13/pipeline_outputs/subaction_30_P01_109_30/episode_02_left/frame_002718_left/contact_frame.png,/Users/huhu/Documents/Code/bishe/vrb/vrbreproduction/outputs/e13_engineered_homography_100subaction/experiments/E13/pipeline_outputs/subaction_30_P01_109_30/episode_02_left/frame_002718_left/reference_frame.png,/Users/huhu/Documents/Code/bishe/vrb/vrbreproduction/outputs/e13_engineered_homography_100subaction/experiments/E13/pipeline_outputs/subaction_30_P01_109_30/episode_02_left/frame_002718_left/contact_overlay.png,/Users/huhu/Documents/Code/bishe/vrb/vrbreproduction/outputs/e13_engineered_homography_100subaction/experiments/E13/pipeline_outputs/subaction_30_P01_109_30/episode_02_left/frame_002718_left/projection_overlay_raw_vs_snapped.png,/Users/huhu/Documents/Code/bishe/vrb/vrbreproduction/outputs/e13_engineered_homography_100subaction/experiments/E13/pipeline_outputs/subaction_30_P01_109_30/episode_02_left/frame_002718_left/homography_matches.png,/Users/huhu/Documents/Code/bishe/vrb/vrbreproduction/outputs/e13_engineered_homography_100subaction/experiments/E13/pipeline_outputs/subaction_30_P01_109_30/episode_02_left/frame_002718_left/label_heatmap_merged_overlay.png,/Users/huhu/Documents/Code/bishe/vrb/vrbreproduction/outputs/e13_engineered_homography_100subaction/experiments/E13/pipeline_outputs/subaction_30_P01_109_30/episode_02_left/frame_002718_left/vrb_style_affordance.png,/Users/huhu/Documents/Code/bishe/vrb/vrbreproduction/outputs/e13_engineered_homography_100subaction/experiments/E13/pipeline_outputs/subaction_30_P01_109_30/episode_02_left/frame_002718_left/diagnostics/problem3_ref_full_overlay.png,/Users/huhu/Documents/Code/bishe/vrb/vrbreproduction/outputs/e13_engineered_homography_100subaction/experiments/E13/pipeline_outputs/subaction_30_P01_109_30/episode_02_left/frame_002718_left/diagnostics/problem3_ref_crop.png
30,P01_109_30,rinse hands,rinse,hand,5.0,2749.0,2749.0,0.0,left,short_window_pre_contact,2748.0,1.0,1.0,1.0,5.0,0.0,/Users/huhu/Documents/Code/bishe/vrb/vrbreproduction/outputs/e13_engineered_homography_100subaction/experiments/E13/pipeline_outputs/subaction_30_P01_109_30/episode_05_left/frame_002749_left,/Users/huhu/Documents/Code/bishe/vrb/vrbreproduction/outputs/e13_engineered_homography_100subaction/experiments/E13/pipeline_outputs/subaction_30_P01_109_30/episode_05_left/frame_002749_left/contact_frame.png,/Users/huhu/Documents/Code/bishe/vrb/vrbreproduction/outputs/e13_engineered_homography_100subaction/experiments/E13/pipeline_outputs/subaction_30_P01_109_30/episode_05_left/frame_002749_left/reference_frame.png,/Users/huhu/Documents/Code/bishe/vrb/vrbreproduction/outputs/e13_engineered_homography_100subaction/experiments/E13/pipeline_outputs/subaction_30_P01_109_30/episode_05_left/frame_002749_left/contact_overlay.png,/Users/huhu/Documents/Code/bishe/vrb/vrbreproduction/outputs/e13_engineered_homography_100subaction/experiments/E13/pipeline_outputs/subaction_30_P01_109_30/episode_05_left/frame_002749_left/projection_overlay_raw_vs_snapped.png,/Users/huhu/Documents/Code/bishe/vrb/vrbreproduction/outputs/e13_engineered_homography_100subaction/experiments/E13/pipeline_outputs/subaction_30_P01_109_30/episode_05_left/frame_002749_left/homography_matches.png,/Users/huhu/Documents/Code/bishe/vrb/vrbreproduction/outputs/e13_engineered_homography_100subaction/experiments/E13/pipeline_outputs/subaction_30_P01_109_30/episode_05_left/frame_002749_left/label_heatmap_merged_overlay.png,/Users/huhu/Documents/Code/bishe/vrb/vrbreproduction/outputs/e13_engineered_homography_100subaction/experiments/E13/pipeline_outputs/subaction_30_P01_109_30/episode_05_left/frame_002749_left/vrb_style_affordance.png,/Users/huhu/Documents/Code/bishe/vrb/vrbreproduction/outputs/e13_engineered_homography_100subaction/experiments/E13/pipeline_outputs/subaction_30_P01_109_30/episode_05_left/frame_002749_left/diagnostics/problem3_ref_full_overlay.png,/Users/huhu/Documents/Code/bishe/vrb/vrbreproduction/outputs/e13_engineered_homography_100subaction/experiments/E13/pipeline_outputs/subaction_30_P01_109_30/episode_05_left/frame_002749_left/diagnostics/problem3_ref_crop.png
30,P01_109_30,rinse hands,rinse,hand,5.0,2749.0,2750.0,1.0,left,short_window_pre_contact,2748.0,2.0,2.0,1.0,5.0,0.0,/Users/huhu/Documents/Code/bishe/vrb/vrbreproduction/outputs/e13_engineered_homography_100subaction/experiments/E13/pipeline_outputs/subaction_30_P01_109_30/episode_05_left/frame_002750_left,/Users/huhu/Documents/Code/bishe/vrb/vrbreproduction/outputs/e13_engineered_homography_100subaction/experiments/E13/pipeline_outputs/subaction_30_P01_109_30/episode_05_left/frame_002750_left/contact_frame.png,/Users/huhu/Documents/Code/bishe/vrb/vrbreproduction/outputs/e13_engineered_homography_100subaction/experiments/E13/pipeline_outputs/subaction_30_P01_109_30/episode_05_left/frame_002750_left/reference_frame.png,/Users/huhu/Documents/Code/bishe/vrb/vrbreproduction/outputs/e13_engineered_homography_100subaction/experiments/E13/pipeline_outputs/subaction_30_P01_109_30/episode_05_left/frame_002750_left/contact_overlay.png,/Users/huhu/Documents/Code/bishe/vrb/vrbreproduction/outputs/e13_engineered_homography_100subaction/experiments/E13/pipeline_outputs/subaction_30_P01_109_30/episode_05_left/frame_002750_left/projection_overlay_raw_vs_snapped.png,/Users/huhu/Documents/Code/bishe/vrb/vrbreproduction/outputs/e13_engineered_homography_100subaction/experiments/E13/pipeline_outputs/subaction_30_P01_109_30/episode_05_left/frame_002750_left/homography_matches.png,/Users/huhu/Documents/Code/bishe/vrb/vrbreproduction/outputs/e13_engineered_homography_100subaction/experiments/E13/pipeline_outputs/subaction_30_P01_109_30/episode_05_left/frame_002750_left/label_heatmap_merged_overlay.png,/Users/huhu/Documents/Code/bishe/vrb/vrbreproduction/outputs/e13_engineered_homography_100subaction/experiments/E13/pipeline_outputs/subaction_30_P01_109_30/episode_05_left/frame_002750_left/vrb_style_affordance.png,/Users/huhu/Documents/Code/bishe/vrb/vrbreproduction/outputs/e13_engineered_homography_100subaction/experiments/E13/pipeline_outputs/subaction_30_P01_109_30/episode_05_left/frame_002750_left/diagnostics/problem3_ref_full_overlay.png,/Users/huhu/Documents/Code/bishe/vrb/vrbreproduction/outputs/e13_engineered_homography_100subaction/experiments/E13/pipeline_outputs/subaction_30_P01_109_30/episode_05_left/frame_002750_left/diagnostics/problem3_ref_crop.png
30,P01_109_30,rinse hands,rinse,hand,7.0,2785.0,2785.0,0.0,left,short_window_pre_contact,2784.0,1.0,1.0,1.0,5.0,0.0,/Users/huhu/Documents/Code/bishe/vrb/vrbreproduction/outputs/e13_engineered_homography_100subaction/experiments/E13/pipeline_outputs/subaction_30_P01_109_30/episode_07_left/frame_002785_left,/Users/huhu/Documents/Code/bishe/vrb/vrbreproduction/outputs/e13_engineered_homography_100subaction/experiments/E13/pipeline_outputs/subaction_30_P01_109_30/episode_07_left/frame_002785_left/contact_frame.png,/Users/huhu/Documents/Code/bishe/vrb/vrbreproduction/outputs/e13_engineered_homography_100subaction/experiments/E13/pipeline_outputs/subaction_30_P01_109_30/episode_07_left/frame_002785_left/reference_frame.png,/Users/huhu/Documents/Code/bishe/vrb/vrbreproduction/outputs/e13_engineered_homography_100subaction/experiments/E13/pipeline_outputs/subaction_30_P01_109_30/episode_07_left/frame_002785_left/contact_overlay.png,/Users/huhu/Documents/Code/bishe/vrb/vrbreproduction/outputs/e13_engineered_homography_100subaction/experiments/E13/pipeline_outputs/subaction_30_P01_109_30/episode_07_left/frame_002785_left/projection_overlay_raw_vs_snapped.png,/Users/huhu/Documents/Code/bishe/vrb/vrbreproduction/outputs/e13_engineered_homography_100subaction/experiments/E13/pipeline_outputs/subaction_30_P01_109_30/episode_07_left/frame_002785_left/homography_matches.png,/Users/huhu/Documents/Code/bishe/vrb/vrbreproduction/outputs/e13_engineered_homography_100subaction/experiments/E13/pipeline_outputs/subaction_30_P01_109_30/episode_07_left/frame_002785_left/label_heatmap_merged_overlay.png,/Users/huhu/Documents/Code/bishe/vrb/vrbreproduction/outputs/e13_engineered_homography_100subaction/experiments/E13/pipeline_outputs/subaction_30_P01_109_30/episode_07_left/frame_002785_left/vrb_style_affordance.png,/Users/huhu/Documents/Code/bishe/vrb/vrbreproduction/outputs/e13_engineered_homography_100subaction/experiments/E13/pipeline_outputs/subaction_30_P01_109_30/episode_07_left/frame_002785_left/diagnostics/problem3_ref_full_overlay.png,/Users/huhu/Documents/Code/bishe/vrb/vrbreproduction/outputs/e13_engineered_homography_100subaction/experiments/E13/pipeline_outputs/subaction_30_P01_109_30/episode_07_left/frame_002785_left/diagnostics/problem3_ref_crop.png
30,P01_109_30,rinse hands,rinse,hand,7.0,2785.0,2786.0,1.0,left,short_window_pre_contact,2784.0,2.0,2.0,1.0,5.0,0.0,/Users/huhu/Documents/Code/bishe/vrb/vrbreproduction/outputs/e13_engineered_homography_100subaction/experiments/E13/pipeline_outputs/subaction_30_P01_109_30/episode_07_left/frame_002786_left,/Users/huhu/Documents/Code/bishe/vrb/vrbreproduction/outputs/e13_engineered_homography_100subaction/experiments/E13/pipeline_outputs/subaction_30_P01_109_30/episode_07_left/frame_002786_left/contact_frame.png,/Users/huhu/Documents/Code/bishe/vrb/vrbreproduction/outputs/e13_engineered_homography_100subaction/experiments/E13/pipeline_outputs/subaction_30_P01_109_30/episode_07_left/frame_002786_left/reference_frame.png,/Users/huhu/Documents/Code/bishe/vrb/vrbreproduction/outputs/e13_engineered_homography_100subaction/experiments/E13/pipeline_outputs/subaction_30_P01_109_30/episode_07_left/frame_002786_left/contact_overlay.png,/Users/huhu/Documents/Code/bishe/vrb/vrbreproduction/outputs/e13_engineered_homography_100subaction/experiments/E13/pipeline_outputs/subaction_30_P01_109_30/episode_07_left/frame_002786_left/projection_overlay_raw_vs_snapped.png,/Users/huhu/Documents/Code/bishe/vrb/vrbreproduction/outputs/e13_engineered_homography_100subaction/experiments/E13/pipeline_outputs/subaction_30_P01_109_30/episode_07_left/frame_002786_left/homography_matches.png,/Users/huhu/Documents/Code/bishe/vrb/vrbreproduction/outputs/e13_engineered_homography_100subaction/experiments/E13/pipeline_outputs/subaction_30_P01_109_30/episode_07_left/frame_002786_left/label_heatmap_merged_overlay.png,/Users/huhu/Documents/Code/bishe/vrb/vrbreproduction/outputs/e13_engineered_homography_100subaction/experiments/E13/pipeline_outputs/subaction_30_P01_109_30/episode_07_left/frame_002786_left/vrb_style_affordance.png,/Users/huhu/Documents/Code/bishe/vrb/vrbreproduction/outputs/e13_engineered_homography_100subaction/experiments/E13/pipeline_outputs/subaction_30_P01_109_30/episode_07_left/frame_002786_left/diagnostics/problem3_ref_full_overlay.png,/Users/huhu/Documents/Code/bishe/vrb/vrbreproduction/outputs/e13_engineered_homography_100subaction/experiments/E13/pipeline_outputs/subaction_30_P01_109_30/episode_07_left/frame_002786_left/diagnostics/problem3_ref_crop.png
30,P01_109_30,rinse hands,rinse,hand,11.0,2832.0,2832.0,0.0,right,short_window_pre_contact,2831.0,1.0,1.0,1.0,5.0,0.0,/Users/huhu/Documents/Code/bishe/vrb/vrbreproduction/outputs/e13_engineered_homography_100subaction/experiments/E13/pipeline_outputs/subaction_30_P01_109_30/episode_11_right/frame_002832_right,/Users/huhu/Documents/Code/bishe/vrb/vrbreproduction/outputs/e13_engineered_homography_100subaction/experiments/E13/pipeline_outputs/subaction_30_P01_109_30/episode_11_right/frame_002832_right/contact_frame.png,/Users/huhu/Documents/Code/bishe/vrb/vrbreproduction/outputs/e13_engineered_homography_100subaction/experiments/E13/pipeline_outputs/subaction_30_P01_109_30/episode_11_right/frame_002832_right/reference_frame.png,/Users/huhu/Documents/Code/bishe/vrb/vrbreproduction/outputs/e13_engineered_homography_100subaction/experiments/E13/pipeline_outputs/subaction_30_P01_109_30/episode_11_right/frame_002832_right/contact_overlay.png,/Users/huhu/Documents/Code/bishe/vrb/vrbreproduction/outputs/e13_engineered_homography_100subaction/experiments/E13/pipeline_outputs/subaction_30_P01_109_30/episode_11_right/frame_002832_right/projection_overlay_raw_vs_snapped.png,/Users/huhu/Documents/Code/bishe/vrb/vrbreproduction/outputs/e13_engineered_homography_100subaction/experiments/E13/pipeline_outputs/subaction_30_P01_109_30/episode_11_right/frame_002832_right/homography_matches.png,/Users/huhu/Documents/Code/bishe/vrb/vrbreproduction/outputs/e13_engineered_homography_100subaction/experiments/E13/pipeline_outputs/subaction_30_P01_109_30/episode_11_right/frame_002832_right/label_heatmap_merged_overlay.png,/Users/huhu/Documents/Code/bishe/vrb/vrbreproduction/outputs/e13_engineered_homography_100subaction/experiments/E13/pipeline_outputs/subaction_30_P01_109_30/episode_11_right/frame_002832_right/vrb_style_affordance.png,/Users/huhu/Documents/Code/bishe/vrb/vrbreproduction/outputs/e13_engineered_homography_100subaction/experiments/E13/pipeline_outputs/subaction_30_P01_109_30/episode_11_right/frame_002832_right/diagnostics/problem3_ref_full_overlay.png,/Users/huhu/Documents/Code/bishe/vrb/vrbreproduction/outputs/e13_engineered_homography_100subaction/experiments/E13/pipeline_outputs/subaction_30_P01_109_30/episode_11_right/frame_002832_right/diagnostics/problem3_ref_crop.png
30,P01_109_30,rinse hands,rinse,hand,11.0,2832.0,2833.0,1.0,right,short_window_pre_contact,2831.0,2.0,2.0,1.0,5.0,0.0,/Users/huhu/Documents/Code/bishe/vrb/vrbreproduction/outputs/e13_engineered_homography_100subaction/experiments/E13/pipeline_outputs/subaction_30_P01_109_30/episode_11_right/frame_002833_right,/Users/huhu/Documents/Code/bishe/vrb/vrbreproduction/outputs/e13_engineered_homography_100subaction/experiments/E13/pipeline_outputs/subaction_30_P01_109_30/episode_11_right/frame_002833_right/contact_frame.png,/Users/huhu/Documents/Code/bishe/vrb/vrbreproduction/outputs/e13_engineered_homography_100subaction/experiments/E13/pipeline_outputs/subaction_30_P01_109_30/episode_11_right/frame_002833_right/reference_frame.png,/Users/huhu/Documents/Code/bishe/vrb/vrbreproduction/outputs/e13_engineered_homography_100subaction/experiments/E13/pipeline_outputs/subaction_30_P01_109_30/episode_11_right/frame_002833_right/contact_overlay.png,/Users/huhu/Documents/Code/bishe/vrb/vrbreproduction/outputs/e13_engineered_homography_100subaction/experiments/E13/pipeline_outputs/subaction_30_P01_109_30/episode_11_right/frame_002833_right/projection_overlay_raw_vs_snapped.png,/Users/huhu/Documents/Code/bishe/vrb/vrbreproduction/outputs/e13_engineered_homography_100subaction/experiments/E13/pipeline_outputs/subaction_30_P01_109_30/episode_11_right/frame_002833_right/homography_matches.png,/Users/huhu/Documents/Code/bishe/vrb/vrbreproduction/outputs/e13_engineered_homography_100subaction/experiments/E13/pipeline_outputs/subaction_30_P01_109_30/episode_11_right/frame_002833_right/label_heatmap_merged_overlay.png,/Users/huhu/Documents/Code/bishe/vrb/vrbreproduction/outputs/e13_engineered_homography_100subaction/experiments/E13/pipeline_outputs/subaction_30_P01_109_30/episode_11_right/frame_002833_right/vrb_style_affordance.png,/Users/huhu/Documents/Code/bishe/vrb/vrbreproduction/outputs/e13_engineered_homography_100subaction/experiments/E13/pipeline_outputs/subaction_30_P01_109_30/episode_11_right/frame_002833_right/diagnostics/problem3_ref_full_overlay.png,/Users/huhu/Documents/Code/bishe/vrb/vrbreproduction/outputs/e13_engineered_homography_100subaction/experiments/E13/pipeline_outputs/subaction_30_P01_109_30/episode_11_right/frame_002833_right/diagnostics/problem3_ref_crop.png
30,P01_109_30,rinse hands,rinse,hand,11.0,2832.0,2834.0,2.0,right,short_window_pre_contact,2831.0,3.0,3.0,1.0,5.0,0.0,/Users/huhu/Documents/Code/bishe/vrb/vrbreproduction/outputs/e13_engineered_homography_100subaction/experiments/E13/pipeline_outputs/subaction_30_P01_109_30/episode_11_right/frame_002834_right,/Users/huhu/Documents/Code/bishe/vrb/vrbreproduction/outputs/e13_engineered_homography_100subaction/experiments/E13/pipeline_outputs/subaction_30_P01_109_30/episode_11_right/frame_002834_right/contact_frame.png,/Users/huhu/Documents/Code/bishe/vrb/vrbreproduction/outputs/e13_engineered_homography_100subaction/experiments/E13/pipeline_outputs/subaction_30_P01_109_30/episode_11_right/frame_002834_right/reference_frame.png,/Users/huhu/Documents/Code/bishe/vrb/vrbreproduction/outputs/e13_engineered_homography_100subaction/experiments/E13/pipeline_outputs/subaction_30_P01_109_30/episode_11_right/frame_002834_right/contact_overlay.png,/Users/huhu/Documents/Code/bishe/vrb/vrbreproduction/outputs/e13_engineered_homography_100subaction/experiments/E13/pipeline_outputs/subaction_30_P01_109_30/episode_11_right/frame_002834_right/projection_overlay_raw_vs_snapped.png,/Users/huhu/Documents/Code/bishe/vrb/vrbreproduction/outputs/e13_engineered_homography_100subaction/experiments/E13/pipeline_outputs/subaction_30_P01_109_30/episode_11_right/frame_002834_right/homography_matches.png,/Users/huhu/Documents/Code/bishe/vrb/vrbreproduction/outputs/e13_engineered_homography_100subaction/experiments/E13/pipeline_outputs/subaction_30_P01_109_30/episode_11_right/frame_002834_right/label_heatmap_merged_overlay.png,/Users/huhu/Documents/Code/bishe/vrb/vrbreproduction/outputs/e13_engineered_homography_100subaction/experiments/E13/pipeline_outputs/subaction_30_P01_109_30/episode_11_right/frame_002834_right/vrb_style_affordance.png,/Users/huhu/Documents/Code/bishe/vrb/vrbreproduction/outputs/e13_engineered_homography_100subaction/experiments/E13/pipeline_outputs/subaction_30_P01_109_30/episode_11_right/frame_002834_right/diagnostics/problem3_ref_full_overlay.png,/Users/huhu/Documents/Code/bishe/vrb/vrbreproduction/outputs/e13_engineered_homography_100subaction/experiments/E13/pipeline_outputs/subaction_30_P01_109_30/episode_11_right/frame_002834_right/diagnostics/problem3_ref_crop.png
30,P01_109_30,rinse hands,rinse,hand,12.0,2838.0,2838.0,0.0,left,short_window_pre_contact,2837.0,1.0,1.0,1.0,3.0,2.2628891468048096,/Users/huhu/Documents/Code/bishe/vrb/vrbreproduction/outputs/e13_engineered_homography_100subaction/experiments/E13/pipeline_outputs/subaction_30_P01_109_30/episode_12_left/frame_002838_left,/Users/huhu/Documents/Code/bishe/vrb/vrbreproduction/outputs/e13_engineered_homography_100subaction/experiments/E13/pipeline_outputs/subaction_30_P01_109_30/episode_12_left/frame_002838_left/contact_frame.png,/Users/huhu/Documents/Code/bishe/vrb/vrbreproduction/outputs/e13_engineered_homography_100subaction/experiments/E13/pipeline_outputs/subaction_30_P01_109_30/episode_12_left/frame_002838_left/reference_frame.png,/Users/huhu/Documents/Code/bishe/vrb/vrbreproduction/outputs/e13_engineered_homography_100subaction/experiments/E13/pipeline_outputs/subaction_30_P01_109_30/episode_12_left/frame_002838_left/contact_overlay.png,/Users/huhu/Documents/Code/bishe/vrb/vrbreproduction/outputs/e13_engineered_homography_100subaction/experiments/E13/pipeline_outputs/subaction_30_P01_109_30/episode_12_left/frame_002838_left/projection_overlay_raw_vs_snapped.png,/Users/huhu/Documents/Code/bishe/vrb/vrbreproduction/outputs/e13_engineered_homography_100subaction/experiments/E13/pipeline_outputs/subaction_30_P01_109_30/episode_12_left/frame_002838_left/homography_matches.png,/Users/huhu/Documents/Code/bishe/vrb/vrbreproduction/outputs/e13_engineered_homography_100subaction/experiments/E13/pipeline_outputs/subaction_30_P01_109_30/episode_12_left/frame_002838_left/label_heatmap_merged_overlay.png,/Users/huhu/Documents/Code/bishe/vrb/vrbreproduction/outputs/e13_engineered_homography_100subaction/experiments/E13/pipeline_outputs/subaction_30_P01_109_30/episode_12_left/frame_002838_left/vrb_style_affordance.png,/Users/huhu/Documents/Code/bishe/vrb/vrbreproduction/outputs/e13_engineered_homography_100subaction/experiments/E13/pipeline_outputs/subaction_30_P01_109_30/episode_12_left/frame_002838_left/diagnostics/problem3_ref_full_overlay.png,/Users/huhu/Documents/Code/bishe/vrb/vrbreproduction/outputs/e13_engineered_homography_100subaction/experiments/E13/pipeline_outputs/subaction_30_P01_109_30/episode_12_left/frame_002838_left/diagnostics/problem3_ref_crop.png
30,P01_109_30,rinse hands,rinse,hand,12.0,2838.0,2839.0,1.0,left,short_window_pre_contact,2837.0,2.0,2.0,1.0,0.0,3.9633777141571045,/Users/huhu/Documents/Code/bishe/vrb/vrbreproduction/outputs/e13_engineered_homography_100subaction/experiments/E13/pipeline_outputs/subaction_30_P01_109_30/episode_12_left/frame_002839_left,/Users/huhu/Documents/Code/bishe/vrb/vrbreproduction/outputs/e13_engineered_homography_100subaction/experiments/E13/pipeline_outputs/subaction_30_P01_109_30/episode_12_left/frame_002839_left/contact_frame.png,/Users/huhu/Documents/Code/bishe/vrb/vrbreproduction/outputs/e13_engineered_homography_100subaction/experiments/E13/pipeline_outputs/subaction_30_P01_109_30/episode_12_left/frame_002839_left/reference_frame.png,/Users/huhu/Documents/Code/bishe/vrb/vrbreproduction/outputs/e13_engineered_homography_100subaction/experiments/E13/pipeline_outputs/subaction_30_P01_109_30/episode_12_left/frame_002839_left/contact_overlay.png,/Users/huhu/Documents/Code/bishe/vrb/vrbreproduction/outputs/e13_engineered_homography_100subaction/experiments/E13/pipeline_outputs/subaction_30_P01_109_30/episode_12_left/frame_002839_left/projection_overlay_raw_vs_snapped.png,/Users/huhu/Documents/Code/bishe/vrb/vrbreproduction/outputs/e13_engineered_homography_100subaction/experiments/E13/pipeline_outputs/subaction_30_P01_109_30/episode_12_left/frame_002839_left/homography_matches.png,/Users/huhu/Documents/Code/bishe/vrb/vrbreproduction/outputs/e13_engineered_homography_100subaction/experiments/E13/pipeline_outputs/subaction_30_P01_109_30/episode_12_left/frame_002839_left/label_heatmap_merged_overlay.png,/Users/huhu/Documents/Code/bishe/vrb/vrbreproduction/outputs/e13_engineered_homography_100subaction/experiments/E13/pipeline_outputs/subaction_30_P01_109_30/episode_12_left/frame_002839_left/vrb_style_affordance.png,/Users/huhu/Documents/Code/bishe/vrb/vrbreproduction/outputs/e13_engineered_homography_100subaction/experiments/E13/pipeline_outputs/subaction_30_P01_109_30/episode_12_left/frame_002839_left/diagnostics/problem3_ref_full_overlay.png,/Users/huhu/Documents/Code/bishe/vrb/vrbreproduction/outputs/e13_engineered_homography_100subaction/experiments/E13/pipeline_outputs/subaction_30_P01_109_30/episode_12_left/frame_002839_left/diagnostics/problem3_ref_crop.png
30,P01_109_30,rinse hands,rinse,hand,12.0,2838.0,2840.0,2.0,left,short_window_pre_contact,2837.0,3.0,3.0,1.0,3.0,3.4861903190612793,/Users/huhu/Documents/Code/bishe/vrb/vrbreproduction/outputs/e13_engineered_homography_100subaction/experiments/E13/pipeline_outputs/subaction_30_P01_109_30/episode_12_left/frame_002840_left,/Users/huhu/Documents/Code/bishe/vrb/vrbreproduction/outputs/e13_engineered_homography_100subaction/experiments/E13/pipeline_outputs/subaction_30_P01_109_30/episode_12_left/frame_002840_left/contact_frame.png,/Users/huhu/Documents/Code/bishe/vrb/vrbreproduction/outputs/e13_engineered_homography_100subaction/experiments/E13/pipeline_outputs/subaction_30_P01_109_30/episode_12_left/frame_002840_left/reference_frame.png,/Users/huhu/Documents/Code/bishe/vrb/vrbreproduction/outputs/e13_engineered_homography_100subaction/experiments/E13/pipeline_outputs/subaction_30_P01_109_30/episode_12_left/frame_002840_left/contact_overlay.png,/Users/huhu/Documents/Code/bishe/vrb/vrbreproduction/outputs/e13_engineered_homography_100subaction/experiments/E13/pipeline_outputs/subaction_30_P01_109_30/episode_12_left/frame_002840_left/projection_overlay_raw_vs_snapped.png,/Users/huhu/Documents/Code/bishe/vrb/vrbreproduction/outputs/e13_engineered_homography_100subaction/experiments/E13/pipeline_outputs/subaction_30_P01_109_30/episode_12_left/frame_002840_left/homography_matches.png,/Users/huhu/Documents/Code/bishe/vrb/vrbreproduction/outputs/e13_engineered_homography_100subaction/experiments/E13/pipeline_outputs/subaction_30_P01_109_30/episode_12_left/frame_002840_left/label_heatmap_merged_overlay.png,/Users/huhu/Documents/Code/bishe/vrb/vrbreproduction/outputs/e13_engineered_homography_100subaction/experiments/E13/pipeline_outputs/subaction_30_P01_109_30/episode_12_left/frame_002840_left/vrb_style_affordance.png,/Users/huhu/Documents/Code/bishe/vrb/vrbreproduction/outputs/e13_engineered_homography_100subaction/experiments/E13/pipeline_outputs/subaction_30_P01_109_30/episode_12_left/frame_002840_left/diagnostics/problem3_ref_full_overlay.png,/Users/huhu/Documents/Code/bishe/vrb/vrbreproduction/outputs/e13_engineered_homography_100subaction/experiments/E13/pipeline_outputs/subaction_30_P01_109_30/episode_12_left/frame_002840_left/diagnostics/problem3_ref_crop.png
30,P01_109_30,rinse hands,rinse,hand,13.0,2838.0,2838.0,0.0,right,short_window_pre_contact,2837.0,1.0,1.0,1.0,5.0,0.0,/Users/huhu/Documents/Code/bishe/vrb/vrbreproduction/outputs/e13_engineered_homography_100subaction/experiments/E13/pipeline_outputs/subaction_30_P01_109_30/episode_13_right/frame_002838_right,/Users/huhu/Documents/Code/bishe/vrb/vrbreproduction/outputs/e13_engineered_homography_100subaction/experiments/E13/pipeline_outputs/subaction_30_P01_109_30/episode_13_right/frame_002838_right/contact_frame.png,/Users/huhu/Documents/Code/bishe/vrb/vrbreproduction/outputs/e13_engineered_homography_100subaction/experiments/E13/pipeline_outputs/subaction_30_P01_109_30/episode_13_right/frame_002838_right/reference_frame.png,/Users/huhu/Documents/Code/bishe/vrb/vrbreproduction/outputs/e13_engineered_homography_100subaction/experiments/E13/pipeline_outputs/subaction_30_P01_109_30/episode_13_right/frame_002838_right/contact_overlay.png,/Users/huhu/Documents/Code/bishe/vrb/vrbreproduction/outputs/e13_engineered_homography_100subaction/experiments/E13/pipeline_outputs/subaction_30_P01_109_30/episode_13_right/frame_002838_right/projection_overlay_raw_vs_snapped.png,/Users/huhu/Documents/Code/bishe/vrb/vrbreproduction/outputs/e13_engineered_homography_100subaction/experiments/E13/pipeline_outputs/subaction_30_P01_109_30/episode_13_right/frame_002838_right/homography_matches.png,/Users/huhu/Documents/Code/bishe/vrb/vrbreproduction/outputs/e13_engineered_homography_100subaction/experiments/E13/pipeline_outputs/subaction_30_P01_109_30/episode_13_right/frame_002838_right/label_heatmap_merged_overlay.png,/Users/huhu/Documents/Code/bishe/vrb/vrbreproduction/outputs/e13_engineered_homography_100subaction/experiments/E13/pipeline_outputs/subaction_30_P01_109_30/episode_13_right/frame_002838_right/vrb_style_affordance.png,/Users/huhu/Documents/Code/bishe/vrb/vrbreproduction/outputs/e13_engineered_homography_100subaction/experiments/E13/pipeline_outputs/subaction_30_P01_109_30/episode_13_right/frame_002838_right/diagnostics/problem3_ref_full_overlay.png,/Users/huhu/Documents/Code/bishe/vrb/vrbreproduction/outputs/e13_engineered_homography_100subaction/experiments/E13/pipeline_outputs/subaction_30_P01_109_30/episode_13_right/frame_002838_right/diagnostics/problem3_ref_crop.png
30,P01_109_30,rinse hands,rinse,hand,15.0,2851.0,2851.0,0.0,left,short_window_pre_contact,2850.0,1.0,1.0,1.0,2.0,4.365823268890381,/Users/huhu/Documents/Code/bishe/vrb/vrbreproduction/outputs/e13_engineered_homography_100subaction/experiments/E13/pipeline_outputs/subaction_30_P01_109_30/episode_15_left/frame_002851_left,/Users/huhu/Documents/Code/bishe/vrb/vrbreproduction/outputs/e13_engineered_homography_100subaction/experiments/E13/pipeline_outputs/subaction_30_P01_109_30/episode_15_left/frame_002851_left/contact_frame.png,/Users/huhu/Documents/Code/bishe/vrb/vrbreproduction/outputs/e13_engineered_homography_100subaction/experiments/E13/pipeline_outputs/subaction_30_P01_109_30/episode_15_left/frame_002851_left/reference_frame.png,/Users/huhu/Documents/Code/bishe/vrb/vrbreproduction/outputs/e13_engineered_homography_100subaction/experiments/E13/pipeline_outputs/subaction_30_P01_109_30/episode_15_left/frame_002851_left/contact_overlay.png,/Users/huhu/Documents/Code/bishe/vrb/vrbreproduction/outputs/e13_engineered_homography_100subaction/experiments/E13/pipeline_outputs/subaction_30_P01_109_30/episode_15_left/frame_002851_left/projection_overlay_raw_vs_snapped.png,/Users/huhu/Documents/Code/bishe/vrb/vrbreproduction/outputs/e13_engineered_homography_100subaction/experiments/E13/pipeline_outputs/subaction_30_P01_109_30/episode_15_left/frame_002851_left/homography_matches.png,/Users/huhu/Documents/Code/bishe/vrb/vrbreproduction/outputs/e13_engineered_homography_100subaction/experiments/E13/pipeline_outputs/subaction_30_P01_109_30/episode_15_left/frame_002851_left/label_heatmap_merged_overlay.png,/Users/huhu/Documents/Code/bishe/vrb/vrbreproduction/outputs/e13_engineered_homography_100subaction/experiments/E13/pipeline_outputs/subaction_30_P01_109_30/episode_15_left/frame_002851_left/vrb_style_affordance.png,/Users/huhu/Documents/Code/bishe/vrb/vrbreproduction/outputs/e13_engineered_homography_100subaction/experiments/E13/pipeline_outputs/subaction_30_P01_109_30/episode_15_left/frame_002851_left/diagnostics/problem3_ref_full_overlay.png,/Users/huhu/Documents/Code/bishe/vrb/vrbreproduction/outputs/e13_engineered_homography_100subaction/experiments/E13/pipeline_outputs/subaction_30_P01_109_30/episode_15_left/frame_002851_left/diagnostics/problem3_ref_crop.png
30,P01_109_30,rinse hands,rinse,hand,15.0,2851.0,2852.0,1.0,left,short_window_pre_contact,2850.0,2.0,2.0,1.0,3.0,2.2987918853759766,/Users/huhu/Documents/Code/bishe/vrb/vrbreproduction/outputs/e13_engineered_homography_100subaction/experiments/E13/pipeline_outputs/subaction_30_P01_109_30/episode_15_left/frame_002852_left,/Users/huhu/Documents/Code/bishe/vrb/vrbreproduction/outputs/e13_engineered_homography_100subaction/experiments/E13/pipeline_outputs/subaction_30_P01_109_30/episode_15_left/frame_002852_left/contact_frame.png,/Users/huhu/Documents/Code/bishe/vrb/vrbreproduction/outputs/e13_engineered_homography_100subaction/experiments/E13/pipeline_outputs/subaction_30_P01_109_30/episode_15_left/frame_002852_left/reference_frame.png,/Users/huhu/Documents/Code/bishe/vrb/vrbreproduction/outputs/e13_engineered_homography_100subaction/experiments/E13/pipeline_outputs/subaction_30_P01_109_30/episode_15_left/frame_002852_left/contact_overlay.png,/Users/huhu/Documents/Code/bishe/vrb/vrbreproduction/outputs/e13_engineered_homography_100subaction/experiments/E13/pipeline_outputs/subaction_30_P01_109_30/episode_15_left/frame_002852_left/projection_overlay_raw_vs_snapped.png,/Users/huhu/Documents/Code/bishe/vrb/vrbreproduction/outputs/e13_engineered_homography_100subaction/experiments/E13/pipeline_outputs/subaction_30_P01_109_30/episode_15_left/frame_002852_left/homography_matches.png,/Users/huhu/Documents/Code/bishe/vrb/vrbreproduction/outputs/e13_engineered_homography_100subaction/experiments/E13/pipeline_outputs/subaction_30_P01_109_30/episode_15_left/frame_002852_left/label_heatmap_merged_overlay.png,/Users/huhu/Documents/Code/bishe/vrb/vrbreproduction/outputs/e13_engineered_homography_100subaction/experiments/E13/pipeline_outputs/subaction_30_P01_109_30/episode_15_left/frame_002852_left/vrb_style_affordance.png,/Users/huhu/Documents/Code/bishe/vrb/vrbreproduction/outputs/e13_engineered_homography_100subaction/experiments/E13/pipeline_outputs/subaction_30_P01_109_30/episode_15_left/frame_002852_left/diagnostics/problem3_ref_full_overlay.png,/Users/huhu/Documents/Code/bishe/vrb/vrbreproduction/outputs/e13_engineered_homography_100subaction/experiments/E13/pipeline_outputs/subaction_30_P01_109_30/episode_15_left/frame_002852_left/diagnostics/problem3_ref_crop.png
30,P01_109_30,rinse hands,rinse,hand,15.0,2851.0,2853.0,2.0,left,short_window_pre_contact,2850.0,3.0,3.0,1.0,5.0,0.0,/Users/huhu/Documents/Code/bishe/vrb/vrbreproduction/outputs/e13_engineered_homography_100subaction/experiments/E13/pipeline_outputs/subaction_30_P01_109_30/episode_15_left/frame_002853_left,/Users/huhu/Documents/Code/bishe/vrb/vrbreproduction/outputs/e13_engineered_homography_100subaction/experiments/E13/pipeline_outputs/subaction_30_P01_109_30/episode_15_left/frame_002853_left/contact_frame.png,/Users/huhu/Documents/Code/bishe/vrb/vrbreproduction/outputs/e13_engineered_homography_100subaction/experiments/E13/pipeline_outputs/subaction_30_P01_109_30/episode_15_left/frame_002853_left/reference_frame.png,/Users/huhu/Documents/Code/bishe/vrb/vrbreproduction/outputs/e13_engineered_homography_100subaction/experiments/E13/pipeline_outputs/subaction_30_P01_109_30/episode_15_left/frame_002853_left/contact_overlay.png,/Users/huhu/Documents/Code/bishe/vrb/vrbreproduction/outputs/e13_engineered_homography_100subaction/experiments/E13/pipeline_outputs/subaction_30_P01_109_30/episode_15_left/frame_002853_left/projection_overlay_raw_vs_snapped.png,/Users/huhu/Documents/Code/bishe/vrb/vrbreproduction/outputs/e13_engineered_homography_100subaction/experiments/E13/pipeline_outputs/subaction_30_P01_109_30/episode_15_left/frame_002853_left/homography_matches.png,/Users/huhu/Documents/Code/bishe/vrb/vrbreproduction/outputs/e13_engineered_homography_100subaction/experiments/E13/pipeline_outputs/subaction_30_P01_109_30/episode_15_left/frame_002853_left/label_heatmap_merged_overlay.png,/Users/huhu/Documents/Code/bishe/vrb/vrbreproduction/outputs/e13_engineered_homography_100subaction/experiments/E13/pipeline_outputs/subaction_30_P01_109_30/episode_15_left/frame_002853_left/vrb_style_affordance.png,/Users/huhu/Documents/Code/bishe/vrb/vrbreproduction/outputs/e13_engineered_homography_100subaction/experiments/E13/pipeline_outputs/subaction_30_P01_109_30/episode_15_left/frame_002853_left/diagnostics/problem3_ref_full_overlay.png,/Users/huhu/Documents/Code/bishe/vrb/vrbreproduction/outputs/e13_engineered_homography_100subaction/experiments/E13/pipeline_outputs/subaction_30_P01_109_30/episode_15_left/frame_002853_left/diagnostics/problem3_ref_crop.png
30,P01_109_30,rinse hands,rinse,hand,17.0,2867.0,2868.0,1.0,left,short_window_pre_contact,2866.0,2.0,2.0,1.0,5.0,0.0,/Users/huhu/Documents/Code/bishe/vrb/vrbreproduction/outputs/e13_engineered_homography_100subaction/experiments/E13/pipeline_outputs/subaction_30_P01_109_30/episode_17_left/frame_002868_left,/Users/huhu/Documents/Code/bishe/vrb/vrbreproduction/outputs/e13_engineered_homography_100subaction/experiments/E13/pipeline_outputs/subaction_30_P01_109_30/episode_17_left/frame_002868_left/contact_frame.png,/Users/huhu/Documents/Code/bishe/vrb/vrbreproduction/outputs/e13_engineered_homography_100subaction/experiments/E13/pipeline_outputs/subaction_30_P01_109_30/episode_17_left/frame_002868_left/reference_frame.png,/Users/huhu/Documents/Code/bishe/vrb/vrbreproduction/outputs/e13_engineered_homography_100subaction/experiments/E13/pipeline_outputs/subaction_30_P01_109_30/episode_17_left/frame_002868_left/contact_overlay.png,/Users/huhu/Documents/Code/bishe/vrb/vrbreproduction/outputs/e13_engineered_homography_100subaction/experiments/E13/pipeline_outputs/subaction_30_P01_109_30/episode_17_left/frame_002868_left/projection_overlay_raw_vs_snapped.png,/Users/huhu/Documents/Code/bishe/vrb/vrbreproduction/outputs/e13_engineered_homography_100subaction/experiments/E13/pipeline_outputs/subaction_30_P01_109_30/episode_17_left/frame_002868_left/homography_matches.png,/Users/huhu/Documents/Code/bishe/vrb/vrbreproduction/outputs/e13_engineered_homography_100subaction/experiments/E13/pipeline_outputs/subaction_30_P01_109_30/episode_17_left/frame_002868_left/label_heatmap_merged_overlay.png,/Users/huhu/Documents/Code/bishe/vrb/vrbreproduction/outputs/e13_engineered_homography_100subaction/experiments/E13/pipeline_outputs/subaction_30_P01_109_30/episode_17_left/frame_002868_left/vrb_style_affordance.png,/Users/huhu/Documents/Code/bishe/vrb/vrbreproduction/outputs/e13_engineered_homography_100subaction/experiments/E13/pipeline_outputs/subaction_30_P01_109_30/episode_17_left/frame_002868_left/diagnostics/problem3_ref_full_overlay.png,/Users/huhu/Documents/Code/bishe/vrb/vrbreproduction/outputs/e13_engineered_homography_100subaction/experiments/E13/pipeline_outputs/subaction_30_P01_109_30/episode_17_left/frame_002868_left/diagnostics/problem3_ref_crop.png
30,P01_109_30,rinse hands,rinse,hand,17.0,2867.0,2869.0,2.0,left,short_window_pre_contact,2866.0,3.0,3.0,1.0,5.0,0.0,/Users/huhu/Documents/Code/bishe/vrb/vrbreproduction/outputs/e13_engineered_homography_100subaction/experiments/E13/pipeline_outputs/subaction_30_P01_109_30/episode_17_left/frame_002869_left,/Users/huhu/Documents/Code/bishe/vrb/vrbreproduction/outputs/e13_engineered_homography_100subaction/experiments/E13/pipeline_outputs/subaction_30_P01_109_30/episode_17_left/frame_002869_left/contact_frame.png,/Users/huhu/Documents/Code/bishe/vrb/vrbreproduction/outputs/e13_engineered_homography_100subaction/experiments/E13/pipeline_outputs/subaction_30_P01_109_30/episode_17_left/frame_002869_left/reference_frame.png,/Users/huhu/Documents/Code/bishe/vrb/vrbreproduction/outputs/e13_engineered_homography_100subaction/experiments/E13/pipeline_outputs/subaction_30_P01_109_30/episode_17_left/frame_002869_left/contact_overlay.png,/Users/huhu/Documents/Code/bishe/vrb/vrbreproduction/outputs/e13_engineered_homography_100subaction/experiments/E13/pipeline_outputs/subaction_30_P01_109_30/episode_17_left/frame_002869_left/projection_overlay_raw_vs_snapped.png,/Users/huhu/Documents/Code/bishe/vrb/vrbreproduction/outputs/e13_engineered_homography_100subaction/experiments/E13/pipeline_outputs/subaction_30_P01_109_30/episode_17_left/frame_002869_left/homography_matches.png,/Users/huhu/Documents/Code/bishe/vrb/vrbreproduction/outputs/e13_engineered_homography_100subaction/experiments/E13/pipeline_outputs/subaction_30_P01_109_30/episode_17_left/frame_002869_left/label_heatmap_merged_overlay.png,/Users/huhu/Documents/Code/bishe/vrb/vrbreproduction/outputs/e13_engineered_homography_100subaction/experiments/E13/pipeline_outputs/subaction_30_P01_109_30/episode_17_left/frame_002869_left/vrb_style_affordance.png,/Users/huhu/Documents/Code/bishe/vrb/vrbreproduction/outputs/e13_engineered_homography_100subaction/experiments/E13/pipeline_outputs/subaction_30_P01_109_30/episode_17_left/frame_002869_left/diagnostics/problem3_ref_full_overlay.png,/Users/huhu/Documents/Code/bishe/vrb/vrbreproduction/outputs/e13_engineered_homography_100subaction/experiments/E13/pipeline_outputs/subaction_30_P01_109_30/episode_17_left/frame_002869_left/diagnostics/problem3_ref_crop.png
30,P01_109_30,rinse hands,rinse,hand,18.0,2867.0,2868.0,1.0,right,short_window_pre_contact,2866.0,2.0,2.0,1.0,5.0,0.0,/Users/huhu/Documents/Code/bishe/vrb/vrbreproduction/outputs/e13_engineered_homography_100subaction/experiments/E13/pipeline_outputs/subaction_30_P01_109_30/episode_18_right/frame_002868_right,/Users/huhu/Documents/Code/bishe/vrb/vrbreproduction/outputs/e13_engineered_homography_100subaction/experiments/E13/pipeline_outputs/subaction_30_P01_109_30/episode_18_right/frame_002868_right/contact_frame.png,/Users/huhu/Documents/Code/bishe/vrb/vrbreproduction/outputs/e13_engineered_homography_100subaction/experiments/E13/pipeline_outputs/subaction_30_P01_109_30/episode_18_right/frame_002868_right/reference_frame.png,/Users/huhu/Documents/Code/bishe/vrb/vrbreproduction/outputs/e13_engineered_homography_100subaction/experiments/E13/pipeline_outputs/subaction_30_P01_109_30/episode_18_right/frame_002868_right/contact_overlay.png,/Users/huhu/Documents/Code/bishe/vrb/vrbreproduction/outputs/e13_engineered_homography_100subaction/experiments/E13/pipeline_outputs/subaction_30_P01_109_30/episode_18_right/frame_002868_right/projection_overlay_raw_vs_snapped.png,/Users/huhu/Documents/Code/bishe/vrb/vrbreproduction/outputs/e13_engineered_homography_100subaction/experiments/E13/pipeline_outputs/subaction_30_P01_109_30/episode_18_right/frame_002868_right/homography_matches.png,/Users/huhu/Documents/Code/bishe/vrb/vrbreproduction/outputs/e13_engineered_homography_100subaction/experiments/E13/pipeline_outputs/subaction_30_P01_109_30/episode_18_right/frame_002868_right/label_heatmap_merged_overlay.png,/Users/huhu/Documents/Code/bishe/vrb/vrbreproduction/outputs/e13_engineered_homography_100subaction/experiments/E13/pipeline_outputs/subaction_30_P01_109_30/episode_18_right/frame_002868_right/vrb_style_affordance.png,/Users/huhu/Documents/Code/bishe/vrb/vrbreproduction/outputs/e13_engineered_homography_100subaction/experiments/E13/pipeline_outputs/subaction_30_P01_109_30/episode_18_right/frame_002868_right/diagnostics/problem3_ref_full_overlay.png,/Users/huhu/Documents/Code/bishe/vrb/vrbreproduction/outputs/e13_engineered_homography_100subaction/experiments/E13/pipeline_outputs/subaction_30_P01_109_30/episode_18_right/frame_002868_right/diagnostics/problem3_ref_crop.png
30,P01_109_30,rinse hands,rinse,hand,18.0,2867.0,2869.0,2.0,right,short_window_pre_contact,2866.0,3.0,3.0,1.0,5.0,0.0,/Users/huhu/Documents/Code/bishe/vrb/vrbreproduction/outputs/e13_engineered_homography_100subaction/experiments/E13/pipeline_outputs/subaction_30_P01_109_30/episode_18_right/frame_002869_right,/Users/huhu/Documents/Code/bishe/vrb/vrbreproduction/outputs/e13_engineered_homography_100subaction/experiments/E13/pipeline_outputs/subaction_30_P01_109_30/episode_18_right/frame_002869_right/contact_frame.png,/Users/huhu/Documents/Code/bishe/vrb/vrbreproduction/outputs/e13_engineered_homography_100subaction/experiments/E13/pipeline_outputs/subaction_30_P01_109_30/episode_18_right/frame_002869_right/reference_frame.png,/Users/huhu/Documents/Code/bishe/vrb/vrbreproduction/outputs/e13_engineered_homography_100subaction/experiments/E13/pipeline_outputs/subaction_30_P01_109_30/episode_18_right/frame_002869_right/contact_overlay.png,/Users/huhu/Documents/Code/bishe/vrb/vrbreproduction/outputs/e13_engineered_homography_100subaction/experiments/E13/pipeline_outputs/subaction_30_P01_109_30/episode_18_right/frame_002869_right/projection_overlay_raw_vs_snapped.png,/Users/huhu/Documents/Code/bishe/vrb/vrbreproduction/outputs/e13_engineered_homography_100subaction/experiments/E13/pipeline_outputs/subaction_30_P01_109_30/episode_18_right/frame_002869_right/homography_matches.png,/Users/huhu/Documents/Code/bishe/vrb/vrbreproduction/outputs/e13_engineered_homography_100subaction/experiments/E13/pipeline_outputs/subaction_30_P01_109_30/episode_18_right/frame_002869_right/label_heatmap_merged_overlay.png,/Users/huhu/Documents/Code/bishe/vrb/vrbreproduction/outputs/e13_engineered_homography_100subaction/experiments/E13/pipeline_outputs/subaction_30_P01_109_30/episode_18_right/frame_002869_right/vrb_style_affordance.png,/Users/huhu/Documents/Code/bishe/vrb/vrbreproduction/outputs/e13_engineered_homography_100subaction/experiments/E13/pipeline_outputs/subaction_30_P01_109_30/episode_18_right/frame_002869_right/diagnostics/problem3_ref_full_overlay.png,/Users/huhu/Documents/Code/bishe/vrb/vrbreproduction/outputs/e13_engineered_homography_100subaction/experiments/E13/pipeline_outputs/subaction_30_P01_109_30/episode_18_right/frame_002869_right/diagnostics/problem3_ref_crop.png
30,P01_109_30,rinse hands,rinse,hand,20.0,2887.0,2887.0,0.0,left,short_window_pre_contact,2886.0,1.0,1.0,1.0,5.0,0.0,/Users/huhu/Documents/Code/bishe/vrb/vrbreproduction/outputs/e13_engineered_homography_100subaction/experiments/E13/pipeline_outputs/subaction_30_P01_109_30/episode_20_left/frame_002887_left,/Users/huhu/Documents/Code/bishe/vrb/vrbreproduction/outputs/e13_engineered_homography_100subaction/experiments/E13/pipeline_outputs/subaction_30_P01_109_30/episode_20_left/frame_002887_left/contact_frame.png,/Users/huhu/Documents/Code/bishe/vrb/vrbreproduction/outputs/e13_engineered_homography_100subaction/experiments/E13/pipeline_outputs/subaction_30_P01_109_30/episode_20_left/frame_002887_left/reference_frame.png,/Users/huhu/Documents/Code/bishe/vrb/vrbreproduction/outputs/e13_engineered_homography_100subaction/experiments/E13/pipeline_outputs/subaction_30_P01_109_30/episode_20_left/frame_002887_left/contact_overlay.png,/Users/huhu/Documents/Code/bishe/vrb/vrbreproduction/outputs/e13_engineered_homography_100subaction/experiments/E13/pipeline_outputs/subaction_30_P01_109_30/episode_20_left/frame_002887_left/projection_overlay_raw_vs_snapped.png,/Users/huhu/Documents/Code/bishe/vrb/vrbreproduction/outputs/e13_engineered_homography_100subaction/experiments/E13/pipeline_outputs/subaction_30_P01_109_30/episode_20_left/frame_002887_left/homography_matches.png,/Users/huhu/Documents/Code/bishe/vrb/vrbreproduction/outputs/e13_engineered_homography_100subaction/experiments/E13/pipeline_outputs/subaction_30_P01_109_30/episode_20_left/frame_002887_left/label_heatmap_merged_overlay.png,/Users/huhu/Documents/Code/bishe/vrb/vrbreproduction/outputs/e13_engineered_homography_100subaction/experiments/E13/pipeline_outputs/subaction_30_P01_109_30/episode_20_left/frame_002887_left/vrb_style_affordance.png,/Users/huhu/Documents/Code/bishe/vrb/vrbreproduction/outputs/e13_engineered_homography_100subaction/experiments/E13/pipeline_outputs/subaction_30_P01_109_30/episode_20_left/frame_002887_left/diagnostics/problem3_ref_full_overlay.png,/Users/huhu/Documents/Code/bishe/vrb/vrbreproduction/outputs/e13_engineered_homography_100subaction/experiments/E13/pipeline_outputs/subaction_30_P01_109_30/episode_20_left/frame_002887_left/diagnostics/problem3_ref_crop.png
30,P01_109_30,rinse hands,rinse,hand,20.0,2887.0,2888.0,1.0,left,short_window_pre_contact,2886.0,2.0,2.0,1.0,5.0,0.0,/Users/huhu/Documents/Code/bishe/vrb/vrbreproduction/outputs/e13_engineered_homography_100subaction/experiments/E13/pipeline_outputs/subaction_30_P01_109_30/episode_20_left/frame_002888_left,/Users/huhu/Documents/Code/bishe/vrb/vrbreproduction/outputs/e13_engineered_homography_100subaction/experiments/E13/pipeline_outputs/subaction_30_P01_109_30/episode_20_left/frame_002888_left/contact_frame.png,/Users/huhu/Documents/Code/bishe/vrb/vrbreproduction/outputs/e13_engineered_homography_100subaction/experiments/E13/pipeline_outputs/subaction_30_P01_109_30/episode_20_left/frame_002888_left/reference_frame.png,/Users/huhu/Documents/Code/bishe/vrb/vrbreproduction/outputs/e13_engineered_homography_100subaction/experiments/E13/pipeline_outputs/subaction_30_P01_109_30/episode_20_left/frame_002888_left/contact_overlay.png,/Users/huhu/Documents/Code/bishe/vrb/vrbreproduction/outputs/e13_engineered_homography_100subaction/experiments/E13/pipeline_outputs/subaction_30_P01_109_30/episode_20_left/frame_002888_left/projection_overlay_raw_vs_snapped.png,/Users/huhu/Documents/Code/bishe/vrb/vrbreproduction/outputs/e13_engineered_homography_100subaction/experiments/E13/pipeline_outputs/subaction_30_P01_109_30/episode_20_left/frame_002888_left/homography_matches.png,/Users/huhu/Documents/Code/bishe/vrb/vrbreproduction/outputs/e13_engineered_homography_100subaction/experiments/E13/pipeline_outputs/subaction_30_P01_109_30/episode_20_left/frame_002888_left/label_heatmap_merged_overlay.png,/Users/huhu/Documents/Code/bishe/vrb/vrbreproduction/outputs/e13_engineered_homography_100subaction/experiments/E13/pipeline_outputs/subaction_30_P01_109_30/episode_20_left/frame_002888_left/vrb_style_affordance.png,/Users/huhu/Documents/Code/bishe/vrb/vrbreproduction/outputs/e13_engineered_homography_100subaction/experiments/E13/pipeline_outputs/subaction_30_P01_109_30/episode_20_left/frame_002888_left/diagnostics/problem3_ref_full_overlay.png,/Users/huhu/Documents/Code/bishe/vrb/vrbreproduction/outputs/e13_engineered_homography_100subaction/experiments/E13/pipeline_outputs/subaction_30_P01_109_30/episode_20_left/frame_002888_left/diagnostics/problem3_ref_crop.png
30,P01_109_30,rinse hands,rinse,hand,20.0,2887.0,2889.0,2.0,left,short_window_pre_contact,2886.0,3.0,3.0,1.0,5.0,0.0,/Users/huhu/Documents/Code/bishe/vrb/vrbreproduction/outputs/e13_engineered_homography_100subaction/experiments/E13/pipeline_outputs/subaction_30_P01_109_30/episode_20_left/frame_002889_left,/Users/huhu/Documents/Code/bishe/vrb/vrbreproduction/outputs/e13_engineered_homography_100subaction/experiments/E13/pipeline_outputs/subaction_30_P01_109_30/episode_20_left/frame_002889_left/contact_frame.png,/Users/huhu/Documents/Code/bishe/vrb/vrbreproduction/outputs/e13_engineered_homography_100subaction/experiments/E13/pipeline_outputs/subaction_30_P01_109_30/episode_20_left/frame_002889_left/reference_frame.png,/Users/huhu/Documents/Code/bishe/vrb/vrbreproduction/outputs/e13_engineered_homography_100subaction/experiments/E13/pipeline_outputs/subaction_30_P01_109_30/episode_20_left/frame_002889_left/contact_overlay.png,/Users/huhu/Documents/Code/bishe/vrb/vrbreproduction/outputs/e13_engineered_homography_100subaction/experiments/E13/pipeline_outputs/subaction_30_P01_109_30/episode_20_left/frame_002889_left/projection_overlay_raw_vs_snapped.png,/Users/huhu/Documents/Code/bishe/vrb/vrbreproduction/outputs/e13_engineered_homography_100subaction/experiments/E13/pipeline_outputs/subaction_30_P01_109_30/episode_20_left/frame_002889_left/homography_matches.png,/Users/huhu/Documents/Code/bishe/vrb/vrbreproduction/outputs/e13_engineered_homography_100subaction/experiments/E13/pipeline_outputs/subaction_30_P01_109_30/episode_20_left/frame_002889_left/label_heatmap_merged_overlay.png,/Users/huhu/Documents/Code/bishe/vrb/vrbreproduction/outputs/e13_engineered_homography_100subaction/experiments/E13/pipeline_outputs/subaction_30_P01_109_30/episode_20_left/frame_002889_left/vrb_style_affordance.png,/Users/huhu/Documents/Code/bishe/vrb/vrbreproduction/outputs/e13_engineered_homography_100subaction/experiments/E13/pipeline_outputs/subaction_30_P01_109_30/episode_20_left/frame_002889_left/diagnostics/problem3_ref_full_overlay.png,/Users/huhu/Documents/Code/bishe/vrb/vrbreproduction/outputs/e13_engineered_homography_100subaction/experiments/E13/pipeline_outputs/subaction_30_P01_109_30/episode_20_left/frame_002889_left/diagnostics/problem3_ref_crop.png
30,P01_109_30,rinse hands,rinse,hand,21.0,2904.0,2904.0,0.0,left,short_window_pre_contact,2903.0,1.0,1.0,1.0,5.0,0.0,/Users/huhu/Documents/Code/bishe/vrb/vrbreproduction/outputs/e13_engineered_homography_100subaction/experiments/E13/pipeline_outputs/subaction_30_P01_109_30/episode_21_left/frame_002904_left,/Users/huhu/Documents/Code/bishe/vrb/vrbreproduction/outputs/e13_engineered_homography_100subaction/experiments/E13/pipeline_outputs/subaction_30_P01_109_30/episode_21_left/frame_002904_left/contact_frame.png,/Users/huhu/Documents/Code/bishe/vrb/vrbreproduction/outputs/e13_engineered_homography_100subaction/experiments/E13/pipeline_outputs/subaction_30_P01_109_30/episode_21_left/frame_002904_left/reference_frame.png,/Users/huhu/Documents/Code/bishe/vrb/vrbreproduction/outputs/e13_engineered_homography_100subaction/experiments/E13/pipeline_outputs/subaction_30_P01_109_30/episode_21_left/frame_002904_left/contact_overlay.png,/Users/huhu/Documents/Code/bishe/vrb/vrbreproduction/outputs/e13_engineered_homography_100subaction/experiments/E13/pipeline_outputs/subaction_30_P01_109_30/episode_21_left/frame_002904_left/projection_overlay_raw_vs_snapped.png,/Users/huhu/Documents/Code/bishe/vrb/vrbreproduction/outputs/e13_engineered_homography_100subaction/experiments/E13/pipeline_outputs/subaction_30_P01_109_30/episode_21_left/frame_002904_left/homography_matches.png,/Users/huhu/Documents/Code/bishe/vrb/vrbreproduction/outputs/e13_engineered_homography_100subaction/experiments/E13/pipeline_outputs/subaction_30_P01_109_30/episode_21_left/frame_002904_left/label_heatmap_merged_overlay.png,/Users/huhu/Documents/Code/bishe/vrb/vrbreproduction/outputs/e13_engineered_homography_100subaction/experiments/E13/pipeline_outputs/subaction_30_P01_109_30/episode_21_left/frame_002904_left/vrb_style_affordance.png,/Users/huhu/Documents/Code/bishe/vrb/vrbreproduction/outputs/e13_engineered_homography_100subaction/experiments/E13/pipeline_outputs/subaction_30_P01_109_30/episode_21_left/frame_002904_left/diagnostics/problem3_ref_full_overlay.png,/Users/huhu/Documents/Code/bishe/vrb/vrbreproduction/outputs/e13_engineered_homography_100subaction/experiments/E13/pipeline_outputs/subaction_30_P01_109_30/episode_21_left/frame_002904_left/diagnostics/problem3_ref_crop.png
30,P01_109_30,rinse hands,rinse,hand,21.0,2904.0,2905.0,1.0,left,short_window_pre_contact,2903.0,2.0,2.0,1.0,5.0,0.0,/Users/huhu/Documents/Code/bishe/vrb/vrbreproduction/outputs/e13_engineered_homography_100subaction/experiments/E13/pipeline_outputs/subaction_30_P01_109_30/episode_21_left/frame_002905_left,/Users/huhu/Documents/Code/bishe/vrb/vrbreproduction/outputs/e13_engineered_homography_100subaction/experiments/E13/pipeline_outputs/subaction_30_P01_109_30/episode_21_left/frame_002905_left/contact_frame.png,/Users/huhu/Documents/Code/bishe/vrb/vrbreproduction/outputs/e13_engineered_homography_100subaction/experiments/E13/pipeline_outputs/subaction_30_P01_109_30/episode_21_left/frame_002905_left/reference_frame.png,/Users/huhu/Documents/Code/bishe/vrb/vrbreproduction/outputs/e13_engineered_homography_100subaction/experiments/E13/pipeline_outputs/subaction_30_P01_109_30/episode_21_left/frame_002905_left/contact_overlay.png,/Users/huhu/Documents/Code/bishe/vrb/vrbreproduction/outputs/e13_engineered_homography_100subaction/experiments/E13/pipeline_outputs/subaction_30_P01_109_30/episode_21_left/frame_002905_left/projection_overlay_raw_vs_snapped.png,/Users/huhu/Documents/Code/bishe/vrb/vrbreproduction/outputs/e13_engineered_homography_100subaction/experiments/E13/pipeline_outputs/subaction_30_P01_109_30/episode_21_left/frame_002905_left/homography_matches.png,/Users/huhu/Documents/Code/bishe/vrb/vrbreproduction/outputs/e13_engineered_homography_100subaction/experiments/E13/pipeline_outputs/subaction_30_P01_109_30/episode_21_left/frame_002905_left/label_heatmap_merged_overlay.png,/Users/huhu/Documents/Code/bishe/vrb/vrbreproduction/outputs/e13_engineered_homography_100subaction/experiments/E13/pipeline_outputs/subaction_30_P01_109_30/episode_21_left/frame_002905_left/vrb_style_affordance.png,/Users/huhu/Documents/Code/bishe/vrb/vrbreproduction/outputs/e13_engineered_homography_100subaction/experiments/E13/pipeline_outputs/subaction_30_P01_109_30/episode_21_left/frame_002905_left/diagnostics/problem3_ref_full_overlay.png,/Users/huhu/Documents/Code/bishe/vrb/vrbreproduction/outputs/e13_engineered_homography_100subaction/experiments/E13/pipeline_outputs/subaction_30_P01_109_30/episode_21_left/frame_002905_left/diagnostics/problem3_ref_crop.png
30,P01_109_30,rinse hands,rinse,hand,23.0,2919.0,2919.0,0.0,left,short_window_pre_contact,2918.0,1.0,1.0,1.0,4.0,0.8206374645233154,/Users/huhu/Documents/Code/bishe/vrb/vrbreproduction/outputs/e13_engineered_homography_100subaction/experiments/E13/pipeline_outputs/subaction_30_P01_109_30/episode_23_left/frame_002919_left,/Users/huhu/Documents/Code/bishe/vrb/vrbreproduction/outputs/e13_engineered_homography_100subaction/experiments/E13/pipeline_outputs/subaction_30_P01_109_30/episode_23_left/frame_002919_left/contact_frame.png,/Users/huhu/Documents/Code/bishe/vrb/vrbreproduction/outputs/e13_engineered_homography_100subaction/experiments/E13/pipeline_outputs/subaction_30_P01_109_30/episode_23_left/frame_002919_left/reference_frame.png,/Users/huhu/Documents/Code/bishe/vrb/vrbreproduction/outputs/e13_engineered_homography_100subaction/experiments/E13/pipeline_outputs/subaction_30_P01_109_30/episode_23_left/frame_002919_left/contact_overlay.png,/Users/huhu/Documents/Code/bishe/vrb/vrbreproduction/outputs/e13_engineered_homography_100subaction/experiments/E13/pipeline_outputs/subaction_30_P01_109_30/episode_23_left/frame_002919_left/projection_overlay_raw_vs_snapped.png,/Users/huhu/Documents/Code/bishe/vrb/vrbreproduction/outputs/e13_engineered_homography_100subaction/experiments/E13/pipeline_outputs/subaction_30_P01_109_30/episode_23_left/frame_002919_left/homography_matches.png,/Users/huhu/Documents/Code/bishe/vrb/vrbreproduction/outputs/e13_engineered_homography_100subaction/experiments/E13/pipeline_outputs/subaction_30_P01_109_30/episode_23_left/frame_002919_left/label_heatmap_merged_overlay.png,/Users/huhu/Documents/Code/bishe/vrb/vrbreproduction/outputs/e13_engineered_homography_100subaction/experiments/E13/pipeline_outputs/subaction_30_P01_109_30/episode_23_left/frame_002919_left/vrb_style_affordance.png,/Users/huhu/Documents/Code/bishe/vrb/vrbreproduction/outputs/e13_engineered_homography_100subaction/experiments/E13/pipeline_outputs/subaction_30_P01_109_30/episode_23_left/frame_002919_left/diagnostics/problem3_ref_full_overlay.png,/Users/huhu/Documents/Code/bishe/vrb/vrbreproduction/outputs/e13_engineered_homography_100subaction/experiments/E13/pipeline_outputs/subaction_30_P01_109_30/episode_23_left/frame_002919_left/diagnostics/problem3_ref_crop.png
30,P01_109_30,rinse hands,rinse,hand,23.0,2919.0,2920.0,1.0,left,short_window_pre_contact,2918.0,2.0,2.0,1.0,2.0,1.768471598625183,/Users/huhu/Documents/Code/bishe/vrb/vrbreproduction/outputs/e13_engineered_homography_100subaction/experiments/E13/pipeline_outputs/subaction_30_P01_109_30/episode_23_left/frame_002920_left,/Users/huhu/Documents/Code/bishe/vrb/vrbreproduction/outputs/e13_engineered_homography_100subaction/experiments/E13/pipeline_outputs/subaction_30_P01_109_30/episode_23_left/frame_002920_left/contact_frame.png,/Users/huhu/Documents/Code/bishe/vrb/vrbreproduction/outputs/e13_engineered_homography_100subaction/experiments/E13/pipeline_outputs/subaction_30_P01_109_30/episode_23_left/frame_002920_left/reference_frame.png,/Users/huhu/Documents/Code/bishe/vrb/vrbreproduction/outputs/e13_engineered_homography_100subaction/experiments/E13/pipeline_outputs/subaction_30_P01_109_30/episode_23_left/frame_002920_left/contact_overlay.png,/Users/huhu/Documents/Code/bishe/vrb/vrbreproduction/outputs/e13_engineered_homography_100subaction/experiments/E13/pipeline_outputs/subaction_30_P01_109_30/episode_23_left/frame_002920_left/projection_overlay_raw_vs_snapped.png,/Users/huhu/Documents/Code/bishe/vrb/vrbreproduction/outputs/e13_engineered_homography_100subaction/experiments/E13/pipeline_outputs/subaction_30_P01_109_30/episode_23_left/frame_002920_left/homography_matches.png,/Users/huhu/Documents/Code/bishe/vrb/vrbreproduction/outputs/e13_engineered_homography_100subaction/experiments/E13/pipeline_outputs/subaction_30_P01_109_30/episode_23_left/frame_002920_left/label_heatmap_merged_overlay.png,/Users/huhu/Documents/Code/bishe/vrb/vrbreproduction/outputs/e13_engineered_homography_100subaction/experiments/E13/pipeline_outputs/subaction_30_P01_109_30/episode_23_left/frame_002920_left/vrb_style_affordance.png,/Users/huhu/Documents/Code/bishe/vrb/vrbreproduction/outputs/e13_engineered_homography_100subaction/experiments/E13/pipeline_outputs/subaction_30_P01_109_30/episode_23_left/frame_002920_left/diagnostics/problem3_ref_full_overlay.png,/Users/huhu/Documents/Code/bishe/vrb/vrbreproduction/outputs/e13_engineered_homography_100subaction/experiments/E13/pipeline_outputs/subaction_30_P01_109_30/episode_23_left/frame_002920_left/diagnostics/problem3_ref_crop.png
30,P01_109_30,rinse hands,rinse,hand,23.0,2919.0,2921.0,2.0,left,short_window_pre_contact,2918.0,3.0,3.0,1.0,4.0,0.7490072250366211,/Users/huhu/Documents/Code/bishe/vrb/vrbreproduction/outputs/e13_engineered_homography_100subaction/experiments/E13/pipeline_outputs/subaction_30_P01_109_30/episode_23_left/frame_002921_left,/Users/huhu/Documents/Code/bishe/vrb/vrbreproduction/outputs/e13_engineered_homography_100subaction/experiments/E13/pipeline_outputs/subaction_30_P01_109_30/episode_23_left/frame_002921_left/contact_frame.png,/Users/huhu/Documents/Code/bishe/vrb/vrbreproduction/outputs/e13_engineered_homography_100subaction/experiments/E13/pipeline_outputs/subaction_30_P01_109_30/episode_23_left/frame_002921_left/reference_frame.png,/Users/huhu/Documents/Code/bishe/vrb/vrbreproduction/outputs/e13_engineered_homography_100subaction/experiments/E13/pipeline_outputs/subaction_30_P01_109_30/episode_23_left/frame_002921_left/contact_overlay.png,/Users/huhu/Documents/Code/bishe/vrb/vrbreproduction/outputs/e13_engineered_homography_100subaction/experiments/E13/pipeline_outputs/subaction_30_P01_109_30/episode_23_left/frame_002921_left/projection_overlay_raw_vs_snapped.png,/Users/huhu/Documents/Code/bishe/vrb/vrbreproduction/outputs/e13_engineered_homography_100subaction/experiments/E13/pipeline_outputs/subaction_30_P01_109_30/episode_23_left/frame_002921_left/homography_matches.png,/Users/huhu/Documents/Code/bishe/vrb/vrbreproduction/outputs/e13_engineered_homography_100subaction/experiments/E13/pipeline_outputs/subaction_30_P01_109_30/episode_23_left/frame_002921_left/label_heatmap_merged_overlay.png,/Users/huhu/Documents/Code/bishe/vrb/vrbreproduction/outputs/e13_engineered_homography_100subaction/experiments/E13/pipeline_outputs/subaction_30_P01_109_30/episode_23_left/frame_002921_left/vrb_style_affordance.png,/Users/huhu/Documents/Code/bishe/vrb/vrbreproduction/outputs/e13_engineered_homography_100subaction/experiments/E13/pipeline_outputs/subaction_30_P01_109_30/episode_23_left/frame_002921_left/diagnostics/problem3_ref_full_overlay.png,/Users/huhu/Documents/Code/bishe/vrb/vrbreproduction/outputs/e13_engineered_homography_100subaction/experiments/E13/pipeline_outputs/subaction_30_P01_109_30/episode_23_left/frame_002921_left/diagnostics/problem3_ref_crop.png
31,P01_109_31,turn off tap,turn-off,tap,1.0,2968.0,2968.0,0.0,left,short_window_pre_contact,2967.0,1.0,1.0,1.0,5.0,0.0,/Users/huhu/Documents/Code/bishe/vrb/vrbreproduction/outputs/e13_engineered_homography_100subaction/experiments/E13/pipeline_outputs/subaction_31_P01_109_31/episode_01_left/frame_002968_left,/Users/huhu/Documents/Code/bishe/vrb/vrbreproduction/outputs/e13_engineered_homography_100subaction/experiments/E13/pipeline_outputs/subaction_31_P01_109_31/episode_01_left/frame_002968_left/contact_frame.png,/Users/huhu/Documents/Code/bishe/vrb/vrbreproduction/outputs/e13_engineered_homography_100subaction/experiments/E13/pipeline_outputs/subaction_31_P01_109_31/episode_01_left/frame_002968_left/reference_frame.png,/Users/huhu/Documents/Code/bishe/vrb/vrbreproduction/outputs/e13_engineered_homography_100subaction/experiments/E13/pipeline_outputs/subaction_31_P01_109_31/episode_01_left/frame_002968_left/contact_overlay.png,/Users/huhu/Documents/Code/bishe/vrb/vrbreproduction/outputs/e13_engineered_homography_100subaction/experiments/E13/pipeline_outputs/subaction_31_P01_109_31/episode_01_left/frame_002968_left/projection_overlay_raw_vs_snapped.png,/Users/huhu/Documents/Code/bishe/vrb/vrbreproduction/outputs/e13_engineered_homography_100subaction/experiments/E13/pipeline_outputs/subaction_31_P01_109_31/episode_01_left/frame_002968_left/homography_matches.png,/Users/huhu/Documents/Code/bishe/vrb/vrbreproduction/outputs/e13_engineered_homography_100subaction/experiments/E13/pipeline_outputs/subaction_31_P01_109_31/episode_01_left/frame_002968_left/label_heatmap_merged_overlay.png,/Users/huhu/Documents/Code/bishe/vrb/vrbreproduction/outputs/e13_engineered_homography_100subaction/experiments/E13/pipeline_outputs/subaction_31_P01_109_31/episode_01_left/frame_002968_left/vrb_style_affordance.png,/Users/huhu/Documents/Code/bishe/vrb/vrbreproduction/outputs/e13_engineered_homography_100subaction/experiments/E13/pipeline_outputs/subaction_31_P01_109_31/episode_01_left/frame_002968_left/diagnostics/problem3_ref_full_overlay.png,/Users/huhu/Documents/Code/bishe/vrb/vrbreproduction/outputs/e13_engineered_homography_100subaction/experiments/E13/pipeline_outputs/subaction_31_P01_109_31/episode_01_left/frame_002968_left/diagnostics/problem3_ref_crop.png
31,P01_109_31,turn off tap,turn-off,tap,1.0,2968.0,2970.0,2.0,left,short_window_pre_contact,2967.0,3.0,3.0,1.0,0.0,3.4154672622680664,/Users/huhu/Documents/Code/bishe/vrb/vrbreproduction/outputs/e13_engineered_homography_100subaction/experiments/E13/pipeline_outputs/subaction_31_P01_109_31/episode_01_left/frame_002970_left,/Users/huhu/Documents/Code/bishe/vrb/vrbreproduction/outputs/e13_engineered_homography_100subaction/experiments/E13/pipeline_outputs/subaction_31_P01_109_31/episode_01_left/frame_002970_left/contact_frame.png,/Users/huhu/Documents/Code/bishe/vrb/vrbreproduction/outputs/e13_engineered_homography_100subaction/experiments/E13/pipeline_outputs/subaction_31_P01_109_31/episode_01_left/frame_002970_left/reference_frame.png,/Users/huhu/Documents/Code/bishe/vrb/vrbreproduction/outputs/e13_engineered_homography_100subaction/experiments/E13/pipeline_outputs/subaction_31_P01_109_31/episode_01_left/frame_002970_left/contact_overlay.png,/Users/huhu/Documents/Code/bishe/vrb/vrbreproduction/outputs/e13_engineered_homography_100subaction/experiments/E13/pipeline_outputs/subaction_31_P01_109_31/episode_01_left/frame_002970_left/projection_overlay_raw_vs_snapped.png,/Users/huhu/Documents/Code/bishe/vrb/vrbreproduction/outputs/e13_engineered_homography_100subaction/experiments/E13/pipeline_outputs/subaction_31_P01_109_31/episode_01_left/frame_002970_left/homography_matches.png,/Users/huhu/Documents/Code/bishe/vrb/vrbreproduction/outputs/e13_engineered_homography_100subaction/experiments/E13/pipeline_outputs/subaction_31_P01_109_31/episode_01_left/frame_002970_left/label_heatmap_merged_overlay.png,/Users/huhu/Documents/Code/bishe/vrb/vrbreproduction/outputs/e13_engineered_homography_100subaction/experiments/E13/pipeline_outputs/subaction_31_P01_109_31/episode_01_left/frame_002970_left/vrb_style_affordance.png,/Users/huhu/Documents/Code/bishe/vrb/vrbreproduction/outputs/e13_engineered_homography_100subaction/experiments/E13/pipeline_outputs/subaction_31_P01_109_31/episode_01_left/frame_002970_left/diagnostics/problem3_ref_full_overlay.png,/Users/huhu/Documents/Code/bishe/vrb/vrbreproduction/outputs/e13_engineered_homography_100subaction/experiments/E13/pipeline_outputs/subaction_31_P01_109_31/episode_01_left/frame_002970_left/diagnostics/problem3_ref_crop.png
32,P01_109_32,shake hands,shake,hand,1.0,3009.0,3009.0,0.0,left,short_window_pre_contact,3008.0,1.0,1.0,1.0,4.0,0.8065010905265808,/Users/huhu/Documents/Code/bishe/vrb/vrbreproduction/outputs/e13_engineered_homography_100subaction/experiments/E13/pipeline_outputs/subaction_32_P01_109_32/episode_01_left/frame_003009_left,/Users/huhu/Documents/Code/bishe/vrb/vrbreproduction/outputs/e13_engineered_homography_100subaction/experiments/E13/pipeline_outputs/subaction_32_P01_109_32/episode_01_left/frame_003009_left/contact_frame.png,/Users/huhu/Documents/Code/bishe/vrb/vrbreproduction/outputs/e13_engineered_homography_100subaction/experiments/E13/pipeline_outputs/subaction_32_P01_109_32/episode_01_left/frame_003009_left/reference_frame.png,/Users/huhu/Documents/Code/bishe/vrb/vrbreproduction/outputs/e13_engineered_homography_100subaction/experiments/E13/pipeline_outputs/subaction_32_P01_109_32/episode_01_left/frame_003009_left/contact_overlay.png,/Users/huhu/Documents/Code/bishe/vrb/vrbreproduction/outputs/e13_engineered_homography_100subaction/experiments/E13/pipeline_outputs/subaction_32_P01_109_32/episode_01_left/frame_003009_left/projection_overlay_raw_vs_snapped.png,/Users/huhu/Documents/Code/bishe/vrb/vrbreproduction/outputs/e13_engineered_homography_100subaction/experiments/E13/pipeline_outputs/subaction_32_P01_109_32/episode_01_left/frame_003009_left/homography_matches.png,/Users/huhu/Documents/Code/bishe/vrb/vrbreproduction/outputs/e13_engineered_homography_100subaction/experiments/E13/pipeline_outputs/subaction_32_P01_109_32/episode_01_left/frame_003009_left/label_heatmap_merged_overlay.png,/Users/huhu/Documents/Code/bishe/vrb/vrbreproduction/outputs/e13_engineered_homography_100subaction/experiments/E13/pipeline_outputs/subaction_32_P01_109_32/episode_01_left/frame_003009_left/vrb_style_affordance.png,/Users/huhu/Documents/Code/bishe/vrb/vrbreproduction/outputs/e13_engineered_homography_100subaction/experiments/E13/pipeline_outputs/subaction_32_P01_109_32/episode_01_left/frame_003009_left/diagnostics/problem3_ref_full_overlay.png,/Users/huhu/Documents/Code/bishe/vrb/vrbreproduction/outputs/e13_engineered_homography_100subaction/experiments/E13/pipeline_outputs/subaction_32_P01_109_32/episode_01_left/frame_003009_left/diagnostics/problem3_ref_crop.png
33,P01_109_33,pick up cloth,pick-up,cloth,1.0,3088.0,3088.0,0.0,left,short_window_pre_contact,3087.0,1.0,1.0,1.0,0.0,1.588043451309204,/Users/huhu/Documents/Code/bishe/vrb/vrbreproduction/outputs/e13_engineered_homography_100subaction/experiments/E13/pipeline_outputs/subaction_33_P01_109_33/episode_01_left/frame_003088_left,/Users/huhu/Documents/Code/bishe/vrb/vrbreproduction/outputs/e13_engineered_homography_100subaction/experiments/E13/pipeline_outputs/subaction_33_P01_109_33/episode_01_left/frame_003088_left/contact_frame.png,/Users/huhu/Documents/Code/bishe/vrb/vrbreproduction/outputs/e13_engineered_homography_100subaction/experiments/E13/pipeline_outputs/subaction_33_P01_109_33/episode_01_left/frame_003088_left/reference_frame.png,/Users/huhu/Documents/Code/bishe/vrb/vrbreproduction/outputs/e13_engineered_homography_100subaction/experiments/E13/pipeline_outputs/subaction_33_P01_109_33/episode_01_left/frame_003088_left/contact_overlay.png,/Users/huhu/Documents/Code/bishe/vrb/vrbreproduction/outputs/e13_engineered_homography_100subaction/experiments/E13/pipeline_outputs/subaction_33_P01_109_33/episode_01_left/frame_003088_left/projection_overlay_raw_vs_snapped.png,/Users/huhu/Documents/Code/bishe/vrb/vrbreproduction/outputs/e13_engineered_homography_100subaction/experiments/E13/pipeline_outputs/subaction_33_P01_109_33/episode_01_left/frame_003088_left/homography_matches.png,/Users/huhu/Documents/Code/bishe/vrb/vrbreproduction/outputs/e13_engineered_homography_100subaction/experiments/E13/pipeline_outputs/subaction_33_P01_109_33/episode_01_left/frame_003088_left/label_heatmap_merged_overlay.png,/Users/huhu/Documents/Code/bishe/vrb/vrbreproduction/outputs/e13_engineered_homography_100subaction/experiments/E13/pipeline_outputs/subaction_33_P01_109_33/episode_01_left/frame_003088_left/vrb_style_affordance.png,/Users/huhu/Documents/Code/bishe/vrb/vrbreproduction/outputs/e13_engineered_homography_100subaction/experiments/E13/pipeline_outputs/subaction_33_P01_109_33/episode_01_left/frame_003088_left/diagnostics/problem3_ref_full_overlay.png,/Users/huhu/Documents/Code/bishe/vrb/vrbreproduction/outputs/e13_engineered_homography_100subaction/experiments/E13/pipeline_outputs/subaction_33_P01_109_33/episode_01_left/frame_003088_left/diagnostics/problem3_ref_crop.png
33,P01_109_33,pick up cloth,pick-up,cloth,1.0,3088.0,3089.0,1.0,left,short_window_pre_contact,3087.0,2.0,2.0,1.0,2.0,1.0635170936584473,/Users/huhu/Documents/Code/bishe/vrb/vrbreproduction/outputs/e13_engineered_homography_100subaction/experiments/E13/pipeline_outputs/subaction_33_P01_109_33/episode_01_left/frame_003089_left,/Users/huhu/Documents/Code/bishe/vrb/vrbreproduction/outputs/e13_engineered_homography_100subaction/experiments/E13/pipeline_outputs/subaction_33_P01_109_33/episode_01_left/frame_003089_left/contact_frame.png,/Users/huhu/Documents/Code/bishe/vrb/vrbreproduction/outputs/e13_engineered_homography_100subaction/experiments/E13/pipeline_outputs/subaction_33_P01_109_33/episode_01_left/frame_003089_left/reference_frame.png,/Users/huhu/Documents/Code/bishe/vrb/vrbreproduction/outputs/e13_engineered_homography_100subaction/experiments/E13/pipeline_outputs/subaction_33_P01_109_33/episode_01_left/frame_003089_left/contact_overlay.png,/Users/huhu/Documents/Code/bishe/vrb/vrbreproduction/outputs/e13_engineered_homography_100subaction/experiments/E13/pipeline_outputs/subaction_33_P01_109_33/episode_01_left/frame_003089_left/projection_overlay_raw_vs_snapped.png,/Users/huhu/Documents/Code/bishe/vrb/vrbreproduction/outputs/e13_engineered_homography_100subaction/experiments/E13/pipeline_outputs/subaction_33_P01_109_33/episode_01_left/frame_003089_left/homography_matches.png,/Users/huhu/Documents/Code/bishe/vrb/vrbreproduction/outputs/e13_engineered_homography_100subaction/experiments/E13/pipeline_outputs/subaction_33_P01_109_33/episode_01_left/frame_003089_left/label_heatmap_merged_overlay.png,/Users/huhu/Documents/Code/bishe/vrb/vrbreproduction/outputs/e13_engineered_homography_100subaction/experiments/E13/pipeline_outputs/subaction_33_P01_109_33/episode_01_left/frame_003089_left/vrb_style_affordance.png,/Users/huhu/Documents/Code/bishe/vrb/vrbreproduction/outputs/e13_engineered_homography_100subaction/experiments/E13/pipeline_outputs/subaction_33_P01_109_33/episode_01_left/frame_003089_left/diagnostics/problem3_ref_full_overlay.png,/Users/huhu/Documents/Code/bishe/vrb/vrbreproduction/outputs/e13_engineered_homography_100subaction/experiments/E13/pipeline_outputs/subaction_33_P01_109_33/episode_01_left/frame_003089_left/diagnostics/problem3_ref_crop.png
33,P01_109_33,pick up cloth,pick-up,cloth,1.0,3088.0,3090.0,2.0,left,short_window_pre_contact,3087.0,3.0,3.0,1.0,2.0,1.9823802709579468,/Users/huhu/Documents/Code/bishe/vrb/vrbreproduction/outputs/e13_engineered_homography_100subaction/experiments/E13/pipeline_outputs/subaction_33_P01_109_33/episode_01_left/frame_003090_left,/Users/huhu/Documents/Code/bishe/vrb/vrbreproduction/outputs/e13_engineered_homography_100subaction/experiments/E13/pipeline_outputs/subaction_33_P01_109_33/episode_01_left/frame_003090_left/contact_frame.png,/Users/huhu/Documents/Code/bishe/vrb/vrbreproduction/outputs/e13_engineered_homography_100subaction/experiments/E13/pipeline_outputs/subaction_33_P01_109_33/episode_01_left/frame_003090_left/reference_frame.png,/Users/huhu/Documents/Code/bishe/vrb/vrbreproduction/outputs/e13_engineered_homography_100subaction/experiments/E13/pipeline_outputs/subaction_33_P01_109_33/episode_01_left/frame_003090_left/contact_overlay.png,/Users/huhu/Documents/Code/bishe/vrb/vrbreproduction/outputs/e13_engineered_homography_100subaction/experiments/E13/pipeline_outputs/subaction_33_P01_109_33/episode_01_left/frame_003090_left/projection_overlay_raw_vs_snapped.png,/Users/huhu/Documents/Code/bishe/vrb/vrbreproduction/outputs/e13_engineered_homography_100subaction/experiments/E13/pipeline_outputs/subaction_33_P01_109_33/episode_01_left/frame_003090_left/homography_matches.png,/Users/huhu/Documents/Code/bishe/vrb/vrbreproduction/outputs/e13_engineered_homography_100subaction/experiments/E13/pipeline_outputs/subaction_33_P01_109_33/episode_01_left/frame_003090_left/label_heatmap_merged_overlay.png,/Users/huhu/Documents/Code/bishe/vrb/vrbreproduction/outputs/e13_engineered_homography_100subaction/experiments/E13/pipeline_outputs/subaction_33_P01_109_33/episode_01_left/frame_003090_left/vrb_style_affordance.png,/Users/huhu/Documents/Code/bishe/vrb/vrbreproduction/outputs/e13_engineered_homography_100subaction/experiments/E13/pipeline_outputs/subaction_33_P01_109_33/episode_01_left/frame_003090_left/diagnostics/problem3_ref_full_overlay.png,/Users/huhu/Documents/Code/bishe/vrb/vrbreproduction/outputs/e13_engineered_homography_100subaction/experiments/E13/pipeline_outputs/subaction_33_P01_109_33/episode_01_left/frame_003090_left/diagnostics/problem3_ref_crop.png
34,P01_109_34,dry hands,dry,hand,4.0,3167.0,3169.0,2.0,left,short_window_pre_contact,3166.0,3.0,3.0,1.0,5.0,0.0,/Users/huhu/Documents/Code/bishe/vrb/vrbreproduction/outputs/e13_engineered_homography_100subaction/experiments/E13/pipeline_outputs/subaction_34_P01_109_34/episode_04_left/frame_003169_left,/Users/huhu/Documents/Code/bishe/vrb/vrbreproduction/outputs/e13_engineered_homography_100subaction/experiments/E13/pipeline_outputs/subaction_34_P01_109_34/episode_04_left/frame_003169_left/contact_frame.png,/Users/huhu/Documents/Code/bishe/vrb/vrbreproduction/outputs/e13_engineered_homography_100subaction/experiments/E13/pipeline_outputs/subaction_34_P01_109_34/episode_04_left/frame_003169_left/reference_frame.png,/Users/huhu/Documents/Code/bishe/vrb/vrbreproduction/outputs/e13_engineered_homography_100subaction/experiments/E13/pipeline_outputs/subaction_34_P01_109_34/episode_04_left/frame_003169_left/contact_overlay.png,/Users/huhu/Documents/Code/bishe/vrb/vrbreproduction/outputs/e13_engineered_homography_100subaction/experiments/E13/pipeline_outputs/subaction_34_P01_109_34/episode_04_left/frame_003169_left/projection_overlay_raw_vs_snapped.png,/Users/huhu/Documents/Code/bishe/vrb/vrbreproduction/outputs/e13_engineered_homography_100subaction/experiments/E13/pipeline_outputs/subaction_34_P01_109_34/episode_04_left/frame_003169_left/homography_matches.png,/Users/huhu/Documents/Code/bishe/vrb/vrbreproduction/outputs/e13_engineered_homography_100subaction/experiments/E13/pipeline_outputs/subaction_34_P01_109_34/episode_04_left/frame_003169_left/label_heatmap_merged_overlay.png,/Users/huhu/Documents/Code/bishe/vrb/vrbreproduction/outputs/e13_engineered_homography_100subaction/experiments/E13/pipeline_outputs/subaction_34_P01_109_34/episode_04_left/frame_003169_left/vrb_style_affordance.png,/Users/huhu/Documents/Code/bishe/vrb/vrbreproduction/outputs/e13_engineered_homography_100subaction/experiments/E13/pipeline_outputs/subaction_34_P01_109_34/episode_04_left/frame_003169_left/diagnostics/problem3_ref_full_overlay.png,/Users/huhu/Documents/Code/bishe/vrb/vrbreproduction/outputs/e13_engineered_homography_100subaction/experiments/E13/pipeline_outputs/subaction_34_P01_109_34/episode_04_left/frame_003169_left/diagnostics/problem3_ref_crop.png
34,P01_109_34,dry hands,dry,hand,6.0,3175.0,3175.0,0.0,right,short_window_pre_contact,3174.0,1.0,1.0,1.0,2.0,7.119648456573486,/Users/huhu/Documents/Code/bishe/vrb/vrbreproduction/outputs/e13_engineered_homography_100subaction/experiments/E13/pipeline_outputs/subaction_34_P01_109_34/episode_06_right/frame_003175_right,/Users/huhu/Documents/Code/bishe/vrb/vrbreproduction/outputs/e13_engineered_homography_100subaction/experiments/E13/pipeline_outputs/subaction_34_P01_109_34/episode_06_right/frame_003175_right/contact_frame.png,/Users/huhu/Documents/Code/bishe/vrb/vrbreproduction/outputs/e13_engineered_homography_100subaction/experiments/E13/pipeline_outputs/subaction_34_P01_109_34/episode_06_right/frame_003175_right/reference_frame.png,/Users/huhu/Documents/Code/bishe/vrb/vrbreproduction/outputs/e13_engineered_homography_100subaction/experiments/E13/pipeline_outputs/subaction_34_P01_109_34/episode_06_right/frame_003175_right/contact_overlay.png,/Users/huhu/Documents/Code/bishe/vrb/vrbreproduction/outputs/e13_engineered_homography_100subaction/experiments/E13/pipeline_outputs/subaction_34_P01_109_34/episode_06_right/frame_003175_right/projection_overlay_raw_vs_snapped.png,/Users/huhu/Documents/Code/bishe/vrb/vrbreproduction/outputs/e13_engineered_homography_100subaction/experiments/E13/pipeline_outputs/subaction_34_P01_109_34/episode_06_right/frame_003175_right/homography_matches.png,/Users/huhu/Documents/Code/bishe/vrb/vrbreproduction/outputs/e13_engineered_homography_100subaction/experiments/E13/pipeline_outputs/subaction_34_P01_109_34/episode_06_right/frame_003175_right/label_heatmap_merged_overlay.png,/Users/huhu/Documents/Code/bishe/vrb/vrbreproduction/outputs/e13_engineered_homography_100subaction/experiments/E13/pipeline_outputs/subaction_34_P01_109_34/episode_06_right/frame_003175_right/vrb_style_affordance.png,/Users/huhu/Documents/Code/bishe/vrb/vrbreproduction/outputs/e13_engineered_homography_100subaction/experiments/E13/pipeline_outputs/subaction_34_P01_109_34/episode_06_right/frame_003175_right/diagnostics/problem3_ref_full_overlay.png,/Users/huhu/Documents/Code/bishe/vrb/vrbreproduction/outputs/e13_engineered_homography_100subaction/experiments/E13/pipeline_outputs/subaction_34_P01_109_34/episode_06_right/frame_003175_right/diagnostics/problem3_ref_crop.png
34,P01_109_34,dry hands,dry,hand,6.0,3175.0,3176.0,1.0,right,short_window_pre_contact,3174.0,2.0,2.0,1.0,1.0,10.573447227478027,/Users/huhu/Documents/Code/bishe/vrb/vrbreproduction/outputs/e13_engineered_homography_100subaction/experiments/E13/pipeline_outputs/subaction_34_P01_109_34/episode_06_right/frame_003176_right,/Users/huhu/Documents/Code/bishe/vrb/vrbreproduction/outputs/e13_engineered_homography_100subaction/experiments/E13/pipeline_outputs/subaction_34_P01_109_34/episode_06_right/frame_003176_right/contact_frame.png,/Users/huhu/Documents/Code/bishe/vrb/vrbreproduction/outputs/e13_engineered_homography_100subaction/experiments/E13/pipeline_outputs/subaction_34_P01_109_34/episode_06_right/frame_003176_right/reference_frame.png,/Users/huhu/Documents/Code/bishe/vrb/vrbreproduction/outputs/e13_engineered_homography_100subaction/experiments/E13/pipeline_outputs/subaction_34_P01_109_34/episode_06_right/frame_003176_right/contact_overlay.png,/Users/huhu/Documents/Code/bishe/vrb/vrbreproduction/outputs/e13_engineered_homography_100subaction/experiments/E13/pipeline_outputs/subaction_34_P01_109_34/episode_06_right/frame_003176_right/projection_overlay_raw_vs_snapped.png,/Users/huhu/Documents/Code/bishe/vrb/vrbreproduction/outputs/e13_engineered_homography_100subaction/experiments/E13/pipeline_outputs/subaction_34_P01_109_34/episode_06_right/frame_003176_right/homography_matches.png,/Users/huhu/Documents/Code/bishe/vrb/vrbreproduction/outputs/e13_engineered_homography_100subaction/experiments/E13/pipeline_outputs/subaction_34_P01_109_34/episode_06_right/frame_003176_right/label_heatmap_merged_overlay.png,/Users/huhu/Documents/Code/bishe/vrb/vrbreproduction/outputs/e13_engineered_homography_100subaction/experiments/E13/pipeline_outputs/subaction_34_P01_109_34/episode_06_right/frame_003176_right/vrb_style_affordance.png,/Users/huhu/Documents/Code/bishe/vrb/vrbreproduction/outputs/e13_engineered_homography_100subaction/experiments/E13/pipeline_outputs/subaction_34_P01_109_34/episode_06_right/frame_003176_right/diagnostics/problem3_ref_full_overlay.png,/Users/huhu/Documents/Code/bishe/vrb/vrbreproduction/outputs/e13_engineered_homography_100subaction/experiments/E13/pipeline_outputs/subaction_34_P01_109_34/episode_06_right/frame_003176_right/diagnostics/problem3_ref_crop.png
34,P01_109_34,dry hands,dry,hand,8.0,3187.0,3187.0,0.0,right,short_window_pre_contact,3186.0,1.0,1.0,1.0,5.0,0.0,/Users/huhu/Documents/Code/bishe/vrb/vrbreproduction/outputs/e13_engineered_homography_100subaction/experiments/E13/pipeline_outputs/subaction_34_P01_109_34/episode_08_right/frame_003187_right,/Users/huhu/Documents/Code/bishe/vrb/vrbreproduction/outputs/e13_engineered_homography_100subaction/experiments/E13/pipeline_outputs/subaction_34_P01_109_34/episode_08_right/frame_003187_right/contact_frame.png,/Users/huhu/Documents/Code/bishe/vrb/vrbreproduction/outputs/e13_engineered_homography_100subaction/experiments/E13/pipeline_outputs/subaction_34_P01_109_34/episode_08_right/frame_003187_right/reference_frame.png,/Users/huhu/Documents/Code/bishe/vrb/vrbreproduction/outputs/e13_engineered_homography_100subaction/experiments/E13/pipeline_outputs/subaction_34_P01_109_34/episode_08_right/frame_003187_right/contact_overlay.png,/Users/huhu/Documents/Code/bishe/vrb/vrbreproduction/outputs/e13_engineered_homography_100subaction/experiments/E13/pipeline_outputs/subaction_34_P01_109_34/episode_08_right/frame_003187_right/projection_overlay_raw_vs_snapped.png,/Users/huhu/Documents/Code/bishe/vrb/vrbreproduction/outputs/e13_engineered_homography_100subaction/experiments/E13/pipeline_outputs/subaction_34_P01_109_34/episode_08_right/frame_003187_right/homography_matches.png,/Users/huhu/Documents/Code/bishe/vrb/vrbreproduction/outputs/e13_engineered_homography_100subaction/experiments/E13/pipeline_outputs/subaction_34_P01_109_34/episode_08_right/frame_003187_right/label_heatmap_merged_overlay.png,/Users/huhu/Documents/Code/bishe/vrb/vrbreproduction/outputs/e13_engineered_homography_100subaction/experiments/E13/pipeline_outputs/subaction_34_P01_109_34/episode_08_right/frame_003187_right/vrb_style_affordance.png,/Users/huhu/Documents/Code/bishe/vrb/vrbreproduction/outputs/e13_engineered_homography_100subaction/experiments/E13/pipeline_outputs/subaction_34_P01_109_34/episode_08_right/frame_003187_right/diagnostics/problem3_ref_full_overlay.png,/Users/huhu/Documents/Code/bishe/vrb/vrbreproduction/outputs/e13_engineered_homography_100subaction/experiments/E13/pipeline_outputs/subaction_34_P01_109_34/episode_08_right/frame_003187_right/diagnostics/problem3_ref_crop.png
34,P01_109_34,dry hands,dry,hand,8.0,3187.0,3188.0,1.0,right,short_window_pre_contact,3186.0,2.0,2.0,1.0,5.0,0.0,/Users/huhu/Documents/Code/bishe/vrb/vrbreproduction/outputs/e13_engineered_homography_100subaction/experiments/E13/pipeline_outputs/subaction_34_P01_109_34/episode_08_right/frame_003188_right,/Users/huhu/Documents/Code/bishe/vrb/vrbreproduction/outputs/e13_engineered_homography_100subaction/experiments/E13/pipeline_outputs/subaction_34_P01_109_34/episode_08_right/frame_003188_right/contact_frame.png,/Users/huhu/Documents/Code/bishe/vrb/vrbreproduction/outputs/e13_engineered_homography_100subaction/experiments/E13/pipeline_outputs/subaction_34_P01_109_34/episode_08_right/frame_003188_right/reference_frame.png,/Users/huhu/Documents/Code/bishe/vrb/vrbreproduction/outputs/e13_engineered_homography_100subaction/experiments/E13/pipeline_outputs/subaction_34_P01_109_34/episode_08_right/frame_003188_right/contact_overlay.png,/Users/huhu/Documents/Code/bishe/vrb/vrbreproduction/outputs/e13_engineered_homography_100subaction/experiments/E13/pipeline_outputs/subaction_34_P01_109_34/episode_08_right/frame_003188_right/projection_overlay_raw_vs_snapped.png,/Users/huhu/Documents/Code/bishe/vrb/vrbreproduction/outputs/e13_engineered_homography_100subaction/experiments/E13/pipeline_outputs/subaction_34_P01_109_34/episode_08_right/frame_003188_right/homography_matches.png,/Users/huhu/Documents/Code/bishe/vrb/vrbreproduction/outputs/e13_engineered_homography_100subaction/experiments/E13/pipeline_outputs/subaction_34_P01_109_34/episode_08_right/frame_003188_right/label_heatmap_merged_overlay.png,/Users/huhu/Documents/Code/bishe/vrb/vrbreproduction/outputs/e13_engineered_homography_100subaction/experiments/E13/pipeline_outputs/subaction_34_P01_109_34/episode_08_right/frame_003188_right/vrb_style_affordance.png,/Users/huhu/Documents/Code/bishe/vrb/vrbreproduction/outputs/e13_engineered_homography_100subaction/experiments/E13/pipeline_outputs/subaction_34_P01_109_34/episode_08_right/frame_003188_right/diagnostics/problem3_ref_full_overlay.png,/Users/huhu/Documents/Code/bishe/vrb/vrbreproduction/outputs/e13_engineered_homography_100subaction/experiments/E13/pipeline_outputs/subaction_34_P01_109_34/episode_08_right/frame_003188_right/diagnostics/problem3_ref_crop.png
34,P01_109_34,dry hands,dry,hand,10.0,3195.0,3195.0,0.0,left,short_window_pre_contact,3194.0,1.0,1.0,1.0,5.0,0.0,/Users/huhu/Documents/Code/bishe/vrb/vrbreproduction/outputs/e13_engineered_homography_100subaction/experiments/E13/pipeline_outputs/subaction_34_P01_109_34/episode_10_left/frame_003195_left,/Users/huhu/Documents/Code/bishe/vrb/vrbreproduction/outputs/e13_engineered_homography_100subaction/experiments/E13/pipeline_outputs/subaction_34_P01_109_34/episode_10_left/frame_003195_left/contact_frame.png,/Users/huhu/Documents/Code/bishe/vrb/vrbreproduction/outputs/e13_engineered_homography_100subaction/experiments/E13/pipeline_outputs/subaction_34_P01_109_34/episode_10_left/frame_003195_left/reference_frame.png,/Users/huhu/Documents/Code/bishe/vrb/vrbreproduction/outputs/e13_engineered_homography_100subaction/experiments/E13/pipeline_outputs/subaction_34_P01_109_34/episode_10_left/frame_003195_left/contact_overlay.png,/Users/huhu/Documents/Code/bishe/vrb/vrbreproduction/outputs/e13_engineered_homography_100subaction/experiments/E13/pipeline_outputs/subaction_34_P01_109_34/episode_10_left/frame_003195_left/projection_overlay_raw_vs_snapped.png,/Users/huhu/Documents/Code/bishe/vrb/vrbreproduction/outputs/e13_engineered_homography_100subaction/experiments/E13/pipeline_outputs/subaction_34_P01_109_34/episode_10_left/frame_003195_left/homography_matches.png,/Users/huhu/Documents/Code/bishe/vrb/vrbreproduction/outputs/e13_engineered_homography_100subaction/experiments/E13/pipeline_outputs/subaction_34_P01_109_34/episode_10_left/frame_003195_left/label_heatmap_merged_overlay.png,/Users/huhu/Documents/Code/bishe/vrb/vrbreproduction/outputs/e13_engineered_homography_100subaction/experiments/E13/pipeline_outputs/subaction_34_P01_109_34/episode_10_left/frame_003195_left/vrb_style_affordance.png,/Users/huhu/Documents/Code/bishe/vrb/vrbreproduction/outputs/e13_engineered_homography_100subaction/experiments/E13/pipeline_outputs/subaction_34_P01_109_34/episode_10_left/frame_003195_left/diagnostics/problem3_ref_full_overlay.png,/Users/huhu/Documents/Code/bishe/vrb/vrbreproduction/outputs/e13_engineered_homography_100subaction/experiments/E13/pipeline_outputs/subaction_34_P01_109_34/episode_10_left/frame_003195_left/diagnostics/problem3_ref_crop.png
34,P01_109_34,dry hands,dry,hand,10.0,3195.0,3196.0,1.0,left,short_window_pre_contact,3194.0,2.0,2.0,1.0,5.0,0.0,/Users/huhu/Documents/Code/bishe/vrb/vrbreproduction/outputs/e13_engineered_homography_100subaction/experiments/E13/pipeline_outputs/subaction_34_P01_109_34/episode_10_left/frame_003196_left,/Users/huhu/Documents/Code/bishe/vrb/vrbreproduction/outputs/e13_engineered_homography_100subaction/experiments/E13/pipeline_outputs/subaction_34_P01_109_34/episode_10_left/frame_003196_left/contact_frame.png,/Users/huhu/Documents/Code/bishe/vrb/vrbreproduction/outputs/e13_engineered_homography_100subaction/experiments/E13/pipeline_outputs/subaction_34_P01_109_34/episode_10_left/frame_003196_left/reference_frame.png,/Users/huhu/Documents/Code/bishe/vrb/vrbreproduction/outputs/e13_engineered_homography_100subaction/experiments/E13/pipeline_outputs/subaction_34_P01_109_34/episode_10_left/frame_003196_left/contact_overlay.png,/Users/huhu/Documents/Code/bishe/vrb/vrbreproduction/outputs/e13_engineered_homography_100subaction/experiments/E13/pipeline_outputs/subaction_34_P01_109_34/episode_10_left/frame_003196_left/projection_overlay_raw_vs_snapped.png,/Users/huhu/Documents/Code/bishe/vrb/vrbreproduction/outputs/e13_engineered_homography_100subaction/experiments/E13/pipeline_outputs/subaction_34_P01_109_34/episode_10_left/frame_003196_left/homography_matches.png,/Users/huhu/Documents/Code/bishe/vrb/vrbreproduction/outputs/e13_engineered_homography_100subaction/experiments/E13/pipeline_outputs/subaction_34_P01_109_34/episode_10_left/frame_003196_left/label_heatmap_merged_overlay.png,/Users/huhu/Documents/Code/bishe/vrb/vrbreproduction/outputs/e13_engineered_homography_100subaction/experiments/E13/pipeline_outputs/subaction_34_P01_109_34/episode_10_left/frame_003196_left/vrb_style_affordance.png,/Users/huhu/Documents/Code/bishe/vrb/vrbreproduction/outputs/e13_engineered_homography_100subaction/experiments/E13/pipeline_outputs/subaction_34_P01_109_34/episode_10_left/frame_003196_left/diagnostics/problem3_ref_full_overlay.png,/Users/huhu/Documents/Code/bishe/vrb/vrbreproduction/outputs/e13_engineered_homography_100subaction/experiments/E13/pipeline_outputs/subaction_34_P01_109_34/episode_10_left/frame_003196_left/diagnostics/problem3_ref_crop.png
34,P01_109_34,dry hands,dry,hand,10.0,3195.0,3197.0,2.0,left,short_window_pre_contact,3194.0,3.0,3.0,1.0,4.0,12.597004890441895,/Users/huhu/Documents/Code/bishe/vrb/vrbreproduction/outputs/e13_engineered_homography_100subaction/experiments/E13/pipeline_outputs/subaction_34_P01_109_34/episode_10_left/frame_003197_left,/Users/huhu/Documents/Code/bishe/vrb/vrbreproduction/outputs/e13_engineered_homography_100subaction/experiments/E13/pipeline_outputs/subaction_34_P01_109_34/episode_10_left/frame_003197_left/contact_frame.png,/Users/huhu/Documents/Code/bishe/vrb/vrbreproduction/outputs/e13_engineered_homography_100subaction/experiments/E13/pipeline_outputs/subaction_34_P01_109_34/episode_10_left/frame_003197_left/reference_frame.png,/Users/huhu/Documents/Code/bishe/vrb/vrbreproduction/outputs/e13_engineered_homography_100subaction/experiments/E13/pipeline_outputs/subaction_34_P01_109_34/episode_10_left/frame_003197_left/contact_overlay.png,/Users/huhu/Documents/Code/bishe/vrb/vrbreproduction/outputs/e13_engineered_homography_100subaction/experiments/E13/pipeline_outputs/subaction_34_P01_109_34/episode_10_left/frame_003197_left/projection_overlay_raw_vs_snapped.png,/Users/huhu/Documents/Code/bishe/vrb/vrbreproduction/outputs/e13_engineered_homography_100subaction/experiments/E13/pipeline_outputs/subaction_34_P01_109_34/episode_10_left/frame_003197_left/homography_matches.png,/Users/huhu/Documents/Code/bishe/vrb/vrbreproduction/outputs/e13_engineered_homography_100subaction/experiments/E13/pipeline_outputs/subaction_34_P01_109_34/episode_10_left/frame_003197_left/label_heatmap_merged_overlay.png,/Users/huhu/Documents/Code/bishe/vrb/vrbreproduction/outputs/e13_engineered_homography_100subaction/experiments/E13/pipeline_outputs/subaction_34_P01_109_34/episode_10_left/frame_003197_left/vrb_style_affordance.png,/Users/huhu/Documents/Code/bishe/vrb/vrbreproduction/outputs/e13_engineered_homography_100subaction/experiments/E13/pipeline_outputs/subaction_34_P01_109_34/episode_10_left/frame_003197_left/diagnostics/problem3_ref_full_overlay.png,/Users/huhu/Documents/Code/bishe/vrb/vrbreproduction/outputs/e13_engineered_homography_100subaction/experiments/E13/pipeline_outputs/subaction_34_P01_109_34/episode_10_left/frame_003197_left/diagnostics/problem3_ref_crop.png
34,P01_109_34,dry hands,dry,hand,14.0,3245.0,3245.0,0.0,right,short_window_pre_contact,3244.0,1.0,1.0,1.0,1.0,4.968585968017578,/Users/huhu/Documents/Code/bishe/vrb/vrbreproduction/outputs/e13_engineered_homography_100subaction/experiments/E13/pipeline_outputs/subaction_34_P01_109_34/episode_14_right/frame_003245_right,/Users/huhu/Documents/Code/bishe/vrb/vrbreproduction/outputs/e13_engineered_homography_100subaction/experiments/E13/pipeline_outputs/subaction_34_P01_109_34/episode_14_right/frame_003245_right/contact_frame.png,/Users/huhu/Documents/Code/bishe/vrb/vrbreproduction/outputs/e13_engineered_homography_100subaction/experiments/E13/pipeline_outputs/subaction_34_P01_109_34/episode_14_right/frame_003245_right/reference_frame.png,/Users/huhu/Documents/Code/bishe/vrb/vrbreproduction/outputs/e13_engineered_homography_100subaction/experiments/E13/pipeline_outputs/subaction_34_P01_109_34/episode_14_right/frame_003245_right/contact_overlay.png,/Users/huhu/Documents/Code/bishe/vrb/vrbreproduction/outputs/e13_engineered_homography_100subaction/experiments/E13/pipeline_outputs/subaction_34_P01_109_34/episode_14_right/frame_003245_right/projection_overlay_raw_vs_snapped.png,/Users/huhu/Documents/Code/bishe/vrb/vrbreproduction/outputs/e13_engineered_homography_100subaction/experiments/E13/pipeline_outputs/subaction_34_P01_109_34/episode_14_right/frame_003245_right/homography_matches.png,/Users/huhu/Documents/Code/bishe/vrb/vrbreproduction/outputs/e13_engineered_homography_100subaction/experiments/E13/pipeline_outputs/subaction_34_P01_109_34/episode_14_right/frame_003245_right/label_heatmap_merged_overlay.png,/Users/huhu/Documents/Code/bishe/vrb/vrbreproduction/outputs/e13_engineered_homography_100subaction/experiments/E13/pipeline_outputs/subaction_34_P01_109_34/episode_14_right/frame_003245_right/vrb_style_affordance.png,/Users/huhu/Documents/Code/bishe/vrb/vrbreproduction/outputs/e13_engineered_homography_100subaction/experiments/E13/pipeline_outputs/subaction_34_P01_109_34/episode_14_right/frame_003245_right/diagnostics/problem3_ref_full_overlay.png,/Users/huhu/Documents/Code/bishe/vrb/vrbreproduction/outputs/e13_engineered_homography_100subaction/experiments/E13/pipeline_outputs/subaction_34_P01_109_34/episode_14_right/frame_003245_right/diagnostics/problem3_ref_crop.png
34,P01_109_34,dry hands,dry,hand,14.0,3245.0,3246.0,1.0,right,short_window_pre_contact,3244.0,2.0,2.0,1.0,4.0,3.489631414413452,/Users/huhu/Documents/Code/bishe/vrb/vrbreproduction/outputs/e13_engineered_homography_100subaction/experiments/E13/pipeline_outputs/subaction_34_P01_109_34/episode_14_right/frame_003246_right,/Users/huhu/Documents/Code/bishe/vrb/vrbreproduction/outputs/e13_engineered_homography_100subaction/experiments/E13/pipeline_outputs/subaction_34_P01_109_34/episode_14_right/frame_003246_right/contact_frame.png,/Users/huhu/Documents/Code/bishe/vrb/vrbreproduction/outputs/e13_engineered_homography_100subaction/experiments/E13/pipeline_outputs/subaction_34_P01_109_34/episode_14_right/frame_003246_right/reference_frame.png,/Users/huhu/Documents/Code/bishe/vrb/vrbreproduction/outputs/e13_engineered_homography_100subaction/experiments/E13/pipeline_outputs/subaction_34_P01_109_34/episode_14_right/frame_003246_right/contact_overlay.png,/Users/huhu/Documents/Code/bishe/vrb/vrbreproduction/outputs/e13_engineered_homography_100subaction/experiments/E13/pipeline_outputs/subaction_34_P01_109_34/episode_14_right/frame_003246_right/projection_overlay_raw_vs_snapped.png,/Users/huhu/Documents/Code/bishe/vrb/vrbreproduction/outputs/e13_engineered_homography_100subaction/experiments/E13/pipeline_outputs/subaction_34_P01_109_34/episode_14_right/frame_003246_right/homography_matches.png,/Users/huhu/Documents/Code/bishe/vrb/vrbreproduction/outputs/e13_engineered_homography_100subaction/experiments/E13/pipeline_outputs/subaction_34_P01_109_34/episode_14_right/frame_003246_right/label_heatmap_merged_overlay.png,/Users/huhu/Documents/Code/bishe/vrb/vrbreproduction/outputs/e13_engineered_homography_100subaction/experiments/E13/pipeline_outputs/subaction_34_P01_109_34/episode_14_right/frame_003246_right/vrb_style_affordance.png,/Users/huhu/Documents/Code/bishe/vrb/vrbreproduction/outputs/e13_engineered_homography_100subaction/experiments/E13/pipeline_outputs/subaction_34_P01_109_34/episode_14_right/frame_003246_right/diagnostics/problem3_ref_full_overlay.png,/Users/huhu/Documents/Code/bishe/vrb/vrbreproduction/outputs/e13_engineered_homography_100subaction/experiments/E13/pipeline_outputs/subaction_34_P01_109_34/episode_14_right/frame_003246_right/diagnostics/problem3_ref_crop.png
34,P01_109_34,dry hands,dry,hand,14.0,3245.0,3247.0,2.0,right,short_window_pre_contact,3244.0,3.0,3.0,1.0,3.0,2.8983407020568848,/Users/huhu/Documents/Code/bishe/vrb/vrbreproduction/outputs/e13_engineered_homography_100subaction/experiments/E13/pipeline_outputs/subaction_34_P01_109_34/episode_14_right/frame_003247_right,/Users/huhu/Documents/Code/bishe/vrb/vrbreproduction/outputs/e13_engineered_homography_100subaction/experiments/E13/pipeline_outputs/subaction_34_P01_109_34/episode_14_right/frame_003247_right/contact_frame.png,/Users/huhu/Documents/Code/bishe/vrb/vrbreproduction/outputs/e13_engineered_homography_100subaction/experiments/E13/pipeline_outputs/subaction_34_P01_109_34/episode_14_right/frame_003247_right/reference_frame.png,/Users/huhu/Documents/Code/bishe/vrb/vrbreproduction/outputs/e13_engineered_homography_100subaction/experiments/E13/pipeline_outputs/subaction_34_P01_109_34/episode_14_right/frame_003247_right/contact_overlay.png,/Users/huhu/Documents/Code/bishe/vrb/vrbreproduction/outputs/e13_engineered_homography_100subaction/experiments/E13/pipeline_outputs/subaction_34_P01_109_34/episode_14_right/frame_003247_right/projection_overlay_raw_vs_snapped.png,/Users/huhu/Documents/Code/bishe/vrb/vrbreproduction/outputs/e13_engineered_homography_100subaction/experiments/E13/pipeline_outputs/subaction_34_P01_109_34/episode_14_right/frame_003247_right/homography_matches.png,/Users/huhu/Documents/Code/bishe/vrb/vrbreproduction/outputs/e13_engineered_homography_100subaction/experiments/E13/pipeline_outputs/subaction_34_P01_109_34/episode_14_right/frame_003247_right/label_heatmap_merged_overlay.png,/Users/huhu/Documents/Code/bishe/vrb/vrbreproduction/outputs/e13_engineered_homography_100subaction/experiments/E13/pipeline_outputs/subaction_34_P01_109_34/episode_14_right/frame_003247_right/vrb_style_affordance.png,/Users/huhu/Documents/Code/bishe/vrb/vrbreproduction/outputs/e13_engineered_homography_100subaction/experiments/E13/pipeline_outputs/subaction_34_P01_109_34/episode_14_right/frame_003247_right/diagnostics/problem3_ref_full_overlay.png,/Users/huhu/Documents/Code/bishe/vrb/vrbreproduction/outputs/e13_engineered_homography_100subaction/experiments/E13/pipeline_outputs/subaction_34_P01_109_34/episode_14_right/frame_003247_right/diagnostics/problem3_ref_crop.png
34,P01_109_34,dry hands,dry,hand,15.0,3251.0,3251.0,0.0,right,short_window_pre_contact,3250.0,1.0,1.0,1.0,2.0,1.3287473917007446,/Users/huhu/Documents/Code/bishe/vrb/vrbreproduction/outputs/e13_engineered_homography_100subaction/experiments/E13/pipeline_outputs/subaction_34_P01_109_34/episode_15_right/frame_003251_right,/Users/huhu/Documents/Code/bishe/vrb/vrbreproduction/outputs/e13_engineered_homography_100subaction/experiments/E13/pipeline_outputs/subaction_34_P01_109_34/episode_15_right/frame_003251_right/contact_frame.png,/Users/huhu/Documents/Code/bishe/vrb/vrbreproduction/outputs/e13_engineered_homography_100subaction/experiments/E13/pipeline_outputs/subaction_34_P01_109_34/episode_15_right/frame_003251_right/reference_frame.png,/Users/huhu/Documents/Code/bishe/vrb/vrbreproduction/outputs/e13_engineered_homography_100subaction/experiments/E13/pipeline_outputs/subaction_34_P01_109_34/episode_15_right/frame_003251_right/contact_overlay.png,/Users/huhu/Documents/Code/bishe/vrb/vrbreproduction/outputs/e13_engineered_homography_100subaction/experiments/E13/pipeline_outputs/subaction_34_P01_109_34/episode_15_right/frame_003251_right/projection_overlay_raw_vs_snapped.png,/Users/huhu/Documents/Code/bishe/vrb/vrbreproduction/outputs/e13_engineered_homography_100subaction/experiments/E13/pipeline_outputs/subaction_34_P01_109_34/episode_15_right/frame_003251_right/homography_matches.png,/Users/huhu/Documents/Code/bishe/vrb/vrbreproduction/outputs/e13_engineered_homography_100subaction/experiments/E13/pipeline_outputs/subaction_34_P01_109_34/episode_15_right/frame_003251_right/label_heatmap_merged_overlay.png,/Users/huhu/Documents/Code/bishe/vrb/vrbreproduction/outputs/e13_engineered_homography_100subaction/experiments/E13/pipeline_outputs/subaction_34_P01_109_34/episode_15_right/frame_003251_right/vrb_style_affordance.png,/Users/huhu/Documents/Code/bishe/vrb/vrbreproduction/outputs/e13_engineered_homography_100subaction/experiments/E13/pipeline_outputs/subaction_34_P01_109_34/episode_15_right/frame_003251_right/diagnostics/problem3_ref_full_overlay.png,/Users/huhu/Documents/Code/bishe/vrb/vrbreproduction/outputs/e13_engineered_homography_100subaction/experiments/E13/pipeline_outputs/subaction_34_P01_109_34/episode_15_right/frame_003251_right/diagnostics/problem3_ref_crop.png
34,P01_109_34,dry hands,dry,hand,15.0,3251.0,3252.0,1.0,right,short_window_pre_contact,3250.0,2.0,2.0,1.0,0.0,1.7231518030166626,/Users/huhu/Documents/Code/bishe/vrb/vrbreproduction/outputs/e13_engineered_homography_100subaction/experiments/E13/pipeline_outputs/subaction_34_P01_109_34/episode_15_right/frame_003252_right,/Users/huhu/Documents/Code/bishe/vrb/vrbreproduction/outputs/e13_engineered_homography_100subaction/experiments/E13/pipeline_outputs/subaction_34_P01_109_34/episode_15_right/frame_003252_right/contact_frame.png,/Users/huhu/Documents/Code/bishe/vrb/vrbreproduction/outputs/e13_engineered_homography_100subaction/experiments/E13/pipeline_outputs/subaction_34_P01_109_34/episode_15_right/frame_003252_right/reference_frame.png,/Users/huhu/Documents/Code/bishe/vrb/vrbreproduction/outputs/e13_engineered_homography_100subaction/experiments/E13/pipeline_outputs/subaction_34_P01_109_34/episode_15_right/frame_003252_right/contact_overlay.png,/Users/huhu/Documents/Code/bishe/vrb/vrbreproduction/outputs/e13_engineered_homography_100subaction/experiments/E13/pipeline_outputs/subaction_34_P01_109_34/episode_15_right/frame_003252_right/projection_overlay_raw_vs_snapped.png,/Users/huhu/Documents/Code/bishe/vrb/vrbreproduction/outputs/e13_engineered_homography_100subaction/experiments/E13/pipeline_outputs/subaction_34_P01_109_34/episode_15_right/frame_003252_right/homography_matches.png,/Users/huhu/Documents/Code/bishe/vrb/vrbreproduction/outputs/e13_engineered_homography_100subaction/experiments/E13/pipeline_outputs/subaction_34_P01_109_34/episode_15_right/frame_003252_right/label_heatmap_merged_overlay.png,/Users/huhu/Documents/Code/bishe/vrb/vrbreproduction/outputs/e13_engineered_homography_100subaction/experiments/E13/pipeline_outputs/subaction_34_P01_109_34/episode_15_right/frame_003252_right/vrb_style_affordance.png,/Users/huhu/Documents/Code/bishe/vrb/vrbreproduction/outputs/e13_engineered_homography_100subaction/experiments/E13/pipeline_outputs/subaction_34_P01_109_34/episode_15_right/frame_003252_right/diagnostics/problem3_ref_full_overlay.png,/Users/huhu/Documents/Code/bishe/vrb/vrbreproduction/outputs/e13_engineered_homography_100subaction/experiments/E13/pipeline_outputs/subaction_34_P01_109_34/episode_15_right/frame_003252_right/diagnostics/problem3_ref_crop.png
34,P01_109_34,dry hands,dry,hand,18.0,3298.0,3299.0,1.0,right,short_window_pre_contact,3297.0,2.0,2.0,1.0,5.0,0.0,/Users/huhu/Documents/Code/bishe/vrb/vrbreproduction/outputs/e13_engineered_homography_100subaction/experiments/E13/pipeline_outputs/subaction_34_P01_109_34/episode_18_right/frame_003299_right,/Users/huhu/Documents/Code/bishe/vrb/vrbreproduction/outputs/e13_engineered_homography_100subaction/experiments/E13/pipeline_outputs/subaction_34_P01_109_34/episode_18_right/frame_003299_right/contact_frame.png,/Users/huhu/Documents/Code/bishe/vrb/vrbreproduction/outputs/e13_engineered_homography_100subaction/experiments/E13/pipeline_outputs/subaction_34_P01_109_34/episode_18_right/frame_003299_right/reference_frame.png,/Users/huhu/Documents/Code/bishe/vrb/vrbreproduction/outputs/e13_engineered_homography_100subaction/experiments/E13/pipeline_outputs/subaction_34_P01_109_34/episode_18_right/frame_003299_right/contact_overlay.png,/Users/huhu/Documents/Code/bishe/vrb/vrbreproduction/outputs/e13_engineered_homography_100subaction/experiments/E13/pipeline_outputs/subaction_34_P01_109_34/episode_18_right/frame_003299_right/projection_overlay_raw_vs_snapped.png,/Users/huhu/Documents/Code/bishe/vrb/vrbreproduction/outputs/e13_engineered_homography_100subaction/experiments/E13/pipeline_outputs/subaction_34_P01_109_34/episode_18_right/frame_003299_right/homography_matches.png,/Users/huhu/Documents/Code/bishe/vrb/vrbreproduction/outputs/e13_engineered_homography_100subaction/experiments/E13/pipeline_outputs/subaction_34_P01_109_34/episode_18_right/frame_003299_right/label_heatmap_merged_overlay.png,/Users/huhu/Documents/Code/bishe/vrb/vrbreproduction/outputs/e13_engineered_homography_100subaction/experiments/E13/pipeline_outputs/subaction_34_P01_109_34/episode_18_right/frame_003299_right/vrb_style_affordance.png,/Users/huhu/Documents/Code/bishe/vrb/vrbreproduction/outputs/e13_engineered_homography_100subaction/experiments/E13/pipeline_outputs/subaction_34_P01_109_34/episode_18_right/frame_003299_right/diagnostics/problem3_ref_full_overlay.png,/Users/huhu/Documents/Code/bishe/vrb/vrbreproduction/outputs/e13_engineered_homography_100subaction/experiments/E13/pipeline_outputs/subaction_34_P01_109_34/episode_18_right/frame_003299_right/diagnostics/problem3_ref_crop.png
34,P01_109_34,dry hands,dry,hand,19.0,3301.0,3301.0,0.0,right,short_window_pre_contact,3300.0,1.0,1.0,1.0,5.0,0.0,/Users/huhu/Documents/Code/bishe/vrb/vrbreproduction/outputs/e13_engineered_homography_100subaction/experiments/E13/pipeline_outputs/subaction_34_P01_109_34/episode_19_right/frame_003301_right,/Users/huhu/Documents/Code/bishe/vrb/vrbreproduction/outputs/e13_engineered_homography_100subaction/experiments/E13/pipeline_outputs/subaction_34_P01_109_34/episode_19_right/frame_003301_right/contact_frame.png,/Users/huhu/Documents/Code/bishe/vrb/vrbreproduction/outputs/e13_engineered_homography_100subaction/experiments/E13/pipeline_outputs/subaction_34_P01_109_34/episode_19_right/frame_003301_right/reference_frame.png,/Users/huhu/Documents/Code/bishe/vrb/vrbreproduction/outputs/e13_engineered_homography_100subaction/experiments/E13/pipeline_outputs/subaction_34_P01_109_34/episode_19_right/frame_003301_right/contact_overlay.png,/Users/huhu/Documents/Code/bishe/vrb/vrbreproduction/outputs/e13_engineered_homography_100subaction/experiments/E13/pipeline_outputs/subaction_34_P01_109_34/episode_19_right/frame_003301_right/projection_overlay_raw_vs_snapped.png,/Users/huhu/Documents/Code/bishe/vrb/vrbreproduction/outputs/e13_engineered_homography_100subaction/experiments/E13/pipeline_outputs/subaction_34_P01_109_34/episode_19_right/frame_003301_right/homography_matches.png,/Users/huhu/Documents/Code/bishe/vrb/vrbreproduction/outputs/e13_engineered_homography_100subaction/experiments/E13/pipeline_outputs/subaction_34_P01_109_34/episode_19_right/frame_003301_right/label_heatmap_merged_overlay.png,/Users/huhu/Documents/Code/bishe/vrb/vrbreproduction/outputs/e13_engineered_homography_100subaction/experiments/E13/pipeline_outputs/subaction_34_P01_109_34/episode_19_right/frame_003301_right/vrb_style_affordance.png,/Users/huhu/Documents/Code/bishe/vrb/vrbreproduction/outputs/e13_engineered_homography_100subaction/experiments/E13/pipeline_outputs/subaction_34_P01_109_34/episode_19_right/frame_003301_right/diagnostics/problem3_ref_full_overlay.png,/Users/huhu/Documents/Code/bishe/vrb/vrbreproduction/outputs/e13_engineered_homography_100subaction/experiments/E13/pipeline_outputs/subaction_34_P01_109_34/episode_19_right/frame_003301_right/diagnostics/problem3_ref_crop.png
34,P01_109_34,dry hands,dry,hand,20.0,3307.0,3307.0,0.0,right,short_window_pre_contact,3306.0,1.0,1.0,1.0,4.0,2.000901460647583,/Users/huhu/Documents/Code/bishe/vrb/vrbreproduction/outputs/e13_engineered_homography_100subaction/experiments/E13/pipeline_outputs/subaction_34_P01_109_34/episode_20_right/frame_003307_right,/Users/huhu/Documents/Code/bishe/vrb/vrbreproduction/outputs/e13_engineered_homography_100subaction/experiments/E13/pipeline_outputs/subaction_34_P01_109_34/episode_20_right/frame_003307_right/contact_frame.png,/Users/huhu/Documents/Code/bishe/vrb/vrbreproduction/outputs/e13_engineered_homography_100subaction/experiments/E13/pipeline_outputs/subaction_34_P01_109_34/episode_20_right/frame_003307_right/reference_frame.png,/Users/huhu/Documents/Code/bishe/vrb/vrbreproduction/outputs/e13_engineered_homography_100subaction/experiments/E13/pipeline_outputs/subaction_34_P01_109_34/episode_20_right/frame_003307_right/contact_overlay.png,/Users/huhu/Documents/Code/bishe/vrb/vrbreproduction/outputs/e13_engineered_homography_100subaction/experiments/E13/pipeline_outputs/subaction_34_P01_109_34/episode_20_right/frame_003307_right/projection_overlay_raw_vs_snapped.png,/Users/huhu/Documents/Code/bishe/vrb/vrbreproduction/outputs/e13_engineered_homography_100subaction/experiments/E13/pipeline_outputs/subaction_34_P01_109_34/episode_20_right/frame_003307_right/homography_matches.png,/Users/huhu/Documents/Code/bishe/vrb/vrbreproduction/outputs/e13_engineered_homography_100subaction/experiments/E13/pipeline_outputs/subaction_34_P01_109_34/episode_20_right/frame_003307_right/label_heatmap_merged_overlay.png,/Users/huhu/Documents/Code/bishe/vrb/vrbreproduction/outputs/e13_engineered_homography_100subaction/experiments/E13/pipeline_outputs/subaction_34_P01_109_34/episode_20_right/frame_003307_right/vrb_style_affordance.png,/Users/huhu/Documents/Code/bishe/vrb/vrbreproduction/outputs/e13_engineered_homography_100subaction/experiments/E13/pipeline_outputs/subaction_34_P01_109_34/episode_20_right/frame_003307_right/diagnostics/problem3_ref_full_overlay.png,/Users/huhu/Documents/Code/bishe/vrb/vrbreproduction/outputs/e13_engineered_homography_100subaction/experiments/E13/pipeline_outputs/subaction_34_P01_109_34/episode_20_right/frame_003307_right/diagnostics/problem3_ref_crop.png
34,P01_109_34,dry hands,dry,hand,20.0,3307.0,3308.0,1.0,right,short_window_pre_contact,3306.0,2.0,2.0,1.0,5.0,0.0,/Users/huhu/Documents/Code/bishe/vrb/vrbreproduction/outputs/e13_engineered_homography_100subaction/experiments/E13/pipeline_outputs/subaction_34_P01_109_34/episode_20_right/frame_003308_right,/Users/huhu/Documents/Code/bishe/vrb/vrbreproduction/outputs/e13_engineered_homography_100subaction/experiments/E13/pipeline_outputs/subaction_34_P01_109_34/episode_20_right/frame_003308_right/contact_frame.png,/Users/huhu/Documents/Code/bishe/vrb/vrbreproduction/outputs/e13_engineered_homography_100subaction/experiments/E13/pipeline_outputs/subaction_34_P01_109_34/episode_20_right/frame_003308_right/reference_frame.png,/Users/huhu/Documents/Code/bishe/vrb/vrbreproduction/outputs/e13_engineered_homography_100subaction/experiments/E13/pipeline_outputs/subaction_34_P01_109_34/episode_20_right/frame_003308_right/contact_overlay.png,/Users/huhu/Documents/Code/bishe/vrb/vrbreproduction/outputs/e13_engineered_homography_100subaction/experiments/E13/pipeline_outputs/subaction_34_P01_109_34/episode_20_right/frame_003308_right/projection_overlay_raw_vs_snapped.png,/Users/huhu/Documents/Code/bishe/vrb/vrbreproduction/outputs/e13_engineered_homography_100subaction/experiments/E13/pipeline_outputs/subaction_34_P01_109_34/episode_20_right/frame_003308_right/homography_matches.png,/Users/huhu/Documents/Code/bishe/vrb/vrbreproduction/outputs/e13_engineered_homography_100subaction/experiments/E13/pipeline_outputs/subaction_34_P01_109_34/episode_20_right/frame_003308_right/label_heatmap_merged_overlay.png,/Users/huhu/Documents/Code/bishe/vrb/vrbreproduction/outputs/e13_engineered_homography_100subaction/experiments/E13/pipeline_outputs/subaction_34_P01_109_34/episode_20_right/frame_003308_right/vrb_style_affordance.png,/Users/huhu/Documents/Code/bishe/vrb/vrbreproduction/outputs/e13_engineered_homography_100subaction/experiments/E13/pipeline_outputs/subaction_34_P01_109_34/episode_20_right/frame_003308_right/diagnostics/problem3_ref_full_overlay.png,/Users/huhu/Documents/Code/bishe/vrb/vrbreproduction/outputs/e13_engineered_homography_100subaction/experiments/E13/pipeline_outputs/subaction_34_P01_109_34/episode_20_right/frame_003308_right/diagnostics/problem3_ref_crop.png
34,P01_109_34,dry hands,dry,hand,20.0,3307.0,3309.0,2.0,right,short_window_pre_contact,3306.0,3.0,3.0,1.0,4.0,1.6239759922027588,/Users/huhu/Documents/Code/bishe/vrb/vrbreproduction/outputs/e13_engineered_homography_100subaction/experiments/E13/pipeline_outputs/subaction_34_P01_109_34/episode_20_right/frame_003309_right,/Users/huhu/Documents/Code/bishe/vrb/vrbreproduction/outputs/e13_engineered_homography_100subaction/experiments/E13/pipeline_outputs/subaction_34_P01_109_34/episode_20_right/frame_003309_right/contact_frame.png,/Users/huhu/Documents/Code/bishe/vrb/vrbreproduction/outputs/e13_engineered_homography_100subaction/experiments/E13/pipeline_outputs/subaction_34_P01_109_34/episode_20_right/frame_003309_right/reference_frame.png,/Users/huhu/Documents/Code/bishe/vrb/vrbreproduction/outputs/e13_engineered_homography_100subaction/experiments/E13/pipeline_outputs/subaction_34_P01_109_34/episode_20_right/frame_003309_right/contact_overlay.png,/Users/huhu/Documents/Code/bishe/vrb/vrbreproduction/outputs/e13_engineered_homography_100subaction/experiments/E13/pipeline_outputs/subaction_34_P01_109_34/episode_20_right/frame_003309_right/projection_overlay_raw_vs_snapped.png,/Users/huhu/Documents/Code/bishe/vrb/vrbreproduction/outputs/e13_engineered_homography_100subaction/experiments/E13/pipeline_outputs/subaction_34_P01_109_34/episode_20_right/frame_003309_right/homography_matches.png,/Users/huhu/Documents/Code/bishe/vrb/vrbreproduction/outputs/e13_engineered_homography_100subaction/experiments/E13/pipeline_outputs/subaction_34_P01_109_34/episode_20_right/frame_003309_right/label_heatmap_merged_overlay.png,/Users/huhu/Documents/Code/bishe/vrb/vrbreproduction/outputs/e13_engineered_homography_100subaction/experiments/E13/pipeline_outputs/subaction_34_P01_109_34/episode_20_right/frame_003309_right/vrb_style_affordance.png,/Users/huhu/Documents/Code/bishe/vrb/vrbreproduction/outputs/e13_engineered_homography_100subaction/experiments/E13/pipeline_outputs/subaction_34_P01_109_34/episode_20_right/frame_003309_right/diagnostics/problem3_ref_full_overlay.png,/Users/huhu/Documents/Code/bishe/vrb/vrbreproduction/outputs/e13_engineered_homography_100subaction/experiments/E13/pipeline_outputs/subaction_34_P01_109_34/episode_20_right/frame_003309_right/diagnostics/problem3_ref_crop.png
34,P01_109_34,dry hands,dry,hand,21.0,3338.0,3338.0,0.0,right,short_window_pre_contact,3337.0,1.0,1.0,1.0,5.0,0.0,/Users/huhu/Documents/Code/bishe/vrb/vrbreproduction/outputs/e13_engineered_homography_100subaction/experiments/E13/pipeline_outputs/subaction_34_P01_109_34/episode_21_right/frame_003338_right,/Users/huhu/Documents/Code/bishe/vrb/vrbreproduction/outputs/e13_engineered_homography_100subaction/experiments/E13/pipeline_outputs/subaction_34_P01_109_34/episode_21_right/frame_003338_right/contact_frame.png,/Users/huhu/Documents/Code/bishe/vrb/vrbreproduction/outputs/e13_engineered_homography_100subaction/experiments/E13/pipeline_outputs/subaction_34_P01_109_34/episode_21_right/frame_003338_right/reference_frame.png,/Users/huhu/Documents/Code/bishe/vrb/vrbreproduction/outputs/e13_engineered_homography_100subaction/experiments/E13/pipeline_outputs/subaction_34_P01_109_34/episode_21_right/frame_003338_right/contact_overlay.png,/Users/huhu/Documents/Code/bishe/vrb/vrbreproduction/outputs/e13_engineered_homography_100subaction/experiments/E13/pipeline_outputs/subaction_34_P01_109_34/episode_21_right/frame_003338_right/projection_overlay_raw_vs_snapped.png,/Users/huhu/Documents/Code/bishe/vrb/vrbreproduction/outputs/e13_engineered_homography_100subaction/experiments/E13/pipeline_outputs/subaction_34_P01_109_34/episode_21_right/frame_003338_right/homography_matches.png,/Users/huhu/Documents/Code/bishe/vrb/vrbreproduction/outputs/e13_engineered_homography_100subaction/experiments/E13/pipeline_outputs/subaction_34_P01_109_34/episode_21_right/frame_003338_right/label_heatmap_merged_overlay.png,/Users/huhu/Documents/Code/bishe/vrb/vrbreproduction/outputs/e13_engineered_homography_100subaction/experiments/E13/pipeline_outputs/subaction_34_P01_109_34/episode_21_right/frame_003338_right/vrb_style_affordance.png,/Users/huhu/Documents/Code/bishe/vrb/vrbreproduction/outputs/e13_engineered_homography_100subaction/experiments/E13/pipeline_outputs/subaction_34_P01_109_34/episode_21_right/frame_003338_right/diagnostics/problem3_ref_full_overlay.png,/Users/huhu/Documents/Code/bishe/vrb/vrbreproduction/outputs/e13_engineered_homography_100subaction/experiments/E13/pipeline_outputs/subaction_34_P01_109_34/episode_21_right/frame_003338_right/diagnostics/problem3_ref_crop.png
34,P01_109_34,dry hands,dry,hand,21.0,3338.0,3339.0,1.0,right,short_window_pre_contact,3337.0,2.0,2.0,1.0,5.0,0.0,/Users/huhu/Documents/Code/bishe/vrb/vrbreproduction/outputs/e13_engineered_homography_100subaction/experiments/E13/pipeline_outputs/subaction_34_P01_109_34/episode_21_right/frame_003339_right,/Users/huhu/Documents/Code/bishe/vrb/vrbreproduction/outputs/e13_engineered_homography_100subaction/experiments/E13/pipeline_outputs/subaction_34_P01_109_34/episode_21_right/frame_003339_right/contact_frame.png,/Users/huhu/Documents/Code/bishe/vrb/vrbreproduction/outputs/e13_engineered_homography_100subaction/experiments/E13/pipeline_outputs/subaction_34_P01_109_34/episode_21_right/frame_003339_right/reference_frame.png,/Users/huhu/Documents/Code/bishe/vrb/vrbreproduction/outputs/e13_engineered_homography_100subaction/experiments/E13/pipeline_outputs/subaction_34_P01_109_34/episode_21_right/frame_003339_right/contact_overlay.png,/Users/huhu/Documents/Code/bishe/vrb/vrbreproduction/outputs/e13_engineered_homography_100subaction/experiments/E13/pipeline_outputs/subaction_34_P01_109_34/episode_21_right/frame_003339_right/projection_overlay_raw_vs_snapped.png,/Users/huhu/Documents/Code/bishe/vrb/vrbreproduction/outputs/e13_engineered_homography_100subaction/experiments/E13/pipeline_outputs/subaction_34_P01_109_34/episode_21_right/frame_003339_right/homography_matches.png,/Users/huhu/Documents/Code/bishe/vrb/vrbreproduction/outputs/e13_engineered_homography_100subaction/experiments/E13/pipeline_outputs/subaction_34_P01_109_34/episode_21_right/frame_003339_right/label_heatmap_merged_overlay.png,/Users/huhu/Documents/Code/bishe/vrb/vrbreproduction/outputs/e13_engineered_homography_100subaction/experiments/E13/pipeline_outputs/subaction_34_P01_109_34/episode_21_right/frame_003339_right/vrb_style_affordance.png,/Users/huhu/Documents/Code/bishe/vrb/vrbreproduction/outputs/e13_engineered_homography_100subaction/experiments/E13/pipeline_outputs/subaction_34_P01_109_34/episode_21_right/frame_003339_right/diagnostics/problem3_ref_full_overlay.png,/Users/huhu/Documents/Code/bishe/vrb/vrbreproduction/outputs/e13_engineered_homography_100subaction/experiments/E13/pipeline_outputs/subaction_34_P01_109_34/episode_21_right/frame_003339_right/diagnostics/problem3_ref_crop.png
34,P01_109_34,dry hands,dry,hand,21.0,3338.0,3340.0,2.0,right,short_window_pre_contact,3337.0,3.0,3.0,1.0,5.0,0.0,/Users/huhu/Documents/Code/bishe/vrb/vrbreproduction/outputs/e13_engineered_homography_100subaction/experiments/E13/pipeline_outputs/subaction_34_P01_109_34/episode_21_right/frame_003340_right,/Users/huhu/Documents/Code/bishe/vrb/vrbreproduction/outputs/e13_engineered_homography_100subaction/experiments/E13/pipeline_outputs/subaction_34_P01_109_34/episode_21_right/frame_003340_right/contact_frame.png,/Users/huhu/Documents/Code/bishe/vrb/vrbreproduction/outputs/e13_engineered_homography_100subaction/experiments/E13/pipeline_outputs/subaction_34_P01_109_34/episode_21_right/frame_003340_right/reference_frame.png,/Users/huhu/Documents/Code/bishe/vrb/vrbreproduction/outputs/e13_engineered_homography_100subaction/experiments/E13/pipeline_outputs/subaction_34_P01_109_34/episode_21_right/frame_003340_right/contact_overlay.png,/Users/huhu/Documents/Code/bishe/vrb/vrbreproduction/outputs/e13_engineered_homography_100subaction/experiments/E13/pipeline_outputs/subaction_34_P01_109_34/episode_21_right/frame_003340_right/projection_overlay_raw_vs_snapped.png,/Users/huhu/Documents/Code/bishe/vrb/vrbreproduction/outputs/e13_engineered_homography_100subaction/experiments/E13/pipeline_outputs/subaction_34_P01_109_34/episode_21_right/frame_003340_right/homography_matches.png,/Users/huhu/Documents/Code/bishe/vrb/vrbreproduction/outputs/e13_engineered_homography_100subaction/experiments/E13/pipeline_outputs/subaction_34_P01_109_34/episode_21_right/frame_003340_right/label_heatmap_merged_overlay.png,/Users/huhu/Documents/Code/bishe/vrb/vrbreproduction/outputs/e13_engineered_homography_100subaction/experiments/E13/pipeline_outputs/subaction_34_P01_109_34/episode_21_right/frame_003340_right/vrb_style_affordance.png,/Users/huhu/Documents/Code/bishe/vrb/vrbreproduction/outputs/e13_engineered_homography_100subaction/experiments/E13/pipeline_outputs/subaction_34_P01_109_34/episode_21_right/frame_003340_right/diagnostics/problem3_ref_full_overlay.png,/Users/huhu/Documents/Code/bishe/vrb/vrbreproduction/outputs/e13_engineered_homography_100subaction/experiments/E13/pipeline_outputs/subaction_34_P01_109_34/episode_21_right/frame_003340_right/diagnostics/problem3_ref_crop.png
38,P01_109_38,move potatoes,move,potato,1.0,3654.0,3654.0,0.0,left,short_window_pre_contact,3653.0,1.0,1.0,1.0,4.0,1.3765414953231812,/Users/huhu/Documents/Code/bishe/vrb/vrbreproduction/outputs/e13_engineered_homography_100subaction/experiments/E13/pipeline_outputs/subaction_38_P01_109_38/episode_01_left/frame_003654_left,/Users/huhu/Documents/Code/bishe/vrb/vrbreproduction/outputs/e13_engineered_homography_100subaction/experiments/E13/pipeline_outputs/subaction_38_P01_109_38/episode_01_left/frame_003654_left/contact_frame.png,/Users/huhu/Documents/Code/bishe/vrb/vrbreproduction/outputs/e13_engineered_homography_100subaction/experiments/E13/pipeline_outputs/subaction_38_P01_109_38/episode_01_left/frame_003654_left/reference_frame.png,/Users/huhu/Documents/Code/bishe/vrb/vrbreproduction/outputs/e13_engineered_homography_100subaction/experiments/E13/pipeline_outputs/subaction_38_P01_109_38/episode_01_left/frame_003654_left/contact_overlay.png,/Users/huhu/Documents/Code/bishe/vrb/vrbreproduction/outputs/e13_engineered_homography_100subaction/experiments/E13/pipeline_outputs/subaction_38_P01_109_38/episode_01_left/frame_003654_left/projection_overlay_raw_vs_snapped.png,/Users/huhu/Documents/Code/bishe/vrb/vrbreproduction/outputs/e13_engineered_homography_100subaction/experiments/E13/pipeline_outputs/subaction_38_P01_109_38/episode_01_left/frame_003654_left/homography_matches.png,/Users/huhu/Documents/Code/bishe/vrb/vrbreproduction/outputs/e13_engineered_homography_100subaction/experiments/E13/pipeline_outputs/subaction_38_P01_109_38/episode_01_left/frame_003654_left/label_heatmap_merged_overlay.png,/Users/huhu/Documents/Code/bishe/vrb/vrbreproduction/outputs/e13_engineered_homography_100subaction/experiments/E13/pipeline_outputs/subaction_38_P01_109_38/episode_01_left/frame_003654_left/vrb_style_affordance.png,/Users/huhu/Documents/Code/bishe/vrb/vrbreproduction/outputs/e13_engineered_homography_100subaction/experiments/E13/pipeline_outputs/subaction_38_P01_109_38/episode_01_left/frame_003654_left/diagnostics/problem3_ref_full_overlay.png,/Users/huhu/Documents/Code/bishe/vrb/vrbreproduction/outputs/e13_engineered_homography_100subaction/experiments/E13/pipeline_outputs/subaction_38_P01_109_38/episode_01_left/frame_003654_left/diagnostics/problem3_ref_crop.png
38,P01_109_38,move potatoes,move,potato,1.0,3654.0,3655.0,1.0,left,short_window_pre_contact,3653.0,2.0,2.0,1.0,2.0,1.5184177160263062,/Users/huhu/Documents/Code/bishe/vrb/vrbreproduction/outputs/e13_engineered_homography_100subaction/experiments/E13/pipeline_outputs/subaction_38_P01_109_38/episode_01_left/frame_003655_left,/Users/huhu/Documents/Code/bishe/vrb/vrbreproduction/outputs/e13_engineered_homography_100subaction/experiments/E13/pipeline_outputs/subaction_38_P01_109_38/episode_01_left/frame_003655_left/contact_frame.png,/Users/huhu/Documents/Code/bishe/vrb/vrbreproduction/outputs/e13_engineered_homography_100subaction/experiments/E13/pipeline_outputs/subaction_38_P01_109_38/episode_01_left/frame_003655_left/reference_frame.png,/Users/huhu/Documents/Code/bishe/vrb/vrbreproduction/outputs/e13_engineered_homography_100subaction/experiments/E13/pipeline_outputs/subaction_38_P01_109_38/episode_01_left/frame_003655_left/contact_overlay.png,/Users/huhu/Documents/Code/bishe/vrb/vrbreproduction/outputs/e13_engineered_homography_100subaction/experiments/E13/pipeline_outputs/subaction_38_P01_109_38/episode_01_left/frame_003655_left/projection_overlay_raw_vs_snapped.png,/Users/huhu/Documents/Code/bishe/vrb/vrbreproduction/outputs/e13_engineered_homography_100subaction/experiments/E13/pipeline_outputs/subaction_38_P01_109_38/episode_01_left/frame_003655_left/homography_matches.png,/Users/huhu/Documents/Code/bishe/vrb/vrbreproduction/outputs/e13_engineered_homography_100subaction/experiments/E13/pipeline_outputs/subaction_38_P01_109_38/episode_01_left/frame_003655_left/label_heatmap_merged_overlay.png,/Users/huhu/Documents/Code/bishe/vrb/vrbreproduction/outputs/e13_engineered_homography_100subaction/experiments/E13/pipeline_outputs/subaction_38_P01_109_38/episode_01_left/frame_003655_left/vrb_style_affordance.png,/Users/huhu/Documents/Code/bishe/vrb/vrbreproduction/outputs/e13_engineered_homography_100subaction/experiments/E13/pipeline_outputs/subaction_38_P01_109_38/episode_01_left/frame_003655_left/diagnostics/problem3_ref_full_overlay.png,/Users/huhu/Documents/Code/bishe/vrb/vrbreproduction/outputs/e13_engineered_homography_100subaction/experiments/E13/pipeline_outputs/subaction_38_P01_109_38/episode_01_left/frame_003655_left/diagnostics/problem3_ref_crop.png
38,P01_109_38,move potatoes,move,potato,1.0,3654.0,3656.0,2.0,left,short_window_pre_contact,3653.0,3.0,3.0,1.0,5.0,0.0,/Users/huhu/Documents/Code/bishe/vrb/vrbreproduction/outputs/e13_engineered_homography_100subaction/experiments/E13/pipeline_outputs/subaction_38_P01_109_38/episode_01_left/frame_003656_left,/Users/huhu/Documents/Code/bishe/vrb/vrbreproduction/outputs/e13_engineered_homography_100subaction/experiments/E13/pipeline_outputs/subaction_38_P01_109_38/episode_01_left/frame_003656_left/contact_frame.png,/Users/huhu/Documents/Code/bishe/vrb/vrbreproduction/outputs/e13_engineered_homography_100subaction/experiments/E13/pipeline_outputs/subaction_38_P01_109_38/episode_01_left/frame_003656_left/reference_frame.png,/Users/huhu/Documents/Code/bishe/vrb/vrbreproduction/outputs/e13_engineered_homography_100subaction/experiments/E13/pipeline_outputs/subaction_38_P01_109_38/episode_01_left/frame_003656_left/contact_overlay.png,/Users/huhu/Documents/Code/bishe/vrb/vrbreproduction/outputs/e13_engineered_homography_100subaction/experiments/E13/pipeline_outputs/subaction_38_P01_109_38/episode_01_left/frame_003656_left/projection_overlay_raw_vs_snapped.png,/Users/huhu/Documents/Code/bishe/vrb/vrbreproduction/outputs/e13_engineered_homography_100subaction/experiments/E13/pipeline_outputs/subaction_38_P01_109_38/episode_01_left/frame_003656_left/homography_matches.png,/Users/huhu/Documents/Code/bishe/vrb/vrbreproduction/outputs/e13_engineered_homography_100subaction/experiments/E13/pipeline_outputs/subaction_38_P01_109_38/episode_01_left/frame_003656_left/label_heatmap_merged_overlay.png,/Users/huhu/Documents/Code/bishe/vrb/vrbreproduction/outputs/e13_engineered_homography_100subaction/experiments/E13/pipeline_outputs/subaction_38_P01_109_38/episode_01_left/frame_003656_left/vrb_style_affordance.png,/Users/huhu/Documents/Code/bishe/vrb/vrbreproduction/outputs/e13_engineered_homography_100subaction/experiments/E13/pipeline_outputs/subaction_38_P01_109_38/episode_01_left/frame_003656_left/diagnostics/problem3_ref_full_overlay.png,/Users/huhu/Documents/Code/bishe/vrb/vrbreproduction/outputs/e13_engineered_homography_100subaction/experiments/E13/pipeline_outputs/subaction_38_P01_109_38/episode_01_left/frame_003656_left/diagnostics/problem3_ref_crop.png
40,P01_109_40,move pans,move,pan,4.0,3855.0,3855.0,0.0,right,short_window_pre_contact,3854.0,1.0,1.0,1.0,1.0,6.222582817077637,/Users/huhu/Documents/Code/bishe/vrb/vrbreproduction/outputs/e13_engineered_homography_100subaction/experiments/E13/pipeline_outputs/subaction_40_P01_109_40/episode_04_right/frame_003855_right,/Users/huhu/Documents/Code/bishe/vrb/vrbreproduction/outputs/e13_engineered_homography_100subaction/experiments/E13/pipeline_outputs/subaction_40_P01_109_40/episode_04_right/frame_003855_right/contact_frame.png,/Users/huhu/Documents/Code/bishe/vrb/vrbreproduction/outputs/e13_engineered_homography_100subaction/experiments/E13/pipeline_outputs/subaction_40_P01_109_40/episode_04_right/frame_003855_right/reference_frame.png,/Users/huhu/Documents/Code/bishe/vrb/vrbreproduction/outputs/e13_engineered_homography_100subaction/experiments/E13/pipeline_outputs/subaction_40_P01_109_40/episode_04_right/frame_003855_right/contact_overlay.png,/Users/huhu/Documents/Code/bishe/vrb/vrbreproduction/outputs/e13_engineered_homography_100subaction/experiments/E13/pipeline_outputs/subaction_40_P01_109_40/episode_04_right/frame_003855_right/projection_overlay_raw_vs_snapped.png,/Users/huhu/Documents/Code/bishe/vrb/vrbreproduction/outputs/e13_engineered_homography_100subaction/experiments/E13/pipeline_outputs/subaction_40_P01_109_40/episode_04_right/frame_003855_right/homography_matches.png,/Users/huhu/Documents/Code/bishe/vrb/vrbreproduction/outputs/e13_engineered_homography_100subaction/experiments/E13/pipeline_outputs/subaction_40_P01_109_40/episode_04_right/frame_003855_right/label_heatmap_merged_overlay.png,/Users/huhu/Documents/Code/bishe/vrb/vrbreproduction/outputs/e13_engineered_homography_100subaction/experiments/E13/pipeline_outputs/subaction_40_P01_109_40/episode_04_right/frame_003855_right/vrb_style_affordance.png,/Users/huhu/Documents/Code/bishe/vrb/vrbreproduction/outputs/e13_engineered_homography_100subaction/experiments/E13/pipeline_outputs/subaction_40_P01_109_40/episode_04_right/frame_003855_right/diagnostics/problem3_ref_full_overlay.png,/Users/huhu/Documents/Code/bishe/vrb/vrbreproduction/outputs/e13_engineered_homography_100subaction/experiments/E13/pipeline_outputs/subaction_40_P01_109_40/episode_04_right/frame_003855_right/diagnostics/problem3_ref_crop.png
44,P01_109_43,pick up pan,pick-up,pan,1.0,4380.0,4380.0,0.0,right,short_window_pre_contact,4379.0,1.0,1.0,1.0,2.0,14.099663734436035,/Users/huhu/Documents/Code/bishe/vrb/vrbreproduction/outputs/e13_engineered_homography_100subaction/experiments/E13/pipeline_outputs/subaction_44_P01_109_43/episode_01_right/frame_004380_right,/Users/huhu/Documents/Code/bishe/vrb/vrbreproduction/outputs/e13_engineered_homography_100subaction/experiments/E13/pipeline_outputs/subaction_44_P01_109_43/episode_01_right/frame_004380_right/contact_frame.png,/Users/huhu/Documents/Code/bishe/vrb/vrbreproduction/outputs/e13_engineered_homography_100subaction/experiments/E13/pipeline_outputs/subaction_44_P01_109_43/episode_01_right/frame_004380_right/reference_frame.png,/Users/huhu/Documents/Code/bishe/vrb/vrbreproduction/outputs/e13_engineered_homography_100subaction/experiments/E13/pipeline_outputs/subaction_44_P01_109_43/episode_01_right/frame_004380_right/contact_overlay.png,/Users/huhu/Documents/Code/bishe/vrb/vrbreproduction/outputs/e13_engineered_homography_100subaction/experiments/E13/pipeline_outputs/subaction_44_P01_109_43/episode_01_right/frame_004380_right/projection_overlay_raw_vs_snapped.png,/Users/huhu/Documents/Code/bishe/vrb/vrbreproduction/outputs/e13_engineered_homography_100subaction/experiments/E13/pipeline_outputs/subaction_44_P01_109_43/episode_01_right/frame_004380_right/homography_matches.png,/Users/huhu/Documents/Code/bishe/vrb/vrbreproduction/outputs/e13_engineered_homography_100subaction/experiments/E13/pipeline_outputs/subaction_44_P01_109_43/episode_01_right/frame_004380_right/label_heatmap_merged_overlay.png,/Users/huhu/Documents/Code/bishe/vrb/vrbreproduction/outputs/e13_engineered_homography_100subaction/experiments/E13/pipeline_outputs/subaction_44_P01_109_43/episode_01_right/frame_004380_right/vrb_style_affordance.png,/Users/huhu/Documents/Code/bishe/vrb/vrbreproduction/outputs/e13_engineered_homography_100subaction/experiments/E13/pipeline_outputs/subaction_44_P01_109_43/episode_01_right/frame_004380_right/diagnostics/problem3_ref_full_overlay.png,/Users/huhu/Documents/Code/bishe/vrb/vrbreproduction/outputs/e13_engineered_homography_100subaction/experiments/E13/pipeline_outputs/subaction_44_P01_109_43/episode_01_right/frame_004380_right/diagnostics/problem3_ref_crop.png
45,P01_109_45,put down pan,put-down,pan,1.0,4380.0,4380.0,0.0,right,short_window_pre_contact,4379.0,1.0,1.0,1.0,2.0,14.099663734436035,/Users/huhu/Documents/Code/bishe/vrb/vrbreproduction/outputs/e13_engineered_homography_100subaction/experiments/E13/pipeline_outputs/subaction_45_P01_109_45/episode_01_right/frame_004380_right,/Users/huhu/Documents/Code/bishe/vrb/vrbreproduction/outputs/e13_engineered_homography_100subaction/experiments/E13/pipeline_outputs/subaction_45_P01_109_45/episode_01_right/frame_004380_right/contact_frame.png,/Users/huhu/Documents/Code/bishe/vrb/vrbreproduction/outputs/e13_engineered_homography_100subaction/experiments/E13/pipeline_outputs/subaction_45_P01_109_45/episode_01_right/frame_004380_right/reference_frame.png,/Users/huhu/Documents/Code/bishe/vrb/vrbreproduction/outputs/e13_engineered_homography_100subaction/experiments/E13/pipeline_outputs/subaction_45_P01_109_45/episode_01_right/frame_004380_right/contact_overlay.png,/Users/huhu/Documents/Code/bishe/vrb/vrbreproduction/outputs/e13_engineered_homography_100subaction/experiments/E13/pipeline_outputs/subaction_45_P01_109_45/episode_01_right/frame_004380_right/projection_overlay_raw_vs_snapped.png,/Users/huhu/Documents/Code/bishe/vrb/vrbreproduction/outputs/e13_engineered_homography_100subaction/experiments/E13/pipeline_outputs/subaction_45_P01_109_45/episode_01_right/frame_004380_right/homography_matches.png,/Users/huhu/Documents/Code/bishe/vrb/vrbreproduction/outputs/e13_engineered_homography_100subaction/experiments/E13/pipeline_outputs/subaction_45_P01_109_45/episode_01_right/frame_004380_right/label_heatmap_merged_overlay.png,/Users/huhu/Documents/Code/bishe/vrb/vrbreproduction/outputs/e13_engineered_homography_100subaction/experiments/E13/pipeline_outputs/subaction_45_P01_109_45/episode_01_right/frame_004380_right/vrb_style_affordance.png,/Users/huhu/Documents/Code/bishe/vrb/vrbreproduction/outputs/e13_engineered_homography_100subaction/experiments/E13/pipeline_outputs/subaction_45_P01_109_45/episode_01_right/frame_004380_right/diagnostics/problem3_ref_full_overlay.png,/Users/huhu/Documents/Code/bishe/vrb/vrbreproduction/outputs/e13_engineered_homography_100subaction/experiments/E13/pipeline_outputs/subaction_45_P01_109_45/episode_01_right/frame_004380_right/diagnostics/problem3_ref_crop.png
47,P01_109_47,close cupboard,close,cupboard,1.0,4648.0,4648.0,0.0,left,short_window_pre_contact,4647.0,1.0,1.0,1.0,4.0,1.4846595525741577,/Users/huhu/Documents/Code/bishe/vrb/vrbreproduction/outputs/e13_engineered_homography_100subaction/experiments/E13/pipeline_outputs/subaction_47_P01_109_47/episode_01_left/frame_004648_left,/Users/huhu/Documents/Code/bishe/vrb/vrbreproduction/outputs/e13_engineered_homography_100subaction/experiments/E13/pipeline_outputs/subaction_47_P01_109_47/episode_01_left/frame_004648_left/contact_frame.png,/Users/huhu/Documents/Code/bishe/vrb/vrbreproduction/outputs/e13_engineered_homography_100subaction/experiments/E13/pipeline_outputs/subaction_47_P01_109_47/episode_01_left/frame_004648_left/reference_frame.png,/Users/huhu/Documents/Code/bishe/vrb/vrbreproduction/outputs/e13_engineered_homography_100subaction/experiments/E13/pipeline_outputs/subaction_47_P01_109_47/episode_01_left/frame_004648_left/contact_overlay.png,/Users/huhu/Documents/Code/bishe/vrb/vrbreproduction/outputs/e13_engineered_homography_100subaction/experiments/E13/pipeline_outputs/subaction_47_P01_109_47/episode_01_left/frame_004648_left/projection_overlay_raw_vs_snapped.png,/Users/huhu/Documents/Code/bishe/vrb/vrbreproduction/outputs/e13_engineered_homography_100subaction/experiments/E13/pipeline_outputs/subaction_47_P01_109_47/episode_01_left/frame_004648_left/homography_matches.png,/Users/huhu/Documents/Code/bishe/vrb/vrbreproduction/outputs/e13_engineered_homography_100subaction/experiments/E13/pipeline_outputs/subaction_47_P01_109_47/episode_01_left/frame_004648_left/label_heatmap_merged_overlay.png,/Users/huhu/Documents/Code/bishe/vrb/vrbreproduction/outputs/e13_engineered_homography_100subaction/experiments/E13/pipeline_outputs/subaction_47_P01_109_47/episode_01_left/frame_004648_left/vrb_style_affordance.png,/Users/huhu/Documents/Code/bishe/vrb/vrbreproduction/outputs/e13_engineered_homography_100subaction/experiments/E13/pipeline_outputs/subaction_47_P01_109_47/episode_01_left/frame_004648_left/diagnostics/problem3_ref_full_overlay.png,/Users/huhu/Documents/Code/bishe/vrb/vrbreproduction/outputs/e13_engineered_homography_100subaction/experiments/E13/pipeline_outputs/subaction_47_P01_109_47/episode_01_left/frame_004648_left/diagnostics/problem3_ref_crop.png
47,P01_109_47,close cupboard,close,cupboard,1.0,4648.0,4649.0,1.0,left,short_window_pre_contact,4647.0,2.0,2.0,1.0,2.0,11.597028732299805,/Users/huhu/Documents/Code/bishe/vrb/vrbreproduction/outputs/e13_engineered_homography_100subaction/experiments/E13/pipeline_outputs/subaction_47_P01_109_47/episode_01_left/frame_004649_left,/Users/huhu/Documents/Code/bishe/vrb/vrbreproduction/outputs/e13_engineered_homography_100subaction/experiments/E13/pipeline_outputs/subaction_47_P01_109_47/episode_01_left/frame_004649_left/contact_frame.png,/Users/huhu/Documents/Code/bishe/vrb/vrbreproduction/outputs/e13_engineered_homography_100subaction/experiments/E13/pipeline_outputs/subaction_47_P01_109_47/episode_01_left/frame_004649_left/reference_frame.png,/Users/huhu/Documents/Code/bishe/vrb/vrbreproduction/outputs/e13_engineered_homography_100subaction/experiments/E13/pipeline_outputs/subaction_47_P01_109_47/episode_01_left/frame_004649_left/contact_overlay.png,/Users/huhu/Documents/Code/bishe/vrb/vrbreproduction/outputs/e13_engineered_homography_100subaction/experiments/E13/pipeline_outputs/subaction_47_P01_109_47/episode_01_left/frame_004649_left/projection_overlay_raw_vs_snapped.png,/Users/huhu/Documents/Code/bishe/vrb/vrbreproduction/outputs/e13_engineered_homography_100subaction/experiments/E13/pipeline_outputs/subaction_47_P01_109_47/episode_01_left/frame_004649_left/homography_matches.png,/Users/huhu/Documents/Code/bishe/vrb/vrbreproduction/outputs/e13_engineered_homography_100subaction/experiments/E13/pipeline_outputs/subaction_47_P01_109_47/episode_01_left/frame_004649_left/label_heatmap_merged_overlay.png,/Users/huhu/Documents/Code/bishe/vrb/vrbreproduction/outputs/e13_engineered_homography_100subaction/experiments/E13/pipeline_outputs/subaction_47_P01_109_47/episode_01_left/frame_004649_left/vrb_style_affordance.png,/Users/huhu/Documents/Code/bishe/vrb/vrbreproduction/outputs/e13_engineered_homography_100subaction/experiments/E13/pipeline_outputs/subaction_47_P01_109_47/episode_01_left/frame_004649_left/diagnostics/problem3_ref_full_overlay.png,/Users/huhu/Documents/Code/bishe/vrb/vrbreproduction/outputs/e13_engineered_homography_100subaction/experiments/E13/pipeline_outputs/subaction_47_P01_109_47/episode_01_left/frame_004649_left/diagnostics/problem3_ref_crop.png
47,P01_109_47,close cupboard,close,cupboard,3.0,4661.0,4661.0,0.0,right,short_window_pre_contact,4660.0,1.0,1.0,1.0,5.0,0.0,/Users/huhu/Documents/Code/bishe/vrb/vrbreproduction/outputs/e13_engineered_homography_100subaction/experiments/E13/pipeline_outputs/subaction_47_P01_109_47/episode_03_right/frame_004661_right,/Users/huhu/Documents/Code/bishe/vrb/vrbreproduction/outputs/e13_engineered_homography_100subaction/experiments/E13/pipeline_outputs/subaction_47_P01_109_47/episode_03_right/frame_004661_right/contact_frame.png,/Users/huhu/Documents/Code/bishe/vrb/vrbreproduction/outputs/e13_engineered_homography_100subaction/experiments/E13/pipeline_outputs/subaction_47_P01_109_47/episode_03_right/frame_004661_right/reference_frame.png,/Users/huhu/Documents/Code/bishe/vrb/vrbreproduction/outputs/e13_engineered_homography_100subaction/experiments/E13/pipeline_outputs/subaction_47_P01_109_47/episode_03_right/frame_004661_right/contact_overlay.png,/Users/huhu/Documents/Code/bishe/vrb/vrbreproduction/outputs/e13_engineered_homography_100subaction/experiments/E13/pipeline_outputs/subaction_47_P01_109_47/episode_03_right/frame_004661_right/projection_overlay_raw_vs_snapped.png,/Users/huhu/Documents/Code/bishe/vrb/vrbreproduction/outputs/e13_engineered_homography_100subaction/experiments/E13/pipeline_outputs/subaction_47_P01_109_47/episode_03_right/frame_004661_right/homography_matches.png,/Users/huhu/Documents/Code/bishe/vrb/vrbreproduction/outputs/e13_engineered_homography_100subaction/experiments/E13/pipeline_outputs/subaction_47_P01_109_47/episode_03_right/frame_004661_right/label_heatmap_merged_overlay.png,/Users/huhu/Documents/Code/bishe/vrb/vrbreproduction/outputs/e13_engineered_homography_100subaction/experiments/E13/pipeline_outputs/subaction_47_P01_109_47/episode_03_right/frame_004661_right/vrb_style_affordance.png,/Users/huhu/Documents/Code/bishe/vrb/vrbreproduction/outputs/e13_engineered_homography_100subaction/experiments/E13/pipeline_outputs/subaction_47_P01_109_47/episode_03_right/frame_004661_right/diagnostics/problem3_ref_full_overlay.png,/Users/huhu/Documents/Code/bishe/vrb/vrbreproduction/outputs/e13_engineered_homography_100subaction/experiments/E13/pipeline_outputs/subaction_47_P01_109_47/episode_03_right/frame_004661_right/diagnostics/problem3_ref_crop.png
47,P01_109_47,close cupboard,close,cupboard,3.0,4661.0,4662.0,1.0,right,short_window_pre_contact,4660.0,2.0,2.0,1.0,5.0,0.0,/Users/huhu/Documents/Code/bishe/vrb/vrbreproduction/outputs/e13_engineered_homography_100subaction/experiments/E13/pipeline_outputs/subaction_47_P01_109_47/episode_03_right/frame_004662_right,/Users/huhu/Documents/Code/bishe/vrb/vrbreproduction/outputs/e13_engineered_homography_100subaction/experiments/E13/pipeline_outputs/subaction_47_P01_109_47/episode_03_right/frame_004662_right/contact_frame.png,/Users/huhu/Documents/Code/bishe/vrb/vrbreproduction/outputs/e13_engineered_homography_100subaction/experiments/E13/pipeline_outputs/subaction_47_P01_109_47/episode_03_right/frame_004662_right/reference_frame.png,/Users/huhu/Documents/Code/bishe/vrb/vrbreproduction/outputs/e13_engineered_homography_100subaction/experiments/E13/pipeline_outputs/subaction_47_P01_109_47/episode_03_right/frame_004662_right/contact_overlay.png,/Users/huhu/Documents/Code/bishe/vrb/vrbreproduction/outputs/e13_engineered_homography_100subaction/experiments/E13/pipeline_outputs/subaction_47_P01_109_47/episode_03_right/frame_004662_right/projection_overlay_raw_vs_snapped.png,/Users/huhu/Documents/Code/bishe/vrb/vrbreproduction/outputs/e13_engineered_homography_100subaction/experiments/E13/pipeline_outputs/subaction_47_P01_109_47/episode_03_right/frame_004662_right/homography_matches.png,/Users/huhu/Documents/Code/bishe/vrb/vrbreproduction/outputs/e13_engineered_homography_100subaction/experiments/E13/pipeline_outputs/subaction_47_P01_109_47/episode_03_right/frame_004662_right/label_heatmap_merged_overlay.png,/Users/huhu/Documents/Code/bishe/vrb/vrbreproduction/outputs/e13_engineered_homography_100subaction/experiments/E13/pipeline_outputs/subaction_47_P01_109_47/episode_03_right/frame_004662_right/vrb_style_affordance.png,/Users/huhu/Documents/Code/bishe/vrb/vrbreproduction/outputs/e13_engineered_homography_100subaction/experiments/E13/pipeline_outputs/subaction_47_P01_109_47/episode_03_right/frame_004662_right/diagnostics/problem3_ref_full_overlay.png,/Users/huhu/Documents/Code/bishe/vrb/vrbreproduction/outputs/e13_engineered_homography_100subaction/experiments/E13/pipeline_outputs/subaction_47_P01_109_47/episode_03_right/frame_004662_right/diagnostics/problem3_ref_crop.png
47,P01_109_47,close cupboard,close,cupboard,3.0,4661.0,4663.0,2.0,right,short_window_pre_contact,4660.0,3.0,3.0,1.0,5.0,0.0,/Users/huhu/Documents/Code/bishe/vrb/vrbreproduction/outputs/e13_engineered_homography_100subaction/experiments/E13/pipeline_outputs/subaction_47_P01_109_47/episode_03_right/frame_004663_right,/Users/huhu/Documents/Code/bishe/vrb/vrbreproduction/outputs/e13_engineered_homography_100subaction/experiments/E13/pipeline_outputs/subaction_47_P01_109_47/episode_03_right/frame_004663_right/contact_frame.png,/Users/huhu/Documents/Code/bishe/vrb/vrbreproduction/outputs/e13_engineered_homography_100subaction/experiments/E13/pipeline_outputs/subaction_47_P01_109_47/episode_03_right/frame_004663_right/reference_frame.png,/Users/huhu/Documents/Code/bishe/vrb/vrbreproduction/outputs/e13_engineered_homography_100subaction/experiments/E13/pipeline_outputs/subaction_47_P01_109_47/episode_03_right/frame_004663_right/contact_overlay.png,/Users/huhu/Documents/Code/bishe/vrb/vrbreproduction/outputs/e13_engineered_homography_100subaction/experiments/E13/pipeline_outputs/subaction_47_P01_109_47/episode_03_right/frame_004663_right/projection_overlay_raw_vs_snapped.png,/Users/huhu/Documents/Code/bishe/vrb/vrbreproduction/outputs/e13_engineered_homography_100subaction/experiments/E13/pipeline_outputs/subaction_47_P01_109_47/episode_03_right/frame_004663_right/homography_matches.png,/Users/huhu/Documents/Code/bishe/vrb/vrbreproduction/outputs/e13_engineered_homography_100subaction/experiments/E13/pipeline_outputs/subaction_47_P01_109_47/episode_03_right/frame_004663_right/label_heatmap_merged_overlay.png,/Users/huhu/Documents/Code/bishe/vrb/vrbreproduction/outputs/e13_engineered_homography_100subaction/experiments/E13/pipeline_outputs/subaction_47_P01_109_47/episode_03_right/frame_004663_right/vrb_style_affordance.png,/Users/huhu/Documents/Code/bishe/vrb/vrbreproduction/outputs/e13_engineered_homography_100subaction/experiments/E13/pipeline_outputs/subaction_47_P01_109_47/episode_03_right/frame_004663_right/diagnostics/problem3_ref_full_overlay.png,/Users/huhu/Documents/Code/bishe/vrb/vrbreproduction/outputs/e13_engineered_homography_100subaction/experiments/E13/pipeline_outputs/subaction_47_P01_109_47/episode_03_right/frame_004663_right/diagnostics/problem3_ref_crop.png
67,P01_109_67,put down knife,put-down,knife,1.0,10261.0,10261.0,0.0,right,short_window_pre_contact,10260.0,1.0,1.0,1.0,5.0,0.0,/Users/huhu/Documents/Code/bishe/vrb/vrbreproduction/outputs/e13_engineered_homography_100subaction/experiments/E13/pipeline_outputs/subaction_67_P01_109_67/episode_01_right/frame_010261_right,/Users/huhu/Documents/Code/bishe/vrb/vrbreproduction/outputs/e13_engineered_homography_100subaction/experiments/E13/pipeline_outputs/subaction_67_P01_109_67/episode_01_right/frame_010261_right/contact_frame.png,/Users/huhu/Documents/Code/bishe/vrb/vrbreproduction/outputs/e13_engineered_homography_100subaction/experiments/E13/pipeline_outputs/subaction_67_P01_109_67/episode_01_right/frame_010261_right/reference_frame.png,/Users/huhu/Documents/Code/bishe/vrb/vrbreproduction/outputs/e13_engineered_homography_100subaction/experiments/E13/pipeline_outputs/subaction_67_P01_109_67/episode_01_right/frame_010261_right/contact_overlay.png,/Users/huhu/Documents/Code/bishe/vrb/vrbreproduction/outputs/e13_engineered_homography_100subaction/experiments/E13/pipeline_outputs/subaction_67_P01_109_67/episode_01_right/frame_010261_right/projection_overlay_raw_vs_snapped.png,/Users/huhu/Documents/Code/bishe/vrb/vrbreproduction/outputs/e13_engineered_homography_100subaction/experiments/E13/pipeline_outputs/subaction_67_P01_109_67/episode_01_right/frame_010261_right/homography_matches.png,/Users/huhu/Documents/Code/bishe/vrb/vrbreproduction/outputs/e13_engineered_homography_100subaction/experiments/E13/pipeline_outputs/subaction_67_P01_109_67/episode_01_right/frame_010261_right/label_heatmap_merged_overlay.png,/Users/huhu/Documents/Code/bishe/vrb/vrbreproduction/outputs/e13_engineered_homography_100subaction/experiments/E13/pipeline_outputs/subaction_67_P01_109_67/episode_01_right/frame_010261_right/vrb_style_affordance.png,/Users/huhu/Documents/Code/bishe/vrb/vrbreproduction/outputs/e13_engineered_homography_100subaction/experiments/E13/pipeline_outputs/subaction_67_P01_109_67/episode_01_right/frame_010261_right/diagnostics/problem3_ref_full_overlay.png,/Users/huhu/Documents/Code/bishe/vrb/vrbreproduction/outputs/e13_engineered_homography_100subaction/experiments/E13/pipeline_outputs/subaction_67_P01_109_67/episode_01_right/frame_010261_right/diagnostics/problem3_ref_crop.png
67,P01_109_67,put down knife,put-down,knife,1.0,10261.0,10262.0,1.0,right,short_window_pre_contact,10260.0,2.0,2.0,1.0,5.0,0.0,/Users/huhu/Documents/Code/bishe/vrb/vrbreproduction/outputs/e13_engineered_homography_100subaction/experiments/E13/pipeline_outputs/subaction_67_P01_109_67/episode_01_right/frame_010262_right,/Users/huhu/Documents/Code/bishe/vrb/vrbreproduction/outputs/e13_engineered_homography_100subaction/experiments/E13/pipeline_outputs/subaction_67_P01_109_67/episode_01_right/frame_010262_right/contact_frame.png,/Users/huhu/Documents/Code/bishe/vrb/vrbreproduction/outputs/e13_engineered_homography_100subaction/experiments/E13/pipeline_outputs/subaction_67_P01_109_67/episode_01_right/frame_010262_right/reference_frame.png,/Users/huhu/Documents/Code/bishe/vrb/vrbreproduction/outputs/e13_engineered_homography_100subaction/experiments/E13/pipeline_outputs/subaction_67_P01_109_67/episode_01_right/frame_010262_right/contact_overlay.png,/Users/huhu/Documents/Code/bishe/vrb/vrbreproduction/outputs/e13_engineered_homography_100subaction/experiments/E13/pipeline_outputs/subaction_67_P01_109_67/episode_01_right/frame_010262_right/projection_overlay_raw_vs_snapped.png,/Users/huhu/Documents/Code/bishe/vrb/vrbreproduction/outputs/e13_engineered_homography_100subaction/experiments/E13/pipeline_outputs/subaction_67_P01_109_67/episode_01_right/frame_010262_right/homography_matches.png,/Users/huhu/Documents/Code/bishe/vrb/vrbreproduction/outputs/e13_engineered_homography_100subaction/experiments/E13/pipeline_outputs/subaction_67_P01_109_67/episode_01_right/frame_010262_right/label_heatmap_merged_overlay.png,/Users/huhu/Documents/Code/bishe/vrb/vrbreproduction/outputs/e13_engineered_homography_100subaction/experiments/E13/pipeline_outputs/subaction_67_P01_109_67/episode_01_right/frame_010262_right/vrb_style_affordance.png,/Users/huhu/Documents/Code/bishe/vrb/vrbreproduction/outputs/e13_engineered_homography_100subaction/experiments/E13/pipeline_outputs/subaction_67_P01_109_67/episode_01_right/frame_010262_right/diagnostics/problem3_ref_full_overlay.png,/Users/huhu/Documents/Code/bishe/vrb/vrbreproduction/outputs/e13_engineered_homography_100subaction/experiments/E13/pipeline_outputs/subaction_67_P01_109_67/episode_01_right/frame_010262_right/diagnostics/problem3_ref_crop.png
71,P01_109_71,put down potato slices,put-down,slice:potato,2.0,11983.0,11983.0,0.0,left,short_window_pre_contact,11982.0,1.0,1.0,1.0,5.0,0.0,/Users/huhu/Documents/Code/bishe/vrb/vrbreproduction/outputs/e13_engineered_homography_100subaction/experiments/E13/pipeline_outputs/subaction_71_P01_109_71/episode_02_left/frame_011983_left,/Users/huhu/Documents/Code/bishe/vrb/vrbreproduction/outputs/e13_engineered_homography_100subaction/experiments/E13/pipeline_outputs/subaction_71_P01_109_71/episode_02_left/frame_011983_left/contact_frame.png,/Users/huhu/Documents/Code/bishe/vrb/vrbreproduction/outputs/e13_engineered_homography_100subaction/experiments/E13/pipeline_outputs/subaction_71_P01_109_71/episode_02_left/frame_011983_left/reference_frame.png,/Users/huhu/Documents/Code/bishe/vrb/vrbreproduction/outputs/e13_engineered_homography_100subaction/experiments/E13/pipeline_outputs/subaction_71_P01_109_71/episode_02_left/frame_011983_left/contact_overlay.png,/Users/huhu/Documents/Code/bishe/vrb/vrbreproduction/outputs/e13_engineered_homography_100subaction/experiments/E13/pipeline_outputs/subaction_71_P01_109_71/episode_02_left/frame_011983_left/projection_overlay_raw_vs_snapped.png,/Users/huhu/Documents/Code/bishe/vrb/vrbreproduction/outputs/e13_engineered_homography_100subaction/experiments/E13/pipeline_outputs/subaction_71_P01_109_71/episode_02_left/frame_011983_left/homography_matches.png,/Users/huhu/Documents/Code/bishe/vrb/vrbreproduction/outputs/e13_engineered_homography_100subaction/experiments/E13/pipeline_outputs/subaction_71_P01_109_71/episode_02_left/frame_011983_left/label_heatmap_merged_overlay.png,/Users/huhu/Documents/Code/bishe/vrb/vrbreproduction/outputs/e13_engineered_homography_100subaction/experiments/E13/pipeline_outputs/subaction_71_P01_109_71/episode_02_left/frame_011983_left/vrb_style_affordance.png,/Users/huhu/Documents/Code/bishe/vrb/vrbreproduction/outputs/e13_engineered_homography_100subaction/experiments/E13/pipeline_outputs/subaction_71_P01_109_71/episode_02_left/frame_011983_left/diagnostics/problem3_ref_full_overlay.png,/Users/huhu/Documents/Code/bishe/vrb/vrbreproduction/outputs/e13_engineered_homography_100subaction/experiments/E13/pipeline_outputs/subaction_71_P01_109_71/episode_02_left/frame_011983_left/diagnostics/problem3_ref_crop.png
71,P01_109_71,put down potato slices,put-down,slice:potato,3.0,11983.0,11983.0,0.0,right,short_window_pre_contact,11982.0,1.0,1.0,1.0,5.0,0.0,/Users/huhu/Documents/Code/bishe/vrb/vrbreproduction/outputs/e13_engineered_homography_100subaction/experiments/E13/pipeline_outputs/subaction_71_P01_109_71/episode_03_right/frame_011983_right,/Users/huhu/Documents/Code/bishe/vrb/vrbreproduction/outputs/e13_engineered_homography_100subaction/experiments/E13/pipeline_outputs/subaction_71_P01_109_71/episode_03_right/frame_011983_right/contact_frame.png,/Users/huhu/Documents/Code/bishe/vrb/vrbreproduction/outputs/e13_engineered_homography_100subaction/experiments/E13/pipeline_outputs/subaction_71_P01_109_71/episode_03_right/frame_011983_right/reference_frame.png,/Users/huhu/Documents/Code/bishe/vrb/vrbreproduction/outputs/e13_engineered_homography_100subaction/experiments/E13/pipeline_outputs/subaction_71_P01_109_71/episode_03_right/frame_011983_right/contact_overlay.png,/Users/huhu/Documents/Code/bishe/vrb/vrbreproduction/outputs/e13_engineered_homography_100subaction/experiments/E13/pipeline_outputs/subaction_71_P01_109_71/episode_03_right/frame_011983_right/projection_overlay_raw_vs_snapped.png,/Users/huhu/Documents/Code/bishe/vrb/vrbreproduction/outputs/e13_engineered_homography_100subaction/experiments/E13/pipeline_outputs/subaction_71_P01_109_71/episode_03_right/frame_011983_right/homography_matches.png,/Users/huhu/Documents/Code/bishe/vrb/vrbreproduction/outputs/e13_engineered_homography_100subaction/experiments/E13/pipeline_outputs/subaction_71_P01_109_71/episode_03_right/frame_011983_right/label_heatmap_merged_overlay.png,/Users/huhu/Documents/Code/bishe/vrb/vrbreproduction/outputs/e13_engineered_homography_100subaction/experiments/E13/pipeline_outputs/subaction_71_P01_109_71/episode_03_right/frame_011983_right/vrb_style_affordance.png,/Users/huhu/Documents/Code/bishe/vrb/vrbreproduction/outputs/e13_engineered_homography_100subaction/experiments/E13/pipeline_outputs/subaction_71_P01_109_71/episode_03_right/frame_011983_right/diagnostics/problem3_ref_full_overlay.png,/Users/huhu/Documents/Code/bishe/vrb/vrbreproduction/outputs/e13_engineered_homography_100subaction/experiments/E13/pipeline_outputs/subaction_71_P01_109_71/episode_03_right/frame_011983_right/diagnostics/problem3_ref_crop.png
71,P01_109_71,put down potato slices,put-down,slice:potato,3.0,11983.0,11984.0,1.0,right,short_window_pre_contact,11982.0,2.0,2.0,1.0,4.0,14.009803771972656,/Users/huhu/Documents/Code/bishe/vrb/vrbreproduction/outputs/e13_engineered_homography_100subaction/experiments/E13/pipeline_outputs/subaction_71_P01_109_71/episode_03_right/frame_011984_right,/Users/huhu/Documents/Code/bishe/vrb/vrbreproduction/outputs/e13_engineered_homography_100subaction/experiments/E13/pipeline_outputs/subaction_71_P01_109_71/episode_03_right/frame_011984_right/contact_frame.png,/Users/huhu/Documents/Code/bishe/vrb/vrbreproduction/outputs/e13_engineered_homography_100subaction/experiments/E13/pipeline_outputs/subaction_71_P01_109_71/episode_03_right/frame_011984_right/reference_frame.png,/Users/huhu/Documents/Code/bishe/vrb/vrbreproduction/outputs/e13_engineered_homography_100subaction/experiments/E13/pipeline_outputs/subaction_71_P01_109_71/episode_03_right/frame_011984_right/contact_overlay.png,/Users/huhu/Documents/Code/bishe/vrb/vrbreproduction/outputs/e13_engineered_homography_100subaction/experiments/E13/pipeline_outputs/subaction_71_P01_109_71/episode_03_right/frame_011984_right/projection_overlay_raw_vs_snapped.png,/Users/huhu/Documents/Code/bishe/vrb/vrbreproduction/outputs/e13_engineered_homography_100subaction/experiments/E13/pipeline_outputs/subaction_71_P01_109_71/episode_03_right/frame_011984_right/homography_matches.png,/Users/huhu/Documents/Code/bishe/vrb/vrbreproduction/outputs/e13_engineered_homography_100subaction/experiments/E13/pipeline_outputs/subaction_71_P01_109_71/episode_03_right/frame_011984_right/label_heatmap_merged_overlay.png,/Users/huhu/Documents/Code/bishe/vrb/vrbreproduction/outputs/e13_engineered_homography_100subaction/experiments/E13/pipeline_outputs/subaction_71_P01_109_71/episode_03_right/frame_011984_right/vrb_style_affordance.png,/Users/huhu/Documents/Code/bishe/vrb/vrbreproduction/outputs/e13_engineered_homography_100subaction/experiments/E13/pipeline_outputs/subaction_71_P01_109_71/episode_03_right/frame_011984_right/diagnostics/problem3_ref_full_overlay.png,/Users/huhu/Documents/Code/bishe/vrb/vrbreproduction/outputs/e13_engineered_homography_100subaction/experiments/E13/pipeline_outputs/subaction_71_P01_109_71/episode_03_right/frame_011984_right/diagnostics/problem3_ref_crop.png
75,P01_109_75,put down potato slices,put-down,slice:potato,2.0,12325.0,12325.0,0.0,right,short_window_pre_contact,12324.0,1.0,1.0,1.0,4.0,0.6472645401954651,/Users/huhu/Documents/Code/bishe/vrb/vrbreproduction/outputs/e13_engineered_homography_100subaction/experiments/E13/pipeline_outputs/subaction_75_P01_109_75/episode_02_right/frame_012325_right,/Users/huhu/Documents/Code/bishe/vrb/vrbreproduction/outputs/e13_engineered_homography_100subaction/experiments/E13/pipeline_outputs/subaction_75_P01_109_75/episode_02_right/frame_012325_right/contact_frame.png,/Users/huhu/Documents/Code/bishe/vrb/vrbreproduction/outputs/e13_engineered_homography_100subaction/experiments/E13/pipeline_outputs/subaction_75_P01_109_75/episode_02_right/frame_012325_right/reference_frame.png,/Users/huhu/Documents/Code/bishe/vrb/vrbreproduction/outputs/e13_engineered_homography_100subaction/experiments/E13/pipeline_outputs/subaction_75_P01_109_75/episode_02_right/frame_012325_right/contact_overlay.png,/Users/huhu/Documents/Code/bishe/vrb/vrbreproduction/outputs/e13_engineered_homography_100subaction/experiments/E13/pipeline_outputs/subaction_75_P01_109_75/episode_02_right/frame_012325_right/projection_overlay_raw_vs_snapped.png,/Users/huhu/Documents/Code/bishe/vrb/vrbreproduction/outputs/e13_engineered_homography_100subaction/experiments/E13/pipeline_outputs/subaction_75_P01_109_75/episode_02_right/frame_012325_right/homography_matches.png,/Users/huhu/Documents/Code/bishe/vrb/vrbreproduction/outputs/e13_engineered_homography_100subaction/experiments/E13/pipeline_outputs/subaction_75_P01_109_75/episode_02_right/frame_012325_right/label_heatmap_merged_overlay.png,/Users/huhu/Documents/Code/bishe/vrb/vrbreproduction/outputs/e13_engineered_homography_100subaction/experiments/E13/pipeline_outputs/subaction_75_P01_109_75/episode_02_right/frame_012325_right/vrb_style_affordance.png,/Users/huhu/Documents/Code/bishe/vrb/vrbreproduction/outputs/e13_engineered_homography_100subaction/experiments/E13/pipeline_outputs/subaction_75_P01_109_75/episode_02_right/frame_012325_right/diagnostics/problem3_ref_full_overlay.png,/Users/huhu/Documents/Code/bishe/vrb/vrbreproduction/outputs/e13_engineered_homography_100subaction/experiments/E13/pipeline_outputs/subaction_75_P01_109_75/episode_02_right/frame_012325_right/diagnostics/problem3_ref_crop.png
75,P01_109_75,put down potato slices,put-down,slice:potato,2.0,12325.0,12326.0,1.0,right,short_window_pre_contact,12324.0,2.0,2.0,1.0,2.0,7.056522369384766,/Users/huhu/Documents/Code/bishe/vrb/vrbreproduction/outputs/e13_engineered_homography_100subaction/experiments/E13/pipeline_outputs/subaction_75_P01_109_75/episode_02_right/frame_012326_right,/Users/huhu/Documents/Code/bishe/vrb/vrbreproduction/outputs/e13_engineered_homography_100subaction/experiments/E13/pipeline_outputs/subaction_75_P01_109_75/episode_02_right/frame_012326_right/contact_frame.png,/Users/huhu/Documents/Code/bishe/vrb/vrbreproduction/outputs/e13_engineered_homography_100subaction/experiments/E13/pipeline_outputs/subaction_75_P01_109_75/episode_02_right/frame_012326_right/reference_frame.png,/Users/huhu/Documents/Code/bishe/vrb/vrbreproduction/outputs/e13_engineered_homography_100subaction/experiments/E13/pipeline_outputs/subaction_75_P01_109_75/episode_02_right/frame_012326_right/contact_overlay.png,/Users/huhu/Documents/Code/bishe/vrb/vrbreproduction/outputs/e13_engineered_homography_100subaction/experiments/E13/pipeline_outputs/subaction_75_P01_109_75/episode_02_right/frame_012326_right/projection_overlay_raw_vs_snapped.png,/Users/huhu/Documents/Code/bishe/vrb/vrbreproduction/outputs/e13_engineered_homography_100subaction/experiments/E13/pipeline_outputs/subaction_75_P01_109_75/episode_02_right/frame_012326_right/homography_matches.png,/Users/huhu/Documents/Code/bishe/vrb/vrbreproduction/outputs/e13_engineered_homography_100subaction/experiments/E13/pipeline_outputs/subaction_75_P01_109_75/episode_02_right/frame_012326_right/label_heatmap_merged_overlay.png,/Users/huhu/Documents/Code/bishe/vrb/vrbreproduction/outputs/e13_engineered_homography_100subaction/experiments/E13/pipeline_outputs/subaction_75_P01_109_75/episode_02_right/frame_012326_right/vrb_style_affordance.png,/Users/huhu/Documents/Code/bishe/vrb/vrbreproduction/outputs/e13_engineered_homography_100subaction/experiments/E13/pipeline_outputs/subaction_75_P01_109_75/episode_02_right/frame_012326_right/diagnostics/problem3_ref_full_overlay.png,/Users/huhu/Documents/Code/bishe/vrb/vrbreproduction/outputs/e13_engineered_homography_100subaction/experiments/E13/pipeline_outputs/subaction_75_P01_109_75/episode_02_right/frame_012326_right/diagnostics/problem3_ref_crop.png
75,P01_109_75,put down potato slices,put-down,slice:potato,2.0,12325.0,12327.0,2.0,right,short_window_pre_contact,12324.0,3.0,3.0,1.0,5.0,0.0,/Users/huhu/Documents/Code/bishe/vrb/vrbreproduction/outputs/e13_engineered_homography_100subaction/experiments/E13/pipeline_outputs/subaction_75_P01_109_75/episode_02_right/frame_012327_right,/Users/huhu/Documents/Code/bishe/vrb/vrbreproduction/outputs/e13_engineered_homography_100subaction/experiments/E13/pipeline_outputs/subaction_75_P01_109_75/episode_02_right/frame_012327_right/contact_frame.png,/Users/huhu/Documents/Code/bishe/vrb/vrbreproduction/outputs/e13_engineered_homography_100subaction/experiments/E13/pipeline_outputs/subaction_75_P01_109_75/episode_02_right/frame_012327_right/reference_frame.png,/Users/huhu/Documents/Code/bishe/vrb/vrbreproduction/outputs/e13_engineered_homography_100subaction/experiments/E13/pipeline_outputs/subaction_75_P01_109_75/episode_02_right/frame_012327_right/contact_overlay.png,/Users/huhu/Documents/Code/bishe/vrb/vrbreproduction/outputs/e13_engineered_homography_100subaction/experiments/E13/pipeline_outputs/subaction_75_P01_109_75/episode_02_right/frame_012327_right/projection_overlay_raw_vs_snapped.png,/Users/huhu/Documents/Code/bishe/vrb/vrbreproduction/outputs/e13_engineered_homography_100subaction/experiments/E13/pipeline_outputs/subaction_75_P01_109_75/episode_02_right/frame_012327_right/homography_matches.png,/Users/huhu/Documents/Code/bishe/vrb/vrbreproduction/outputs/e13_engineered_homography_100subaction/experiments/E13/pipeline_outputs/subaction_75_P01_109_75/episode_02_right/frame_012327_right/label_heatmap_merged_overlay.png,/Users/huhu/Documents/Code/bishe/vrb/vrbreproduction/outputs/e13_engineered_homography_100subaction/experiments/E13/pipeline_outputs/subaction_75_P01_109_75/episode_02_right/frame_012327_right/vrb_style_affordance.png,/Users/huhu/Documents/Code/bishe/vrb/vrbreproduction/outputs/e13_engineered_homography_100subaction/experiments/E13/pipeline_outputs/subaction_75_P01_109_75/episode_02_right/frame_012327_right/diagnostics/problem3_ref_full_overlay.png,/Users/huhu/Documents/Code/bishe/vrb/vrbreproduction/outputs/e13_engineered_homography_100subaction/experiments/E13/pipeline_outputs/subaction_75_P01_109_75/episode_02_right/frame_012327_right/diagnostics/problem3_ref_crop.png
76,P01_109_76,pick up potato slice,pick-up,slice:potato,1.0,12325.0,12325.0,0.0,right,short_window_pre_contact,12324.0,1.0,1.0,1.0,4.0,0.6472645401954651,/Users/huhu/Documents/Code/bishe/vrb/vrbreproduction/outputs/e13_engineered_homography_100subaction/experiments/E13/pipeline_outputs/subaction_76_P01_109_76/episode_01_right/frame_012325_right,/Users/huhu/Documents/Code/bishe/vrb/vrbreproduction/outputs/e13_engineered_homography_100subaction/experiments/E13/pipeline_outputs/subaction_76_P01_109_76/episode_01_right/frame_012325_right/contact_frame.png,/Users/huhu/Documents/Code/bishe/vrb/vrbreproduction/outputs/e13_engineered_homography_100subaction/experiments/E13/pipeline_outputs/subaction_76_P01_109_76/episode_01_right/frame_012325_right/reference_frame.png,/Users/huhu/Documents/Code/bishe/vrb/vrbreproduction/outputs/e13_engineered_homography_100subaction/experiments/E13/pipeline_outputs/subaction_76_P01_109_76/episode_01_right/frame_012325_right/contact_overlay.png,/Users/huhu/Documents/Code/bishe/vrb/vrbreproduction/outputs/e13_engineered_homography_100subaction/experiments/E13/pipeline_outputs/subaction_76_P01_109_76/episode_01_right/frame_012325_right/projection_overlay_raw_vs_snapped.png,/Users/huhu/Documents/Code/bishe/vrb/vrbreproduction/outputs/e13_engineered_homography_100subaction/experiments/E13/pipeline_outputs/subaction_76_P01_109_76/episode_01_right/frame_012325_right/homography_matches.png,/Users/huhu/Documents/Code/bishe/vrb/vrbreproduction/outputs/e13_engineered_homography_100subaction/experiments/E13/pipeline_outputs/subaction_76_P01_109_76/episode_01_right/frame_012325_right/label_heatmap_merged_overlay.png,/Users/huhu/Documents/Code/bishe/vrb/vrbreproduction/outputs/e13_engineered_homography_100subaction/experiments/E13/pipeline_outputs/subaction_76_P01_109_76/episode_01_right/frame_012325_right/vrb_style_affordance.png,/Users/huhu/Documents/Code/bishe/vrb/vrbreproduction/outputs/e13_engineered_homography_100subaction/experiments/E13/pipeline_outputs/subaction_76_P01_109_76/episode_01_right/frame_012325_right/diagnostics/problem3_ref_full_overlay.png,/Users/huhu/Documents/Code/bishe/vrb/vrbreproduction/outputs/e13_engineered_homography_100subaction/experiments/E13/pipeline_outputs/subaction_76_P01_109_76/episode_01_right/frame_012325_right/diagnostics/problem3_ref_crop.png
76,P01_109_76,pick up potato slice,pick-up,slice:potato,1.0,12325.0,12326.0,1.0,right,short_window_pre_contact,12324.0,2.0,2.0,1.0,2.0,7.056522369384766,/Users/huhu/Documents/Code/bishe/vrb/vrbreproduction/outputs/e13_engineered_homography_100subaction/experiments/E13/pipeline_outputs/subaction_76_P01_109_76/episode_01_right/frame_012326_right,/Users/huhu/Documents/Code/bishe/vrb/vrbreproduction/outputs/e13_engineered_homography_100subaction/experiments/E13/pipeline_outputs/subaction_76_P01_109_76/episode_01_right/frame_012326_right/contact_frame.png,/Users/huhu/Documents/Code/bishe/vrb/vrbreproduction/outputs/e13_engineered_homography_100subaction/experiments/E13/pipeline_outputs/subaction_76_P01_109_76/episode_01_right/frame_012326_right/reference_frame.png,/Users/huhu/Documents/Code/bishe/vrb/vrbreproduction/outputs/e13_engineered_homography_100subaction/experiments/E13/pipeline_outputs/subaction_76_P01_109_76/episode_01_right/frame_012326_right/contact_overlay.png,/Users/huhu/Documents/Code/bishe/vrb/vrbreproduction/outputs/e13_engineered_homography_100subaction/experiments/E13/pipeline_outputs/subaction_76_P01_109_76/episode_01_right/frame_012326_right/projection_overlay_raw_vs_snapped.png,/Users/huhu/Documents/Code/bishe/vrb/vrbreproduction/outputs/e13_engineered_homography_100subaction/experiments/E13/pipeline_outputs/subaction_76_P01_109_76/episode_01_right/frame_012326_right/homography_matches.png,/Users/huhu/Documents/Code/bishe/vrb/vrbreproduction/outputs/e13_engineered_homography_100subaction/experiments/E13/pipeline_outputs/subaction_76_P01_109_76/episode_01_right/frame_012326_right/label_heatmap_merged_overlay.png,/Users/huhu/Documents/Code/bishe/vrb/vrbreproduction/outputs/e13_engineered_homography_100subaction/experiments/E13/pipeline_outputs/subaction_76_P01_109_76/episode_01_right/frame_012326_right/vrb_style_affordance.png,/Users/huhu/Documents/Code/bishe/vrb/vrbreproduction/outputs/e13_engineered_homography_100subaction/experiments/E13/pipeline_outputs/subaction_76_P01_109_76/episode_01_right/frame_012326_right/diagnostics/problem3_ref_full_overlay.png,/Users/huhu/Documents/Code/bishe/vrb/vrbreproduction/outputs/e13_engineered_homography_100subaction/experiments/E13/pipeline_outputs/subaction_76_P01_109_76/episode_01_right/frame_012326_right/diagnostics/problem3_ref_crop.png
76,P01_109_76,pick up potato slice,pick-up,slice:potato,1.0,12325.0,12327.0,2.0,right,short_window_pre_contact,12324.0,3.0,3.0,1.0,5.0,0.0,/Users/huhu/Documents/Code/bishe/vrb/vrbreproduction/outputs/e13_engineered_homography_100subaction/experiments/E13/pipeline_outputs/subaction_76_P01_109_76/episode_01_right/frame_012327_right,/Users/huhu/Documents/Code/bishe/vrb/vrbreproduction/outputs/e13_engineered_homography_100subaction/experiments/E13/pipeline_outputs/subaction_76_P01_109_76/episode_01_right/frame_012327_right/contact_frame.png,/Users/huhu/Documents/Code/bishe/vrb/vrbreproduction/outputs/e13_engineered_homography_100subaction/experiments/E13/pipeline_outputs/subaction_76_P01_109_76/episode_01_right/frame_012327_right/reference_frame.png,/Users/huhu/Documents/Code/bishe/vrb/vrbreproduction/outputs/e13_engineered_homography_100subaction/experiments/E13/pipeline_outputs/subaction_76_P01_109_76/episode_01_right/frame_012327_right/contact_overlay.png,/Users/huhu/Documents/Code/bishe/vrb/vrbreproduction/outputs/e13_engineered_homography_100subaction/experiments/E13/pipeline_outputs/subaction_76_P01_109_76/episode_01_right/frame_012327_right/projection_overlay_raw_vs_snapped.png,/Users/huhu/Documents/Code/bishe/vrb/vrbreproduction/outputs/e13_engineered_homography_100subaction/experiments/E13/pipeline_outputs/subaction_76_P01_109_76/episode_01_right/frame_012327_right/homography_matches.png,/Users/huhu/Documents/Code/bishe/vrb/vrbreproduction/outputs/e13_engineered_homography_100subaction/experiments/E13/pipeline_outputs/subaction_76_P01_109_76/episode_01_right/frame_012327_right/label_heatmap_merged_overlay.png,/Users/huhu/Documents/Code/bishe/vrb/vrbreproduction/outputs/e13_engineered_homography_100subaction/experiments/E13/pipeline_outputs/subaction_76_P01_109_76/episode_01_right/frame_012327_right/vrb_style_affordance.png,/Users/huhu/Documents/Code/bishe/vrb/vrbreproduction/outputs/e13_engineered_homography_100subaction/experiments/E13/pipeline_outputs/subaction_76_P01_109_76/episode_01_right/frame_012327_right/diagnostics/problem3_ref_full_overlay.png,/Users/huhu/Documents/Code/bishe/vrb/vrbreproduction/outputs/e13_engineered_homography_100subaction/experiments/E13/pipeline_outputs/subaction_76_P01_109_76/episode_01_right/frame_012327_right/diagnostics/problem3_ref_crop.png
76,P01_109_76,pick up potato slice,pick-up,slice:potato,4.0,12346.0,12347.0,1.0,left,short_window_pre_contact,12345.0,2.0,2.0,1.0,2.0,1.9425266981124878,/Users/huhu/Documents/Code/bishe/vrb/vrbreproduction/outputs/e13_engineered_homography_100subaction/experiments/E13/pipeline_outputs/subaction_76_P01_109_76/episode_04_left/frame_012347_left,/Users/huhu/Documents/Code/bishe/vrb/vrbreproduction/outputs/e13_engineered_homography_100subaction/experiments/E13/pipeline_outputs/subaction_76_P01_109_76/episode_04_left/frame_012347_left/contact_frame.png,/Users/huhu/Documents/Code/bishe/vrb/vrbreproduction/outputs/e13_engineered_homography_100subaction/experiments/E13/pipeline_outputs/subaction_76_P01_109_76/episode_04_left/frame_012347_left/reference_frame.png,/Users/huhu/Documents/Code/bishe/vrb/vrbreproduction/outputs/e13_engineered_homography_100subaction/experiments/E13/pipeline_outputs/subaction_76_P01_109_76/episode_04_left/frame_012347_left/contact_overlay.png,/Users/huhu/Documents/Code/bishe/vrb/vrbreproduction/outputs/e13_engineered_homography_100subaction/experiments/E13/pipeline_outputs/subaction_76_P01_109_76/episode_04_left/frame_012347_left/projection_overlay_raw_vs_snapped.png,/Users/huhu/Documents/Code/bishe/vrb/vrbreproduction/outputs/e13_engineered_homography_100subaction/experiments/E13/pipeline_outputs/subaction_76_P01_109_76/episode_04_left/frame_012347_left/homography_matches.png,/Users/huhu/Documents/Code/bishe/vrb/vrbreproduction/outputs/e13_engineered_homography_100subaction/experiments/E13/pipeline_outputs/subaction_76_P01_109_76/episode_04_left/frame_012347_left/label_heatmap_merged_overlay.png,/Users/huhu/Documents/Code/bishe/vrb/vrbreproduction/outputs/e13_engineered_homography_100subaction/experiments/E13/pipeline_outputs/subaction_76_P01_109_76/episode_04_left/frame_012347_left/vrb_style_affordance.png,/Users/huhu/Documents/Code/bishe/vrb/vrbreproduction/outputs/e13_engineered_homography_100subaction/experiments/E13/pipeline_outputs/subaction_76_P01_109_76/episode_04_left/frame_012347_left/diagnostics/problem3_ref_full_overlay.png,/Users/huhu/Documents/Code/bishe/vrb/vrbreproduction/outputs/e13_engineered_homography_100subaction/experiments/E13/pipeline_outputs/subaction_76_P01_109_76/episode_04_left/frame_012347_left/diagnostics/problem3_ref_crop.png
76,P01_109_76,pick up potato slice,pick-up,slice:potato,4.0,12346.0,12348.0,2.0,left,short_window_pre_contact,12345.0,3.0,3.0,1.0,2.0,2.0887205600738525,/Users/huhu/Documents/Code/bishe/vrb/vrbreproduction/outputs/e13_engineered_homography_100subaction/experiments/E13/pipeline_outputs/subaction_76_P01_109_76/episode_04_left/frame_012348_left,/Users/huhu/Documents/Code/bishe/vrb/vrbreproduction/outputs/e13_engineered_homography_100subaction/experiments/E13/pipeline_outputs/subaction_76_P01_109_76/episode_04_left/frame_012348_left/contact_frame.png,/Users/huhu/Documents/Code/bishe/vrb/vrbreproduction/outputs/e13_engineered_homography_100subaction/experiments/E13/pipeline_outputs/subaction_76_P01_109_76/episode_04_left/frame_012348_left/reference_frame.png,/Users/huhu/Documents/Code/bishe/vrb/vrbreproduction/outputs/e13_engineered_homography_100subaction/experiments/E13/pipeline_outputs/subaction_76_P01_109_76/episode_04_left/frame_012348_left/contact_overlay.png,/Users/huhu/Documents/Code/bishe/vrb/vrbreproduction/outputs/e13_engineered_homography_100subaction/experiments/E13/pipeline_outputs/subaction_76_P01_109_76/episode_04_left/frame_012348_left/projection_overlay_raw_vs_snapped.png,/Users/huhu/Documents/Code/bishe/vrb/vrbreproduction/outputs/e13_engineered_homography_100subaction/experiments/E13/pipeline_outputs/subaction_76_P01_109_76/episode_04_left/frame_012348_left/homography_matches.png,/Users/huhu/Documents/Code/bishe/vrb/vrbreproduction/outputs/e13_engineered_homography_100subaction/experiments/E13/pipeline_outputs/subaction_76_P01_109_76/episode_04_left/frame_012348_left/label_heatmap_merged_overlay.png,/Users/huhu/Documents/Code/bishe/vrb/vrbreproduction/outputs/e13_engineered_homography_100subaction/experiments/E13/pipeline_outputs/subaction_76_P01_109_76/episode_04_left/frame_012348_left/vrb_style_affordance.png,/Users/huhu/Documents/Code/bishe/vrb/vrbreproduction/outputs/e13_engineered_homography_100subaction/experiments/E13/pipeline_outputs/subaction_76_P01_109_76/episode_04_left/frame_012348_left/diagnostics/problem3_ref_full_overlay.png,/Users/huhu/Documents/Code/bishe/vrb/vrbreproduction/outputs/e13_engineered_homography_100subaction/experiments/E13/pipeline_outputs/subaction_76_P01_109_76/episode_04_left/frame_012348_left/diagnostics/problem3_ref_crop.png
77,P01_109_78,pick up potato slice,pick-up,slice:potato,3.0,12346.0,12347.0,1.0,left,short_window_pre_contact,12345.0,2.0,2.0,1.0,2.0,1.9425266981124878,/Users/huhu/Documents/Code/bishe/vrb/vrbreproduction/outputs/e13_engineered_homography_100subaction/experiments/E13/pipeline_outputs/subaction_77_P01_109_78/episode_03_left/frame_012347_left,/Users/huhu/Documents/Code/bishe/vrb/vrbreproduction/outputs/e13_engineered_homography_100subaction/experiments/E13/pipeline_outputs/subaction_77_P01_109_78/episode_03_left/frame_012347_left/contact_frame.png,/Users/huhu/Documents/Code/bishe/vrb/vrbreproduction/outputs/e13_engineered_homography_100subaction/experiments/E13/pipeline_outputs/subaction_77_P01_109_78/episode_03_left/frame_012347_left/reference_frame.png,/Users/huhu/Documents/Code/bishe/vrb/vrbreproduction/outputs/e13_engineered_homography_100subaction/experiments/E13/pipeline_outputs/subaction_77_P01_109_78/episode_03_left/frame_012347_left/contact_overlay.png,/Users/huhu/Documents/Code/bishe/vrb/vrbreproduction/outputs/e13_engineered_homography_100subaction/experiments/E13/pipeline_outputs/subaction_77_P01_109_78/episode_03_left/frame_012347_left/projection_overlay_raw_vs_snapped.png,/Users/huhu/Documents/Code/bishe/vrb/vrbreproduction/outputs/e13_engineered_homography_100subaction/experiments/E13/pipeline_outputs/subaction_77_P01_109_78/episode_03_left/frame_012347_left/homography_matches.png,/Users/huhu/Documents/Code/bishe/vrb/vrbreproduction/outputs/e13_engineered_homography_100subaction/experiments/E13/pipeline_outputs/subaction_77_P01_109_78/episode_03_left/frame_012347_left/label_heatmap_merged_overlay.png,/Users/huhu/Documents/Code/bishe/vrb/vrbreproduction/outputs/e13_engineered_homography_100subaction/experiments/E13/pipeline_outputs/subaction_77_P01_109_78/episode_03_left/frame_012347_left/vrb_style_affordance.png,/Users/huhu/Documents/Code/bishe/vrb/vrbreproduction/outputs/e13_engineered_homography_100subaction/experiments/E13/pipeline_outputs/subaction_77_P01_109_78/episode_03_left/frame_012347_left/diagnostics/problem3_ref_full_overlay.png,/Users/huhu/Documents/Code/bishe/vrb/vrbreproduction/outputs/e13_engineered_homography_100subaction/experiments/E13/pipeline_outputs/subaction_77_P01_109_78/episode_03_left/frame_012347_left/diagnostics/problem3_ref_crop.png
77,P01_109_78,pick up potato slice,pick-up,slice:potato,3.0,12346.0,12348.0,2.0,left,short_window_pre_contact,12345.0,3.0,3.0,1.0,2.0,2.0887205600738525,/Users/huhu/Documents/Code/bishe/vrb/vrbreproduction/outputs/e13_engineered_homography_100subaction/experiments/E13/pipeline_outputs/subaction_77_P01_109_78/episode_03_left/frame_012348_left,/Users/huhu/Documents/Code/bishe/vrb/vrbreproduction/outputs/e13_engineered_homography_100subaction/experiments/E13/pipeline_outputs/subaction_77_P01_109_78/episode_03_left/frame_012348_left/contact_frame.png,/Users/huhu/Documents/Code/bishe/vrb/vrbreproduction/outputs/e13_engineered_homography_100subaction/experiments/E13/pipeline_outputs/subaction_77_P01_109_78/episode_03_left/frame_012348_left/reference_frame.png,/Users/huhu/Documents/Code/bishe/vrb/vrbreproduction/outputs/e13_engineered_homography_100subaction/experiments/E13/pipeline_outputs/subaction_77_P01_109_78/episode_03_left/frame_012348_left/contact_overlay.png,/Users/huhu/Documents/Code/bishe/vrb/vrbreproduction/outputs/e13_engineered_homography_100subaction/experiments/E13/pipeline_outputs/subaction_77_P01_109_78/episode_03_left/frame_012348_left/projection_overlay_raw_vs_snapped.png,/Users/huhu/Documents/Code/bishe/vrb/vrbreproduction/outputs/e13_engineered_homography_100subaction/experiments/E13/pipeline_outputs/subaction_77_P01_109_78/episode_03_left/frame_012348_left/homography_matches.png,/Users/huhu/Documents/Code/bishe/vrb/vrbreproduction/outputs/e13_engineered_homography_100subaction/experiments/E13/pipeline_outputs/subaction_77_P01_109_78/episode_03_left/frame_012348_left/label_heatmap_merged_overlay.png,/Users/huhu/Documents/Code/bishe/vrb/vrbreproduction/outputs/e13_engineered_homography_100subaction/experiments/E13/pipeline_outputs/subaction_77_P01_109_78/episode_03_left/frame_012348_left/vrb_style_affordance.png,/Users/huhu/Documents/Code/bishe/vrb/vrbreproduction/outputs/e13_engineered_homography_100subaction/experiments/E13/pipeline_outputs/subaction_77_P01_109_78/episode_03_left/frame_012348_left/diagnostics/problem3_ref_full_overlay.png,/Users/huhu/Documents/Code/bishe/vrb/vrbreproduction/outputs/e13_engineered_homography_100subaction/experiments/E13/pipeline_outputs/subaction_77_P01_109_78/episode_03_left/frame_012348_left/diagnostics/problem3_ref_crop.png
81,P01_109_81,put down potato slices,put-down,slice:potato,1.0,12468.0,12468.0,0.0,right,short_window_pre_contact,12467.0,1.0,1.0,1.0,2.0,1.6766533851623535,/Users/huhu/Documents/Code/bishe/vrb/vrbreproduction/outputs/e13_engineered_homography_100subaction/experiments/E13/pipeline_outputs/subaction_81_P01_109_81/episode_01_right/frame_012468_right,/Users/huhu/Documents/Code/bishe/vrb/vrbreproduction/outputs/e13_engineered_homography_100subaction/experiments/E13/pipeline_outputs/subaction_81_P01_109_81/episode_01_right/frame_012468_right/contact_frame.png,/Users/huhu/Documents/Code/bishe/vrb/vrbreproduction/outputs/e13_engineered_homography_100subaction/experiments/E13/pipeline_outputs/subaction_81_P01_109_81/episode_01_right/frame_012468_right/reference_frame.png,/Users/huhu/Documents/Code/bishe/vrb/vrbreproduction/outputs/e13_engineered_homography_100subaction/experiments/E13/pipeline_outputs/subaction_81_P01_109_81/episode_01_right/frame_012468_right/contact_overlay.png,/Users/huhu/Documents/Code/bishe/vrb/vrbreproduction/outputs/e13_engineered_homography_100subaction/experiments/E13/pipeline_outputs/subaction_81_P01_109_81/episode_01_right/frame_012468_right/projection_overlay_raw_vs_snapped.png,/Users/huhu/Documents/Code/bishe/vrb/vrbreproduction/outputs/e13_engineered_homography_100subaction/experiments/E13/pipeline_outputs/subaction_81_P01_109_81/episode_01_right/frame_012468_right/homography_matches.png,/Users/huhu/Documents/Code/bishe/vrb/vrbreproduction/outputs/e13_engineered_homography_100subaction/experiments/E13/pipeline_outputs/subaction_81_P01_109_81/episode_01_right/frame_012468_right/label_heatmap_merged_overlay.png,/Users/huhu/Documents/Code/bishe/vrb/vrbreproduction/outputs/e13_engineered_homography_100subaction/experiments/E13/pipeline_outputs/subaction_81_P01_109_81/episode_01_right/frame_012468_right/vrb_style_affordance.png,/Users/huhu/Documents/Code/bishe/vrb/vrbreproduction/outputs/e13_engineered_homography_100subaction/experiments/E13/pipeline_outputs/subaction_81_P01_109_81/episode_01_right/frame_012468_right/diagnostics/problem3_ref_full_overlay.png,/Users/huhu/Documents/Code/bishe/vrb/vrbreproduction/outputs/e13_engineered_homography_100subaction/experiments/E13/pipeline_outputs/subaction_81_P01_109_81/episode_01_right/frame_012468_right/diagnostics/problem3_ref_crop.png
84,P01_109_84,pick up potato slice,pick-up,slice:potato,1.0,12634.0,12634.0,0.0,right,short_window_pre_contact,12633.0,1.0,1.0,1.0,4.0,1.248856782913208,/Users/huhu/Documents/Code/bishe/vrb/vrbreproduction/outputs/e13_engineered_homography_100subaction/experiments/E13/pipeline_outputs/subaction_84_P01_109_84/episode_01_right/frame_012634_right,/Users/huhu/Documents/Code/bishe/vrb/vrbreproduction/outputs/e13_engineered_homography_100subaction/experiments/E13/pipeline_outputs/subaction_84_P01_109_84/episode_01_right/frame_012634_right/contact_frame.png,/Users/huhu/Documents/Code/bishe/vrb/vrbreproduction/outputs/e13_engineered_homography_100subaction/experiments/E13/pipeline_outputs/subaction_84_P01_109_84/episode_01_right/frame_012634_right/reference_frame.png,/Users/huhu/Documents/Code/bishe/vrb/vrbreproduction/outputs/e13_engineered_homography_100subaction/experiments/E13/pipeline_outputs/subaction_84_P01_109_84/episode_01_right/frame_012634_right/contact_overlay.png,/Users/huhu/Documents/Code/bishe/vrb/vrbreproduction/outputs/e13_engineered_homography_100subaction/experiments/E13/pipeline_outputs/subaction_84_P01_109_84/episode_01_right/frame_012634_right/projection_overlay_raw_vs_snapped.png,/Users/huhu/Documents/Code/bishe/vrb/vrbreproduction/outputs/e13_engineered_homography_100subaction/experiments/E13/pipeline_outputs/subaction_84_P01_109_84/episode_01_right/frame_012634_right/homography_matches.png,/Users/huhu/Documents/Code/bishe/vrb/vrbreproduction/outputs/e13_engineered_homography_100subaction/experiments/E13/pipeline_outputs/subaction_84_P01_109_84/episode_01_right/frame_012634_right/label_heatmap_merged_overlay.png,/Users/huhu/Documents/Code/bishe/vrb/vrbreproduction/outputs/e13_engineered_homography_100subaction/experiments/E13/pipeline_outputs/subaction_84_P01_109_84/episode_01_right/frame_012634_right/vrb_style_affordance.png,/Users/huhu/Documents/Code/bishe/vrb/vrbreproduction/outputs/e13_engineered_homography_100subaction/experiments/E13/pipeline_outputs/subaction_84_P01_109_84/episode_01_right/frame_012634_right/diagnostics/problem3_ref_full_overlay.png,/Users/huhu/Documents/Code/bishe/vrb/vrbreproduction/outputs/e13_engineered_homography_100subaction/experiments/E13/pipeline_outputs/subaction_84_P01_109_84/episode_01_right/frame_012634_right/diagnostics/problem3_ref_crop.png
84,P01_109_84,pick up potato slice,pick-up,slice:potato,1.0,12634.0,12635.0,1.0,right,short_window_pre_contact,12633.0,2.0,2.0,1.0,3.0,3.7210562229156494,/Users/huhu/Documents/Code/bishe/vrb/vrbreproduction/outputs/e13_engineered_homography_100subaction/experiments/E13/pipeline_outputs/subaction_84_P01_109_84/episode_01_right/frame_012635_right,/Users/huhu/Documents/Code/bishe/vrb/vrbreproduction/outputs/e13_engineered_homography_100subaction/experiments/E13/pipeline_outputs/subaction_84_P01_109_84/episode_01_right/frame_012635_right/contact_frame.png,/Users/huhu/Documents/Code/bishe/vrb/vrbreproduction/outputs/e13_engineered_homography_100subaction/experiments/E13/pipeline_outputs/subaction_84_P01_109_84/episode_01_right/frame_012635_right/reference_frame.png,/Users/huhu/Documents/Code/bishe/vrb/vrbreproduction/outputs/e13_engineered_homography_100subaction/experiments/E13/pipeline_outputs/subaction_84_P01_109_84/episode_01_right/frame_012635_right/contact_overlay.png,/Users/huhu/Documents/Code/bishe/vrb/vrbreproduction/outputs/e13_engineered_homography_100subaction/experiments/E13/pipeline_outputs/subaction_84_P01_109_84/episode_01_right/frame_012635_right/projection_overlay_raw_vs_snapped.png,/Users/huhu/Documents/Code/bishe/vrb/vrbreproduction/outputs/e13_engineered_homography_100subaction/experiments/E13/pipeline_outputs/subaction_84_P01_109_84/episode_01_right/frame_012635_right/homography_matches.png,/Users/huhu/Documents/Code/bishe/vrb/vrbreproduction/outputs/e13_engineered_homography_100subaction/experiments/E13/pipeline_outputs/subaction_84_P01_109_84/episode_01_right/frame_012635_right/label_heatmap_merged_overlay.png,/Users/huhu/Documents/Code/bishe/vrb/vrbreproduction/outputs/e13_engineered_homography_100subaction/experiments/E13/pipeline_outputs/subaction_84_P01_109_84/episode_01_right/frame_012635_right/vrb_style_affordance.png,/Users/huhu/Documents/Code/bishe/vrb/vrbreproduction/outputs/e13_engineered_homography_100subaction/experiments/E13/pipeline_outputs/subaction_84_P01_109_84/episode_01_right/frame_012635_right/diagnostics/problem3_ref_full_overlay.png,/Users/huhu/Documents/Code/bishe/vrb/vrbreproduction/outputs/e13_engineered_homography_100subaction/experiments/E13/pipeline_outputs/subaction_84_P01_109_84/episode_01_right/frame_012635_right/diagnostics/problem3_ref_crop.png
84,P01_109_84,pick up potato slice,pick-up,slice:potato,1.0,12634.0,12636.0,2.0,right,short_window_pre_contact,12633.0,3.0,3.0,1.0,3.0,2.504363775253296,/Users/huhu/Documents/Code/bishe/vrb/vrbreproduction/outputs/e13_engineered_homography_100subaction/experiments/E13/pipeline_outputs/subaction_84_P01_109_84/episode_01_right/frame_012636_right,/Users/huhu/Documents/Code/bishe/vrb/vrbreproduction/outputs/e13_engineered_homography_100subaction/experiments/E13/pipeline_outputs/subaction_84_P01_109_84/episode_01_right/frame_012636_right/contact_frame.png,/Users/huhu/Documents/Code/bishe/vrb/vrbreproduction/outputs/e13_engineered_homography_100subaction/experiments/E13/pipeline_outputs/subaction_84_P01_109_84/episode_01_right/frame_012636_right/reference_frame.png,/Users/huhu/Documents/Code/bishe/vrb/vrbreproduction/outputs/e13_engineered_homography_100subaction/experiments/E13/pipeline_outputs/subaction_84_P01_109_84/episode_01_right/frame_012636_right/contact_overlay.png,/Users/huhu/Documents/Code/bishe/vrb/vrbreproduction/outputs/e13_engineered_homography_100subaction/experiments/E13/pipeline_outputs/subaction_84_P01_109_84/episode_01_right/frame_012636_right/projection_overlay_raw_vs_snapped.png,/Users/huhu/Documents/Code/bishe/vrb/vrbreproduction/outputs/e13_engineered_homography_100subaction/experiments/E13/pipeline_outputs/subaction_84_P01_109_84/episode_01_right/frame_012636_right/homography_matches.png,/Users/huhu/Documents/Code/bishe/vrb/vrbreproduction/outputs/e13_engineered_homography_100subaction/experiments/E13/pipeline_outputs/subaction_84_P01_109_84/episode_01_right/frame_012636_right/label_heatmap_merged_overlay.png,/Users/huhu/Documents/Code/bishe/vrb/vrbreproduction/outputs/e13_engineered_homography_100subaction/experiments/E13/pipeline_outputs/subaction_84_P01_109_84/episode_01_right/frame_012636_right/vrb_style_affordance.png,/Users/huhu/Documents/Code/bishe/vrb/vrbreproduction/outputs/e13_engineered_homography_100subaction/experiments/E13/pipeline_outputs/subaction_84_P01_109_84/episode_01_right/frame_012636_right/diagnostics/problem3_ref_full_overlay.png,/Users/huhu/Documents/Code/bishe/vrb/vrbreproduction/outputs/e13_engineered_homography_100subaction/experiments/E13/pipeline_outputs/subaction_84_P01_109_84/episode_01_right/frame_012636_right/diagnostics/problem3_ref_crop.png
84,P01_109_84,pick up potato slice,pick-up,slice:potato,4.0,12657.0,12658.0,1.0,right,short_window_pre_contact,12656.0,2.0,2.0,1.0,0.0,15.115021705627441,/Users/huhu/Documents/Code/bishe/vrb/vrbreproduction/outputs/e13_engineered_homography_100subaction/experiments/E13/pipeline_outputs/subaction_84_P01_109_84/episode_04_right/frame_012658_right,/Users/huhu/Documents/Code/bishe/vrb/vrbreproduction/outputs/e13_engineered_homography_100subaction/experiments/E13/pipeline_outputs/subaction_84_P01_109_84/episode_04_right/frame_012658_right/contact_frame.png,/Users/huhu/Documents/Code/bishe/vrb/vrbreproduction/outputs/e13_engineered_homography_100subaction/experiments/E13/pipeline_outputs/subaction_84_P01_109_84/episode_04_right/frame_012658_right/reference_frame.png,/Users/huhu/Documents/Code/bishe/vrb/vrbreproduction/outputs/e13_engineered_homography_100subaction/experiments/E13/pipeline_outputs/subaction_84_P01_109_84/episode_04_right/frame_012658_right/contact_overlay.png,/Users/huhu/Documents/Code/bishe/vrb/vrbreproduction/outputs/e13_engineered_homography_100subaction/experiments/E13/pipeline_outputs/subaction_84_P01_109_84/episode_04_right/frame_012658_right/projection_overlay_raw_vs_snapped.png,/Users/huhu/Documents/Code/bishe/vrb/vrbreproduction/outputs/e13_engineered_homography_100subaction/experiments/E13/pipeline_outputs/subaction_84_P01_109_84/episode_04_right/frame_012658_right/homography_matches.png,/Users/huhu/Documents/Code/bishe/vrb/vrbreproduction/outputs/e13_engineered_homography_100subaction/experiments/E13/pipeline_outputs/subaction_84_P01_109_84/episode_04_right/frame_012658_right/label_heatmap_merged_overlay.png,/Users/huhu/Documents/Code/bishe/vrb/vrbreproduction/outputs/e13_engineered_homography_100subaction/experiments/E13/pipeline_outputs/subaction_84_P01_109_84/episode_04_right/frame_012658_right/vrb_style_affordance.png,/Users/huhu/Documents/Code/bishe/vrb/vrbreproduction/outputs/e13_engineered_homography_100subaction/experiments/E13/pipeline_outputs/subaction_84_P01_109_84/episode_04_right/frame_012658_right/diagnostics/problem3_ref_full_overlay.png,/Users/huhu/Documents/Code/bishe/vrb/vrbreproduction/outputs/e13_engineered_homography_100subaction/experiments/E13/pipeline_outputs/subaction_84_P01_109_84/episode_04_right/frame_012658_right/diagnostics/problem3_ref_crop.png
84,P01_109_84,pick up potato slice,pick-up,slice:potato,4.0,12657.0,12659.0,2.0,right,short_window_pre_contact,12656.0,3.0,3.0,1.0,5.0,0.0,/Users/huhu/Documents/Code/bishe/vrb/vrbreproduction/outputs/e13_engineered_homography_100subaction/experiments/E13/pipeline_outputs/subaction_84_P01_109_84/episode_04_right/frame_012659_right,/Users/huhu/Documents/Code/bishe/vrb/vrbreproduction/outputs/e13_engineered_homography_100subaction/experiments/E13/pipeline_outputs/subaction_84_P01_109_84/episode_04_right/frame_012659_right/contact_frame.png,/Users/huhu/Documents/Code/bishe/vrb/vrbreproduction/outputs/e13_engineered_homography_100subaction/experiments/E13/pipeline_outputs/subaction_84_P01_109_84/episode_04_right/frame_012659_right/reference_frame.png,/Users/huhu/Documents/Code/bishe/vrb/vrbreproduction/outputs/e13_engineered_homography_100subaction/experiments/E13/pipeline_outputs/subaction_84_P01_109_84/episode_04_right/frame_012659_right/contact_overlay.png,/Users/huhu/Documents/Code/bishe/vrb/vrbreproduction/outputs/e13_engineered_homography_100subaction/experiments/E13/pipeline_outputs/subaction_84_P01_109_84/episode_04_right/frame_012659_right/projection_overlay_raw_vs_snapped.png,/Users/huhu/Documents/Code/bishe/vrb/vrbreproduction/outputs/e13_engineered_homography_100subaction/experiments/E13/pipeline_outputs/subaction_84_P01_109_84/episode_04_right/frame_012659_right/homography_matches.png,/Users/huhu/Documents/Code/bishe/vrb/vrbreproduction/outputs/e13_engineered_homography_100subaction/experiments/E13/pipeline_outputs/subaction_84_P01_109_84/episode_04_right/frame_012659_right/label_heatmap_merged_overlay.png,/Users/huhu/Documents/Code/bishe/vrb/vrbreproduction/outputs/e13_engineered_homography_100subaction/experiments/E13/pipeline_outputs/subaction_84_P01_109_84/episode_04_right/frame_012659_right/vrb_style_affordance.png,/Users/huhu/Documents/Code/bishe/vrb/vrbreproduction/outputs/e13_engineered_homography_100subaction/experiments/E13/pipeline_outputs/subaction_84_P01_109_84/episode_04_right/frame_012659_right/diagnostics/problem3_ref_full_overlay.png,/Users/huhu/Documents/Code/bishe/vrb/vrbreproduction/outputs/e13_engineered_homography_100subaction/experiments/E13/pipeline_outputs/subaction_84_P01_109_84/episode_04_right/frame_012659_right/diagnostics/problem3_ref_crop.png
