experiment_id,subaction_index,narration_id,narration,verb,noun,all_nouns,start_frame,stop_frame,clipped_start_frame_0_based,clipped_stop_frame_0_based,candidate_index,frame_0_based,hand,candidate_source,raw_candidate_count,tried_candidate_count,contact_points,active_object_bbox,active_object_selection_score,mask_source_contact,mask_source_reference,tracker_backend,projection_method,articulated_object,final_quality_score,track_point_count,visible_point_count,affine_inlier_count,affine_inlier_ratio,affine_median_residual,projected_contact_inside_mask_count,projected_contact_to_mask_distance,reference_mask_area,object_track_status,object_track_length,object_track_confidence,track_break_reason,ref_idx,ref_selection_reason,reference_gap,projection_source,projection_status,projected_contact_inside_count,projected_contact_to_object_distance,reference_hand_overlap_ratio,local_flow_steps,local_flow_fb_error,local_flow_points,local_flow_inliers,local_flow_inlier_ratio,local_flow_weighted_residual,trajectory_status,status,fail_reason,sample_score,sample_dir,best_sample_dir,reference_frame,label_heatmap_overlay,vrb_style_affordance,trajectory_points,missing_trajectory_count,tracked_reference_object_bbox,label_heatmap_npy,label_heatmap_png,mask_projection_overlay,heatmap_shape,heatmap_mode,arrow_generated,is_final_tuple
E8,0,P01_109_0,grab rucksack,grab,rucksack,['rucksack'],79,126,78.0,125.0,0.0,88.0,left,new_contact_episode,48,7,87,"[136.0, 148.0, 267.0, 240.0]",3.1833342505539615,grabcut_fallback,bbox_fallback,fallback_lk,cotracker_weighted_affine,False,1.0,36,35,35,1.0,0.7998815178871155,5,0.0,11808.0,success,89,0.34195768265117316,,87.0,pre_contact_gap_tracked_reference,1.0,cotracker_weighted_affine,success,5,0.0,0.08355555555555555,,,,,,,success,keep,,5.894670221130052,/Users/huhu/Documents/Code/bishe/vrb/vrbreproduction/outputs/100subaction-e8/experiments/E8/pipeline_outputs/subaction_00_P01_109_0/candidate_00_frame_000088_left,/Users/huhu/Documents/Code/bishe/vrb/vrbreproduction/outputs/100subaction-e8/experiments/E8/pipeline_outputs/subaction_00_P01_109_0/candidate_00_frame_000088_left,/Users/huhu/Documents/Code/bishe/vrb/vrbreproduction/outputs/100subaction-e8/experiments/E8/pipeline_outputs/subaction_00_P01_109_0/candidate_00_frame_000088_left/reference_frame.png,/Users/huhu/Documents/Code/bishe/vrb/vrbreproduction/outputs/100subaction-e8/experiments/E8/pipeline_outputs/subaction_00_P01_109_0/candidate_00_frame_000088_left/label_heatmap_merged_overlay.png,/Users/huhu/Documents/Code/bishe/vrb/vrbreproduction/outputs/100subaction-e8/experiments/E8/pipeline_outputs/subaction_00_P01_109_0/candidate_00_frame_000088_left/vrb_style_affordance.png,6.0,0.0,"[134.81, 147.24, 258.37, 243.24]",/Users/huhu/Documents/Code/bishe/vrb/vrbreproduction/outputs/100subaction-e8/experiments/E8/pipeline_outputs/subaction_00_P01_109_0/candidate_00_frame_000088_left/label_heatmap_merged.npy,/Users/huhu/Documents/Code/bishe/vrb/vrbreproduction/outputs/100subaction-e8/experiments/E8/pipeline_outputs/subaction_00_P01_109_0/candidate_00_frame_000088_left/label_heatmap_merged.png,/Users/huhu/Documents/Code/bishe/vrb/vrbreproduction/outputs/100subaction-e8/experiments/E8/pipeline_outputs/subaction_00_P01_109_0/candidate_00_frame_000088_left/mask_projection_overlay.png,"(256, 456)",isotropic_e7,True,True
E8,0,P01_109_0,grab rucksack,grab,rucksack,['rucksack'],79,126,78.0,125.0,1.0,89.0,left,new_contact_episode,48,7,134,"[129.0, 144.0, 269.0, 247.0]",3.184658851736931,grabcut_fallback,bbox_fallback,fallback_lk,cotracker_weighted_affine,False,0.93125,36,32,21,0.65625,2.516481399536133,5,0.0,14100.0,success,90,0.34195768265117316,,86.0,pre_contact_gap_tracked_reference,3.0,cotracker_weighted_affine,success,5,0.0,0.06586666666666667,,,,,,,success,keep,,5.599893058013916,/Users/huhu/Documents/Code/bishe/vrb/vrbreproduction/outputs/100subaction-e8/experiments/E8/pipeline_outputs/subaction_00_P01_109_0/candidate_01_frame_000089_left,/Users/huhu/Documents/Code/bishe/vrb/vrbreproduction/outputs/100subaction-e8/experiments/E8/pipeline_outputs/subaction_00_P01_109_0/candidate_01_frame_000089_left,/Users/huhu/Documents/Code/bishe/vrb/vrbreproduction/outputs/100subaction-e8/experiments/E8/pipeline_outputs/subaction_00_P01_109_0/candidate_01_frame_000089_left/reference_frame.png,/Users/huhu/Documents/Code/bishe/vrb/vrbreproduction/outputs/100subaction-e8/experiments/E8/pipeline_outputs/subaction_00_P01_109_0/candidate_01_frame_000089_left/label_heatmap_merged_overlay.png,/Users/huhu/Documents/Code/bishe/vrb/vrbreproduction/outputs/100subaction-e8/experiments/E8/pipeline_outputs/subaction_00_P01_109_0/candidate_01_frame_000089_left/vrb_style_affordance.png,6.0,0.0,"[125.8, 145.57, 267.12, 246.43]",/Users/huhu/Documents/Code/bishe/vrb/vrbreproduction/outputs/100subaction-e8/experiments/E8/pipeline_outputs/subaction_00_P01_109_0/candidate_01_frame_000089_left/label_heatmap_merged.npy,/Users/huhu/Documents/Code/bishe/vrb/vrbreproduction/outputs/100subaction-e8/experiments/E8/pipeline_outputs/subaction_00_P01_109_0/candidate_01_frame_000089_left/label_heatmap_merged.png,/Users/huhu/Documents/Code/bishe/vrb/vrbreproduction/outputs/100subaction-e8/experiments/E8/pipeline_outputs/subaction_00_P01_109_0/candidate_01_frame_000089_left/mask_projection_overlay.png,"(256, 456)",isotropic_e7,True,False
E8,0,P01_109_0,grab rucksack,grab,rucksack,['rucksack'],79,126,78.0,125.0,2.0,90.0,left,new_contact_episode,48,7,193,"[125.0, 145.0, 261.0, 241.0]",3.2687933065594894,grabcut_fallback,bbox_fallback,fallback_lk,cotracker_weighted_affine,False,0.9235294117647059,36,34,21,0.6176470588235294,1.0518462657928467,5,0.0,12250.0,success,91,0.34195768265117316,,87.0,pre_contact_gap_tracked_reference,3.0,cotracker_weighted_affine,success,5,0.0,0.08355555555555555,,,,,,,success,keep,,5.5883465728105275,/Users/huhu/Documents/Code/bishe/vrb/vrbreproduction/outputs/100subaction-e8/experiments/E8/pipeline_outputs/subaction_00_P01_109_0/candidate_02_frame_000090_left,/Users/huhu/Documents/Code/bishe/vrb/vrbreproduction/outputs/100subaction-e8/experiments/E8/pipeline_outputs/subaction_00_P01_109_0/candidate_02_frame_000090_left,/Users/huhu/Documents/Code/bishe/vrb/vrbreproduction/outputs/100subaction-e8/experiments/E8/pipeline_outputs/subaction_00_P01_109_0/candidate_02_frame_000090_left/reference_frame.png,/Users/huhu/Documents/Code/bishe/vrb/vrbreproduction/outputs/100subaction-e8/experiments/E8/pipeline_outputs/subaction_00_P01_109_0/candidate_02_frame_000090_left/label_heatmap_merged_overlay.png,/Users/huhu/Documents/Code/bishe/vrb/vrbreproduction/outputs/100subaction-e8/experiments/E8/pipeline_outputs/subaction_00_P01_109_0/candidate_02_frame_000090_left/vrb_style_affordance.png,6.0,0.0,"[133.71, 146.28, 258.57, 243.88]",/Users/huhu/Documents/Code/bishe/vrb/vrbreproduction/outputs/100subaction-e8/experiments/E8/pipeline_outputs/subaction_00_P01_109_0/candidate_02_frame_000090_left/label_heatmap_merged.npy,/Users/huhu/Documents/Code/bishe/vrb/vrbreproduction/outputs/100subaction-e8/experiments/E8/pipeline_outputs/subaction_00_P01_109_0/candidate_02_frame_000090_left/label_heatmap_merged.png,/Users/huhu/Documents/Code/bishe/vrb/vrbreproduction/outputs/100subaction-e8/experiments/E8/pipeline_outputs/subaction_00_P01_109_0/candidate_02_frame_000090_left/mask_projection_overlay.png,"(256, 456)",isotropic_e7,True,True
E8,0,P01_109_0,grab rucksack,grab,rucksack,['rucksack'],79,126,78.0,125.0,3.0,93.0,right,new_contact_episode,48,7,48,"[251.0, 198.0, 276.0, 242.0]",3.0114052509340876,grabcut_fallback,,,,False,,30,0,0,,,0,,,success,94,0.34195768265117316,,,,,,failed,0,,,,,,,,,not_run,discard,track_visibility_below_threshold,,/Users/huhu/Documents/Code/bishe/vrb/vrbreproduction/outputs/100subaction-e8/experiments/E8/pipeline_outputs/subaction_00_P01_109_0/candidate_03_frame_000093_right,,,,,6.0,0.0,,,,,,,,False
E8,0,P01_109_0,grab rucksack,grab,rucksack,['rucksack'],79,126,78.0,125.0,4.0,97.0,right,new_contact_episode,48,7,0,"[118.0, 143.0, 237.0, 248.0]",1.1262183844428197,,,,,False,,0,0,0,,,0,,,not_run,0,0.0,,,,,,not_run,0,,,,,,,,,not_run,discard,contact_points_lt5_after_object_boundary_filter,,/Users/huhu/Documents/Code/bishe/vrb/vrbreproduction/outputs/100subaction-e8/experiments/E8/pipeline_outputs/subaction_00_P01_109_0/candidate_04_frame_000097_right,,,,,,,,,,,,,,False
E8,0,P01_109_0,grab rucksack,grab,rucksack,['rucksack'],79,126,78.0,125.0,5.0,98.0,right,new_contact_episode,48,7,109,"[248.0, 194.0, 275.0, 241.0]",4.074753229303543,grabcut_fallback,bbox_fallback,fallback_lk,cotracker_weighted_affine,False,1.0,36,36,36,1.0,0.9574967622756958,5,0.0,1479.0,success,99,0.34195768265117316,,97.0,earliest_reliable_tracked_reference_no_pre_gap,1.0,cotracker_weighted_affine,success,5,0.0,0.0672,,,,,,,success,keep,,5.8829750971317285,/Users/huhu/Documents/Code/bishe/vrb/vrbreproduction/outputs/100subaction-e8/experiments/E8/pipeline_outputs/subaction_00_P01_109_0/candidate_05_frame_000098_right,/Users/huhu/Documents/Code/bishe/vrb/vrbreproduction/outputs/100subaction-e8/experiments/E8/pipeline_outputs/subaction_00_P01_109_0/candidate_05_frame_000098_right,/Users/huhu/Documents/Code/bishe/vrb/vrbreproduction/outputs/100subaction-e8/experiments/E8/pipeline_outputs/subaction_00_P01_109_0/candidate_05_frame_000098_right/reference_frame.png,/Users/huhu/Documents/Code/bishe/vrb/vrbreproduction/outputs/100subaction-e8/experiments/E8/pipeline_outputs/subaction_00_P01_109_0/candidate_05_frame_000098_right/label_heatmap_merged_overlay.png,/Users/huhu/Documents/Code/bishe/vrb/vrbreproduction/outputs/100subaction-e8/experiments/E8/pipeline_outputs/subaction_00_P01_109_0/candidate_05_frame_000098_right/vrb_style_affordance.png,6.0,0.0,"[246.94, 195.24, 276.48, 246.19]",/Users/huhu/Documents/Code/bishe/vrb/vrbreproduction/outputs/100subaction-e8/experiments/E8/pipeline_outputs/subaction_00_P01_109_0/candidate_05_frame_000098_right/label_heatmap_merged.npy,/Users/huhu/Documents/Code/bishe/vrb/vrbreproduction/outputs/100subaction-e8/experiments/E8/pipeline_outputs/subaction_00_P01_109_0/candidate_05_frame_000098_right/label_heatmap_merged.png,/Users/huhu/Documents/Code/bishe/vrb/vrbreproduction/outputs/100subaction-e8/experiments/E8/pipeline_outputs/subaction_00_P01_109_0/candidate_05_frame_000098_right/mask_projection_overlay.png,"(256, 456)",isotropic_e7,True,True
E8,0,P01_109_0,grab rucksack,grab,rucksack,['rucksack'],79,126,78.0,125.0,6.0,99.0,right,new_contact_episode,48,7,59,"[252.0, 193.0, 277.0, 222.0]",2.8654014659123415,grabcut_fallback,bbox_fallback,fallback_lk,cotracker_weighted_affine,False,0.92,30,30,18,0.6,0.6205606460571289,5,0.0,1536.0,success,100,0.34195768265117316,,96.0,earliest_reliable_tracked_reference_no_pre_gap,3.0,cotracker_weighted_affine,success,5,0.0,0.05542222222222222,,,,,,,success,keep,,5.567722347284953,/Users/huhu/Documents/Code/bishe/vrb/vrbreproduction/outputs/100subaction-e8/experiments/E8/pipeline_outputs/subaction_00_P01_109_0/candidate_06_frame_000099_right,/Users/huhu/Documents/Code/bishe/vrb/vrbreproduction/outputs/100subaction-e8/experiments/E8/pipeline_outputs/subaction_00_P01_109_0/candidate_06_frame_000099_right,/Users/huhu/Documents/Code/bishe/vrb/vrbreproduction/outputs/100subaction-e8/experiments/E8/pipeline_outputs/subaction_00_P01_109_0/candidate_06_frame_000099_right/reference_frame.png,/Users/huhu/Documents/Code/bishe/vrb/vrbreproduction/outputs/100subaction-e8/experiments/E8/pipeline_outputs/subaction_00_P01_109_0/candidate_06_frame_000099_right/label_heatmap_merged_overlay.png,/Users/huhu/Documents/Code/bishe/vrb/vrbreproduction/outputs/100subaction-e8/experiments/E8/pipeline_outputs/subaction_00_P01_109_0/candidate_06_frame_000099_right/vrb_style_affordance.png,6.0,0.0,"[247.2, 196.82, 279.14, 245.35]",/Users/huhu/Documents/Code/bishe/vrb/vrbreproduction/outputs/100subaction-e8/experiments/E8/pipeline_outputs/subaction_00_P01_109_0/candidate_06_frame_000099_right/label_heatmap_merged.npy,/Users/huhu/Documents/Code/bishe/vrb/vrbreproduction/outputs/100subaction-e8/experiments/E8/pipeline_outputs/subaction_00_P01_109_0/candidate_06_frame_000099_right/label_heatmap_merged.png,/Users/huhu/Documents/Code/bishe/vrb/vrbreproduction/outputs/100subaction-e8/experiments/E8/pipeline_outputs/subaction_00_P01_109_0/candidate_06_frame_000099_right/mask_projection_overlay.png,"(256, 456)",isotropic_e7,True,False
E8,1,P01_109_1,open rucksack,open,rucksack,['rucksack'],153,226,152.0,225.0,0.0,161.0,right,new_contact_episode,97,12,166,"[168.0, 103.0, 309.0, 254.0]",3.180574077954854,grabcut_fallback,bbox_fallback,fallback_lk,cotracker_weighted_affine,False,0.9882352941176471,36,34,32,0.9411764705882353,1.2555010318756104,5,0.0,21584.0,success,162,0.34195768265117316,,160.0,pre_contact_gap_tracked_reference,1.0,cotracker_weighted_affine,success,5,0.0,0.21026666666666666,,,,,,,success,keep,,5.615317321984907,/Users/huhu/Documents/Code/bishe/vrb/vrbreproduction/outputs/100subaction-e8/experiments/E8/pipeline_outputs/subaction_01_P01_109_1/candidate_00_frame_000161_right,/Users/huhu/Documents/Code/bishe/vrb/vrbreproduction/outputs/100subaction-e8/experiments/E8/pipeline_outputs/subaction_01_P01_109_1/candidate_00_frame_000161_right,/Users/huhu/Documents/Code/bishe/vrb/vrbreproduction/outputs/100subaction-e8/experiments/E8/pipeline_outputs/subaction_01_P01_109_1/candidate_00_frame_000161_right/reference_frame.png,/Users/huhu/Documents/Code/bishe/vrb/vrbreproduction/outputs/100subaction-e8/experiments/E8/pipeline_outputs/subaction_01_P01_109_1/candidate_00_frame_000161_right/label_heatmap_merged_overlay.png,/Users/huhu/Documents/Code/bishe/vrb/vrbreproduction/outputs/100subaction-e8/experiments/E8/pipeline_outputs/subaction_01_P01_109_1/candidate_00_frame_000161_right/vrb_style_affordance.png,6.0,0.0,"[166.77, 103.07, 309.04, 255.33]",/Users/huhu/Documents/Code/bishe/vrb/vrbreproduction/outputs/100subaction-e8/experiments/E8/pipeline_outputs/subaction_01_P01_109_1/candidate_00_frame_000161_right/label_heatmap_merged.npy,/Users/huhu/Documents/Code/bishe/vrb/vrbreproduction/outputs/100subaction-e8/experiments/E8/pipeline_outputs/subaction_01_P01_109_1/candidate_00_frame_000161_right/label_heatmap_merged.png,/Users/huhu/Documents/Code/bishe/vrb/vrbreproduction/outputs/100subaction-e8/experiments/E8/pipeline_outputs/subaction_01_P01_109_1/candidate_00_frame_000161_right/mask_projection_overlay.png,"(256, 456)",isotropic_e7,True,True
E8,1,P01_109_1,open rucksack,open,rucksack,['rucksack'],153,226,152.0,225.0,1.0,166.0,right,new_contact_episode,97,12,102,"[167.0, 95.0, 304.0, 255.0]",3.163814324348027,grabcut_fallback,bbox_fallback,fallback_lk,cotracker_weighted_affine,False,1.0,36,35,35,1.0,0.8103233575820923,5,0.0,21128.0,success,167,0.34195768265117316,,165.0,pre_contact_gap_tracked_reference,1.0,cotracker_weighted_affine,success,5,0.0,0.24497777777777777,,,,,,,success,keep,,5.652223632605869,/Users/huhu/Documents/Code/bishe/vrb/vrbreproduction/outputs/100subaction-e8/experiments/E8/pipeline_outputs/subaction_01_P01_109_1/candidate_01_frame_000166_right,/Users/huhu/Documents/Code/bishe/vrb/vrbreproduction/outputs/100subaction-e8/experiments/E8/pipeline_outputs/subaction_01_P01_109_1/candidate_01_frame_000166_right,/Users/huhu/Documents/Code/bishe/vrb/vrbreproduction/outputs/100subaction-e8/experiments/E8/pipeline_outputs/subaction_01_P01_109_1/candidate_01_frame_000166_right/reference_frame.png,/Users/huhu/Documents/Code/bishe/vrb/vrbreproduction/outputs/100subaction-e8/experiments/E8/pipeline_outputs/subaction_01_P01_109_1/candidate_01_frame_000166_right/label_heatmap_merged_overlay.png,/Users/huhu/Documents/Code/bishe/vrb/vrbreproduction/outputs/100subaction-e8/experiments/E8/pipeline_outputs/subaction_01_P01_109_1/candidate_01_frame_000166_right/vrb_style_affordance.png,6.0,0.0,"[167.87, 99.01, 306.86, 251.45]",/Users/huhu/Documents/Code/bishe/vrb/vrbreproduction/outputs/100subaction-e8/experiments/E8/pipeline_outputs/subaction_01_P01_109_1/candidate_01_frame_000166_right/label_heatmap_merged.npy,/Users/huhu/Documents/Code/bishe/vrb/vrbreproduction/outputs/100subaction-e8/experiments/E8/pipeline_outputs/subaction_01_P01_109_1/candidate_01_frame_000166_right/label_heatmap_merged.png,/Users/huhu/Documents/Code/bishe/vrb/vrbreproduction/outputs/100subaction-e8/experiments/E8/pipeline_outputs/subaction_01_P01_109_1/candidate_01_frame_000166_right/mask_projection_overlay.png,"(256, 456)",isotropic_e7,True,True
E8,1,P01_109_1,open rucksack,open,rucksack,['rucksack'],153,226,152.0,225.0,2.0,167.0,right,new_contact_episode,97,12,84,"[167.0, 94.0, 306.0, 256.0]",3.1969938726668183,grabcut_fallback,bbox_fallback,fallback_lk,cotracker_weighted_affine,False,0.9771428571428572,36,35,31,0.8857142857142857,1.131311297416687,5,0.0,21128.0,success,168,0.34195768265117316,,165.0,pre_contact_gap_tracked_reference,2.0,cotracker_weighted_affine,success,5,0.0,0.2523111111111111,,,,,,,success,keep,,5.539879708696547,/Users/huhu/Documents/Code/bishe/vrb/vrbreproduction/outputs/100subaction-e8/experiments/E8/pipeline_outputs/subaction_01_P01_109_1/candidate_02_frame_000167_right,/Users/huhu/Documents/Code/bishe/vrb/vrbreproduction/outputs/100subaction-e8/experiments/E8/pipeline_outputs/subaction_01_P01_109_1/candidate_02_frame_000167_right,/Users/huhu/Documents/Code/bishe/vrb/vrbreproduction/outputs/100subaction-e8/experiments/E8/pipeline_outputs/subaction_01_P01_109_1/candidate_02_frame_000167_right/reference_frame.png,/Users/huhu/Documents/Code/bishe/vrb/vrbreproduction/outputs/100subaction-e8/experiments/E8/pipeline_outputs/subaction_01_P01_109_1/candidate_02_frame_000167_right/label_heatmap_merged_overlay.png,/Users/huhu/Documents/Code/bishe/vrb/vrbreproduction/outputs/100subaction-e8/experiments/E8/pipeline_outputs/subaction_01_P01_109_1/candidate_02_frame_000167_right/vrb_style_affordance.png,6.0,0.0,"[167.81, 98.96, 307.2, 251.45]",/Users/huhu/Documents/Code/bishe/vrb/vrbreproduction/outputs/100subaction-e8/experiments/E8/pipeline_outputs/subaction_01_P01_109_1/candidate_02_frame_000167_right/label_heatmap_merged.npy,/Users/huhu/Documents/Code/bishe/vrb/vrbreproduction/outputs/100subaction-e8/experiments/E8/pipeline_outputs/subaction_01_P01_109_1/candidate_02_frame_000167_right/label_heatmap_merged.png,/Users/huhu/Documents/Code/bishe/vrb/vrbreproduction/outputs/100subaction-e8/experiments/E8/pipeline_outputs/subaction_01_P01_109_1/candidate_02_frame_000167_right/mask_projection_overlay.png,"(256, 456)",isotropic_e7,True,False
E8,1,P01_109_1,open rucksack,open,rucksack,['rucksack'],153,226,152.0,225.0,3.0,168.0,right,new_contact_episode,97,12,59,"[166.0, 95.0, 309.0, 255.0]",3.1967240255558673,grabcut_fallback,bbox_fallback,fallback_lk,cotracker_weighted_affine,False,0.9314285714285715,36,35,23,0.6571428571428571,1.8697962760925293,5,0.0,21128.0,success,169,0.34195768265117316,,165.0,pre_contact_gap_tracked_reference,3.0,cotracker_weighted_affine,success,5,0.0,0.2523111111111111,,,,,,,success,keep,,5.3402965879077,/Users/huhu/Documents/Code/bishe/vrb/vrbreproduction/outputs/100subaction-e8/experiments/E8/pipeline_outputs/subaction_01_P01_109_1/candidate_03_frame_000168_right,/Users/huhu/Documents/Code/bishe/vrb/vrbreproduction/outputs/100subaction-e8/experiments/E8/pipeline_outputs/subaction_01_P01_109_1/candidate_03_frame_000168_right,/Users/huhu/Documents/Code/bishe/vrb/vrbreproduction/outputs/100subaction-e8/experiments/E8/pipeline_outputs/subaction_01_P01_109_1/candidate_03_frame_000168_right/reference_frame.png,/Users/huhu/Documents/Code/bishe/vrb/vrbreproduction/outputs/100subaction-e8/experiments/E8/pipeline_outputs/subaction_01_P01_109_1/candidate_03_frame_000168_right/label_heatmap_merged_overlay.png,/Users/huhu/Documents/Code/bishe/vrb/vrbreproduction/outputs/100subaction-e8/experiments/E8/pipeline_outputs/subaction_01_P01_109_1/candidate_03_frame_000168_right/vrb_style_affordance.png,6.0,0.0,"[167.77, 99.03, 307.37, 251.45]",/Users/huhu/Documents/Code/bishe/vrb/vrbreproduction/outputs/100subaction-e8/experiments/E8/pipeline_outputs/subaction_01_P01_109_1/candidate_03_frame_000168_right/label_heatmap_merged.npy,/Users/huhu/Documents/Code/bishe/vrb/vrbreproduction/outputs/100subaction-e8/experiments/E8/pipeline_outputs/subaction_01_P01_109_1/candidate_03_frame_000168_right/label_heatmap_merged.png,/Users/huhu/Documents/Code/bishe/vrb/vrbreproduction/outputs/100subaction-e8/experiments/E8/pipeline_outputs/subaction_01_P01_109_1/candidate_03_frame_000168_right/mask_projection_overlay.png,"(256, 456)",isotropic_e7,True,False
E8,1,P01_109_1,open rucksack,open,rucksack,['rucksack'],153,226,152.0,225.0,4.0,170.0,left,new_contact_episode,97,12,36,"[169.0, 92.0, 311.0, 255.0]",3.4724315308864577,grabcut_fallback,bbox_fallback,fallback_lk,cotracker_weighted_affine,False,1.0,36,35,35,1.0,1.1540402173995972,5,0.0,23472.0,success,171,0.34195768265117316,,169.0,earliest_reliable_tracked_reference_no_pre_gap,1.0,cotracker_weighted_affine,success,5,0.0,0.21604444444444446,,,,,,,success,keep,,5.685312126811344,/Users/huhu/Documents/Code/bishe/vrb/vrbreproduction/outputs/100subaction-e8/experiments/E8/pipeline_outputs/subaction_01_P01_109_1/candidate_04_frame_000170_left,/Users/huhu/Documents/Code/bishe/vrb/vrbreproduction/outputs/100subaction-e8/experiments/E8/pipeline_outputs/subaction_01_P01_109_1/candidate_04_frame_000170_left,/Users/huhu/Documents/Code/bishe/vrb/vrbreproduction/outputs/100subaction-e8/experiments/E8/pipeline_outputs/subaction_01_P01_109_1/candidate_04_frame_000170_left/reference_frame.png,/Users/huhu/Documents/Code/bishe/vrb/vrbreproduction/outputs/100subaction-e8/experiments/E8/pipeline_outputs/subaction_01_P01_109_1/candidate_04_frame_000170_left/label_heatmap_merged_overlay.png,/Users/huhu/Documents/Code/bishe/vrb/vrbreproduction/outputs/100subaction-e8/experiments/E8/pipeline_outputs/subaction_01_P01_109_1/candidate_04_frame_000170_left/vrb_style_affordance.png,6.0,0.0,"[165.86, 93.48, 310.27, 256.0]",/Users/huhu/Documents/Code/bishe/vrb/vrbreproduction/outputs/100subaction-e8/experiments/E8/pipeline_outputs/subaction_01_P01_109_1/candidate_04_frame_000170_left/label_heatmap_merged.npy,/Users/huhu/Documents/Code/bishe/vrb/vrbreproduction/outputs/100subaction-e8/experiments/E8/pipeline_outputs/subaction_01_P01_109_1/candidate_04_frame_000170_left/label_heatmap_merged.png,/Users/huhu/Documents/Code/bishe/vrb/vrbreproduction/outputs/100subaction-e8/experiments/E8/pipeline_outputs/subaction_01_P01_109_1/candidate_04_frame_000170_left/mask_projection_overlay.png,"(256, 456)",isotropic_e7,True,True
E8,1,P01_109_1,open rucksack,open,rucksack,['rucksack'],153,226,152.0,225.0,5.0,171.0,left,new_contact_episode,97,12,152,"[172.0, 91.0, 313.0, 249.0]",3.4488841479160097,grabcut_fallback,bbox_fallback,fallback_lk,cotracker_weighted_affine,False,1.0,36,33,33,1.0,1.4617892503738403,5,0.0,22862.0,success,172,0.34195768265117316,,170.0,earliest_reliable_tracked_reference_no_pre_gap,1.0,cotracker_weighted_affine,success,5,0.0,0.22311111111111112,,,,,,,success,keep,,5.665479655822116,/Users/huhu/Documents/Code/bishe/vrb/vrbreproduction/outputs/100subaction-e8/experiments/E8/pipeline_outputs/subaction_01_P01_109_1/candidate_05_frame_000171_left,/Users/huhu/Documents/Code/bishe/vrb/vrbreproduction/outputs/100subaction-e8/experiments/E8/pipeline_outputs/subaction_01_P01_109_1/candidate_05_frame_000171_left,/Users/huhu/Documents/Code/bishe/vrb/vrbreproduction/outputs/100subaction-e8/experiments/E8/pipeline_outputs/subaction_01_P01_109_1/candidate_05_frame_000171_left/reference_frame.png,/Users/huhu/Documents/Code/bishe/vrb/vrbreproduction/outputs/100subaction-e8/experiments/E8/pipeline_outputs/subaction_01_P01_109_1/candidate_05_frame_000171_left/label_heatmap_merged_overlay.png,/Users/huhu/Documents/Code/bishe/vrb/vrbreproduction/outputs/100subaction-e8/experiments/E8/pipeline_outputs/subaction_01_P01_109_1/candidate_05_frame_000171_left/vrb_style_affordance.png,6.0,0.0,"[170.45, 91.89, 312.19, 253.03]",/Users/huhu/Documents/Code/bishe/vrb/vrbreproduction/outputs/100subaction-e8/experiments/E8/pipeline_outputs/subaction_01_P01_109_1/candidate_05_frame_000171_left/label_heatmap_merged.npy,/Users/huhu/Documents/Code/bishe/vrb/vrbreproduction/outputs/100subaction-e8/experiments/E8/pipeline_outputs/subaction_01_P01_109_1/candidate_05_frame_000171_left/label_heatmap_merged.png,/Users/huhu/Documents/Code/bishe/vrb/vrbreproduction/outputs/100subaction-e8/experiments/E8/pipeline_outputs/subaction_01_P01_109_1/candidate_05_frame_000171_left/mask_projection_overlay.png,"(256, 456)",isotropic_e7,True,False
E8,1,P01_109_1,open rucksack,open,rucksack,['rucksack'],153,226,152.0,225.0,6.0,172.0,left,new_contact_episode,97,12,62,"[173.0, 90.0, 318.0, 252.0]",3.4154613646965575,grabcut_fallback,bbox_fallback,fallback_lk,cotracker_weighted_affine,False,0.9833333333333334,36,36,33,0.9166666666666666,1.5956884622573853,5,0.0,22578.0,success,173,0.34195768265117316,,171.0,earliest_reliable_tracked_reference_no_pre_gap,1.0,cotracker_weighted_affine,success,5,0.0,0.22475555555555554,,,,,,,success,keep,,5.596496012798945,/Users/huhu/Documents/Code/bishe/vrb/vrbreproduction/outputs/100subaction-e8/experiments/E8/pipeline_outputs/subaction_01_P01_109_1/candidate_06_frame_000172_left,/Users/huhu/Documents/Code/bishe/vrb/vrbreproduction/outputs/100subaction-e8/experiments/E8/pipeline_outputs/subaction_01_P01_109_1/candidate_06_frame_000172_left,/Users/huhu/Documents/Code/bishe/vrb/vrbreproduction/outputs/100subaction-e8/experiments/E8/pipeline_outputs/subaction_01_P01_109_1/candidate_06_frame_000172_left/reference_frame.png,/Users/huhu/Documents/Code/bishe/vrb/vrbreproduction/outputs/100subaction-e8/experiments/E8/pipeline_outputs/subaction_01_P01_109_1/candidate_06_frame_000172_left/label_heatmap_merged_overlay.png,/Users/huhu/Documents/Code/bishe/vrb/vrbreproduction/outputs/100subaction-e8/experiments/E8/pipeline_outputs/subaction_01_P01_109_1/candidate_06_frame_000172_left/vrb_style_affordance.png,6.0,0.0,"[172.75, 90.93, 315.2, 250.2]",/Users/huhu/Documents/Code/bishe/vrb/vrbreproduction/outputs/100subaction-e8/experiments/E8/pipeline_outputs/subaction_01_P01_109_1/candidate_06_frame_000172_left/label_heatmap_merged.npy,/Users/huhu/Documents/Code/bishe/vrb/vrbreproduction/outputs/100subaction-e8/experiments/E8/pipeline_outputs/subaction_01_P01_109_1/candidate_06_frame_000172_left/label_heatmap_merged.png,/Users/huhu/Documents/Code/bishe/vrb/vrbreproduction/outputs/100subaction-e8/experiments/E8/pipeline_outputs/subaction_01_P01_109_1/candidate_06_frame_000172_left/mask_projection_overlay.png,"(256, 456)",isotropic_e7,True,False
E8,1,P01_109_1,open rucksack,open,rucksack,['rucksack'],153,226,152.0,225.0,7.0,175.0,left,new_contact_episode,97,12,53,"[169.0, 88.0, 328.0, 252.0]",3.2858593190541177,grabcut_fallback,bbox_fallback,fallback_lk,cotracker_weighted_affine,False,0.9833333333333334,36,36,33,0.9166666666666666,1.3609939813613892,5,0.0,23814.0,success,176,0.34195768265117316,,174.0,pre_contact_gap_tracked_reference,1.0,cotracker_weighted_affine,success,5,0.0,0.2236,,,,,,,success,keep,,5.605270180559157,/Users/huhu/Documents/Code/bishe/vrb/vrbreproduction/outputs/100subaction-e8/experiments/E8/pipeline_outputs/subaction_01_P01_109_1/candidate_07_frame_000175_left,/Users/huhu/Documents/Code/bishe/vrb/vrbreproduction/outputs/100subaction-e8/experiments/E8/pipeline_outputs/subaction_01_P01_109_1/candidate_07_frame_000175_left,/Users/huhu/Documents/Code/bishe/vrb/vrbreproduction/outputs/100subaction-e8/experiments/E8/pipeline_outputs/subaction_01_P01_109_1/candidate_07_frame_000175_left/reference_frame.png,/Users/huhu/Documents/Code/bishe/vrb/vrbreproduction/outputs/100subaction-e8/experiments/E8/pipeline_outputs/subaction_01_P01_109_1/candidate_07_frame_000175_left/label_heatmap_merged_overlay.png,/Users/huhu/Documents/Code/bishe/vrb/vrbreproduction/outputs/100subaction-e8/experiments/E8/pipeline_outputs/subaction_01_P01_109_1/candidate_07_frame_000175_left/vrb_style_affordance.png,6.0,0.0,"[170.37, 89.14, 316.68, 250.79]",/Users/huhu/Documents/Code/bishe/vrb/vrbreproduction/outputs/100subaction-e8/experiments/E8/pipeline_outputs/subaction_01_P01_109_1/candidate_07_frame_000175_left/label_heatmap_merged.npy,/Users/huhu/Documents/Code/bishe/vrb/vrbreproduction/outputs/100subaction-e8/experiments/E8/pipeline_outputs/subaction_01_P01_109_1/candidate_07_frame_000175_left/label_heatmap_merged.png,/Users/huhu/Documents/Code/bishe/vrb/vrbreproduction/outputs/100subaction-e8/experiments/E8/pipeline_outputs/subaction_01_P01_109_1/candidate_07_frame_000175_left/mask_projection_overlay.png,"(256, 456)",isotropic_e7,True,False
E8,1,P01_109_1,open rucksack,open,rucksack,['rucksack'],153,226,152.0,225.0,8.0,176.0,left,new_contact_episode,97,12,67,"[179.0, 90.0, 323.0, 250.0]",3.250298634998044,grabcut_fallback,bbox_fallback,fallback_lk,cotracker_weighted_affine,False,0.90625,36,32,17,0.53125,1.7576189041137695,5,0.0,23961.0,success,177,0.34195768265117316,,173.0,pre_contact_gap_tracked_reference,3.0,cotracker_weighted_affine,success,5,0.0,0.2275111111111111,,,,,,,success,keep,,5.286442266209919,/Users/huhu/Documents/Code/bishe/vrb/vrbreproduction/outputs/100subaction-e8/experiments/E8/pipeline_outputs/subaction_01_P01_109_1/candidate_08_frame_000176_left,/Users/huhu/Documents/Code/bishe/vrb/vrbreproduction/outputs/100subaction-e8/experiments/E8/pipeline_outputs/subaction_01_P01_109_1/candidate_08_frame_000176_left,/Users/huhu/Documents/Code/bishe/vrb/vrbreproduction/outputs/100subaction-e8/experiments/E8/pipeline_outputs/subaction_01_P01_109_1/candidate_08_frame_000176_left/reference_frame.png,/Users/huhu/Documents/Code/bishe/vrb/vrbreproduction/outputs/100subaction-e8/experiments/E8/pipeline_outputs/subaction_01_P01_109_1/candidate_08_frame_000176_left/label_heatmap_merged_overlay.png,/Users/huhu/Documents/Code/bishe/vrb/vrbreproduction/outputs/100subaction-e8/experiments/E8/pipeline_outputs/subaction_01_P01_109_1/candidate_08_frame_000176_left/vrb_style_affordance.png,6.0,0.0,"[172.43, 89.49, 318.64, 252.33]",/Users/huhu/Documents/Code/bishe/vrb/vrbreproduction/outputs/100subaction-e8/experiments/E8/pipeline_outputs/subaction_01_P01_109_1/candidate_08_frame_000176_left/label_heatmap_merged.npy,/Users/huhu/Documents/Code/bishe/vrb/vrbreproduction/outputs/100subaction-e8/experiments/E8/pipeline_outputs/subaction_01_P01_109_1/candidate_08_frame_000176_left/label_heatmap_merged.png,/Users/huhu/Documents/Code/bishe/vrb/vrbreproduction/outputs/100subaction-e8/experiments/E8/pipeline_outputs/subaction_01_P01_109_1/candidate_08_frame_000176_left/mask_projection_overlay.png,"(256, 456)",isotropic_e7,True,False
E8,1,P01_109_1,open rucksack,open,rucksack,['rucksack'],153,226,152.0,225.0,9.0,177.0,left,new_contact_episode,97,12,167,"[176.0, 96.0, 320.0, 242.0]",3.2375385445288867,grabcut_fallback,bbox_fallback,fallback_lk,cotracker_weighted_affine,False,0.8933333333333334,36,30,14,0.4666666666666667,0.9296295046806335,5,0.0,23652.0,success,178,0.34195768265117316,,174.0,pre_contact_gap_tracked_reference,3.0,cotracker_weighted_affine,success,5,0.0,0.22133333333333333,,,,,,,success,keep,,5.272111114859581,/Users/huhu/Documents/Code/bishe/vrb/vrbreproduction/outputs/100subaction-e8/experiments/E8/pipeline_outputs/subaction_01_P01_109_1/candidate_09_frame_000177_left,/Users/huhu/Documents/Code/bishe/vrb/vrbreproduction/outputs/100subaction-e8/experiments/E8/pipeline_outputs/subaction_01_P01_109_1/candidate_09_frame_000177_left,/Users/huhu/Documents/Code/bishe/vrb/vrbreproduction/outputs/100subaction-e8/experiments/E8/pipeline_outputs/subaction_01_P01_109_1/candidate_09_frame_000177_left/reference_frame.png,/Users/huhu/Documents/Code/bishe/vrb/vrbreproduction/outputs/100subaction-e8/experiments/E8/pipeline_outputs/subaction_01_P01_109_1/candidate_09_frame_000177_left/label_heatmap_merged_overlay.png,/Users/huhu/Documents/Code/bishe/vrb/vrbreproduction/outputs/100subaction-e8/experiments/E8/pipeline_outputs/subaction_01_P01_109_1/candidate_09_frame_000177_left/vrb_style_affordance.png,6.0,0.0,"[171.35, 89.0, 316.94, 250.56]",/Users/huhu/Documents/Code/bishe/vrb/vrbreproduction/outputs/100subaction-e8/experiments/E8/pipeline_outputs/subaction_01_P01_109_1/candidate_09_frame_000177_left/label_heatmap_merged.npy,/Users/huhu/Documents/Code/bishe/vrb/vrbreproduction/outputs/100subaction-e8/experiments/E8/pipeline_outputs/subaction_01_P01_109_1/candidate_09_frame_000177_left/label_heatmap_merged.png,/Users/huhu/Documents/Code/bishe/vrb/vrbreproduction/outputs/100subaction-e8/experiments/E8/pipeline_outputs/subaction_01_P01_109_1/candidate_09_frame_000177_left/mask_projection_overlay.png,"(256, 456)",isotropic_e7,True,False
E8,1,P01_109_1,open rucksack,open,rucksack,['rucksack'],153,226,152.0,225.0,10.0,178.0,right,new_contact_episode,97,12,52,"[177.0, 93.0, 307.0, 240.0]",2.9954012654346704,grabcut_fallback,bbox_fallback,fallback_lk,cotracker_weighted_affine,False,0.9357142857142857,36,28,19,0.6785714285714286,1.8380112648010254,5,0.0,20010.0,success,179,0.34195768265117316,,177.0,earliest_reliable_tracked_reference_no_pre_gap,1.0,cotracker_weighted_affine,success,5,0.0,0.20653333333333335,,,,,,,success,keep,,5.43798823348454,/Users/huhu/Documents/Code/bishe/vrb/vrbreproduction/outputs/100subaction-e8/experiments/E8/pipeline_outputs/subaction_01_P01_109_1/candidate_10_frame_000178_right,/Users/huhu/Documents/Code/bishe/vrb/vrbreproduction/outputs/100subaction-e8/experiments/E8/pipeline_outputs/subaction_01_P01_109_1/candidate_10_frame_000178_right,/Users/huhu/Documents/Code/bishe/vrb/vrbreproduction/outputs/100subaction-e8/experiments/E8/pipeline_outputs/subaction_01_P01_109_1/candidate_10_frame_000178_right/reference_frame.png,/Users/huhu/Documents/Code/bishe/vrb/vrbreproduction/outputs/100subaction-e8/experiments/E8/pipeline_outputs/subaction_01_P01_109_1/candidate_10_frame_000178_right/label_heatmap_merged_overlay.png,/Users/huhu/Documents/Code/bishe/vrb/vrbreproduction/outputs/100subaction-e8/experiments/E8/pipeline_outputs/subaction_01_P01_109_1/candidate_10_frame_000178_right/vrb_style_affordance.png,6.0,0.0,"[177.79, 96.29, 315.57, 241.05]",/Users/huhu/Documents/Code/bishe/vrb/vrbreproduction/outputs/100subaction-e8/experiments/E8/pipeline_outputs/subaction_01_P01_109_1/candidate_10_frame_000178_right/label_heatmap_merged.npy,/Users/huhu/Documents/Code/bishe/vrb/vrbreproduction/outputs/100subaction-e8/experiments/E8/pipeline_outputs/subaction_01_P01_109_1/candidate_10_frame_000178_right/label_heatmap_merged.png,/Users/huhu/Documents/Code/bishe/vrb/vrbreproduction/outputs/100subaction-e8/experiments/E8/pipeline_outputs/subaction_01_P01_109_1/candidate_10_frame_000178_right/mask_projection_overlay.png,"(256, 456)",isotropic_e7,True,False
E8,1,P01_109_1,open rucksack,open,rucksack,['rucksack'],153,226,152.0,225.0,11.0,180.0,right,new_contact_episode,97,12,114,"[177.0, 94.0, 302.0, 231.0]",2.9332548265491374,grabcut_fallback,bbox_fallback,fallback_lk,cotracker_weighted_affine,False,0.9636363636363637,36,33,27,0.8181818181818182,1.9231268167495728,5,0.0,18625.0,success,181,0.34195768265117316,,179.0,earliest_reliable_tracked_reference_no_pre_gap,1.0,cotracker_weighted_affine,success,5,0.0,0.20453333333333334,,,,,,,success,keep,,5.543142559133876,/Users/huhu/Documents/Code/bishe/vrb/vrbreproduction/outputs/100subaction-e8/experiments/E8/pipeline_outputs/subaction_01_P01_109_1/candidate_11_frame_000180_right,/Users/huhu/Documents/Code/bishe/vrb/vrbreproduction/outputs/100subaction-e8/experiments/E8/pipeline_outputs/subaction_01_P01_109_1/candidate_11_frame_000180_right,/Users/huhu/Documents/Code/bishe/vrb/vrbreproduction/outputs/100subaction-e8/experiments/E8/pipeline_outputs/subaction_01_P01_109_1/candidate_11_frame_000180_right/reference_frame.png,/Users/huhu/Documents/Code/bishe/vrb/vrbreproduction/outputs/100subaction-e8/experiments/E8/pipeline_outputs/subaction_01_P01_109_1/candidate_11_frame_000180_right/label_heatmap_merged_overlay.png,/Users/huhu/Documents/Code/bishe/vrb/vrbreproduction/outputs/100subaction-e8/experiments/E8/pipeline_outputs/subaction_01_P01_109_1/candidate_11_frame_000180_right/vrb_style_affordance.png,5.0,1.0,"[181.59, 92.4, 306.66, 240.96]",/Users/huhu/Documents/Code/bishe/vrb/vrbreproduction/outputs/100subaction-e8/experiments/E8/pipeline_outputs/subaction_01_P01_109_1/candidate_11_frame_000180_right/label_heatmap_merged.npy,/Users/huhu/Documents/Code/bishe/vrb/vrbreproduction/outputs/100subaction-e8/experiments/E8/pipeline_outputs/subaction_01_P01_109_1/candidate_11_frame_000180_right/label_heatmap_merged.png,/Users/huhu/Documents/Code/bishe/vrb/vrbreproduction/outputs/100subaction-e8/experiments/E8/pipeline_outputs/subaction_01_P01_109_1/candidate_11_frame_000180_right/mask_projection_overlay.png,"(256, 456)",isotropic_e7,True,False
E8,2,P01_109_2,pick up eggs,pick-up,egg,['egg'],252,319,251.0,318.0,0.0,256.0,right,new_contact_episode,133,3,0,"[156.0, 61.0, 321.0, 212.0]",1.9570454948826514,,,,,False,,0,0,0,,,0,,,not_run,0,0.0,,,,,,not_run,0,,,,,,,,,not_run,discard,contact_points_lt5_after_object_boundary_filter,,/Users/huhu/Documents/Code/bishe/vrb/vrbreproduction/outputs/100subaction-e8/experiments/E8/pipeline_outputs/subaction_02_P01_109_2/candidate_00_frame_000256_right,,,,,,,,,,,,,,False
E8,2,P01_109_2,pick up eggs,pick-up,egg,['egg'],252,319,251.0,318.0,1.0,257.0,right,new_contact_episode,133,3,0,"[155.0, 61.0, 307.0, 208.0]",1.9184340250692018,,,,,False,,0,0,0,,,0,,,not_run,0,0.0,,,,,,not_run,0,,,,,,,,,not_run,discard,contact_points_lt5_after_object_boundary_filter,,/Users/huhu/Documents/Code/bishe/vrb/vrbreproduction/outputs/100subaction-e8/experiments/E8/pipeline_outputs/subaction_02_P01_109_2/candidate_01_frame_000257_right,,,,,,,,,,,,,,False
E8,2,P01_109_2,pick up eggs,pick-up,egg,['egg'],252,319,251.0,318.0,2.0,258.0,right,new_contact_episode,133,3,0,"[157.0, 61.0, 315.0, 212.0]",1.9295271265832534,,,,,False,,0,0,0,,,0,,,not_run,0,0.0,,,,,,not_run,0,,,,,,,,,not_run,discard,contact_points_lt5_after_object_boundary_filter,,/Users/huhu/Documents/Code/bishe/vrb/vrbreproduction/outputs/100subaction-e8/experiments/E8/pipeline_outputs/subaction_02_P01_109_2/candidate_02_frame_000258_right,,,,,,,,,,,,,,False
E8,3,P01_109_3,put down eggs,put-down,egg,['egg'],319,374,318.0,373.0,0.0,362.0,left,new_contact_episode,36,9,98,"[183.0, 126.0, 294.0, 247.0]",2.980071862592368,grabcut_fallback,bbox_fallback,fallback_lk,cotracker_weighted_affine,False,0.9828571428571429,36,35,32,0.9142857142857143,0.1707518845796585,5,0.0,13310.0,success,361,0.35245193913903805,,361.0,pre_contact_gap_tracked_reference,1.0,cotracker_weighted_affine,success,5,0.0,0.016666666666666666,,,,,,,success,keep,,5.918091729176896,/Users/huhu/Documents/Code/bishe/vrb/vrbreproduction/outputs/100subaction-e8/experiments/E8/pipeline_outputs/subaction_03_P01_109_3/candidate_00_frame_000362_left,/Users/huhu/Documents/Code/bishe/vrb/vrbreproduction/outputs/100subaction-e8/experiments/E8/pipeline_outputs/subaction_03_P01_109_3/candidate_00_frame_000362_left,/Users/huhu/Documents/Code/bishe/vrb/vrbreproduction/outputs/100subaction-e8/experiments/E8/pipeline_outputs/subaction_03_P01_109_3/candidate_00_frame_000362_left/reference_frame.png,/Users/huhu/Documents/Code/bishe/vrb/vrbreproduction/outputs/100subaction-e8/experiments/E8/pipeline_outputs/subaction_03_P01_109_3/candidate_00_frame_000362_left/label_heatmap_merged_overlay.png,/Users/huhu/Documents/Code/bishe/vrb/vrbreproduction/outputs/100subaction-e8/experiments/E8/pipeline_outputs/subaction_03_P01_109_3/candidate_00_frame_000362_left/vrb_style_affordance.png,6.0,0.0,"[183.64, 127.28, 294.22, 247.8]",/Users/huhu/Documents/Code/bishe/vrb/vrbreproduction/outputs/100subaction-e8/experiments/E8/pipeline_outputs/subaction_03_P01_109_3/candidate_00_frame_000362_left/label_heatmap_merged.npy,/Users/huhu/Documents/Code/bishe/vrb/vrbreproduction/outputs/100subaction-e8/experiments/E8/pipeline_outputs/subaction_03_P01_109_3/candidate_00_frame_000362_left/label_heatmap_merged.png,/Users/huhu/Documents/Code/bishe/vrb/vrbreproduction/outputs/100subaction-e8/experiments/E8/pipeline_outputs/subaction_03_P01_109_3/candidate_00_frame_000362_left/mask_projection_overlay.png,"(256, 456)",isotropic_e7,True,True
E8,3,P01_109_3,put down eggs,put-down,egg,['egg'],319,374,318.0,373.0,1.0,363.0,left,new_contact_episode,36,9,100,"[182.0, 125.0, 291.0, 246.0]",2.9498468757381646,grabcut_fallback,bbox_fallback,fallback_lk,cotracker_weighted_affine,False,0.9828571428571429,36,35,32,0.9142857142857143,0.262580543756485,5,0.0,13310.0,success,361,0.3578192275523229,,361.0,pre_contact_gap_tracked_reference,2.0,cotracker_weighted_affine,success,5,0.0,0.016666666666666666,,,,,,,success,keep,,5.909336869401592,/Users/huhu/Documents/Code/bishe/vrb/vrbreproduction/outputs/100subaction-e8/experiments/E8/pipeline_outputs/subaction_03_P01_109_3/candidate_01_frame_000363_left,/Users/huhu/Documents/Code/bishe/vrb/vrbreproduction/outputs/100subaction-e8/experiments/E8/pipeline_outputs/subaction_03_P01_109_3/candidate_01_frame_000363_left,/Users/huhu/Documents/Code/bishe/vrb/vrbreproduction/outputs/100subaction-e8/experiments/E8/pipeline_outputs/subaction_03_P01_109_3/candidate_01_frame_000363_left/reference_frame.png,/Users/huhu/Documents/Code/bishe/vrb/vrbreproduction/outputs/100subaction-e8/experiments/E8/pipeline_outputs/subaction_03_P01_109_3/candidate_01_frame_000363_left/label_heatmap_merged_overlay.png,/Users/huhu/Documents/Code/bishe/vrb/vrbreproduction/outputs/100subaction-e8/experiments/E8/pipeline_outputs/subaction_03_P01_109_3/candidate_01_frame_000363_left/vrb_style_affordance.png,6.0,0.0,"[183.48, 127.36, 293.25, 247.75]",/Users/huhu/Documents/Code/bishe/vrb/vrbreproduction/outputs/100subaction-e8/experiments/E8/pipeline_outputs/subaction_03_P01_109_3/candidate_01_frame_000363_left/label_heatmap_merged.npy,/Users/huhu/Documents/Code/bishe/vrb/vrbreproduction/outputs/100subaction-e8/experiments/E8/pipeline_outputs/subaction_03_P01_109_3/candidate_01_frame_000363_left/label_heatmap_merged.png,/Users/huhu/Documents/Code/bishe/vrb/vrbreproduction/outputs/100subaction-e8/experiments/E8/pipeline_outputs/subaction_03_P01_109_3/candidate_01_frame_000363_left/mask_projection_overlay.png,"(256, 456)",isotropic_e7,True,False
E8,3,P01_109_3,put down eggs,put-down,egg,['egg'],319,374,318.0,373.0,2.0,364.0,left,new_contact_episode,36,9,134,"[181.0, 124.0, 292.0, 248.0]",3.038232342394723,grabcut_fallback,bbox_fallback,fallback_lk,cotracker_weighted_affine,False,0.9931034482758622,36,29,28,0.9655172413793104,0.9374522566795349,5,0.0,12971.0,success,361,0.36326825132215523,,357.0,pre_contact_gap_tracked_reference,7.0,cotracker_weighted_affine,success,5,0.0,0.0,,,,,,,success,keep,,5.80116901830191,/Users/huhu/Documents/Code/bishe/vrb/vrbreproduction/outputs/100subaction-e8/experiments/E8/pipeline_outputs/subaction_03_P01_109_3/candidate_02_frame_000364_left,/Users/huhu/Documents/Code/bishe/vrb/vrbreproduction/outputs/100subaction-e8/experiments/E8/pipeline_outputs/subaction_03_P01_109_3/candidate_02_frame_000364_left,/Users/huhu/Documents/Code/bishe/vrb/vrbreproduction/outputs/100subaction-e8/experiments/E8/pipeline_outputs/subaction_03_P01_109_3/candidate_02_frame_000364_left/reference_frame.png,/Users/huhu/Documents/Code/bishe/vrb/vrbreproduction/outputs/100subaction-e8/experiments/E8/pipeline_outputs/subaction_03_P01_109_3/candidate_02_frame_000364_left/label_heatmap_merged_overlay.png,/Users/huhu/Documents/Code/bishe/vrb/vrbreproduction/outputs/100subaction-e8/experiments/E8/pipeline_outputs/subaction_03_P01_109_3/candidate_02_frame_000364_left/vrb_style_affordance.png,6.0,0.0,"[185.85, 132.51, 294.86, 252.02]",/Users/huhu/Documents/Code/bishe/vrb/vrbreproduction/outputs/100subaction-e8/experiments/E8/pipeline_outputs/subaction_03_P01_109_3/candidate_02_frame_000364_left/label_heatmap_merged.npy,/Users/huhu/Documents/Code/bishe/vrb/vrbreproduction/outputs/100subaction-e8/experiments/E8/pipeline_outputs/subaction_03_P01_109_3/candidate_02_frame_000364_left/label_heatmap_merged.png,/Users/huhu/Documents/Code/bishe/vrb/vrbreproduction/outputs/100subaction-e8/experiments/E8/pipeline_outputs/subaction_03_P01_109_3/candidate_02_frame_000364_left/mask_projection_overlay.png,"(256, 456)",isotropic_e7,True,True
E8,3,P01_109_3,put down eggs,put-down,egg,['egg'],319,374,318.0,373.0,3.0,369.0,left,new_contact_episode,36,9,130,"[184.0, 118.0, 286.0, 245.0]",3.1188843736990073,grabcut_fallback,bbox_fallback,fallback_lk,cotracker_weighted_affine,False,0.9555555555555556,36,36,28,0.7777777777777778,0.4012243151664734,5,0.0,14061.0,success,361,0.391783634561445,,367.0,pre_contact_gap_tracked_reference,2.0,cotracker_weighted_affine,success,5,0.0,0.06275555555555555,,,,,,,success,keep,,5.765163270545005,/Users/huhu/Documents/Code/bishe/vrb/vrbreproduction/outputs/100subaction-e8/experiments/E8/pipeline_outputs/subaction_03_P01_109_3/candidate_03_frame_000369_left,/Users/huhu/Documents/Code/bishe/vrb/vrbreproduction/outputs/100subaction-e8/experiments/E8/pipeline_outputs/subaction_03_P01_109_3/candidate_03_frame_000369_left,/Users/huhu/Documents/Code/bishe/vrb/vrbreproduction/outputs/100subaction-e8/experiments/E8/pipeline_outputs/subaction_03_P01_109_3/candidate_03_frame_000369_left/reference_frame.png,/Users/huhu/Documents/Code/bishe/vrb/vrbreproduction/outputs/100subaction-e8/experiments/E8/pipeline_outputs/subaction_03_P01_109_3/candidate_03_frame_000369_left/label_heatmap_merged_overlay.png,/Users/huhu/Documents/Code/bishe/vrb/vrbreproduction/outputs/100subaction-e8/experiments/E8/pipeline_outputs/subaction_03_P01_109_3/candidate_03_frame_000369_left/vrb_style_affordance.png,6.0,0.0,"[184.4, 119.18, 292.92, 248.03]",/Users/huhu/Documents/Code/bishe/vrb/vrbreproduction/outputs/100subaction-e8/experiments/E8/pipeline_outputs/subaction_03_P01_109_3/candidate_03_frame_000369_left/label_heatmap_merged.npy,/Users/huhu/Documents/Code/bishe/vrb/vrbreproduction/outputs/100subaction-e8/experiments/E8/pipeline_outputs/subaction_03_P01_109_3/candidate_03_frame_000369_left/label_heatmap_merged.png,/Users/huhu/Documents/Code/bishe/vrb/vrbreproduction/outputs/100subaction-e8/experiments/E8/pipeline_outputs/subaction_03_P01_109_3/candidate_03_frame_000369_left/mask_projection_overlay.png,"(256, 456)",isotropic_e7,True,False
E8,3,P01_109_3,put down eggs,put-down,egg,['egg'],319,374,318.0,373.0,4.0,370.0,left,new_contact_episode,36,9,214,"[183.0, 116.0, 286.0, 243.0]",3.0898542810010725,grabcut_fallback,bbox_fallback,fallback_lk,cotracker_weighted_affine,False,0.9393939393939394,36,33,23,0.696969696969697,0.6895300149917603,5,0.0,14040.0,success,361,0.39774988280349743,,366.0,pre_contact_gap_tracked_reference,4.0,cotracker_weighted_affine,success,5,0.0,0.051333333333333335,,,,,,,success,keep,,5.70104137227752,/Users/huhu/Documents/Code/bishe/vrb/vrbreproduction/outputs/100subaction-e8/experiments/E8/pipeline_outputs/subaction_03_P01_109_3/candidate_04_frame_000370_left,/Users/huhu/Documents/Code/bishe/vrb/vrbreproduction/outputs/100subaction-e8/experiments/E8/pipeline_outputs/subaction_03_P01_109_3/candidate_04_frame_000370_left,/Users/huhu/Documents/Code/bishe/vrb/vrbreproduction/outputs/100subaction-e8/experiments/E8/pipeline_outputs/subaction_03_P01_109_3/candidate_04_frame_000370_left/reference_frame.png,/Users/huhu/Documents/Code/bishe/vrb/vrbreproduction/outputs/100subaction-e8/experiments/E8/pipeline_outputs/subaction_03_P01_109_3/candidate_04_frame_000370_left/label_heatmap_merged_overlay.png,/Users/huhu/Documents/Code/bishe/vrb/vrbreproduction/outputs/100subaction-e8/experiments/E8/pipeline_outputs/subaction_03_P01_109_3/candidate_04_frame_000370_left/vrb_style_affordance.png,6.0,0.0,"[183.75, 118.81, 291.88, 248.92]",/Users/huhu/Documents/Code/bishe/vrb/vrbreproduction/outputs/100subaction-e8/experiments/E8/pipeline_outputs/subaction_03_P01_109_3/candidate_04_frame_000370_left/label_heatmap_merged.npy,/Users/huhu/Documents/Code/bishe/vrb/vrbreproduction/outputs/100subaction-e8/experiments/E8/pipeline_outputs/subaction_03_P01_109_3/candidate_04_frame_000370_left/label_heatmap_merged.png,/Users/huhu/Documents/Code/bishe/vrb/vrbreproduction/outputs/100subaction-e8/experiments/E8/pipeline_outputs/subaction_03_P01_109_3/candidate_04_frame_000370_left/mask_projection_overlay.png,"(256, 456)",isotropic_e7,True,False
E8,3,P01_109_3,put down eggs,put-down,egg,['egg'],319,374,318.0,373.0,5.0,371.0,left,new_contact_episode,36,9,204,"[196.0, 118.0, 284.0, 244.0]",3.081965293372851,grabcut_fallback,bbox_fallback,fallback_lk,cotracker_weighted_affine,False,0.9333333333333333,36,30,20,0.6666666666666666,0.6379392147064209,5,0.0,13932.0,success,361,0.4038069876177639,,367.0,pre_contact_gap_tracked_reference,4.0,cotracker_weighted_affine,success,5,0.0,0.05262222222222222,,,,,,,success,keep,,5.677928490225474,/Users/huhu/Documents/Code/bishe/vrb/vrbreproduction/outputs/100subaction-e8/experiments/E8/pipeline_outputs/subaction_03_P01_109_3/candidate_05_frame_000371_left,/Users/huhu/Documents/Code/bishe/vrb/vrbreproduction/outputs/100subaction-e8/experiments/E8/pipeline_outputs/subaction_03_P01_109_3/candidate_05_frame_000371_left,/Users/huhu/Documents/Code/bishe/vrb/vrbreproduction/outputs/100subaction-e8/experiments/E8/pipeline_outputs/subaction_03_P01_109_3/candidate_05_frame_000371_left/reference_frame.png,/Users/huhu/Documents/Code/bishe/vrb/vrbreproduction/outputs/100subaction-e8/experiments/E8/pipeline_outputs/subaction_03_P01_109_3/candidate_05_frame_000371_left/label_heatmap_merged_overlay.png,/Users/huhu/Documents/Code/bishe/vrb/vrbreproduction/outputs/100subaction-e8/experiments/E8/pipeline_outputs/subaction_03_P01_109_3/candidate_05_frame_000371_left/vrb_style_affordance.png,6.0,0.0,"[184.58, 119.17, 292.96, 248.01]",/Users/huhu/Documents/Code/bishe/vrb/vrbreproduction/outputs/100subaction-e8/experiments/E8/pipeline_outputs/subaction_03_P01_109_3/candidate_05_frame_000371_left/label_heatmap_merged.npy,/Users/huhu/Documents/Code/bishe/vrb/vrbreproduction/outputs/100subaction-e8/experiments/E8/pipeline_outputs/subaction_03_P01_109_3/candidate_05_frame_000371_left/label_heatmap_merged.png,/Users/huhu/Documents/Code/bishe/vrb/vrbreproduction/outputs/100subaction-e8/experiments/E8/pipeline_outputs/subaction_03_P01_109_3/candidate_05_frame_000371_left/mask_projection_overlay.png,"(256, 456)",isotropic_e7,True,False
E8,3,P01_109_3,put down eggs,put-down,egg,['egg'],319,374,318.0,373.0,6.0,371.0,right,new_contact_episode,36,9,109,"[196.0, 118.0, 284.0, 244.0]",3.240970185610308,grabcut_fallback,bbox_fallback,fallback_lk,cotracker_weighted_affine,False,0.9866666666666667,36,30,28,0.9333333333333333,0.5848140716552734,5,0.0,13860.0,success,361,0.4038069876177639,,364.0,earliest_reliable_tracked_reference_no_pre_gap,7.0,cotracker_weighted_affine,success,5,0.0,0.020533333333333334,,,,,,,success,keep,,5.909655577850341,/Users/huhu/Documents/Code/bishe/vrb/vrbreproduction/outputs/100subaction-e8/experiments/E8/pipeline_outputs/subaction_03_P01_109_3/candidate_06_frame_000371_right,/Users/huhu/Documents/Code/bishe/vrb/vrbreproduction/outputs/100subaction-e8/experiments/E8/pipeline_outputs/subaction_03_P01_109_3/candidate_06_frame_000371_right,/Users/huhu/Documents/Code/bishe/vrb/vrbreproduction/outputs/100subaction-e8/experiments/E8/pipeline_outputs/subaction_03_P01_109_3/candidate_06_frame_000371_right/reference_frame.png,/Users/huhu/Documents/Code/bishe/vrb/vrbreproduction/outputs/100subaction-e8/experiments/E8/pipeline_outputs/subaction_03_P01_109_3/candidate_06_frame_000371_right/label_heatmap_merged_overlay.png,/Users/huhu/Documents/Code/bishe/vrb/vrbreproduction/outputs/100subaction-e8/experiments/E8/pipeline_outputs/subaction_03_P01_109_3/candidate_06_frame_000371_right/vrb_style_affordance.png,6.0,0.0,"[182.34, 123.04, 292.26, 249.05]",/Users/huhu/Documents/Code/bishe/vrb/vrbreproduction/outputs/100subaction-e8/experiments/E8/pipeline_outputs/subaction_03_P01_109_3/candidate_06_frame_000371_right/label_heatmap_merged.npy,/Users/huhu/Documents/Code/bishe/vrb/vrbreproduction/outputs/100subaction-e8/experiments/E8/pipeline_outputs/subaction_03_P01_109_3/candidate_06_frame_000371_right/label_heatmap_merged.png,/Users/huhu/Documents/Code/bishe/vrb/vrbreproduction/outputs/100subaction-e8/experiments/E8/pipeline_outputs/subaction_03_P01_109_3/candidate_06_frame_000371_right/mask_projection_overlay.png,"(256, 456)",isotropic_e7,True,True
E8,3,P01_109_3,put down eggs,put-down,egg,['egg'],319,374,318.0,373.0,7.0,372.0,right,new_contact_episode,36,9,112,"[204.0, 115.0, 267.0, 214.0]",3.2888211672744507,grabcut_fallback,bbox_fallback,fallback_lk,cotracker_weighted_affine,False,0.9696969696969697,36,33,28,0.8484848484848485,0.8075928688049316,5,0.0,13420.0,success,361,0.4099563326068669,,363.0,earliest_reliable_tracked_reference_no_pre_gap,9.0,cotracker_weighted_affine,success,5,0.0,0.008266666666666667,,,,,,,success,keep,,5.845735850299487,/Users/huhu/Documents/Code/bishe/vrb/vrbreproduction/outputs/100subaction-e8/experiments/E8/pipeline_outputs/subaction_03_P01_109_3/candidate_07_frame_000372_right,/Users/huhu/Documents/Code/bishe/vrb/vrbreproduction/outputs/100subaction-e8/experiments/E8/pipeline_outputs/subaction_03_P01_109_3/candidate_07_frame_000372_right,/Users/huhu/Documents/Code/bishe/vrb/vrbreproduction/outputs/100subaction-e8/experiments/E8/pipeline_outputs/subaction_03_P01_109_3/candidate_07_frame_000372_right/reference_frame.png,/Users/huhu/Documents/Code/bishe/vrb/vrbreproduction/outputs/100subaction-e8/experiments/E8/pipeline_outputs/subaction_03_P01_109_3/candidate_07_frame_000372_right/label_heatmap_merged_overlay.png,/Users/huhu/Documents/Code/bishe/vrb/vrbreproduction/outputs/100subaction-e8/experiments/E8/pipeline_outputs/subaction_03_P01_109_3/candidate_07_frame_000372_right/vrb_style_affordance.png,6.0,0.0,"[182.29, 124.74, 291.53, 247.39]",/Users/huhu/Documents/Code/bishe/vrb/vrbreproduction/outputs/100subaction-e8/experiments/E8/pipeline_outputs/subaction_03_P01_109_3/candidate_07_frame_000372_right/label_heatmap_merged.npy,/Users/huhu/Documents/Code/bishe/vrb/vrbreproduction/outputs/100subaction-e8/experiments/E8/pipeline_outputs/subaction_03_P01_109_3/candidate_07_frame_000372_right/label_heatmap_merged.png,/Users/huhu/Documents/Code/bishe/vrb/vrbreproduction/outputs/100subaction-e8/experiments/E8/pipeline_outputs/subaction_03_P01_109_3/candidate_07_frame_000372_right/mask_projection_overlay.png,"(256, 456)",isotropic_e7,True,False
E8,3,P01_109_3,put down eggs,put-down,egg,['egg'],319,374,318.0,373.0,8.0,373.0,right,new_contact_episode,36,9,66,"[201.0, 115.0, 253.0, 212.0]",2.9918831924827773,grabcut_fallback,bbox_fallback,fallback_lk,cotracker_weighted_affine,False,0.993939393939394,36,33,32,0.9696969696969697,0.3031653165817261,5,0.0,5940.0,success,361,0.4161993224435197,,372.0,earliest_reliable_tracked_reference_no_pre_gap,1.0,cotracker_weighted_affine,success,5,0.0,0.3128,,,,,,,success,keep,,5.542977767775275,/Users/huhu/Documents/Code/bishe/vrb/vrbreproduction/outputs/100subaction-e8/experiments/E8/pipeline_outputs/subaction_03_P01_109_3/candidate_08_frame_000373_right,/Users/huhu/Documents/Code/bishe/vrb/vrbreproduction/outputs/100subaction-e8/experiments/E8/pipeline_outputs/subaction_03_P01_109_3/candidate_08_frame_000373_right,/Users/huhu/Documents/Code/bishe/vrb/vrbreproduction/outputs/100subaction-e8/experiments/E8/pipeline_outputs/subaction_03_P01_109_3/candidate_08_frame_000373_right/reference_frame.png,/Users/huhu/Documents/Code/bishe/vrb/vrbreproduction/outputs/100subaction-e8/experiments/E8/pipeline_outputs/subaction_03_P01_109_3/candidate_08_frame_000373_right/label_heatmap_merged_overlay.png,/Users/huhu/Documents/Code/bishe/vrb/vrbreproduction/outputs/100subaction-e8/experiments/E8/pipeline_outputs/subaction_03_P01_109_3/candidate_08_frame_000373_right/vrb_style_affordance.png,6.0,0.0,"[203.19, 115.3, 263.07, 213.68]",/Users/huhu/Documents/Code/bishe/vrb/vrbreproduction/outputs/100subaction-e8/experiments/E8/pipeline_outputs/subaction_03_P01_109_3/candidate_08_frame_000373_right/label_heatmap_merged.npy,/Users/huhu/Documents/Code/bishe/vrb/vrbreproduction/outputs/100subaction-e8/experiments/E8/pipeline_outputs/subaction_03_P01_109_3/candidate_08_frame_000373_right/label_heatmap_merged.png,/Users/huhu/Documents/Code/bishe/vrb/vrbreproduction/outputs/100subaction-e8/experiments/E8/pipeline_outputs/subaction_03_P01_109_3/candidate_08_frame_000373_right/mask_projection_overlay.png,"(256, 456)",isotropic_e7,True,False
E8,4,P01_109_4,pick up onion and potato,pick-up,onion,,424,475,,,,,,,104,0,0,,,,,,,False,,0,0,0,,,0,,,not_run,0,0.0,,,,,,not_run,0,,,,,,,,,not_run,discard,continuation_contact_run,,,,,,,,,,,,,,,,False
E8,5,P01_109_5,put down onion and potato,put-down,onion,,480,523,,,,,,,31,0,0,,,,,,,False,,0,0,0,,,0,,,not_run,0,0.0,,,,,,not_run,0,,,,,,,,,not_run,discard,continuation_contact_run,,,,,,,,,,,,,,,,False
E8,6,P01_109_8,pick up potato,pick-up,potato,['potato'],500,622,499.0,621.0,0.0,527.0,right,new_contact_episode,140,6,69,"[202.0, 119.0, 241.0, 171.0]",3.289574420982162,grabcut_fallback,bbox_fallback,fallback_lk,cotracker_weighted_affine,False,0.9933333333333334,30,30,29,0.9666666666666667,0.5178209543228149,5,0.0,2352.0,success,361,0.5371707625918725,,526.0,pre_contact_gap_tracked_reference,1.0,cotracker_weighted_affine,success,5,0.0,0.228,,,,,,,success,keep,,5.629965371370315,/Users/huhu/Documents/Code/bishe/vrb/vrbreproduction/outputs/100subaction-e8/experiments/E8/pipeline_outputs/subaction_06_P01_109_8/candidate_00_frame_000527_right,/Users/huhu/Documents/Code/bishe/vrb/vrbreproduction/outputs/100subaction-e8/experiments/E8/pipeline_outputs/subaction_06_P01_109_8/candidate_00_frame_000527_right,/Users/huhu/Documents/Code/bishe/vrb/vrbreproduction/outputs/100subaction-e8/experiments/E8/pipeline_outputs/subaction_06_P01_109_8/candidate_00_frame_000527_right/reference_frame.png,/Users/huhu/Documents/Code/bishe/vrb/vrbreproduction/outputs/100subaction-e8/experiments/E8/pipeline_outputs/subaction_06_P01_109_8/candidate_00_frame_000527_right/label_heatmap_merged_overlay.png,/Users/huhu/Documents/Code/bishe/vrb/vrbreproduction/outputs/100subaction-e8/experiments/E8/pipeline_outputs/subaction_06_P01_109_8/candidate_00_frame_000527_right/vrb_style_affordance.png,6.0,0.0,"[203.37, 119.41, 245.37, 174.6]",/Users/huhu/Documents/Code/bishe/vrb/vrbreproduction/outputs/100subaction-e8/experiments/E8/pipeline_outputs/subaction_06_P01_109_8/candidate_00_frame_000527_right/label_heatmap_merged.npy,/Users/huhu/Documents/Code/bishe/vrb/vrbreproduction/outputs/100subaction-e8/experiments/E8/pipeline_outputs/subaction_06_P01_109_8/candidate_00_frame_000527_right/label_heatmap_merged.png,/Users/huhu/Documents/Code/bishe/vrb/vrbreproduction/outputs/100subaction-e8/experiments/E8/pipeline_outputs/subaction_06_P01_109_8/candidate_00_frame_000527_right/mask_projection_overlay.png,"(256, 456)",isotropic_e7,True,True
E8,6,P01_109_8,pick up potato,pick-up,potato,['potato'],500,622,499.0,621.0,1.0,528.0,right,new_contact_episode,140,6,106,"[200.0, 104.0, 250.0, 173.0]",3.4910094929307,grabcut_fallback,bbox_fallback,fallback_lk,cotracker_weighted_affine,False,0.9388888888888889,36,36,25,0.6944444444444444,1.409270167350769,5,0.0,2867.0,success,361,0.5371707625918725,,526.0,pre_contact_gap_tracked_reference,2.0,cotracker_weighted_affine,success,5,0.0,0.23422222222222222,,,,,,,success,keep,,5.383721894979477,/Users/huhu/Documents/Code/bishe/vrb/vrbreproduction/outputs/100subaction-e8/experiments/E8/pipeline_outputs/subaction_06_P01_109_8/candidate_01_frame_000528_right,/Users/huhu/Documents/Code/bishe/vrb/vrbreproduction/outputs/100subaction-e8/experiments/E8/pipeline_outputs/subaction_06_P01_109_8/candidate_01_frame_000528_right,/Users/huhu/Documents/Code/bishe/vrb/vrbreproduction/outputs/100subaction-e8/experiments/E8/pipeline_outputs/subaction_06_P01_109_8/candidate_01_frame_000528_right/reference_frame.png,/Users/huhu/Documents/Code/bishe/vrb/vrbreproduction/outputs/100subaction-e8/experiments/E8/pipeline_outputs/subaction_06_P01_109_8/candidate_01_frame_000528_right/label_heatmap_merged_overlay.png,/Users/huhu/Documents/Code/bishe/vrb/vrbreproduction/outputs/100subaction-e8/experiments/E8/pipeline_outputs/subaction_06_P01_109_8/candidate_01_frame_000528_right/vrb_style_affordance.png,6.0,0.0,"[203.19, 114.57, 249.71, 176.26]",/Users/huhu/Documents/Code/bishe/vrb/vrbreproduction/outputs/100subaction-e8/experiments/E8/pipeline_outputs/subaction_06_P01_109_8/candidate_01_frame_000528_right/label_heatmap_merged.npy,/Users/huhu/Documents/Code/bishe/vrb/vrbreproduction/outputs/100subaction-e8/experiments/E8/pipeline_outputs/subaction_06_P01_109_8/candidate_01_frame_000528_right/label_heatmap_merged.png,/Users/huhu/Documents/Code/bishe/vrb/vrbreproduction/outputs/100subaction-e8/experiments/E8/pipeline_outputs/subaction_06_P01_109_8/candidate_01_frame_000528_right/mask_projection_overlay.png,"(256, 456)",isotropic_e7,True,False
E8,6,P01_109_8,pick up potato,pick-up,potato,['potato'],500,622,499.0,621.0,2.0,529.0,right,new_contact_episode,140,6,18,"[203.0, 120.0, 232.0, 166.0]",3.0965188858207457,grabcut_fallback,bbox_fallback,fallback_lk,cotracker_weighted_affine,False,0.9705882352941178,36,34,29,0.8529411764705882,1.5569134950637817,5,0.0,2640.0,success,361,0.5371707625918725,,526.0,pre_contact_gap_tracked_reference,3.0,cotracker_weighted_affine,success,5,0.0,0.20777777777777778,,,,,,,success,keep,,5.531831810834362,/Users/huhu/Documents/Code/bishe/vrb/vrbreproduction/outputs/100subaction-e8/experiments/E8/pipeline_outputs/subaction_06_P01_109_8/candidate_02_frame_000529_right,/Users/huhu/Documents/Code/bishe/vrb/vrbreproduction/outputs/100subaction-e8/experiments/E8/pipeline_outputs/subaction_06_P01_109_8/candidate_02_frame_000529_right,/Users/huhu/Documents/Code/bishe/vrb/vrbreproduction/outputs/100subaction-e8/experiments/E8/pipeline_outputs/subaction_06_P01_109_8/candidate_02_frame_000529_right/reference_frame.png,/Users/huhu/Documents/Code/bishe/vrb/vrbreproduction/outputs/100subaction-e8/experiments/E8/pipeline_outputs/subaction_06_P01_109_8/candidate_02_frame_000529_right/label_heatmap_merged_overlay.png,/Users/huhu/Documents/Code/bishe/vrb/vrbreproduction/outputs/100subaction-e8/experiments/E8/pipeline_outputs/subaction_06_P01_109_8/candidate_02_frame_000529_right/vrb_style_affordance.png,6.0,0.0,"[203.53, 116.4, 248.21, 176.02]",/Users/huhu/Documents/Code/bishe/vrb/vrbreproduction/outputs/100subaction-e8/experiments/E8/pipeline_outputs/subaction_06_P01_109_8/candidate_02_frame_000529_right/label_heatmap_merged.npy,/Users/huhu/Documents/Code/bishe/vrb/vrbreproduction/outputs/100subaction-e8/experiments/E8/pipeline_outputs/subaction_06_P01_109_8/candidate_02_frame_000529_right/label_heatmap_merged.png,/Users/huhu/Documents/Code/bishe/vrb/vrbreproduction/outputs/100subaction-e8/experiments/E8/pipeline_outputs/subaction_06_P01_109_8/candidate_02_frame_000529_right/mask_projection_overlay.png,"(256, 456)",isotropic_e7,True,False
E8,6,P01_109_8,pick up potato,pick-up,potato,['potato'],500,622,499.0,621.0,3.0,528.0,left,new_contact_episode,140,6,82,"[200.0, 104.0, 250.0, 173.0]",3.3121709979198806,grabcut_fallback,bbox_fallback,fallback_lk,cotracker_weighted_affine,False,1.0,36,36,36,1.0,1.0724174976348877,5,0.0,2494.0,success,361,0.5371707625918725,,527.0,earliest_reliable_tracked_reference_no_pre_gap,1.0,cotracker_weighted_affine,success,5,0.0,0.21546666666666667,,,,,,,success,keep,,5.688627475070952,/Users/huhu/Documents/Code/bishe/vrb/vrbreproduction/outputs/100subaction-e8/experiments/E8/pipeline_outputs/subaction_06_P01_109_8/candidate_03_frame_000528_left,/Users/huhu/Documents/Code/bishe/vrb/vrbreproduction/outputs/100subaction-e8/experiments/E8/pipeline_outputs/subaction_06_P01_109_8/candidate_03_frame_000528_left,/Users/huhu/Documents/Code/bishe/vrb/vrbreproduction/outputs/100subaction-e8/experiments/E8/pipeline_outputs/subaction_06_P01_109_8/candidate_03_frame_000528_left/reference_frame.png,/Users/huhu/Documents/Code/bishe/vrb/vrbreproduction/outputs/100subaction-e8/experiments/E8/pipeline_outputs/subaction_06_P01_109_8/candidate_03_frame_000528_left/label_heatmap_merged_overlay.png,/Users/huhu/Documents/Code/bishe/vrb/vrbreproduction/outputs/100subaction-e8/experiments/E8/pipeline_outputs/subaction_06_P01_109_8/candidate_03_frame_000528_left/vrb_style_affordance.png,6.0,0.0,"[201.9, 113.99, 245.37, 172.5]",/Users/huhu/Documents/Code/bishe/vrb/vrbreproduction/outputs/100subaction-e8/experiments/E8/pipeline_outputs/subaction_06_P01_109_8/candidate_03_frame_000528_left/label_heatmap_merged.npy,/Users/huhu/Documents/Code/bishe/vrb/vrbreproduction/outputs/100subaction-e8/experiments/E8/pipeline_outputs/subaction_06_P01_109_8/candidate_03_frame_000528_left/label_heatmap_merged.png,/Users/huhu/Documents/Code/bishe/vrb/vrbreproduction/outputs/100subaction-e8/experiments/E8/pipeline_outputs/subaction_06_P01_109_8/candidate_03_frame_000528_left/mask_projection_overlay.png,"(256, 456)",isotropic_e7,True,False
E8,6,P01_109_8,pick up potato,pick-up,potato,['potato'],500,622,499.0,621.0,4.0,529.0,left,new_contact_episode,140,6,25,"[203.0, 120.0, 232.0, 166.0]",3.574678210127677,grabcut_fallback,bbox_fallback,fallback_lk,cotracker_weighted_affine,False,1.0,36,35,35,1.0,0.7200749516487122,5,0.0,2623.0,success,361,0.5371707625918725,,528.0,earliest_reliable_tracked_reference_no_pre_gap,1.0,cotracker_weighted_affine,success,5,0.0,0.20942222222222223,,,,,,,success,keep,,5.708264418117204,/Users/huhu/Documents/Code/bishe/vrb/vrbreproduction/outputs/100subaction-e8/experiments/E8/pipeline_outputs/subaction_06_P01_109_8/candidate_04_frame_000529_left,/Users/huhu/Documents/Code/bishe/vrb/vrbreproduction/outputs/100subaction-e8/experiments/E8/pipeline_outputs/subaction_06_P01_109_8/candidate_04_frame_000529_left,/Users/huhu/Documents/Code/bishe/vrb/vrbreproduction/outputs/100subaction-e8/experiments/E8/pipeline_outputs/subaction_06_P01_109_8/candidate_04_frame_000529_left/reference_frame.png,/Users/huhu/Documents/Code/bishe/vrb/vrbreproduction/outputs/100subaction-e8/experiments/E8/pipeline_outputs/subaction_06_P01_109_8/candidate_04_frame_000529_left/label_heatmap_merged_overlay.png,/Users/huhu/Documents/Code/bishe/vrb/vrbreproduction/outputs/100subaction-e8/experiments/E8/pipeline_outputs/subaction_06_P01_109_8/candidate_04_frame_000529_left/vrb_style_affordance.png,6.0,0.0,"[201.81, 109.82, 244.88, 171.18]",/Users/huhu/Documents/Code/bishe/vrb/vrbreproduction/outputs/100subaction-e8/experiments/E8/pipeline_outputs/subaction_06_P01_109_8/candidate_04_frame_000529_left/label_heatmap_merged.npy,/Users/huhu/Documents/Code/bishe/vrb/vrbreproduction/outputs/100subaction-e8/experiments/E8/pipeline_outputs/subaction_06_P01_109_8/candidate_04_frame_000529_left/label_heatmap_merged.png,/Users/huhu/Documents/Code/bishe/vrb/vrbreproduction/outputs/100subaction-e8/experiments/E8/pipeline_outputs/subaction_06_P01_109_8/candidate_04_frame_000529_left/mask_projection_overlay.png,"(256, 456)",isotropic_e7,True,True
E8,6,P01_109_8,pick up potato,pick-up,potato,['potato'],500,622,499.0,621.0,5.0,530.0,left,new_contact_episode,140,6,54,"[208.0, 103.0, 247.0, 177.0]",2.9940599465584645,grabcut_fallback,bbox_fallback,fallback_lk,cotracker_weighted_affine,False,0.9600000000000001,36,10,8,0.8,1.4748737812042236,5,0.0,10530.0,success,361,0.5371707625918725,,511.0,earliest_reliable_tracked_reference_no_pre_gap,19.0,cotracker_weighted_affine,success,5,0.0,0.0,,,,,,,success,keep,,5.364087122316472,/Users/huhu/Documents/Code/bishe/vrb/vrbreproduction/outputs/100subaction-e8/experiments/E8/pipeline_outputs/subaction_06_P01_109_8/candidate_05_frame_000530_left,/Users/huhu/Documents/Code/bishe/vrb/vrbreproduction/outputs/100subaction-e8/experiments/E8/pipeline_outputs/subaction_06_P01_109_8/candidate_05_frame_000530_left,/Users/huhu/Documents/Code/bishe/vrb/vrbreproduction/outputs/100subaction-e8/experiments/E8/pipeline_outputs/subaction_06_P01_109_8/candidate_05_frame_000530_left/reference_frame.png,/Users/huhu/Documents/Code/bishe/vrb/vrbreproduction/outputs/100subaction-e8/experiments/E8/pipeline_outputs/subaction_06_P01_109_8/candidate_05_frame_000530_left/label_heatmap_merged_overlay.png,/Users/huhu/Documents/Code/bishe/vrb/vrbreproduction/outputs/100subaction-e8/experiments/E8/pipeline_outputs/subaction_06_P01_109_8/candidate_05_frame_000530_left/vrb_style_affordance.png,6.0,0.0,"[205.62, 111.62, 295.73, 229.0]",/Users/huhu/Documents/Code/bishe/vrb/vrbreproduction/outputs/100subaction-e8/experiments/E8/pipeline_outputs/subaction_06_P01_109_8/candidate_05_frame_000530_left/label_heatmap_merged.npy,/Users/huhu/Documents/Code/bishe/vrb/vrbreproduction/outputs/100subaction-e8/experiments/E8/pipeline_outputs/subaction_06_P01_109_8/candidate_05_frame_000530_left/label_heatmap_merged.png,/Users/huhu/Documents/Code/bishe/vrb/vrbreproduction/outputs/100subaction-e8/experiments/E8/pipeline_outputs/subaction_06_P01_109_8/candidate_05_frame_000530_left/mask_projection_overlay.png,"(256, 456)",isotropic_e7,True,False
E8,7,P01_109_6,pick up potatoes,pick-up,potato,,543,579,,,,,,,74,0,0,,,,,,,False,,0,0,0,,,0,,,not_run,0,0.0,,,,,,not_run,0,,,,,,,,,not_run,discard,continuation_contact_run,,,,,,,,,,,,,,,,False
E8,8,P01_109_7,put down potatoes,put-down,potato,['potato'],550,734,549.0,733.0,0.0,628.0,left,new_contact_episode,190,12,112,"[168.0, 94.0, 275.0, 193.0]",3.083814214827885,grabcut_fallback,bbox_fallback,fallback_lk,cotracker_weighted_affine,False,0.9878787878787879,36,33,31,0.9393939393939394,1.2027493715286255,5,0.0,10800.0,success,361,0.5371707625918725,,627.0,pre_contact_gap_tracked_reference,1.0,cotracker_weighted_affine,success,5,0.0,0.17671111111111112,,,,,,,success,keep,,5.665896306732929,/Users/huhu/Documents/Code/bishe/vrb/vrbreproduction/outputs/100subaction-e8/experiments/E8/pipeline_outputs/subaction_08_P01_109_7/candidate_00_frame_000628_left,/Users/huhu/Documents/Code/bishe/vrb/vrbreproduction/outputs/100subaction-e8/experiments/E8/pipeline_outputs/subaction_08_P01_109_7/candidate_00_frame_000628_left,/Users/huhu/Documents/Code/bishe/vrb/vrbreproduction/outputs/100subaction-e8/experiments/E8/pipeline_outputs/subaction_08_P01_109_7/candidate_00_frame_000628_left/reference_frame.png,/Users/huhu/Documents/Code/bishe/vrb/vrbreproduction/outputs/100subaction-e8/experiments/E8/pipeline_outputs/subaction_08_P01_109_7/candidate_00_frame_000628_left/label_heatmap_merged_overlay.png,/Users/huhu/Documents/Code/bishe/vrb/vrbreproduction/outputs/100subaction-e8/experiments/E8/pipeline_outputs/subaction_08_P01_109_7/candidate_00_frame_000628_left/vrb_style_affordance.png,6.0,0.0,"[171.39, 93.35, 278.98, 193.3]",/Users/huhu/Documents/Code/bishe/vrb/vrbreproduction/outputs/100subaction-e8/experiments/E8/pipeline_outputs/subaction_08_P01_109_7/candidate_00_frame_000628_left/label_heatmap_merged.npy,/Users/huhu/Documents/Code/bishe/vrb/vrbreproduction/outputs/100subaction-e8/experiments/E8/pipeline_outputs/subaction_08_P01_109_7/candidate_00_frame_000628_left/label_heatmap_merged.png,/Users/huhu/Documents/Code/bishe/vrb/vrbreproduction/outputs/100subaction-e8/experiments/E8/pipeline_outputs/subaction_08_P01_109_7/candidate_00_frame_000628_left/mask_projection_overlay.png,"(256, 456)",isotropic_e7,True,False
E8,8,P01_109_7,put down potatoes,put-down,potato,['potato'],550,734,549.0,733.0,1.0,629.0,left,new_contact_episode,190,12,84,"[167.0, 94.0, 267.0, 186.0]",2.9818257435152313,grabcut_fallback,bbox_fallback,fallback_lk,cotracker_weighted_affine,False,0.9481481481481482,36,27,20,0.7407407407407407,1.4762694835662842,5,0.0,10185.0,success,361,0.5371707625918725,,627.0,pre_contact_gap_tracked_reference,2.0,cotracker_weighted_affine,success,5,0.0,0.1832888888888889,,,,,,,success,keep,,5.492834137715234,/Users/huhu/Documents/Code/bishe/vrb/vrbreproduction/outputs/100subaction-e8/experiments/E8/pipeline_outputs/subaction_08_P01_109_7/candidate_01_frame_000629_left,/Users/huhu/Documents/Code/bishe/vrb/vrbreproduction/outputs/100subaction-e8/experiments/E8/pipeline_outputs/subaction_08_P01_109_7/candidate_01_frame_000629_left,/Users/huhu/Documents/Code/bishe/vrb/vrbreproduction/outputs/100subaction-e8/experiments/E8/pipeline_outputs/subaction_08_P01_109_7/candidate_01_frame_000629_left/reference_frame.png,/Users/huhu/Documents/Code/bishe/vrb/vrbreproduction/outputs/100subaction-e8/experiments/E8/pipeline_outputs/subaction_08_P01_109_7/candidate_01_frame_000629_left/label_heatmap_merged_overlay.png,/Users/huhu/Documents/Code/bishe/vrb/vrbreproduction/outputs/100subaction-e8/experiments/E8/pipeline_outputs/subaction_08_P01_109_7/candidate_01_frame_000629_left/vrb_style_affordance.png,6.0,0.0,"[172.41, 93.88, 276.7, 190.61]",/Users/huhu/Documents/Code/bishe/vrb/vrbreproduction/outputs/100subaction-e8/experiments/E8/pipeline_outputs/subaction_08_P01_109_7/candidate_01_frame_000629_left/label_heatmap_merged.npy,/Users/huhu/Documents/Code/bishe/vrb/vrbreproduction/outputs/100subaction-e8/experiments/E8/pipeline_outputs/subaction_08_P01_109_7/candidate_01_frame_000629_left/label_heatmap_merged.png,/Users/huhu/Documents/Code/bishe/vrb/vrbreproduction/outputs/100subaction-e8/experiments/E8/pipeline_outputs/subaction_08_P01_109_7/candidate_01_frame_000629_left/mask_projection_overlay.png,"(256, 456)",isotropic_e7,True,False
E8,8,P01_109_7,put down potatoes,put-down,potato,['potato'],550,734,549.0,733.0,2.0,630.0,left,new_contact_episode,190,12,166,"[165.0, 91.0, 275.0, 241.0]",3.2433828090912784,grabcut_fallback,bbox_fallback,fallback_lk,cotracker_weighted_affine,False,0.8727272727272728,36,22,8,0.36363636363636365,0.9918524622917175,5,0.0,10200.0,success,361,0.5371707625918725,,622.0,pre_contact_gap_tracked_reference,8.0,cotracker_weighted_affine,success,5,0.0,0.2059111111111111,,,,,,,success,keep,,5.00405236733515,/Users/huhu/Documents/Code/bishe/vrb/vrbreproduction/outputs/100subaction-e8/experiments/E8/pipeline_outputs/subaction_08_P01_109_7/candidate_02_frame_000630_left,/Users/huhu/Documents/Code/bishe/vrb/vrbreproduction/outputs/100subaction-e8/experiments/E8/pipeline_outputs/subaction_08_P01_109_7/candidate_02_frame_000630_left,/Users/huhu/Documents/Code/bishe/vrb/vrbreproduction/outputs/100subaction-e8/experiments/E8/pipeline_outputs/subaction_08_P01_109_7/candidate_02_frame_000630_left/reference_frame.png,/Users/huhu/Documents/Code/bishe/vrb/vrbreproduction/outputs/100subaction-e8/experiments/E8/pipeline_outputs/subaction_08_P01_109_7/candidate_02_frame_000630_left/label_heatmap_merged_overlay.png,/Users/huhu/Documents/Code/bishe/vrb/vrbreproduction/outputs/100subaction-e8/experiments/E8/pipeline_outputs/subaction_08_P01_109_7/candidate_02_frame_000630_left/vrb_style_affordance.png,6.0,0.0,"[187.85, 98.06, 290.2, 198.44]",/Users/huhu/Documents/Code/bishe/vrb/vrbreproduction/outputs/100subaction-e8/experiments/E8/pipeline_outputs/subaction_08_P01_109_7/candidate_02_frame_000630_left/label_heatmap_merged.npy,/Users/huhu/Documents/Code/bishe/vrb/vrbreproduction/outputs/100subaction-e8/experiments/E8/pipeline_outputs/subaction_08_P01_109_7/candidate_02_frame_000630_left/label_heatmap_merged.png,/Users/huhu/Documents/Code/bishe/vrb/vrbreproduction/outputs/100subaction-e8/experiments/E8/pipeline_outputs/subaction_08_P01_109_7/candidate_02_frame_000630_left/mask_projection_overlay.png,"(256, 456)",isotropic_e7,True,False
E8,8,P01_109_7,put down potatoes,put-down,potato,['potato'],550,734,549.0,733.0,3.0,632.0,right,new_contact_episode,190,12,293,"[161.0, 91.0, 279.0, 245.0]",3.280132474407212,grabcut_fallback,bbox_fallback,fallback_lk,cotracker_weighted_affine,False,0.8711764705882353,36,34,24,0.7058823529411765,1.5382494926452637,4,0.0,16632.0,success,361,0.5371707625918725,,631.0,earliest_reliable_tracked_reference_no_pre_gap,1.0,cotracker_weighted_affine,success,4,0.0,0.2848888888888889,,,,,,,success,keep,,4.959930946593191,/Users/huhu/Documents/Code/bishe/vrb/vrbreproduction/outputs/100subaction-e8/experiments/E8/pipeline_outputs/subaction_08_P01_109_7/candidate_03_frame_000632_right,/Users/huhu/Documents/Code/bishe/vrb/vrbreproduction/outputs/100subaction-e8/experiments/E8/pipeline_outputs/subaction_08_P01_109_7/candidate_03_frame_000632_right,/Users/huhu/Documents/Code/bishe/vrb/vrbreproduction/outputs/100subaction-e8/experiments/E8/pipeline_outputs/subaction_08_P01_109_7/candidate_03_frame_000632_right/reference_frame.png,/Users/huhu/Documents/Code/bishe/vrb/vrbreproduction/outputs/100subaction-e8/experiments/E8/pipeline_outputs/subaction_08_P01_109_7/candidate_03_frame_000632_right/label_heatmap_merged_overlay.png,/Users/huhu/Documents/Code/bishe/vrb/vrbreproduction/outputs/100subaction-e8/experiments/E8/pipeline_outputs/subaction_08_P01_109_7/candidate_03_frame_000632_right/vrb_style_affordance.png,6.0,0.0,"[162.62, 89.69, 271.18, 243.64]",/Users/huhu/Documents/Code/bishe/vrb/vrbreproduction/outputs/100subaction-e8/experiments/E8/pipeline_outputs/subaction_08_P01_109_7/candidate_03_frame_000632_right/label_heatmap_merged.npy,/Users/huhu/Documents/Code/bishe/vrb/vrbreproduction/outputs/100subaction-e8/experiments/E8/pipeline_outputs/subaction_08_P01_109_7/candidate_03_frame_000632_right/label_heatmap_merged.png,/Users/huhu/Documents/Code/bishe/vrb/vrbreproduction/outputs/100subaction-e8/experiments/E8/pipeline_outputs/subaction_08_P01_109_7/candidate_03_frame_000632_right/mask_projection_overlay.png,"(256, 456)",isotropic_e7,True,False
E8,8,P01_109_7,put down potatoes,put-down,potato,['potato'],550,734,549.0,733.0,4.0,637.0,right,new_contact_episode,190,12,40,"[142.0, 84.0, 292.0, 244.0]",3.3173841180188393,,,,,False,,0,0,0,,,0,,,not_run,0,0.0,,,,,,not_run,0,,,,,,,,,not_run,discard,gmm_failed:ValueError,,/Users/huhu/Documents/Code/bishe/vrb/vrbreproduction/outputs/100subaction-e8/experiments/E8/pipeline_outputs/subaction_08_P01_109_7/candidate_04_frame_000637_right,,,,,,,,,,,,,,False
E8,8,P01_109_7,put down potatoes,put-down,potato,['potato'],550,734,549.0,733.0,5.0,638.0,right,new_contact_episode,190,12,60,"[133.0, 84.0, 231.0, 222.0]",2.599802528518783,grabcut_fallback,bbox_fallback,fallback_lk,cotracker_weighted_affine,False,0.9666666666666668,36,36,30,0.8333333333333334,1.508941650390625,5,0.0,20349.0,success,361,0.5371707625918725,,637.0,earliest_reliable_tracked_reference_no_pre_gap,1.0,cotracker_weighted_affine,success,5,0.0,0.22555555555555556,,,,,,,success,keep,,5.535398417154948,/Users/huhu/Documents/Code/bishe/vrb/vrbreproduction/outputs/100subaction-e8/experiments/E8/pipeline_outputs/subaction_08_P01_109_7/candidate_05_frame_000638_right,/Users/huhu/Documents/Code/bishe/vrb/vrbreproduction/outputs/100subaction-e8/experiments/E8/pipeline_outputs/subaction_08_P01_109_7/candidate_05_frame_000638_right,/Users/huhu/Documents/Code/bishe/vrb/vrbreproduction/outputs/100subaction-e8/experiments/E8/pipeline_outputs/subaction_08_P01_109_7/candidate_05_frame_000638_right/reference_frame.png,/Users/huhu/Documents/Code/bishe/vrb/vrbreproduction/outputs/100subaction-e8/experiments/E8/pipeline_outputs/subaction_08_P01_109_7/candidate_05_frame_000638_right/label_heatmap_merged_overlay.png,/Users/huhu/Documents/Code/bishe/vrb/vrbreproduction/outputs/100subaction-e8/experiments/E8/pipeline_outputs/subaction_08_P01_109_7/candidate_05_frame_000638_right/vrb_style_affordance.png,6.0,0.0,"[138.77, 83.68, 271.77, 236.84]",/Users/huhu/Documents/Code/bishe/vrb/vrbreproduction/outputs/100subaction-e8/experiments/E8/pipeline_outputs/subaction_08_P01_109_7/candidate_05_frame_000638_right/label_heatmap_merged.npy,/Users/huhu/Documents/Code/bishe/vrb/vrbreproduction/outputs/100subaction-e8/experiments/E8/pipeline_outputs/subaction_08_P01_109_7/candidate_05_frame_000638_right/label_heatmap_merged.png,/Users/huhu/Documents/Code/bishe/vrb/vrbreproduction/outputs/100subaction-e8/experiments/E8/pipeline_outputs/subaction_08_P01_109_7/candidate_05_frame_000638_right/mask_projection_overlay.png,"(256, 456)",isotropic_e7,True,False
E8,8,P01_109_7,put down potatoes,put-down,potato,['potato'],550,734,549.0,733.0,6.0,639.0,right,new_contact_episode,190,12,40,"[130.0, 83.0, 306.0, 248.0]",3.2171910044314767,grabcut_fallback,bbox_fallback,fallback_lk,cotracker_weighted_affine,False,0.9393939393939394,36,33,23,0.696969696969697,1.3068338632583618,5,0.0,22010.0,success,361,0.5371707625918725,,637.0,earliest_reliable_tracked_reference_no_pre_gap,2.0,cotracker_weighted_affine,success,5,0.0,0.20377777777777778,,,,,,,success,keep,,5.465855590162856,/Users/huhu/Documents/Code/bishe/vrb/vrbreproduction/outputs/100subaction-e8/experiments/E8/pipeline_outputs/subaction_08_P01_109_7/candidate_06_frame_000639_right,/Users/huhu/Documents/Code/bishe/vrb/vrbreproduction/outputs/100subaction-e8/experiments/E8/pipeline_outputs/subaction_08_P01_109_7/candidate_06_frame_000639_right,/Users/huhu/Documents/Code/bishe/vrb/vrbreproduction/outputs/100subaction-e8/experiments/E8/pipeline_outputs/subaction_08_P01_109_7/candidate_06_frame_000639_right/reference_frame.png,/Users/huhu/Documents/Code/bishe/vrb/vrbreproduction/outputs/100subaction-e8/experiments/E8/pipeline_outputs/subaction_08_P01_109_7/candidate_06_frame_000639_right/label_heatmap_merged_overlay.png,/Users/huhu/Documents/Code/bishe/vrb/vrbreproduction/outputs/100subaction-e8/experiments/E8/pipeline_outputs/subaction_08_P01_109_7/candidate_06_frame_000639_right/vrb_style_affordance.png,6.0,0.0,"[139.09, 83.51, 280.8, 239.36]",/Users/huhu/Documents/Code/bishe/vrb/vrbreproduction/outputs/100subaction-e8/experiments/E8/pipeline_outputs/subaction_08_P01_109_7/candidate_06_frame_000639_right/label_heatmap_merged.npy,/Users/huhu/Documents/Code/bishe/vrb/vrbreproduction/outputs/100subaction-e8/experiments/E8/pipeline_outputs/subaction_08_P01_109_7/candidate_06_frame_000639_right/label_heatmap_merged.png,/Users/huhu/Documents/Code/bishe/vrb/vrbreproduction/outputs/100subaction-e8/experiments/E8/pipeline_outputs/subaction_08_P01_109_7/candidate_06_frame_000639_right/mask_projection_overlay.png,"(256, 456)",isotropic_e7,True,False
E8,8,P01_109_7,put down potatoes,put-down,potato,['potato'],550,734,549.0,733.0,7.0,645.0,left,new_contact_episode,190,12,84,"[138.0, 88.0, 303.0, 245.0]",2.9099430300958473,grabcut_fallback,bbox_fallback,fallback_lk,cotracker_weighted_affine,False,1.0,36,36,36,1.0,0.9000449180603027,5,0.0,13770.0,success,361,0.5371707625918725,,644.0,earliest_reliable_tracked_reference_no_pre_gap,1.0,cotracker_weighted_affine,success,5,0.0,0.14475555555555555,,,,,,,success,keep,,5.799865319124857,/Users/huhu/Documents/Code/bishe/vrb/vrbreproduction/outputs/100subaction-e8/experiments/E8/pipeline_outputs/subaction_08_P01_109_7/candidate_07_frame_000645_left,/Users/huhu/Documents/Code/bishe/vrb/vrbreproduction/outputs/100subaction-e8/experiments/E8/pipeline_outputs/subaction_08_P01_109_7/candidate_07_frame_000645_left,/Users/huhu/Documents/Code/bishe/vrb/vrbreproduction/outputs/100subaction-e8/experiments/E8/pipeline_outputs/subaction_08_P01_109_7/candidate_07_frame_000645_left/reference_frame.png,/Users/huhu/Documents/Code/bishe/vrb/vrbreproduction/outputs/100subaction-e8/experiments/E8/pipeline_outputs/subaction_08_P01_109_7/candidate_07_frame_000645_left/label_heatmap_merged_overlay.png,/Users/huhu/Documents/Code/bishe/vrb/vrbreproduction/outputs/100subaction-e8/experiments/E8/pipeline_outputs/subaction_08_P01_109_7/candidate_07_frame_000645_left/vrb_style_affordance.png,6.0,0.0,"[158.07, 105.78, 260.1, 240.81]",/Users/huhu/Documents/Code/bishe/vrb/vrbreproduction/outputs/100subaction-e8/experiments/E8/pipeline_outputs/subaction_08_P01_109_7/candidate_07_frame_000645_left/label_heatmap_merged.npy,/Users/huhu/Documents/Code/bishe/vrb/vrbreproduction/outputs/100subaction-e8/experiments/E8/pipeline_outputs/subaction_08_P01_109_7/candidate_07_frame_000645_left/label_heatmap_merged.png,/Users/huhu/Documents/Code/bishe/vrb/vrbreproduction/outputs/100subaction-e8/experiments/E8/pipeline_outputs/subaction_08_P01_109_7/candidate_07_frame_000645_left/mask_projection_overlay.png,"(256, 456)",isotropic_e7,True,True
E8,8,P01_109_7,put down potatoes,put-down,potato,['potato'],550,734,549.0,733.0,8.0,646.0,left,new_contact_episode,190,12,73,"[142.0, 87.0, 288.0, 230.0]",2.9671938337045236,grabcut_fallback,bbox_fallback,fallback_lk,cotracker_weighted_affine,False,1.0,36,36,36,1.0,1.334789752960205,5,0.0,24168.0,success,361,0.5371707625918725,,645.0,earliest_reliable_tracked_reference_no_pre_gap,1.0,cotracker_weighted_affine,success,5,0.0,0.1508,,,,,,,success,keep,,5.777756307411192,/Users/huhu/Documents/Code/bishe/vrb/vrbreproduction/outputs/100subaction-e8/experiments/E8/pipeline_outputs/subaction_08_P01_109_7/candidate_08_frame_000646_left,/Users/huhu/Documents/Code/bishe/vrb/vrbreproduction/outputs/100subaction-e8/experiments/E8/pipeline_outputs/subaction_08_P01_109_7/candidate_08_frame_000646_left,/Users/huhu/Documents/Code/bishe/vrb/vrbreproduction/outputs/100subaction-e8/experiments/E8/pipeline_outputs/subaction_08_P01_109_7/candidate_08_frame_000646_left/reference_frame.png,/Users/huhu/Documents/Code/bishe/vrb/vrbreproduction/outputs/100subaction-e8/experiments/E8/pipeline_outputs/subaction_08_P01_109_7/candidate_08_frame_000646_left/label_heatmap_merged_overlay.png,/Users/huhu/Documents/Code/bishe/vrb/vrbreproduction/outputs/100subaction-e8/experiments/E8/pipeline_outputs/subaction_08_P01_109_7/candidate_08_frame_000646_left/vrb_style_affordance.png,6.0,0.0,"[139.39, 87.28, 297.74, 239.4]",/Users/huhu/Documents/Code/bishe/vrb/vrbreproduction/outputs/100subaction-e8/experiments/E8/pipeline_outputs/subaction_08_P01_109_7/candidate_08_frame_000646_left/label_heatmap_merged.npy,/Users/huhu/Documents/Code/bishe/vrb/vrbreproduction/outputs/100subaction-e8/experiments/E8/pipeline_outputs/subaction_08_P01_109_7/candidate_08_frame_000646_left/label_heatmap_merged.png,/Users/huhu/Documents/Code/bishe/vrb/vrbreproduction/outputs/100subaction-e8/experiments/E8/pipeline_outputs/subaction_08_P01_109_7/candidate_08_frame_000646_left/mask_projection_overlay.png,"(256, 456)",isotropic_e7,True,False
E8,8,P01_109_7,put down potatoes,put-down,potato,['potato'],550,734,549.0,733.0,9.0,647.0,left,new_contact_episode,190,12,48,"[177.0, 88.0, 294.0, 240.0]",2.874841467230235,grabcut_fallback,bbox_fallback,fallback_lk,cotracker_weighted_affine,False,1.0,36,36,36,1.0,0.8777603507041931,5,0.0,19856.0,success,361,0.5371707625918725,,646.0,earliest_reliable_tracked_reference_no_pre_gap,1.0,cotracker_weighted_affine,success,5,0.0,0.18355555555555556,,,,,,,success,keep,,5.74233385614554,/Users/huhu/Documents/Code/bishe/vrb/vrbreproduction/outputs/100subaction-e8/experiments/E8/pipeline_outputs/subaction_08_P01_109_7/candidate_09_frame_000647_left,/Users/huhu/Documents/Code/bishe/vrb/vrbreproduction/outputs/100subaction-e8/experiments/E8/pipeline_outputs/subaction_08_P01_109_7/candidate_09_frame_000647_left,/Users/huhu/Documents/Code/bishe/vrb/vrbreproduction/outputs/100subaction-e8/experiments/E8/pipeline_outputs/subaction_08_P01_109_7/candidate_09_frame_000647_left/reference_frame.png,/Users/huhu/Documents/Code/bishe/vrb/vrbreproduction/outputs/100subaction-e8/experiments/E8/pipeline_outputs/subaction_08_P01_109_7/candidate_09_frame_000647_left/label_heatmap_merged_overlay.png,/Users/huhu/Documents/Code/bishe/vrb/vrbreproduction/outputs/100subaction-e8/experiments/E8/pipeline_outputs/subaction_08_P01_109_7/candidate_09_frame_000647_left/vrb_style_affordance.png,6.0,0.0,"[154.38, 87.13, 289.99, 232.81]",/Users/huhu/Documents/Code/bishe/vrb/vrbreproduction/outputs/100subaction-e8/experiments/E8/pipeline_outputs/subaction_08_P01_109_7/candidate_09_frame_000647_left/label_heatmap_merged.npy,/Users/huhu/Documents/Code/bishe/vrb/vrbreproduction/outputs/100subaction-e8/experiments/E8/pipeline_outputs/subaction_08_P01_109_7/candidate_09_frame_000647_left/label_heatmap_merged.png,/Users/huhu/Documents/Code/bishe/vrb/vrbreproduction/outputs/100subaction-e8/experiments/E8/pipeline_outputs/subaction_08_P01_109_7/candidate_09_frame_000647_left/mask_projection_overlay.png,"(256, 456)",isotropic_e7,True,True
E8,8,P01_109_7,put down potatoes,put-down,potato,['potato'],550,734,549.0,733.0,10.0,656.0,left,new_contact_episode,190,12,17,"[123.0, 84.0, 315.0, 249.0]",3.1019412504969477,grabcut_fallback,bbox_fallback,fallback_lk,cotracker_weighted_affine,False,0.7140969424777561,36,36,36,1.0,0.1771940290927887,3,0.0,28888.0,success,361,0.5371707625918725,,655.0,earliest_reliable_tracked_reference_no_pre_gap,1.0,cotracker_weighted_affine,success,3,0.0,0.044977777777777776,,,,,,,success,keep,,4.899411397416062,/Users/huhu/Documents/Code/bishe/vrb/vrbreproduction/outputs/100subaction-e8/experiments/E8/pipeline_outputs/subaction_08_P01_109_7/candidate_10_frame_000656_left,/Users/huhu/Documents/Code/bishe/vrb/vrbreproduction/outputs/100subaction-e8/experiments/E8/pipeline_outputs/subaction_08_P01_109_7/candidate_10_frame_000656_left,/Users/huhu/Documents/Code/bishe/vrb/vrbreproduction/outputs/100subaction-e8/experiments/E8/pipeline_outputs/subaction_08_P01_109_7/candidate_10_frame_000656_left/reference_frame.png,/Users/huhu/Documents/Code/bishe/vrb/vrbreproduction/outputs/100subaction-e8/experiments/E8/pipeline_outputs/subaction_08_P01_109_7/candidate_10_frame_000656_left/label_heatmap_merged_overlay.png,/Users/huhu/Documents/Code/bishe/vrb/vrbreproduction/outputs/100subaction-e8/experiments/E8/pipeline_outputs/subaction_08_P01_109_7/candidate_10_frame_000656_left/vrb_style_affordance.png,6.0,0.0,"[127.72, 85.07, 312.11, 241.81]",/Users/huhu/Documents/Code/bishe/vrb/vrbreproduction/outputs/100subaction-e8/experiments/E8/pipeline_outputs/subaction_08_P01_109_7/candidate_10_frame_000656_left/label_heatmap_merged.npy,/Users/huhu/Documents/Code/bishe/vrb/vrbreproduction/outputs/100subaction-e8/experiments/E8/pipeline_outputs/subaction_08_P01_109_7/candidate_10_frame_000656_left/label_heatmap_merged.png,/Users/huhu/Documents/Code/bishe/vrb/vrbreproduction/outputs/100subaction-e8/experiments/E8/pipeline_outputs/subaction_08_P01_109_7/candidate_10_frame_000656_left/mask_projection_overlay.png,"(256, 456)",isotropic_e7,True,False
E8,8,P01_109_7,put down potatoes,put-down,potato,['potato'],550,734,549.0,733.0,11.0,657.0,left,new_contact_episode,190,12,78,"[128.0, 91.0, 309.0, 238.0]",3.0725067916670628,grabcut_fallback,bbox_fallback,fallback_lk,cotracker_weighted_affine,False,0.9888888888888889,36,36,34,0.9444444444444444,0.6567254066467285,5,0.0,22922.0,success,361,0.5371707625918725,,654.0,earliest_reliable_tracked_reference_no_pre_gap,3.0,cotracker_weighted_affine,success,5,0.0,0.086,,,,,,,success,keep,,5.841631571133932,/Users/huhu/Documents/Code/bishe/vrb/vrbreproduction/outputs/100subaction-e8/experiments/E8/pipeline_outputs/subaction_08_P01_109_7/candidate_11_frame_000657_left,/Users/huhu/Documents/Code/bishe/vrb/vrbreproduction/outputs/100subaction-e8/experiments/E8/pipeline_outputs/subaction_08_P01_109_7/candidate_11_frame_000657_left,/Users/huhu/Documents/Code/bishe/vrb/vrbreproduction/outputs/100subaction-e8/experiments/E8/pipeline_outputs/subaction_08_P01_109_7/candidate_11_frame_000657_left/reference_frame.png,/Users/huhu/Documents/Code/bishe/vrb/vrbreproduction/outputs/100subaction-e8/experiments/E8/pipeline_outputs/subaction_08_P01_109_7/candidate_11_frame_000657_left/label_heatmap_merged_overlay.png,/Users/huhu/Documents/Code/bishe/vrb/vrbreproduction/outputs/100subaction-e8/experiments/E8/pipeline_outputs/subaction_08_P01_109_7/candidate_11_frame_000657_left/vrb_style_affordance.png,6.0,0.0,"[161.45, 87.69, 307.5, 244.58]",/Users/huhu/Documents/Code/bishe/vrb/vrbreproduction/outputs/100subaction-e8/experiments/E8/pipeline_outputs/subaction_08_P01_109_7/candidate_11_frame_000657_left/label_heatmap_merged.npy,/Users/huhu/Documents/Code/bishe/vrb/vrbreproduction/outputs/100subaction-e8/experiments/E8/pipeline_outputs/subaction_08_P01_109_7/candidate_11_frame_000657_left/label_heatmap_merged.png,/Users/huhu/Documents/Code/bishe/vrb/vrbreproduction/outputs/100subaction-e8/experiments/E8/pipeline_outputs/subaction_08_P01_109_7/candidate_11_frame_000657_left/mask_projection_overlay.png,"(256, 456)",isotropic_e7,True,True
E8,9,P01_109_9,put down potato,put-down,potato,['potato'],625,752,624.0,751.0,0.0,628.0,left,new_contact_episode,136,12,112,"[168.0, 94.0, 275.0, 193.0]",3.083814214827885,grabcut_fallback,bbox_fallback,fallback_lk,cotracker_weighted_affine,False,0.9878787878787879,36,33,31,0.9393939393939394,1.2027493715286255,5,0.0,10800.0,success,361,0.5371707625918725,,627.0,pre_contact_gap_tracked_reference,1.0,cotracker_weighted_affine,success,5,0.0,0.17671111111111112,,,,,,,success,keep,,5.665896306732929,/Users/huhu/Documents/Code/bishe/vrb/vrbreproduction/outputs/100subaction-e8/experiments/E8/pipeline_outputs/subaction_09_P01_109_9/candidate_00_frame_000628_left,/Users/huhu/Documents/Code/bishe/vrb/vrbreproduction/outputs/100subaction-e8/experiments/E8/pipeline_outputs/subaction_09_P01_109_9/candidate_00_frame_000628_left,/Users/huhu/Documents/Code/bishe/vrb/vrbreproduction/outputs/100subaction-e8/experiments/E8/pipeline_outputs/subaction_09_P01_109_9/candidate_00_frame_000628_left/reference_frame.png,/Users/huhu/Documents/Code/bishe/vrb/vrbreproduction/outputs/100subaction-e8/experiments/E8/pipeline_outputs/subaction_09_P01_109_9/candidate_00_frame_000628_left/label_heatmap_merged_overlay.png,/Users/huhu/Documents/Code/bishe/vrb/vrbreproduction/outputs/100subaction-e8/experiments/E8/pipeline_outputs/subaction_09_P01_109_9/candidate_00_frame_000628_left/vrb_style_affordance.png,6.0,0.0,"[171.39, 93.35, 278.98, 193.3]",/Users/huhu/Documents/Code/bishe/vrb/vrbreproduction/outputs/100subaction-e8/experiments/E8/pipeline_outputs/subaction_09_P01_109_9/candidate_00_frame_000628_left/label_heatmap_merged.npy,/Users/huhu/Documents/Code/bishe/vrb/vrbreproduction/outputs/100subaction-e8/experiments/E8/pipeline_outputs/subaction_09_P01_109_9/candidate_00_frame_000628_left/label_heatmap_merged.png,/Users/huhu/Documents/Code/bishe/vrb/vrbreproduction/outputs/100subaction-e8/experiments/E8/pipeline_outputs/subaction_09_P01_109_9/candidate_00_frame_000628_left/mask_projection_overlay.png,"(256, 456)",isotropic_e7,True,False
E8,9,P01_109_9,put down potato,put-down,potato,['potato'],625,752,624.0,751.0,1.0,629.0,left,new_contact_episode,136,12,84,"[167.0, 94.0, 267.0, 186.0]",2.9818257435152313,grabcut_fallback,bbox_fallback,fallback_lk,cotracker_weighted_affine,False,0.9481481481481482,36,27,20,0.7407407407407407,1.4762694835662842,5,0.0,10185.0,success,361,0.5371707625918725,,627.0,pre_contact_gap_tracked_reference,2.0,cotracker_weighted_affine,success,5,0.0,0.1832888888888889,,,,,,,success,keep,,5.492834137715234,/Users/huhu/Documents/Code/bishe/vrb/vrbreproduction/outputs/100subaction-e8/experiments/E8/pipeline_outputs/subaction_09_P01_109_9/candidate_01_frame_000629_left,/Users/huhu/Documents/Code/bishe/vrb/vrbreproduction/outputs/100subaction-e8/experiments/E8/pipeline_outputs/subaction_09_P01_109_9/candidate_01_frame_000629_left,/Users/huhu/Documents/Code/bishe/vrb/vrbreproduction/outputs/100subaction-e8/experiments/E8/pipeline_outputs/subaction_09_P01_109_9/candidate_01_frame_000629_left/reference_frame.png,/Users/huhu/Documents/Code/bishe/vrb/vrbreproduction/outputs/100subaction-e8/experiments/E8/pipeline_outputs/subaction_09_P01_109_9/candidate_01_frame_000629_left/label_heatmap_merged_overlay.png,/Users/huhu/Documents/Code/bishe/vrb/vrbreproduction/outputs/100subaction-e8/experiments/E8/pipeline_outputs/subaction_09_P01_109_9/candidate_01_frame_000629_left/vrb_style_affordance.png,6.0,0.0,"[172.41, 93.88, 276.7, 190.61]",/Users/huhu/Documents/Code/bishe/vrb/vrbreproduction/outputs/100subaction-e8/experiments/E8/pipeline_outputs/subaction_09_P01_109_9/candidate_01_frame_000629_left/label_heatmap_merged.npy,/Users/huhu/Documents/Code/bishe/vrb/vrbreproduction/outputs/100subaction-e8/experiments/E8/pipeline_outputs/subaction_09_P01_109_9/candidate_01_frame_000629_left/label_heatmap_merged.png,/Users/huhu/Documents/Code/bishe/vrb/vrbreproduction/outputs/100subaction-e8/experiments/E8/pipeline_outputs/subaction_09_P01_109_9/candidate_01_frame_000629_left/mask_projection_overlay.png,"(256, 456)",isotropic_e7,True,False
E8,9,P01_109_9,put down potato,put-down,potato,['potato'],625,752,624.0,751.0,2.0,630.0,left,new_contact_episode,136,12,166,"[165.0, 91.0, 275.0, 241.0]",3.2433828090912784,grabcut_fallback,bbox_fallback,fallback_lk,cotracker_weighted_affine,False,0.8727272727272728,36,22,8,0.36363636363636365,0.9918524622917175,5,0.0,10200.0,success,361,0.5371707625918725,,622.0,pre_contact_gap_tracked_reference,8.0,cotracker_weighted_affine,success,5,0.0,0.2059111111111111,,,,,,,success,keep,,5.00405236733515,/Users/huhu/Documents/Code/bishe/vrb/vrbreproduction/outputs/100subaction-e8/experiments/E8/pipeline_outputs/subaction_09_P01_109_9/candidate_02_frame_000630_left,/Users/huhu/Documents/Code/bishe/vrb/vrbreproduction/outputs/100subaction-e8/experiments/E8/pipeline_outputs/subaction_09_P01_109_9/candidate_02_frame_000630_left,/Users/huhu/Documents/Code/bishe/vrb/vrbreproduction/outputs/100subaction-e8/experiments/E8/pipeline_outputs/subaction_09_P01_109_9/candidate_02_frame_000630_left/reference_frame.png,/Users/huhu/Documents/Code/bishe/vrb/vrbreproduction/outputs/100subaction-e8/experiments/E8/pipeline_outputs/subaction_09_P01_109_9/candidate_02_frame_000630_left/label_heatmap_merged_overlay.png,/Users/huhu/Documents/Code/bishe/vrb/vrbreproduction/outputs/100subaction-e8/experiments/E8/pipeline_outputs/subaction_09_P01_109_9/candidate_02_frame_000630_left/vrb_style_affordance.png,6.0,0.0,"[187.85, 98.06, 290.2, 198.44]",/Users/huhu/Documents/Code/bishe/vrb/vrbreproduction/outputs/100subaction-e8/experiments/E8/pipeline_outputs/subaction_09_P01_109_9/candidate_02_frame_000630_left/label_heatmap_merged.npy,/Users/huhu/Documents/Code/bishe/vrb/vrbreproduction/outputs/100subaction-e8/experiments/E8/pipeline_outputs/subaction_09_P01_109_9/candidate_02_frame_000630_left/label_heatmap_merged.png,/Users/huhu/Documents/Code/bishe/vrb/vrbreproduction/outputs/100subaction-e8/experiments/E8/pipeline_outputs/subaction_09_P01_109_9/candidate_02_frame_000630_left/mask_projection_overlay.png,"(256, 456)",isotropic_e7,True,False
E8,9,P01_109_9,put down potato,put-down,potato,['potato'],625,752,624.0,751.0,3.0,632.0,right,new_contact_episode,136,12,293,"[161.0, 91.0, 279.0, 245.0]",3.280132474407212,grabcut_fallback,bbox_fallback,fallback_lk,cotracker_weighted_affine,False,0.8711764705882353,36,34,24,0.7058823529411765,1.5382494926452637,4,0.0,16632.0,success,361,0.5371707625918725,,631.0,earliest_reliable_tracked_reference_no_pre_gap,1.0,cotracker_weighted_affine,success,4,0.0,0.2848888888888889,,,,,,,success,keep,,4.959930946593191,/Users/huhu/Documents/Code/bishe/vrb/vrbreproduction/outputs/100subaction-e8/experiments/E8/pipeline_outputs/subaction_09_P01_109_9/candidate_03_frame_000632_right,/Users/huhu/Documents/Code/bishe/vrb/vrbreproduction/outputs/100subaction-e8/experiments/E8/pipeline_outputs/subaction_09_P01_109_9/candidate_03_frame_000632_right,/Users/huhu/Documents/Code/bishe/vrb/vrbreproduction/outputs/100subaction-e8/experiments/E8/pipeline_outputs/subaction_09_P01_109_9/candidate_03_frame_000632_right/reference_frame.png,/Users/huhu/Documents/Code/bishe/vrb/vrbreproduction/outputs/100subaction-e8/experiments/E8/pipeline_outputs/subaction_09_P01_109_9/candidate_03_frame_000632_right/label_heatmap_merged_overlay.png,/Users/huhu/Documents/Code/bishe/vrb/vrbreproduction/outputs/100subaction-e8/experiments/E8/pipeline_outputs/subaction_09_P01_109_9/candidate_03_frame_000632_right/vrb_style_affordance.png,6.0,0.0,"[162.62, 89.69, 271.18, 243.64]",/Users/huhu/Documents/Code/bishe/vrb/vrbreproduction/outputs/100subaction-e8/experiments/E8/pipeline_outputs/subaction_09_P01_109_9/candidate_03_frame_000632_right/label_heatmap_merged.npy,/Users/huhu/Documents/Code/bishe/vrb/vrbreproduction/outputs/100subaction-e8/experiments/E8/pipeline_outputs/subaction_09_P01_109_9/candidate_03_frame_000632_right/label_heatmap_merged.png,/Users/huhu/Documents/Code/bishe/vrb/vrbreproduction/outputs/100subaction-e8/experiments/E8/pipeline_outputs/subaction_09_P01_109_9/candidate_03_frame_000632_right/mask_projection_overlay.png,"(256, 456)",isotropic_e7,True,False
E8,9,P01_109_9,put down potato,put-down,potato,['potato'],625,752,624.0,751.0,4.0,637.0,right,new_contact_episode,136,12,40,"[142.0, 84.0, 292.0, 244.0]",3.3173841180188393,,,,,False,,0,0,0,,,0,,,not_run,0,0.0,,,,,,not_run,0,,,,,,,,,not_run,discard,gmm_failed:ValueError,,/Users/huhu/Documents/Code/bishe/vrb/vrbreproduction/outputs/100subaction-e8/experiments/E8/pipeline_outputs/subaction_09_P01_109_9/candidate_04_frame_000637_right,,,,,,,,,,,,,,False
E8,9,P01_109_9,put down potato,put-down,potato,['potato'],625,752,624.0,751.0,5.0,638.0,right,new_contact_episode,136,12,60,"[133.0, 84.0, 231.0, 222.0]",2.599802528518783,grabcut_fallback,bbox_fallback,fallback_lk,cotracker_weighted_affine,False,0.9666666666666668,36,36,30,0.8333333333333334,1.508941650390625,5,0.0,20349.0,success,361,0.5371707625918725,,637.0,earliest_reliable_tracked_reference_no_pre_gap,1.0,cotracker_weighted_affine,success,5,0.0,0.22555555555555556,,,,,,,success,keep,,5.535398417154948,/Users/huhu/Documents/Code/bishe/vrb/vrbreproduction/outputs/100subaction-e8/experiments/E8/pipeline_outputs/subaction_09_P01_109_9/candidate_05_frame_000638_right,/Users/huhu/Documents/Code/bishe/vrb/vrbreproduction/outputs/100subaction-e8/experiments/E8/pipeline_outputs/subaction_09_P01_109_9/candidate_05_frame_000638_right,/Users/huhu/Documents/Code/bishe/vrb/vrbreproduction/outputs/100subaction-e8/experiments/E8/pipeline_outputs/subaction_09_P01_109_9/candidate_05_frame_000638_right/reference_frame.png,/Users/huhu/Documents/Code/bishe/vrb/vrbreproduction/outputs/100subaction-e8/experiments/E8/pipeline_outputs/subaction_09_P01_109_9/candidate_05_frame_000638_right/label_heatmap_merged_overlay.png,/Users/huhu/Documents/Code/bishe/vrb/vrbreproduction/outputs/100subaction-e8/experiments/E8/pipeline_outputs/subaction_09_P01_109_9/candidate_05_frame_000638_right/vrb_style_affordance.png,6.0,0.0,"[138.77, 83.68, 271.77, 236.84]",/Users/huhu/Documents/Code/bishe/vrb/vrbreproduction/outputs/100subaction-e8/experiments/E8/pipeline_outputs/subaction_09_P01_109_9/candidate_05_frame_000638_right/label_heatmap_merged.npy,/Users/huhu/Documents/Code/bishe/vrb/vrbreproduction/outputs/100subaction-e8/experiments/E8/pipeline_outputs/subaction_09_P01_109_9/candidate_05_frame_000638_right/label_heatmap_merged.png,/Users/huhu/Documents/Code/bishe/vrb/vrbreproduction/outputs/100subaction-e8/experiments/E8/pipeline_outputs/subaction_09_P01_109_9/candidate_05_frame_000638_right/mask_projection_overlay.png,"(256, 456)",isotropic_e7,True,False
E8,9,P01_109_9,put down potato,put-down,potato,['potato'],625,752,624.0,751.0,6.0,639.0,right,new_contact_episode,136,12,40,"[130.0, 83.0, 306.0, 248.0]",3.2171910044314767,grabcut_fallback,bbox_fallback,fallback_lk,cotracker_weighted_affine,False,0.9393939393939394,36,33,23,0.696969696969697,1.3068338632583618,5,0.0,22010.0,success,361,0.5371707625918725,,637.0,earliest_reliable_tracked_reference_no_pre_gap,2.0,cotracker_weighted_affine,success,5,0.0,0.20377777777777778,,,,,,,success,keep,,5.465855590162856,/Users/huhu/Documents/Code/bishe/vrb/vrbreproduction/outputs/100subaction-e8/experiments/E8/pipeline_outputs/subaction_09_P01_109_9/candidate_06_frame_000639_right,/Users/huhu/Documents/Code/bishe/vrb/vrbreproduction/outputs/100subaction-e8/experiments/E8/pipeline_outputs/subaction_09_P01_109_9/candidate_06_frame_000639_right,/Users/huhu/Documents/Code/bishe/vrb/vrbreproduction/outputs/100subaction-e8/experiments/E8/pipeline_outputs/subaction_09_P01_109_9/candidate_06_frame_000639_right/reference_frame.png,/Users/huhu/Documents/Code/bishe/vrb/vrbreproduction/outputs/100subaction-e8/experiments/E8/pipeline_outputs/subaction_09_P01_109_9/candidate_06_frame_000639_right/label_heatmap_merged_overlay.png,/Users/huhu/Documents/Code/bishe/vrb/vrbreproduction/outputs/100subaction-e8/experiments/E8/pipeline_outputs/subaction_09_P01_109_9/candidate_06_frame_000639_right/vrb_style_affordance.png,6.0,0.0,"[139.09, 83.51, 280.8, 239.36]",/Users/huhu/Documents/Code/bishe/vrb/vrbreproduction/outputs/100subaction-e8/experiments/E8/pipeline_outputs/subaction_09_P01_109_9/candidate_06_frame_000639_right/label_heatmap_merged.npy,/Users/huhu/Documents/Code/bishe/vrb/vrbreproduction/outputs/100subaction-e8/experiments/E8/pipeline_outputs/subaction_09_P01_109_9/candidate_06_frame_000639_right/label_heatmap_merged.png,/Users/huhu/Documents/Code/bishe/vrb/vrbreproduction/outputs/100subaction-e8/experiments/E8/pipeline_outputs/subaction_09_P01_109_9/candidate_06_frame_000639_right/mask_projection_overlay.png,"(256, 456)",isotropic_e7,True,False
E8,9,P01_109_9,put down potato,put-down,potato,['potato'],625,752,624.0,751.0,7.0,645.0,left,new_contact_episode,136,12,84,"[138.0, 88.0, 303.0, 245.0]",2.9099430300958473,grabcut_fallback,bbox_fallback,fallback_lk,cotracker_weighted_affine,False,1.0,36,36,36,1.0,0.9000449180603027,5,0.0,13770.0,success,361,0.5371707625918725,,644.0,earliest_reliable_tracked_reference_no_pre_gap,1.0,cotracker_weighted_affine,success,5,0.0,0.14475555555555555,,,,,,,success,keep,,5.799865319124857,/Users/huhu/Documents/Code/bishe/vrb/vrbreproduction/outputs/100subaction-e8/experiments/E8/pipeline_outputs/subaction_09_P01_109_9/candidate_07_frame_000645_left,/Users/huhu/Documents/Code/bishe/vrb/vrbreproduction/outputs/100subaction-e8/experiments/E8/pipeline_outputs/subaction_09_P01_109_9/candidate_07_frame_000645_left,/Users/huhu/Documents/Code/bishe/vrb/vrbreproduction/outputs/100subaction-e8/experiments/E8/pipeline_outputs/subaction_09_P01_109_9/candidate_07_frame_000645_left/reference_frame.png,/Users/huhu/Documents/Code/bishe/vrb/vrbreproduction/outputs/100subaction-e8/experiments/E8/pipeline_outputs/subaction_09_P01_109_9/candidate_07_frame_000645_left/label_heatmap_merged_overlay.png,/Users/huhu/Documents/Code/bishe/vrb/vrbreproduction/outputs/100subaction-e8/experiments/E8/pipeline_outputs/subaction_09_P01_109_9/candidate_07_frame_000645_left/vrb_style_affordance.png,6.0,0.0,"[158.07, 105.78, 260.1, 240.81]",/Users/huhu/Documents/Code/bishe/vrb/vrbreproduction/outputs/100subaction-e8/experiments/E8/pipeline_outputs/subaction_09_P01_109_9/candidate_07_frame_000645_left/label_heatmap_merged.npy,/Users/huhu/Documents/Code/bishe/vrb/vrbreproduction/outputs/100subaction-e8/experiments/E8/pipeline_outputs/subaction_09_P01_109_9/candidate_07_frame_000645_left/label_heatmap_merged.png,/Users/huhu/Documents/Code/bishe/vrb/vrbreproduction/outputs/100subaction-e8/experiments/E8/pipeline_outputs/subaction_09_P01_109_9/candidate_07_frame_000645_left/mask_projection_overlay.png,"(256, 456)",isotropic_e7,True,True
E8,9,P01_109_9,put down potato,put-down,potato,['potato'],625,752,624.0,751.0,8.0,646.0,left,new_contact_episode,136,12,73,"[142.0, 87.0, 288.0, 230.0]",2.9671938337045236,grabcut_fallback,bbox_fallback,fallback_lk,cotracker_weighted_affine,False,1.0,36,36,36,1.0,1.334789752960205,5,0.0,24168.0,success,361,0.5371707625918725,,645.0,earliest_reliable_tracked_reference_no_pre_gap,1.0,cotracker_weighted_affine,success,5,0.0,0.1508,,,,,,,success,keep,,5.777756307411192,/Users/huhu/Documents/Code/bishe/vrb/vrbreproduction/outputs/100subaction-e8/experiments/E8/pipeline_outputs/subaction_09_P01_109_9/candidate_08_frame_000646_left,/Users/huhu/Documents/Code/bishe/vrb/vrbreproduction/outputs/100subaction-e8/experiments/E8/pipeline_outputs/subaction_09_P01_109_9/candidate_08_frame_000646_left,/Users/huhu/Documents/Code/bishe/vrb/vrbreproduction/outputs/100subaction-e8/experiments/E8/pipeline_outputs/subaction_09_P01_109_9/candidate_08_frame_000646_left/reference_frame.png,/Users/huhu/Documents/Code/bishe/vrb/vrbreproduction/outputs/100subaction-e8/experiments/E8/pipeline_outputs/subaction_09_P01_109_9/candidate_08_frame_000646_left/label_heatmap_merged_overlay.png,/Users/huhu/Documents/Code/bishe/vrb/vrbreproduction/outputs/100subaction-e8/experiments/E8/pipeline_outputs/subaction_09_P01_109_9/candidate_08_frame_000646_left/vrb_style_affordance.png,6.0,0.0,"[139.39, 87.28, 297.74, 239.4]",/Users/huhu/Documents/Code/bishe/vrb/vrbreproduction/outputs/100subaction-e8/experiments/E8/pipeline_outputs/subaction_09_P01_109_9/candidate_08_frame_000646_left/label_heatmap_merged.npy,/Users/huhu/Documents/Code/bishe/vrb/vrbreproduction/outputs/100subaction-e8/experiments/E8/pipeline_outputs/subaction_09_P01_109_9/candidate_08_frame_000646_left/label_heatmap_merged.png,/Users/huhu/Documents/Code/bishe/vrb/vrbreproduction/outputs/100subaction-e8/experiments/E8/pipeline_outputs/subaction_09_P01_109_9/candidate_08_frame_000646_left/mask_projection_overlay.png,"(256, 456)",isotropic_e7,True,False
E8,9,P01_109_9,put down potato,put-down,potato,['potato'],625,752,624.0,751.0,9.0,647.0,left,new_contact_episode,136,12,48,"[177.0, 88.0, 294.0, 240.0]",2.874841467230235,grabcut_fallback,bbox_fallback,fallback_lk,cotracker_weighted_affine,False,1.0,36,36,36,1.0,0.8777603507041931,5,0.0,19856.0,success,361,0.5371707625918725,,646.0,earliest_reliable_tracked_reference_no_pre_gap,1.0,cotracker_weighted_affine,success,5,0.0,0.18355555555555556,,,,,,,success,keep,,5.74233385614554,/Users/huhu/Documents/Code/bishe/vrb/vrbreproduction/outputs/100subaction-e8/experiments/E8/pipeline_outputs/subaction_09_P01_109_9/candidate_09_frame_000647_left,/Users/huhu/Documents/Code/bishe/vrb/vrbreproduction/outputs/100subaction-e8/experiments/E8/pipeline_outputs/subaction_09_P01_109_9/candidate_09_frame_000647_left,/Users/huhu/Documents/Code/bishe/vrb/vrbreproduction/outputs/100subaction-e8/experiments/E8/pipeline_outputs/subaction_09_P01_109_9/candidate_09_frame_000647_left/reference_frame.png,/Users/huhu/Documents/Code/bishe/vrb/vrbreproduction/outputs/100subaction-e8/experiments/E8/pipeline_outputs/subaction_09_P01_109_9/candidate_09_frame_000647_left/label_heatmap_merged_overlay.png,/Users/huhu/Documents/Code/bishe/vrb/vrbreproduction/outputs/100subaction-e8/experiments/E8/pipeline_outputs/subaction_09_P01_109_9/candidate_09_frame_000647_left/vrb_style_affordance.png,6.0,0.0,"[154.38, 87.13, 289.99, 232.81]",/Users/huhu/Documents/Code/bishe/vrb/vrbreproduction/outputs/100subaction-e8/experiments/E8/pipeline_outputs/subaction_09_P01_109_9/candidate_09_frame_000647_left/label_heatmap_merged.npy,/Users/huhu/Documents/Code/bishe/vrb/vrbreproduction/outputs/100subaction-e8/experiments/E8/pipeline_outputs/subaction_09_P01_109_9/candidate_09_frame_000647_left/label_heatmap_merged.png,/Users/huhu/Documents/Code/bishe/vrb/vrbreproduction/outputs/100subaction-e8/experiments/E8/pipeline_outputs/subaction_09_P01_109_9/candidate_09_frame_000647_left/mask_projection_overlay.png,"(256, 456)",isotropic_e7,True,True
E8,9,P01_109_9,put down potato,put-down,potato,['potato'],625,752,624.0,751.0,10.0,656.0,left,new_contact_episode,136,12,17,"[123.0, 84.0, 315.0, 249.0]",3.1019412504969477,grabcut_fallback,bbox_fallback,fallback_lk,cotracker_weighted_affine,False,0.7140969424777561,36,36,36,1.0,0.1771940290927887,3,0.0,28888.0,success,361,0.5371707625918725,,655.0,earliest_reliable_tracked_reference_no_pre_gap,1.0,cotracker_weighted_affine,success,3,0.0,0.044977777777777776,,,,,,,success,keep,,4.899411397416062,/Users/huhu/Documents/Code/bishe/vrb/vrbreproduction/outputs/100subaction-e8/experiments/E8/pipeline_outputs/subaction_09_P01_109_9/candidate_10_frame_000656_left,/Users/huhu/Documents/Code/bishe/vrb/vrbreproduction/outputs/100subaction-e8/experiments/E8/pipeline_outputs/subaction_09_P01_109_9/candidate_10_frame_000656_left,/Users/huhu/Documents/Code/bishe/vrb/vrbreproduction/outputs/100subaction-e8/experiments/E8/pipeline_outputs/subaction_09_P01_109_9/candidate_10_frame_000656_left/reference_frame.png,/Users/huhu/Documents/Code/bishe/vrb/vrbreproduction/outputs/100subaction-e8/experiments/E8/pipeline_outputs/subaction_09_P01_109_9/candidate_10_frame_000656_left/label_heatmap_merged_overlay.png,/Users/huhu/Documents/Code/bishe/vrb/vrbreproduction/outputs/100subaction-e8/experiments/E8/pipeline_outputs/subaction_09_P01_109_9/candidate_10_frame_000656_left/vrb_style_affordance.png,6.0,0.0,"[127.72, 85.07, 312.11, 241.81]",/Users/huhu/Documents/Code/bishe/vrb/vrbreproduction/outputs/100subaction-e8/experiments/E8/pipeline_outputs/subaction_09_P01_109_9/candidate_10_frame_000656_left/label_heatmap_merged.npy,/Users/huhu/Documents/Code/bishe/vrb/vrbreproduction/outputs/100subaction-e8/experiments/E8/pipeline_outputs/subaction_09_P01_109_9/candidate_10_frame_000656_left/label_heatmap_merged.png,/Users/huhu/Documents/Code/bishe/vrb/vrbreproduction/outputs/100subaction-e8/experiments/E8/pipeline_outputs/subaction_09_P01_109_9/candidate_10_frame_000656_left/mask_projection_overlay.png,"(256, 456)",isotropic_e7,True,False
E8,9,P01_109_9,put down potato,put-down,potato,['potato'],625,752,624.0,751.0,11.0,657.0,left,new_contact_episode,136,12,78,"[128.0, 91.0, 309.0, 238.0]",3.0725067916670628,grabcut_fallback,bbox_fallback,fallback_lk,cotracker_weighted_affine,False,0.9888888888888889,36,36,34,0.9444444444444444,0.6567254066467285,5,0.0,22922.0,success,361,0.5371707625918725,,654.0,earliest_reliable_tracked_reference_no_pre_gap,3.0,cotracker_weighted_affine,success,5,0.0,0.086,,,,,,,success,keep,,5.841631571133932,/Users/huhu/Documents/Code/bishe/vrb/vrbreproduction/outputs/100subaction-e8/experiments/E8/pipeline_outputs/subaction_09_P01_109_9/candidate_11_frame_000657_left,/Users/huhu/Documents/Code/bishe/vrb/vrbreproduction/outputs/100subaction-e8/experiments/E8/pipeline_outputs/subaction_09_P01_109_9/candidate_11_frame_000657_left,/Users/huhu/Documents/Code/bishe/vrb/vrbreproduction/outputs/100subaction-e8/experiments/E8/pipeline_outputs/subaction_09_P01_109_9/candidate_11_frame_000657_left/reference_frame.png,/Users/huhu/Documents/Code/bishe/vrb/vrbreproduction/outputs/100subaction-e8/experiments/E8/pipeline_outputs/subaction_09_P01_109_9/candidate_11_frame_000657_left/label_heatmap_merged_overlay.png,/Users/huhu/Documents/Code/bishe/vrb/vrbreproduction/outputs/100subaction-e8/experiments/E8/pipeline_outputs/subaction_09_P01_109_9/candidate_11_frame_000657_left/vrb_style_affordance.png,6.0,0.0,"[161.45, 87.69, 307.5, 244.58]",/Users/huhu/Documents/Code/bishe/vrb/vrbreproduction/outputs/100subaction-e8/experiments/E8/pipeline_outputs/subaction_09_P01_109_9/candidate_11_frame_000657_left/label_heatmap_merged.npy,/Users/huhu/Documents/Code/bishe/vrb/vrbreproduction/outputs/100subaction-e8/experiments/E8/pipeline_outputs/subaction_09_P01_109_9/candidate_11_frame_000657_left/label_heatmap_merged.png,/Users/huhu/Documents/Code/bishe/vrb/vrbreproduction/outputs/100subaction-e8/experiments/E8/pipeline_outputs/subaction_09_P01_109_9/candidate_11_frame_000657_left/mask_projection_overlay.png,"(256, 456)",isotropic_e7,True,True
E8,10,P01_109_10,pick up beers,pick-up,beer,['beer'],738,845,737.0,844.0,0.0,774.0,left,new_contact_episode,174,9,5,"[138.0, 56.0, 332.0, 241.0]",3.05872680364791,grabcut_fallback,,,,False,,36,0,0,,,0,,,success,361,0.5371707625918725,,,,,,failed,0,,,,,,,,,not_run,discard,track_visibility_below_threshold,,/Users/huhu/Documents/Code/bishe/vrb/vrbreproduction/outputs/100subaction-e8/experiments/E8/pipeline_outputs/subaction_10_P01_109_10/candidate_00_frame_000774_left,,,,,6.0,0.0,,,,,,,,False
E8,10,P01_109_10,pick up beers,pick-up,beer,['beer'],738,845,737.0,844.0,1.0,775.0,left,new_contact_episode,174,9,5,"[138.0, 46.0, 353.0, 240.0]",2.979788656160037,grabcut_fallback,,,,False,,36,0,0,,,0,,,success,361,0.5371707625918725,,,,,,failed,0,,,,,,,,,not_run,discard,track_visibility_below_threshold,,/Users/huhu/Documents/Code/bishe/vrb/vrbreproduction/outputs/100subaction-e8/experiments/E8/pipeline_outputs/subaction_10_P01_109_10/candidate_01_frame_000775_left,,,,,6.0,0.0,,,,,,,,False
E8,10,P01_109_10,pick up beers,pick-up,beer,['beer'],738,845,737.0,844.0,2.0,776.0,left,new_contact_episode,174,9,8,"[130.0, 45.0, 340.0, 245.0]",3.0704371858589257,grabcut_fallback,bbox_fallback,fallback_lk,cotracker_weighted_affine,False,0.9299999999999999,36,36,36,1.0,0.23869505524635315,4,0.0,41748.0,success,361,0.5371707625918725,,775.0,earliest_reliable_tracked_reference_no_pre_gap,1.0,cotracker_weighted_affine,success,4,0.0,0.07706666666666667,,,,,,,success,keep,,5.531239148342609,/Users/huhu/Documents/Code/bishe/vrb/vrbreproduction/outputs/100subaction-e8/experiments/E8/pipeline_outputs/subaction_10_P01_109_10/candidate_02_frame_000776_left,/Users/huhu/Documents/Code/bishe/vrb/vrbreproduction/outputs/100subaction-e8/experiments/E8/pipeline_outputs/subaction_10_P01_109_10/candidate_02_frame_000776_left,/Users/huhu/Documents/Code/bishe/vrb/vrbreproduction/outputs/100subaction-e8/experiments/E8/pipeline_outputs/subaction_10_P01_109_10/candidate_02_frame_000776_left/reference_frame.png,/Users/huhu/Documents/Code/bishe/vrb/vrbreproduction/outputs/100subaction-e8/experiments/E8/pipeline_outputs/subaction_10_P01_109_10/candidate_02_frame_000776_left/label_heatmap_merged_overlay.png,/Users/huhu/Documents/Code/bishe/vrb/vrbreproduction/outputs/100subaction-e8/experiments/E8/pipeline_outputs/subaction_10_P01_109_10/candidate_02_frame_000776_left/vrb_style_affordance.png,6.0,0.0,"[135.05, 45.62, 348.33, 241.75]",/Users/huhu/Documents/Code/bishe/vrb/vrbreproduction/outputs/100subaction-e8/experiments/E8/pipeline_outputs/subaction_10_P01_109_10/candidate_02_frame_000776_left/label_heatmap_merged.npy,/Users/huhu/Documents/Code/bishe/vrb/vrbreproduction/outputs/100subaction-e8/experiments/E8/pipeline_outputs/subaction_10_P01_109_10/candidate_02_frame_000776_left/label_heatmap_merged.png,/Users/huhu/Documents/Code/bishe/vrb/vrbreproduction/outputs/100subaction-e8/experiments/E8/pipeline_outputs/subaction_10_P01_109_10/candidate_02_frame_000776_left/mask_projection_overlay.png,"(256, 456)",isotropic_e7,True,True
E8,10,P01_109_10,pick up beers,pick-up,beer,['beer'],738,845,737.0,844.0,3.0,784.0,right,new_contact_episode,174,9,14,"[197.0, 114.0, 236.0, 167.0]",2.0867523091508593,grabcut_fallback,,,,False,,36,0,0,,,0,,,success,361,0.5371707625918725,,,,,,failed,0,,,,,,,,,not_run,discard,mask_gate_failed,,/Users/huhu/Documents/Code/bishe/vrb/vrbreproduction/outputs/100subaction-e8/experiments/E8/pipeline_outputs/subaction_10_P01_109_10/candidate_03_frame_000784_right,,,,,6.0,0.0,,,,,,,,False
E8,10,P01_109_10,pick up beers,pick-up,beer,['beer'],738,845,737.0,844.0,4.0,785.0,right,new_contact_episode,174,9,14,"[197.0, 115.0, 238.0, 170.0]",2.0473028377929117,grabcut_fallback,,,,False,,36,0,0,,,0,,,success,361,0.5371707625918725,,,,,,failed,0,,,,,,,,,not_run,discard,mask_gate_failed,,/Users/huhu/Documents/Code/bishe/vrb/vrbreproduction/outputs/100subaction-e8/experiments/E8/pipeline_outputs/subaction_10_P01_109_10/candidate_04_frame_000785_right,,,,,6.0,0.0,,,,,,,,False
E8,10,P01_109_10,pick up beers,pick-up,beer,['beer'],738,845,737.0,844.0,5.0,786.0,right,new_contact_episode,174,9,10,"[150.0, 53.0, 338.0, 245.0]",3.370867395765912,grabcut_fallback,bbox_fallback,fallback_lk,cotracker_weighted_affine,False,0.8599999999999999,36,36,36,1.0,0.9296109676361084,3,0.0,41600.0,success,361,0.5371707625918725,,783.0,pre_contact_gap_tracked_reference,3.0,cotracker_weighted_affine,success,3,0.0,0.041022222222222224,,,,,,,success,keep,,5.162578337637584,/Users/huhu/Documents/Code/bishe/vrb/vrbreproduction/outputs/100subaction-e8/experiments/E8/pipeline_outputs/subaction_10_P01_109_10/candidate_05_frame_000786_right,/Users/huhu/Documents/Code/bishe/vrb/vrbreproduction/outputs/100subaction-e8/experiments/E8/pipeline_outputs/subaction_10_P01_109_10/candidate_05_frame_000786_right,/Users/huhu/Documents/Code/bishe/vrb/vrbreproduction/outputs/100subaction-e8/experiments/E8/pipeline_outputs/subaction_10_P01_109_10/candidate_05_frame_000786_right/reference_frame.png,/Users/huhu/Documents/Code/bishe/vrb/vrbreproduction/outputs/100subaction-e8/experiments/E8/pipeline_outputs/subaction_10_P01_109_10/candidate_05_frame_000786_right/label_heatmap_merged_overlay.png,/Users/huhu/Documents/Code/bishe/vrb/vrbreproduction/outputs/100subaction-e8/experiments/E8/pipeline_outputs/subaction_10_P01_109_10/candidate_05_frame_000786_right/vrb_style_affordance.png,6.0,0.0,"[142.12, 45.45, 350.49, 245.25]",/Users/huhu/Documents/Code/bishe/vrb/vrbreproduction/outputs/100subaction-e8/experiments/E8/pipeline_outputs/subaction_10_P01_109_10/candidate_05_frame_000786_right/label_heatmap_merged.npy,/Users/huhu/Documents/Code/bishe/vrb/vrbreproduction/outputs/100subaction-e8/experiments/E8/pipeline_outputs/subaction_10_P01_109_10/candidate_05_frame_000786_right/label_heatmap_merged.png,/Users/huhu/Documents/Code/bishe/vrb/vrbreproduction/outputs/100subaction-e8/experiments/E8/pipeline_outputs/subaction_10_P01_109_10/candidate_05_frame_000786_right/mask_projection_overlay.png,"(256, 456)",isotropic_e7,True,False
E8,10,P01_109_10,pick up beers,pick-up,beer,['beer'],738,845,737.0,844.0,6.0,785.0,left,new_contact_episode,174,9,14,"[197.0, 115.0, 238.0, 170.0]",1.8409219844820752,grabcut_fallback,bbox_fallback,fallback_lk,cotracker_weighted_affine,False,0.9133333333333333,36,36,33,0.9166666666666666,1.5819042921066284,4,0.0,34368.0,success,361,0.5371707625918725,,775.0,earliest_reliable_tracked_reference_no_pre_gap,10.0,cotracker_weighted_affine,success,4,0.0,0.11048888888888889,,,,,,,success,keep,,5.324309537903467,/Users/huhu/Documents/Code/bishe/vrb/vrbreproduction/outputs/100subaction-e8/experiments/E8/pipeline_outputs/subaction_10_P01_109_10/candidate_06_frame_000785_left,/Users/huhu/Documents/Code/bishe/vrb/vrbreproduction/outputs/100subaction-e8/experiments/E8/pipeline_outputs/subaction_10_P01_109_10/candidate_06_frame_000785_left,/Users/huhu/Documents/Code/bishe/vrb/vrbreproduction/outputs/100subaction-e8/experiments/E8/pipeline_outputs/subaction_10_P01_109_10/candidate_06_frame_000785_left/reference_frame.png,/Users/huhu/Documents/Code/bishe/vrb/vrbreproduction/outputs/100subaction-e8/experiments/E8/pipeline_outputs/subaction_10_P01_109_10/candidate_06_frame_000785_left/label_heatmap_merged_overlay.png,/Users/huhu/Documents/Code/bishe/vrb/vrbreproduction/outputs/100subaction-e8/experiments/E8/pipeline_outputs/subaction_10_P01_109_10/candidate_06_frame_000785_left/vrb_style_affordance.png,6.0,0.0,"[142.5, 53.8, 335.24, 232.7]",/Users/huhu/Documents/Code/bishe/vrb/vrbreproduction/outputs/100subaction-e8/experiments/E8/pipeline_outputs/subaction_10_P01_109_10/candidate_06_frame_000785_left/label_heatmap_merged.npy,/Users/huhu/Documents/Code/bishe/vrb/vrbreproduction/outputs/100subaction-e8/experiments/E8/pipeline_outputs/subaction_10_P01_109_10/candidate_06_frame_000785_left/label_heatmap_merged.png,/Users/huhu/Documents/Code/bishe/vrb/vrbreproduction/outputs/100subaction-e8/experiments/E8/pipeline_outputs/subaction_10_P01_109_10/candidate_06_frame_000785_left/mask_projection_overlay.png,"(256, 456)",isotropic_e7,True,True
E8,10,P01_109_10,pick up beers,pick-up,beer,['beer'],738,845,737.0,844.0,7.0,786.0,left,new_contact_episode,174,9,4,"[200.0, 112.0, 237.0, 165.0]",1.779066173994551,,,,,False,,0,0,0,,,0,,,not_run,0,0.0,,,,,,not_run,0,,,,,,,,,not_run,discard,contact_points_lt5_after_object_boundary_filter,,/Users/huhu/Documents/Code/bishe/vrb/vrbreproduction/outputs/100subaction-e8/experiments/E8/pipeline_outputs/subaction_10_P01_109_10/candidate_07_frame_000786_left,,,,,,,,,,,,,,False
E8,10,P01_109_10,pick up beers,pick-up,beer,['beer'],738,845,737.0,844.0,8.0,787.0,left,new_contact_episode,174,9,0,"[199.0, 112.0, 237.0, 163.0]",1.7059951548268157,,,,,False,,0,0,0,,,0,,,not_run,0,0.0,,,,,,not_run,0,,,,,,,,,not_run,discard,contact_points_lt5_after_object_boundary_filter,,/Users/huhu/Documents/Code/bishe/vrb/vrbreproduction/outputs/100subaction-e8/experiments/E8/pipeline_outputs/subaction_10_P01_109_10/candidate_08_frame_000787_left,,,,,,,,,,,,,,False
E8,11,P01_109_11,open freezer,open,freezer,['freezer'],876,1022,875.0,1021.0,0.0,980.0,right,new_contact_episode,141,6,0,,,,,,,True,,0,0,0,,,0,,,not_run,0,0.0,,,,,,not_run,0,,,,,,,,,not_run,discard,missing_hand_or_object_bbox,,/Users/huhu/Documents/Code/bishe/vrb/vrbreproduction/outputs/100subaction-e8/experiments/E8/pipeline_outputs/subaction_11_P01_109_11/candidate_00_frame_000980_right,,,,,,,,,,,,,,False
E8,11,P01_109_11,open freezer,open,freezer,['freezer'],876,1022,875.0,1021.0,1.0,981.0,right,new_contact_episode,141,6,0,,,,,,,True,,0,0,0,,,0,,,not_run,0,0.0,,,,,,not_run,0,,,,,,,,,not_run,discard,missing_hand_or_object_bbox,,/Users/huhu/Documents/Code/bishe/vrb/vrbreproduction/outputs/100subaction-e8/experiments/E8/pipeline_outputs/subaction_11_P01_109_11/candidate_01_frame_000981_right,,,,,,,,,,,,,,False
E8,11,P01_109_11,open freezer,open,freezer,['freezer'],876,1022,875.0,1021.0,2.0,982.0,right,new_contact_episode,141,6,0,,,,,,,True,,0,0,0,,,0,,,not_run,0,0.0,,,,,,not_run,0,,,,,,,,,not_run,discard,missing_hand_or_object_bbox,,/Users/huhu/Documents/Code/bishe/vrb/vrbreproduction/outputs/100subaction-e8/experiments/E8/pipeline_outputs/subaction_11_P01_109_11/candidate_02_frame_000982_right,,,,,,,,,,,,,,False
E8,11,P01_109_11,open freezer,open,freezer,['freezer'],876,1022,875.0,1021.0,3.0,1006.0,right,new_contact_episode,141,6,0,,,,,,,True,,0,0,0,,,0,,,not_run,0,0.0,,,,,,not_run,0,,,,,,,,,not_run,discard,missing_hand_or_object_bbox,,/Users/huhu/Documents/Code/bishe/vrb/vrbreproduction/outputs/100subaction-e8/experiments/E8/pipeline_outputs/subaction_11_P01_109_11/candidate_03_frame_001006_right,,,,,,,,,,,,,,False
E8,11,P01_109_11,open freezer,open,freezer,['freezer'],876,1022,875.0,1021.0,4.0,1007.0,right,new_contact_episode,141,6,0,,,,,,,True,,0,0,0,,,0,,,not_run,0,0.0,,,,,,not_run,0,,,,,,,,,not_run,discard,missing_hand_or_object_bbox,,/Users/huhu/Documents/Code/bishe/vrb/vrbreproduction/outputs/100subaction-e8/experiments/E8/pipeline_outputs/subaction_11_P01_109_11/candidate_04_frame_001007_right,,,,,,,,,,,,,,False
E8,11,P01_109_11,open freezer,open,freezer,['freezer'],876,1022,875.0,1021.0,5.0,1008.0,right,new_contact_episode,141,6,0,,,,,,,True,,0,0,0,,,0,,,not_run,0,0.0,,,,,,not_run,0,,,,,,,,,not_run,discard,missing_hand_or_object_bbox,,/Users/huhu/Documents/Code/bishe/vrb/vrbreproduction/outputs/100subaction-e8/experiments/E8/pipeline_outputs/subaction_11_P01_109_11/candidate_05_frame_001008_right,,,,,,,,,,,,,,False
E8,12,P01_109_12,open drawer,open,drawer,['drawer'],1045,1123,1044.0,1122.0,0.0,1070.0,left,new_contact_episode,132,3,63,"[50.0, 173.0, 145.0, 250.0]",3.052351121769485,grabcut_fallback,bbox_fallback,fallback_lk,cotracker_weighted_affine,True,1.0,36,36,36,1.0,0.1508343517780304,5,0.0,7161.0,success,361,0.4161993224435197,,1068.0,earliest_reliable_tracked_reference_no_pre_gap,2.0,cotracker_weighted_affine,success,5,0.0,0.0,,,,,,,success,keep,,6.001974969446659,/Users/huhu/Documents/Code/bishe/vrb/vrbreproduction/outputs/100subaction-e8/experiments/E8/pipeline_outputs/subaction_12_P01_109_12/candidate_00_frame_001070_left,/Users/huhu/Documents/Code/bishe/vrb/vrbreproduction/outputs/100subaction-e8/experiments/E8/pipeline_outputs/subaction_12_P01_109_12/candidate_00_frame_001070_left,/Users/huhu/Documents/Code/bishe/vrb/vrbreproduction/outputs/100subaction-e8/experiments/E8/pipeline_outputs/subaction_12_P01_109_12/candidate_00_frame_001070_left/reference_frame.png,/Users/huhu/Documents/Code/bishe/vrb/vrbreproduction/outputs/100subaction-e8/experiments/E8/pipeline_outputs/subaction_12_P01_109_12/candidate_00_frame_001070_left/label_heatmap_merged_overlay.png,/Users/huhu/Documents/Code/bishe/vrb/vrbreproduction/outputs/100subaction-e8/experiments/E8/pipeline_outputs/subaction_12_P01_109_12/candidate_00_frame_001070_left/vrb_style_affordance.png,6.0,0.0,"[50.11, 174.39, 142.64, 250.96]",/Users/huhu/Documents/Code/bishe/vrb/vrbreproduction/outputs/100subaction-e8/experiments/E8/pipeline_outputs/subaction_12_P01_109_12/candidate_00_frame_001070_left/label_heatmap_merged.npy,/Users/huhu/Documents/Code/bishe/vrb/vrbreproduction/outputs/100subaction-e8/experiments/E8/pipeline_outputs/subaction_12_P01_109_12/candidate_00_frame_001070_left/label_heatmap_merged.png,/Users/huhu/Documents/Code/bishe/vrb/vrbreproduction/outputs/100subaction-e8/experiments/E8/pipeline_outputs/subaction_12_P01_109_12/candidate_00_frame_001070_left/mask_projection_overlay.png,"(256, 456)",isotropic_e7,True,True
E8,12,P01_109_12,open drawer,open,drawer,['drawer'],1045,1123,1044.0,1122.0,1.0,1071.0,left,new_contact_episode,132,3,55,"[50.0, 171.0, 144.0, 248.0]",3.0710273817609415,grabcut_fallback,bbox_fallback,fallback_lk,cotracker_weighted_affine,True,1.0,36,36,36,1.0,0.16136658191680908,5,0.0,7161.0,success,361,0.4161993224435197,,1068.0,earliest_reliable_tracked_reference_no_pre_gap,3.0,cotracker_weighted_affine,success,5,0.0,0.0,,,,,,,success,keep,,5.995659002542496,/Users/huhu/Documents/Code/bishe/vrb/vrbreproduction/outputs/100subaction-e8/experiments/E8/pipeline_outputs/subaction_12_P01_109_12/candidate_01_frame_001071_left,/Users/huhu/Documents/Code/bishe/vrb/vrbreproduction/outputs/100subaction-e8/experiments/E8/pipeline_outputs/subaction_12_P01_109_12/candidate_01_frame_001071_left,/Users/huhu/Documents/Code/bishe/vrb/vrbreproduction/outputs/100subaction-e8/experiments/E8/pipeline_outputs/subaction_12_P01_109_12/candidate_01_frame_001071_left/reference_frame.png,/Users/huhu/Documents/Code/bishe/vrb/vrbreproduction/outputs/100subaction-e8/experiments/E8/pipeline_outputs/subaction_12_P01_109_12/candidate_01_frame_001071_left/label_heatmap_merged_overlay.png,/Users/huhu/Documents/Code/bishe/vrb/vrbreproduction/outputs/100subaction-e8/experiments/E8/pipeline_outputs/subaction_12_P01_109_12/candidate_01_frame_001071_left/vrb_style_affordance.png,6.0,0.0,"[50.13, 174.28, 142.54, 250.86]",/Users/huhu/Documents/Code/bishe/vrb/vrbreproduction/outputs/100subaction-e8/experiments/E8/pipeline_outputs/subaction_12_P01_109_12/candidate_01_frame_001071_left/label_heatmap_merged.npy,/Users/huhu/Documents/Code/bishe/vrb/vrbreproduction/outputs/100subaction-e8/experiments/E8/pipeline_outputs/subaction_12_P01_109_12/candidate_01_frame_001071_left/label_heatmap_merged.png,/Users/huhu/Documents/Code/bishe/vrb/vrbreproduction/outputs/100subaction-e8/experiments/E8/pipeline_outputs/subaction_12_P01_109_12/candidate_01_frame_001071_left/mask_projection_overlay.png,"(256, 456)",isotropic_e7,True,False
E8,12,P01_109_12,open drawer,open,drawer,['drawer'],1045,1123,1044.0,1122.0,2.0,1072.0,left,new_contact_episode,132,3,59,"[50.0, 170.0, 145.0, 249.0]",3.0571481151319024,grabcut_fallback,bbox_fallback,fallback_lk,cotracker_weighted_affine,True,1.0,36,36,36,1.0,0.1227092444896698,5,0.0,7332.0,success,361,0.4161993224435197,,1071.0,earliest_reliable_tracked_reference_no_pre_gap,1.0,cotracker_weighted_affine,success,5,0.0,0.03715555555555555,,,,,,,success,keep,,5.984585389331976,/Users/huhu/Documents/Code/bishe/vrb/vrbreproduction/outputs/100subaction-e8/experiments/E8/pipeline_outputs/subaction_12_P01_109_12/candidate_02_frame_001072_left,/Users/huhu/Documents/Code/bishe/vrb/vrbreproduction/outputs/100subaction-e8/experiments/E8/pipeline_outputs/subaction_12_P01_109_12/candidate_02_frame_001072_left,/Users/huhu/Documents/Code/bishe/vrb/vrbreproduction/outputs/100subaction-e8/experiments/E8/pipeline_outputs/subaction_12_P01_109_12/candidate_02_frame_001072_left/reference_frame.png,/Users/huhu/Documents/Code/bishe/vrb/vrbreproduction/outputs/100subaction-e8/experiments/E8/pipeline_outputs/subaction_12_P01_109_12/candidate_02_frame_001072_left/label_heatmap_merged_overlay.png,/Users/huhu/Documents/Code/bishe/vrb/vrbreproduction/outputs/100subaction-e8/experiments/E8/pipeline_outputs/subaction_12_P01_109_12/candidate_02_frame_001072_left/vrb_style_affordance.png,6.0,0.0,"[49.99, 170.98, 144.39, 248.72]",/Users/huhu/Documents/Code/bishe/vrb/vrbreproduction/outputs/100subaction-e8/experiments/E8/pipeline_outputs/subaction_12_P01_109_12/candidate_02_frame_001072_left/label_heatmap_merged.npy,/Users/huhu/Documents/Code/bishe/vrb/vrbreproduction/outputs/100subaction-e8/experiments/E8/pipeline_outputs/subaction_12_P01_109_12/candidate_02_frame_001072_left/label_heatmap_merged.png,/Users/huhu/Documents/Code/bishe/vrb/vrbreproduction/outputs/100subaction-e8/experiments/E8/pipeline_outputs/subaction_12_P01_109_12/candidate_02_frame_001072_left/mask_projection_overlay.png,"(256, 456)",isotropic_e7,True,True
E8,13,P01_109_13,put beer into drawer,put-into,beer,"['beer', 'drawer']",1139,1353,1138.0,1352.0,0.0,1180.0,right,new_contact_episode,278,12,0,,,,,,,True,,0,0,0,,,0,,,not_run,0,0.0,,,,,,not_run,0,,,,,,,,,not_run,discard,missing_hand_or_object_bbox,,/Users/huhu/Documents/Code/bishe/vrb/vrbreproduction/outputs/100subaction-e8/experiments/E8/pipeline_outputs/subaction_13_P01_109_13/candidate_00_frame_001180_right,,,,,,,,,,,,,,False
E8,13,P01_109_13,put beer into drawer,put-into,beer,"['beer', 'drawer']",1139,1353,1138.0,1352.0,1.0,1181.0,right,new_contact_episode,278,12,0,,,,,,,True,,0,0,0,,,0,,,not_run,0,0.0,,,,,,not_run,0,,,,,,,,,not_run,discard,missing_hand_or_object_bbox,,/Users/huhu/Documents/Code/bishe/vrb/vrbreproduction/outputs/100subaction-e8/experiments/E8/pipeline_outputs/subaction_13_P01_109_13/candidate_01_frame_001181_right,,,,,,,,,,,,,,False
E8,13,P01_109_13,put beer into drawer,put-into,beer,"['beer', 'drawer']",1139,1353,1138.0,1352.0,2.0,1182.0,right,new_contact_episode,278,12,26,"[192.0, 14.0, 258.0, 75.0]",3.847759094275523,grabcut_fallback,bbox_fallback,fallback_lk,cotracker_weighted_affine,True,0.9944444444444445,36,36,35,0.9722222222222222,0.5696254968643188,5,0.0,4026.0,success,361,0.6928464959274072,,1179.0,pre_contact_gap_tracked_reference,3.0,cotracker_weighted_affine,success,5,0.0,0.09293333333333334,,,,,,,success,keep,,5.761588314260736,/Users/huhu/Documents/Code/bishe/vrb/vrbreproduction/outputs/100subaction-e8/experiments/E8/pipeline_outputs/subaction_13_P01_109_13/candidate_02_frame_001182_right,/Users/huhu/Documents/Code/bishe/vrb/vrbreproduction/outputs/100subaction-e8/experiments/E8/pipeline_outputs/subaction_13_P01_109_13/candidate_02_frame_001182_right,/Users/huhu/Documents/Code/bishe/vrb/vrbreproduction/outputs/100subaction-e8/experiments/E8/pipeline_outputs/subaction_13_P01_109_13/candidate_02_frame_001182_right/reference_frame.png,/Users/huhu/Documents/Code/bishe/vrb/vrbreproduction/outputs/100subaction-e8/experiments/E8/pipeline_outputs/subaction_13_P01_109_13/candidate_02_frame_001182_right/label_heatmap_merged_overlay.png,/Users/huhu/Documents/Code/bishe/vrb/vrbreproduction/outputs/100subaction-e8/experiments/E8/pipeline_outputs/subaction_13_P01_109_13/candidate_02_frame_001182_right/vrb_style_affordance.png,6.0,0.0,"[193.15, 13.24, 258.92, 74.05]",/Users/huhu/Documents/Code/bishe/vrb/vrbreproduction/outputs/100subaction-e8/experiments/E8/pipeline_outputs/subaction_13_P01_109_13/candidate_02_frame_001182_right/label_heatmap_merged.npy,/Users/huhu/Documents/Code/bishe/vrb/vrbreproduction/outputs/100subaction-e8/experiments/E8/pipeline_outputs/subaction_13_P01_109_13/candidate_02_frame_001182_right/label_heatmap_merged.png,/Users/huhu/Documents/Code/bishe/vrb/vrbreproduction/outputs/100subaction-e8/experiments/E8/pipeline_outputs/subaction_13_P01_109_13/candidate_02_frame_001182_right/mask_projection_overlay.png,"(256, 456)",isotropic_e7,False,True
E8,13,P01_109_13,put beer into drawer,put-into,beer,"['beer', 'drawer']",1139,1353,1138.0,1352.0,3.0,1201.0,left,new_contact_episode,278,12,39,"[127.0, 142.0, 226.0, 248.0]",2.7240676565933803,grabcut_fallback,bbox_fallback,fallback_lk,cotracker_weighted_affine,True,0.9828571428571429,36,35,32,0.9142857142857143,0.636192798614502,5,0.0,10807.0,success,361,0.4161993224435197,,1200.0,pre_contact_gap_tracked_reference,1.0,cotracker_weighted_affine,success,5,0.0,0.043555555555555556,,,,,,,success,keep,,5.863795168422518,/Users/huhu/Documents/Code/bishe/vrb/vrbreproduction/outputs/100subaction-e8/experiments/E8/pipeline_outputs/subaction_13_P01_109_13/candidate_03_frame_001201_left,/Users/huhu/Documents/Code/bishe/vrb/vrbreproduction/outputs/100subaction-e8/experiments/E8/pipeline_outputs/subaction_13_P01_109_13/candidate_03_frame_001201_left,/Users/huhu/Documents/Code/bishe/vrb/vrbreproduction/outputs/100subaction-e8/experiments/E8/pipeline_outputs/subaction_13_P01_109_13/candidate_03_frame_001201_left/reference_frame.png,/Users/huhu/Documents/Code/bishe/vrb/vrbreproduction/outputs/100subaction-e8/experiments/E8/pipeline_outputs/subaction_13_P01_109_13/candidate_03_frame_001201_left/label_heatmap_merged_overlay.png,/Users/huhu/Documents/Code/bishe/vrb/vrbreproduction/outputs/100subaction-e8/experiments/E8/pipeline_outputs/subaction_13_P01_109_13/candidate_03_frame_001201_left/vrb_style_affordance.png,6.0,0.0,"[124.24, 143.6, 224.66, 250.79]",/Users/huhu/Documents/Code/bishe/vrb/vrbreproduction/outputs/100subaction-e8/experiments/E8/pipeline_outputs/subaction_13_P01_109_13/candidate_03_frame_001201_left/label_heatmap_merged.npy,/Users/huhu/Documents/Code/bishe/vrb/vrbreproduction/outputs/100subaction-e8/experiments/E8/pipeline_outputs/subaction_13_P01_109_13/candidate_03_frame_001201_left/label_heatmap_merged.png,/Users/huhu/Documents/Code/bishe/vrb/vrbreproduction/outputs/100subaction-e8/experiments/E8/pipeline_outputs/subaction_13_P01_109_13/candidate_03_frame_001201_left/mask_projection_overlay.png,"(256, 456)",isotropic_e7,True,True
E8,13,P01_109_13,put beer into drawer,put-into,beer,"['beer', 'drawer']",1139,1353,1138.0,1352.0,4.0,1202.0,left,new_contact_episode,278,12,45,"[128.0, 137.0, 212.0, 246.0]",2.9551057044605384,grabcut_fallback,bbox_fallback,fallback_lk,cotracker_weighted_affine,True,0.8247058823529411,36,34,28,0.8235294117647058,0.9417688846588135,3,0.0,10260.0,success,361,0.4161993224435197,,1199.0,pre_contact_gap_tracked_reference,3.0,cotracker_weighted_affine,success,3,0.0,0.0,,,,,,,success,keep,,5.028866492283765,/Users/huhu/Documents/Code/bishe/vrb/vrbreproduction/outputs/100subaction-e8/experiments/E8/pipeline_outputs/subaction_13_P01_109_13/candidate_04_frame_001202_left,/Users/huhu/Documents/Code/bishe/vrb/vrbreproduction/outputs/100subaction-e8/experiments/E8/pipeline_outputs/subaction_13_P01_109_13/candidate_04_frame_001202_left,/Users/huhu/Documents/Code/bishe/vrb/vrbreproduction/outputs/100subaction-e8/experiments/E8/pipeline_outputs/subaction_13_P01_109_13/candidate_04_frame_001202_left/reference_frame.png,/Users/huhu/Documents/Code/bishe/vrb/vrbreproduction/outputs/100subaction-e8/experiments/E8/pipeline_outputs/subaction_13_P01_109_13/candidate_04_frame_001202_left/label_heatmap_merged_overlay.png,/Users/huhu/Documents/Code/bishe/vrb/vrbreproduction/outputs/100subaction-e8/experiments/E8/pipeline_outputs/subaction_13_P01_109_13/candidate_04_frame_001202_left/vrb_style_affordance.png,6.0,0.0,"[121.63, 145.18, 217.36, 253.37]",/Users/huhu/Documents/Code/bishe/vrb/vrbreproduction/outputs/100subaction-e8/experiments/E8/pipeline_outputs/subaction_13_P01_109_13/candidate_04_frame_001202_left/label_heatmap_merged.npy,/Users/huhu/Documents/Code/bishe/vrb/vrbreproduction/outputs/100subaction-e8/experiments/E8/pipeline_outputs/subaction_13_P01_109_13/candidate_04_frame_001202_left/label_heatmap_merged.png,/Users/huhu/Documents/Code/bishe/vrb/vrbreproduction/outputs/100subaction-e8/experiments/E8/pipeline_outputs/subaction_13_P01_109_13/candidate_04_frame_001202_left/mask_projection_overlay.png,"(256, 456)",isotropic_e7,True,False
E8,13,P01_109_13,put beer into drawer,put-into,beer,"['beer', 'drawer']",1139,1353,1138.0,1352.0,5.0,1203.0,left,new_contact_episode,278,12,66,"[130.0, 135.0, 209.0, 242.0]",2.9754476774908345,grabcut_fallback,bbox_fallback,fallback_lk,cotracker_weighted_affine,True,0.8996969696969697,36,33,28,0.8484848484848485,1.208478331565857,4,0.0,10260.0,success,361,0.4161993224435197,,1199.0,pre_contact_gap_tracked_reference,4.0,cotracker_weighted_affine,success,4,0.0,0.0,,,,,,,success,keep,,5.42358178641666,/Users/huhu/Documents/Code/bishe/vrb/vrbreproduction/outputs/100subaction-e8/experiments/E8/pipeline_outputs/subaction_13_P01_109_13/candidate_05_frame_001203_left,/Users/huhu/Documents/Code/bishe/vrb/vrbreproduction/outputs/100subaction-e8/experiments/E8/pipeline_outputs/subaction_13_P01_109_13/candidate_05_frame_001203_left,/Users/huhu/Documents/Code/bishe/vrb/vrbreproduction/outputs/100subaction-e8/experiments/E8/pipeline_outputs/subaction_13_P01_109_13/candidate_05_frame_001203_left/reference_frame.png,/Users/huhu/Documents/Code/bishe/vrb/vrbreproduction/outputs/100subaction-e8/experiments/E8/pipeline_outputs/subaction_13_P01_109_13/candidate_05_frame_001203_left/label_heatmap_merged_overlay.png,/Users/huhu/Documents/Code/bishe/vrb/vrbreproduction/outputs/100subaction-e8/experiments/E8/pipeline_outputs/subaction_13_P01_109_13/candidate_05_frame_001203_left/vrb_style_affordance.png,6.0,0.0,"[121.6, 145.36, 216.78, 253.23]",/Users/huhu/Documents/Code/bishe/vrb/vrbreproduction/outputs/100subaction-e8/experiments/E8/pipeline_outputs/subaction_13_P01_109_13/candidate_05_frame_001203_left/label_heatmap_merged.npy,/Users/huhu/Documents/Code/bishe/vrb/vrbreproduction/outputs/100subaction-e8/experiments/E8/pipeline_outputs/subaction_13_P01_109_13/candidate_05_frame_001203_left/label_heatmap_merged.png,/Users/huhu/Documents/Code/bishe/vrb/vrbreproduction/outputs/100subaction-e8/experiments/E8/pipeline_outputs/subaction_13_P01_109_13/candidate_05_frame_001203_left/mask_projection_overlay.png,"(256, 456)",isotropic_e7,True,False
E8,13,P01_109_13,put beer into drawer,put-into,beer,"['beer', 'drawer']",1139,1353,1138.0,1352.0,6.0,1207.0,right,new_contact_episode,278,12,174,"[136.0, 122.0, 273.0, 249.0]",2.80567519228384,grabcut_fallback,bbox_fallback,fallback_lk,cotracker_weighted_affine,True,0.8869565217391304,36,23,10,0.43478260869565216,2.3916091918945312,5,0.0,5106.0,success,361,0.4161993224435197,,1124.0,earliest_reliable_tracked_reference_no_pre_gap,83.0,cotracker_weighted_affine,success,5,0.0,0.0392,,,,,,,success,keep,,4.997538680764904,/Users/huhu/Documents/Code/bishe/vrb/vrbreproduction/outputs/100subaction-e8/experiments/E8/pipeline_outputs/subaction_13_P01_109_13/candidate_06_frame_001207_right,/Users/huhu/Documents/Code/bishe/vrb/vrbreproduction/outputs/100subaction-e8/experiments/E8/pipeline_outputs/subaction_13_P01_109_13/candidate_06_frame_001207_right,/Users/huhu/Documents/Code/bishe/vrb/vrbreproduction/outputs/100subaction-e8/experiments/E8/pipeline_outputs/subaction_13_P01_109_13/candidate_06_frame_001207_right/reference_frame.png,/Users/huhu/Documents/Code/bishe/vrb/vrbreproduction/outputs/100subaction-e8/experiments/E8/pipeline_outputs/subaction_13_P01_109_13/candidate_06_frame_001207_right/label_heatmap_merged_overlay.png,/Users/huhu/Documents/Code/bishe/vrb/vrbreproduction/outputs/100subaction-e8/experiments/E8/pipeline_outputs/subaction_13_P01_109_13/candidate_06_frame_001207_right/vrb_style_affordance.png,6.0,0.0,"[80.56, 171.55, 150.05, 246.42]",/Users/huhu/Documents/Code/bishe/vrb/vrbreproduction/outputs/100subaction-e8/experiments/E8/pipeline_outputs/subaction_13_P01_109_13/candidate_06_frame_001207_right/label_heatmap_merged.npy,/Users/huhu/Documents/Code/bishe/vrb/vrbreproduction/outputs/100subaction-e8/experiments/E8/pipeline_outputs/subaction_13_P01_109_13/candidate_06_frame_001207_right/label_heatmap_merged.png,/Users/huhu/Documents/Code/bishe/vrb/vrbreproduction/outputs/100subaction-e8/experiments/E8/pipeline_outputs/subaction_13_P01_109_13/candidate_06_frame_001207_right/mask_projection_overlay.png,"(256, 456)",isotropic_e7,True,False
E8,13,P01_109_13,put beer into drawer,put-into,beer,"['beer', 'drawer']",1139,1353,1138.0,1352.0,7.0,1208.0,right,new_contact_episode,278,12,169,"[139.0, 120.0, 272.0, 246.0]",2.9094249725816517,grabcut_fallback,bbox_fallback,fallback_lk,cotracker_weighted_affine,True,0.9647058823529412,36,34,28,0.8235294117647058,0.9690185189247131,5,0.0,17673.0,success,361,0.4161993224435197,,1207.0,earliest_reliable_tracked_reference_no_pre_gap,1.0,cotracker_weighted_affine,success,5,0.0,0.2668,,,,,,,success,keep,,5.482376503255788,/Users/huhu/Documents/Code/bishe/vrb/vrbreproduction/outputs/100subaction-e8/experiments/E8/pipeline_outputs/subaction_13_P01_109_13/candidate_07_frame_001208_right,/Users/huhu/Documents/Code/bishe/vrb/vrbreproduction/outputs/100subaction-e8/experiments/E8/pipeline_outputs/subaction_13_P01_109_13/candidate_07_frame_001208_right,/Users/huhu/Documents/Code/bishe/vrb/vrbreproduction/outputs/100subaction-e8/experiments/E8/pipeline_outputs/subaction_13_P01_109_13/candidate_07_frame_001208_right/reference_frame.png,/Users/huhu/Documents/Code/bishe/vrb/vrbreproduction/outputs/100subaction-e8/experiments/E8/pipeline_outputs/subaction_13_P01_109_13/candidate_07_frame_001208_right/label_heatmap_merged_overlay.png,/Users/huhu/Documents/Code/bishe/vrb/vrbreproduction/outputs/100subaction-e8/experiments/E8/pipeline_outputs/subaction_13_P01_109_13/candidate_07_frame_001208_right/vrb_style_affordance.png,6.0,0.0,"[135.6, 121.37, 272.78, 249.7]",/Users/huhu/Documents/Code/bishe/vrb/vrbreproduction/outputs/100subaction-e8/experiments/E8/pipeline_outputs/subaction_13_P01_109_13/candidate_07_frame_001208_right/label_heatmap_merged.npy,/Users/huhu/Documents/Code/bishe/vrb/vrbreproduction/outputs/100subaction-e8/experiments/E8/pipeline_outputs/subaction_13_P01_109_13/candidate_07_frame_001208_right/label_heatmap_merged.png,/Users/huhu/Documents/Code/bishe/vrb/vrbreproduction/outputs/100subaction-e8/experiments/E8/pipeline_outputs/subaction_13_P01_109_13/candidate_07_frame_001208_right/mask_projection_overlay.png,"(256, 456)",isotropic_e7,True,False
E8,13,P01_109_13,put beer into drawer,put-into,beer,"['beer', 'drawer']",1139,1353,1138.0,1352.0,8.0,1209.0,right,new_contact_episode,278,12,138,"[143.0, 124.0, 276.0, 244.0]",2.912782133335975,grabcut_fallback,bbox_fallback,fallback_lk,cotracker_weighted_affine,True,1.0,36,36,36,1.0,0.8174378871917725,5,0.0,16750.0,success,361,0.4161993224435197,,1208.0,earliest_reliable_tracked_reference_no_pre_gap,1.0,cotracker_weighted_affine,success,5,0.0,0.3073777777777778,,,,,,,success,keep,,5.558410196717579,/Users/huhu/Documents/Code/bishe/vrb/vrbreproduction/outputs/100subaction-e8/experiments/E8/pipeline_outputs/subaction_13_P01_109_13/candidate_08_frame_001209_right,/Users/huhu/Documents/Code/bishe/vrb/vrbreproduction/outputs/100subaction-e8/experiments/E8/pipeline_outputs/subaction_13_P01_109_13/candidate_08_frame_001209_right,/Users/huhu/Documents/Code/bishe/vrb/vrbreproduction/outputs/100subaction-e8/experiments/E8/pipeline_outputs/subaction_13_P01_109_13/candidate_08_frame_001209_right/reference_frame.png,/Users/huhu/Documents/Code/bishe/vrb/vrbreproduction/outputs/100subaction-e8/experiments/E8/pipeline_outputs/subaction_13_P01_109_13/candidate_08_frame_001209_right/label_heatmap_merged_overlay.png,/Users/huhu/Documents/Code/bishe/vrb/vrbreproduction/outputs/100subaction-e8/experiments/E8/pipeline_outputs/subaction_13_P01_109_13/candidate_08_frame_001209_right/vrb_style_affordance.png,6.0,0.0,"[139.36, 121.74, 273.44, 246.97]",/Users/huhu/Documents/Code/bishe/vrb/vrbreproduction/outputs/100subaction-e8/experiments/E8/pipeline_outputs/subaction_13_P01_109_13/candidate_08_frame_001209_right/label_heatmap_merged.npy,/Users/huhu/Documents/Code/bishe/vrb/vrbreproduction/outputs/100subaction-e8/experiments/E8/pipeline_outputs/subaction_13_P01_109_13/candidate_08_frame_001209_right/label_heatmap_merged.png,/Users/huhu/Documents/Code/bishe/vrb/vrbreproduction/outputs/100subaction-e8/experiments/E8/pipeline_outputs/subaction_13_P01_109_13/candidate_08_frame_001209_right/mask_projection_overlay.png,"(256, 456)",isotropic_e7,True,False
E8,13,P01_109_13,put beer into drawer,put-into,beer,"['beer', 'drawer']",1139,1353,1138.0,1352.0,9.0,1258.0,right,new_contact_episode,278,12,30,"[248.0, 0.0, 407.0, 37.0]",2.142527031580329,grabcut_fallback,bbox_fallback,fallback_lk,cotracker_weighted_affine,True,1.0,36,36,36,1.0,0.11150479316711426,5,0.0,5883.0,success,361,0.4161993224435197,,1257.0,pre_contact_gap_tracked_reference,1.0,cotracker_weighted_affine,success,5,0.0,0.16773333333333335,,,,,,,success,keep,,5.757554856204986,/Users/huhu/Documents/Code/bishe/vrb/vrbreproduction/outputs/100subaction-e8/experiments/E8/pipeline_outputs/subaction_13_P01_109_13/candidate_09_frame_001258_right,/Users/huhu/Documents/Code/bishe/vrb/vrbreproduction/outputs/100subaction-e8/experiments/E8/pipeline_outputs/subaction_13_P01_109_13/candidate_09_frame_001258_right,/Users/huhu/Documents/Code/bishe/vrb/vrbreproduction/outputs/100subaction-e8/experiments/E8/pipeline_outputs/subaction_13_P01_109_13/candidate_09_frame_001258_right/reference_frame.png,/Users/huhu/Documents/Code/bishe/vrb/vrbreproduction/outputs/100subaction-e8/experiments/E8/pipeline_outputs/subaction_13_P01_109_13/candidate_09_frame_001258_right/label_heatmap_merged_overlay.png,/Users/huhu/Documents/Code/bishe/vrb/vrbreproduction/outputs/100subaction-e8/experiments/E8/pipeline_outputs/subaction_13_P01_109_13/candidate_09_frame_001258_right/vrb_style_affordance.png,6.0,0.0,"[247.35, 0.0, 405.97, 36.78]",/Users/huhu/Documents/Code/bishe/vrb/vrbreproduction/outputs/100subaction-e8/experiments/E8/pipeline_outputs/subaction_13_P01_109_13/candidate_09_frame_001258_right/label_heatmap_merged.npy,/Users/huhu/Documents/Code/bishe/vrb/vrbreproduction/outputs/100subaction-e8/experiments/E8/pipeline_outputs/subaction_13_P01_109_13/candidate_09_frame_001258_right/label_heatmap_merged.png,/Users/huhu/Documents/Code/bishe/vrb/vrbreproduction/outputs/100subaction-e8/experiments/E8/pipeline_outputs/subaction_13_P01_109_13/candidate_09_frame_001258_right/mask_projection_overlay.png,"(256, 456)",isotropic_e7,True,False
E8,13,P01_109_13,put beer into drawer,put-into,beer,"['beer', 'drawer']",1139,1353,1138.0,1352.0,10.0,1259.0,right,new_contact_episode,278,12,139,"[312.0, 123.0, 385.0, 252.0]",3.4240922949447428,grabcut_fallback,bbox_fallback,fallback_lk,cotracker_weighted_affine,True,0.9722222222222223,36,36,31,0.8611111111111112,1.0283901691436768,5,0.0,9636.0,success,361,0.4161993224435197,,1257.0,pre_contact_gap_tracked_reference,2.0,cotracker_weighted_affine,success,5,0.0,0.0,,,,,,,success,keep,,5.902981628259023,/Users/huhu/Documents/Code/bishe/vrb/vrbreproduction/outputs/100subaction-e8/experiments/E8/pipeline_outputs/subaction_13_P01_109_13/candidate_10_frame_001259_right,/Users/huhu/Documents/Code/bishe/vrb/vrbreproduction/outputs/100subaction-e8/experiments/E8/pipeline_outputs/subaction_13_P01_109_13/candidate_10_frame_001259_right,/Users/huhu/Documents/Code/bishe/vrb/vrbreproduction/outputs/100subaction-e8/experiments/E8/pipeline_outputs/subaction_13_P01_109_13/candidate_10_frame_001259_right/reference_frame.png,/Users/huhu/Documents/Code/bishe/vrb/vrbreproduction/outputs/100subaction-e8/experiments/E8/pipeline_outputs/subaction_13_P01_109_13/candidate_10_frame_001259_right/label_heatmap_merged_overlay.png,/Users/huhu/Documents/Code/bishe/vrb/vrbreproduction/outputs/100subaction-e8/experiments/E8/pipeline_outputs/subaction_13_P01_109_13/candidate_10_frame_001259_right/vrb_style_affordance.png,6.0,0.0,"[311.89, 122.18, 385.49, 253.86]",/Users/huhu/Documents/Code/bishe/vrb/vrbreproduction/outputs/100subaction-e8/experiments/E8/pipeline_outputs/subaction_13_P01_109_13/candidate_10_frame_001259_right/label_heatmap_merged.npy,/Users/huhu/Documents/Code/bishe/vrb/vrbreproduction/outputs/100subaction-e8/experiments/E8/pipeline_outputs/subaction_13_P01_109_13/candidate_10_frame_001259_right/label_heatmap_merged.png,/Users/huhu/Documents/Code/bishe/vrb/vrbreproduction/outputs/100subaction-e8/experiments/E8/pipeline_outputs/subaction_13_P01_109_13/candidate_10_frame_001259_right/mask_projection_overlay.png,"(256, 456)",isotropic_e7,True,True
E8,13,P01_109_13,put beer into drawer,put-into,beer,"['beer', 'drawer']",1139,1353,1138.0,1352.0,11.0,1260.0,right,new_contact_episode,278,12,142,"[311.0, 124.0, 386.0, 251.0]",3.437499432203401,,,,,True,,0,0,0,,,0,,,not_run,0,0.0,,,,,,not_run,0,,,,,,,,,not_run,discard,gmm_failed:ValueError,,/Users/huhu/Documents/Code/bishe/vrb/vrbreproduction/outputs/100subaction-e8/experiments/E8/pipeline_outputs/subaction_13_P01_109_13/candidate_11_frame_001260_right,,,,,,,,,,,,,,False
E8,14,P01_109_14,put beer into drawer,put-into,beer,"['beer', 'drawer']",1230,1283,1229.0,1282.0,0.0,1258.0,right,new_contact_episode,71,12,30,"[248.0, 0.0, 407.0, 37.0]",2.142527031580329,grabcut_fallback,bbox_fallback,fallback_lk,cotracker_weighted_affine,True,1.0,36,36,36,1.0,0.11150479316711426,5,0.0,5883.0,success,361,0.4161993224435197,,1257.0,pre_contact_gap_tracked_reference,1.0,cotracker_weighted_affine,success,5,0.0,0.16773333333333335,,,,,,,success,keep,,5.757554856204986,/Users/huhu/Documents/Code/bishe/vrb/vrbreproduction/outputs/100subaction-e8/experiments/E8/pipeline_outputs/subaction_14_P01_109_14/candidate_00_frame_001258_right,/Users/huhu/Documents/Code/bishe/vrb/vrbreproduction/outputs/100subaction-e8/experiments/E8/pipeline_outputs/subaction_14_P01_109_14/candidate_00_frame_001258_right,/Users/huhu/Documents/Code/bishe/vrb/vrbreproduction/outputs/100subaction-e8/experiments/E8/pipeline_outputs/subaction_14_P01_109_14/candidate_00_frame_001258_right/reference_frame.png,/Users/huhu/Documents/Code/bishe/vrb/vrbreproduction/outputs/100subaction-e8/experiments/E8/pipeline_outputs/subaction_14_P01_109_14/candidate_00_frame_001258_right/label_heatmap_merged_overlay.png,/Users/huhu/Documents/Code/bishe/vrb/vrbreproduction/outputs/100subaction-e8/experiments/E8/pipeline_outputs/subaction_14_P01_109_14/candidate_00_frame_001258_right/vrb_style_affordance.png,6.0,0.0,"[247.35, 0.0, 405.97, 36.78]",/Users/huhu/Documents/Code/bishe/vrb/vrbreproduction/outputs/100subaction-e8/experiments/E8/pipeline_outputs/subaction_14_P01_109_14/candidate_00_frame_001258_right/label_heatmap_merged.npy,/Users/huhu/Documents/Code/bishe/vrb/vrbreproduction/outputs/100subaction-e8/experiments/E8/pipeline_outputs/subaction_14_P01_109_14/candidate_00_frame_001258_right/label_heatmap_merged.png,/Users/huhu/Documents/Code/bishe/vrb/vrbreproduction/outputs/100subaction-e8/experiments/E8/pipeline_outputs/subaction_14_P01_109_14/candidate_00_frame_001258_right/mask_projection_overlay.png,"(256, 456)",isotropic_e7,True,False
E8,14,P01_109_14,put beer into drawer,put-into,beer,"['beer', 'drawer']",1230,1283,1229.0,1282.0,1.0,1259.0,right,new_contact_episode,71,12,139,"[312.0, 123.0, 385.0, 252.0]",3.4240922949447428,grabcut_fallback,bbox_fallback,fallback_lk,cotracker_weighted_affine,True,0.9722222222222223,36,36,31,0.8611111111111112,1.0283901691436768,5,0.0,9636.0,success,361,0.4161993224435197,,1257.0,pre_contact_gap_tracked_reference,2.0,cotracker_weighted_affine,success,5,0.0,0.0,,,,,,,success,keep,,5.902981628259023,/Users/huhu/Documents/Code/bishe/vrb/vrbreproduction/outputs/100subaction-e8/experiments/E8/pipeline_outputs/subaction_14_P01_109_14/candidate_01_frame_001259_right,/Users/huhu/Documents/Code/bishe/vrb/vrbreproduction/outputs/100subaction-e8/experiments/E8/pipeline_outputs/subaction_14_P01_109_14/candidate_01_frame_001259_right,/Users/huhu/Documents/Code/bishe/vrb/vrbreproduction/outputs/100subaction-e8/experiments/E8/pipeline_outputs/subaction_14_P01_109_14/candidate_01_frame_001259_right/reference_frame.png,/Users/huhu/Documents/Code/bishe/vrb/vrbreproduction/outputs/100subaction-e8/experiments/E8/pipeline_outputs/subaction_14_P01_109_14/candidate_01_frame_001259_right/label_heatmap_merged_overlay.png,/Users/huhu/Documents/Code/bishe/vrb/vrbreproduction/outputs/100subaction-e8/experiments/E8/pipeline_outputs/subaction_14_P01_109_14/candidate_01_frame_001259_right/vrb_style_affordance.png,6.0,0.0,"[311.89, 122.18, 385.49, 253.86]",/Users/huhu/Documents/Code/bishe/vrb/vrbreproduction/outputs/100subaction-e8/experiments/E8/pipeline_outputs/subaction_14_P01_109_14/candidate_01_frame_001259_right/label_heatmap_merged.npy,/Users/huhu/Documents/Code/bishe/vrb/vrbreproduction/outputs/100subaction-e8/experiments/E8/pipeline_outputs/subaction_14_P01_109_14/candidate_01_frame_001259_right/label_heatmap_merged.png,/Users/huhu/Documents/Code/bishe/vrb/vrbreproduction/outputs/100subaction-e8/experiments/E8/pipeline_outputs/subaction_14_P01_109_14/candidate_01_frame_001259_right/mask_projection_overlay.png,"(256, 456)",isotropic_e7,True,True
E8,14,P01_109_14,put beer into drawer,put-into,beer,"['beer', 'drawer']",1230,1283,1229.0,1282.0,2.0,1260.0,right,new_contact_episode,71,12,142,"[311.0, 124.0, 386.0, 251.0]",3.437499432203401,,,,,True,,0,0,0,,,0,,,not_run,0,0.0,,,,,,not_run,0,,,,,,,,,not_run,discard,gmm_failed:ValueError,,/Users/huhu/Documents/Code/bishe/vrb/vrbreproduction/outputs/100subaction-e8/experiments/E8/pipeline_outputs/subaction_14_P01_109_14/candidate_02_frame_001260_right,,,,,,,,,,,,,,False
E8,14,P01_109_14,put beer into drawer,put-into,beer,"['beer', 'drawer']",1230,1283,1229.0,1282.0,3.0,1260.0,left,new_contact_episode,71,12,27,"[247.0, 1.0, 409.0, 43.0]",2.2755994340289303,grabcut_fallback,bbox_fallback,fallback_lk,cotracker_weighted_affine,True,1.0,36,36,36,1.0,0.16971060633659363,5,0.0,6804.0,success,361,0.4161993224435197,,1259.0,earliest_reliable_tracked_reference_no_pre_gap,1.0,cotracker_weighted_affine,success,5,0.0,0.16213333333333332,,,,,,,success,keep,,5.764208681809902,/Users/huhu/Documents/Code/bishe/vrb/vrbreproduction/outputs/100subaction-e8/experiments/E8/pipeline_outputs/subaction_14_P01_109_14/candidate_03_frame_001260_left,/Users/huhu/Documents/Code/bishe/vrb/vrbreproduction/outputs/100subaction-e8/experiments/E8/pipeline_outputs/subaction_14_P01_109_14/candidate_03_frame_001260_left,/Users/huhu/Documents/Code/bishe/vrb/vrbreproduction/outputs/100subaction-e8/experiments/E8/pipeline_outputs/subaction_14_P01_109_14/candidate_03_frame_001260_left/reference_frame.png,/Users/huhu/Documents/Code/bishe/vrb/vrbreproduction/outputs/100subaction-e8/experiments/E8/pipeline_outputs/subaction_14_P01_109_14/candidate_03_frame_001260_left/label_heatmap_merged_overlay.png,/Users/huhu/Documents/Code/bishe/vrb/vrbreproduction/outputs/100subaction-e8/experiments/E8/pipeline_outputs/subaction_14_P01_109_14/candidate_03_frame_001260_left/vrb_style_affordance.png,6.0,0.0,"[246.41, 0.0, 408.33, 42.46]",/Users/huhu/Documents/Code/bishe/vrb/vrbreproduction/outputs/100subaction-e8/experiments/E8/pipeline_outputs/subaction_14_P01_109_14/candidate_03_frame_001260_left/label_heatmap_merged.npy,/Users/huhu/Documents/Code/bishe/vrb/vrbreproduction/outputs/100subaction-e8/experiments/E8/pipeline_outputs/subaction_14_P01_109_14/candidate_03_frame_001260_left/label_heatmap_merged.png,/Users/huhu/Documents/Code/bishe/vrb/vrbreproduction/outputs/100subaction-e8/experiments/E8/pipeline_outputs/subaction_14_P01_109_14/candidate_03_frame_001260_left/mask_projection_overlay.png,"(256, 456)",isotropic_e7,True,False
E8,14,P01_109_14,put beer into drawer,put-into,beer,"['beer', 'drawer']",1230,1283,1229.0,1282.0,4.0,1261.0,left,new_contact_episode,71,12,30,"[232.0, 1.0, 432.0, 47.0]",2.4474081485369457,grabcut_fallback,bbox_fallback,fallback_lk,cotracker_weighted_affine,True,0.9299999999999999,36,36,36,1.0,0.16476358473300934,4,0.0,7568.0,success,361,0.4161993224435197,,1260.0,earliest_reliable_tracked_reference_no_pre_gap,1.0,cotracker_weighted_affine,success,4,0.0,0.15666666666666668,,,,,,,success,keep,,5.414057092458008,/Users/huhu/Documents/Code/bishe/vrb/vrbreproduction/outputs/100subaction-e8/experiments/E8/pipeline_outputs/subaction_14_P01_109_14/candidate_04_frame_001261_left,/Users/huhu/Documents/Code/bishe/vrb/vrbreproduction/outputs/100subaction-e8/experiments/E8/pipeline_outputs/subaction_14_P01_109_14/candidate_04_frame_001261_left,/Users/huhu/Documents/Code/bishe/vrb/vrbreproduction/outputs/100subaction-e8/experiments/E8/pipeline_outputs/subaction_14_P01_109_14/candidate_04_frame_001261_left/reference_frame.png,/Users/huhu/Documents/Code/bishe/vrb/vrbreproduction/outputs/100subaction-e8/experiments/E8/pipeline_outputs/subaction_14_P01_109_14/candidate_04_frame_001261_left/label_heatmap_merged_overlay.png,/Users/huhu/Documents/Code/bishe/vrb/vrbreproduction/outputs/100subaction-e8/experiments/E8/pipeline_outputs/subaction_14_P01_109_14/candidate_04_frame_001261_left/vrb_style_affordance.png,6.0,0.0,"[241.49, 0.65, 416.86, 44.19]",/Users/huhu/Documents/Code/bishe/vrb/vrbreproduction/outputs/100subaction-e8/experiments/E8/pipeline_outputs/subaction_14_P01_109_14/candidate_04_frame_001261_left/label_heatmap_merged.npy,/Users/huhu/Documents/Code/bishe/vrb/vrbreproduction/outputs/100subaction-e8/experiments/E8/pipeline_outputs/subaction_14_P01_109_14/candidate_04_frame_001261_left/label_heatmap_merged.png,/Users/huhu/Documents/Code/bishe/vrb/vrbreproduction/outputs/100subaction-e8/experiments/E8/pipeline_outputs/subaction_14_P01_109_14/candidate_04_frame_001261_left/mask_projection_overlay.png,"(256, 456)",isotropic_e7,True,True
E8,14,P01_109_14,put beer into drawer,put-into,beer,"['beer', 'drawer']",1230,1283,1229.0,1282.0,5.0,1262.0,left,new_contact_episode,71,12,34,"[246.0, 0.0, 415.0, 43.0]",2.3991844146317045,grabcut_fallback,bbox_fallback,fallback_lk,cotracker_weighted_affine,True,0.9299999999999999,36,36,36,1.0,0.22913095355033875,4,0.0,8316.0,success,361,0.4161993224435197,,1261.0,earliest_reliable_tracked_reference_no_pre_gap,1.0,cotracker_weighted_affine,success,4,0.0,0.16213333333333332,,,,,,,success,keep,,5.403926071393489,/Users/huhu/Documents/Code/bishe/vrb/vrbreproduction/outputs/100subaction-e8/experiments/E8/pipeline_outputs/subaction_14_P01_109_14/candidate_05_frame_001262_left,/Users/huhu/Documents/Code/bishe/vrb/vrbreproduction/outputs/100subaction-e8/experiments/E8/pipeline_outputs/subaction_14_P01_109_14/candidate_05_frame_001262_left,/Users/huhu/Documents/Code/bishe/vrb/vrbreproduction/outputs/100subaction-e8/experiments/E8/pipeline_outputs/subaction_14_P01_109_14/candidate_05_frame_001262_left/reference_frame.png,/Users/huhu/Documents/Code/bishe/vrb/vrbreproduction/outputs/100subaction-e8/experiments/E8/pipeline_outputs/subaction_14_P01_109_14/candidate_05_frame_001262_left/label_heatmap_merged_overlay.png,/Users/huhu/Documents/Code/bishe/vrb/vrbreproduction/outputs/100subaction-e8/experiments/E8/pipeline_outputs/subaction_14_P01_109_14/candidate_05_frame_001262_left/vrb_style_affordance.png,6.0,0.0,"[236.61, 0.65, 425.8, 45.18]",/Users/huhu/Documents/Code/bishe/vrb/vrbreproduction/outputs/100subaction-e8/experiments/E8/pipeline_outputs/subaction_14_P01_109_14/candidate_05_frame_001262_left/label_heatmap_merged.npy,/Users/huhu/Documents/Code/bishe/vrb/vrbreproduction/outputs/100subaction-e8/experiments/E8/pipeline_outputs/subaction_14_P01_109_14/candidate_05_frame_001262_left/label_heatmap_merged.png,/Users/huhu/Documents/Code/bishe/vrb/vrbreproduction/outputs/100subaction-e8/experiments/E8/pipeline_outputs/subaction_14_P01_109_14/candidate_05_frame_001262_left/mask_projection_overlay.png,"(256, 456)",isotropic_e7,True,False
E8,14,P01_109_14,put beer into drawer,put-into,beer,"['beer', 'drawer']",1230,1283,1229.0,1282.0,6.0,1271.0,left,new_contact_episode,71,12,0,"[321.0, 127.0, 375.0, 250.0]",0.8106374585202234,,,,,True,,0,0,0,,,0,,,not_run,0,0.0,,,,,,not_run,0,,,,,,,,,not_run,discard,contact_points_lt5_after_object_boundary_filter,,/Users/huhu/Documents/Code/bishe/vrb/vrbreproduction/outputs/100subaction-e8/experiments/E8/pipeline_outputs/subaction_14_P01_109_14/candidate_06_frame_001271_left,,,,,,,,,,,,,,False
E8,14,P01_109_14,put beer into drawer,put-into,beer,"['beer', 'drawer']",1230,1283,1229.0,1282.0,7.0,1272.0,left,new_contact_episode,71,12,0,"[320.0, 118.0, 373.0, 250.0]",0.8231892057032717,,,,,True,,0,0,0,,,0,,,not_run,0,0.0,,,,,,not_run,0,,,,,,,,,not_run,discard,contact_points_lt5_after_object_boundary_filter,,/Users/huhu/Documents/Code/bishe/vrb/vrbreproduction/outputs/100subaction-e8/experiments/E8/pipeline_outputs/subaction_14_P01_109_14/candidate_07_frame_001272_left,,,,,,,,,,,,,,False
E8,14,P01_109_14,put beer into drawer,put-into,beer,"['beer', 'drawer']",1230,1283,1229.0,1282.0,8.0,1273.0,left,new_contact_episode,71,12,0,"[318.0, 115.0, 372.0, 249.0]",0.8161535691313103,,,,,True,,0,0,0,,,0,,,not_run,0,0.0,,,,,,not_run,0,,,,,,,,,not_run,discard,contact_points_lt5_after_object_boundary_filter,,/Users/huhu/Documents/Code/bishe/vrb/vrbreproduction/outputs/100subaction-e8/experiments/E8/pipeline_outputs/subaction_14_P01_109_14/candidate_08_frame_001273_left,,,,,,,,,,,,,,False
E8,14,P01_109_14,put beer into drawer,put-into,beer,"['beer', 'drawer']",1230,1283,1229.0,1282.0,9.0,1271.0,right,new_contact_episode,71,12,172,"[321.0, 127.0, 375.0, 250.0]",3.5769928566426916,grabcut_fallback,bbox_fallback,fallback_lk,cotracker_weighted_affine,True,0.9214285714285715,36,28,17,0.6071428571428571,2.27058482170105,5,0.0,9017.0,success,361,0.4161993224435197,,1269.0,pre_contact_gap_tracked_reference,2.0,cotracker_weighted_affine,success,5,0.0,0.0,,,,,,,success,keep,,5.643739598206112,/Users/huhu/Documents/Code/bishe/vrb/vrbreproduction/outputs/100subaction-e8/experiments/E8/pipeline_outputs/subaction_14_P01_109_14/candidate_09_frame_001271_right,/Users/huhu/Documents/Code/bishe/vrb/vrbreproduction/outputs/100subaction-e8/experiments/E8/pipeline_outputs/subaction_14_P01_109_14/candidate_09_frame_001271_right,/Users/huhu/Documents/Code/bishe/vrb/vrbreproduction/outputs/100subaction-e8/experiments/E8/pipeline_outputs/subaction_14_P01_109_14/candidate_09_frame_001271_right/reference_frame.png,/Users/huhu/Documents/Code/bishe/vrb/vrbreproduction/outputs/100subaction-e8/experiments/E8/pipeline_outputs/subaction_14_P01_109_14/candidate_09_frame_001271_right/label_heatmap_merged_overlay.png,/Users/huhu/Documents/Code/bishe/vrb/vrbreproduction/outputs/100subaction-e8/experiments/E8/pipeline_outputs/subaction_14_P01_109_14/candidate_09_frame_001271_right/vrb_style_affordance.png,6.0,0.0,"[319.33, 129.14, 390.21, 256.0]",/Users/huhu/Documents/Code/bishe/vrb/vrbreproduction/outputs/100subaction-e8/experiments/E8/pipeline_outputs/subaction_14_P01_109_14/candidate_09_frame_001271_right/label_heatmap_merged.npy,/Users/huhu/Documents/Code/bishe/vrb/vrbreproduction/outputs/100subaction-e8/experiments/E8/pipeline_outputs/subaction_14_P01_109_14/candidate_09_frame_001271_right/label_heatmap_merged.png,/Users/huhu/Documents/Code/bishe/vrb/vrbreproduction/outputs/100subaction-e8/experiments/E8/pipeline_outputs/subaction_14_P01_109_14/candidate_09_frame_001271_right/mask_projection_overlay.png,"(256, 456)",isotropic_e7,True,True
E8,14,P01_109_14,put beer into drawer,put-into,beer,"['beer', 'drawer']",1230,1283,1229.0,1282.0,10.0,1272.0,right,new_contact_episode,71,12,167,"[320.0, 118.0, 373.0, 250.0]",3.586346495804048,grabcut_fallback,bbox_fallback,fallback_lk,cotracker_weighted_affine,True,0.91,36,30,27,0.9,1.404921054840088,4,0.0,7625.0,success,361,0.4161993224435197,,1270.0,pre_contact_gap_tracked_reference,2.0,cotracker_weighted_affine,success,4,0.0,0.11822222222222223,,,,,,,success,keep,,5.353519035021464,/Users/huhu/Documents/Code/bishe/vrb/vrbreproduction/outputs/100subaction-e8/experiments/E8/pipeline_outputs/subaction_14_P01_109_14/candidate_10_frame_001272_right,/Users/huhu/Documents/Code/bishe/vrb/vrbreproduction/outputs/100subaction-e8/experiments/E8/pipeline_outputs/subaction_14_P01_109_14/candidate_10_frame_001272_right,/Users/huhu/Documents/Code/bishe/vrb/vrbreproduction/outputs/100subaction-e8/experiments/E8/pipeline_outputs/subaction_14_P01_109_14/candidate_10_frame_001272_right/reference_frame.png,/Users/huhu/Documents/Code/bishe/vrb/vrbreproduction/outputs/100subaction-e8/experiments/E8/pipeline_outputs/subaction_14_P01_109_14/candidate_10_frame_001272_right/label_heatmap_merged_overlay.png,/Users/huhu/Documents/Code/bishe/vrb/vrbreproduction/outputs/100subaction-e8/experiments/E8/pipeline_outputs/subaction_14_P01_109_14/candidate_10_frame_001272_right/vrb_style_affordance.png,6.0,0.0,"[320.61, 127.58, 381.77, 252.75]",/Users/huhu/Documents/Code/bishe/vrb/vrbreproduction/outputs/100subaction-e8/experiments/E8/pipeline_outputs/subaction_14_P01_109_14/candidate_10_frame_001272_right/label_heatmap_merged.npy,/Users/huhu/Documents/Code/bishe/vrb/vrbreproduction/outputs/100subaction-e8/experiments/E8/pipeline_outputs/subaction_14_P01_109_14/candidate_10_frame_001272_right/label_heatmap_merged.png,/Users/huhu/Documents/Code/bishe/vrb/vrbreproduction/outputs/100subaction-e8/experiments/E8/pipeline_outputs/subaction_14_P01_109_14/candidate_10_frame_001272_right/mask_projection_overlay.png,"(256, 456)",isotropic_e7,True,False
E8,14,P01_109_14,put beer into drawer,put-into,beer,"['beer', 'drawer']",1230,1283,1229.0,1282.0,11.0,1273.0,right,new_contact_episode,71,12,189,"[318.0, 115.0, 372.0, 249.0]",3.607235912080072,grabcut_fallback,bbox_fallback,fallback_lk,cotracker_weighted_affine,True,0.7959999999999999,36,25,17,0.68,1.5623525381088257,3,0.0,9144.0,success,361,0.4161993224435197,,1269.0,pre_contact_gap_tracked_reference,4.0,cotracker_weighted_affine,success,3,0.0,0.0,,,,,,,success,keep,,4.927629423856734,/Users/huhu/Documents/Code/bishe/vrb/vrbreproduction/outputs/100subaction-e8/experiments/E8/pipeline_outputs/subaction_14_P01_109_14/candidate_11_frame_001273_right,/Users/huhu/Documents/Code/bishe/vrb/vrbreproduction/outputs/100subaction-e8/experiments/E8/pipeline_outputs/subaction_14_P01_109_14/candidate_11_frame_001273_right,/Users/huhu/Documents/Code/bishe/vrb/vrbreproduction/outputs/100subaction-e8/experiments/E8/pipeline_outputs/subaction_14_P01_109_14/candidate_11_frame_001273_right/reference_frame.png,/Users/huhu/Documents/Code/bishe/vrb/vrbreproduction/outputs/100subaction-e8/experiments/E8/pipeline_outputs/subaction_14_P01_109_14/candidate_11_frame_001273_right/label_heatmap_merged_overlay.png,/Users/huhu/Documents/Code/bishe/vrb/vrbreproduction/outputs/100subaction-e8/experiments/E8/pipeline_outputs/subaction_14_P01_109_14/candidate_11_frame_001273_right/vrb_style_affordance.png,6.0,0.0,"[319.06, 128.52, 391.34, 256.0]",/Users/huhu/Documents/Code/bishe/vrb/vrbreproduction/outputs/100subaction-e8/experiments/E8/pipeline_outputs/subaction_14_P01_109_14/candidate_11_frame_001273_right/label_heatmap_merged.npy,/Users/huhu/Documents/Code/bishe/vrb/vrbreproduction/outputs/100subaction-e8/experiments/E8/pipeline_outputs/subaction_14_P01_109_14/candidate_11_frame_001273_right/label_heatmap_merged.png,/Users/huhu/Documents/Code/bishe/vrb/vrbreproduction/outputs/100subaction-e8/experiments/E8/pipeline_outputs/subaction_14_P01_109_14/candidate_11_frame_001273_right/mask_projection_overlay.png,"(256, 456)",isotropic_e7,True,False
E8,15,P01_109_15,put beer into drawer,put-into,beer,,1298,1335,,,,,,,67,0,0,,,,,,,True,,0,0,0,,,0,,,not_run,0,0.0,,,,,,not_run,0,,,,,,,,,not_run,discard,continuation_contact_run,,,,,,,,,,,,,,,,False
E8,16,P01_109_16,close drawer,close,drawer,['drawer'],1345,1401,1344.0,1400.0,0.0,1345.0,left,new_contact_episode,60,12,101,"[187.0, 2.0, 332.0, 181.0]",3.1458892854115916,grabcut_fallback,bbox_fallback,fallback_lk,cotracker_weighted_affine,True,1.0,36,34,34,1.0,0.4886256456375122,5,0.0,41070.0,success,361,0.4161993224435197,,1344.0,pre_contact_gap_tracked_reference,1.0,cotracker_weighted_affine,success,5,0.0,0.2884,,,,,,,success,keep,,5.596741230630873,/Users/huhu/Documents/Code/bishe/vrb/vrbreproduction/outputs/100subaction-e8/experiments/E8/pipeline_outputs/subaction_16_P01_109_16/candidate_00_frame_001345_left,/Users/huhu/Documents/Code/bishe/vrb/vrbreproduction/outputs/100subaction-e8/experiments/E8/pipeline_outputs/subaction_16_P01_109_16/candidate_00_frame_001345_left,/Users/huhu/Documents/Code/bishe/vrb/vrbreproduction/outputs/100subaction-e8/experiments/E8/pipeline_outputs/subaction_16_P01_109_16/candidate_00_frame_001345_left/reference_frame.png,/Users/huhu/Documents/Code/bishe/vrb/vrbreproduction/outputs/100subaction-e8/experiments/E8/pipeline_outputs/subaction_16_P01_109_16/candidate_00_frame_001345_left/label_heatmap_merged_overlay.png,/Users/huhu/Documents/Code/bishe/vrb/vrbreproduction/outputs/100subaction-e8/experiments/E8/pipeline_outputs/subaction_16_P01_109_16/candidate_00_frame_001345_left/vrb_style_affordance.png,6.0,0.0,"[93.9, 3.28, 315.65, 187.54]",/Users/huhu/Documents/Code/bishe/vrb/vrbreproduction/outputs/100subaction-e8/experiments/E8/pipeline_outputs/subaction_16_P01_109_16/candidate_00_frame_001345_left/label_heatmap_merged.npy,/Users/huhu/Documents/Code/bishe/vrb/vrbreproduction/outputs/100subaction-e8/experiments/E8/pipeline_outputs/subaction_16_P01_109_16/candidate_00_frame_001345_left/label_heatmap_merged.png,/Users/huhu/Documents/Code/bishe/vrb/vrbreproduction/outputs/100subaction-e8/experiments/E8/pipeline_outputs/subaction_16_P01_109_16/candidate_00_frame_001345_left/mask_projection_overlay.png,"(256, 456)",isotropic_e7,True,True
E8,16,P01_109_16,close drawer,close,drawer,['drawer'],1345,1401,1344.0,1400.0,1.0,1346.0,left,new_contact_episode,60,12,84,"[160.0, 2.0, 337.0, 201.0]",3.193468383971781,grabcut_fallback,bbox_fallback,fallback_lk,cotracker_weighted_affine,True,0.9942857142857143,36,35,34,0.9714285714285714,1.0438061952590942,5,0.0,42075.0,success,361,0.4161993224435197,,1344.0,pre_contact_gap_tracked_reference,2.0,cotracker_weighted_affine,success,5,0.0,0.298,,,,,,,success,keep,,5.538257242713656,/Users/huhu/Documents/Code/bishe/vrb/vrbreproduction/outputs/100subaction-e8/experiments/E8/pipeline_outputs/subaction_16_P01_109_16/candidate_01_frame_001346_left,/Users/huhu/Documents/Code/bishe/vrb/vrbreproduction/outputs/100subaction-e8/experiments/E8/pipeline_outputs/subaction_16_P01_109_16/candidate_01_frame_001346_left,/Users/huhu/Documents/Code/bishe/vrb/vrbreproduction/outputs/100subaction-e8/experiments/E8/pipeline_outputs/subaction_16_P01_109_16/candidate_01_frame_001346_left/reference_frame.png,/Users/huhu/Documents/Code/bishe/vrb/vrbreproduction/outputs/100subaction-e8/experiments/E8/pipeline_outputs/subaction_16_P01_109_16/candidate_01_frame_001346_left/label_heatmap_merged_overlay.png,/Users/huhu/Documents/Code/bishe/vrb/vrbreproduction/outputs/100subaction-e8/experiments/E8/pipeline_outputs/subaction_16_P01_109_16/candidate_01_frame_001346_left/vrb_style_affordance.png,6.0,0.0,"[90.62, 3.28, 316.29, 189.95]",/Users/huhu/Documents/Code/bishe/vrb/vrbreproduction/outputs/100subaction-e8/experiments/E8/pipeline_outputs/subaction_16_P01_109_16/candidate_01_frame_001346_left/label_heatmap_merged.npy,/Users/huhu/Documents/Code/bishe/vrb/vrbreproduction/outputs/100subaction-e8/experiments/E8/pipeline_outputs/subaction_16_P01_109_16/candidate_01_frame_001346_left/label_heatmap_merged.png,/Users/huhu/Documents/Code/bishe/vrb/vrbreproduction/outputs/100subaction-e8/experiments/E8/pipeline_outputs/subaction_16_P01_109_16/candidate_01_frame_001346_left/mask_projection_overlay.png,"(256, 456)",isotropic_e7,True,False
E8,16,P01_109_16,close drawer,close,drawer,['drawer'],1345,1401,1344.0,1400.0,2.0,1347.0,left,new_contact_episode,60,12,106,"[177.0, 1.0, 339.0, 194.0]",3.2837420315952754,grabcut_fallback,bbox_fallback,fallback_lk,cotracker_weighted_affine,True,0.9875,36,32,30,0.9375,1.440563678741455,5,0.0,42075.0,success,361,0.4161993224435197,,1344.0,pre_contact_gap_tracked_reference,3.0,cotracker_weighted_affine,success,5,0.0,0.282,,,,,,,success,keep,,5.5189080896377565,/Users/huhu/Documents/Code/bishe/vrb/vrbreproduction/outputs/100subaction-e8/experiments/E8/pipeline_outputs/subaction_16_P01_109_16/candidate_02_frame_001347_left,/Users/huhu/Documents/Code/bishe/vrb/vrbreproduction/outputs/100subaction-e8/experiments/E8/pipeline_outputs/subaction_16_P01_109_16/candidate_02_frame_001347_left,/Users/huhu/Documents/Code/bishe/vrb/vrbreproduction/outputs/100subaction-e8/experiments/E8/pipeline_outputs/subaction_16_P01_109_16/candidate_02_frame_001347_left/reference_frame.png,/Users/huhu/Documents/Code/bishe/vrb/vrbreproduction/outputs/100subaction-e8/experiments/E8/pipeline_outputs/subaction_16_P01_109_16/candidate_02_frame_001347_left/label_heatmap_merged_overlay.png,/Users/huhu/Documents/Code/bishe/vrb/vrbreproduction/outputs/100subaction-e8/experiments/E8/pipeline_outputs/subaction_16_P01_109_16/candidate_02_frame_001347_left/vrb_style_affordance.png,6.0,0.0,"[91.3, 3.23, 316.38, 189.71]",/Users/huhu/Documents/Code/bishe/vrb/vrbreproduction/outputs/100subaction-e8/experiments/E8/pipeline_outputs/subaction_16_P01_109_16/candidate_02_frame_001347_left/label_heatmap_merged.npy,/Users/huhu/Documents/Code/bishe/vrb/vrbreproduction/outputs/100subaction-e8/experiments/E8/pipeline_outputs/subaction_16_P01_109_16/candidate_02_frame_001347_left/label_heatmap_merged.png,/Users/huhu/Documents/Code/bishe/vrb/vrbreproduction/outputs/100subaction-e8/experiments/E8/pipeline_outputs/subaction_16_P01_109_16/candidate_02_frame_001347_left/mask_projection_overlay.png,"(256, 456)",isotropic_e7,True,False
E8,16,P01_109_16,close drawer,close,drawer,['drawer'],1345,1401,1344.0,1400.0,3.0,1345.0,right,new_contact_episode,60,12,0,"[187.0, 2.0, 332.0, 181.0]",1.0102072991901239,,,,,True,,0,0,0,,,0,,,not_run,0,0.0,,,,,,not_run,0,,,,,,,,,not_run,discard,contact_points_lt5_after_object_boundary_filter,,/Users/huhu/Documents/Code/bishe/vrb/vrbreproduction/outputs/100subaction-e8/experiments/E8/pipeline_outputs/subaction_16_P01_109_16/candidate_03_frame_001345_right,,,,,,,,,,,,,,False
E8,16,P01_109_16,close drawer,close,drawer,['drawer'],1345,1401,1344.0,1400.0,4.0,1346.0,right,new_contact_episode,60,12,87,"[160.0, 2.0, 337.0, 201.0]",2.5409308131944166,grabcut_fallback,bbox_fallback,fallback_lk,cotracker_weighted_affine,True,0.9942857142857143,36,35,34,0.9714285714285714,1.057367205619812,5,0.0,42075.0,success,361,0.4161993224435197,,1344.0,pre_contact_gap_tracked_reference,2.0,cotracker_weighted_affine,success,5,0.0,0.298,,,,,,,success,keep,,5.537850412402834,/Users/huhu/Documents/Code/bishe/vrb/vrbreproduction/outputs/100subaction-e8/experiments/E8/pipeline_outputs/subaction_16_P01_109_16/candidate_04_frame_001346_right,/Users/huhu/Documents/Code/bishe/vrb/vrbreproduction/outputs/100subaction-e8/experiments/E8/pipeline_outputs/subaction_16_P01_109_16/candidate_04_frame_001346_right,/Users/huhu/Documents/Code/bishe/vrb/vrbreproduction/outputs/100subaction-e8/experiments/E8/pipeline_outputs/subaction_16_P01_109_16/candidate_04_frame_001346_right/reference_frame.png,/Users/huhu/Documents/Code/bishe/vrb/vrbreproduction/outputs/100subaction-e8/experiments/E8/pipeline_outputs/subaction_16_P01_109_16/candidate_04_frame_001346_right/label_heatmap_merged_overlay.png,/Users/huhu/Documents/Code/bishe/vrb/vrbreproduction/outputs/100subaction-e8/experiments/E8/pipeline_outputs/subaction_16_P01_109_16/candidate_04_frame_001346_right/vrb_style_affordance.png,6.0,0.0,"[90.62, 3.28, 316.29, 189.95]",/Users/huhu/Documents/Code/bishe/vrb/vrbreproduction/outputs/100subaction-e8/experiments/E8/pipeline_outputs/subaction_16_P01_109_16/candidate_04_frame_001346_right/label_heatmap_merged.npy,/Users/huhu/Documents/Code/bishe/vrb/vrbreproduction/outputs/100subaction-e8/experiments/E8/pipeline_outputs/subaction_16_P01_109_16/candidate_04_frame_001346_right/label_heatmap_merged.png,/Users/huhu/Documents/Code/bishe/vrb/vrbreproduction/outputs/100subaction-e8/experiments/E8/pipeline_outputs/subaction_16_P01_109_16/candidate_04_frame_001346_right/mask_projection_overlay.png,"(256, 456)",isotropic_e7,True,False
E8,16,P01_109_16,close drawer,close,drawer,['drawer'],1345,1401,1344.0,1400.0,5.0,1352.0,right,new_contact_episode,60,12,140,"[198.0, 1.0, 347.0, 191.0]",2.72603298673095,grabcut_fallback,bbox_fallback,fallback_lk,cotracker_weighted_affine,True,1.0,36,36,36,1.0,0.4136890172958374,5,0.0,25900.0,success,361,0.4161993224435197,,1351.0,earliest_reliable_tracked_reference_no_pre_gap,1.0,cotracker_weighted_affine,success,5,0.0,0.3109777777777778,,,,,,,success,keep,,5.565122662814457,/Users/huhu/Documents/Code/bishe/vrb/vrbreproduction/outputs/100subaction-e8/experiments/E8/pipeline_outputs/subaction_16_P01_109_16/candidate_05_frame_001352_right,/Users/huhu/Documents/Code/bishe/vrb/vrbreproduction/outputs/100subaction-e8/experiments/E8/pipeline_outputs/subaction_16_P01_109_16/candidate_05_frame_001352_right,/Users/huhu/Documents/Code/bishe/vrb/vrbreproduction/outputs/100subaction-e8/experiments/E8/pipeline_outputs/subaction_16_P01_109_16/candidate_05_frame_001352_right/reference_frame.png,/Users/huhu/Documents/Code/bishe/vrb/vrbreproduction/outputs/100subaction-e8/experiments/E8/pipeline_outputs/subaction_16_P01_109_16/candidate_05_frame_001352_right/label_heatmap_merged_overlay.png,/Users/huhu/Documents/Code/bishe/vrb/vrbreproduction/outputs/100subaction-e8/experiments/E8/pipeline_outputs/subaction_16_P01_109_16/candidate_05_frame_001352_right/vrb_style_affordance.png,6.0,0.0,"[199.05, 2.61, 339.08, 187.53]",/Users/huhu/Documents/Code/bishe/vrb/vrbreproduction/outputs/100subaction-e8/experiments/E8/pipeline_outputs/subaction_16_P01_109_16/candidate_05_frame_001352_right/label_heatmap_merged.npy,/Users/huhu/Documents/Code/bishe/vrb/vrbreproduction/outputs/100subaction-e8/experiments/E8/pipeline_outputs/subaction_16_P01_109_16/candidate_05_frame_001352_right/label_heatmap_merged.png,/Users/huhu/Documents/Code/bishe/vrb/vrbreproduction/outputs/100subaction-e8/experiments/E8/pipeline_outputs/subaction_16_P01_109_16/candidate_05_frame_001352_right/mask_projection_overlay.png,"(256, 456)",isotropic_e7,True,False
E8,16,P01_109_16,close drawer,close,drawer,['drawer'],1345,1401,1344.0,1400.0,6.0,1353.0,right,new_contact_episode,60,12,167,"[198.0, 1.0, 345.0, 186.0]",2.73325915195991,grabcut_fallback,bbox_fallback,fallback_lk,cotracker_weighted_affine,True,1.0,36,36,36,1.0,0.728125810623169,5,0.0,27972.0,success,361,0.4161993224435197,,1352.0,earliest_reliable_tracked_reference_no_pre_gap,1.0,cotracker_weighted_affine,success,5,0.0,0.2938222222222222,,,,,,,success,keep,,5.5814228923479705,/Users/huhu/Documents/Code/bishe/vrb/vrbreproduction/outputs/100subaction-e8/experiments/E8/pipeline_outputs/subaction_16_P01_109_16/candidate_06_frame_001353_right,/Users/huhu/Documents/Code/bishe/vrb/vrbreproduction/outputs/100subaction-e8/experiments/E8/pipeline_outputs/subaction_16_P01_109_16/candidate_06_frame_001353_right,/Users/huhu/Documents/Code/bishe/vrb/vrbreproduction/outputs/100subaction-e8/experiments/E8/pipeline_outputs/subaction_16_P01_109_16/candidate_06_frame_001353_right/reference_frame.png,/Users/huhu/Documents/Code/bishe/vrb/vrbreproduction/outputs/100subaction-e8/experiments/E8/pipeline_outputs/subaction_16_P01_109_16/candidate_06_frame_001353_right/label_heatmap_merged_overlay.png,/Users/huhu/Documents/Code/bishe/vrb/vrbreproduction/outputs/100subaction-e8/experiments/E8/pipeline_outputs/subaction_16_P01_109_16/candidate_06_frame_001353_right/vrb_style_affordance.png,6.0,0.0,"[197.72, 1.41, 346.06, 189.71]",/Users/huhu/Documents/Code/bishe/vrb/vrbreproduction/outputs/100subaction-e8/experiments/E8/pipeline_outputs/subaction_16_P01_109_16/candidate_06_frame_001353_right/label_heatmap_merged.npy,/Users/huhu/Documents/Code/bishe/vrb/vrbreproduction/outputs/100subaction-e8/experiments/E8/pipeline_outputs/subaction_16_P01_109_16/candidate_06_frame_001353_right/label_heatmap_merged.png,/Users/huhu/Documents/Code/bishe/vrb/vrbreproduction/outputs/100subaction-e8/experiments/E8/pipeline_outputs/subaction_16_P01_109_16/candidate_06_frame_001353_right/mask_projection_overlay.png,"(256, 456)",isotropic_e7,True,True
E8,16,P01_109_16,close drawer,close,drawer,['drawer'],1345,1401,1344.0,1400.0,7.0,1354.0,right,new_contact_episode,60,12,148,"[199.0, 5.0, 347.0, 178.0]",2.6605858046886253,grabcut_fallback,bbox_fallback,fallback_lk,cotracker_weighted_affine,True,1.0,36,36,36,1.0,1.0181446075439453,5,0.0,26607.0,success,361,0.4161993224435197,,1353.0,earliest_reliable_tracked_reference_no_pre_gap,1.0,cotracker_weighted_affine,success,5,0.0,0.3091555555555556,,,,,,,success,keep,,5.549722328440347,/Users/huhu/Documents/Code/bishe/vrb/vrbreproduction/outputs/100subaction-e8/experiments/E8/pipeline_outputs/subaction_16_P01_109_16/candidate_07_frame_001354_right,/Users/huhu/Documents/Code/bishe/vrb/vrbreproduction/outputs/100subaction-e8/experiments/E8/pipeline_outputs/subaction_16_P01_109_16/candidate_07_frame_001354_right,/Users/huhu/Documents/Code/bishe/vrb/vrbreproduction/outputs/100subaction-e8/experiments/E8/pipeline_outputs/subaction_16_P01_109_16/candidate_07_frame_001354_right/reference_frame.png,/Users/huhu/Documents/Code/bishe/vrb/vrbreproduction/outputs/100subaction-e8/experiments/E8/pipeline_outputs/subaction_16_P01_109_16/candidate_07_frame_001354_right/label_heatmap_merged_overlay.png,/Users/huhu/Documents/Code/bishe/vrb/vrbreproduction/outputs/100subaction-e8/experiments/E8/pipeline_outputs/subaction_16_P01_109_16/candidate_07_frame_001354_right/vrb_style_affordance.png,6.0,0.0,"[197.95, 2.9, 345.29, 183.67]",/Users/huhu/Documents/Code/bishe/vrb/vrbreproduction/outputs/100subaction-e8/experiments/E8/pipeline_outputs/subaction_16_P01_109_16/candidate_07_frame_001354_right/label_heatmap_merged.npy,/Users/huhu/Documents/Code/bishe/vrb/vrbreproduction/outputs/100subaction-e8/experiments/E8/pipeline_outputs/subaction_16_P01_109_16/candidate_07_frame_001354_right/label_heatmap_merged.png,/Users/huhu/Documents/Code/bishe/vrb/vrbreproduction/outputs/100subaction-e8/experiments/E8/pipeline_outputs/subaction_16_P01_109_16/candidate_07_frame_001354_right/mask_projection_overlay.png,"(256, 456)",isotropic_e7,True,False
E8,16,P01_109_16,close drawer,close,drawer,['drawer'],1345,1401,1344.0,1400.0,8.0,1354.0,left,new_contact_episode,60,12,105,"[199.0, 5.0, 347.0, 178.0]",3.2749391893270867,grabcut_fallback,bbox_fallback,fallback_lk,cotracker_weighted_affine,True,1.0,36,36,36,1.0,0.9094687700271606,5,0.0,26607.0,success,361,0.4161993224435197,,1353.0,earliest_reliable_tracked_reference_no_pre_gap,1.0,cotracker_weighted_affine,success,5,0.0,0.31662222222222225,,,,,,,success,keep,,5.54178260356585,/Users/huhu/Documents/Code/bishe/vrb/vrbreproduction/outputs/100subaction-e8/experiments/E8/pipeline_outputs/subaction_16_P01_109_16/candidate_08_frame_001354_left,/Users/huhu/Documents/Code/bishe/vrb/vrbreproduction/outputs/100subaction-e8/experiments/E8/pipeline_outputs/subaction_16_P01_109_16/candidate_08_frame_001354_left,/Users/huhu/Documents/Code/bishe/vrb/vrbreproduction/outputs/100subaction-e8/experiments/E8/pipeline_outputs/subaction_16_P01_109_16/candidate_08_frame_001354_left/reference_frame.png,/Users/huhu/Documents/Code/bishe/vrb/vrbreproduction/outputs/100subaction-e8/experiments/E8/pipeline_outputs/subaction_16_P01_109_16/candidate_08_frame_001354_left/label_heatmap_merged_overlay.png,/Users/huhu/Documents/Code/bishe/vrb/vrbreproduction/outputs/100subaction-e8/experiments/E8/pipeline_outputs/subaction_16_P01_109_16/candidate_08_frame_001354_left/vrb_style_affordance.png,6.0,0.0,"[197.95, 2.9, 345.29, 183.67]",/Users/huhu/Documents/Code/bishe/vrb/vrbreproduction/outputs/100subaction-e8/experiments/E8/pipeline_outputs/subaction_16_P01_109_16/candidate_08_frame_001354_left/label_heatmap_merged.npy,/Users/huhu/Documents/Code/bishe/vrb/vrbreproduction/outputs/100subaction-e8/experiments/E8/pipeline_outputs/subaction_16_P01_109_16/candidate_08_frame_001354_left/label_heatmap_merged.png,/Users/huhu/Documents/Code/bishe/vrb/vrbreproduction/outputs/100subaction-e8/experiments/E8/pipeline_outputs/subaction_16_P01_109_16/candidate_08_frame_001354_left/mask_projection_overlay.png,"(256, 456)",isotropic_e7,True,False
E8,16,P01_109_16,close drawer,close,drawer,['drawer'],1345,1401,1344.0,1400.0,9.0,1357.0,left,new_contact_episode,60,12,39,"[184.0, 4.0, 344.0, 226.0]",3.326764765789858,grabcut_fallback,bbox_fallback,fallback_lk,cotracker_weighted_affine,True,0.9944444444444445,36,36,35,0.9722222222222222,1.7276320457458496,5,0.0,25650.0,success,361,0.4161993224435197,,1356.0,pre_contact_gap_tracked_reference,1.0,cotracker_weighted_affine,success,5,0.0,0.29844444444444446,,,,,,,success,keep,,5.523671038627623,/Users/huhu/Documents/Code/bishe/vrb/vrbreproduction/outputs/100subaction-e8/experiments/E8/pipeline_outputs/subaction_16_P01_109_16/candidate_09_frame_001357_left,/Users/huhu/Documents/Code/bishe/vrb/vrbreproduction/outputs/100subaction-e8/experiments/E8/pipeline_outputs/subaction_16_P01_109_16/candidate_09_frame_001357_left,/Users/huhu/Documents/Code/bishe/vrb/vrbreproduction/outputs/100subaction-e8/experiments/E8/pipeline_outputs/subaction_16_P01_109_16/candidate_09_frame_001357_left/reference_frame.png,/Users/huhu/Documents/Code/bishe/vrb/vrbreproduction/outputs/100subaction-e8/experiments/E8/pipeline_outputs/subaction_16_P01_109_16/candidate_09_frame_001357_left/label_heatmap_merged_overlay.png,/Users/huhu/Documents/Code/bishe/vrb/vrbreproduction/outputs/100subaction-e8/experiments/E8/pipeline_outputs/subaction_16_P01_109_16/candidate_09_frame_001357_left/vrb_style_affordance.png,6.0,0.0,"[199.78, 3.8, 335.08, 193.81]",/Users/huhu/Documents/Code/bishe/vrb/vrbreproduction/outputs/100subaction-e8/experiments/E8/pipeline_outputs/subaction_16_P01_109_16/candidate_09_frame_001357_left/label_heatmap_merged.npy,/Users/huhu/Documents/Code/bishe/vrb/vrbreproduction/outputs/100subaction-e8/experiments/E8/pipeline_outputs/subaction_16_P01_109_16/candidate_09_frame_001357_left/label_heatmap_merged.png,/Users/huhu/Documents/Code/bishe/vrb/vrbreproduction/outputs/100subaction-e8/experiments/E8/pipeline_outputs/subaction_16_P01_109_16/candidate_09_frame_001357_left/mask_projection_overlay.png,"(256, 456)",isotropic_e7,True,True
E8,16,P01_109_16,close drawer,close,drawer,['drawer'],1345,1401,1344.0,1400.0,10.0,1357.0,right,new_contact_episode,60,12,156,"[184.0, 4.0, 344.0, 226.0]",2.827387883153919,grabcut_fallback,bbox_fallback,fallback_lk,cotracker_weighted_affine,True,0.9555555555555556,36,36,28,0.7777777777777778,1.3380603790283203,5,0.0,25650.0,success,361,0.4161993224435197,,1356.0,pre_contact_gap_tracked_reference,1.0,cotracker_weighted_affine,success,5,0.0,0.30662222222222224,,,,,,,success,keep,,5.377258188629149,/Users/huhu/Documents/Code/bishe/vrb/vrbreproduction/outputs/100subaction-e8/experiments/E8/pipeline_outputs/subaction_16_P01_109_16/candidate_10_frame_001357_right,/Users/huhu/Documents/Code/bishe/vrb/vrbreproduction/outputs/100subaction-e8/experiments/E8/pipeline_outputs/subaction_16_P01_109_16/candidate_10_frame_001357_right,/Users/huhu/Documents/Code/bishe/vrb/vrbreproduction/outputs/100subaction-e8/experiments/E8/pipeline_outputs/subaction_16_P01_109_16/candidate_10_frame_001357_right/reference_frame.png,/Users/huhu/Documents/Code/bishe/vrb/vrbreproduction/outputs/100subaction-e8/experiments/E8/pipeline_outputs/subaction_16_P01_109_16/candidate_10_frame_001357_right/label_heatmap_merged_overlay.png,/Users/huhu/Documents/Code/bishe/vrb/vrbreproduction/outputs/100subaction-e8/experiments/E8/pipeline_outputs/subaction_16_P01_109_16/candidate_10_frame_001357_right/vrb_style_affordance.png,6.0,0.0,"[199.78, 3.8, 335.08, 193.81]",/Users/huhu/Documents/Code/bishe/vrb/vrbreproduction/outputs/100subaction-e8/experiments/E8/pipeline_outputs/subaction_16_P01_109_16/candidate_10_frame_001357_right/label_heatmap_merged.npy,/Users/huhu/Documents/Code/bishe/vrb/vrbreproduction/outputs/100subaction-e8/experiments/E8/pipeline_outputs/subaction_16_P01_109_16/candidate_10_frame_001357_right/label_heatmap_merged.png,/Users/huhu/Documents/Code/bishe/vrb/vrbreproduction/outputs/100subaction-e8/experiments/E8/pipeline_outputs/subaction_16_P01_109_16/candidate_10_frame_001357_right/mask_projection_overlay.png,"(256, 456)",isotropic_e7,True,False
E8,16,P01_109_16,close drawer,close,drawer,['drawer'],1345,1401,1344.0,1400.0,11.0,1358.0,right,new_contact_episode,60,12,140,"[217.0, 7.0, 339.0, 168.0]",2.7786163758841416,grabcut_fallback,bbox_fallback,fallback_lk,cotracker_weighted_affine,True,0.9352941176470588,36,34,23,0.6764705882352942,0.7373495697975159,5,0.0,31603.0,success,361,0.4161993224435197,,1355.0,pre_contact_gap_tracked_reference,3.0,cotracker_weighted_affine,success,5,0.0,0.31346666666666667,,,,,,,success,keep,,5.297032454082545,/Users/huhu/Documents/Code/bishe/vrb/vrbreproduction/outputs/100subaction-e8/experiments/E8/pipeline_outputs/subaction_16_P01_109_16/candidate_11_frame_001358_right,/Users/huhu/Documents/Code/bishe/vrb/vrbreproduction/outputs/100subaction-e8/experiments/E8/pipeline_outputs/subaction_16_P01_109_16/candidate_11_frame_001358_right,/Users/huhu/Documents/Code/bishe/vrb/vrbreproduction/outputs/100subaction-e8/experiments/E8/pipeline_outputs/subaction_16_P01_109_16/candidate_11_frame_001358_right/reference_frame.png,/Users/huhu/Documents/Code/bishe/vrb/vrbreproduction/outputs/100subaction-e8/experiments/E8/pipeline_outputs/subaction_16_P01_109_16/candidate_11_frame_001358_right/label_heatmap_merged_overlay.png,/Users/huhu/Documents/Code/bishe/vrb/vrbreproduction/outputs/100subaction-e8/experiments/E8/pipeline_outputs/subaction_16_P01_109_16/candidate_11_frame_001358_right/vrb_style_affordance.png,6.0,0.0,"[200.34, 2.83, 369.06, 190.33]",/Users/huhu/Documents/Code/bishe/vrb/vrbreproduction/outputs/100subaction-e8/experiments/E8/pipeline_outputs/subaction_16_P01_109_16/candidate_11_frame_001358_right/label_heatmap_merged.npy,/Users/huhu/Documents/Code/bishe/vrb/vrbreproduction/outputs/100subaction-e8/experiments/E8/pipeline_outputs/subaction_16_P01_109_16/candidate_11_frame_001358_right/label_heatmap_merged.png,/Users/huhu/Documents/Code/bishe/vrb/vrbreproduction/outputs/100subaction-e8/experiments/E8/pipeline_outputs/subaction_16_P01_109_16/candidate_11_frame_001358_right/mask_projection_overlay.png,"(256, 456)",isotropic_e7,True,False
E8,17,P01_109_17,close freezer,close,freezer,['freezer'],1419,1464,1418.0,1463.0,0.0,1422.0,left,new_contact_episode,35,3,121,"[21.0, 5.0, 190.0, 246.0]",2.4206498167674386,grabcut_fallback,bbox_fallback,fallback_lk,cotracker_weighted_affine,True,0.9666666666666668,36,24,20,0.8333333333333334,1.3716322183609009,5,0.0,43740.0,success,361,0.44213657927888206,,1421.0,pre_contact_gap_tracked_reference,1.0,cotracker_weighted_affine,success,5,0.0,0.11,,,,,,,success,keep,,5.712851033449173,/Users/huhu/Documents/Code/bishe/vrb/vrbreproduction/outputs/100subaction-e8/experiments/E8/pipeline_outputs/subaction_17_P01_109_17/candidate_00_frame_001422_left,/Users/huhu/Documents/Code/bishe/vrb/vrbreproduction/outputs/100subaction-e8/experiments/E8/pipeline_outputs/subaction_17_P01_109_17/candidate_00_frame_001422_left,/Users/huhu/Documents/Code/bishe/vrb/vrbreproduction/outputs/100subaction-e8/experiments/E8/pipeline_outputs/subaction_17_P01_109_17/candidate_00_frame_001422_left/reference_frame.png,/Users/huhu/Documents/Code/bishe/vrb/vrbreproduction/outputs/100subaction-e8/experiments/E8/pipeline_outputs/subaction_17_P01_109_17/candidate_00_frame_001422_left/label_heatmap_merged_overlay.png,/Users/huhu/Documents/Code/bishe/vrb/vrbreproduction/outputs/100subaction-e8/experiments/E8/pipeline_outputs/subaction_17_P01_109_17/candidate_00_frame_001422_left/vrb_style_affordance.png,6.0,0.0,"[10.69, 1.66, 191.09, 245.47]",/Users/huhu/Documents/Code/bishe/vrb/vrbreproduction/outputs/100subaction-e8/experiments/E8/pipeline_outputs/subaction_17_P01_109_17/candidate_00_frame_001422_left/label_heatmap_merged.npy,/Users/huhu/Documents/Code/bishe/vrb/vrbreproduction/outputs/100subaction-e8/experiments/E8/pipeline_outputs/subaction_17_P01_109_17/candidate_00_frame_001422_left/label_heatmap_merged.png,/Users/huhu/Documents/Code/bishe/vrb/vrbreproduction/outputs/100subaction-e8/experiments/E8/pipeline_outputs/subaction_17_P01_109_17/candidate_00_frame_001422_left/mask_projection_overlay.png,"(256, 456)",isotropic_e7,True,True
E8,17,P01_109_17,close freezer,close,freezer,['freezer'],1419,1464,1418.0,1463.0,1.0,1423.0,left,new_contact_episode,35,3,103,"[41.0, 0.0, 192.0, 242.0]",2.437564110380693,grabcut_fallback,bbox_fallback,fallback_lk,cotracker_weighted_affine,True,0.9172413793103449,36,29,17,0.5862068965517241,0.8894169330596924,5,0.0,43676.0,success,361,0.44213657927888206,,1421.0,pre_contact_gap_tracked_reference,2.0,cotracker_weighted_affine,success,5,0.0,0.11,,,,,,,success,keep,,5.535972664422002,/Users/huhu/Documents/Code/bishe/vrb/vrbreproduction/outputs/100subaction-e8/experiments/E8/pipeline_outputs/subaction_17_P01_109_17/candidate_01_frame_001423_left,/Users/huhu/Documents/Code/bishe/vrb/vrbreproduction/outputs/100subaction-e8/experiments/E8/pipeline_outputs/subaction_17_P01_109_17/candidate_01_frame_001423_left,/Users/huhu/Documents/Code/bishe/vrb/vrbreproduction/outputs/100subaction-e8/experiments/E8/pipeline_outputs/subaction_17_P01_109_17/candidate_01_frame_001423_left/reference_frame.png,/Users/huhu/Documents/Code/bishe/vrb/vrbreproduction/outputs/100subaction-e8/experiments/E8/pipeline_outputs/subaction_17_P01_109_17/candidate_01_frame_001423_left/label_heatmap_merged_overlay.png,/Users/huhu/Documents/Code/bishe/vrb/vrbreproduction/outputs/100subaction-e8/experiments/E8/pipeline_outputs/subaction_17_P01_109_17/candidate_01_frame_001423_left/vrb_style_affordance.png,6.0,0.0,"[12.73, 1.3, 191.52, 245.03]",/Users/huhu/Documents/Code/bishe/vrb/vrbreproduction/outputs/100subaction-e8/experiments/E8/pipeline_outputs/subaction_17_P01_109_17/candidate_01_frame_001423_left/label_heatmap_merged.npy,/Users/huhu/Documents/Code/bishe/vrb/vrbreproduction/outputs/100subaction-e8/experiments/E8/pipeline_outputs/subaction_17_P01_109_17/candidate_01_frame_001423_left/label_heatmap_merged.png,/Users/huhu/Documents/Code/bishe/vrb/vrbreproduction/outputs/100subaction-e8/experiments/E8/pipeline_outputs/subaction_17_P01_109_17/candidate_01_frame_001423_left/mask_projection_overlay.png,"(256, 456)",isotropic_e7,True,False
E8,17,P01_109_17,close freezer,close,freezer,['freezer'],1419,1464,1418.0,1463.0,2.0,1424.0,left,new_contact_episode,35,3,105,"[52.0, 0.0, 201.0, 248.0]",2.4563876001750375,grabcut_fallback,bbox_fallback,fallback_lk,cotracker_weighted_affine,True,0.8952380952380953,36,21,10,0.47619047619047616,1.3158836364746094,5,0.0,43676.0,success,361,0.44213657927888206,,1421.0,pre_contact_gap_tracked_reference,3.0,cotracker_weighted_affine,success,5,0.0,0.11,,,,,,,success,keep,,5.434666348048619,/Users/huhu/Documents/Code/bishe/vrb/vrbreproduction/outputs/100subaction-e8/experiments/E8/pipeline_outputs/subaction_17_P01_109_17/candidate_02_frame_001424_left,/Users/huhu/Documents/Code/bishe/vrb/vrbreproduction/outputs/100subaction-e8/experiments/E8/pipeline_outputs/subaction_17_P01_109_17/candidate_02_frame_001424_left,/Users/huhu/Documents/Code/bishe/vrb/vrbreproduction/outputs/100subaction-e8/experiments/E8/pipeline_outputs/subaction_17_P01_109_17/candidate_02_frame_001424_left/reference_frame.png,/Users/huhu/Documents/Code/bishe/vrb/vrbreproduction/outputs/100subaction-e8/experiments/E8/pipeline_outputs/subaction_17_P01_109_17/candidate_02_frame_001424_left/label_heatmap_merged_overlay.png,/Users/huhu/Documents/Code/bishe/vrb/vrbreproduction/outputs/100subaction-e8/experiments/E8/pipeline_outputs/subaction_17_P01_109_17/candidate_02_frame_001424_left/vrb_style_affordance.png,6.0,0.0,"[13.05, 1.3, 192.01, 245.33]",/Users/huhu/Documents/Code/bishe/vrb/vrbreproduction/outputs/100subaction-e8/experiments/E8/pipeline_outputs/subaction_17_P01_109_17/candidate_02_frame_001424_left/label_heatmap_merged.npy,/Users/huhu/Documents/Code/bishe/vrb/vrbreproduction/outputs/100subaction-e8/experiments/E8/pipeline_outputs/subaction_17_P01_109_17/candidate_02_frame_001424_left/label_heatmap_merged.png,/Users/huhu/Documents/Code/bishe/vrb/vrbreproduction/outputs/100subaction-e8/experiments/E8/pipeline_outputs/subaction_17_P01_109_17/candidate_02_frame_001424_left/mask_projection_overlay.png,"(256, 456)",isotropic_e7,True,True
E8,18,P01_109_18,pick up rucksack,pick-up,rucksack,['rucksack'],1485,1527,1484.0,1526.0,0.0,1496.0,right,new_contact_episode,36,8,252,"[189.0, 9.0, 336.0, 194.0]",2.8546750803237386,grabcut_fallback,bbox_fallback,fallback_lk,cotracker_weighted_affine,False,1.0,36,32,32,1.0,0.7623612880706787,5,0.0,27676.0,success,361,0.44213657927888206,,1495.0,pre_contact_gap_tracked_reference,1.0,cotracker_weighted_affine,success,5,0.0,0.10311111111111111,,,,,,,success,keep,,5.866462494691212,/Users/huhu/Documents/Code/bishe/vrb/vrbreproduction/outputs/100subaction-e8/experiments/E8/pipeline_outputs/subaction_18_P01_109_18/candidate_00_frame_001496_right,/Users/huhu/Documents/Code/bishe/vrb/vrbreproduction/outputs/100subaction-e8/experiments/E8/pipeline_outputs/subaction_18_P01_109_18/candidate_00_frame_001496_right,/Users/huhu/Documents/Code/bishe/vrb/vrbreproduction/outputs/100subaction-e8/experiments/E8/pipeline_outputs/subaction_18_P01_109_18/candidate_00_frame_001496_right/reference_frame.png,/Users/huhu/Documents/Code/bishe/vrb/vrbreproduction/outputs/100subaction-e8/experiments/E8/pipeline_outputs/subaction_18_P01_109_18/candidate_00_frame_001496_right/label_heatmap_merged_overlay.png,/Users/huhu/Documents/Code/bishe/vrb/vrbreproduction/outputs/100subaction-e8/experiments/E8/pipeline_outputs/subaction_18_P01_109_18/candidate_00_frame_001496_right/vrb_style_affordance.png,6.0,0.0,"[188.67, 10.56, 336.54, 198.24]",/Users/huhu/Documents/Code/bishe/vrb/vrbreproduction/outputs/100subaction-e8/experiments/E8/pipeline_outputs/subaction_18_P01_109_18/candidate_00_frame_001496_right/label_heatmap_merged.npy,/Users/huhu/Documents/Code/bishe/vrb/vrbreproduction/outputs/100subaction-e8/experiments/E8/pipeline_outputs/subaction_18_P01_109_18/candidate_00_frame_001496_right/label_heatmap_merged.png,/Users/huhu/Documents/Code/bishe/vrb/vrbreproduction/outputs/100subaction-e8/experiments/E8/pipeline_outputs/subaction_18_P01_109_18/candidate_00_frame_001496_right/mask_projection_overlay.png,"(256, 456)",isotropic_e7,True,True
E8,18,P01_109_18,pick up rucksack,pick-up,rucksack,['rucksack'],1485,1527,1484.0,1526.0,1.0,1497.0,right,new_contact_episode,36,8,286,"[191.0, 5.0, 345.0, 207.0]",2.929691175619567,grabcut_fallback,bbox_fallback,fallback_lk,cotracker_weighted_affine,False,0.9375,36,32,22,0.6875,1.4159116744995117,5,0.0,31086.0,success,361,0.44213657927888206,,1494.0,pre_contact_gap_tracked_reference,3.0,cotracker_weighted_affine,success,5,0.0,0.10893333333333333,,,,,,,success,keep,,5.591747649765013,/Users/huhu/Documents/Code/bishe/vrb/vrbreproduction/outputs/100subaction-e8/experiments/E8/pipeline_outputs/subaction_18_P01_109_18/candidate_01_frame_001497_right,/Users/huhu/Documents/Code/bishe/vrb/vrbreproduction/outputs/100subaction-e8/experiments/E8/pipeline_outputs/subaction_18_P01_109_18/candidate_01_frame_001497_right,/Users/huhu/Documents/Code/bishe/vrb/vrbreproduction/outputs/100subaction-e8/experiments/E8/pipeline_outputs/subaction_18_P01_109_18/candidate_01_frame_001497_right/reference_frame.png,/Users/huhu/Documents/Code/bishe/vrb/vrbreproduction/outputs/100subaction-e8/experiments/E8/pipeline_outputs/subaction_18_P01_109_18/candidate_01_frame_001497_right/label_heatmap_merged_overlay.png,/Users/huhu/Documents/Code/bishe/vrb/vrbreproduction/outputs/100subaction-e8/experiments/E8/pipeline_outputs/subaction_18_P01_109_18/candidate_01_frame_001497_right/vrb_style_affordance.png,6.0,0.0,"[185.36, 11.47, 342.44, 209.41]",/Users/huhu/Documents/Code/bishe/vrb/vrbreproduction/outputs/100subaction-e8/experiments/E8/pipeline_outputs/subaction_18_P01_109_18/candidate_01_frame_001497_right/label_heatmap_merged.npy,/Users/huhu/Documents/Code/bishe/vrb/vrbreproduction/outputs/100subaction-e8/experiments/E8/pipeline_outputs/subaction_18_P01_109_18/candidate_01_frame_001497_right/label_heatmap_merged.png,/Users/huhu/Documents/Code/bishe/vrb/vrbreproduction/outputs/100subaction-e8/experiments/E8/pipeline_outputs/subaction_18_P01_109_18/candidate_01_frame_001497_right/mask_projection_overlay.png,"(256, 456)",isotropic_e7,True,False
E8,18,P01_109_18,pick up rucksack,pick-up,rucksack,['rucksack'],1485,1527,1484.0,1526.0,2.0,1498.0,right,new_contact_episode,36,8,259,"[190.0, 4.0, 342.0, 201.0]",2.9214506948058085,grabcut_fallback,bbox_fallback,fallback_lk,cotracker_weighted_affine,False,0.9636363636363637,36,33,27,0.8181818181818182,1.4001420736312866,5,0.0,28310.0,success,361,0.44213657927888206,,1495.0,pre_contact_gap_tracked_reference,3.0,cotracker_weighted_affine,success,5,0.0,0.10311111111111111,,,,,,,success,keep,,5.698965434760758,/Users/huhu/Documents/Code/bishe/vrb/vrbreproduction/outputs/100subaction-e8/experiments/E8/pipeline_outputs/subaction_18_P01_109_18/candidate_02_frame_001498_right,/Users/huhu/Documents/Code/bishe/vrb/vrbreproduction/outputs/100subaction-e8/experiments/E8/pipeline_outputs/subaction_18_P01_109_18/candidate_02_frame_001498_right,/Users/huhu/Documents/Code/bishe/vrb/vrbreproduction/outputs/100subaction-e8/experiments/E8/pipeline_outputs/subaction_18_P01_109_18/candidate_02_frame_001498_right/reference_frame.png,/Users/huhu/Documents/Code/bishe/vrb/vrbreproduction/outputs/100subaction-e8/experiments/E8/pipeline_outputs/subaction_18_P01_109_18/candidate_02_frame_001498_right/label_heatmap_merged_overlay.png,/Users/huhu/Documents/Code/bishe/vrb/vrbreproduction/outputs/100subaction-e8/experiments/E8/pipeline_outputs/subaction_18_P01_109_18/candidate_02_frame_001498_right/vrb_style_affordance.png,6.0,0.0,"[188.67, 10.23, 337.76, 200.06]",/Users/huhu/Documents/Code/bishe/vrb/vrbreproduction/outputs/100subaction-e8/experiments/E8/pipeline_outputs/subaction_18_P01_109_18/candidate_02_frame_001498_right/label_heatmap_merged.npy,/Users/huhu/Documents/Code/bishe/vrb/vrbreproduction/outputs/100subaction-e8/experiments/E8/pipeline_outputs/subaction_18_P01_109_18/candidate_02_frame_001498_right/label_heatmap_merged.png,/Users/huhu/Documents/Code/bishe/vrb/vrbreproduction/outputs/100subaction-e8/experiments/E8/pipeline_outputs/subaction_18_P01_109_18/candidate_02_frame_001498_right/mask_projection_overlay.png,"(256, 456)",isotropic_e7,True,True
E8,18,P01_109_18,pick up rucksack,pick-up,rucksack,['rucksack'],1485,1527,1484.0,1526.0,3.0,1518.0,right,new_contact_episode,36,8,142,"[217.0, 55.0, 332.0, 186.0]",3.120257018080061,grabcut_fallback,bbox_fallback,fallback_lk,cotracker_weighted_affine,False,0.9942857142857143,36,35,34,0.9714285714285714,0.9192717671394348,5,0.0,16422.0,success,361,0.5142734949771753,,1517.0,pre_contact_gap_tracked_reference,1.0,cotracker_weighted_affine,success,5,0.0,0.09813333333333334,,,,,,,success,keep,,5.847793275557246,/Users/huhu/Documents/Code/bishe/vrb/vrbreproduction/outputs/100subaction-e8/experiments/E8/pipeline_outputs/subaction_18_P01_109_18/candidate_03_frame_001518_right,/Users/huhu/Documents/Code/bishe/vrb/vrbreproduction/outputs/100subaction-e8/experiments/E8/pipeline_outputs/subaction_18_P01_109_18/candidate_03_frame_001518_right,/Users/huhu/Documents/Code/bishe/vrb/vrbreproduction/outputs/100subaction-e8/experiments/E8/pipeline_outputs/subaction_18_P01_109_18/candidate_03_frame_001518_right/reference_frame.png,/Users/huhu/Documents/Code/bishe/vrb/vrbreproduction/outputs/100subaction-e8/experiments/E8/pipeline_outputs/subaction_18_P01_109_18/candidate_03_frame_001518_right/label_heatmap_merged_overlay.png,/Users/huhu/Documents/Code/bishe/vrb/vrbreproduction/outputs/100subaction-e8/experiments/E8/pipeline_outputs/subaction_18_P01_109_18/candidate_03_frame_001518_right/vrb_style_affordance.png,5.0,1.0,"[213.93, 51.76, 332.57, 189.86]",/Users/huhu/Documents/Code/bishe/vrb/vrbreproduction/outputs/100subaction-e8/experiments/E8/pipeline_outputs/subaction_18_P01_109_18/candidate_03_frame_001518_right/label_heatmap_merged.npy,/Users/huhu/Documents/Code/bishe/vrb/vrbreproduction/outputs/100subaction-e8/experiments/E8/pipeline_outputs/subaction_18_P01_109_18/candidate_03_frame_001518_right/label_heatmap_merged.png,/Users/huhu/Documents/Code/bishe/vrb/vrbreproduction/outputs/100subaction-e8/experiments/E8/pipeline_outputs/subaction_18_P01_109_18/candidate_03_frame_001518_right/mask_projection_overlay.png,"(256, 456)",isotropic_e7,True,True
E8,18,P01_109_18,pick up rucksack,pick-up,rucksack,['rucksack'],1485,1527,1484.0,1526.0,4.0,1521.0,right,new_contact_episode,36,8,0,,,,,,,False,,0,0,0,,,0,,,not_run,0,0.0,,,,,,not_run,0,,,,,,,,,not_run,discard,missing_hand_or_object_bbox,,/Users/huhu/Documents/Code/bishe/vrb/vrbreproduction/outputs/100subaction-e8/experiments/E8/pipeline_outputs/subaction_18_P01_109_18/candidate_04_frame_001521_right,,,,,,,,,,,,,,False
E8,18,P01_109_18,pick up rucksack,pick-up,rucksack,['rucksack'],1485,1527,1484.0,1526.0,5.0,1523.0,right,new_contact_episode,36,8,138,"[224.0, 84.0, 328.0, 177.0]",3.365385340035187,grabcut_fallback,bbox_fallback,fallback_lk,cotracker_weighted_affine,False,0.9371428571428572,36,35,24,0.6857142857142857,1.8061606884002686,5,0.0,11009.0,success,361,0.5142734949771753,,1522.0,pre_contact_gap_tracked_reference,1.0,cotracker_weighted_affine,success,5,0.0,0.07626666666666666,,,,,,,success,keep,,5.639700893633706,/Users/huhu/Documents/Code/bishe/vrb/vrbreproduction/outputs/100subaction-e8/experiments/E8/pipeline_outputs/subaction_18_P01_109_18/candidate_05_frame_001523_right,/Users/huhu/Documents/Code/bishe/vrb/vrbreproduction/outputs/100subaction-e8/experiments/E8/pipeline_outputs/subaction_18_P01_109_18/candidate_05_frame_001523_right,/Users/huhu/Documents/Code/bishe/vrb/vrbreproduction/outputs/100subaction-e8/experiments/E8/pipeline_outputs/subaction_18_P01_109_18/candidate_05_frame_001523_right/reference_frame.png,/Users/huhu/Documents/Code/bishe/vrb/vrbreproduction/outputs/100subaction-e8/experiments/E8/pipeline_outputs/subaction_18_P01_109_18/candidate_05_frame_001523_right/label_heatmap_merged_overlay.png,/Users/huhu/Documents/Code/bishe/vrb/vrbreproduction/outputs/100subaction-e8/experiments/E8/pipeline_outputs/subaction_18_P01_109_18/candidate_05_frame_001523_right/vrb_style_affordance.png,6.0,0.0,"[219.9, 79.89, 328.54, 180.59]",/Users/huhu/Documents/Code/bishe/vrb/vrbreproduction/outputs/100subaction-e8/experiments/E8/pipeline_outputs/subaction_18_P01_109_18/candidate_05_frame_001523_right/label_heatmap_merged.npy,/Users/huhu/Documents/Code/bishe/vrb/vrbreproduction/outputs/100subaction-e8/experiments/E8/pipeline_outputs/subaction_18_P01_109_18/candidate_05_frame_001523_right/label_heatmap_merged.png,/Users/huhu/Documents/Code/bishe/vrb/vrbreproduction/outputs/100subaction-e8/experiments/E8/pipeline_outputs/subaction_18_P01_109_18/candidate_05_frame_001523_right/mask_projection_overlay.png,"(256, 456)",isotropic_e7,True,False
E8,18,P01_109_18,pick up rucksack,pick-up,rucksack,['rucksack'],1485,1527,1484.0,1526.0,6.0,1524.0,right,new_contact_episode,36,8,155,"[223.0, 90.0, 327.0, 181.0]",3.462899464258429,grabcut_fallback,bbox_fallback,fallback_lk,cotracker_weighted_affine,False,0.8442857142857143,36,35,20,0.5714285714285714,0.6604228615760803,4,0.0,10800.0,success,361,0.5142734949771753,,1522.0,pre_contact_gap_tracked_reference,2.0,cotracker_weighted_affine,success,4,0.0,0.07626666666666666,,,,,,,success,keep,,5.192358742724147,/Users/huhu/Documents/Code/bishe/vrb/vrbreproduction/outputs/100subaction-e8/experiments/E8/pipeline_outputs/subaction_18_P01_109_18/candidate_06_frame_001524_right,/Users/huhu/Documents/Code/bishe/vrb/vrbreproduction/outputs/100subaction-e8/experiments/E8/pipeline_outputs/subaction_18_P01_109_18/candidate_06_frame_001524_right,/Users/huhu/Documents/Code/bishe/vrb/vrbreproduction/outputs/100subaction-e8/experiments/E8/pipeline_outputs/subaction_18_P01_109_18/candidate_06_frame_001524_right/reference_frame.png,/Users/huhu/Documents/Code/bishe/vrb/vrbreproduction/outputs/100subaction-e8/experiments/E8/pipeline_outputs/subaction_18_P01_109_18/candidate_06_frame_001524_right/label_heatmap_merged_overlay.png,/Users/huhu/Documents/Code/bishe/vrb/vrbreproduction/outputs/100subaction-e8/experiments/E8/pipeline_outputs/subaction_18_P01_109_18/candidate_06_frame_001524_right/vrb_style_affordance.png,6.0,0.0,"[220.83, 81.1, 328.89, 181.11]",/Users/huhu/Documents/Code/bishe/vrb/vrbreproduction/outputs/100subaction-e8/experiments/E8/pipeline_outputs/subaction_18_P01_109_18/candidate_06_frame_001524_right/label_heatmap_merged.npy,/Users/huhu/Documents/Code/bishe/vrb/vrbreproduction/outputs/100subaction-e8/experiments/E8/pipeline_outputs/subaction_18_P01_109_18/candidate_06_frame_001524_right/label_heatmap_merged.png,/Users/huhu/Documents/Code/bishe/vrb/vrbreproduction/outputs/100subaction-e8/experiments/E8/pipeline_outputs/subaction_18_P01_109_18/candidate_06_frame_001524_right/mask_projection_overlay.png,"(256, 456)",isotropic_e7,True,False
E8,18,P01_109_18,pick up rucksack,pick-up,rucksack,['rucksack'],1485,1527,1484.0,1526.0,7.0,1525.0,right,new_contact_episode,36,8,114,"[226.0, 95.0, 324.0, 172.0]",3.466246856612918,grabcut_fallback,bbox_fallback,fallback_lk,cotracker_weighted_affine,False,0.9235294117647059,36,34,21,0.6176470588235294,0.6747017502784729,5,0.0,10800.0,success,361,0.5142734949771753,,1522.0,pre_contact_gap_tracked_reference,3.0,cotracker_weighted_affine,success,5,0.0,0.07626666666666666,,,,,,,success,keep,,5.610594241609292,/Users/huhu/Documents/Code/bishe/vrb/vrbreproduction/outputs/100subaction-e8/experiments/E8/pipeline_outputs/subaction_18_P01_109_18/candidate_07_frame_001525_right,/Users/huhu/Documents/Code/bishe/vrb/vrbreproduction/outputs/100subaction-e8/experiments/E8/pipeline_outputs/subaction_18_P01_109_18/candidate_07_frame_001525_right,/Users/huhu/Documents/Code/bishe/vrb/vrbreproduction/outputs/100subaction-e8/experiments/E8/pipeline_outputs/subaction_18_P01_109_18/candidate_07_frame_001525_right/reference_frame.png,/Users/huhu/Documents/Code/bishe/vrb/vrbreproduction/outputs/100subaction-e8/experiments/E8/pipeline_outputs/subaction_18_P01_109_18/candidate_07_frame_001525_right/label_heatmap_merged_overlay.png,/Users/huhu/Documents/Code/bishe/vrb/vrbreproduction/outputs/100subaction-e8/experiments/E8/pipeline_outputs/subaction_18_P01_109_18/candidate_07_frame_001525_right/vrb_style_affordance.png,5.0,1.0,"[220.57, 81.07, 328.62, 180.58]",/Users/huhu/Documents/Code/bishe/vrb/vrbreproduction/outputs/100subaction-e8/experiments/E8/pipeline_outputs/subaction_18_P01_109_18/candidate_07_frame_001525_right/label_heatmap_merged.npy,/Users/huhu/Documents/Code/bishe/vrb/vrbreproduction/outputs/100subaction-e8/experiments/E8/pipeline_outputs/subaction_18_P01_109_18/candidate_07_frame_001525_right/label_heatmap_merged.png,/Users/huhu/Documents/Code/bishe/vrb/vrbreproduction/outputs/100subaction-e8/experiments/E8/pipeline_outputs/subaction_18_P01_109_18/candidate_07_frame_001525_right/mask_projection_overlay.png,"(256, 456)",isotropic_e7,True,False
E8,19,P01_109_19,put down rucksack,put-down,rucksack,,1657,1698,,,,,,,27,0,0,,,,,,,False,,0,0,0,,,0,,,not_run,0,0.0,,,,,,not_run,0,,,,,,,,,not_run,discard,continuation_contact_run,,,,,,,,,,,,,,,,False
E8,20,P01_109_20,close door,close,door,['door'],1812,1946,1811.0,1945.0,0.0,1827.0,left,new_contact_episode,33,12,296,"[287.0, 0.0, 444.0, 229.0]",3.033771950309921,grabcut_fallback,,,,True,,36,0,0,,,0,,,failed,100,0.1784444975147743,track_confidence_below_threshold,,,,,not_run,0,,,,,,,,,not_run,discard,track_confidence_below_threshold,,/Users/huhu/Documents/Code/bishe/vrb/vrbreproduction/outputs/100subaction-e8/experiments/E8/pipeline_outputs/subaction_20_P01_109_20/candidate_00_frame_001827_left,,,,,,,,,,,,,,False
E8,20,P01_109_20,close door,close,door,['door'],1812,1946,1811.0,1945.0,1.0,1828.0,left,new_contact_episode,33,12,0,,,,,,,True,,0,0,0,,,0,,,not_run,0,0.0,,,,,,not_run,0,,,,,,,,,not_run,discard,missing_hand_or_object_bbox,,/Users/huhu/Documents/Code/bishe/vrb/vrbreproduction/outputs/100subaction-e8/experiments/E8/pipeline_outputs/subaction_20_P01_109_20/candidate_01_frame_001828_left,,,,,,,,,,,,,,False
E8,20,P01_109_20,close door,close,door,['door'],1812,1946,1811.0,1945.0,2.0,1829.0,left,new_contact_episode,33,12,337,"[311.0, 4.0, 453.0, 227.0]",2.9580984390142175,grabcut_fallback,,,,True,,36,0,0,,,0,,,failed,102,0.1784444975147743,track_confidence_below_threshold,,,,,not_run,0,,,,,,,,,not_run,discard,track_confidence_below_threshold,,/Users/huhu/Documents/Code/bishe/vrb/vrbreproduction/outputs/100subaction-e8/experiments/E8/pipeline_outputs/subaction_20_P01_109_20/candidate_02_frame_001829_left,,,,,,,,,,,,,,False
E8,20,P01_109_20,close door,close,door,['door'],1812,1946,1811.0,1945.0,3.0,1841.0,left,new_contact_episode,33,12,0,,,,,,,True,,0,0,0,,,0,,,not_run,0,0.0,,,,,,not_run,0,,,,,,,,,not_run,discard,missing_hand_or_object_bbox,,/Users/huhu/Documents/Code/bishe/vrb/vrbreproduction/outputs/100subaction-e8/experiments/E8/pipeline_outputs/subaction_20_P01_109_20/candidate_03_frame_001841_left,,,,,,,,,,,,,,False
E8,20,P01_109_20,close door,close,door,['door'],1812,1946,1811.0,1945.0,4.0,1848.0,right,new_contact_episode,33,12,0,,,,,,,True,,0,0,0,,,0,,,not_run,0,0.0,,,,,,not_run,0,,,,,,,,,not_run,discard,missing_hand_or_object_bbox,,/Users/huhu/Documents/Code/bishe/vrb/vrbreproduction/outputs/100subaction-e8/experiments/E8/pipeline_outputs/subaction_20_P01_109_20/candidate_04_frame_001848_right,,,,,,,,,,,,,,False
E8,20,P01_109_20,close door,close,door,['door'],1812,1946,1811.0,1945.0,5.0,1850.0,right,new_contact_episode,33,12,194,"[295.0, 9.0, 452.0, 175.0]",2.5517222956699315,grabcut_fallback,,,,True,,36,0,0,,,0,,,failed,123,0.1784444975147743,track_confidence_below_threshold,,,,,not_run,0,,,,,,,,,not_run,discard,track_confidence_below_threshold,,/Users/huhu/Documents/Code/bishe/vrb/vrbreproduction/outputs/100subaction-e8/experiments/E8/pipeline_outputs/subaction_20_P01_109_20/candidate_05_frame_001850_right,,,,,,,,,,,,,,False
E8,20,P01_109_20,close door,close,door,['door'],1812,1946,1811.0,1945.0,6.0,1851.0,right,new_contact_episode,33,12,317,"[301.0, 6.0, 451.0, 195.0]",2.815540090936758,grabcut_fallback,,,,True,,36,0,0,,,0,,,failed,124,0.1784444975147743,track_confidence_below_threshold,,,,,not_run,0,,,,,,,,,not_run,discard,track_confidence_below_threshold,,/Users/huhu/Documents/Code/bishe/vrb/vrbreproduction/outputs/100subaction-e8/experiments/E8/pipeline_outputs/subaction_20_P01_109_20/candidate_06_frame_001851_right,,,,,,,,,,,,,,False
E8,20,P01_109_20,close door,close,door,['door'],1812,1946,1811.0,1945.0,7.0,1852.0,right,new_contact_episode,33,12,0,,,,,,,True,,0,0,0,,,0,,,not_run,0,0.0,,,,,,not_run,0,,,,,,,,,not_run,discard,missing_hand_or_object_bbox,,/Users/huhu/Documents/Code/bishe/vrb/vrbreproduction/outputs/100subaction-e8/experiments/E8/pipeline_outputs/subaction_20_P01_109_20/candidate_07_frame_001852_right,,,,,,,,,,,,,,False
E8,20,P01_109_20,close door,close,door,['door'],1812,1946,1811.0,1945.0,8.0,1861.0,right,new_contact_episode,33,12,103,"[314.0, 176.0, 333.0, 203.0]",4.631388220946463,grabcut_fallback,,,,True,,30,0,0,,,0,,,failed,134,0.1784444975147743,track_confidence_below_threshold,,,,,not_run,0,,,,,,,,,not_run,discard,track_confidence_below_threshold,,/Users/huhu/Documents/Code/bishe/vrb/vrbreproduction/outputs/100subaction-e8/experiments/E8/pipeline_outputs/subaction_20_P01_109_20/candidate_08_frame_001861_right,,,,,,,,,,,,,,False
E8,20,P01_109_20,close door,close,door,['door'],1812,1946,1811.0,1945.0,9.0,1862.0,right,new_contact_episode,33,12,114,"[312.0, 180.0, 332.0, 207.0]",4.604318497778139,grabcut_fallback,,,,True,,30,0,0,,,0,,,failed,135,0.1784444975147743,track_confidence_below_threshold,,,,,not_run,0,,,,,,,,,not_run,discard,track_confidence_below_threshold,,/Users/huhu/Documents/Code/bishe/vrb/vrbreproduction/outputs/100subaction-e8/experiments/E8/pipeline_outputs/subaction_20_P01_109_20/candidate_09_frame_001862_right,,,,,,,,,,,,,,False
E8,20,P01_109_20,close door,close,door,['door'],1812,1946,1811.0,1945.0,10.0,1863.0,right,new_contact_episode,33,12,83,"[315.0, 188.0, 333.0, 210.0]",4.813221387685771,grabcut_fallback,,,,True,,30,0,0,,,0,,,failed,136,0.1784444975147743,track_confidence_below_threshold,,,,,not_run,0,,,,,,,,,not_run,discard,track_confidence_below_threshold,,/Users/huhu/Documents/Code/bishe/vrb/vrbreproduction/outputs/100subaction-e8/experiments/E8/pipeline_outputs/subaction_20_P01_109_20/candidate_10_frame_001863_right,,,,,,,,,,,,,,False
E8,20,P01_109_20,close door,close,door,['door'],1812,1946,1811.0,1945.0,11.0,1906.0,right,new_contact_episode,33,12,52,"[347.0, 35.0, 454.0, 230.0]",2.4866493343822405,grabcut_fallback,bbox_fallback,fallback_lk,cotracker_weighted_affine,True,1.0,36,35,35,1.0,0.5942355990409851,5,0.0,16940.0,success,177,0.21688926096391722,no_detection_or_flow,1905.0,pre_contact_gap_tracked_reference,1.0,cotracker_weighted_affine,success,5,0.0,0.09813333333333334,,,,,,,success,keep,,5.87897293202877,/Users/huhu/Documents/Code/bishe/vrb/vrbreproduction/outputs/100subaction-e8/experiments/E8/pipeline_outputs/subaction_20_P01_109_20/candidate_11_frame_001906_right,/Users/huhu/Documents/Code/bishe/vrb/vrbreproduction/outputs/100subaction-e8/experiments/E8/pipeline_outputs/subaction_20_P01_109_20/candidate_11_frame_001906_right,/Users/huhu/Documents/Code/bishe/vrb/vrbreproduction/outputs/100subaction-e8/experiments/E8/pipeline_outputs/subaction_20_P01_109_20/candidate_11_frame_001906_right/reference_frame.png,/Users/huhu/Documents/Code/bishe/vrb/vrbreproduction/outputs/100subaction-e8/experiments/E8/pipeline_outputs/subaction_20_P01_109_20/candidate_11_frame_001906_right/label_heatmap_merged_overlay.png,/Users/huhu/Documents/Code/bishe/vrb/vrbreproduction/outputs/100subaction-e8/experiments/E8/pipeline_outputs/subaction_20_P01_109_20/candidate_11_frame_001906_right/vrb_style_affordance.png,6.0,0.0,"[344.47, 70.67, 453.86, 224.63]",/Users/huhu/Documents/Code/bishe/vrb/vrbreproduction/outputs/100subaction-e8/experiments/E8/pipeline_outputs/subaction_20_P01_109_20/candidate_11_frame_001906_right/label_heatmap_merged.npy,/Users/huhu/Documents/Code/bishe/vrb/vrbreproduction/outputs/100subaction-e8/experiments/E8/pipeline_outputs/subaction_20_P01_109_20/candidate_11_frame_001906_right/label_heatmap_merged.png,/Users/huhu/Documents/Code/bishe/vrb/vrbreproduction/outputs/100subaction-e8/experiments/E8/pipeline_outputs/subaction_20_P01_109_20/candidate_11_frame_001906_right/mask_projection_overlay.png,"(256, 456)",isotropic_e7,True,True
E8,21,P01_109_21,pick up cup,pick-up,cup,['cup'],2084,2120,2083.0,2119.0,0.0,2088.0,left,new_contact_episode,6,6,213,"[247.0, 29.0, 423.0, 223.0]",3.334768472787971,grabcut_fallback,,,,False,,36,0,0,,,0,,,failed,115,0.17853784019422808,track_confidence_below_threshold,,,,,not_run,0,,,,,,,,,not_run,discard,track_confidence_below_threshold,,/Users/huhu/Documents/Code/bishe/vrb/vrbreproduction/outputs/100subaction-e8/experiments/E8/pipeline_outputs/subaction_21_P01_109_21/candidate_00_frame_002088_left,,,,,,,,,,,,,,False
E8,21,P01_109_21,pick up cup,pick-up,cup,['cup'],2084,2120,2083.0,2119.0,1.0,2089.0,left,new_contact_episode,6,6,0,,,,,,,False,,0,0,0,,,0,,,not_run,0,0.0,,,,,,not_run,0,,,,,,,,,not_run,discard,missing_hand_or_object_bbox,,/Users/huhu/Documents/Code/bishe/vrb/vrbreproduction/outputs/100subaction-e8/experiments/E8/pipeline_outputs/subaction_21_P01_109_21/candidate_01_frame_002089_left,,,,,,,,,,,,,,False
E8,21,P01_109_21,pick up cup,pick-up,cup,['cup'],2084,2120,2083.0,2119.0,2.0,2090.0,left,new_contact_episode,6,6,0,,,,,,,False,,0,0,0,,,0,,,not_run,0,0.0,,,,,,not_run,0,,,,,,,,,not_run,discard,missing_hand_or_object_bbox,,/Users/huhu/Documents/Code/bishe/vrb/vrbreproduction/outputs/100subaction-e8/experiments/E8/pipeline_outputs/subaction_21_P01_109_21/candidate_02_frame_002090_left,,,,,,,,,,,,,,False
E8,21,P01_109_21,pick up cup,pick-up,cup,['cup'],2084,2120,2083.0,2119.0,3.0,2092.0,right,new_contact_episode,6,6,0,,,,,,,False,,0,0,0,,,0,,,not_run,0,0.0,,,,,,not_run,0,,,,,,,,,not_run,discard,missing_hand_or_object_bbox,,/Users/huhu/Documents/Code/bishe/vrb/vrbreproduction/outputs/100subaction-e8/experiments/E8/pipeline_outputs/subaction_21_P01_109_21/candidate_03_frame_002092_right,,,,,,,,,,,,,,False
E8,21,P01_109_21,pick up cup,pick-up,cup,['cup'],2084,2120,2083.0,2119.0,4.0,2093.0,right,new_contact_episode,6,6,0,,,,,,,False,,0,0,0,,,0,,,not_run,0,0.0,,,,,,not_run,0,,,,,,,,,not_run,discard,missing_hand_or_object_bbox,,/Users/huhu/Documents/Code/bishe/vrb/vrbreproduction/outputs/100subaction-e8/experiments/E8/pipeline_outputs/subaction_21_P01_109_21/candidate_04_frame_002093_right,,,,,,,,,,,,,,False
E8,21,P01_109_21,pick up cup,pick-up,cup,['cup'],2084,2120,2083.0,2119.0,5.0,2094.0,right,new_contact_episode,6,6,0,,,,,,,False,,0,0,0,,,0,,,not_run,0,0.0,,,,,,not_run,0,,,,,,,,,not_run,discard,missing_hand_or_object_bbox,,/Users/huhu/Documents/Code/bishe/vrb/vrbreproduction/outputs/100subaction-e8/experiments/E8/pipeline_outputs/subaction_21_P01_109_21/candidate_05_frame_002094_right,,,,,,,,,,,,,,False
E8,22,P01_109_22,put down cup,put-down,cup,['cup'],2132,2193,2131.0,2192.0,0.0,2142.0,right,new_contact_episode,25,6,241,"[257.0, 0.0, 347.0, 93.0]",4.090882992899566,grabcut_fallback,,,,False,,36,0,0,,,0,,,failed,127,0.17987527964543834,track_confidence_below_threshold,,,,,not_run,0,,,,,,,,,not_run,discard,track_confidence_below_threshold,,/Users/huhu/Documents/Code/bishe/vrb/vrbreproduction/outputs/100subaction-e8/experiments/E8/pipeline_outputs/subaction_22_P01_109_22/candidate_00_frame_002142_right,,,,,,,,,,,,,,False
E8,22,P01_109_22,put down cup,put-down,cup,['cup'],2132,2193,2131.0,2192.0,1.0,2143.0,right,new_contact_episode,25,6,236,"[252.0, 1.0, 339.0, 83.0]",4.2235673987363676,grabcut_fallback,,,,False,,36,0,0,,,0,,,failed,128,0.17987527964543834,track_confidence_below_threshold,,,,,not_run,0,,,,,,,,,not_run,discard,track_confidence_below_threshold,,/Users/huhu/Documents/Code/bishe/vrb/vrbreproduction/outputs/100subaction-e8/experiments/E8/pipeline_outputs/subaction_22_P01_109_22/candidate_01_frame_002143_right,,,,,,,,,,,,,,False
E8,22,P01_109_22,put down cup,put-down,cup,['cup'],2132,2193,2131.0,2192.0,2.0,2144.0,right,new_contact_episode,25,6,261,"[245.0, 0.0, 328.0, 75.0]",4.331842682468944,grabcut_fallback,,,,False,,36,0,0,,,0,,,failed,129,0.17987527964543834,track_confidence_below_threshold,,,,,not_run,0,,,,,,,,,not_run,discard,track_confidence_below_threshold,,/Users/huhu/Documents/Code/bishe/vrb/vrbreproduction/outputs/100subaction-e8/experiments/E8/pipeline_outputs/subaction_22_P01_109_22/candidate_02_frame_002144_right,,,,,,,,,,,,,,False
E8,22,P01_109_22,put down cup,put-down,cup,['cup'],2132,2193,2131.0,2192.0,3.0,2177.0,right,new_contact_episode,25,6,0,,,,,,,False,,0,0,0,,,0,,,not_run,0,0.0,,,,,,not_run,0,,,,,,,,,not_run,discard,missing_hand_or_object_bbox,,/Users/huhu/Documents/Code/bishe/vrb/vrbreproduction/outputs/100subaction-e8/experiments/E8/pipeline_outputs/subaction_22_P01_109_22/candidate_03_frame_002177_right,,,,,,,,,,,,,,False
E8,22,P01_109_22,put down cup,put-down,cup,['cup'],2132,2193,2131.0,2192.0,4.0,2178.0,right,new_contact_episode,25,6,109,"[54.0, 5.0, 104.0, 38.0]",4.379286945446618,grabcut_fallback,,,,False,,36,0,0,,,0,,,failed,163,0.17987527964543834,track_confidence_below_threshold,,,,,not_run,0,,,,,,,,,not_run,discard,track_confidence_below_threshold,,/Users/huhu/Documents/Code/bishe/vrb/vrbreproduction/outputs/100subaction-e8/experiments/E8/pipeline_outputs/subaction_22_P01_109_22/candidate_04_frame_002178_right,,,,,,,,,,,,,,False
E8,22,P01_109_22,put down cup,put-down,cup,['cup'],2132,2193,2131.0,2192.0,5.0,2179.0,right,new_contact_episode,25,6,91,"[46.0, 7.0, 92.0, 39.0]",4.545646346935218,grabcut_fallback,,,,False,,36,0,0,,,0,,,failed,164,0.17987527964543834,track_confidence_below_threshold,,,,,not_run,0,,,,,,,,,not_run,discard,track_confidence_below_threshold,,/Users/huhu/Documents/Code/bishe/vrb/vrbreproduction/outputs/100subaction-e8/experiments/E8/pipeline_outputs/subaction_22_P01_109_22/candidate_05_frame_002179_right,,,,,,,,,,,,,,False
E8,23,P01_109_23,pick up spoon,pick-up,spoon,['spoon'],2206,2236,2205.0,2235.0,0.0,2213.0,right,new_contact_episode,11,3,0,,,,,,,False,,0,0,0,,,0,,,not_run,0,0.0,,,,,,not_run,0,,,,,,,,,not_run,discard,missing_hand_or_object_bbox,,/Users/huhu/Documents/Code/bishe/vrb/vrbreproduction/outputs/100subaction-e8/experiments/E8/pipeline_outputs/subaction_23_P01_109_23/candidate_00_frame_002213_right,,,,,,,,,,,,,,False
E8,23,P01_109_23,pick up spoon,pick-up,spoon,['spoon'],2206,2236,2205.0,2235.0,1.0,2214.0,right,new_contact_episode,11,3,194,"[219.0, 77.0, 400.0, 246.0]",2.9050150905305787,grabcut_fallback,bbox_fallback,fallback_lk,cotracker_weighted_affine,False,0.9757575757575758,36,33,29,0.8787878787878788,0.2726309299468994,5,0.0,31293.0,success,59,0.19172068432777054,no_detection_or_flow,2212.0,pre_contact_gap_tracked_reference,2.0,cotracker_weighted_affine,success,5,0.0,0.17555555555555555,,,,,,,success,keep,,5.613051147859169,/Users/huhu/Documents/Code/bishe/vrb/vrbreproduction/outputs/100subaction-e8/experiments/E8/pipeline_outputs/subaction_23_P01_109_23/candidate_01_frame_002214_right,/Users/huhu/Documents/Code/bishe/vrb/vrbreproduction/outputs/100subaction-e8/experiments/E8/pipeline_outputs/subaction_23_P01_109_23/candidate_01_frame_002214_right,/Users/huhu/Documents/Code/bishe/vrb/vrbreproduction/outputs/100subaction-e8/experiments/E8/pipeline_outputs/subaction_23_P01_109_23/candidate_01_frame_002214_right/reference_frame.png,/Users/huhu/Documents/Code/bishe/vrb/vrbreproduction/outputs/100subaction-e8/experiments/E8/pipeline_outputs/subaction_23_P01_109_23/candidate_01_frame_002214_right/label_heatmap_merged_overlay.png,/Users/huhu/Documents/Code/bishe/vrb/vrbreproduction/outputs/100subaction-e8/experiments/E8/pipeline_outputs/subaction_23_P01_109_23/candidate_01_frame_002214_right/vrb_style_affordance.png,6.0,0.0,"[217.31, 72.83, 400.05, 243.83]",/Users/huhu/Documents/Code/bishe/vrb/vrbreproduction/outputs/100subaction-e8/experiments/E8/pipeline_outputs/subaction_23_P01_109_23/candidate_01_frame_002214_right/label_heatmap_merged.npy,/Users/huhu/Documents/Code/bishe/vrb/vrbreproduction/outputs/100subaction-e8/experiments/E8/pipeline_outputs/subaction_23_P01_109_23/candidate_01_frame_002214_right/label_heatmap_merged.png,/Users/huhu/Documents/Code/bishe/vrb/vrbreproduction/outputs/100subaction-e8/experiments/E8/pipeline_outputs/subaction_23_P01_109_23/candidate_01_frame_002214_right/mask_projection_overlay.png,"(256, 456)",isotropic_e7,True,True
E8,23,P01_109_23,pick up spoon,pick-up,spoon,['spoon'],2206,2236,2205.0,2235.0,2.0,2215.0,right,new_contact_episode,11,3,125,"[313.0, 83.0, 358.0, 130.0]",3.041281265631198,grabcut_fallback,bbox_fallback,fallback_lk,cotracker_weighted_affine,False,0.9833333333333334,36,36,33,0.9166666666666666,0.8893893957138062,5,0.0,4158.0,success,57,0.20061355732704794,no_detection_or_flow,2207.0,pre_contact_gap_tracked_reference,8.0,cotracker_weighted_affine,success,5,0.0,0.1511111111111111,,,,,,,success,keep,,5.557509249929497,/Users/huhu/Documents/Code/bishe/vrb/vrbreproduction/outputs/100subaction-e8/experiments/E8/pipeline_outputs/subaction_23_P01_109_23/candidate_02_frame_002215_right,/Users/huhu/Documents/Code/bishe/vrb/vrbreproduction/outputs/100subaction-e8/experiments/E8/pipeline_outputs/subaction_23_P01_109_23/candidate_02_frame_002215_right,/Users/huhu/Documents/Code/bishe/vrb/vrbreproduction/outputs/100subaction-e8/experiments/E8/pipeline_outputs/subaction_23_P01_109_23/candidate_02_frame_002215_right/reference_frame.png,/Users/huhu/Documents/Code/bishe/vrb/vrbreproduction/outputs/100subaction-e8/experiments/E8/pipeline_outputs/subaction_23_P01_109_23/candidate_02_frame_002215_right/label_heatmap_merged_overlay.png,/Users/huhu/Documents/Code/bishe/vrb/vrbreproduction/outputs/100subaction-e8/experiments/E8/pipeline_outputs/subaction_23_P01_109_23/candidate_02_frame_002215_right/vrb_style_affordance.png,6.0,0.0,"[304.79, 101.19, 371.02, 164.41]",/Users/huhu/Documents/Code/bishe/vrb/vrbreproduction/outputs/100subaction-e8/experiments/E8/pipeline_outputs/subaction_23_P01_109_23/candidate_02_frame_002215_right/label_heatmap_merged.npy,/Users/huhu/Documents/Code/bishe/vrb/vrbreproduction/outputs/100subaction-e8/experiments/E8/pipeline_outputs/subaction_23_P01_109_23/candidate_02_frame_002215_right/label_heatmap_merged.png,/Users/huhu/Documents/Code/bishe/vrb/vrbreproduction/outputs/100subaction-e8/experiments/E8/pipeline_outputs/subaction_23_P01_109_23/candidate_02_frame_002215_right/mask_projection_overlay.png,"(256, 456)",isotropic_e7,True,False
E8,24,P01_109_24,open drawer,open,drawer,['drawer'],2269,2332,2268.0,2331.0,0.0,2325.0,left,new_contact_episode,47,3,73,"[209.0, 212.0, 293.0, 239.0]",3.086152667854055,grabcut_fallback,,,,True,,30,0,0,,,0,,,failed,304,0.17957608911769016,track_confidence_below_threshold,,,,,not_run,0,,,,,,,,,not_run,discard,track_confidence_below_threshold,,/Users/huhu/Documents/Code/bishe/vrb/vrbreproduction/outputs/100subaction-e8/experiments/E8/pipeline_outputs/subaction_24_P01_109_24/candidate_00_frame_002325_left,,,,,,,,,,,,,,False
E8,24,P01_109_24,open drawer,open,drawer,['drawer'],2269,2332,2268.0,2331.0,1.0,2326.0,left,new_contact_episode,47,3,130,"[203.0, 208.0, 300.0, 240.0]",3.2495691966823563,grabcut_fallback,,,,True,,30,0,0,,,0,,,failed,305,0.17957608911769016,track_confidence_below_threshold,,,,,not_run,0,,,,,,,,,not_run,discard,track_confidence_below_threshold,,/Users/huhu/Documents/Code/bishe/vrb/vrbreproduction/outputs/100subaction-e8/experiments/E8/pipeline_outputs/subaction_24_P01_109_24/candidate_01_frame_002326_left,,,,,,,,,,,,,,False
E8,24,P01_109_24,open drawer,open,drawer,['drawer'],2269,2332,2268.0,2331.0,2.0,2327.0,left,new_contact_episode,47,3,87,"[211.0, 211.0, 306.0, 245.0]",3.075286595679328,grabcut_fallback,,,,True,,36,0,0,,,0,,,failed,306,0.17957608911769016,track_confidence_below_threshold,,,,,not_run,0,,,,,,,,,not_run,discard,track_confidence_below_threshold,,/Users/huhu/Documents/Code/bishe/vrb/vrbreproduction/outputs/100subaction-e8/experiments/E8/pipeline_outputs/subaction_24_P01_109_24/candidate_02_frame_002327_left,,,,,,,,,,,,,,False
E8,25,P01_109_25,put spoon into drawer,put-into,spoon,"['spoon', 'drawer']",2336,2378,2335.0,2377.0,0.0,2341.0,right,new_contact_episode,29,8,183,"[195.0, 119.0, 334.0, 236.0]",2.489607779269125,grabcut_fallback,,,,True,,36,0,0,,,0,,,failed,320,0.17957608911769016,track_confidence_below_threshold,,,,,not_run,0,,,,,,,,,not_run,discard,track_confidence_below_threshold,,/Users/huhu/Documents/Code/bishe/vrb/vrbreproduction/outputs/100subaction-e8/experiments/E8/pipeline_outputs/subaction_25_P01_109_25/candidate_00_frame_002341_right,,,,,,,,,,,,,,False
E8,25,P01_109_25,put spoon into drawer,put-into,spoon,"['spoon', 'drawer']",2336,2378,2335.0,2377.0,1.0,2343.0,right,new_contact_episode,29,8,63,"[204.0, 215.0, 301.0, 234.0]",2.974105765614921,grabcut_fallback,,,,True,,30,0,0,,,0,,,failed,322,0.17957608911769016,track_confidence_below_threshold,,,,,not_run,0,,,,,,,,,not_run,discard,track_confidence_below_threshold,,/Users/huhu/Documents/Code/bishe/vrb/vrbreproduction/outputs/100subaction-e8/experiments/E8/pipeline_outputs/subaction_25_P01_109_25/candidate_01_frame_002343_right,,,,,,,,,,,,,,False
E8,25,P01_109_25,put spoon into drawer,put-into,spoon,"['spoon', 'drawer']",2336,2378,2335.0,2377.0,2.0,2347.0,right,new_contact_episode,29,8,139,"[184.0, 112.0, 395.0, 237.0]",3.1332530135015366,grabcut_fallback,,,,True,,36,0,0,,,0,,,failed,326,0.17957608911769016,track_confidence_below_threshold,,,,,not_run,0,,,,,,,,,not_run,discard,track_confidence_below_threshold,,/Users/huhu/Documents/Code/bishe/vrb/vrbreproduction/outputs/100subaction-e8/experiments/E8/pipeline_outputs/subaction_25_P01_109_25/candidate_02_frame_002347_right,,,,,,,,,,,,,,False
E8,25,P01_109_25,put spoon into drawer,put-into,spoon,"['spoon', 'drawer']",2336,2378,2335.0,2377.0,3.0,2348.0,right,new_contact_episode,29,8,126,"[180.0, 115.0, 334.0, 233.0]",3.034016567486186,grabcut_fallback,,,,True,,36,0,0,,,0,,,failed,327,0.17957608911769016,track_confidence_below_threshold,,,,,not_run,0,,,,,,,,,not_run,discard,track_confidence_below_threshold,,/Users/huhu/Documents/Code/bishe/vrb/vrbreproduction/outputs/100subaction-e8/experiments/E8/pipeline_outputs/subaction_25_P01_109_25/candidate_03_frame_002348_right,,,,,,,,,,,,,,False
E8,25,P01_109_25,put spoon into drawer,put-into,spoon,"['spoon', 'drawer']",2336,2378,2335.0,2377.0,4.0,2349.0,right,new_contact_episode,29,8,148,"[185.0, 113.0, 335.0, 233.0]",3.0786409571109563,grabcut_fallback,,,,True,,36,0,0,,,0,,,failed,328,0.17957608911769016,track_confidence_below_threshold,,,,,not_run,0,,,,,,,,,not_run,discard,track_confidence_below_threshold,,/Users/huhu/Documents/Code/bishe/vrb/vrbreproduction/outputs/100subaction-e8/experiments/E8/pipeline_outputs/subaction_25_P01_109_25/candidate_04_frame_002349_right,,,,,,,,,,,,,,False
E8,25,P01_109_25,put spoon into drawer,put-into,spoon,"['spoon', 'drawer']",2336,2378,2335.0,2377.0,5.0,2354.0,right,new_contact_episode,29,8,150,"[189.0, 114.0, 314.0, 225.0]",3.0025590552382266,grabcut_fallback,,,,True,,36,0,0,,,0,,,failed,333,0.17957608911769016,track_confidence_below_threshold,,,,,not_run,0,,,,,,,,,not_run,discard,track_confidence_below_threshold,,/Users/huhu/Documents/Code/bishe/vrb/vrbreproduction/outputs/100subaction-e8/experiments/E8/pipeline_outputs/subaction_25_P01_109_25/candidate_05_frame_002354_right,,,,,,,,,,,,,,False
E8,25,P01_109_25,put spoon into drawer,put-into,spoon,"['spoon', 'drawer']",2336,2378,2335.0,2377.0,6.0,2355.0,right,new_contact_episode,29,8,122,"[178.0, 117.0, 309.0, 230.0]",2.9514518801163745,grabcut_fallback,,,,True,,36,0,0,,,0,,,failed,334,0.17957608911769016,track_confidence_below_threshold,,,,,not_run,0,,,,,,,,,not_run,discard,track_confidence_below_threshold,,/Users/huhu/Documents/Code/bishe/vrb/vrbreproduction/outputs/100subaction-e8/experiments/E8/pipeline_outputs/subaction_25_P01_109_25/candidate_06_frame_002355_right,,,,,,,,,,,,,,False
E8,25,P01_109_25,put spoon into drawer,put-into,spoon,"['spoon', 'drawer']",2336,2378,2335.0,2377.0,7.0,2356.0,right,new_contact_episode,29,8,147,"[180.0, 116.0, 310.0, 228.0]",2.988275161644285,grabcut_fallback,,,,True,,36,0,0,,,0,,,failed,335,0.17957608911769016,track_confidence_below_threshold,,,,,not_run,0,,,,,,,,,not_run,discard,track_confidence_below_threshold,,/Users/huhu/Documents/Code/bishe/vrb/vrbreproduction/outputs/100subaction-e8/experiments/E8/pipeline_outputs/subaction_25_P01_109_25/candidate_07_frame_002356_right,,,,,,,,,,,,,,False
E8,26,P01_109_26,close drawer,close,drawer,,2377,2410,,,,,,,0,0,0,,,,,,,True,,0,0,0,,,0,,,not_run,0,0.0,,,,,,not_run,0,,,,,,,,,not_run,discard,no_smoothed_contact_in_subaction,,,,,,,,,,,,,,,,False
E8,27,P01_109_27,pour hand wash,pour,wash:hand,['wash:hand'],2466,2505,2465.0,2504.0,0.0,2468.0,right,new_contact_episode,10,9,19,"[269.0, 64.0, 303.0, 111.0]",3.8868917493448243,grabcut_fallback,bbox_fallback,fallback_lk,cotracker_weighted_affine,False,0.9885714285714287,36,35,33,0.9428571428571428,0.6066197156906128,5,0.0,1632.0,success,67,0.2081649469166817,no_detection_or_flow,2467.0,pre_contact_gap_tracked_reference,1.0,cotracker_weighted_affine,success,5,0.0,0.0896,,,,,,,success,keep,,5.817044265672138,/Users/huhu/Documents/Code/bishe/vrb/vrbreproduction/outputs/100subaction-e8/experiments/E8/pipeline_outputs/subaction_27_P01_109_27/candidate_00_frame_002468_right,/Users/huhu/Documents/Code/bishe/vrb/vrbreproduction/outputs/100subaction-e8/experiments/E8/pipeline_outputs/subaction_27_P01_109_27/candidate_00_frame_002468_right,/Users/huhu/Documents/Code/bishe/vrb/vrbreproduction/outputs/100subaction-e8/experiments/E8/pipeline_outputs/subaction_27_P01_109_27/candidate_00_frame_002468_right/reference_frame.png,/Users/huhu/Documents/Code/bishe/vrb/vrbreproduction/outputs/100subaction-e8/experiments/E8/pipeline_outputs/subaction_27_P01_109_27/candidate_00_frame_002468_right/label_heatmap_merged_overlay.png,/Users/huhu/Documents/Code/bishe/vrb/vrbreproduction/outputs/100subaction-e8/experiments/E8/pipeline_outputs/subaction_27_P01_109_27/candidate_00_frame_002468_right/vrb_style_affordance.png,6.0,0.0,"[268.82, 62.06, 303.36, 109.54]",/Users/huhu/Documents/Code/bishe/vrb/vrbreproduction/outputs/100subaction-e8/experiments/E8/pipeline_outputs/subaction_27_P01_109_27/candidate_00_frame_002468_right/label_heatmap_merged.npy,/Users/huhu/Documents/Code/bishe/vrb/vrbreproduction/outputs/100subaction-e8/experiments/E8/pipeline_outputs/subaction_27_P01_109_27/candidate_00_frame_002468_right/label_heatmap_merged.png,/Users/huhu/Documents/Code/bishe/vrb/vrbreproduction/outputs/100subaction-e8/experiments/E8/pipeline_outputs/subaction_27_P01_109_27/candidate_00_frame_002468_right/mask_projection_overlay.png,"(256, 456)",isotropic_e7,True,True
E8,27,P01_109_27,pour hand wash,pour,wash:hand,['wash:hand'],2466,2505,2465.0,2504.0,1.0,2469.0,right,new_contact_episode,10,9,27,"[267.0, 66.0, 304.0, 115.0]",4.006477299173923,grabcut_fallback,bbox_fallback,fallback_lk,cotracker_weighted_affine,False,0.9299999999999999,32,31,31,1.0,1.3105939626693726,4,0.0,1728.0,success,68,0.2081649469166817,no_detection_or_flow,2467.0,pre_contact_gap_tracked_reference,2.0,cotracker_weighted_affine,success,4,0.0,0.0896,,,,,,,success,keep,,5.4427821811199175,/Users/huhu/Documents/Code/bishe/vrb/vrbreproduction/outputs/100subaction-e8/experiments/E8/pipeline_outputs/subaction_27_P01_109_27/candidate_01_frame_002469_right,/Users/huhu/Documents/Code/bishe/vrb/vrbreproduction/outputs/100subaction-e8/experiments/E8/pipeline_outputs/subaction_27_P01_109_27/candidate_01_frame_002469_right,/Users/huhu/Documents/Code/bishe/vrb/vrbreproduction/outputs/100subaction-e8/experiments/E8/pipeline_outputs/subaction_27_P01_109_27/candidate_01_frame_002469_right/reference_frame.png,/Users/huhu/Documents/Code/bishe/vrb/vrbreproduction/outputs/100subaction-e8/experiments/E8/pipeline_outputs/subaction_27_P01_109_27/candidate_01_frame_002469_right/label_heatmap_merged_overlay.png,/Users/huhu/Documents/Code/bishe/vrb/vrbreproduction/outputs/100subaction-e8/experiments/E8/pipeline_outputs/subaction_27_P01_109_27/candidate_01_frame_002469_right/vrb_style_affordance.png,6.0,0.0,"[268.17, 62.27, 303.73, 110.36]",/Users/huhu/Documents/Code/bishe/vrb/vrbreproduction/outputs/100subaction-e8/experiments/E8/pipeline_outputs/subaction_27_P01_109_27/candidate_01_frame_002469_right/label_heatmap_merged.npy,/Users/huhu/Documents/Code/bishe/vrb/vrbreproduction/outputs/100subaction-e8/experiments/E8/pipeline_outputs/subaction_27_P01_109_27/candidate_01_frame_002469_right/label_heatmap_merged.png,/Users/huhu/Documents/Code/bishe/vrb/vrbreproduction/outputs/100subaction-e8/experiments/E8/pipeline_outputs/subaction_27_P01_109_27/candidate_01_frame_002469_right/mask_projection_overlay.png,"(256, 456)",isotropic_e7,True,False
E8,27,P01_109_27,pour hand wash,pour,wash:hand,['wash:hand'],2466,2505,2465.0,2504.0,2.0,2470.0,right,new_contact_episode,10,9,18,"[267.0, 64.0, 301.0, 115.0]",3.9278846263402953,grabcut_fallback,bbox_fallback,fallback_lk,cotracker_weighted_affine,False,0.9185714285714286,36,35,33,0.9428571428571428,1.29226553440094,4,0.0,1680.0,success,69,0.2081649469166817,no_detection_or_flow,2467.0,pre_contact_gap_tracked_reference,3.0,cotracker_weighted_affine,success,4,0.0,0.0896,,,,,,,success,keep,,5.3944748911108285,/Users/huhu/Documents/Code/bishe/vrb/vrbreproduction/outputs/100subaction-e8/experiments/E8/pipeline_outputs/subaction_27_P01_109_27/candidate_02_frame_002470_right,/Users/huhu/Documents/Code/bishe/vrb/vrbreproduction/outputs/100subaction-e8/experiments/E8/pipeline_outputs/subaction_27_P01_109_27/candidate_02_frame_002470_right,/Users/huhu/Documents/Code/bishe/vrb/vrbreproduction/outputs/100subaction-e8/experiments/E8/pipeline_outputs/subaction_27_P01_109_27/candidate_02_frame_002470_right/reference_frame.png,/Users/huhu/Documents/Code/bishe/vrb/vrbreproduction/outputs/100subaction-e8/experiments/E8/pipeline_outputs/subaction_27_P01_109_27/candidate_02_frame_002470_right/label_heatmap_merged_overlay.png,/Users/huhu/Documents/Code/bishe/vrb/vrbreproduction/outputs/100subaction-e8/experiments/E8/pipeline_outputs/subaction_27_P01_109_27/candidate_02_frame_002470_right/vrb_style_affordance.png,6.0,0.0,"[268.22, 61.84, 303.44, 110.16]",/Users/huhu/Documents/Code/bishe/vrb/vrbreproduction/outputs/100subaction-e8/experiments/E8/pipeline_outputs/subaction_27_P01_109_27/candidate_02_frame_002470_right/label_heatmap_merged.npy,/Users/huhu/Documents/Code/bishe/vrb/vrbreproduction/outputs/100subaction-e8/experiments/E8/pipeline_outputs/subaction_27_P01_109_27/candidate_02_frame_002470_right/label_heatmap_merged.png,/Users/huhu/Documents/Code/bishe/vrb/vrbreproduction/outputs/100subaction-e8/experiments/E8/pipeline_outputs/subaction_27_P01_109_27/candidate_02_frame_002470_right/mask_projection_overlay.png,"(256, 456)",isotropic_e7,True,False
E8,27,P01_109_27,pour hand wash,pour,wash:hand,['wash:hand'],2466,2505,2465.0,2504.0,3.0,2476.0,right,new_contact_episode,10,9,0,,,,,,,False,,0,0,0,,,0,,,not_run,0,0.0,,,,,,not_run,0,,,,,,,,,not_run,discard,missing_hand_or_object_bbox,,/Users/huhu/Documents/Code/bishe/vrb/vrbreproduction/outputs/100subaction-e8/experiments/E8/pipeline_outputs/subaction_27_P01_109_27/candidate_03_frame_002476_right,,,,,,,,,,,,,,False
E8,27,P01_109_27,pour hand wash,pour,wash:hand,['wash:hand'],2466,2505,2465.0,2504.0,4.0,2477.0,right,new_contact_episode,10,9,27,"[266.0, 71.0, 303.0, 123.0]",3.7716665375958884,grabcut_fallback,bbox_fallback,fallback_lk,cotracker_weighted_affine,False,1.0,36,36,36,1.0,0.8424882888793945,5,0.0,2583.0,success,76,0.2081649469166817,no_detection_or_flow,2475.0,pre_contact_gap_tracked_reference,2.0,cotracker_weighted_affine,success,5,0.0,0.09111111111111111,,,,,,,success,keep,,5.876058684666951,/Users/huhu/Documents/Code/bishe/vrb/vrbreproduction/outputs/100subaction-e8/experiments/E8/pipeline_outputs/subaction_27_P01_109_27/candidate_04_frame_002477_right,/Users/huhu/Documents/Code/bishe/vrb/vrbreproduction/outputs/100subaction-e8/experiments/E8/pipeline_outputs/subaction_27_P01_109_27/candidate_04_frame_002477_right,/Users/huhu/Documents/Code/bishe/vrb/vrbreproduction/outputs/100subaction-e8/experiments/E8/pipeline_outputs/subaction_27_P01_109_27/candidate_04_frame_002477_right/reference_frame.png,/Users/huhu/Documents/Code/bishe/vrb/vrbreproduction/outputs/100subaction-e8/experiments/E8/pipeline_outputs/subaction_27_P01_109_27/candidate_04_frame_002477_right/label_heatmap_merged_overlay.png,/Users/huhu/Documents/Code/bishe/vrb/vrbreproduction/outputs/100subaction-e8/experiments/E8/pipeline_outputs/subaction_27_P01_109_27/candidate_04_frame_002477_right/vrb_style_affordance.png,6.0,0.0,"[263.77, 69.98, 305.37, 132.79]",/Users/huhu/Documents/Code/bishe/vrb/vrbreproduction/outputs/100subaction-e8/experiments/E8/pipeline_outputs/subaction_27_P01_109_27/candidate_04_frame_002477_right/label_heatmap_merged.npy,/Users/huhu/Documents/Code/bishe/vrb/vrbreproduction/outputs/100subaction-e8/experiments/E8/pipeline_outputs/subaction_27_P01_109_27/candidate_04_frame_002477_right/label_heatmap_merged.png,/Users/huhu/Documents/Code/bishe/vrb/vrbreproduction/outputs/100subaction-e8/experiments/E8/pipeline_outputs/subaction_27_P01_109_27/candidate_04_frame_002477_right/mask_projection_overlay.png,"(256, 456)",isotropic_e7,True,True
E8,27,P01_109_27,pour hand wash,pour,wash:hand,['wash:hand'],2466,2505,2465.0,2504.0,5.0,2478.0,right,new_contact_episode,10,9,56,"[265.0, 71.0, 304.0, 127.0]",3.819847024176871,grabcut_fallback,bbox_fallback,fallback_lk,cotracker_weighted_affine,False,0.9885714285714287,36,35,33,0.9428571428571428,1.0311205387115479,5,0.0,2583.0,success,77,0.2081649469166817,no_detection_or_flow,2475.0,pre_contact_gap_tracked_reference,3.0,cotracker_weighted_affine,success,5,0.0,0.09111111111111111,,,,,,,success,keep,,5.821542574314845,/Users/huhu/Documents/Code/bishe/vrb/vrbreproduction/outputs/100subaction-e8/experiments/E8/pipeline_outputs/subaction_27_P01_109_27/candidate_05_frame_002478_right,/Users/huhu/Documents/Code/bishe/vrb/vrbreproduction/outputs/100subaction-e8/experiments/E8/pipeline_outputs/subaction_27_P01_109_27/candidate_05_frame_002478_right,/Users/huhu/Documents/Code/bishe/vrb/vrbreproduction/outputs/100subaction-e8/experiments/E8/pipeline_outputs/subaction_27_P01_109_27/candidate_05_frame_002478_right/reference_frame.png,/Users/huhu/Documents/Code/bishe/vrb/vrbreproduction/outputs/100subaction-e8/experiments/E8/pipeline_outputs/subaction_27_P01_109_27/candidate_05_frame_002478_right/label_heatmap_merged_overlay.png,/Users/huhu/Documents/Code/bishe/vrb/vrbreproduction/outputs/100subaction-e8/experiments/E8/pipeline_outputs/subaction_27_P01_109_27/candidate_05_frame_002478_right/vrb_style_affordance.png,6.0,0.0,"[263.57, 69.98, 305.42, 133.24]",/Users/huhu/Documents/Code/bishe/vrb/vrbreproduction/outputs/100subaction-e8/experiments/E8/pipeline_outputs/subaction_27_P01_109_27/candidate_05_frame_002478_right/label_heatmap_merged.npy,/Users/huhu/Documents/Code/bishe/vrb/vrbreproduction/outputs/100subaction-e8/experiments/E8/pipeline_outputs/subaction_27_P01_109_27/candidate_05_frame_002478_right/label_heatmap_merged.png,/Users/huhu/Documents/Code/bishe/vrb/vrbreproduction/outputs/100subaction-e8/experiments/E8/pipeline_outputs/subaction_27_P01_109_27/candidate_05_frame_002478_right/mask_projection_overlay.png,"(256, 456)",isotropic_e7,True,False
E8,27,P01_109_27,pour hand wash,pour,wash:hand,['wash:hand'],2466,2505,2465.0,2504.0,6.0,2484.0,right,new_contact_episode,10,9,69,"[269.0, 68.0, 313.0, 121.0]",3.4578706476032632,grabcut_fallback,bbox_fallback,fallback_lk,cotracker_weighted_affine,False,1.0,36,35,35,1.0,0.24780823290348053,5,0.0,2332.0,success,83,0.2081649469166817,no_detection_or_flow,2483.0,pre_contact_gap_tracked_reference,1.0,cotracker_weighted_affine,success,5,0.0,0.09013333333333333,,,,,,,success,keep,,5.869865753012895,/Users/huhu/Documents/Code/bishe/vrb/vrbreproduction/outputs/100subaction-e8/experiments/E8/pipeline_outputs/subaction_27_P01_109_27/candidate_06_frame_002484_right,/Users/huhu/Documents/Code/bishe/vrb/vrbreproduction/outputs/100subaction-e8/experiments/E8/pipeline_outputs/subaction_27_P01_109_27/candidate_06_frame_002484_right,/Users/huhu/Documents/Code/bishe/vrb/vrbreproduction/outputs/100subaction-e8/experiments/E8/pipeline_outputs/subaction_27_P01_109_27/candidate_06_frame_002484_right/reference_frame.png,/Users/huhu/Documents/Code/bishe/vrb/vrbreproduction/outputs/100subaction-e8/experiments/E8/pipeline_outputs/subaction_27_P01_109_27/candidate_06_frame_002484_right/label_heatmap_merged_overlay.png,/Users/huhu/Documents/Code/bishe/vrb/vrbreproduction/outputs/100subaction-e8/experiments/E8/pipeline_outputs/subaction_27_P01_109_27/candidate_06_frame_002484_right/vrb_style_affordance.png,6.0,0.0,"[267.9, 68.67, 312.02, 121.77]",/Users/huhu/Documents/Code/bishe/vrb/vrbreproduction/outputs/100subaction-e8/experiments/E8/pipeline_outputs/subaction_27_P01_109_27/candidate_06_frame_002484_right/label_heatmap_merged.npy,/Users/huhu/Documents/Code/bishe/vrb/vrbreproduction/outputs/100subaction-e8/experiments/E8/pipeline_outputs/subaction_27_P01_109_27/candidate_06_frame_002484_right/label_heatmap_merged.png,/Users/huhu/Documents/Code/bishe/vrb/vrbreproduction/outputs/100subaction-e8/experiments/E8/pipeline_outputs/subaction_27_P01_109_27/candidate_06_frame_002484_right/mask_projection_overlay.png,"(256, 456)",isotropic_e7,True,True
E8,27,P01_109_27,pour hand wash,pour,wash:hand,['wash:hand'],2466,2505,2465.0,2504.0,7.0,2485.0,right,new_contact_episode,10,9,0,,,,,,,False,,0,0,0,,,0,,,not_run,0,0.0,,,,,,not_run,0,,,,,,,,,not_run,discard,missing_hand_or_object_bbox,,/Users/huhu/Documents/Code/bishe/vrb/vrbreproduction/outputs/100subaction-e8/experiments/E8/pipeline_outputs/subaction_27_P01_109_27/candidate_07_frame_002485_right,,,,,,,,,,,,,,False
E8,27,P01_109_27,pour hand wash,pour,wash:hand,['wash:hand'],2466,2505,2465.0,2504.0,8.0,2486.0,right,new_contact_episode,10,9,0,,,,,,,False,,0,0,0,,,0,,,not_run,0,0.0,,,,,,not_run,0,,,,,,,,,not_run,discard,missing_hand_or_object_bbox,,/Users/huhu/Documents/Code/bishe/vrb/vrbreproduction/outputs/100subaction-e8/experiments/E8/pipeline_outputs/subaction_27_P01_109_27/candidate_08_frame_002486_right,,,,,,,,,,,,,,False
E8,28,P01_109_28,wash hands,wash,hand,['hand'],2478,2540,2477.0,2539.0,0.0,2484.0,right,new_contact_episode,8,5,69,"[269.0, 68.0, 313.0, 121.0]",3.4578706476032632,grabcut_fallback,bbox_fallback,fallback_lk,cotracker_weighted_affine,False,1.0,36,35,35,1.0,0.24780823290348053,5,0.0,2332.0,success,83,0.2081649469166817,no_detection_or_flow,2483.0,pre_contact_gap_tracked_reference,1.0,cotracker_weighted_affine,success,5,0.0,0.09013333333333333,,,,,,,success,keep,,5.869865753012895,/Users/huhu/Documents/Code/bishe/vrb/vrbreproduction/outputs/100subaction-e8/experiments/E8/pipeline_outputs/subaction_28_P01_109_28/candidate_00_frame_002484_right,/Users/huhu/Documents/Code/bishe/vrb/vrbreproduction/outputs/100subaction-e8/experiments/E8/pipeline_outputs/subaction_28_P01_109_28/candidate_00_frame_002484_right,/Users/huhu/Documents/Code/bishe/vrb/vrbreproduction/outputs/100subaction-e8/experiments/E8/pipeline_outputs/subaction_28_P01_109_28/candidate_00_frame_002484_right/reference_frame.png,/Users/huhu/Documents/Code/bishe/vrb/vrbreproduction/outputs/100subaction-e8/experiments/E8/pipeline_outputs/subaction_28_P01_109_28/candidate_00_frame_002484_right/label_heatmap_merged_overlay.png,/Users/huhu/Documents/Code/bishe/vrb/vrbreproduction/outputs/100subaction-e8/experiments/E8/pipeline_outputs/subaction_28_P01_109_28/candidate_00_frame_002484_right/vrb_style_affordance.png,6.0,0.0,"[267.9, 68.67, 312.02, 121.77]",/Users/huhu/Documents/Code/bishe/vrb/vrbreproduction/outputs/100subaction-e8/experiments/E8/pipeline_outputs/subaction_28_P01_109_28/candidate_00_frame_002484_right/label_heatmap_merged.npy,/Users/huhu/Documents/Code/bishe/vrb/vrbreproduction/outputs/100subaction-e8/experiments/E8/pipeline_outputs/subaction_28_P01_109_28/candidate_00_frame_002484_right/label_heatmap_merged.png,/Users/huhu/Documents/Code/bishe/vrb/vrbreproduction/outputs/100subaction-e8/experiments/E8/pipeline_outputs/subaction_28_P01_109_28/candidate_00_frame_002484_right/mask_projection_overlay.png,"(256, 456)",isotropic_e7,True,True
E8,28,P01_109_28,wash hands,wash,hand,['hand'],2478,2540,2477.0,2539.0,1.0,2485.0,right,new_contact_episode,8,5,0,,,,,,,False,,0,0,0,,,0,,,not_run,0,0.0,,,,,,not_run,0,,,,,,,,,not_run,discard,missing_hand_or_object_bbox,,/Users/huhu/Documents/Code/bishe/vrb/vrbreproduction/outputs/100subaction-e8/experiments/E8/pipeline_outputs/subaction_28_P01_109_28/candidate_01_frame_002485_right,,,,,,,,,,,,,,False
E8,28,P01_109_28,wash hands,wash,hand,['hand'],2478,2540,2477.0,2539.0,2.0,2486.0,right,new_contact_episode,8,5,0,,,,,,,False,,0,0,0,,,0,,,not_run,0,0.0,,,,,,not_run,0,,,,,,,,,not_run,discard,missing_hand_or_object_bbox,,/Users/huhu/Documents/Code/bishe/vrb/vrbreproduction/outputs/100subaction-e8/experiments/E8/pipeline_outputs/subaction_28_P01_109_28/candidate_02_frame_002486_right,,,,,,,,,,,,,,False
E8,28,P01_109_28,wash hands,wash,hand,['hand'],2478,2540,2477.0,2539.0,3.0,2538.0,left,new_contact_episode,8,5,0,"[111.0, 90.0, 220.0, 143.0]",1.8826617107445243,,,,,False,,0,0,0,,,0,,,not_run,0,0.0,,,,,,not_run,0,,,,,,,,,not_run,discard,contact_points_lt5_after_object_boundary_filter,,/Users/huhu/Documents/Code/bishe/vrb/vrbreproduction/outputs/100subaction-e8/experiments/E8/pipeline_outputs/subaction_28_P01_109_28/candidate_03_frame_002538_left,,,,,,,,,,,,,,False
E8,28,P01_109_28,wash hands,wash,hand,['hand'],2478,2540,2477.0,2539.0,4.0,2539.0,left,new_contact_episode,8,5,0,"[113.0, 88.0, 223.0, 143.0]",1.9424701792306882,,,,,False,,0,0,0,,,0,,,not_run,0,0.0,,,,,,not_run,0,,,,,,,,,not_run,discard,contact_points_lt5_after_object_boundary_filter,,/Users/huhu/Documents/Code/bishe/vrb/vrbreproduction/outputs/100subaction-e8/experiments/E8/pipeline_outputs/subaction_28_P01_109_28/candidate_04_frame_002539_left,,,,,,,,,,,,,,False
E8,29,P01_109_29,turn on tap,turn-on,tap,['tap'],2545,2575,2544.0,2574.0,0.0,2550.0,right,new_contact_episode,38,7,23,"[125.0, 86.0, 232.0, 134.0]",2.7432550550846257,grabcut_fallback,,,,False,,26,0,0,,,0,,,failed,130,0.17853784019422808,track_confidence_below_threshold,,,,,not_run,0,,,,,,,,,not_run,discard,track_confidence_below_threshold,,/Users/huhu/Documents/Code/bishe/vrb/vrbreproduction/outputs/100subaction-e8/experiments/E8/pipeline_outputs/subaction_29_P01_109_29/candidate_00_frame_002550_right,,,,,,,,,,,,,,False
E8,29,P01_109_29,turn on tap,turn-on,tap,['tap'],2545,2575,2544.0,2574.0,1.0,2551.0,right,new_contact_episode,38,7,0,"[124.0, 86.0, 228.0, 133.0]",1.2431509889917756,,,,,False,,0,0,0,,,0,,,not_run,0,0.0,,,,,,not_run,0,,,,,,,,,not_run,discard,contact_points_lt5_after_object_boundary_filter,,/Users/huhu/Documents/Code/bishe/vrb/vrbreproduction/outputs/100subaction-e8/experiments/E8/pipeline_outputs/subaction_29_P01_109_29/candidate_01_frame_002551_right,,,,,,,,,,,,,,False
E8,29,P01_109_29,turn on tap,turn-on,tap,['tap'],2545,2575,2544.0,2574.0,2.0,2552.0,right,new_contact_episode,38,7,24,"[124.0, 86.0, 231.0, 136.0]",2.804180217060165,grabcut_fallback,,,,False,,36,0,0,,,0,,,failed,132,0.17853784019422808,track_confidence_below_threshold,,,,,not_run,0,,,,,,,,,not_run,discard,track_confidence_below_threshold,,/Users/huhu/Documents/Code/bishe/vrb/vrbreproduction/outputs/100subaction-e8/experiments/E8/pipeline_outputs/subaction_29_P01_109_29/candidate_02_frame_002552_right,,,,,,,,,,,,,,False
E8,29,P01_109_29,turn on tap,turn-on,tap,['tap'],2545,2575,2544.0,2574.0,3.0,2567.0,right,new_contact_episode,38,7,23,"[131.0, 88.0, 240.0, 142.0]",2.8525905787173103,grabcut_fallback,,,,False,,36,0,0,,,0,,,failed,147,0.17853784019422808,track_confidence_below_threshold,,,,,not_run,0,,,,,,,,,not_run,discard,track_confidence_below_threshold,,/Users/huhu/Documents/Code/bishe/vrb/vrbreproduction/outputs/100subaction-e8/experiments/E8/pipeline_outputs/subaction_29_P01_109_29/candidate_03_frame_002567_right,,,,,,,,,,,,,,False
E8,29,P01_109_29,turn on tap,turn-on,tap,['tap'],2545,2575,2544.0,2574.0,4.0,2568.0,right,new_contact_episode,38,7,25,"[131.0, 87.0, 239.0, 142.0]",2.819151812963672,grabcut_fallback,,,,False,,36,0,0,,,0,,,failed,148,0.17853784019422808,track_confidence_below_threshold,,,,,not_run,0,,,,,,,,,not_run,discard,track_confidence_below_threshold,,/Users/huhu/Documents/Code/bishe/vrb/vrbreproduction/outputs/100subaction-e8/experiments/E8/pipeline_outputs/subaction_29_P01_109_29/candidate_04_frame_002568_right,,,,,,,,,,,,,,False
E8,29,P01_109_29,turn on tap,turn-on,tap,['tap'],2545,2575,2544.0,2574.0,5.0,2569.0,right,new_contact_episode,38,7,24,"[135.0, 88.0, 239.0, 143.0]",2.882695784720054,grabcut_fallback,,,,False,,36,0,0,,,0,,,failed,149,0.17853784019422808,track_confidence_below_threshold,,,,,not_run,0,,,,,,,,,not_run,discard,track_confidence_below_threshold,,/Users/huhu/Documents/Code/bishe/vrb/vrbreproduction/outputs/100subaction-e8/experiments/E8/pipeline_outputs/subaction_29_P01_109_29/candidate_05_frame_002569_right,,,,,,,,,,,,,,False
E8,29,P01_109_29,turn on tap,turn-on,tap,['tap'],2545,2575,2544.0,2574.0,6.0,2573.0,right,new_contact_episode,38,7,32,"[134.0, 85.0, 243.0, 141.0]",2.9320615050011725,grabcut_fallback,,,,False,,36,0,0,,,0,,,failed,153,0.17853784019422808,track_confidence_below_threshold,,,,,not_run,0,,,,,,,,,not_run,discard,track_confidence_below_threshold,,/Users/huhu/Documents/Code/bishe/vrb/vrbreproduction/outputs/100subaction-e8/experiments/E8/pipeline_outputs/subaction_29_P01_109_29/candidate_06_frame_002573_right,,,,,,,,,,,,,,False
E8,30,P01_109_30,rinse hands,rinse,hand,['hand'],2579,2963,2578.0,2962.0,0.0,2708.0,left,new_contact_episode,164,12,26,"[155.0, 119.0, 331.0, 253.0]",3.1925627910869707,grabcut_fallback,,,,False,,36,0,0,,,0,,,failed,288,0.17853784019422808,track_confidence_below_threshold,,,,,not_run,0,,,,,,,,,not_run,discard,track_confidence_below_threshold,,/Users/huhu/Documents/Code/bishe/vrb/vrbreproduction/outputs/100subaction-e8/experiments/E8/pipeline_outputs/subaction_30_P01_109_30/candidate_00_frame_002708_left,,,,,,,,,,,,,,False
E8,30,P01_109_30,rinse hands,rinse,hand,['hand'],2579,2963,2578.0,2962.0,1.0,2709.0,left,new_contact_episode,164,12,66,"[148.0, 130.0, 319.0, 250.0]",3.258805583360353,grabcut_fallback,,,,False,,36,0,0,,,0,,,failed,289,0.17853784019422808,track_confidence_below_threshold,,,,,not_run,0,,,,,,,,,not_run,discard,track_confidence_below_threshold,,/Users/huhu/Documents/Code/bishe/vrb/vrbreproduction/outputs/100subaction-e8/experiments/E8/pipeline_outputs/subaction_30_P01_109_30/candidate_01_frame_002709_left,,,,,,,,,,,,,,False
E8,30,P01_109_30,rinse hands,rinse,hand,['hand'],2579,2963,2578.0,2962.0,2.0,2710.0,left,new_contact_episode,164,12,28,"[156.0, 121.0, 312.0, 247.0]",3.2604029757841566,grabcut_fallback,,,,False,,36,0,0,,,0,,,failed,290,0.17853784019422808,track_confidence_below_threshold,,,,,not_run,0,,,,,,,,,not_run,discard,track_confidence_below_threshold,,/Users/huhu/Documents/Code/bishe/vrb/vrbreproduction/outputs/100subaction-e8/experiments/E8/pipeline_outputs/subaction_30_P01_109_30/candidate_02_frame_002710_left,,,,,,,,,,,,,,False
E8,30,P01_109_30,rinse hands,rinse,hand,['hand'],2579,2963,2578.0,2962.0,3.0,2717.0,left,new_contact_episode,164,12,68,"[148.0, 132.0, 318.0, 251.0]",3.2262027932199833,grabcut_fallback,,,,False,,36,0,0,,,0,,,failed,297,0.17853784019422808,track_confidence_below_threshold,,,,,not_run,0,,,,,,,,,not_run,discard,track_confidence_below_threshold,,/Users/huhu/Documents/Code/bishe/vrb/vrbreproduction/outputs/100subaction-e8/experiments/E8/pipeline_outputs/subaction_30_P01_109_30/candidate_03_frame_002717_left,,,,,,,,,,,,,,False
E8,30,P01_109_30,rinse hands,rinse,hand,['hand'],2579,2963,2578.0,2962.0,4.0,2718.0,left,new_contact_episode,164,12,62,"[148.0, 134.0, 313.0, 250.0]",3.204108753190423,grabcut_fallback,,,,False,,36,0,0,,,0,,,failed,298,0.17853784019422808,track_confidence_below_threshold,,,,,not_run,0,,,,,,,,,not_run,discard,track_confidence_below_threshold,,/Users/huhu/Documents/Code/bishe/vrb/vrbreproduction/outputs/100subaction-e8/experiments/E8/pipeline_outputs/subaction_30_P01_109_30/candidate_04_frame_002718_left,,,,,,,,,,,,,,False
E8,30,P01_109_30,rinse hands,rinse,hand,['hand'],2579,2963,2578.0,2962.0,5.0,2718.0,right,new_contact_episode,164,12,52,"[148.0, 134.0, 313.0, 250.0]",3.3028005203906057,grabcut_fallback,,,,False,,36,0,0,,,0,,,failed,298,0.17853784019422808,track_confidence_below_threshold,,,,,not_run,0,,,,,,,,,not_run,discard,track_confidence_below_threshold,,/Users/huhu/Documents/Code/bishe/vrb/vrbreproduction/outputs/100subaction-e8/experiments/E8/pipeline_outputs/subaction_30_P01_109_30/candidate_05_frame_002718_right,,,,,,,,,,,,,,False
E8,30,P01_109_30,rinse hands,rinse,hand,['hand'],2579,2963,2578.0,2962.0,6.0,2719.0,right,new_contact_episode,164,12,25,"[139.0, 128.0, 314.0, 250.0]",3.328695655285016,grabcut_fallback,,,,False,,36,0,0,,,0,,,failed,299,0.17853784019422808,track_confidence_below_threshold,,,,,not_run,0,,,,,,,,,not_run,discard,track_confidence_below_threshold,,/Users/huhu/Documents/Code/bishe/vrb/vrbreproduction/outputs/100subaction-e8/experiments/E8/pipeline_outputs/subaction_30_P01_109_30/candidate_06_frame_002719_right,,,,,,,,,,,,,,False
E8,30,P01_109_30,rinse hands,rinse,hand,['hand'],2579,2963,2578.0,2962.0,7.0,2720.0,right,new_contact_episode,164,12,45,"[142.0, 127.0, 317.0, 251.0]",3.362825233671821,grabcut_fallback,,,,False,,36,0,0,,,0,,,failed,300,0.17853784019422808,track_confidence_below_threshold,,,,,not_run,0,,,,,,,,,not_run,discard,track_confidence_below_threshold,,/Users/huhu/Documents/Code/bishe/vrb/vrbreproduction/outputs/100subaction-e8/experiments/E8/pipeline_outputs/subaction_30_P01_109_30/candidate_07_frame_002720_right,,,,,,,,,,,,,,False
E8,30,P01_109_30,rinse hands,rinse,hand,['hand'],2579,2963,2578.0,2962.0,8.0,2723.0,left,new_contact_episode,164,12,57,"[148.0, 126.0, 306.0, 250.0]",3.205018777085157,grabcut_fallback,,,,False,,36,0,0,,,0,,,failed,303,0.17853784019422808,track_confidence_below_threshold,,,,,not_run,0,,,,,,,,,not_run,discard,track_confidence_below_threshold,,/Users/huhu/Documents/Code/bishe/vrb/vrbreproduction/outputs/100subaction-e8/experiments/E8/pipeline_outputs/subaction_30_P01_109_30/candidate_08_frame_002723_left,,,,,,,,,,,,,,False
E8,30,P01_109_30,rinse hands,rinse,hand,['hand'],2579,2963,2578.0,2962.0,9.0,2724.0,left,new_contact_episode,164,12,67,"[152.0, 129.0, 310.0, 248.0]",3.243733594204402,grabcut_fallback,,,,False,,36,0,0,,,0,,,failed,304,0.17853784019422808,track_confidence_below_threshold,,,,,not_run,0,,,,,,,,,not_run,discard,track_confidence_below_threshold,,/Users/huhu/Documents/Code/bishe/vrb/vrbreproduction/outputs/100subaction-e8/experiments/E8/pipeline_outputs/subaction_30_P01_109_30/candidate_09_frame_002724_left,,,,,,,,,,,,,,False
E8,30,P01_109_30,rinse hands,rinse,hand,['hand'],2579,2963,2578.0,2962.0,10.0,2725.0,left,new_contact_episode,164,12,74,"[156.0, 128.0, 308.0, 248.0]",3.252348450148852,grabcut_fallback,,,,False,,36,0,0,,,0,,,failed,305,0.17853784019422808,track_confidence_below_threshold,,,,,not_run,0,,,,,,,,,not_run,discard,track_confidence_below_threshold,,/Users/huhu/Documents/Code/bishe/vrb/vrbreproduction/outputs/100subaction-e8/experiments/E8/pipeline_outputs/subaction_30_P01_109_30/candidate_10_frame_002725_left,,,,,,,,,,,,,,False
E8,30,P01_109_30,rinse hands,rinse,hand,['hand'],2579,2963,2578.0,2962.0,11.0,2749.0,left,new_contact_episode,164,12,111,"[168.0, 122.0, 343.0, 251.0]",3.2165411992738715,grabcut_fallback,,,,False,,36,0,0,,,0,,,failed,329,0.17853784019422808,track_confidence_below_threshold,,,,,not_run,0,,,,,,,,,not_run,discard,track_confidence_below_threshold,,/Users/huhu/Documents/Code/bishe/vrb/vrbreproduction/outputs/100subaction-e8/experiments/E8/pipeline_outputs/subaction_30_P01_109_30/candidate_11_frame_002749_left,,,,,,,,,,,,,,False
E8,31,P01_109_31,turn off tap,turn-off,tap,['tap'],2967,2989,2966.0,2988.0,0.0,2968.0,left,new_contact_episode,10,6,21,"[145.0, 71.0, 244.0, 129.0]",3.1331812790157993,grabcut_fallback,bbox_fallback,fallback_lk,cotracker_weighted_affine,False,1.0,30,30,30,1.0,0.5765430927276611,5,0.0,5742.0,success,361,0.773420926196382,,2967.0,pre_contact_gap_tracked_reference,1.0,cotracker_weighted_affine,success,5,0.0,0.0816,,,,,,,success,keep,,5.904303707218169,/Users/huhu/Documents/Code/bishe/vrb/vrbreproduction/outputs/100subaction-e8/experiments/E8/pipeline_outputs/subaction_31_P01_109_31/candidate_00_frame_002968_left,/Users/huhu/Documents/Code/bishe/vrb/vrbreproduction/outputs/100subaction-e8/experiments/E8/pipeline_outputs/subaction_31_P01_109_31/candidate_00_frame_002968_left,/Users/huhu/Documents/Code/bishe/vrb/vrbreproduction/outputs/100subaction-e8/experiments/E8/pipeline_outputs/subaction_31_P01_109_31/candidate_00_frame_002968_left/reference_frame.png,/Users/huhu/Documents/Code/bishe/vrb/vrbreproduction/outputs/100subaction-e8/experiments/E8/pipeline_outputs/subaction_31_P01_109_31/candidate_00_frame_002968_left/label_heatmap_merged_overlay.png,/Users/huhu/Documents/Code/bishe/vrb/vrbreproduction/outputs/100subaction-e8/experiments/E8/pipeline_outputs/subaction_31_P01_109_31/candidate_00_frame_002968_left/vrb_style_affordance.png,6.0,0.0,"[143.63, 72.08, 243.3, 129.56]",/Users/huhu/Documents/Code/bishe/vrb/vrbreproduction/outputs/100subaction-e8/experiments/E8/pipeline_outputs/subaction_31_P01_109_31/candidate_00_frame_002968_left/label_heatmap_merged.npy,/Users/huhu/Documents/Code/bishe/vrb/vrbreproduction/outputs/100subaction-e8/experiments/E8/pipeline_outputs/subaction_31_P01_109_31/candidate_00_frame_002968_left/label_heatmap_merged.png,/Users/huhu/Documents/Code/bishe/vrb/vrbreproduction/outputs/100subaction-e8/experiments/E8/pipeline_outputs/subaction_31_P01_109_31/candidate_00_frame_002968_left/mask_projection_overlay.png,"(256, 456)",isotropic_e7,True,True
E8,31,P01_109_31,turn off tap,turn-off,tap,['tap'],2967,2989,2966.0,2988.0,1.0,2969.0,left,new_contact_episode,10,6,0,,,,,,,False,,0,0,0,,,0,,,not_run,0,0.0,,,,,,not_run,0,,,,,,,,,not_run,discard,missing_hand_or_object_bbox,,/Users/huhu/Documents/Code/bishe/vrb/vrbreproduction/outputs/100subaction-e8/experiments/E8/pipeline_outputs/subaction_31_P01_109_31/candidate_01_frame_002969_left,,,,,,,,,,,,,,False
E8,31,P01_109_31,turn off tap,turn-off,tap,['tap'],2967,2989,2966.0,2988.0,2.0,2970.0,left,new_contact_episode,10,6,29,"[144.0, 67.0, 243.0, 129.0]",3.206238574010081,grabcut_fallback,bbox_fallback,fallback_lk,cotracker_weighted_affine,False,0.9333333333333333,36,36,24,0.6666666666666666,1.6956846714019775,5,0.0,5841.0,success,361,0.773420926196382,,2960.0,pre_contact_gap_tracked_reference,10.0,cotracker_weighted_affine,success,5,0.0,0.0864,,,,,,,success,keep,,5.348707584974086,/Users/huhu/Documents/Code/bishe/vrb/vrbreproduction/outputs/100subaction-e8/experiments/E8/pipeline_outputs/subaction_31_P01_109_31/candidate_02_frame_002970_left,/Users/huhu/Documents/Code/bishe/vrb/vrbreproduction/outputs/100subaction-e8/experiments/E8/pipeline_outputs/subaction_31_P01_109_31/candidate_02_frame_002970_left,/Users/huhu/Documents/Code/bishe/vrb/vrbreproduction/outputs/100subaction-e8/experiments/E8/pipeline_outputs/subaction_31_P01_109_31/candidate_02_frame_002970_left/reference_frame.png,/Users/huhu/Documents/Code/bishe/vrb/vrbreproduction/outputs/100subaction-e8/experiments/E8/pipeline_outputs/subaction_31_P01_109_31/candidate_02_frame_002970_left/label_heatmap_merged_overlay.png,/Users/huhu/Documents/Code/bishe/vrb/vrbreproduction/outputs/100subaction-e8/experiments/E8/pipeline_outputs/subaction_31_P01_109_31/candidate_02_frame_002970_left/vrb_style_affordance.png,6.0,0.0,"[140.77, 81.6, 240.28, 140.51]",/Users/huhu/Documents/Code/bishe/vrb/vrbreproduction/outputs/100subaction-e8/experiments/E8/pipeline_outputs/subaction_31_P01_109_31/candidate_02_frame_002970_left/label_heatmap_merged.npy,/Users/huhu/Documents/Code/bishe/vrb/vrbreproduction/outputs/100subaction-e8/experiments/E8/pipeline_outputs/subaction_31_P01_109_31/candidate_02_frame_002970_left/label_heatmap_merged.png,/Users/huhu/Documents/Code/bishe/vrb/vrbreproduction/outputs/100subaction-e8/experiments/E8/pipeline_outputs/subaction_31_P01_109_31/candidate_02_frame_002970_left/mask_projection_overlay.png,"(256, 456)",isotropic_e7,True,False
E8,31,P01_109_31,turn off tap,turn-off,tap,['tap'],2967,2989,2966.0,2988.0,3.0,2978.0,left,new_contact_episode,10,6,19,"[144.0, 58.0, 236.0, 117.0]",3.3241424246544784,grabcut_fallback,bbox_fallback,fallback_lk,cotracker_weighted_affine,False,0.9944444444444445,36,36,35,0.9722222222222222,0.4670446515083313,5,0.0,5310.0,success,361,0.7543074510206053,,2977.0,pre_contact_gap_tracked_reference,1.0,cotracker_weighted_affine,success,5,0.0,0.0752,,,,,,,success,keep,,5.896355327121416,/Users/huhu/Documents/Code/bishe/vrb/vrbreproduction/outputs/100subaction-e8/experiments/E8/pipeline_outputs/subaction_31_P01_109_31/candidate_03_frame_002978_left,/Users/huhu/Documents/Code/bishe/vrb/vrbreproduction/outputs/100subaction-e8/experiments/E8/pipeline_outputs/subaction_31_P01_109_31/candidate_03_frame_002978_left,/Users/huhu/Documents/Code/bishe/vrb/vrbreproduction/outputs/100subaction-e8/experiments/E8/pipeline_outputs/subaction_31_P01_109_31/candidate_03_frame_002978_left/reference_frame.png,/Users/huhu/Documents/Code/bishe/vrb/vrbreproduction/outputs/100subaction-e8/experiments/E8/pipeline_outputs/subaction_31_P01_109_31/candidate_03_frame_002978_left/label_heatmap_merged_overlay.png,/Users/huhu/Documents/Code/bishe/vrb/vrbreproduction/outputs/100subaction-e8/experiments/E8/pipeline_outputs/subaction_31_P01_109_31/candidate_03_frame_002978_left/vrb_style_affordance.png,6.0,0.0,"[145.43, 59.67, 234.71, 119.3]",/Users/huhu/Documents/Code/bishe/vrb/vrbreproduction/outputs/100subaction-e8/experiments/E8/pipeline_outputs/subaction_31_P01_109_31/candidate_03_frame_002978_left/label_heatmap_merged.npy,/Users/huhu/Documents/Code/bishe/vrb/vrbreproduction/outputs/100subaction-e8/experiments/E8/pipeline_outputs/subaction_31_P01_109_31/candidate_03_frame_002978_left/label_heatmap_merged.png,/Users/huhu/Documents/Code/bishe/vrb/vrbreproduction/outputs/100subaction-e8/experiments/E8/pipeline_outputs/subaction_31_P01_109_31/candidate_03_frame_002978_left/mask_projection_overlay.png,"(256, 456)",isotropic_e7,True,True
E8,31,P01_109_31,turn off tap,turn-off,tap,['tap'],2967,2989,2966.0,2988.0,4.0,2979.0,left,new_contact_episode,10,6,19,"[146.0, 56.0, 235.0, 116.0]",3.329894209271904,grabcut_fallback,bbox_fallback,fallback_lk,cotracker_weighted_affine,False,0.9888888888888889,36,36,34,0.9444444444444444,0.948883056640625,5,0.0,5192.0,success,361,0.7543074510206053,,2977.0,pre_contact_gap_tracked_reference,2.0,cotracker_weighted_affine,success,5,0.0,0.0752,,,,,,,success,keep,,5.855066841634114,/Users/huhu/Documents/Code/bishe/vrb/vrbreproduction/outputs/100subaction-e8/experiments/E8/pipeline_outputs/subaction_31_P01_109_31/candidate_04_frame_002979_left,/Users/huhu/Documents/Code/bishe/vrb/vrbreproduction/outputs/100subaction-e8/experiments/E8/pipeline_outputs/subaction_31_P01_109_31/candidate_04_frame_002979_left,/Users/huhu/Documents/Code/bishe/vrb/vrbreproduction/outputs/100subaction-e8/experiments/E8/pipeline_outputs/subaction_31_P01_109_31/candidate_04_frame_002979_left/reference_frame.png,/Users/huhu/Documents/Code/bishe/vrb/vrbreproduction/outputs/100subaction-e8/experiments/E8/pipeline_outputs/subaction_31_P01_109_31/candidate_04_frame_002979_left/label_heatmap_merged_overlay.png,/Users/huhu/Documents/Code/bishe/vrb/vrbreproduction/outputs/100subaction-e8/experiments/E8/pipeline_outputs/subaction_31_P01_109_31/candidate_04_frame_002979_left/vrb_style_affordance.png,6.0,0.0,"[145.72, 59.61, 234.49, 119.29]",/Users/huhu/Documents/Code/bishe/vrb/vrbreproduction/outputs/100subaction-e8/experiments/E8/pipeline_outputs/subaction_31_P01_109_31/candidate_04_frame_002979_left/label_heatmap_merged.npy,/Users/huhu/Documents/Code/bishe/vrb/vrbreproduction/outputs/100subaction-e8/experiments/E8/pipeline_outputs/subaction_31_P01_109_31/candidate_04_frame_002979_left/label_heatmap_merged.png,/Users/huhu/Documents/Code/bishe/vrb/vrbreproduction/outputs/100subaction-e8/experiments/E8/pipeline_outputs/subaction_31_P01_109_31/candidate_04_frame_002979_left/mask_projection_overlay.png,"(256, 456)",isotropic_e7,True,False
E8,31,P01_109_31,turn off tap,turn-off,tap,['tap'],2967,2989,2966.0,2988.0,5.0,2980.0,left,new_contact_episode,10,6,19,"[145.0, 55.0, 235.0, 114.0]",3.345253487302144,grabcut_fallback,bbox_fallback,fallback_lk,cotracker_weighted_affine,False,0.9777777777777779,36,36,32,0.8888888888888888,0.9939525127410889,5,0.0,5251.0,success,361,0.7543074510206053,,2977.0,pre_contact_gap_tracked_reference,3.0,cotracker_weighted_affine,success,5,0.0,0.0752,,,,,,,success,keep,,5.806048091284433,/Users/huhu/Documents/Code/bishe/vrb/vrbreproduction/outputs/100subaction-e8/experiments/E8/pipeline_outputs/subaction_31_P01_109_31/candidate_05_frame_002980_left,/Users/huhu/Documents/Code/bishe/vrb/vrbreproduction/outputs/100subaction-e8/experiments/E8/pipeline_outputs/subaction_31_P01_109_31/candidate_05_frame_002980_left,/Users/huhu/Documents/Code/bishe/vrb/vrbreproduction/outputs/100subaction-e8/experiments/E8/pipeline_outputs/subaction_31_P01_109_31/candidate_05_frame_002980_left/reference_frame.png,/Users/huhu/Documents/Code/bishe/vrb/vrbreproduction/outputs/100subaction-e8/experiments/E8/pipeline_outputs/subaction_31_P01_109_31/candidate_05_frame_002980_left/label_heatmap_merged_overlay.png,/Users/huhu/Documents/Code/bishe/vrb/vrbreproduction/outputs/100subaction-e8/experiments/E8/pipeline_outputs/subaction_31_P01_109_31/candidate_05_frame_002980_left/vrb_style_affordance.png,6.0,0.0,"[145.69, 59.59, 234.52, 119.24]",/Users/huhu/Documents/Code/bishe/vrb/vrbreproduction/outputs/100subaction-e8/experiments/E8/pipeline_outputs/subaction_31_P01_109_31/candidate_05_frame_002980_left/label_heatmap_merged.npy,/Users/huhu/Documents/Code/bishe/vrb/vrbreproduction/outputs/100subaction-e8/experiments/E8/pipeline_outputs/subaction_31_P01_109_31/candidate_05_frame_002980_left/label_heatmap_merged.png,/Users/huhu/Documents/Code/bishe/vrb/vrbreproduction/outputs/100subaction-e8/experiments/E8/pipeline_outputs/subaction_31_P01_109_31/candidate_05_frame_002980_left/mask_projection_overlay.png,"(256, 456)",isotropic_e7,True,True
E8,32,P01_109_32,shake hands,shake,hand,['hand'],3001,3072,3000.0,3071.0,0.0,3009.0,left,new_contact_episode,24,8,142,"[104.0, 27.0, 395.0, 250.0]",3.287672734052251,grabcut_fallback,bbox_fallback,fallback_lk,cotracker_weighted_affine,False,0.9542857142857144,36,35,27,0.7714285714285715,1.1115615367889404,5,0.0,45562.0,success,361,0.6057073726004573,,3008.0,pre_contact_gap_tracked_reference,1.0,cotracker_weighted_affine,success,5,0.0,0.4936,,,,,,,success,keep,,5.098824582467761,/Users/huhu/Documents/Code/bishe/vrb/vrbreproduction/outputs/100subaction-e8/experiments/E8/pipeline_outputs/subaction_32_P01_109_32/candidate_00_frame_003009_left,/Users/huhu/Documents/Code/bishe/vrb/vrbreproduction/outputs/100subaction-e8/experiments/E8/pipeline_outputs/subaction_32_P01_109_32/candidate_00_frame_003009_left,/Users/huhu/Documents/Code/bishe/vrb/vrbreproduction/outputs/100subaction-e8/experiments/E8/pipeline_outputs/subaction_32_P01_109_32/candidate_00_frame_003009_left/reference_frame.png,/Users/huhu/Documents/Code/bishe/vrb/vrbreproduction/outputs/100subaction-e8/experiments/E8/pipeline_outputs/subaction_32_P01_109_32/candidate_00_frame_003009_left/label_heatmap_merged_overlay.png,/Users/huhu/Documents/Code/bishe/vrb/vrbreproduction/outputs/100subaction-e8/experiments/E8/pipeline_outputs/subaction_32_P01_109_32/candidate_00_frame_003009_left/vrb_style_affordance.png,6.0,0.0,"[168.25, 32.52, 386.05, 241.85]",/Users/huhu/Documents/Code/bishe/vrb/vrbreproduction/outputs/100subaction-e8/experiments/E8/pipeline_outputs/subaction_32_P01_109_32/candidate_00_frame_003009_left/label_heatmap_merged.npy,/Users/huhu/Documents/Code/bishe/vrb/vrbreproduction/outputs/100subaction-e8/experiments/E8/pipeline_outputs/subaction_32_P01_109_32/candidate_00_frame_003009_left/label_heatmap_merged.png,/Users/huhu/Documents/Code/bishe/vrb/vrbreproduction/outputs/100subaction-e8/experiments/E8/pipeline_outputs/subaction_32_P01_109_32/candidate_00_frame_003009_left/mask_projection_overlay.png,"(256, 456)",isotropic_e7,True,False
E8,32,P01_109_32,shake hands,shake,hand,['hand'],3001,3072,3000.0,3071.0,1.0,3010.0,left,new_contact_episode,24,8,212,"[211.0, 13.0, 407.0, 245.0]",4.172463425993222,grabcut_fallback,bbox_fallback,fallback_lk,cotracker_weighted_affine,False,0.9066666666666667,36,15,8,0.5333333333333333,1.6125104427337646,5,0.0,36381.0,success,361,0.6057073726004573,,3005.0,pre_contact_gap_tracked_reference,5.0,cotracker_weighted_affine,success,5,0.0,0.30146666666666666,,,,,,,success,keep,,5.169424686717987,/Users/huhu/Documents/Code/bishe/vrb/vrbreproduction/outputs/100subaction-e8/experiments/E8/pipeline_outputs/subaction_32_P01_109_32/candidate_01_frame_003010_left,/Users/huhu/Documents/Code/bishe/vrb/vrbreproduction/outputs/100subaction-e8/experiments/E8/pipeline_outputs/subaction_32_P01_109_32/candidate_01_frame_003010_left,/Users/huhu/Documents/Code/bishe/vrb/vrbreproduction/outputs/100subaction-e8/experiments/E8/pipeline_outputs/subaction_32_P01_109_32/candidate_01_frame_003010_left/reference_frame.png,/Users/huhu/Documents/Code/bishe/vrb/vrbreproduction/outputs/100subaction-e8/experiments/E8/pipeline_outputs/subaction_32_P01_109_32/candidate_01_frame_003010_left/label_heatmap_merged_overlay.png,/Users/huhu/Documents/Code/bishe/vrb/vrbreproduction/outputs/100subaction-e8/experiments/E8/pipeline_outputs/subaction_32_P01_109_32/candidate_01_frame_003010_left/vrb_style_affordance.png,6.0,0.0,"[166.58, 69.18, 368.45, 249.75]",/Users/huhu/Documents/Code/bishe/vrb/vrbreproduction/outputs/100subaction-e8/experiments/E8/pipeline_outputs/subaction_32_P01_109_32/candidate_01_frame_003010_left/label_heatmap_merged.npy,/Users/huhu/Documents/Code/bishe/vrb/vrbreproduction/outputs/100subaction-e8/experiments/E8/pipeline_outputs/subaction_32_P01_109_32/candidate_01_frame_003010_left/label_heatmap_merged.png,/Users/huhu/Documents/Code/bishe/vrb/vrbreproduction/outputs/100subaction-e8/experiments/E8/pipeline_outputs/subaction_32_P01_109_32/candidate_01_frame_003010_left/mask_projection_overlay.png,"(256, 456)",isotropic_e7,True,True
E8,32,P01_109_32,shake hands,shake,hand,['hand'],3001,3072,3000.0,3071.0,2.0,3011.0,left,new_contact_episode,24,8,228,"[189.0, 2.0, 412.0, 249.0]",3.99689711464466,grabcut_fallback,bbox_fallback,fallback_lk,cotracker_weighted_affine,False,0.7503225806451612,36,31,14,0.45161290322580644,1.2245872020721436,3,0.0,39402.0,success,361,0.6057073726004573,,3007.0,pre_contact_gap_tracked_reference,4.0,cotracker_weighted_affine,success,3,0.0,0.4484444444444444,,,,,,,success,keep,,4.125305394690524,/Users/huhu/Documents/Code/bishe/vrb/vrbreproduction/outputs/100subaction-e8/experiments/E8/pipeline_outputs/subaction_32_P01_109_32/candidate_02_frame_003011_left,/Users/huhu/Documents/Code/bishe/vrb/vrbreproduction/outputs/100subaction-e8/experiments/E8/pipeline_outputs/subaction_32_P01_109_32/candidate_02_frame_003011_left,/Users/huhu/Documents/Code/bishe/vrb/vrbreproduction/outputs/100subaction-e8/experiments/E8/pipeline_outputs/subaction_32_P01_109_32/candidate_02_frame_003011_left/reference_frame.png,/Users/huhu/Documents/Code/bishe/vrb/vrbreproduction/outputs/100subaction-e8/experiments/E8/pipeline_outputs/subaction_32_P01_109_32/candidate_02_frame_003011_left/label_heatmap_merged_overlay.png,/Users/huhu/Documents/Code/bishe/vrb/vrbreproduction/outputs/100subaction-e8/experiments/E8/pipeline_outputs/subaction_32_P01_109_32/candidate_02_frame_003011_left/vrb_style_affordance.png,6.0,0.0,"[183.97, 42.43, 382.36, 240.71]",/Users/huhu/Documents/Code/bishe/vrb/vrbreproduction/outputs/100subaction-e8/experiments/E8/pipeline_outputs/subaction_32_P01_109_32/candidate_02_frame_003011_left/label_heatmap_merged.npy,/Users/huhu/Documents/Code/bishe/vrb/vrbreproduction/outputs/100subaction-e8/experiments/E8/pipeline_outputs/subaction_32_P01_109_32/candidate_02_frame_003011_left/label_heatmap_merged.png,/Users/huhu/Documents/Code/bishe/vrb/vrbreproduction/outputs/100subaction-e8/experiments/E8/pipeline_outputs/subaction_32_P01_109_32/candidate_02_frame_003011_left/mask_projection_overlay.png,"(256, 456)",isotropic_e7,True,False
E8,32,P01_109_32,shake hands,shake,hand,['hand'],3001,3072,3000.0,3071.0,3.0,3029.0,left,new_contact_episode,24,8,0,"[15.0, 24.0, 374.0, 250.0]",0.6167971913223038,,,,,False,,0,0,0,,,0,,,not_run,0,0.0,,,,,,not_run,0,,,,,,,,,not_run,discard,contact_points_lt5_after_object_boundary_filter,,/Users/huhu/Documents/Code/bishe/vrb/vrbreproduction/outputs/100subaction-e8/experiments/E8/pipeline_outputs/subaction_32_P01_109_32/candidate_03_frame_003029_left,,,,,,,,,,,,,,False
E8,32,P01_109_32,shake hands,shake,hand,['hand'],3001,3072,3000.0,3071.0,4.0,3030.0,left,new_contact_episode,24,8,0,,,,,,,False,,0,0,0,,,0,,,not_run,0,0.0,,,,,,not_run,0,,,,,,,,,not_run,discard,missing_hand_or_object_bbox,,/Users/huhu/Documents/Code/bishe/vrb/vrbreproduction/outputs/100subaction-e8/experiments/E8/pipeline_outputs/subaction_32_P01_109_32/candidate_04_frame_003030_left,,,,,,,,,,,,,,False
E8,32,P01_109_32,shake hands,shake,hand,['hand'],3001,3072,3000.0,3071.0,5.0,3040.0,left,new_contact_episode,24,8,0,,,,,,,False,,0,0,0,,,0,,,not_run,0,0.0,,,,,,not_run,0,,,,,,,,,not_run,discard,missing_hand_or_object_bbox,,/Users/huhu/Documents/Code/bishe/vrb/vrbreproduction/outputs/100subaction-e8/experiments/E8/pipeline_outputs/subaction_32_P01_109_32/candidate_05_frame_003040_left,,,,,,,,,,,,,,False
E8,32,P01_109_32,shake hands,shake,hand,['hand'],3001,3072,3000.0,3071.0,6.0,3041.0,left,new_contact_episode,24,8,0,,,,,,,False,,0,0,0,,,0,,,not_run,0,0.0,,,,,,not_run,0,,,,,,,,,not_run,discard,missing_hand_or_object_bbox,,/Users/huhu/Documents/Code/bishe/vrb/vrbreproduction/outputs/100subaction-e8/experiments/E8/pipeline_outputs/subaction_32_P01_109_32/candidate_06_frame_003041_left,,,,,,,,,,,,,,False
E8,32,P01_109_32,shake hands,shake,hand,['hand'],3001,3072,3000.0,3071.0,7.0,3042.0,left,new_contact_episode,24,8,0,,,,,,,False,,0,0,0,,,0,,,not_run,0,0.0,,,,,,not_run,0,,,,,,,,,not_run,discard,missing_hand_or_object_bbox,,/Users/huhu/Documents/Code/bishe/vrb/vrbreproduction/outputs/100subaction-e8/experiments/E8/pipeline_outputs/subaction_32_P01_109_32/candidate_07_frame_003042_left,,,,,,,,,,,,,,False
E8,33,P01_109_33,pick up cloth,pick-up,cloth,['cloth'],3084,3140,3083.0,3139.0,0.0,3088.0,left,new_contact_episode,26,9,54,"[138.0, 166.0, 198.0, 213.0]",3.7513949068213006,grabcut_fallback,bbox_fallback,fallback_lk,cotracker_weighted_affine,False,0.9388888888888889,36,36,25,0.6944444444444444,1.88538658618927,5,0.0,3216.0,success,64,0.2271414305349922,no_detection_or_flow,3083.0,pre_contact_gap_tracked_reference,5.0,cotracker_weighted_affine,success,5,0.0,0.04666666666666667,,,,,,,success,keep,,5.541078492060154,/Users/huhu/Documents/Code/bishe/vrb/vrbreproduction/outputs/100subaction-e8/experiments/E8/pipeline_outputs/subaction_33_P01_109_33/candidate_00_frame_003088_left,/Users/huhu/Documents/Code/bishe/vrb/vrbreproduction/outputs/100subaction-e8/experiments/E8/pipeline_outputs/subaction_33_P01_109_33/candidate_00_frame_003088_left,/Users/huhu/Documents/Code/bishe/vrb/vrbreproduction/outputs/100subaction-e8/experiments/E8/pipeline_outputs/subaction_33_P01_109_33/candidate_00_frame_003088_left/reference_frame.png,/Users/huhu/Documents/Code/bishe/vrb/vrbreproduction/outputs/100subaction-e8/experiments/E8/pipeline_outputs/subaction_33_P01_109_33/candidate_00_frame_003088_left/label_heatmap_merged_overlay.png,/Users/huhu/Documents/Code/bishe/vrb/vrbreproduction/outputs/100subaction-e8/experiments/E8/pipeline_outputs/subaction_33_P01_109_33/candidate_00_frame_003088_left/vrb_style_affordance.png,6.0,0.0,"[120.17, 166.18, 187.04, 214.05]",/Users/huhu/Documents/Code/bishe/vrb/vrbreproduction/outputs/100subaction-e8/experiments/E8/pipeline_outputs/subaction_33_P01_109_33/candidate_00_frame_003088_left/label_heatmap_merged.npy,/Users/huhu/Documents/Code/bishe/vrb/vrbreproduction/outputs/100subaction-e8/experiments/E8/pipeline_outputs/subaction_33_P01_109_33/candidate_00_frame_003088_left/label_heatmap_merged.png,/Users/huhu/Documents/Code/bishe/vrb/vrbreproduction/outputs/100subaction-e8/experiments/E8/pipeline_outputs/subaction_33_P01_109_33/candidate_00_frame_003088_left/mask_projection_overlay.png,"(256, 456)",isotropic_e7,True,False
E8,33,P01_109_33,pick up cloth,pick-up,cloth,['cloth'],3084,3140,3083.0,3139.0,1.0,3089.0,left,new_contact_episode,26,9,48,"[140.0, 162.0, 199.0, 212.0]",3.59811547106929,grabcut_fallback,bbox_fallback,fallback_lk,cotracker_weighted_affine,False,0.9500000000000001,36,36,27,0.75,0.9826620221138,5,0.0,3055.0,success,65,0.2271414305349922,no_detection_or_flow,3085.0,pre_contact_gap_tracked_reference,4.0,cotracker_weighted_affine,success,5,0.0,0.0,,,,,,,success,keep,,5.746492639336586,/Users/huhu/Documents/Code/bishe/vrb/vrbreproduction/outputs/100subaction-e8/experiments/E8/pipeline_outputs/subaction_33_P01_109_33/candidate_01_frame_003089_left,/Users/huhu/Documents/Code/bishe/vrb/vrbreproduction/outputs/100subaction-e8/experiments/E8/pipeline_outputs/subaction_33_P01_109_33/candidate_01_frame_003089_left,/Users/huhu/Documents/Code/bishe/vrb/vrbreproduction/outputs/100subaction-e8/experiments/E8/pipeline_outputs/subaction_33_P01_109_33/candidate_01_frame_003089_left/reference_frame.png,/Users/huhu/Documents/Code/bishe/vrb/vrbreproduction/outputs/100subaction-e8/experiments/E8/pipeline_outputs/subaction_33_P01_109_33/candidate_01_frame_003089_left/label_heatmap_merged_overlay.png,/Users/huhu/Documents/Code/bishe/vrb/vrbreproduction/outputs/100subaction-e8/experiments/E8/pipeline_outputs/subaction_33_P01_109_33/candidate_01_frame_003089_left/vrb_style_affordance.png,6.0,0.0,"[126.86, 166.55, 192.19, 213.69]",/Users/huhu/Documents/Code/bishe/vrb/vrbreproduction/outputs/100subaction-e8/experiments/E8/pipeline_outputs/subaction_33_P01_109_33/candidate_01_frame_003089_left/label_heatmap_merged.npy,/Users/huhu/Documents/Code/bishe/vrb/vrbreproduction/outputs/100subaction-e8/experiments/E8/pipeline_outputs/subaction_33_P01_109_33/candidate_01_frame_003089_left/label_heatmap_merged.png,/Users/huhu/Documents/Code/bishe/vrb/vrbreproduction/outputs/100subaction-e8/experiments/E8/pipeline_outputs/subaction_33_P01_109_33/candidate_01_frame_003089_left/mask_projection_overlay.png,"(256, 456)",isotropic_e7,True,True
E8,33,P01_109_33,pick up cloth,pick-up,cloth,['cloth'],3084,3140,3083.0,3139.0,2.0,3090.0,left,new_contact_episode,26,9,42,"[142.0, 166.0, 202.0, 213.0]",3.841127739428118,grabcut_fallback,bbox_fallback,fallback_lk,cotracker_weighted_affine,False,0.9166666666666667,36,36,21,0.5833333333333334,1.39884614944458,5,0.0,3216.0,success,66,0.2271414305349922,no_detection_or_flow,3084.0,pre_contact_gap_tracked_reference,6.0,cotracker_weighted_affine,success,5,0.0,0.04511111111111111,,,,,,,success,keep,,5.498778361349997,/Users/huhu/Documents/Code/bishe/vrb/vrbreproduction/outputs/100subaction-e8/experiments/E8/pipeline_outputs/subaction_33_P01_109_33/candidate_02_frame_003090_left,/Users/huhu/Documents/Code/bishe/vrb/vrbreproduction/outputs/100subaction-e8/experiments/E8/pipeline_outputs/subaction_33_P01_109_33/candidate_02_frame_003090_left,/Users/huhu/Documents/Code/bishe/vrb/vrbreproduction/outputs/100subaction-e8/experiments/E8/pipeline_outputs/subaction_33_P01_109_33/candidate_02_frame_003090_left/reference_frame.png,/Users/huhu/Documents/Code/bishe/vrb/vrbreproduction/outputs/100subaction-e8/experiments/E8/pipeline_outputs/subaction_33_P01_109_33/candidate_02_frame_003090_left/label_heatmap_merged_overlay.png,/Users/huhu/Documents/Code/bishe/vrb/vrbreproduction/outputs/100subaction-e8/experiments/E8/pipeline_outputs/subaction_33_P01_109_33/candidate_02_frame_003090_left/vrb_style_affordance.png,6.0,0.0,"[123.36, 166.41, 189.57, 214.05]",/Users/huhu/Documents/Code/bishe/vrb/vrbreproduction/outputs/100subaction-e8/experiments/E8/pipeline_outputs/subaction_33_P01_109_33/candidate_02_frame_003090_left/label_heatmap_merged.npy,/Users/huhu/Documents/Code/bishe/vrb/vrbreproduction/outputs/100subaction-e8/experiments/E8/pipeline_outputs/subaction_33_P01_109_33/candidate_02_frame_003090_left/label_heatmap_merged.png,/Users/huhu/Documents/Code/bishe/vrb/vrbreproduction/outputs/100subaction-e8/experiments/E8/pipeline_outputs/subaction_33_P01_109_33/candidate_02_frame_003090_left/mask_projection_overlay.png,"(256, 456)",isotropic_e7,True,False
E8,33,P01_109_33,pick up cloth,pick-up,cloth,['cloth'],3084,3140,3083.0,3139.0,3.0,3121.0,left,new_contact_episode,26,9,0,,,,,,,False,,0,0,0,,,0,,,not_run,0,0.0,,,,,,not_run,0,,,,,,,,,not_run,discard,missing_hand_or_object_bbox,,/Users/huhu/Documents/Code/bishe/vrb/vrbreproduction/outputs/100subaction-e8/experiments/E8/pipeline_outputs/subaction_33_P01_109_33/candidate_03_frame_003121_left,,,,,,,,,,,,,,False
E8,33,P01_109_33,pick up cloth,pick-up,cloth,['cloth'],3084,3140,3083.0,3139.0,4.0,3122.0,left,new_contact_episode,26,9,89,"[198.0, 155.0, 255.0, 211.0]",3.5713247072459247,grabcut_fallback,bbox_fallback,fallback_lk,cotracker_weighted_affine,False,0.9944444444444445,36,36,35,0.9722222222222222,0.7880674600601196,5,0.0,3422.0,success,98,0.2271414305349922,no_detection_or_flow,3119.0,pre_contact_gap_tracked_reference,3.0,cotracker_weighted_affine,success,5,0.0,0.0,,,,,,,success,keep,,5.894435055364863,/Users/huhu/Documents/Code/bishe/vrb/vrbreproduction/outputs/100subaction-e8/experiments/E8/pipeline_outputs/subaction_33_P01_109_33/candidate_04_frame_003122_left,/Users/huhu/Documents/Code/bishe/vrb/vrbreproduction/outputs/100subaction-e8/experiments/E8/pipeline_outputs/subaction_33_P01_109_33/candidate_04_frame_003122_left,/Users/huhu/Documents/Code/bishe/vrb/vrbreproduction/outputs/100subaction-e8/experiments/E8/pipeline_outputs/subaction_33_P01_109_33/candidate_04_frame_003122_left/reference_frame.png,/Users/huhu/Documents/Code/bishe/vrb/vrbreproduction/outputs/100subaction-e8/experiments/E8/pipeline_outputs/subaction_33_P01_109_33/candidate_04_frame_003122_left/label_heatmap_merged_overlay.png,/Users/huhu/Documents/Code/bishe/vrb/vrbreproduction/outputs/100subaction-e8/experiments/E8/pipeline_outputs/subaction_33_P01_109_33/candidate_04_frame_003122_left/vrb_style_affordance.png,3.0,3.0,"[193.63, 152.91, 253.01, 211.33]",/Users/huhu/Documents/Code/bishe/vrb/vrbreproduction/outputs/100subaction-e8/experiments/E8/pipeline_outputs/subaction_33_P01_109_33/candidate_04_frame_003122_left/label_heatmap_merged.npy,/Users/huhu/Documents/Code/bishe/vrb/vrbreproduction/outputs/100subaction-e8/experiments/E8/pipeline_outputs/subaction_33_P01_109_33/candidate_04_frame_003122_left/label_heatmap_merged.png,/Users/huhu/Documents/Code/bishe/vrb/vrbreproduction/outputs/100subaction-e8/experiments/E8/pipeline_outputs/subaction_33_P01_109_33/candidate_04_frame_003122_left/mask_projection_overlay.png,"(256, 456)",isotropic_e7,True,True
E8,33,P01_109_33,pick up cloth,pick-up,cloth,['cloth'],3084,3140,3083.0,3139.0,5.0,3123.0,left,new_contact_episode,26,9,58,"[200.0, 157.0, 257.0, 211.0]",3.671185181591801,grabcut_fallback,bbox_fallback,fallback_lk,cotracker_weighted_affine,False,0.9777777777777779,36,36,32,0.8888888888888888,1.0557538270950317,5,0.0,3422.0,success,99,0.2271414305349922,no_detection_or_flow,3119.0,pre_contact_gap_tracked_reference,4.0,cotracker_weighted_affine,success,5,0.0,0.0,,,,,,,success,keep,,5.817904464353815,/Users/huhu/Documents/Code/bishe/vrb/vrbreproduction/outputs/100subaction-e8/experiments/E8/pipeline_outputs/subaction_33_P01_109_33/candidate_05_frame_003123_left,/Users/huhu/Documents/Code/bishe/vrb/vrbreproduction/outputs/100subaction-e8/experiments/E8/pipeline_outputs/subaction_33_P01_109_33/candidate_05_frame_003123_left,/Users/huhu/Documents/Code/bishe/vrb/vrbreproduction/outputs/100subaction-e8/experiments/E8/pipeline_outputs/subaction_33_P01_109_33/candidate_05_frame_003123_left/reference_frame.png,/Users/huhu/Documents/Code/bishe/vrb/vrbreproduction/outputs/100subaction-e8/experiments/E8/pipeline_outputs/subaction_33_P01_109_33/candidate_05_frame_003123_left/label_heatmap_merged_overlay.png,/Users/huhu/Documents/Code/bishe/vrb/vrbreproduction/outputs/100subaction-e8/experiments/E8/pipeline_outputs/subaction_33_P01_109_33/candidate_05_frame_003123_left/vrb_style_affordance.png,2.0,4.0,"[193.98, 153.43, 253.49, 211.33]",/Users/huhu/Documents/Code/bishe/vrb/vrbreproduction/outputs/100subaction-e8/experiments/E8/pipeline_outputs/subaction_33_P01_109_33/candidate_05_frame_003123_left/label_heatmap_merged.npy,/Users/huhu/Documents/Code/bishe/vrb/vrbreproduction/outputs/100subaction-e8/experiments/E8/pipeline_outputs/subaction_33_P01_109_33/candidate_05_frame_003123_left/label_heatmap_merged.png,/Users/huhu/Documents/Code/bishe/vrb/vrbreproduction/outputs/100subaction-e8/experiments/E8/pipeline_outputs/subaction_33_P01_109_33/candidate_05_frame_003123_left/mask_projection_overlay.png,"(256, 456)",isotropic_e7,True,False
E8,33,P01_109_33,pick up cloth,pick-up,cloth,['cloth'],3084,3140,3083.0,3139.0,6.0,3136.0,right,new_contact_episode,26,9,0,,,,,,,False,,0,0,0,,,0,,,not_run,0,0.0,,,,,,not_run,0,,,,,,,,,not_run,discard,missing_hand_or_object_bbox,,/Users/huhu/Documents/Code/bishe/vrb/vrbreproduction/outputs/100subaction-e8/experiments/E8/pipeline_outputs/subaction_33_P01_109_33/candidate_06_frame_003136_right,,,,,,,,,,,,,,False
E8,33,P01_109_33,pick up cloth,pick-up,cloth,['cloth'],3084,3140,3083.0,3139.0,7.0,3137.0,right,new_contact_episode,26,9,93,"[228.0, 162.0, 262.0, 236.0]",3.500474952132844,grabcut_fallback,bbox_fallback,fallback_lk,cotracker_weighted_affine,False,0.9393939393939394,36,33,23,0.696969696969697,1.622484564781189,5,0.0,3080.0,success,113,0.2271414305349922,no_detection_or_flow,3134.0,pre_contact_gap_tracked_reference,3.0,cotracker_weighted_affine,success,5,0.0,0.0,,,,,,,success,keep,,5.662963148283837,/Users/huhu/Documents/Code/bishe/vrb/vrbreproduction/outputs/100subaction-e8/experiments/E8/pipeline_outputs/subaction_33_P01_109_33/candidate_07_frame_003137_right,/Users/huhu/Documents/Code/bishe/vrb/vrbreproduction/outputs/100subaction-e8/experiments/E8/pipeline_outputs/subaction_33_P01_109_33/candidate_07_frame_003137_right,/Users/huhu/Documents/Code/bishe/vrb/vrbreproduction/outputs/100subaction-e8/experiments/E8/pipeline_outputs/subaction_33_P01_109_33/candidate_07_frame_003137_right/reference_frame.png,/Users/huhu/Documents/Code/bishe/vrb/vrbreproduction/outputs/100subaction-e8/experiments/E8/pipeline_outputs/subaction_33_P01_109_33/candidate_07_frame_003137_right/label_heatmap_merged_overlay.png,/Users/huhu/Documents/Code/bishe/vrb/vrbreproduction/outputs/100subaction-e8/experiments/E8/pipeline_outputs/subaction_33_P01_109_33/candidate_07_frame_003137_right/vrb_style_affordance.png,6.0,0.0,"[221.25, 158.83, 261.37, 236.14]",/Users/huhu/Documents/Code/bishe/vrb/vrbreproduction/outputs/100subaction-e8/experiments/E8/pipeline_outputs/subaction_33_P01_109_33/candidate_07_frame_003137_right/label_heatmap_merged.npy,/Users/huhu/Documents/Code/bishe/vrb/vrbreproduction/outputs/100subaction-e8/experiments/E8/pipeline_outputs/subaction_33_P01_109_33/candidate_07_frame_003137_right/label_heatmap_merged.png,/Users/huhu/Documents/Code/bishe/vrb/vrbreproduction/outputs/100subaction-e8/experiments/E8/pipeline_outputs/subaction_33_P01_109_33/candidate_07_frame_003137_right/mask_projection_overlay.png,"(256, 456)",isotropic_e7,True,True
E8,33,P01_109_33,pick up cloth,pick-up,cloth,['cloth'],3084,3140,3083.0,3139.0,8.0,3138.0,right,new_contact_episode,26,9,284,"[220.0, 169.0, 266.0, 246.0]",3.6902470457006498,grabcut_fallback,bbox_fallback,fallback_lk,cotracker_weighted_affine,False,0.8411111111111111,36,27,15,0.5555555555555556,1.7977783679962158,4,0.0,4284.0,success,114,0.2271414305349922,no_detection_or_flow,3134.0,pre_contact_gap_tracked_reference,4.0,cotracker_weighted_affine,success,4,0.0,0.0,,,,,,,success,keep,,5.15564372812678,/Users/huhu/Documents/Code/bishe/vrb/vrbreproduction/outputs/100subaction-e8/experiments/E8/pipeline_outputs/subaction_33_P01_109_33/candidate_08_frame_003138_right,/Users/huhu/Documents/Code/bishe/vrb/vrbreproduction/outputs/100subaction-e8/experiments/E8/pipeline_outputs/subaction_33_P01_109_33/candidate_08_frame_003138_right,/Users/huhu/Documents/Code/bishe/vrb/vrbreproduction/outputs/100subaction-e8/experiments/E8/pipeline_outputs/subaction_33_P01_109_33/candidate_08_frame_003138_right/reference_frame.png,/Users/huhu/Documents/Code/bishe/vrb/vrbreproduction/outputs/100subaction-e8/experiments/E8/pipeline_outputs/subaction_33_P01_109_33/candidate_08_frame_003138_right/label_heatmap_merged_overlay.png,/Users/huhu/Documents/Code/bishe/vrb/vrbreproduction/outputs/100subaction-e8/experiments/E8/pipeline_outputs/subaction_33_P01_109_33/candidate_08_frame_003138_right/vrb_style_affordance.png,6.0,0.0,"[215.85, 159.49, 266.6, 242.68]",/Users/huhu/Documents/Code/bishe/vrb/vrbreproduction/outputs/100subaction-e8/experiments/E8/pipeline_outputs/subaction_33_P01_109_33/candidate_08_frame_003138_right/label_heatmap_merged.npy,/Users/huhu/Documents/Code/bishe/vrb/vrbreproduction/outputs/100subaction-e8/experiments/E8/pipeline_outputs/subaction_33_P01_109_33/candidate_08_frame_003138_right/label_heatmap_merged.png,/Users/huhu/Documents/Code/bishe/vrb/vrbreproduction/outputs/100subaction-e8/experiments/E8/pipeline_outputs/subaction_33_P01_109_33/candidate_08_frame_003138_right/mask_projection_overlay.png,"(256, 456)",isotropic_e7,True,False
E8,34,P01_109_34,dry hands,dry,hand,['hand'],3094,3349,3093.0,3348.0,0.0,3121.0,left,new_contact_episode,112,12,0,,,,,,,False,,0,0,0,,,0,,,not_run,0,0.0,,,,,,not_run,0,,,,,,,,,not_run,discard,missing_hand_or_object_bbox,,/Users/huhu/Documents/Code/bishe/vrb/vrbreproduction/outputs/100subaction-e8/experiments/E8/pipeline_outputs/subaction_34_P01_109_34/candidate_00_frame_003121_left,,,,,,,,,,,,,,False
E8,34,P01_109_34,dry hands,dry,hand,['hand'],3094,3349,3093.0,3348.0,1.0,3122.0,left,new_contact_episode,112,12,89,"[198.0, 155.0, 255.0, 211.0]",3.5713247072459247,grabcut_fallback,bbox_fallback,fallback_lk,cotracker_weighted_affine,False,0.9944444444444445,36,36,35,0.9722222222222222,0.7880674600601196,5,0.0,3422.0,success,98,0.2271414305349922,no_detection_or_flow,3119.0,pre_contact_gap_tracked_reference,3.0,cotracker_weighted_affine,success,5,0.0,0.0,,,,,,,success,keep,,5.894435055364863,/Users/huhu/Documents/Code/bishe/vrb/vrbreproduction/outputs/100subaction-e8/experiments/E8/pipeline_outputs/subaction_34_P01_109_34/candidate_01_frame_003122_left,/Users/huhu/Documents/Code/bishe/vrb/vrbreproduction/outputs/100subaction-e8/experiments/E8/pipeline_outputs/subaction_34_P01_109_34/candidate_01_frame_003122_left,/Users/huhu/Documents/Code/bishe/vrb/vrbreproduction/outputs/100subaction-e8/experiments/E8/pipeline_outputs/subaction_34_P01_109_34/candidate_01_frame_003122_left/reference_frame.png,/Users/huhu/Documents/Code/bishe/vrb/vrbreproduction/outputs/100subaction-e8/experiments/E8/pipeline_outputs/subaction_34_P01_109_34/candidate_01_frame_003122_left/label_heatmap_merged_overlay.png,/Users/huhu/Documents/Code/bishe/vrb/vrbreproduction/outputs/100subaction-e8/experiments/E8/pipeline_outputs/subaction_34_P01_109_34/candidate_01_frame_003122_left/vrb_style_affordance.png,3.0,3.0,"[193.63, 152.91, 253.01, 211.33]",/Users/huhu/Documents/Code/bishe/vrb/vrbreproduction/outputs/100subaction-e8/experiments/E8/pipeline_outputs/subaction_34_P01_109_34/candidate_01_frame_003122_left/label_heatmap_merged.npy,/Users/huhu/Documents/Code/bishe/vrb/vrbreproduction/outputs/100subaction-e8/experiments/E8/pipeline_outputs/subaction_34_P01_109_34/candidate_01_frame_003122_left/label_heatmap_merged.png,/Users/huhu/Documents/Code/bishe/vrb/vrbreproduction/outputs/100subaction-e8/experiments/E8/pipeline_outputs/subaction_34_P01_109_34/candidate_01_frame_003122_left/mask_projection_overlay.png,"(256, 456)",isotropic_e7,True,True
E8,34,P01_109_34,dry hands,dry,hand,['hand'],3094,3349,3093.0,3348.0,2.0,3123.0,left,new_contact_episode,112,12,58,"[200.0, 157.0, 257.0, 211.0]",3.671185181591801,grabcut_fallback,bbox_fallback,fallback_lk,cotracker_weighted_affine,False,0.9777777777777779,36,36,32,0.8888888888888888,1.0557538270950317,5,0.0,3422.0,success,99,0.2271414305349922,no_detection_or_flow,3119.0,pre_contact_gap_tracked_reference,4.0,cotracker_weighted_affine,success,5,0.0,0.0,,,,,,,success,keep,,5.817904464353815,/Users/huhu/Documents/Code/bishe/vrb/vrbreproduction/outputs/100subaction-e8/experiments/E8/pipeline_outputs/subaction_34_P01_109_34/candidate_02_frame_003123_left,/Users/huhu/Documents/Code/bishe/vrb/vrbreproduction/outputs/100subaction-e8/experiments/E8/pipeline_outputs/subaction_34_P01_109_34/candidate_02_frame_003123_left,/Users/huhu/Documents/Code/bishe/vrb/vrbreproduction/outputs/100subaction-e8/experiments/E8/pipeline_outputs/subaction_34_P01_109_34/candidate_02_frame_003123_left/reference_frame.png,/Users/huhu/Documents/Code/bishe/vrb/vrbreproduction/outputs/100subaction-e8/experiments/E8/pipeline_outputs/subaction_34_P01_109_34/candidate_02_frame_003123_left/label_heatmap_merged_overlay.png,/Users/huhu/Documents/Code/bishe/vrb/vrbreproduction/outputs/100subaction-e8/experiments/E8/pipeline_outputs/subaction_34_P01_109_34/candidate_02_frame_003123_left/vrb_style_affordance.png,2.0,4.0,"[193.98, 153.43, 253.49, 211.33]",/Users/huhu/Documents/Code/bishe/vrb/vrbreproduction/outputs/100subaction-e8/experiments/E8/pipeline_outputs/subaction_34_P01_109_34/candidate_02_frame_003123_left/label_heatmap_merged.npy,/Users/huhu/Documents/Code/bishe/vrb/vrbreproduction/outputs/100subaction-e8/experiments/E8/pipeline_outputs/subaction_34_P01_109_34/candidate_02_frame_003123_left/label_heatmap_merged.png,/Users/huhu/Documents/Code/bishe/vrb/vrbreproduction/outputs/100subaction-e8/experiments/E8/pipeline_outputs/subaction_34_P01_109_34/candidate_02_frame_003123_left/mask_projection_overlay.png,"(256, 456)",isotropic_e7,True,False
E8,34,P01_109_34,dry hands,dry,hand,['hand'],3094,3349,3093.0,3348.0,3.0,3136.0,right,new_contact_episode,112,12,0,,,,,,,False,,0,0,0,,,0,,,not_run,0,0.0,,,,,,not_run,0,,,,,,,,,not_run,discard,missing_hand_or_object_bbox,,/Users/huhu/Documents/Code/bishe/vrb/vrbreproduction/outputs/100subaction-e8/experiments/E8/pipeline_outputs/subaction_34_P01_109_34/candidate_03_frame_003136_right,,,,,,,,,,,,,,False
E8,34,P01_109_34,dry hands,dry,hand,['hand'],3094,3349,3093.0,3348.0,4.0,3137.0,right,new_contact_episode,112,12,93,"[228.0, 162.0, 262.0, 236.0]",3.500474952132844,grabcut_fallback,bbox_fallback,fallback_lk,cotracker_weighted_affine,False,0.9393939393939394,36,33,23,0.696969696969697,1.622484564781189,5,0.0,3080.0,success,113,0.2271414305349922,no_detection_or_flow,3134.0,pre_contact_gap_tracked_reference,3.0,cotracker_weighted_affine,success,5,0.0,0.0,,,,,,,success,keep,,5.662963148283837,/Users/huhu/Documents/Code/bishe/vrb/vrbreproduction/outputs/100subaction-e8/experiments/E8/pipeline_outputs/subaction_34_P01_109_34/candidate_04_frame_003137_right,/Users/huhu/Documents/Code/bishe/vrb/vrbreproduction/outputs/100subaction-e8/experiments/E8/pipeline_outputs/subaction_34_P01_109_34/candidate_04_frame_003137_right,/Users/huhu/Documents/Code/bishe/vrb/vrbreproduction/outputs/100subaction-e8/experiments/E8/pipeline_outputs/subaction_34_P01_109_34/candidate_04_frame_003137_right/reference_frame.png,/Users/huhu/Documents/Code/bishe/vrb/vrbreproduction/outputs/100subaction-e8/experiments/E8/pipeline_outputs/subaction_34_P01_109_34/candidate_04_frame_003137_right/label_heatmap_merged_overlay.png,/Users/huhu/Documents/Code/bishe/vrb/vrbreproduction/outputs/100subaction-e8/experiments/E8/pipeline_outputs/subaction_34_P01_109_34/candidate_04_frame_003137_right/vrb_style_affordance.png,6.0,0.0,"[221.25, 158.83, 261.37, 236.14]",/Users/huhu/Documents/Code/bishe/vrb/vrbreproduction/outputs/100subaction-e8/experiments/E8/pipeline_outputs/subaction_34_P01_109_34/candidate_04_frame_003137_right/label_heatmap_merged.npy,/Users/huhu/Documents/Code/bishe/vrb/vrbreproduction/outputs/100subaction-e8/experiments/E8/pipeline_outputs/subaction_34_P01_109_34/candidate_04_frame_003137_right/label_heatmap_merged.png,/Users/huhu/Documents/Code/bishe/vrb/vrbreproduction/outputs/100subaction-e8/experiments/E8/pipeline_outputs/subaction_34_P01_109_34/candidate_04_frame_003137_right/mask_projection_overlay.png,"(256, 456)",isotropic_e7,True,False
E8,34,P01_109_34,dry hands,dry,hand,['hand'],3094,3349,3093.0,3348.0,5.0,3138.0,right,new_contact_episode,112,12,284,"[220.0, 169.0, 266.0, 246.0]",3.6902470457006498,grabcut_fallback,bbox_fallback,fallback_lk,cotracker_weighted_affine,False,0.8411111111111111,36,27,15,0.5555555555555556,1.7977783679962158,4,0.0,4284.0,success,114,0.2271414305349922,no_detection_or_flow,3134.0,pre_contact_gap_tracked_reference,4.0,cotracker_weighted_affine,success,4,0.0,0.0,,,,,,,success,keep,,5.15564372812678,/Users/huhu/Documents/Code/bishe/vrb/vrbreproduction/outputs/100subaction-e8/experiments/E8/pipeline_outputs/subaction_34_P01_109_34/candidate_05_frame_003138_right,/Users/huhu/Documents/Code/bishe/vrb/vrbreproduction/outputs/100subaction-e8/experiments/E8/pipeline_outputs/subaction_34_P01_109_34/candidate_05_frame_003138_right,/Users/huhu/Documents/Code/bishe/vrb/vrbreproduction/outputs/100subaction-e8/experiments/E8/pipeline_outputs/subaction_34_P01_109_34/candidate_05_frame_003138_right/reference_frame.png,/Users/huhu/Documents/Code/bishe/vrb/vrbreproduction/outputs/100subaction-e8/experiments/E8/pipeline_outputs/subaction_34_P01_109_34/candidate_05_frame_003138_right/label_heatmap_merged_overlay.png,/Users/huhu/Documents/Code/bishe/vrb/vrbreproduction/outputs/100subaction-e8/experiments/E8/pipeline_outputs/subaction_34_P01_109_34/candidate_05_frame_003138_right/vrb_style_affordance.png,6.0,0.0,"[215.85, 159.49, 266.6, 242.68]",/Users/huhu/Documents/Code/bishe/vrb/vrbreproduction/outputs/100subaction-e8/experiments/E8/pipeline_outputs/subaction_34_P01_109_34/candidate_05_frame_003138_right/label_heatmap_merged.npy,/Users/huhu/Documents/Code/bishe/vrb/vrbreproduction/outputs/100subaction-e8/experiments/E8/pipeline_outputs/subaction_34_P01_109_34/candidate_05_frame_003138_right/label_heatmap_merged.png,/Users/huhu/Documents/Code/bishe/vrb/vrbreproduction/outputs/100subaction-e8/experiments/E8/pipeline_outputs/subaction_34_P01_109_34/candidate_05_frame_003138_right/mask_projection_overlay.png,"(256, 456)",isotropic_e7,True,False
E8,34,P01_109_34,dry hands,dry,hand,['hand'],3094,3349,3093.0,3348.0,6.0,3146.0,left,new_contact_episode,112,12,34,"[205.0, 234.0, 243.0, 253.0]",3.2489712030023727,grabcut_fallback,bbox_fallback,fallback_lk,cotracker_weighted_affine,False,1.0,30,30,30,1.0,0.33545413613319397,5,0.0,798.0,success,122,0.2271414305349922,no_detection_or_flow,3144.0,earliest_reliable_tracked_reference_no_pre_gap,2.0,cotracker_weighted_affine,success,5,0.0,0.1008,,,,,,,success,keep,,5.845236375916004,/Users/huhu/Documents/Code/bishe/vrb/vrbreproduction/outputs/100subaction-e8/experiments/E8/pipeline_outputs/subaction_34_P01_109_34/candidate_06_frame_003146_left,/Users/huhu/Documents/Code/bishe/vrb/vrbreproduction/outputs/100subaction-e8/experiments/E8/pipeline_outputs/subaction_34_P01_109_34/candidate_06_frame_003146_left,/Users/huhu/Documents/Code/bishe/vrb/vrbreproduction/outputs/100subaction-e8/experiments/E8/pipeline_outputs/subaction_34_P01_109_34/candidate_06_frame_003146_left/reference_frame.png,/Users/huhu/Documents/Code/bishe/vrb/vrbreproduction/outputs/100subaction-e8/experiments/E8/pipeline_outputs/subaction_34_P01_109_34/candidate_06_frame_003146_left/label_heatmap_merged_overlay.png,/Users/huhu/Documents/Code/bishe/vrb/vrbreproduction/outputs/100subaction-e8/experiments/E8/pipeline_outputs/subaction_34_P01_109_34/candidate_06_frame_003146_left/vrb_style_affordance.png,6.0,0.0,"[201.46, 233.62, 243.09, 252.55]",/Users/huhu/Documents/Code/bishe/vrb/vrbreproduction/outputs/100subaction-e8/experiments/E8/pipeline_outputs/subaction_34_P01_109_34/candidate_06_frame_003146_left/label_heatmap_merged.npy,/Users/huhu/Documents/Code/bishe/vrb/vrbreproduction/outputs/100subaction-e8/experiments/E8/pipeline_outputs/subaction_34_P01_109_34/candidate_06_frame_003146_left/label_heatmap_merged.png,/Users/huhu/Documents/Code/bishe/vrb/vrbreproduction/outputs/100subaction-e8/experiments/E8/pipeline_outputs/subaction_34_P01_109_34/candidate_06_frame_003146_left/mask_projection_overlay.png,"(256, 456)",isotropic_e7,True,True
E8,34,P01_109_34,dry hands,dry,hand,['hand'],3094,3349,3093.0,3348.0,7.0,3147.0,left,new_contact_episode,112,12,42,"[207.0, 231.0, 252.0, 250.0]",3.2023163989165586,grabcut_fallback,bbox_fallback,fallback_lk,cotracker_weighted_affine,False,0.9014285714285715,30,21,18,0.8571428571428571,1.7159624099731445,4,0.0,3243.0,success,123,0.2271414305349922,no_detection_or_flow,3128.0,earliest_reliable_tracked_reference_no_pre_gap,19.0,cotracker_weighted_affine,success,4,0.0,0.0,,,,,,,success,keep,,5.280585398001061,/Users/huhu/Documents/Code/bishe/vrb/vrbreproduction/outputs/100subaction-e8/experiments/E8/pipeline_outputs/subaction_34_P01_109_34/candidate_07_frame_003147_left,/Users/huhu/Documents/Code/bishe/vrb/vrbreproduction/outputs/100subaction-e8/experiments/E8/pipeline_outputs/subaction_34_P01_109_34/candidate_07_frame_003147_left,/Users/huhu/Documents/Code/bishe/vrb/vrbreproduction/outputs/100subaction-e8/experiments/E8/pipeline_outputs/subaction_34_P01_109_34/candidate_07_frame_003147_left/reference_frame.png,/Users/huhu/Documents/Code/bishe/vrb/vrbreproduction/outputs/100subaction-e8/experiments/E8/pipeline_outputs/subaction_34_P01_109_34/candidate_07_frame_003147_left/label_heatmap_merged_overlay.png,/Users/huhu/Documents/Code/bishe/vrb/vrbreproduction/outputs/100subaction-e8/experiments/E8/pipeline_outputs/subaction_34_P01_109_34/candidate_07_frame_003147_left/vrb_style_affordance.png,5.0,1.0,"[209.39, 164.1, 255.62, 233.45]",/Users/huhu/Documents/Code/bishe/vrb/vrbreproduction/outputs/100subaction-e8/experiments/E8/pipeline_outputs/subaction_34_P01_109_34/candidate_07_frame_003147_left/label_heatmap_merged.npy,/Users/huhu/Documents/Code/bishe/vrb/vrbreproduction/outputs/100subaction-e8/experiments/E8/pipeline_outputs/subaction_34_P01_109_34/candidate_07_frame_003147_left/label_heatmap_merged.png,/Users/huhu/Documents/Code/bishe/vrb/vrbreproduction/outputs/100subaction-e8/experiments/E8/pipeline_outputs/subaction_34_P01_109_34/candidate_07_frame_003147_left/mask_projection_overlay.png,"(256, 456)",isotropic_e7,True,False
E8,34,P01_109_34,dry hands,dry,hand,['hand'],3094,3349,3093.0,3348.0,8.0,3148.0,left,new_contact_episode,112,12,46,"[209.0, 229.0, 253.0, 252.0]",3.263478341625057,grabcut_fallback,bbox_fallback,fallback_lk,cotracker_weighted_affine,False,1.0,30,30,30,1.0,0.3894682228565216,5,0.0,945.0,success,124,0.2271414305349922,no_detection_or_flow,3147.0,earliest_reliable_tracked_reference_no_pre_gap,1.0,cotracker_weighted_affine,success,5,0.0,0.1344,,,,,,,success,keep,,5.830715953314303,/Users/huhu/Documents/Code/bishe/vrb/vrbreproduction/outputs/100subaction-e8/experiments/E8/pipeline_outputs/subaction_34_P01_109_34/candidate_08_frame_003148_left,/Users/huhu/Documents/Code/bishe/vrb/vrbreproduction/outputs/100subaction-e8/experiments/E8/pipeline_outputs/subaction_34_P01_109_34/candidate_08_frame_003148_left,/Users/huhu/Documents/Code/bishe/vrb/vrbreproduction/outputs/100subaction-e8/experiments/E8/pipeline_outputs/subaction_34_P01_109_34/candidate_08_frame_003148_left/reference_frame.png,/Users/huhu/Documents/Code/bishe/vrb/vrbreproduction/outputs/100subaction-e8/experiments/E8/pipeline_outputs/subaction_34_P01_109_34/candidate_08_frame_003148_left/label_heatmap_merged_overlay.png,/Users/huhu/Documents/Code/bishe/vrb/vrbreproduction/outputs/100subaction-e8/experiments/E8/pipeline_outputs/subaction_34_P01_109_34/candidate_08_frame_003148_left/vrb_style_affordance.png,4.0,2.0,"[207.1, 230.27, 251.68, 250.85]",/Users/huhu/Documents/Code/bishe/vrb/vrbreproduction/outputs/100subaction-e8/experiments/E8/pipeline_outputs/subaction_34_P01_109_34/candidate_08_frame_003148_left/label_heatmap_merged.npy,/Users/huhu/Documents/Code/bishe/vrb/vrbreproduction/outputs/100subaction-e8/experiments/E8/pipeline_outputs/subaction_34_P01_109_34/candidate_08_frame_003148_left/label_heatmap_merged.png,/Users/huhu/Documents/Code/bishe/vrb/vrbreproduction/outputs/100subaction-e8/experiments/E8/pipeline_outputs/subaction_34_P01_109_34/candidate_08_frame_003148_left/mask_projection_overlay.png,"(256, 456)",isotropic_e7,True,True
E8,34,P01_109_34,dry hands,dry,hand,['hand'],3094,3349,3093.0,3348.0,9.0,3167.0,left,new_contact_episode,112,12,0,"[208.0, 196.0, 344.0, 249.0]",1.339528154400336,,,,,False,,0,0,0,,,0,,,not_run,0,0.0,,,,,,not_run,0,,,,,,,,,not_run,discard,contact_points_lt5_after_object_boundary_filter,,/Users/huhu/Documents/Code/bishe/vrb/vrbreproduction/outputs/100subaction-e8/experiments/E8/pipeline_outputs/subaction_34_P01_109_34/candidate_09_frame_003167_left,,,,,,,,,,,,,,False
E8,34,P01_109_34,dry hands,dry,hand,['hand'],3094,3349,3093.0,3348.0,10.0,3168.0,left,new_contact_episode,112,12,0,"[210.0, 193.0, 331.0, 249.0]",1.6384412597286149,,,,,False,,0,0,0,,,0,,,not_run,0,0.0,,,,,,not_run,0,,,,,,,,,not_run,discard,contact_points_lt5_after_object_boundary_filter,,/Users/huhu/Documents/Code/bishe/vrb/vrbreproduction/outputs/100subaction-e8/experiments/E8/pipeline_outputs/subaction_34_P01_109_34/candidate_10_frame_003168_left,,,,,,,,,,,,,,False
E8,34,P01_109_34,dry hands,dry,hand,['hand'],3094,3349,3093.0,3348.0,11.0,3169.0,left,new_contact_episode,112,12,125,"[213.0, 183.0, 354.0, 251.0]",3.1012563667221014,grabcut_fallback,,,,False,,36,0,0,,,0,,,success,145,0.2271414305349922,no_detection_or_flow,,,,,failed,0,,,,,,,,,not_run,discard,track_visibility_below_threshold,,/Users/huhu/Documents/Code/bishe/vrb/vrbreproduction/outputs/100subaction-e8/experiments/E8/pipeline_outputs/subaction_34_P01_109_34/candidate_11_frame_003169_left,,,,,4.0,2.0,,,,,,,,False
E8,35,P01_109_35,put down cloth,put-down,cloth,['cloth'],3349,3372,3348.0,3371.0,0.0,3356.0,left,new_contact_episode,35,6,117,"[174.0, 173.0, 245.0, 249.0]",3.5681679508853237,grabcut_fallback,,,,False,,36,0,0,,,0,,,failed,232,0.17844449751477431,track_confidence_below_threshold,,,,,not_run,0,,,,,,,,,not_run,discard,track_confidence_below_threshold,,/Users/huhu/Documents/Code/bishe/vrb/vrbreproduction/outputs/100subaction-e8/experiments/E8/pipeline_outputs/subaction_35_P01_109_35/candidate_00_frame_003356_left,,,,,,,,,,,,,,False
E8,35,P01_109_35,put down cloth,put-down,cloth,['cloth'],3349,3372,3348.0,3371.0,1.0,3357.0,left,new_contact_episode,35,6,83,"[177.0, 167.0, 250.0, 247.0]",3.3300846807493265,grabcut_fallback,,,,False,,36,0,0,,,0,,,failed,233,0.17844449751477431,track_confidence_below_threshold,,,,,not_run,0,,,,,,,,,not_run,discard,track_confidence_below_threshold,,/Users/huhu/Documents/Code/bishe/vrb/vrbreproduction/outputs/100subaction-e8/experiments/E8/pipeline_outputs/subaction_35_P01_109_35/candidate_01_frame_003357_left,,,,,,,,,,,,,,False
E8,35,P01_109_35,put down cloth,put-down,cloth,['cloth'],3349,3372,3348.0,3371.0,2.0,3358.0,left,new_contact_episode,35,6,135,"[179.0, 162.0, 252.0, 246.0]",3.3446666068183766,grabcut_fallback,,,,False,,36,0,0,,,0,,,failed,234,0.17844449751477431,track_confidence_below_threshold,,,,,not_run,0,,,,,,,,,not_run,discard,track_confidence_below_threshold,,/Users/huhu/Documents/Code/bishe/vrb/vrbreproduction/outputs/100subaction-e8/experiments/E8/pipeline_outputs/subaction_35_P01_109_35/candidate_02_frame_003358_left,,,,,,,,,,,,,,False
E8,35,P01_109_35,put down cloth,put-down,cloth,['cloth'],3349,3372,3348.0,3371.0,3.0,3366.0,left,new_contact_episode,35,6,115,"[183.0, 122.0, 259.0, 215.0]",3.1750203653361817,,,,,False,,0,0,0,,,0,,,not_run,0,0.0,,,,,,not_run,0,,,,,,,,,not_run,discard,gmm_failed:ValueError,,/Users/huhu/Documents/Code/bishe/vrb/vrbreproduction/outputs/100subaction-e8/experiments/E8/pipeline_outputs/subaction_35_P01_109_35/candidate_03_frame_003366_left,,,,,,,,,,,,,,False
E8,35,P01_109_35,put down cloth,put-down,cloth,['cloth'],3349,3372,3348.0,3371.0,4.0,3367.0,left,new_contact_episode,35,6,107,"[185.0, 121.0, 259.0, 213.0]",3.138819409395246,grabcut_fallback,,,,False,,36,0,0,,,0,,,failed,243,0.17844449751477431,track_confidence_below_threshold,,,,,not_run,0,,,,,,,,,not_run,discard,track_confidence_below_threshold,,/Users/huhu/Documents/Code/bishe/vrb/vrbreproduction/outputs/100subaction-e8/experiments/E8/pipeline_outputs/subaction_35_P01_109_35/candidate_04_frame_003367_left,,,,,,,,,,,,,,False
E8,35,P01_109_35,put down cloth,put-down,cloth,['cloth'],3349,3372,3348.0,3371.0,5.0,3368.0,left,new_contact_episode,35,6,84,"[178.0, 118.0, 261.0, 209.0]",3.176341246964765,grabcut_fallback,,,,False,,36,0,0,,,0,,,failed,244,0.17844449751477431,track_confidence_below_threshold,,,,,not_run,0,,,,,,,,,not_run,discard,track_confidence_below_threshold,,/Users/huhu/Documents/Code/bishe/vrb/vrbreproduction/outputs/100subaction-e8/experiments/E8/pipeline_outputs/subaction_35_P01_109_35/candidate_05_frame_003368_left,,,,,,,,,,,,,,False
E8,36,P01_109_36,pick up potatoes,pick-up,potato,['potato'],3374,3496,3373.0,3495.0,0.0,3392.0,left,new_contact_episode,214,7,0,"[162.0, 0.0, 224.0, 34.0]",0.9746999903183555,,,,,False,,0,0,0,,,0,,,not_run,0,0.0,,,,,,not_run,0,,,,,,,,,not_run,discard,contact_points_lt5_after_object_boundary_filter,,/Users/huhu/Documents/Code/bishe/vrb/vrbreproduction/outputs/100subaction-e8/experiments/E8/pipeline_outputs/subaction_36_P01_109_36/candidate_00_frame_003392_left,,,,,,,,,,,,,,False
E8,36,P01_109_36,pick up potatoes,pick-up,potato,['potato'],3374,3496,3373.0,3495.0,1.0,3393.0,left,new_contact_episode,214,7,64,"[147.0, 57.0, 172.0, 96.0]",4.376660400572233,grabcut_fallback,,,,False,,36,0,0,,,0,,,failed,269,0.17844449751477431,track_confidence_below_threshold,,,,,not_run,0,,,,,,,,,not_run,discard,track_confidence_below_threshold,,/Users/huhu/Documents/Code/bishe/vrb/vrbreproduction/outputs/100subaction-e8/experiments/E8/pipeline_outputs/subaction_36_P01_109_36/candidate_01_frame_003393_left,,,,,,,,,,,,,,False
E8,36,P01_109_36,pick up potatoes,pick-up,potato,['potato'],3374,3496,3373.0,3495.0,2.0,3394.0,left,new_contact_episode,214,7,34,"[144.0, 54.0, 172.0, 94.0]",4.014005766303583,grabcut_fallback,,,,False,,36,0,0,,,0,,,failed,270,0.17844449751477431,track_confidence_below_threshold,,,,,not_run,0,,,,,,,,,not_run,discard,track_confidence_below_threshold,,/Users/huhu/Documents/Code/bishe/vrb/vrbreproduction/outputs/100subaction-e8/experiments/E8/pipeline_outputs/subaction_36_P01_109_36/candidate_02_frame_003394_left,,,,,,,,,,,,,,False
E8,36,P01_109_36,pick up potatoes,pick-up,potato,['potato'],3374,3496,3373.0,3495.0,3.0,3424.0,left,new_contact_episode,214,7,83,"[0.0, 0.0, 201.0, 242.0]",2.649343494704905,grabcut_fallback,,,,False,,36,0,0,,,0,,,failed,300,0.17844449751477431,track_confidence_below_threshold,,,,,not_run,0,,,,,,,,,not_run,discard,track_confidence_below_threshold,,/Users/huhu/Documents/Code/bishe/vrb/vrbreproduction/outputs/100subaction-e8/experiments/E8/pipeline_outputs/subaction_36_P01_109_36/candidate_03_frame_003424_left,,,,,,,,,,,,,,False
E8,36,P01_109_36,pick up potatoes,pick-up,potato,['potato'],3374,3496,3373.0,3495.0,4.0,3449.0,left,new_contact_episode,214,7,89,"[208.0, 115.0, 264.0, 206.0]",2.894509566718076,grabcut_fallback,,,,False,,36,0,0,,,0,,,failed,325,0.17844449751477431,track_confidence_below_threshold,,,,,not_run,0,,,,,,,,,not_run,discard,track_confidence_below_threshold,,/Users/huhu/Documents/Code/bishe/vrb/vrbreproduction/outputs/100subaction-e8/experiments/E8/pipeline_outputs/subaction_36_P01_109_36/candidate_04_frame_003449_left,,,,,,,,,,,,,,False
E8,36,P01_109_36,pick up potatoes,pick-up,potato,['potato'],3374,3496,3373.0,3495.0,5.0,3450.0,left,new_contact_episode,214,7,31,"[213.0, 123.0, 249.0, 163.0]",2.7059616957135817,grabcut_fallback,,,,False,,36,0,0,,,0,,,failed,326,0.17844449751477431,track_confidence_below_threshold,,,,,not_run,0,,,,,,,,,not_run,discard,track_confidence_below_threshold,,/Users/huhu/Documents/Code/bishe/vrb/vrbreproduction/outputs/100subaction-e8/experiments/E8/pipeline_outputs/subaction_36_P01_109_36/candidate_05_frame_003450_left,,,,,,,,,,,,,,False
E8,36,P01_109_36,pick up potatoes,pick-up,potato,['potato'],3374,3496,3373.0,3495.0,6.0,3451.0,left,new_contact_episode,214,7,43,"[211.0, 125.0, 253.0, 166.0]",3.6829892257000307,grabcut_fallback,,,,False,,36,0,0,,,0,,,failed,327,0.17844449751477431,track_confidence_below_threshold,,,,,not_run,0,,,,,,,,,not_run,discard,track_confidence_below_threshold,,/Users/huhu/Documents/Code/bishe/vrb/vrbreproduction/outputs/100subaction-e8/experiments/E8/pipeline_outputs/subaction_36_P01_109_36/candidate_06_frame_003451_left,,,,,,,,,,,,,,False
E8,37,P01_109_37,put down potatoes,put-down,potato,['potato'],3517,3552,3516.0,3551.0,0.0,3549.0,left,new_contact_episode,56,2,49,"[294.0, 159.0, 345.0, 193.0]",4.143480779046109,grabcut_fallback,bbox_fallback,fallback_lk,cotracker_weighted_affine,False,0.8418181818181818,36,33,30,0.9090909090909091,1.0802617073059082,3,0.0,1584.0,success,361,0.46944466600528445,no_detection_or_flow,3548.0,pre_contact_gap_tracked_reference,1.0,cotracker_weighted_affine,success,3,0.0,0.24733333333333332,,,,,,,success,keep,,4.760910330599004,/Users/huhu/Documents/Code/bishe/vrb/vrbreproduction/outputs/100subaction-e8/experiments/E8/pipeline_outputs/subaction_37_P01_109_37/candidate_00_frame_003549_left,/Users/huhu/Documents/Code/bishe/vrb/vrbreproduction/outputs/100subaction-e8/experiments/E8/pipeline_outputs/subaction_37_P01_109_37/candidate_00_frame_003549_left,/Users/huhu/Documents/Code/bishe/vrb/vrbreproduction/outputs/100subaction-e8/experiments/E8/pipeline_outputs/subaction_37_P01_109_37/candidate_00_frame_003549_left/reference_frame.png,/Users/huhu/Documents/Code/bishe/vrb/vrbreproduction/outputs/100subaction-e8/experiments/E8/pipeline_outputs/subaction_37_P01_109_37/candidate_00_frame_003549_left/label_heatmap_merged_overlay.png,/Users/huhu/Documents/Code/bishe/vrb/vrbreproduction/outputs/100subaction-e8/experiments/E8/pipeline_outputs/subaction_37_P01_109_37/candidate_00_frame_003549_left/vrb_style_affordance.png,6.0,0.0,"[294.9, 158.14, 343.16, 190.92]",/Users/huhu/Documents/Code/bishe/vrb/vrbreproduction/outputs/100subaction-e8/experiments/E8/pipeline_outputs/subaction_37_P01_109_37/candidate_00_frame_003549_left/label_heatmap_merged.npy,/Users/huhu/Documents/Code/bishe/vrb/vrbreproduction/outputs/100subaction-e8/experiments/E8/pipeline_outputs/subaction_37_P01_109_37/candidate_00_frame_003549_left/label_heatmap_merged.png,/Users/huhu/Documents/Code/bishe/vrb/vrbreproduction/outputs/100subaction-e8/experiments/E8/pipeline_outputs/subaction_37_P01_109_37/candidate_00_frame_003549_left/mask_projection_overlay.png,"(256, 456)",isotropic_e7,True,False
E8,37,P01_109_37,put down potatoes,put-down,potato,['potato'],3517,3552,3516.0,3551.0,1.0,3550.0,left,new_contact_episode,56,2,28,"[310.0, 160.0, 349.0, 191.0]",3.5931909708025205,grabcut_fallback,bbox_fallback,fallback_lk,cotracker_weighted_affine,False,0.9600000000000001,36,35,28,0.8,1.2229804992675781,5,0.0,1518.0,success,361,0.4765935695485121,no_detection_or_flow,3548.0,pre_contact_gap_tracked_reference,2.0,cotracker_weighted_affine,success,5,0.0,0.25924444444444444,,,,,,,success,keep,,5.4309439183553065,/Users/huhu/Documents/Code/bishe/vrb/vrbreproduction/outputs/100subaction-e8/experiments/E8/pipeline_outputs/subaction_37_P01_109_37/candidate_01_frame_003550_left,/Users/huhu/Documents/Code/bishe/vrb/vrbreproduction/outputs/100subaction-e8/experiments/E8/pipeline_outputs/subaction_37_P01_109_37/candidate_01_frame_003550_left,/Users/huhu/Documents/Code/bishe/vrb/vrbreproduction/outputs/100subaction-e8/experiments/E8/pipeline_outputs/subaction_37_P01_109_37/candidate_01_frame_003550_left/reference_frame.png,/Users/huhu/Documents/Code/bishe/vrb/vrbreproduction/outputs/100subaction-e8/experiments/E8/pipeline_outputs/subaction_37_P01_109_37/candidate_01_frame_003550_left/label_heatmap_merged_overlay.png,/Users/huhu/Documents/Code/bishe/vrb/vrbreproduction/outputs/100subaction-e8/experiments/E8/pipeline_outputs/subaction_37_P01_109_37/candidate_01_frame_003550_left/vrb_style_affordance.png,6.0,0.0,"[298.52, 157.73, 344.53, 190.97]",/Users/huhu/Documents/Code/bishe/vrb/vrbreproduction/outputs/100subaction-e8/experiments/E8/pipeline_outputs/subaction_37_P01_109_37/candidate_01_frame_003550_left/label_heatmap_merged.npy,/Users/huhu/Documents/Code/bishe/vrb/vrbreproduction/outputs/100subaction-e8/experiments/E8/pipeline_outputs/subaction_37_P01_109_37/candidate_01_frame_003550_left/label_heatmap_merged.png,/Users/huhu/Documents/Code/bishe/vrb/vrbreproduction/outputs/100subaction-e8/experiments/E8/pipeline_outputs/subaction_37_P01_109_37/candidate_01_frame_003550_left/mask_projection_overlay.png,"(256, 456)",isotropic_e7,True,True
E8,38,P01_109_38,move potatoes,move,potato,['potato'],3640,3706,3639.0,3705.0,0.0,3654.0,left,new_contact_episode,42,3,49,"[193.0, 117.0, 251.0, 155.0]",4.7115833393988975,grabcut_fallback,bbox_fallback,fallback_lk,cotracker_weighted_affine,False,1.0,36,36,36,1.0,0.30903640389442444,5,0.0,2262.0,success,361,0.20155983860272014,,3653.0,pre_contact_gap_tracked_reference,1.0,cotracker_weighted_affine,success,5,0.0,0.20062222222222223,,,,,,,success,keep,,5.733795574549833,/Users/huhu/Documents/Code/bishe/vrb/vrbreproduction/outputs/100subaction-e8/experiments/E8/pipeline_outputs/subaction_38_P01_109_38/candidate_00_frame_003654_left,/Users/huhu/Documents/Code/bishe/vrb/vrbreproduction/outputs/100subaction-e8/experiments/E8/pipeline_outputs/subaction_38_P01_109_38/candidate_00_frame_003654_left,/Users/huhu/Documents/Code/bishe/vrb/vrbreproduction/outputs/100subaction-e8/experiments/E8/pipeline_outputs/subaction_38_P01_109_38/candidate_00_frame_003654_left/reference_frame.png,/Users/huhu/Documents/Code/bishe/vrb/vrbreproduction/outputs/100subaction-e8/experiments/E8/pipeline_outputs/subaction_38_P01_109_38/candidate_00_frame_003654_left/label_heatmap_merged_overlay.png,/Users/huhu/Documents/Code/bishe/vrb/vrbreproduction/outputs/100subaction-e8/experiments/E8/pipeline_outputs/subaction_38_P01_109_38/candidate_00_frame_003654_left/vrb_style_affordance.png,6.0,0.0,"[191.95, 115.92, 250.19, 154.88]",/Users/huhu/Documents/Code/bishe/vrb/vrbreproduction/outputs/100subaction-e8/experiments/E8/pipeline_outputs/subaction_38_P01_109_38/candidate_00_frame_003654_left/label_heatmap_merged.npy,/Users/huhu/Documents/Code/bishe/vrb/vrbreproduction/outputs/100subaction-e8/experiments/E8/pipeline_outputs/subaction_38_P01_109_38/candidate_00_frame_003654_left/label_heatmap_merged.png,/Users/huhu/Documents/Code/bishe/vrb/vrbreproduction/outputs/100subaction-e8/experiments/E8/pipeline_outputs/subaction_38_P01_109_38/candidate_00_frame_003654_left/mask_projection_overlay.png,"(256, 456)",isotropic_e7,True,True
E8,38,P01_109_38,move potatoes,move,potato,['potato'],3640,3706,3639.0,3705.0,1.0,3655.0,left,new_contact_episode,42,3,88,"[194.0, 119.0, 251.0, 157.0]",4.834399599832765,grabcut_fallback,bbox_fallback,fallback_lk,cotracker_weighted_affine,False,0.9833333333333334,36,36,33,0.9166666666666666,1.3212097883224487,5,0.0,2280.0,success,361,0.20155983860272014,,3651.0,pre_contact_gap_tracked_reference,4.0,cotracker_weighted_affine,success,5,0.0,0.2,,,,,,,success,keep,,5.623863706350326,/Users/huhu/Documents/Code/bishe/vrb/vrbreproduction/outputs/100subaction-e8/experiments/E8/pipeline_outputs/subaction_38_P01_109_38/candidate_01_frame_003655_left,/Users/huhu/Documents/Code/bishe/vrb/vrbreproduction/outputs/100subaction-e8/experiments/E8/pipeline_outputs/subaction_38_P01_109_38/candidate_01_frame_003655_left,/Users/huhu/Documents/Code/bishe/vrb/vrbreproduction/outputs/100subaction-e8/experiments/E8/pipeline_outputs/subaction_38_P01_109_38/candidate_01_frame_003655_left/reference_frame.png,/Users/huhu/Documents/Code/bishe/vrb/vrbreproduction/outputs/100subaction-e8/experiments/E8/pipeline_outputs/subaction_38_P01_109_38/candidate_01_frame_003655_left/label_heatmap_merged_overlay.png,/Users/huhu/Documents/Code/bishe/vrb/vrbreproduction/outputs/100subaction-e8/experiments/E8/pipeline_outputs/subaction_38_P01_109_38/candidate_01_frame_003655_left/vrb_style_affordance.png,6.0,0.0,"[189.4, 115.54, 248.93, 154.04]",/Users/huhu/Documents/Code/bishe/vrb/vrbreproduction/outputs/100subaction-e8/experiments/E8/pipeline_outputs/subaction_38_P01_109_38/candidate_01_frame_003655_left/label_heatmap_merged.npy,/Users/huhu/Documents/Code/bishe/vrb/vrbreproduction/outputs/100subaction-e8/experiments/E8/pipeline_outputs/subaction_38_P01_109_38/candidate_01_frame_003655_left/label_heatmap_merged.png,/Users/huhu/Documents/Code/bishe/vrb/vrbreproduction/outputs/100subaction-e8/experiments/E8/pipeline_outputs/subaction_38_P01_109_38/candidate_01_frame_003655_left/mask_projection_overlay.png,"(256, 456)",isotropic_e7,True,False
E8,38,P01_109_38,move potatoes,move,potato,['potato'],3640,3706,3639.0,3705.0,2.0,3656.0,left,new_contact_episode,42,3,116,"[193.0, 120.0, 249.0, 156.0]",4.842109912838889,grabcut_fallback,bbox_fallback,fallback_lk,cotracker_weighted_affine,False,0.9722222222222223,36,36,31,0.8611111111111112,1.460997223854065,5,0.0,2280.0,success,361,0.20155983860272014,,3651.0,pre_contact_gap_tracked_reference,5.0,cotracker_weighted_affine,success,5,0.0,0.2,,,,,,,success,keep,,5.572003416617711,/Users/huhu/Documents/Code/bishe/vrb/vrbreproduction/outputs/100subaction-e8/experiments/E8/pipeline_outputs/subaction_38_P01_109_38/candidate_02_frame_003656_left,/Users/huhu/Documents/Code/bishe/vrb/vrbreproduction/outputs/100subaction-e8/experiments/E8/pipeline_outputs/subaction_38_P01_109_38/candidate_02_frame_003656_left,/Users/huhu/Documents/Code/bishe/vrb/vrbreproduction/outputs/100subaction-e8/experiments/E8/pipeline_outputs/subaction_38_P01_109_38/candidate_02_frame_003656_left/reference_frame.png,/Users/huhu/Documents/Code/bishe/vrb/vrbreproduction/outputs/100subaction-e8/experiments/E8/pipeline_outputs/subaction_38_P01_109_38/candidate_02_frame_003656_left/label_heatmap_merged_overlay.png,/Users/huhu/Documents/Code/bishe/vrb/vrbreproduction/outputs/100subaction-e8/experiments/E8/pipeline_outputs/subaction_38_P01_109_38/candidate_02_frame_003656_left/vrb_style_affordance.png,6.0,0.0,"[189.4, 115.55, 248.92, 154.03]",/Users/huhu/Documents/Code/bishe/vrb/vrbreproduction/outputs/100subaction-e8/experiments/E8/pipeline_outputs/subaction_38_P01_109_38/candidate_02_frame_003656_left/label_heatmap_merged.npy,/Users/huhu/Documents/Code/bishe/vrb/vrbreproduction/outputs/100subaction-e8/experiments/E8/pipeline_outputs/subaction_38_P01_109_38/candidate_02_frame_003656_left/label_heatmap_merged.png,/Users/huhu/Documents/Code/bishe/vrb/vrbreproduction/outputs/100subaction-e8/experiments/E8/pipeline_outputs/subaction_38_P01_109_38/candidate_02_frame_003656_left/mask_projection_overlay.png,"(256, 456)",isotropic_e7,True,True
E8,39,P01_109_39,open cupboard,open,cupboard,['cupboard'],3719,3799,3718.0,3798.0,0.0,3718.0,left,new_contact_episode,55,12,0,,,,,,,True,,0,0,0,,,0,,,not_run,0,0.0,,,,,,not_run,0,,,,,,,,,not_run,discard,missing_hand_or_object_bbox,,/Users/huhu/Documents/Code/bishe/vrb/vrbreproduction/outputs/100subaction-e8/experiments/E8/pipeline_outputs/subaction_39_P01_109_39/candidate_00_frame_003718_left,,,,,,,,,,,,,,False
E8,39,P01_109_39,open cupboard,open,cupboard,['cupboard'],3719,3799,3718.0,3798.0,1.0,3719.0,left,new_contact_episode,55,12,17,"[23.0, 2.0, 444.0, 220.0]",2.808717673673695,grabcut_fallback,,,,True,,36,0,0,,,0,,,success,361,0.20155983860272014,,,,,,failed,0,,,,,,,,,not_run,discard,mask_gate_failed,,/Users/huhu/Documents/Code/bishe/vrb/vrbreproduction/outputs/100subaction-e8/experiments/E8/pipeline_outputs/subaction_39_P01_109_39/candidate_01_frame_003719_left,,,,,6.0,0.0,,,,,,,,False
E8,39,P01_109_39,open cupboard,open,cupboard,['cupboard'],3719,3799,3718.0,3798.0,2.0,3720.0,left,new_contact_episode,55,12,34,"[41.0, 3.0, 398.0, 208.0]",2.873807808524938,grabcut_fallback,,,,True,,36,0,0,,,0,,,success,361,0.20155983860272014,,,,,,failed,0,,,,,,,,,not_run,discard,mask_gate_failed,,/Users/huhu/Documents/Code/bishe/vrb/vrbreproduction/outputs/100subaction-e8/experiments/E8/pipeline_outputs/subaction_39_P01_109_39/candidate_02_frame_003720_left,,,,,6.0,0.0,,,,,,,,False
E8,39,P01_109_39,open cupboard,open,cupboard,['cupboard'],3719,3799,3718.0,3798.0,3.0,3737.0,left,new_contact_episode,55,12,0,,,,,,,True,,0,0,0,,,0,,,not_run,0,0.0,,,,,,not_run,0,,,,,,,,,not_run,discard,missing_hand_or_object_bbox,,/Users/huhu/Documents/Code/bishe/vrb/vrbreproduction/outputs/100subaction-e8/experiments/E8/pipeline_outputs/subaction_39_P01_109_39/candidate_03_frame_003737_left,,,,,,,,,,,,,,False
E8,39,P01_109_39,open cupboard,open,cupboard,['cupboard'],3719,3799,3718.0,3798.0,4.0,3738.0,left,new_contact_episode,55,12,0,"[121.0, 25.0, 238.0, 165.0]",1.0943789557074288,,,,,True,,0,0,0,,,0,,,not_run,0,0.0,,,,,,not_run,0,,,,,,,,,not_run,discard,contact_points_lt5_after_object_boundary_filter,,/Users/huhu/Documents/Code/bishe/vrb/vrbreproduction/outputs/100subaction-e8/experiments/E8/pipeline_outputs/subaction_39_P01_109_39/candidate_04_frame_003738_left,,,,,,,,,,,,,,False
E8,39,P01_109_39,open cupboard,open,cupboard,['cupboard'],3719,3799,3718.0,3798.0,5.0,3739.0,left,new_contact_episode,55,12,103,"[127.0, 5.0, 289.0, 255.0]",2.7715251852766727,grabcut_fallback,,,,True,,36,0,0,,,0,,,success,361,0.20155983860272014,,,,,,failed,0,,,,,,,,,not_run,discard,mask_gate_failed,,/Users/huhu/Documents/Code/bishe/vrb/vrbreproduction/outputs/100subaction-e8/experiments/E8/pipeline_outputs/subaction_39_P01_109_39/candidate_05_frame_003739_left,,,,,6.0,0.0,,,,,,,,False
E8,39,P01_109_39,open cupboard,open,cupboard,['cupboard'],3719,3799,3718.0,3798.0,6.0,3754.0,left,new_contact_episode,55,12,35,"[117.0, 0.0, 190.0, 172.0]",2.850471664564815,grabcut_fallback,bbox_fallback,fallback_lk,cotracker_weighted_affine,True,0.9,30,16,8,0.5,1.4675132036209106,5,0.0,14442.0,success,361,0.20155983860272014,,3753.0,pre_contact_gap_tracked_reference,1.0,cotracker_weighted_affine,success,5,0.0,0.12506666666666666,,,,,,,success,keep,,5.405874603891372,/Users/huhu/Documents/Code/bishe/vrb/vrbreproduction/outputs/100subaction-e8/experiments/E8/pipeline_outputs/subaction_39_P01_109_39/candidate_06_frame_003754_left,/Users/huhu/Documents/Code/bishe/vrb/vrbreproduction/outputs/100subaction-e8/experiments/E8/pipeline_outputs/subaction_39_P01_109_39/candidate_06_frame_003754_left,/Users/huhu/Documents/Code/bishe/vrb/vrbreproduction/outputs/100subaction-e8/experiments/E8/pipeline_outputs/subaction_39_P01_109_39/candidate_06_frame_003754_left/reference_frame.png,/Users/huhu/Documents/Code/bishe/vrb/vrbreproduction/outputs/100subaction-e8/experiments/E8/pipeline_outputs/subaction_39_P01_109_39/candidate_06_frame_003754_left/label_heatmap_merged_overlay.png,/Users/huhu/Documents/Code/bishe/vrb/vrbreproduction/outputs/100subaction-e8/experiments/E8/pipeline_outputs/subaction_39_P01_109_39/candidate_06_frame_003754_left/vrb_style_affordance.png,6.0,0.0,"[115.57, 1.53, 198.99, 175.62]",/Users/huhu/Documents/Code/bishe/vrb/vrbreproduction/outputs/100subaction-e8/experiments/E8/pipeline_outputs/subaction_39_P01_109_39/candidate_06_frame_003754_left/label_heatmap_merged.npy,/Users/huhu/Documents/Code/bishe/vrb/vrbreproduction/outputs/100subaction-e8/experiments/E8/pipeline_outputs/subaction_39_P01_109_39/candidate_06_frame_003754_left/label_heatmap_merged.png,/Users/huhu/Documents/Code/bishe/vrb/vrbreproduction/outputs/100subaction-e8/experiments/E8/pipeline_outputs/subaction_39_P01_109_39/candidate_06_frame_003754_left/mask_projection_overlay.png,"(256, 456)",isotropic_e7,True,False
E8,39,P01_109_39,open cupboard,open,cupboard,['cupboard'],3719,3799,3718.0,3798.0,7.0,3755.0,left,new_contact_episode,55,12,37,"[109.0, 2.0, 193.0, 161.0]",2.769940911794459,grabcut_fallback,bbox_fallback,fallback_lk,cotracker_weighted_affine,True,0.9066666666666667,36,15,8,0.5333333333333333,1.087080717086792,5,0.0,16089.0,success,361,0.20155983860272014,,3753.0,pre_contact_gap_tracked_reference,2.0,cotracker_weighted_affine,success,5,0.0,0.12506666666666666,,,,,,,success,keep,,5.436287578487397,/Users/huhu/Documents/Code/bishe/vrb/vrbreproduction/outputs/100subaction-e8/experiments/E8/pipeline_outputs/subaction_39_P01_109_39/candidate_07_frame_003755_left,/Users/huhu/Documents/Code/bishe/vrb/vrbreproduction/outputs/100subaction-e8/experiments/E8/pipeline_outputs/subaction_39_P01_109_39/candidate_07_frame_003755_left,/Users/huhu/Documents/Code/bishe/vrb/vrbreproduction/outputs/100subaction-e8/experiments/E8/pipeline_outputs/subaction_39_P01_109_39/candidate_07_frame_003755_left/reference_frame.png,/Users/huhu/Documents/Code/bishe/vrb/vrbreproduction/outputs/100subaction-e8/experiments/E8/pipeline_outputs/subaction_39_P01_109_39/candidate_07_frame_003755_left/label_heatmap_merged_overlay.png,/Users/huhu/Documents/Code/bishe/vrb/vrbreproduction/outputs/100subaction-e8/experiments/E8/pipeline_outputs/subaction_39_P01_109_39/candidate_07_frame_003755_left/vrb_style_affordance.png,6.0,0.0,"[110.83, 0.87, 203.98, 173.74]",/Users/huhu/Documents/Code/bishe/vrb/vrbreproduction/outputs/100subaction-e8/experiments/E8/pipeline_outputs/subaction_39_P01_109_39/candidate_07_frame_003755_left/label_heatmap_merged.npy,/Users/huhu/Documents/Code/bishe/vrb/vrbreproduction/outputs/100subaction-e8/experiments/E8/pipeline_outputs/subaction_39_P01_109_39/candidate_07_frame_003755_left/label_heatmap_merged.png,/Users/huhu/Documents/Code/bishe/vrb/vrbreproduction/outputs/100subaction-e8/experiments/E8/pipeline_outputs/subaction_39_P01_109_39/candidate_07_frame_003755_left/mask_projection_overlay.png,"(256, 456)",isotropic_e7,True,True
E8,39,P01_109_39,open cupboard,open,cupboard,['cupboard'],3719,3799,3718.0,3798.0,8.0,3756.0,left,new_contact_episode,55,12,0,,,,,,,True,,0,0,0,,,0,,,not_run,0,0.0,,,,,,not_run,0,,,,,,,,,not_run,discard,missing_hand_or_object_bbox,,/Users/huhu/Documents/Code/bishe/vrb/vrbreproduction/outputs/100subaction-e8/experiments/E8/pipeline_outputs/subaction_39_P01_109_39/candidate_08_frame_003756_left,,,,,,,,,,,,,,False
E8,39,P01_109_39,open cupboard,open,cupboard,['cupboard'],3719,3799,3718.0,3798.0,9.0,3760.0,right,new_contact_episode,55,12,0,"[73.0, 0.0, 188.0, 127.0]",0.8031315086385078,,,,,True,,0,0,0,,,0,,,not_run,0,0.0,,,,,,not_run,0,,,,,,,,,not_run,discard,contact_points_lt5_after_object_boundary_filter,,/Users/huhu/Documents/Code/bishe/vrb/vrbreproduction/outputs/100subaction-e8/experiments/E8/pipeline_outputs/subaction_39_P01_109_39/candidate_09_frame_003760_right,,,,,,,,,,,,,,False
E8,39,P01_109_39,open cupboard,open,cupboard,['cupboard'],3719,3799,3718.0,3798.0,10.0,3761.0,right,new_contact_episode,55,12,57,"[353.0, 50.0, 377.0, 72.0]",4.91372827244092,grabcut_fallback,bbox_fallback,fallback_lk,cotracker_weighted_affine,True,1.0,30,30,30,1.0,0.3465244174003601,5,0.0,575.0,success,361,0.20155983860272014,,3760.0,earliest_reliable_tracked_reference_no_pre_gap,1.0,cotracker_weighted_affine,success,5,0.0,0.10888888888888888,,,,,,,success,keep,,5.838770934144655,/Users/huhu/Documents/Code/bishe/vrb/vrbreproduction/outputs/100subaction-e8/experiments/E8/pipeline_outputs/subaction_39_P01_109_39/candidate_10_frame_003761_right,/Users/huhu/Documents/Code/bishe/vrb/vrbreproduction/outputs/100subaction-e8/experiments/E8/pipeline_outputs/subaction_39_P01_109_39/candidate_10_frame_003761_right,/Users/huhu/Documents/Code/bishe/vrb/vrbreproduction/outputs/100subaction-e8/experiments/E8/pipeline_outputs/subaction_39_P01_109_39/candidate_10_frame_003761_right/reference_frame.png,/Users/huhu/Documents/Code/bishe/vrb/vrbreproduction/outputs/100subaction-e8/experiments/E8/pipeline_outputs/subaction_39_P01_109_39/candidate_10_frame_003761_right/label_heatmap_merged_overlay.png,/Users/huhu/Documents/Code/bishe/vrb/vrbreproduction/outputs/100subaction-e8/experiments/E8/pipeline_outputs/subaction_39_P01_109_39/candidate_10_frame_003761_right/vrb_style_affordance.png,6.0,0.0,"[352.02, 51.37, 376.56, 73.88]",/Users/huhu/Documents/Code/bishe/vrb/vrbreproduction/outputs/100subaction-e8/experiments/E8/pipeline_outputs/subaction_39_P01_109_39/candidate_10_frame_003761_right/label_heatmap_merged.npy,/Users/huhu/Documents/Code/bishe/vrb/vrbreproduction/outputs/100subaction-e8/experiments/E8/pipeline_outputs/subaction_39_P01_109_39/candidate_10_frame_003761_right/label_heatmap_merged.png,/Users/huhu/Documents/Code/bishe/vrb/vrbreproduction/outputs/100subaction-e8/experiments/E8/pipeline_outputs/subaction_39_P01_109_39/candidate_10_frame_003761_right/mask_projection_overlay.png,"(256, 456)",isotropic_e7,True,False
E8,39,P01_109_39,open cupboard,open,cupboard,['cupboard'],3719,3799,3718.0,3798.0,11.0,3762.0,right,new_contact_episode,55,12,57,"[353.0, 49.0, 377.0, 73.0]",4.875965654657465,grabcut_fallback,bbox_fallback,fallback_lk,cotracker_weighted_affine,True,1.0,34,34,34,1.0,0.4048575758934021,5,0.0,552.0,success,361,0.20155983860272014,,3761.0,earliest_reliable_tracked_reference_no_pre_gap,1.0,cotracker_weighted_affine,success,5,0.0,0.10835555555555555,,,,,,,success,keep,,5.869320939389864,/Users/huhu/Documents/Code/bishe/vrb/vrbreproduction/outputs/100subaction-e8/experiments/E8/pipeline_outputs/subaction_39_P01_109_39/candidate_11_frame_003762_right,/Users/huhu/Documents/Code/bishe/vrb/vrbreproduction/outputs/100subaction-e8/experiments/E8/pipeline_outputs/subaction_39_P01_109_39/candidate_11_frame_003762_right,/Users/huhu/Documents/Code/bishe/vrb/vrbreproduction/outputs/100subaction-e8/experiments/E8/pipeline_outputs/subaction_39_P01_109_39/candidate_11_frame_003762_right/reference_frame.png,/Users/huhu/Documents/Code/bishe/vrb/vrbreproduction/outputs/100subaction-e8/experiments/E8/pipeline_outputs/subaction_39_P01_109_39/candidate_11_frame_003762_right/label_heatmap_merged_overlay.png,/Users/huhu/Documents/Code/bishe/vrb/vrbreproduction/outputs/100subaction-e8/experiments/E8/pipeline_outputs/subaction_39_P01_109_39/candidate_11_frame_003762_right/vrb_style_affordance.png,6.0,0.0,"[352.94, 49.95, 377.22, 72.93]",/Users/huhu/Documents/Code/bishe/vrb/vrbreproduction/outputs/100subaction-e8/experiments/E8/pipeline_outputs/subaction_39_P01_109_39/candidate_11_frame_003762_right/label_heatmap_merged.npy,/Users/huhu/Documents/Code/bishe/vrb/vrbreproduction/outputs/100subaction-e8/experiments/E8/pipeline_outputs/subaction_39_P01_109_39/candidate_11_frame_003762_right/label_heatmap_merged.png,/Users/huhu/Documents/Code/bishe/vrb/vrbreproduction/outputs/100subaction-e8/experiments/E8/pipeline_outputs/subaction_39_P01_109_39/candidate_11_frame_003762_right/mask_projection_overlay.png,"(256, 456)",isotropic_e7,True,True
E8,40,P01_109_40,move pans,move,pan,['pan'],3826,4048,3825.0,4047.0,0.0,3837.0,right,new_contact_episode,301,12,0,,,,,,,False,,0,0,0,,,0,,,not_run,0,0.0,,,,,,not_run,0,,,,,,,,,not_run,discard,missing_hand_or_object_bbox,,/Users/huhu/Documents/Code/bishe/vrb/vrbreproduction/outputs/100subaction-e8/experiments/E8/pipeline_outputs/subaction_40_P01_109_40/candidate_00_frame_003837_right,,,,,,,,,,,,,,False
E8,40,P01_109_40,move pans,move,pan,['pan'],3826,4048,3825.0,4047.0,1.0,3838.0,right,new_contact_episode,301,12,0,,,,,,,False,,0,0,0,,,0,,,not_run,0,0.0,,,,,,not_run,0,,,,,,,,,not_run,discard,missing_hand_or_object_bbox,,/Users/huhu/Documents/Code/bishe/vrb/vrbreproduction/outputs/100subaction-e8/experiments/E8/pipeline_outputs/subaction_40_P01_109_40/candidate_01_frame_003838_right,,,,,,,,,,,,,,False
E8,40,P01_109_40,move pans,move,pan,['pan'],3826,4048,3825.0,4047.0,2.0,3844.0,left,new_contact_episode,301,12,0,,,,,,,False,,0,0,0,,,0,,,not_run,0,0.0,,,,,,not_run,0,,,,,,,,,not_run,discard,missing_hand_or_object_bbox,,/Users/huhu/Documents/Code/bishe/vrb/vrbreproduction/outputs/100subaction-e8/experiments/E8/pipeline_outputs/subaction_40_P01_109_40/candidate_02_frame_003844_left,,,,,,,,,,,,,,False
E8,40,P01_109_40,move pans,move,pan,['pan'],3826,4048,3825.0,4047.0,3.0,3845.0,left,new_contact_episode,301,12,0,,,,,,,False,,0,0,0,,,0,,,not_run,0,0.0,,,,,,not_run,0,,,,,,,,,not_run,discard,missing_hand_or_object_bbox,,/Users/huhu/Documents/Code/bishe/vrb/vrbreproduction/outputs/100subaction-e8/experiments/E8/pipeline_outputs/subaction_40_P01_109_40/candidate_03_frame_003845_left,,,,,,,,,,,,,,False
E8,40,P01_109_40,move pans,move,pan,['pan'],3826,4048,3825.0,4047.0,4.0,3846.0,left,new_contact_episode,301,12,0,,,,,,,False,,0,0,0,,,0,,,not_run,0,0.0,,,,,,not_run,0,,,,,,,,,not_run,discard,missing_hand_or_object_bbox,,/Users/huhu/Documents/Code/bishe/vrb/vrbreproduction/outputs/100subaction-e8/experiments/E8/pipeline_outputs/subaction_40_P01_109_40/candidate_04_frame_003846_left,,,,,,,,,,,,,,False
E8,40,P01_109_40,move pans,move,pan,['pan'],3826,4048,3825.0,4047.0,5.0,3847.0,right,new_contact_episode,301,12,0,,,,,,,False,,0,0,0,,,0,,,not_run,0,0.0,,,,,,not_run,0,,,,,,,,,not_run,discard,missing_hand_or_object_bbox,,/Users/huhu/Documents/Code/bishe/vrb/vrbreproduction/outputs/100subaction-e8/experiments/E8/pipeline_outputs/subaction_40_P01_109_40/candidate_05_frame_003847_right,,,,,,,,,,,,,,False
E8,40,P01_109_40,move pans,move,pan,['pan'],3826,4048,3825.0,4047.0,6.0,3848.0,right,new_contact_episode,301,12,0,,,,,,,False,,0,0,0,,,0,,,not_run,0,0.0,,,,,,not_run,0,,,,,,,,,not_run,discard,missing_hand_or_object_bbox,,/Users/huhu/Documents/Code/bishe/vrb/vrbreproduction/outputs/100subaction-e8/experiments/E8/pipeline_outputs/subaction_40_P01_109_40/candidate_06_frame_003848_right,,,,,,,,,,,,,,False
E8,40,P01_109_40,move pans,move,pan,['pan'],3826,4048,3825.0,4047.0,7.0,3849.0,right,new_contact_episode,301,12,0,,,,,,,False,,0,0,0,,,0,,,not_run,0,0.0,,,,,,not_run,0,,,,,,,,,not_run,discard,missing_hand_or_object_bbox,,/Users/huhu/Documents/Code/bishe/vrb/vrbreproduction/outputs/100subaction-e8/experiments/E8/pipeline_outputs/subaction_40_P01_109_40/candidate_07_frame_003849_right,,,,,,,,,,,,,,False
E8,40,P01_109_40,move pans,move,pan,['pan'],3826,4048,3825.0,4047.0,8.0,3855.0,right,new_contact_episode,301,12,98,"[276.0, 1.0, 321.0, 30.0]",4.341274162851916,grabcut_fallback,bbox_fallback,fallback_lk,cotracker_weighted_affine,False,0.8523076923076922,30,26,25,0.9615384615384616,0.5283248424530029,3,0.0,1419.0,success,361,0.20155983860272014,,3854.0,pre_contact_gap_tracked_reference,1.0,cotracker_weighted_affine,success,3,0.0,0.24782222222222222,,,,,,,success,keep,,4.847570767546923,/Users/huhu/Documents/Code/bishe/vrb/vrbreproduction/outputs/100subaction-e8/experiments/E8/pipeline_outputs/subaction_40_P01_109_40/candidate_08_frame_003855_right,/Users/huhu/Documents/Code/bishe/vrb/vrbreproduction/outputs/100subaction-e8/experiments/E8/pipeline_outputs/subaction_40_P01_109_40/candidate_08_frame_003855_right,/Users/huhu/Documents/Code/bishe/vrb/vrbreproduction/outputs/100subaction-e8/experiments/E8/pipeline_outputs/subaction_40_P01_109_40/candidate_08_frame_003855_right/reference_frame.png,/Users/huhu/Documents/Code/bishe/vrb/vrbreproduction/outputs/100subaction-e8/experiments/E8/pipeline_outputs/subaction_40_P01_109_40/candidate_08_frame_003855_right/label_heatmap_merged_overlay.png,/Users/huhu/Documents/Code/bishe/vrb/vrbreproduction/outputs/100subaction-e8/experiments/E8/pipeline_outputs/subaction_40_P01_109_40/candidate_08_frame_003855_right/vrb_style_affordance.png,6.0,0.0,"[275.35, 1.1, 317.75, 33.5]",/Users/huhu/Documents/Code/bishe/vrb/vrbreproduction/outputs/100subaction-e8/experiments/E8/pipeline_outputs/subaction_40_P01_109_40/candidate_08_frame_003855_right/label_heatmap_merged.npy,/Users/huhu/Documents/Code/bishe/vrb/vrbreproduction/outputs/100subaction-e8/experiments/E8/pipeline_outputs/subaction_40_P01_109_40/candidate_08_frame_003855_right/label_heatmap_merged.png,/Users/huhu/Documents/Code/bishe/vrb/vrbreproduction/outputs/100subaction-e8/experiments/E8/pipeline_outputs/subaction_40_P01_109_40/candidate_08_frame_003855_right/mask_projection_overlay.png,"(256, 456)",isotropic_e7,True,False
E8,40,P01_109_40,move pans,move,pan,['pan'],3826,4048,3825.0,4047.0,9.0,3856.0,right,new_contact_episode,301,12,232,"[44.0, 7.0, 421.0, 250.0]",2.2991171924083376,grabcut_fallback,bbox_fallback,fallback_lk,cotracker_weighted_affine,False,0.9741935483870968,36,31,27,0.8709677419354839,1.5326920747756958,5,0.0,92610.0,success,361,0.20155983860272014,,3854.0,pre_contact_gap_tracked_reference,2.0,cotracker_weighted_affine,success,5,0.0,0.24782222222222222,,,,,,,success,keep,,5.460984210875009,/Users/huhu/Documents/Code/bishe/vrb/vrbreproduction/outputs/100subaction-e8/experiments/E8/pipeline_outputs/subaction_40_P01_109_40/candidate_09_frame_003856_right,/Users/huhu/Documents/Code/bishe/vrb/vrbreproduction/outputs/100subaction-e8/experiments/E8/pipeline_outputs/subaction_40_P01_109_40/candidate_09_frame_003856_right,/Users/huhu/Documents/Code/bishe/vrb/vrbreproduction/outputs/100subaction-e8/experiments/E8/pipeline_outputs/subaction_40_P01_109_40/candidate_09_frame_003856_right/reference_frame.png,/Users/huhu/Documents/Code/bishe/vrb/vrbreproduction/outputs/100subaction-e8/experiments/E8/pipeline_outputs/subaction_40_P01_109_40/candidate_09_frame_003856_right/label_heatmap_merged_overlay.png,/Users/huhu/Documents/Code/bishe/vrb/vrbreproduction/outputs/100subaction-e8/experiments/E8/pipeline_outputs/subaction_40_P01_109_40/candidate_09_frame_003856_right/vrb_style_affordance.png,6.0,0.0,"[44.55, 6.47, 423.32, 250.92]",/Users/huhu/Documents/Code/bishe/vrb/vrbreproduction/outputs/100subaction-e8/experiments/E8/pipeline_outputs/subaction_40_P01_109_40/candidate_09_frame_003856_right/label_heatmap_merged.npy,/Users/huhu/Documents/Code/bishe/vrb/vrbreproduction/outputs/100subaction-e8/experiments/E8/pipeline_outputs/subaction_40_P01_109_40/candidate_09_frame_003856_right/label_heatmap_merged.png,/Users/huhu/Documents/Code/bishe/vrb/vrbreproduction/outputs/100subaction-e8/experiments/E8/pipeline_outputs/subaction_40_P01_109_40/candidate_09_frame_003856_right/mask_projection_overlay.png,"(256, 456)",isotropic_e7,True,True
E8,40,P01_109_40,move pans,move,pan,['pan'],3826,4048,3825.0,4047.0,10.0,3857.0,right,new_contact_episode,301,12,146,"[31.0, 4.0, 349.0, 246.0]",2.4253922727939736,grabcut_fallback,bbox_fallback,fallback_lk,cotracker_weighted_affine,False,0.9545454545454546,36,22,17,0.7727272727272727,1.381711483001709,5,0.0,87352.0,success,361,0.20155983860272014,,3854.0,pre_contact_gap_tracked_reference,3.0,cotracker_weighted_affine,success,5,0.0,0.24782222222222222,,,,,,,success,keep,,5.385833276722071,/Users/huhu/Documents/Code/bishe/vrb/vrbreproduction/outputs/100subaction-e8/experiments/E8/pipeline_outputs/subaction_40_P01_109_40/candidate_10_frame_003857_right,/Users/huhu/Documents/Code/bishe/vrb/vrbreproduction/outputs/100subaction-e8/experiments/E8/pipeline_outputs/subaction_40_P01_109_40/candidate_10_frame_003857_right,/Users/huhu/Documents/Code/bishe/vrb/vrbreproduction/outputs/100subaction-e8/experiments/E8/pipeline_outputs/subaction_40_P01_109_40/candidate_10_frame_003857_right/reference_frame.png,/Users/huhu/Documents/Code/bishe/vrb/vrbreproduction/outputs/100subaction-e8/experiments/E8/pipeline_outputs/subaction_40_P01_109_40/candidate_10_frame_003857_right/label_heatmap_merged_overlay.png,/Users/huhu/Documents/Code/bishe/vrb/vrbreproduction/outputs/100subaction-e8/experiments/E8/pipeline_outputs/subaction_40_P01_109_40/candidate_10_frame_003857_right/vrb_style_affordance.png,6.0,0.0,"[40.18, 5.58, 398.48, 249.87]",/Users/huhu/Documents/Code/bishe/vrb/vrbreproduction/outputs/100subaction-e8/experiments/E8/pipeline_outputs/subaction_40_P01_109_40/candidate_10_frame_003857_right/label_heatmap_merged.npy,/Users/huhu/Documents/Code/bishe/vrb/vrbreproduction/outputs/100subaction-e8/experiments/E8/pipeline_outputs/subaction_40_P01_109_40/candidate_10_frame_003857_right/label_heatmap_merged.png,/Users/huhu/Documents/Code/bishe/vrb/vrbreproduction/outputs/100subaction-e8/experiments/E8/pipeline_outputs/subaction_40_P01_109_40/candidate_10_frame_003857_right/mask_projection_overlay.png,"(256, 456)",isotropic_e7,True,False
E8,40,P01_109_40,move pans,move,pan,['pan'],3826,4048,3825.0,4047.0,11.0,3876.0,right,new_contact_episode,301,12,0,,,,,,,False,,0,0,0,,,0,,,not_run,0,0.0,,,,,,not_run,0,,,,,,,,,not_run,discard,missing_hand_or_object_bbox,,/Users/huhu/Documents/Code/bishe/vrb/vrbreproduction/outputs/100subaction-e8/experiments/E8/pipeline_outputs/subaction_40_P01_109_40/candidate_11_frame_003876_right,,,,,,,,,,,,,,False
E8,41,P01_109_41,pick up pan,pick-up,pan,,4038,4098,,,,,,,122,0,0,,,,,,,False,,0,0,0,,,0,,,not_run,0,0.0,,,,,,not_run,0,,,,,,,,,not_run,discard,continuation_contact_run,,,,,,,,,,,,,,,,False
E8,42,P01_109_42,put down pan,put-down,pan,['pan'],4209,4280,4208.0,4279.0,0.0,4273.0,left,new_contact_episode,107,3,194,"[215.0, 4.0, 337.0, 160.0]",2.8207785901388207,grabcut_fallback,bbox_fallback,fallback_lk,cotracker_weighted_affine,False,0.99,36,20,19,0.95,0.4365556240081787,5,0.0,22496.0,success,361,0.941336550625,,4271.0,earliest_reliable_tracked_reference_no_pre_gap,2.0,cotracker_weighted_affine,success,5,0.0,0.24853333333333333,,,,,,,success,keep,,5.6146033312797545,/Users/huhu/Documents/Code/bishe/vrb/vrbreproduction/outputs/100subaction-e8/experiments/E8/pipeline_outputs/subaction_42_P01_109_42/candidate_00_frame_004273_left,/Users/huhu/Documents/Code/bishe/vrb/vrbreproduction/outputs/100subaction-e8/experiments/E8/pipeline_outputs/subaction_42_P01_109_42/candidate_00_frame_004273_left,/Users/huhu/Documents/Code/bishe/vrb/vrbreproduction/outputs/100subaction-e8/experiments/E8/pipeline_outputs/subaction_42_P01_109_42/candidate_00_frame_004273_left/reference_frame.png,/Users/huhu/Documents/Code/bishe/vrb/vrbreproduction/outputs/100subaction-e8/experiments/E8/pipeline_outputs/subaction_42_P01_109_42/candidate_00_frame_004273_left/label_heatmap_merged_overlay.png,/Users/huhu/Documents/Code/bishe/vrb/vrbreproduction/outputs/100subaction-e8/experiments/E8/pipeline_outputs/subaction_42_P01_109_42/candidate_00_frame_004273_left/vrb_style_affordance.png,6.0,0.0,"[207.36, 0.0, 354.93, 152.38]",/Users/huhu/Documents/Code/bishe/vrb/vrbreproduction/outputs/100subaction-e8/experiments/E8/pipeline_outputs/subaction_42_P01_109_42/candidate_00_frame_004273_left/label_heatmap_merged.npy,/Users/huhu/Documents/Code/bishe/vrb/vrbreproduction/outputs/100subaction-e8/experiments/E8/pipeline_outputs/subaction_42_P01_109_42/candidate_00_frame_004273_left/label_heatmap_merged.png,/Users/huhu/Documents/Code/bishe/vrb/vrbreproduction/outputs/100subaction-e8/experiments/E8/pipeline_outputs/subaction_42_P01_109_42/candidate_00_frame_004273_left/mask_projection_overlay.png,"(256, 456)",isotropic_e7,True,False
E8,42,P01_109_42,put down pan,put-down,pan,['pan'],4209,4280,4208.0,4279.0,1.0,4274.0,left,new_contact_episode,107,3,128,"[218.0, 5.0, 333.0, 153.0]",3.0693750845239722,grabcut_fallback,bbox_fallback,fallback_lk,cotracker_weighted_affine,False,0.9636363636363637,36,11,9,0.8181818181818182,0.8878034353256226,5,0.0,21168.0,success,361,0.941336550625,,4270.0,earliest_reliable_tracked_reference_no_pre_gap,4.0,cotracker_weighted_affine,success,5,0.0,0.10613333333333333,,,,,,,success,keep,,5.703802260576595,/Users/huhu/Documents/Code/bishe/vrb/vrbreproduction/outputs/100subaction-e8/experiments/E8/pipeline_outputs/subaction_42_P01_109_42/candidate_01_frame_004274_left,/Users/huhu/Documents/Code/bishe/vrb/vrbreproduction/outputs/100subaction-e8/experiments/E8/pipeline_outputs/subaction_42_P01_109_42/candidate_01_frame_004274_left,/Users/huhu/Documents/Code/bishe/vrb/vrbreproduction/outputs/100subaction-e8/experiments/E8/pipeline_outputs/subaction_42_P01_109_42/candidate_01_frame_004274_left/reference_frame.png,/Users/huhu/Documents/Code/bishe/vrb/vrbreproduction/outputs/100subaction-e8/experiments/E8/pipeline_outputs/subaction_42_P01_109_42/candidate_01_frame_004274_left/label_heatmap_merged_overlay.png,/Users/huhu/Documents/Code/bishe/vrb/vrbreproduction/outputs/100subaction-e8/experiments/E8/pipeline_outputs/subaction_42_P01_109_42/candidate_01_frame_004274_left/vrb_style_affordance.png,6.0,0.0,"[213.56, 0.0, 358.37, 146.72]",/Users/huhu/Documents/Code/bishe/vrb/vrbreproduction/outputs/100subaction-e8/experiments/E8/pipeline_outputs/subaction_42_P01_109_42/candidate_01_frame_004274_left/label_heatmap_merged.npy,/Users/huhu/Documents/Code/bishe/vrb/vrbreproduction/outputs/100subaction-e8/experiments/E8/pipeline_outputs/subaction_42_P01_109_42/candidate_01_frame_004274_left/label_heatmap_merged.png,/Users/huhu/Documents/Code/bishe/vrb/vrbreproduction/outputs/100subaction-e8/experiments/E8/pipeline_outputs/subaction_42_P01_109_42/candidate_01_frame_004274_left/mask_projection_overlay.png,"(256, 456)",isotropic_e7,True,True
E8,42,P01_109_42,put down pan,put-down,pan,['pan'],4209,4280,4208.0,4279.0,2.0,4275.0,left,new_contact_episode,107,3,223,"[169.0, 4.0, 331.0, 150.0]",3.8321416916290083,grabcut_fallback,bbox_fallback,fallback_lk,cotracker_weighted_affine,False,0.9333333333333333,36,12,8,0.6666666666666666,1.421675443649292,5,0.0,21462.0,success,361,0.941336550625,,4270.0,earliest_reliable_tracked_reference_no_pre_gap,5.0,cotracker_weighted_affine,success,5,0.0,0.10195555555555555,,,,,,,success,keep,,5.574416403357187,/Users/huhu/Documents/Code/bishe/vrb/vrbreproduction/outputs/100subaction-e8/experiments/E8/pipeline_outputs/subaction_42_P01_109_42/candidate_02_frame_004275_left,/Users/huhu/Documents/Code/bishe/vrb/vrbreproduction/outputs/100subaction-e8/experiments/E8/pipeline_outputs/subaction_42_P01_109_42/candidate_02_frame_004275_left,/Users/huhu/Documents/Code/bishe/vrb/vrbreproduction/outputs/100subaction-e8/experiments/E8/pipeline_outputs/subaction_42_P01_109_42/candidate_02_frame_004275_left/reference_frame.png,/Users/huhu/Documents/Code/bishe/vrb/vrbreproduction/outputs/100subaction-e8/experiments/E8/pipeline_outputs/subaction_42_P01_109_42/candidate_02_frame_004275_left/label_heatmap_merged_overlay.png,/Users/huhu/Documents/Code/bishe/vrb/vrbreproduction/outputs/100subaction-e8/experiments/E8/pipeline_outputs/subaction_42_P01_109_42/candidate_02_frame_004275_left/vrb_style_affordance.png,6.0,0.0,"[211.95, 0.0, 358.32, 147.37]",/Users/huhu/Documents/Code/bishe/vrb/vrbreproduction/outputs/100subaction-e8/experiments/E8/pipeline_outputs/subaction_42_P01_109_42/candidate_02_frame_004275_left/label_heatmap_merged.npy,/Users/huhu/Documents/Code/bishe/vrb/vrbreproduction/outputs/100subaction-e8/experiments/E8/pipeline_outputs/subaction_42_P01_109_42/candidate_02_frame_004275_left/label_heatmap_merged.png,/Users/huhu/Documents/Code/bishe/vrb/vrbreproduction/outputs/100subaction-e8/experiments/E8/pipeline_outputs/subaction_42_P01_109_42/candidate_02_frame_004275_left/mask_projection_overlay.png,"(256, 456)",isotropic_e7,True,False
E8,43,P01_109_44,put down pan,put-down,pan,['pan'],4269,4353,4268.0,4352.0,0.0,4273.0,left,new_contact_episode,142,3,194,"[215.0, 4.0, 337.0, 160.0]",2.8207785901388207,grabcut_fallback,bbox_fallback,fallback_lk,cotracker_weighted_affine,False,0.99,36,20,19,0.95,0.4365556240081787,5,0.0,22496.0,success,361,0.941336550625,,4271.0,earliest_reliable_tracked_reference_no_pre_gap,2.0,cotracker_weighted_affine,success,5,0.0,0.24853333333333333,,,,,,,success,keep,,5.6146033312797545,/Users/huhu/Documents/Code/bishe/vrb/vrbreproduction/outputs/100subaction-e8/experiments/E8/pipeline_outputs/subaction_43_P01_109_44/candidate_00_frame_004273_left,/Users/huhu/Documents/Code/bishe/vrb/vrbreproduction/outputs/100subaction-e8/experiments/E8/pipeline_outputs/subaction_43_P01_109_44/candidate_00_frame_004273_left,/Users/huhu/Documents/Code/bishe/vrb/vrbreproduction/outputs/100subaction-e8/experiments/E8/pipeline_outputs/subaction_43_P01_109_44/candidate_00_frame_004273_left/reference_frame.png,/Users/huhu/Documents/Code/bishe/vrb/vrbreproduction/outputs/100subaction-e8/experiments/E8/pipeline_outputs/subaction_43_P01_109_44/candidate_00_frame_004273_left/label_heatmap_merged_overlay.png,/Users/huhu/Documents/Code/bishe/vrb/vrbreproduction/outputs/100subaction-e8/experiments/E8/pipeline_outputs/subaction_43_P01_109_44/candidate_00_frame_004273_left/vrb_style_affordance.png,6.0,0.0,"[207.36, 0.0, 354.93, 152.38]",/Users/huhu/Documents/Code/bishe/vrb/vrbreproduction/outputs/100subaction-e8/experiments/E8/pipeline_outputs/subaction_43_P01_109_44/candidate_00_frame_004273_left/label_heatmap_merged.npy,/Users/huhu/Documents/Code/bishe/vrb/vrbreproduction/outputs/100subaction-e8/experiments/E8/pipeline_outputs/subaction_43_P01_109_44/candidate_00_frame_004273_left/label_heatmap_merged.png,/Users/huhu/Documents/Code/bishe/vrb/vrbreproduction/outputs/100subaction-e8/experiments/E8/pipeline_outputs/subaction_43_P01_109_44/candidate_00_frame_004273_left/mask_projection_overlay.png,"(256, 456)",isotropic_e7,True,False
E8,43,P01_109_44,put down pan,put-down,pan,['pan'],4269,4353,4268.0,4352.0,1.0,4274.0,left,new_contact_episode,142,3,128,"[218.0, 5.0, 333.0, 153.0]",3.0693750845239722,grabcut_fallback,bbox_fallback,fallback_lk,cotracker_weighted_affine,False,0.9636363636363637,36,11,9,0.8181818181818182,0.8878034353256226,5,0.0,21168.0,success,361,0.941336550625,,4270.0,earliest_reliable_tracked_reference_no_pre_gap,4.0,cotracker_weighted_affine,success,5,0.0,0.10613333333333333,,,,,,,success,keep,,5.703802260576595,/Users/huhu/Documents/Code/bishe/vrb/vrbreproduction/outputs/100subaction-e8/experiments/E8/pipeline_outputs/subaction_43_P01_109_44/candidate_01_frame_004274_left,/Users/huhu/Documents/Code/bishe/vrb/vrbreproduction/outputs/100subaction-e8/experiments/E8/pipeline_outputs/subaction_43_P01_109_44/candidate_01_frame_004274_left,/Users/huhu/Documents/Code/bishe/vrb/vrbreproduction/outputs/100subaction-e8/experiments/E8/pipeline_outputs/subaction_43_P01_109_44/candidate_01_frame_004274_left/reference_frame.png,/Users/huhu/Documents/Code/bishe/vrb/vrbreproduction/outputs/100subaction-e8/experiments/E8/pipeline_outputs/subaction_43_P01_109_44/candidate_01_frame_004274_left/label_heatmap_merged_overlay.png,/Users/huhu/Documents/Code/bishe/vrb/vrbreproduction/outputs/100subaction-e8/experiments/E8/pipeline_outputs/subaction_43_P01_109_44/candidate_01_frame_004274_left/vrb_style_affordance.png,6.0,0.0,"[213.56, 0.0, 358.37, 146.72]",/Users/huhu/Documents/Code/bishe/vrb/vrbreproduction/outputs/100subaction-e8/experiments/E8/pipeline_outputs/subaction_43_P01_109_44/candidate_01_frame_004274_left/label_heatmap_merged.npy,/Users/huhu/Documents/Code/bishe/vrb/vrbreproduction/outputs/100subaction-e8/experiments/E8/pipeline_outputs/subaction_43_P01_109_44/candidate_01_frame_004274_left/label_heatmap_merged.png,/Users/huhu/Documents/Code/bishe/vrb/vrbreproduction/outputs/100subaction-e8/experiments/E8/pipeline_outputs/subaction_43_P01_109_44/candidate_01_frame_004274_left/mask_projection_overlay.png,"(256, 456)",isotropic_e7,True,True
E8,43,P01_109_44,put down pan,put-down,pan,['pan'],4269,4353,4268.0,4352.0,2.0,4275.0,left,new_contact_episode,142,3,223,"[169.0, 4.0, 331.0, 150.0]",3.8321416916290083,grabcut_fallback,bbox_fallback,fallback_lk,cotracker_weighted_affine,False,0.9333333333333333,36,12,8,0.6666666666666666,1.421675443649292,5,0.0,21462.0,success,361,0.941336550625,,4270.0,earliest_reliable_tracked_reference_no_pre_gap,5.0,cotracker_weighted_affine,success,5,0.0,0.10195555555555555,,,,,,,success,keep,,5.574416403357187,/Users/huhu/Documents/Code/bishe/vrb/vrbreproduction/outputs/100subaction-e8/experiments/E8/pipeline_outputs/subaction_43_P01_109_44/candidate_02_frame_004275_left,/Users/huhu/Documents/Code/bishe/vrb/vrbreproduction/outputs/100subaction-e8/experiments/E8/pipeline_outputs/subaction_43_P01_109_44/candidate_02_frame_004275_left,/Users/huhu/Documents/Code/bishe/vrb/vrbreproduction/outputs/100subaction-e8/experiments/E8/pipeline_outputs/subaction_43_P01_109_44/candidate_02_frame_004275_left/reference_frame.png,/Users/huhu/Documents/Code/bishe/vrb/vrbreproduction/outputs/100subaction-e8/experiments/E8/pipeline_outputs/subaction_43_P01_109_44/candidate_02_frame_004275_left/label_heatmap_merged_overlay.png,/Users/huhu/Documents/Code/bishe/vrb/vrbreproduction/outputs/100subaction-e8/experiments/E8/pipeline_outputs/subaction_43_P01_109_44/candidate_02_frame_004275_left/vrb_style_affordance.png,6.0,0.0,"[211.95, 0.0, 358.32, 147.37]",/Users/huhu/Documents/Code/bishe/vrb/vrbreproduction/outputs/100subaction-e8/experiments/E8/pipeline_outputs/subaction_43_P01_109_44/candidate_02_frame_004275_left/label_heatmap_merged.npy,/Users/huhu/Documents/Code/bishe/vrb/vrbreproduction/outputs/100subaction-e8/experiments/E8/pipeline_outputs/subaction_43_P01_109_44/candidate_02_frame_004275_left/label_heatmap_merged.png,/Users/huhu/Documents/Code/bishe/vrb/vrbreproduction/outputs/100subaction-e8/experiments/E8/pipeline_outputs/subaction_43_P01_109_44/candidate_02_frame_004275_left/mask_projection_overlay.png,"(256, 456)",isotropic_e7,True,False
E8,44,P01_109_43,pick up pan,pick-up,pan,['pan'],4330,4386,4329.0,4385.0,0.0,4380.0,right,new_contact_episode,36,6,127,"[208.0, 39.0, 384.0, 248.0]",2.401347045666721,grabcut_fallback,,,,False,,36,0,0,,,0,,,success,361,0.7280493868468949,,,,,,failed,0,,,,,,,,,not_run,discard,track_visibility_below_threshold,,/Users/huhu/Documents/Code/bishe/vrb/vrbreproduction/outputs/100subaction-e8/experiments/E8/pipeline_outputs/subaction_44_P01_109_43/candidate_00_frame_004380_right,,,,,6.0,0.0,,,,,,,,False
E8,44,P01_109_43,pick up pan,pick-up,pan,['pan'],4330,4386,4329.0,4385.0,1.0,4381.0,right,new_contact_episode,36,6,139,"[217.0, 22.0, 384.0, 238.0]",2.396504725490625,grabcut_fallback,bbox_fallback,fallback_lk,bbox_relative_fallback,False,0.9,36,10,5,0.5,1.2357773780822754,5,0.0,35024.0,success,361,0.7280493868468949,,4377.0,pre_contact_gap_tracked_reference,4.0,bbox_relative_fallback,success,5,0.0,0.0,,,,,,,success,keep,,5.0945,/Users/huhu/Documents/Code/bishe/vrb/vrbreproduction/outputs/100subaction-e8/experiments/E8/pipeline_outputs/subaction_44_P01_109_43/candidate_01_frame_004381_right,/Users/huhu/Documents/Code/bishe/vrb/vrbreproduction/outputs/100subaction-e8/experiments/E8/pipeline_outputs/subaction_44_P01_109_43/candidate_01_frame_004381_right,/Users/huhu/Documents/Code/bishe/vrb/vrbreproduction/outputs/100subaction-e8/experiments/E8/pipeline_outputs/subaction_44_P01_109_43/candidate_01_frame_004381_right/reference_frame.png,/Users/huhu/Documents/Code/bishe/vrb/vrbreproduction/outputs/100subaction-e8/experiments/E8/pipeline_outputs/subaction_44_P01_109_43/candidate_01_frame_004381_right/label_heatmap_merged_overlay.png,/Users/huhu/Documents/Code/bishe/vrb/vrbreproduction/outputs/100subaction-e8/experiments/E8/pipeline_outputs/subaction_44_P01_109_43/candidate_01_frame_004381_right/vrb_style_affordance.png,6.0,0.0,"[167.35, 79.53, 365.71, 256.0]",/Users/huhu/Documents/Code/bishe/vrb/vrbreproduction/outputs/100subaction-e8/experiments/E8/pipeline_outputs/subaction_44_P01_109_43/candidate_01_frame_004381_right/label_heatmap_merged.npy,/Users/huhu/Documents/Code/bishe/vrb/vrbreproduction/outputs/100subaction-e8/experiments/E8/pipeline_outputs/subaction_44_P01_109_43/candidate_01_frame_004381_right/label_heatmap_merged.png,/Users/huhu/Documents/Code/bishe/vrb/vrbreproduction/outputs/100subaction-e8/experiments/E8/pipeline_outputs/subaction_44_P01_109_43/candidate_01_frame_004381_right/mask_projection_overlay.png,"(256, 456)",covariance_e8_object_aware,True,False
E8,44,P01_109_43,pick up pan,pick-up,pan,['pan'],4330,4386,4329.0,4385.0,2.0,4382.0,right,new_contact_episode,36,6,98,"[223.0, 7.0, 380.0, 217.0]",2.3634817107819983,grabcut_fallback,bbox_fallback,fallback_lk,cotracker_weighted_affine,False,0.769090909090909,36,22,12,0.5454545454545454,1.7594566345214844,3,0.0,37185.0,success,361,0.7280493868468949,,4379.0,pre_contact_gap_tracked_reference,3.0,cotracker_weighted_affine,success,3,0.0,0.058888888888888886,,,,,,,success,keep,,4.769973876721932,/Users/huhu/Documents/Code/bishe/vrb/vrbreproduction/outputs/100subaction-e8/experiments/E8/pipeline_outputs/subaction_44_P01_109_43/candidate_02_frame_004382_right,/Users/huhu/Documents/Code/bishe/vrb/vrbreproduction/outputs/100subaction-e8/experiments/E8/pipeline_outputs/subaction_44_P01_109_43/candidate_02_frame_004382_right,/Users/huhu/Documents/Code/bishe/vrb/vrbreproduction/outputs/100subaction-e8/experiments/E8/pipeline_outputs/subaction_44_P01_109_43/candidate_02_frame_004382_right/reference_frame.png,/Users/huhu/Documents/Code/bishe/vrb/vrbreproduction/outputs/100subaction-e8/experiments/E8/pipeline_outputs/subaction_44_P01_109_43/candidate_02_frame_004382_right/label_heatmap_merged_overlay.png,/Users/huhu/Documents/Code/bishe/vrb/vrbreproduction/outputs/100subaction-e8/experiments/E8/pipeline_outputs/subaction_44_P01_109_43/candidate_02_frame_004382_right/vrb_style_affordance.png,6.0,0.0,"[193.44, 50.02, 377.57, 250.8]",/Users/huhu/Documents/Code/bishe/vrb/vrbreproduction/outputs/100subaction-e8/experiments/E8/pipeline_outputs/subaction_44_P01_109_43/candidate_02_frame_004382_right/label_heatmap_merged.npy,/Users/huhu/Documents/Code/bishe/vrb/vrbreproduction/outputs/100subaction-e8/experiments/E8/pipeline_outputs/subaction_44_P01_109_43/candidate_02_frame_004382_right/label_heatmap_merged.png,/Users/huhu/Documents/Code/bishe/vrb/vrbreproduction/outputs/100subaction-e8/experiments/E8/pipeline_outputs/subaction_44_P01_109_43/candidate_02_frame_004382_right/mask_projection_overlay.png,"(256, 456)",isotropic_e7,True,False
E8,44,P01_109_43,pick up pan,pick-up,pan,['pan'],4330,4386,4329.0,4385.0,3.0,4381.0,left,new_contact_episode,36,6,107,"[1.0, 5.0, 199.0, 227.0]",2.7157275284268523,grabcut_fallback,bbox_fallback,fallback_lk,cotracker_weighted_affine,False,0.9290322580645162,36,31,20,0.6451612903225806,1.1877974271774292,5,0.0,45200.0,success,361,0.6957761406082257,,4380.0,earliest_reliable_tracked_reference_no_pre_gap,1.0,cotracker_weighted_affine,success,5,0.0,0.08355555555555555,,,,,,,success,keep,,5.585403711593279,/Users/huhu/Documents/Code/bishe/vrb/vrbreproduction/outputs/100subaction-e8/experiments/E8/pipeline_outputs/subaction_44_P01_109_43/candidate_03_frame_004381_left,/Users/huhu/Documents/Code/bishe/vrb/vrbreproduction/outputs/100subaction-e8/experiments/E8/pipeline_outputs/subaction_44_P01_109_43/candidate_03_frame_004381_left,/Users/huhu/Documents/Code/bishe/vrb/vrbreproduction/outputs/100subaction-e8/experiments/E8/pipeline_outputs/subaction_44_P01_109_43/candidate_03_frame_004381_left/reference_frame.png,/Users/huhu/Documents/Code/bishe/vrb/vrbreproduction/outputs/100subaction-e8/experiments/E8/pipeline_outputs/subaction_44_P01_109_43/candidate_03_frame_004381_left/label_heatmap_merged_overlay.png,/Users/huhu/Documents/Code/bishe/vrb/vrbreproduction/outputs/100subaction-e8/experiments/E8/pipeline_outputs/subaction_44_P01_109_43/candidate_03_frame_004381_left/vrb_style_affordance.png,6.0,0.0,"[0.0, 0.0, 200.41, 226.16]",/Users/huhu/Documents/Code/bishe/vrb/vrbreproduction/outputs/100subaction-e8/experiments/E8/pipeline_outputs/subaction_44_P01_109_43/candidate_03_frame_004381_left/label_heatmap_merged.npy,/Users/huhu/Documents/Code/bishe/vrb/vrbreproduction/outputs/100subaction-e8/experiments/E8/pipeline_outputs/subaction_44_P01_109_43/candidate_03_frame_004381_left/label_heatmap_merged.png,/Users/huhu/Documents/Code/bishe/vrb/vrbreproduction/outputs/100subaction-e8/experiments/E8/pipeline_outputs/subaction_44_P01_109_43/candidate_03_frame_004381_left/mask_projection_overlay.png,"(256, 456)",isotropic_e7,True,True
E8,44,P01_109_43,pick up pan,pick-up,pan,['pan'],4330,4386,4329.0,4385.0,4.0,4382.0,left,new_contact_episode,36,6,86,"[0.0, 5.0, 231.0, 234.0]",2.7038745990038677,grabcut_fallback,bbox_fallback,fallback_lk,cotracker_weighted_affine,False,0.9290322580645162,36,31,20,0.6451612903225806,1.9890925884246826,5,0.0,47460.0,success,361,0.6957761406082257,,4381.0,earliest_reliable_tracked_reference_no_pre_gap,1.0,cotracker_weighted_affine,success,5,0.0,0.08586666666666666,,,,,,,success,keep,,5.589398190089194,/Users/huhu/Documents/Code/bishe/vrb/vrbreproduction/outputs/100subaction-e8/experiments/E8/pipeline_outputs/subaction_44_P01_109_43/candidate_04_frame_004382_left,/Users/huhu/Documents/Code/bishe/vrb/vrbreproduction/outputs/100subaction-e8/experiments/E8/pipeline_outputs/subaction_44_P01_109_43/candidate_04_frame_004382_left,/Users/huhu/Documents/Code/bishe/vrb/vrbreproduction/outputs/100subaction-e8/experiments/E8/pipeline_outputs/subaction_44_P01_109_43/candidate_04_frame_004382_left/reference_frame.png,/Users/huhu/Documents/Code/bishe/vrb/vrbreproduction/outputs/100subaction-e8/experiments/E8/pipeline_outputs/subaction_44_P01_109_43/candidate_04_frame_004382_left/label_heatmap_merged_overlay.png,/Users/huhu/Documents/Code/bishe/vrb/vrbreproduction/outputs/100subaction-e8/experiments/E8/pipeline_outputs/subaction_44_P01_109_43/candidate_04_frame_004382_left/vrb_style_affordance.png,6.0,0.0,"[0.65, 3.37, 210.7, 229.16]",/Users/huhu/Documents/Code/bishe/vrb/vrbreproduction/outputs/100subaction-e8/experiments/E8/pipeline_outputs/subaction_44_P01_109_43/candidate_04_frame_004382_left/label_heatmap_merged.npy,/Users/huhu/Documents/Code/bishe/vrb/vrbreproduction/outputs/100subaction-e8/experiments/E8/pipeline_outputs/subaction_44_P01_109_43/candidate_04_frame_004382_left/label_heatmap_merged.png,/Users/huhu/Documents/Code/bishe/vrb/vrbreproduction/outputs/100subaction-e8/experiments/E8/pipeline_outputs/subaction_44_P01_109_43/candidate_04_frame_004382_left/mask_projection_overlay.png,"(256, 456)",isotropic_e7,True,False
E8,44,P01_109_43,pick up pan,pick-up,pan,['pan'],4330,4386,4329.0,4385.0,5.0,4383.0,left,new_contact_episode,36,6,88,"[0.0, 5.0, 262.0, 242.0]",2.6103350646331265,grabcut_fallback,bbox_fallback,fallback_lk,cotracker_weighted_affine,False,0.967741935483871,36,31,26,0.8387096774193549,1.4813376665115356,5,0.0,56862.0,success,361,0.6957761406082257,,4382.0,earliest_reliable_tracked_reference_no_pre_gap,1.0,cotracker_weighted_affine,success,5,0.0,0.10444444444444445,,,,,,,success,keep,,5.7219254614025035,/Users/huhu/Documents/Code/bishe/vrb/vrbreproduction/outputs/100subaction-e8/experiments/E8/pipeline_outputs/subaction_44_P01_109_43/candidate_05_frame_004383_left,/Users/huhu/Documents/Code/bishe/vrb/vrbreproduction/outputs/100subaction-e8/experiments/E8/pipeline_outputs/subaction_44_P01_109_43/candidate_05_frame_004383_left,/Users/huhu/Documents/Code/bishe/vrb/vrbreproduction/outputs/100subaction-e8/experiments/E8/pipeline_outputs/subaction_44_P01_109_43/candidate_05_frame_004383_left/reference_frame.png,/Users/huhu/Documents/Code/bishe/vrb/vrbreproduction/outputs/100subaction-e8/experiments/E8/pipeline_outputs/subaction_44_P01_109_43/candidate_05_frame_004383_left/label_heatmap_merged_overlay.png,/Users/huhu/Documents/Code/bishe/vrb/vrbreproduction/outputs/100subaction-e8/experiments/E8/pipeline_outputs/subaction_44_P01_109_43/candidate_05_frame_004383_left/vrb_style_affordance.png,6.0,0.0,"[0.0, 3.48, 242.51, 236.56]",/Users/huhu/Documents/Code/bishe/vrb/vrbreproduction/outputs/100subaction-e8/experiments/E8/pipeline_outputs/subaction_44_P01_109_43/candidate_05_frame_004383_left/label_heatmap_merged.npy,/Users/huhu/Documents/Code/bishe/vrb/vrbreproduction/outputs/100subaction-e8/experiments/E8/pipeline_outputs/subaction_44_P01_109_43/candidate_05_frame_004383_left/label_heatmap_merged.png,/Users/huhu/Documents/Code/bishe/vrb/vrbreproduction/outputs/100subaction-e8/experiments/E8/pipeline_outputs/subaction_44_P01_109_43/candidate_05_frame_004383_left/mask_projection_overlay.png,"(256, 456)",isotropic_e7,True,True
E8,45,P01_109_45,put down pan,put-down,pan,['pan'],4379,4432,4378.0,4431.0,0.0,4380.0,right,new_contact_episode,56,9,127,"[208.0, 39.0, 384.0, 248.0]",2.401347045666721,grabcut_fallback,,,,False,,36,0,0,,,0,,,success,361,0.7280493868468949,,,,,,failed,0,,,,,,,,,not_run,discard,track_visibility_below_threshold,,/Users/huhu/Documents/Code/bishe/vrb/vrbreproduction/outputs/100subaction-e8/experiments/E8/pipeline_outputs/subaction_45_P01_109_45/candidate_00_frame_004380_right,,,,,6.0,0.0,,,,,,,,False
E8,45,P01_109_45,put down pan,put-down,pan,['pan'],4379,4432,4378.0,4431.0,1.0,4381.0,right,new_contact_episode,56,9,139,"[217.0, 22.0, 384.0, 238.0]",2.396504725490625,grabcut_fallback,bbox_fallback,fallback_lk,bbox_relative_fallback,False,0.9,36,10,5,0.5,1.2357773780822754,5,0.0,35024.0,success,361,0.7280493868468949,,4377.0,pre_contact_gap_tracked_reference,4.0,bbox_relative_fallback,success,5,0.0,0.0,,,,,,,success,keep,,5.0945,/Users/huhu/Documents/Code/bishe/vrb/vrbreproduction/outputs/100subaction-e8/experiments/E8/pipeline_outputs/subaction_45_P01_109_45/candidate_01_frame_004381_right,/Users/huhu/Documents/Code/bishe/vrb/vrbreproduction/outputs/100subaction-e8/experiments/E8/pipeline_outputs/subaction_45_P01_109_45/candidate_01_frame_004381_right,/Users/huhu/Documents/Code/bishe/vrb/vrbreproduction/outputs/100subaction-e8/experiments/E8/pipeline_outputs/subaction_45_P01_109_45/candidate_01_frame_004381_right/reference_frame.png,/Users/huhu/Documents/Code/bishe/vrb/vrbreproduction/outputs/100subaction-e8/experiments/E8/pipeline_outputs/subaction_45_P01_109_45/candidate_01_frame_004381_right/label_heatmap_merged_overlay.png,/Users/huhu/Documents/Code/bishe/vrb/vrbreproduction/outputs/100subaction-e8/experiments/E8/pipeline_outputs/subaction_45_P01_109_45/candidate_01_frame_004381_right/vrb_style_affordance.png,6.0,0.0,"[167.35, 79.53, 365.71, 256.0]",/Users/huhu/Documents/Code/bishe/vrb/vrbreproduction/outputs/100subaction-e8/experiments/E8/pipeline_outputs/subaction_45_P01_109_45/candidate_01_frame_004381_right/label_heatmap_merged.npy,/Users/huhu/Documents/Code/bishe/vrb/vrbreproduction/outputs/100subaction-e8/experiments/E8/pipeline_outputs/subaction_45_P01_109_45/candidate_01_frame_004381_right/label_heatmap_merged.png,/Users/huhu/Documents/Code/bishe/vrb/vrbreproduction/outputs/100subaction-e8/experiments/E8/pipeline_outputs/subaction_45_P01_109_45/candidate_01_frame_004381_right/mask_projection_overlay.png,"(256, 456)",covariance_e8_object_aware,True,False
E8,45,P01_109_45,put down pan,put-down,pan,['pan'],4379,4432,4378.0,4431.0,2.0,4382.0,right,new_contact_episode,56,9,98,"[223.0, 7.0, 380.0, 217.0]",2.3634817107819983,grabcut_fallback,bbox_fallback,fallback_lk,cotracker_weighted_affine,False,0.769090909090909,36,22,12,0.5454545454545454,1.7594566345214844,3,0.0,37185.0,success,361,0.7280493868468949,,4379.0,pre_contact_gap_tracked_reference,3.0,cotracker_weighted_affine,success,3,0.0,0.058888888888888886,,,,,,,success,keep,,4.769973876721932,/Users/huhu/Documents/Code/bishe/vrb/vrbreproduction/outputs/100subaction-e8/experiments/E8/pipeline_outputs/subaction_45_P01_109_45/candidate_02_frame_004382_right,/Users/huhu/Documents/Code/bishe/vrb/vrbreproduction/outputs/100subaction-e8/experiments/E8/pipeline_outputs/subaction_45_P01_109_45/candidate_02_frame_004382_right,/Users/huhu/Documents/Code/bishe/vrb/vrbreproduction/outputs/100subaction-e8/experiments/E8/pipeline_outputs/subaction_45_P01_109_45/candidate_02_frame_004382_right/reference_frame.png,/Users/huhu/Documents/Code/bishe/vrb/vrbreproduction/outputs/100subaction-e8/experiments/E8/pipeline_outputs/subaction_45_P01_109_45/candidate_02_frame_004382_right/label_heatmap_merged_overlay.png,/Users/huhu/Documents/Code/bishe/vrb/vrbreproduction/outputs/100subaction-e8/experiments/E8/pipeline_outputs/subaction_45_P01_109_45/candidate_02_frame_004382_right/vrb_style_affordance.png,6.0,0.0,"[193.44, 50.02, 377.57, 250.8]",/Users/huhu/Documents/Code/bishe/vrb/vrbreproduction/outputs/100subaction-e8/experiments/E8/pipeline_outputs/subaction_45_P01_109_45/candidate_02_frame_004382_right/label_heatmap_merged.npy,/Users/huhu/Documents/Code/bishe/vrb/vrbreproduction/outputs/100subaction-e8/experiments/E8/pipeline_outputs/subaction_45_P01_109_45/candidate_02_frame_004382_right/label_heatmap_merged.png,/Users/huhu/Documents/Code/bishe/vrb/vrbreproduction/outputs/100subaction-e8/experiments/E8/pipeline_outputs/subaction_45_P01_109_45/candidate_02_frame_004382_right/mask_projection_overlay.png,"(256, 456)",isotropic_e7,True,False
E8,45,P01_109_45,put down pan,put-down,pan,['pan'],4379,4432,4378.0,4431.0,3.0,4381.0,left,new_contact_episode,56,9,107,"[1.0, 5.0, 199.0, 227.0]",2.7157275284268523,grabcut_fallback,bbox_fallback,fallback_lk,cotracker_weighted_affine,False,0.9290322580645162,36,31,20,0.6451612903225806,1.1877974271774292,5,0.0,45200.0,success,361,0.6957761406082257,,4380.0,earliest_reliable_tracked_reference_no_pre_gap,1.0,cotracker_weighted_affine,success,5,0.0,0.08355555555555555,,,,,,,success,keep,,5.585403711593279,/Users/huhu/Documents/Code/bishe/vrb/vrbreproduction/outputs/100subaction-e8/experiments/E8/pipeline_outputs/subaction_45_P01_109_45/candidate_03_frame_004381_left,/Users/huhu/Documents/Code/bishe/vrb/vrbreproduction/outputs/100subaction-e8/experiments/E8/pipeline_outputs/subaction_45_P01_109_45/candidate_03_frame_004381_left,/Users/huhu/Documents/Code/bishe/vrb/vrbreproduction/outputs/100subaction-e8/experiments/E8/pipeline_outputs/subaction_45_P01_109_45/candidate_03_frame_004381_left/reference_frame.png,/Users/huhu/Documents/Code/bishe/vrb/vrbreproduction/outputs/100subaction-e8/experiments/E8/pipeline_outputs/subaction_45_P01_109_45/candidate_03_frame_004381_left/label_heatmap_merged_overlay.png,/Users/huhu/Documents/Code/bishe/vrb/vrbreproduction/outputs/100subaction-e8/experiments/E8/pipeline_outputs/subaction_45_P01_109_45/candidate_03_frame_004381_left/vrb_style_affordance.png,6.0,0.0,"[0.0, 0.0, 200.41, 226.16]",/Users/huhu/Documents/Code/bishe/vrb/vrbreproduction/outputs/100subaction-e8/experiments/E8/pipeline_outputs/subaction_45_P01_109_45/candidate_03_frame_004381_left/label_heatmap_merged.npy,/Users/huhu/Documents/Code/bishe/vrb/vrbreproduction/outputs/100subaction-e8/experiments/E8/pipeline_outputs/subaction_45_P01_109_45/candidate_03_frame_004381_left/label_heatmap_merged.png,/Users/huhu/Documents/Code/bishe/vrb/vrbreproduction/outputs/100subaction-e8/experiments/E8/pipeline_outputs/subaction_45_P01_109_45/candidate_03_frame_004381_left/mask_projection_overlay.png,"(256, 456)",isotropic_e7,True,True
E8,45,P01_109_45,put down pan,put-down,pan,['pan'],4379,4432,4378.0,4431.0,4.0,4382.0,left,new_contact_episode,56,9,86,"[0.0, 5.0, 231.0, 234.0]",2.7038745990038677,grabcut_fallback,bbox_fallback,fallback_lk,cotracker_weighted_affine,False,0.9290322580645162,36,31,20,0.6451612903225806,1.9890925884246826,5,0.0,47460.0,success,361,0.6957761406082257,,4381.0,earliest_reliable_tracked_reference_no_pre_gap,1.0,cotracker_weighted_affine,success,5,0.0,0.08586666666666666,,,,,,,success,keep,,5.589398190089194,/Users/huhu/Documents/Code/bishe/vrb/vrbreproduction/outputs/100subaction-e8/experiments/E8/pipeline_outputs/subaction_45_P01_109_45/candidate_04_frame_004382_left,/Users/huhu/Documents/Code/bishe/vrb/vrbreproduction/outputs/100subaction-e8/experiments/E8/pipeline_outputs/subaction_45_P01_109_45/candidate_04_frame_004382_left,/Users/huhu/Documents/Code/bishe/vrb/vrbreproduction/outputs/100subaction-e8/experiments/E8/pipeline_outputs/subaction_45_P01_109_45/candidate_04_frame_004382_left/reference_frame.png,/Users/huhu/Documents/Code/bishe/vrb/vrbreproduction/outputs/100subaction-e8/experiments/E8/pipeline_outputs/subaction_45_P01_109_45/candidate_04_frame_004382_left/label_heatmap_merged_overlay.png,/Users/huhu/Documents/Code/bishe/vrb/vrbreproduction/outputs/100subaction-e8/experiments/E8/pipeline_outputs/subaction_45_P01_109_45/candidate_04_frame_004382_left/vrb_style_affordance.png,6.0,0.0,"[0.65, 3.37, 210.7, 229.16]",/Users/huhu/Documents/Code/bishe/vrb/vrbreproduction/outputs/100subaction-e8/experiments/E8/pipeline_outputs/subaction_45_P01_109_45/candidate_04_frame_004382_left/label_heatmap_merged.npy,/Users/huhu/Documents/Code/bishe/vrb/vrbreproduction/outputs/100subaction-e8/experiments/E8/pipeline_outputs/subaction_45_P01_109_45/candidate_04_frame_004382_left/label_heatmap_merged.png,/Users/huhu/Documents/Code/bishe/vrb/vrbreproduction/outputs/100subaction-e8/experiments/E8/pipeline_outputs/subaction_45_P01_109_45/candidate_04_frame_004382_left/mask_projection_overlay.png,"(256, 456)",isotropic_e7,True,False
E8,45,P01_109_45,put down pan,put-down,pan,['pan'],4379,4432,4378.0,4431.0,5.0,4383.0,left,new_contact_episode,56,9,88,"[0.0, 5.0, 262.0, 242.0]",2.6103350646331265,grabcut_fallback,bbox_fallback,fallback_lk,cotracker_weighted_affine,False,0.967741935483871,36,31,26,0.8387096774193549,1.4813376665115356,5,0.0,56862.0,success,361,0.6957761406082257,,4382.0,earliest_reliable_tracked_reference_no_pre_gap,1.0,cotracker_weighted_affine,success,5,0.0,0.10444444444444445,,,,,,,success,keep,,5.7219254614025035,/Users/huhu/Documents/Code/bishe/vrb/vrbreproduction/outputs/100subaction-e8/experiments/E8/pipeline_outputs/subaction_45_P01_109_45/candidate_05_frame_004383_left,/Users/huhu/Documents/Code/bishe/vrb/vrbreproduction/outputs/100subaction-e8/experiments/E8/pipeline_outputs/subaction_45_P01_109_45/candidate_05_frame_004383_left,/Users/huhu/Documents/Code/bishe/vrb/vrbreproduction/outputs/100subaction-e8/experiments/E8/pipeline_outputs/subaction_45_P01_109_45/candidate_05_frame_004383_left/reference_frame.png,/Users/huhu/Documents/Code/bishe/vrb/vrbreproduction/outputs/100subaction-e8/experiments/E8/pipeline_outputs/subaction_45_P01_109_45/candidate_05_frame_004383_left/label_heatmap_merged_overlay.png,/Users/huhu/Documents/Code/bishe/vrb/vrbreproduction/outputs/100subaction-e8/experiments/E8/pipeline_outputs/subaction_45_P01_109_45/candidate_05_frame_004383_left/vrb_style_affordance.png,6.0,0.0,"[0.0, 3.48, 242.51, 236.56]",/Users/huhu/Documents/Code/bishe/vrb/vrbreproduction/outputs/100subaction-e8/experiments/E8/pipeline_outputs/subaction_45_P01_109_45/candidate_05_frame_004383_left/label_heatmap_merged.npy,/Users/huhu/Documents/Code/bishe/vrb/vrbreproduction/outputs/100subaction-e8/experiments/E8/pipeline_outputs/subaction_45_P01_109_45/candidate_05_frame_004383_left/label_heatmap_merged.png,/Users/huhu/Documents/Code/bishe/vrb/vrbreproduction/outputs/100subaction-e8/experiments/E8/pipeline_outputs/subaction_45_P01_109_45/candidate_05_frame_004383_left/mask_projection_overlay.png,"(256, 456)",isotropic_e7,True,True
E8,45,P01_109_45,put down pan,put-down,pan,['pan'],4379,4432,4378.0,4431.0,6.0,4386.0,left,new_contact_episode,56,9,0,"[241.0, 1.0, 374.0, 148.0]",0.7753842592215929,,,,,False,,0,0,0,,,0,,,not_run,0,0.0,,,,,,not_run,0,,,,,,,,,not_run,discard,contact_points_lt5_after_object_boundary_filter,,/Users/huhu/Documents/Code/bishe/vrb/vrbreproduction/outputs/100subaction-e8/experiments/E8/pipeline_outputs/subaction_45_P01_109_45/candidate_06_frame_004386_left,,,,,,,,,,,,,,False
E8,45,P01_109_45,put down pan,put-down,pan,['pan'],4379,4432,4378.0,4431.0,7.0,4387.0,left,new_contact_episode,56,9,0,"[243.0, 1.0, 369.0, 129.0]",0.7714068095394878,,,,,False,,0,0,0,,,0,,,not_run,0,0.0,,,,,,not_run,0,,,,,,,,,not_run,discard,contact_points_lt5_after_object_boundary_filter,,/Users/huhu/Documents/Code/bishe/vrb/vrbreproduction/outputs/100subaction-e8/experiments/E8/pipeline_outputs/subaction_45_P01_109_45/candidate_07_frame_004387_left,,,,,,,,,,,,,,False
E8,45,P01_109_45,put down pan,put-down,pan,['pan'],4379,4432,4378.0,4431.0,8.0,4388.0,left,new_contact_episode,56,9,0,"[244.0, 0.0, 366.0, 115.0]",0.7729829422644122,,,,,False,,0,0,0,,,0,,,not_run,0,0.0,,,,,,not_run,0,,,,,,,,,not_run,discard,contact_points_lt5_after_object_boundary_filter,,/Users/huhu/Documents/Code/bishe/vrb/vrbreproduction/outputs/100subaction-e8/experiments/E8/pipeline_outputs/subaction_45_P01_109_45/candidate_08_frame_004388_left,,,,,,,,,,,,,,False
E8,46,P01_109_46,pick up cutting board,pick-up,board:cutting,['board:cutting'],4510,4604,4509.0,4603.0,0.0,4511.0,left,new_contact_episode,70,12,0,,,,,,,False,,0,0,0,,,0,,,not_run,0,0.0,,,,,,not_run,0,,,,,,,,,not_run,discard,missing_hand_or_object_bbox,,/Users/huhu/Documents/Code/bishe/vrb/vrbreproduction/outputs/100subaction-e8/experiments/E8/pipeline_outputs/subaction_46_P01_109_46/candidate_00_frame_004511_left,,,,,,,,,,,,,,False
E8,46,P01_109_46,pick up cutting board,pick-up,board:cutting,['board:cutting'],4510,4604,4509.0,4603.0,1.0,4512.0,left,new_contact_episode,70,12,0,,,,,,,False,,0,0,0,,,0,,,not_run,0,0.0,,,,,,not_run,0,,,,,,,,,not_run,discard,missing_hand_or_object_bbox,,/Users/huhu/Documents/Code/bishe/vrb/vrbreproduction/outputs/100subaction-e8/experiments/E8/pipeline_outputs/subaction_46_P01_109_46/candidate_01_frame_004512_left,,,,,,,,,,,,,,False
E8,46,P01_109_46,pick up cutting board,pick-up,board:cutting,['board:cutting'],4510,4604,4509.0,4603.0,2.0,4513.0,left,new_contact_episode,70,12,0,,,,,,,False,,0,0,0,,,0,,,not_run,0,0.0,,,,,,not_run,0,,,,,,,,,not_run,discard,missing_hand_or_object_bbox,,/Users/huhu/Documents/Code/bishe/vrb/vrbreproduction/outputs/100subaction-e8/experiments/E8/pipeline_outputs/subaction_46_P01_109_46/candidate_02_frame_004513_left,,,,,,,,,,,,,,False
E8,46,P01_109_46,pick up cutting board,pick-up,board:cutting,['board:cutting'],4510,4604,4509.0,4603.0,3.0,4520.0,left,new_contact_episode,70,12,0,,,,,,,False,,0,0,0,,,0,,,not_run,0,0.0,,,,,,not_run,0,,,,,,,,,not_run,discard,missing_hand_or_object_bbox,,/Users/huhu/Documents/Code/bishe/vrb/vrbreproduction/outputs/100subaction-e8/experiments/E8/pipeline_outputs/subaction_46_P01_109_46/candidate_03_frame_004520_left,,,,,,,,,,,,,,False
E8,46,P01_109_46,pick up cutting board,pick-up,board:cutting,['board:cutting'],4510,4604,4509.0,4603.0,4.0,4521.0,left,new_contact_episode,70,12,0,,,,,,,False,,0,0,0,,,0,,,not_run,0,0.0,,,,,,not_run,0,,,,,,,,,not_run,discard,missing_hand_or_object_bbox,,/Users/huhu/Documents/Code/bishe/vrb/vrbreproduction/outputs/100subaction-e8/experiments/E8/pipeline_outputs/subaction_46_P01_109_46/candidate_04_frame_004521_left,,,,,,,,,,,,,,False
E8,46,P01_109_46,pick up cutting board,pick-up,board:cutting,['board:cutting'],4510,4604,4509.0,4603.0,5.0,4522.0,left,new_contact_episode,70,12,0,,,,,,,False,,0,0,0,,,0,,,not_run,0,0.0,,,,,,not_run,0,,,,,,,,,not_run,discard,missing_hand_or_object_bbox,,/Users/huhu/Documents/Code/bishe/vrb/vrbreproduction/outputs/100subaction-e8/experiments/E8/pipeline_outputs/subaction_46_P01_109_46/candidate_05_frame_004522_left,,,,,,,,,,,,,,False
E8,46,P01_109_46,pick up cutting board,pick-up,board:cutting,['board:cutting'],4510,4604,4509.0,4603.0,6.0,4538.0,left,new_contact_episode,70,12,0,,,,,,,False,,0,0,0,,,0,,,not_run,0,0.0,,,,,,not_run,0,,,,,,,,,not_run,discard,missing_hand_or_object_bbox,,/Users/huhu/Documents/Code/bishe/vrb/vrbreproduction/outputs/100subaction-e8/experiments/E8/pipeline_outputs/subaction_46_P01_109_46/candidate_06_frame_004538_left,,,,,,,,,,,,,,False
E8,46,P01_109_46,pick up cutting board,pick-up,board:cutting,['board:cutting'],4510,4604,4509.0,4603.0,7.0,4539.0,left,new_contact_episode,70,12,44,"[0.0, 0.0, 280.0, 157.0]",2.7472844695470964,grabcut_fallback,bbox_fallback,fallback_lk,cotracker_weighted_affine,False,0.9600000000000001,36,30,24,0.8,0.5911345481872559,5,0.0,44872.0,success,361,0.19014588786486256,,4537.0,pre_contact_gap_tracked_reference,2.0,cotracker_weighted_affine,success,5,0.0,0.12675555555555557,,,,,,,success,keep,,5.617605130221049,/Users/huhu/Documents/Code/bishe/vrb/vrbreproduction/outputs/100subaction-e8/experiments/E8/pipeline_outputs/subaction_46_P01_109_46/candidate_07_frame_004539_left,/Users/huhu/Documents/Code/bishe/vrb/vrbreproduction/outputs/100subaction-e8/experiments/E8/pipeline_outputs/subaction_46_P01_109_46/candidate_07_frame_004539_left,/Users/huhu/Documents/Code/bishe/vrb/vrbreproduction/outputs/100subaction-e8/experiments/E8/pipeline_outputs/subaction_46_P01_109_46/candidate_07_frame_004539_left/reference_frame.png,/Users/huhu/Documents/Code/bishe/vrb/vrbreproduction/outputs/100subaction-e8/experiments/E8/pipeline_outputs/subaction_46_P01_109_46/candidate_07_frame_004539_left/label_heatmap_merged_overlay.png,/Users/huhu/Documents/Code/bishe/vrb/vrbreproduction/outputs/100subaction-e8/experiments/E8/pipeline_outputs/subaction_46_P01_109_46/candidate_07_frame_004539_left/vrb_style_affordance.png,6.0,0.0,"[0.0, 0.0, 283.64, 157.65]",/Users/huhu/Documents/Code/bishe/vrb/vrbreproduction/outputs/100subaction-e8/experiments/E8/pipeline_outputs/subaction_46_P01_109_46/candidate_07_frame_004539_left/label_heatmap_merged.npy,/Users/huhu/Documents/Code/bishe/vrb/vrbreproduction/outputs/100subaction-e8/experiments/E8/pipeline_outputs/subaction_46_P01_109_46/candidate_07_frame_004539_left/label_heatmap_merged.png,/Users/huhu/Documents/Code/bishe/vrb/vrbreproduction/outputs/100subaction-e8/experiments/E8/pipeline_outputs/subaction_46_P01_109_46/candidate_07_frame_004539_left/mask_projection_overlay.png,"(256, 456)",isotropic_e7,True,True
E8,46,P01_109_46,pick up cutting board,pick-up,board:cutting,['board:cutting'],4510,4604,4509.0,4603.0,8.0,4540.0,left,new_contact_episode,70,12,0,,,,,,,False,,0,0,0,,,0,,,not_run,0,0.0,,,,,,not_run,0,,,,,,,,,not_run,discard,missing_hand_or_object_bbox,,/Users/huhu/Documents/Code/bishe/vrb/vrbreproduction/outputs/100subaction-e8/experiments/E8/pipeline_outputs/subaction_46_P01_109_46/candidate_08_frame_004540_left,,,,,,,,,,,,,,False
E8,46,P01_109_46,pick up cutting board,pick-up,board:cutting,['board:cutting'],4510,4604,4509.0,4603.0,9.0,4554.0,left,new_contact_episode,70,12,192,"[25.0, 9.0, 262.0, 232.0]",2.802944510022696,grabcut_fallback,bbox_fallback,fallback_lk,cotracker_weighted_affine,False,0.9823529411764707,36,34,31,0.9117647058823529,1.0099737644195557,5,0.0,52392.0,success,361,0.18658121996654473,,4553.0,pre_contact_gap_tracked_reference,1.0,cotracker_weighted_affine,success,5,0.0,0.10666666666666667,,,,,,,success,keep,,5.756024316479178,/Users/huhu/Documents/Code/bishe/vrb/vrbreproduction/outputs/100subaction-e8/experiments/E8/pipeline_outputs/subaction_46_P01_109_46/candidate_09_frame_004554_left,/Users/huhu/Documents/Code/bishe/vrb/vrbreproduction/outputs/100subaction-e8/experiments/E8/pipeline_outputs/subaction_46_P01_109_46/candidate_09_frame_004554_left,/Users/huhu/Documents/Code/bishe/vrb/vrbreproduction/outputs/100subaction-e8/experiments/E8/pipeline_outputs/subaction_46_P01_109_46/candidate_09_frame_004554_left/reference_frame.png,/Users/huhu/Documents/Code/bishe/vrb/vrbreproduction/outputs/100subaction-e8/experiments/E8/pipeline_outputs/subaction_46_P01_109_46/candidate_09_frame_004554_left/label_heatmap_merged_overlay.png,/Users/huhu/Documents/Code/bishe/vrb/vrbreproduction/outputs/100subaction-e8/experiments/E8/pipeline_outputs/subaction_46_P01_109_46/candidate_09_frame_004554_left/vrb_style_affordance.png,6.0,0.0,"[24.95, 10.13, 260.98, 232.25]",/Users/huhu/Documents/Code/bishe/vrb/vrbreproduction/outputs/100subaction-e8/experiments/E8/pipeline_outputs/subaction_46_P01_109_46/candidate_09_frame_004554_left/label_heatmap_merged.npy,/Users/huhu/Documents/Code/bishe/vrb/vrbreproduction/outputs/100subaction-e8/experiments/E8/pipeline_outputs/subaction_46_P01_109_46/candidate_09_frame_004554_left/label_heatmap_merged.png,/Users/huhu/Documents/Code/bishe/vrb/vrbreproduction/outputs/100subaction-e8/experiments/E8/pipeline_outputs/subaction_46_P01_109_46/candidate_09_frame_004554_left/mask_projection_overlay.png,"(256, 456)",isotropic_e7,True,True
E8,46,P01_109_46,pick up cutting board,pick-up,board:cutting,['board:cutting'],4510,4604,4509.0,4603.0,10.0,4555.0,left,new_contact_episode,70,12,0,,,,,,,False,,0,0,0,,,0,,,not_run,0,0.0,,,,,,not_run,0,,,,,,,,,not_run,discard,missing_hand_or_object_bbox,,/Users/huhu/Documents/Code/bishe/vrb/vrbreproduction/outputs/100subaction-e8/experiments/E8/pipeline_outputs/subaction_46_P01_109_46/candidate_10_frame_004555_left,,,,,,,,,,,,,,False
E8,46,P01_109_46,pick up cutting board,pick-up,board:cutting,['board:cutting'],4510,4604,4509.0,4603.0,11.0,4556.0,left,new_contact_episode,70,12,118,"[17.0, 4.0, 251.0, 227.0]",2.54326413994763,grabcut_fallback,bbox_fallback,fallback_lk,cotracker_weighted_affine,False,0.9176470588235295,36,34,20,0.5882352941176471,1.0447787046432495,5,0.0,52170.0,success,361,0.18658121996654473,,4553.0,pre_contact_gap_tracked_reference,3.0,cotracker_weighted_affine,success,5,0.0,0.10666666666666667,,,,,,,success,keep,,5.500333109448938,/Users/huhu/Documents/Code/bishe/vrb/vrbreproduction/outputs/100subaction-e8/experiments/E8/pipeline_outputs/subaction_46_P01_109_46/candidate_11_frame_004556_left,/Users/huhu/Documents/Code/bishe/vrb/vrbreproduction/outputs/100subaction-e8/experiments/E8/pipeline_outputs/subaction_46_P01_109_46/candidate_11_frame_004556_left,/Users/huhu/Documents/Code/bishe/vrb/vrbreproduction/outputs/100subaction-e8/experiments/E8/pipeline_outputs/subaction_46_P01_109_46/candidate_11_frame_004556_left/reference_frame.png,/Users/huhu/Documents/Code/bishe/vrb/vrbreproduction/outputs/100subaction-e8/experiments/E8/pipeline_outputs/subaction_46_P01_109_46/candidate_11_frame_004556_left/label_heatmap_merged_overlay.png,/Users/huhu/Documents/Code/bishe/vrb/vrbreproduction/outputs/100subaction-e8/experiments/E8/pipeline_outputs/subaction_46_P01_109_46/candidate_11_frame_004556_left/vrb_style_affordance.png,6.0,0.0,"[22.04, 9.36, 256.94, 231.46]",/Users/huhu/Documents/Code/bishe/vrb/vrbreproduction/outputs/100subaction-e8/experiments/E8/pipeline_outputs/subaction_46_P01_109_46/candidate_11_frame_004556_left/label_heatmap_merged.npy,/Users/huhu/Documents/Code/bishe/vrb/vrbreproduction/outputs/100subaction-e8/experiments/E8/pipeline_outputs/subaction_46_P01_109_46/candidate_11_frame_004556_left/label_heatmap_merged.png,/Users/huhu/Documents/Code/bishe/vrb/vrbreproduction/outputs/100subaction-e8/experiments/E8/pipeline_outputs/subaction_46_P01_109_46/candidate_11_frame_004556_left/mask_projection_overlay.png,"(256, 456)",isotropic_e7,True,True
E8,47,P01_109_47,close cupboard,close,cupboard,['cupboard'],4621,4664,4620.0,4663.0,0.0,4648.0,left,new_contact_episode,26,9,65,"[14.0, 145.0, 182.0, 203.0]",2.8411571227104866,grabcut_fallback,,,,True,,32,0,0,,,0,,,failed,264,0.1790032429463868,track_confidence_below_threshold,,,,,not_run,0,,,,,,,,,not_run,discard,track_confidence_below_threshold,,/Users/huhu/Documents/Code/bishe/vrb/vrbreproduction/outputs/100subaction-e8/experiments/E8/pipeline_outputs/subaction_47_P01_109_47/candidate_00_frame_004648_left,,,,,,,,,,,,,,False
E8,47,P01_109_47,close cupboard,close,cupboard,['cupboard'],4621,4664,4620.0,4663.0,1.0,4649.0,left,new_contact_episode,26,9,88,"[2.0, 152.0, 184.0, 211.0]",2.7920351440685427,grabcut_fallback,,,,True,,36,0,0,,,0,,,failed,265,0.1790032429463868,track_confidence_below_threshold,,,,,not_run,0,,,,,,,,,not_run,discard,track_confidence_below_threshold,,/Users/huhu/Documents/Code/bishe/vrb/vrbreproduction/outputs/100subaction-e8/experiments/E8/pipeline_outputs/subaction_47_P01_109_47/candidate_01_frame_004649_left,,,,,,,,,,,,,,False
E8,47,P01_109_47,close cupboard,close,cupboard,['cupboard'],4621,4664,4620.0,4663.0,2.0,4650.0,left,new_contact_episode,26,9,0,,,,,,,True,,0,0,0,,,0,,,not_run,0,0.0,,,,,,not_run,0,,,,,,,,,not_run,discard,missing_hand_or_object_bbox,,/Users/huhu/Documents/Code/bishe/vrb/vrbreproduction/outputs/100subaction-e8/experiments/E8/pipeline_outputs/subaction_47_P01_109_47/candidate_02_frame_004650_left,,,,,,,,,,,,,,False
E8,47,P01_109_47,close cupboard,close,cupboard,['cupboard'],4621,4664,4620.0,4663.0,3.0,4661.0,left,new_contact_episode,26,9,60,"[102.0, 159.0, 258.0, 217.0]",2.7205131464669594,grabcut_fallback,,,,True,,36,0,0,,,0,,,failed,277,0.1790032429463868,track_confidence_below_threshold,,,,,not_run,0,,,,,,,,,not_run,discard,track_confidence_below_threshold,,/Users/huhu/Documents/Code/bishe/vrb/vrbreproduction/outputs/100subaction-e8/experiments/E8/pipeline_outputs/subaction_47_P01_109_47/candidate_03_frame_004661_left,,,,,,,,,,,,,,False
E8,47,P01_109_47,close cupboard,close,cupboard,['cupboard'],4621,4664,4620.0,4663.0,4.0,4662.0,left,new_contact_episode,26,9,54,"[95.0, 158.0, 263.0, 220.0]",2.6461873929435713,grabcut_fallback,,,,True,,36,0,0,,,0,,,failed,278,0.1790032429463868,track_confidence_below_threshold,,,,,not_run,0,,,,,,,,,not_run,discard,track_confidence_below_threshold,,/Users/huhu/Documents/Code/bishe/vrb/vrbreproduction/outputs/100subaction-e8/experiments/E8/pipeline_outputs/subaction_47_P01_109_47/candidate_04_frame_004662_left,,,,,,,,,,,,,,False
E8,47,P01_109_47,close cupboard,close,cupboard,['cupboard'],4621,4664,4620.0,4663.0,5.0,4663.0,left,new_contact_episode,26,9,89,"[82.0, 158.0, 257.0, 222.0]",2.6589780259821096,grabcut_fallback,,,,True,,36,0,0,,,0,,,failed,279,0.1790032429463868,track_confidence_below_threshold,,,,,not_run,0,,,,,,,,,not_run,discard,track_confidence_below_threshold,,/Users/huhu/Documents/Code/bishe/vrb/vrbreproduction/outputs/100subaction-e8/experiments/E8/pipeline_outputs/subaction_47_P01_109_47/candidate_05_frame_004663_left,,,,,,,,,,,,,,False
E8,47,P01_109_47,close cupboard,close,cupboard,['cupboard'],4621,4664,4620.0,4663.0,6.0,4661.0,right,new_contact_episode,26,9,112,"[268.0, 128.0, 434.0, 245.0]",2.9651610677718367,grabcut_fallback,,,,True,,36,0,0,,,0,,,failed,277,0.1790032429463868,track_confidence_below_threshold,,,,,not_run,0,,,,,,,,,not_run,discard,track_confidence_below_threshold,,/Users/huhu/Documents/Code/bishe/vrb/vrbreproduction/outputs/100subaction-e8/experiments/E8/pipeline_outputs/subaction_47_P01_109_47/candidate_06_frame_004661_right,,,,,,,,,,,,,,False
E8,47,P01_109_47,close cupboard,close,cupboard,['cupboard'],4621,4664,4620.0,4663.0,7.0,4662.0,right,new_contact_episode,26,9,129,"[256.0, 119.0, 425.0, 244.0]",2.9924490584675025,grabcut_fallback,,,,True,,36,0,0,,,0,,,failed,278,0.1790032429463868,track_confidence_below_threshold,,,,,not_run,0,,,,,,,,,not_run,discard,track_confidence_below_threshold,,/Users/huhu/Documents/Code/bishe/vrb/vrbreproduction/outputs/100subaction-e8/experiments/E8/pipeline_outputs/subaction_47_P01_109_47/candidate_07_frame_004662_right,,,,,,,,,,,,,,False
E8,47,P01_109_47,close cupboard,close,cupboard,['cupboard'],4621,4664,4620.0,4663.0,8.0,4663.0,right,new_contact_episode,26,9,168,"[244.0, 116.0, 415.0, 241.0]",3.044001207898993,grabcut_fallback,,,,True,,36,0,0,,,0,,,failed,279,0.1790032429463868,track_confidence_below_threshold,,,,,not_run,0,,,,,,,,,not_run,discard,track_confidence_below_threshold,,/Users/huhu/Documents/Code/bishe/vrb/vrbreproduction/outputs/100subaction-e8/experiments/E8/pipeline_outputs/subaction_47_P01_109_47/candidate_08_frame_004663_right,,,,,,,,,,,,,,False
E8,48,P01_109_48,put down cutting board,put-down,board:cutting,['board:cutting'],4677,4724,4676.0,4723.0,0.0,4692.0,left,new_contact_episode,53,3,33,"[160.0, 97.0, 297.0, 209.0]",2.6721604283046916,grabcut_fallback,,,,False,,36,0,0,,,0,,,failed,308,0.1790032429463868,track_confidence_below_threshold,,,,,not_run,0,,,,,,,,,not_run,discard,track_confidence_below_threshold,,/Users/huhu/Documents/Code/bishe/vrb/vrbreproduction/outputs/100subaction-e8/experiments/E8/pipeline_outputs/subaction_48_P01_109_48/candidate_00_frame_004692_left,,,,,,,,,,,,,,False
E8,48,P01_109_48,put down cutting board,put-down,board:cutting,['board:cutting'],4677,4724,4676.0,4723.0,1.0,4693.0,left,new_contact_episode,53,3,37,"[158.0, 98.0, 295.0, 210.0]",2.7062311850616125,grabcut_fallback,,,,False,,36,0,0,,,0,,,failed,309,0.1790032429463868,track_confidence_below_threshold,,,,,not_run,0,,,,,,,,,not_run,discard,track_confidence_below_threshold,,/Users/huhu/Documents/Code/bishe/vrb/vrbreproduction/outputs/100subaction-e8/experiments/E8/pipeline_outputs/subaction_48_P01_109_48/candidate_01_frame_004693_left,,,,,,,,,,,,,,False
E8,48,P01_109_48,put down cutting board,put-down,board:cutting,['board:cutting'],4677,4724,4676.0,4723.0,2.0,4694.0,left,new_contact_episode,53,3,40,"[156.0, 98.0, 295.0, 210.0]",2.689853262856736,grabcut_fallback,,,,False,,36,0,0,,,0,,,failed,310,0.1790032429463868,track_confidence_below_threshold,,,,,not_run,0,,,,,,,,,not_run,discard,track_confidence_below_threshold,,/Users/huhu/Documents/Code/bishe/vrb/vrbreproduction/outputs/100subaction-e8/experiments/E8/pipeline_outputs/subaction_48_P01_109_48/candidate_02_frame_004694_left,,,,,,,,,,,,,,False
E8,49,P01_109_49,pick up eggs,pick-up,egg,,4764,4797,,,,,,,68,0,0,,,,,,,False,,0,0,0,,,0,,,not_run,0,0.0,,,,,,not_run,0,,,,,,,,,not_run,discard,continuation_contact_run,,,,,,,,,,,,,,,,False
E8,50,P01_109_50,put down eggs,put-down,egg,['egg'],4794,4827,4793.0,4826.0,0.0,4821.0,right,new_contact_episode,54,3,149,"[248.0, 37.0, 311.0, 125.0]",4.373203700568271,grabcut_fallback,,,,False,,36,0,0,,,0,,,failed,187,0.17853784019422808,track_confidence_below_threshold,,,,,not_run,0,,,,,,,,,not_run,discard,track_confidence_below_threshold,,/Users/huhu/Documents/Code/bishe/vrb/vrbreproduction/outputs/100subaction-e8/experiments/E8/pipeline_outputs/subaction_50_P01_109_50/candidate_00_frame_004821_right,,,,,,,,,,,,,,False
E8,50,P01_109_50,put down eggs,put-down,egg,['egg'],4794,4827,4793.0,4826.0,1.0,4822.0,right,new_contact_episode,54,3,125,"[245.0, 40.0, 326.0, 128.0]",3.9566826120969285,grabcut_fallback,,,,False,,36,0,0,,,0,,,failed,188,0.17853784019422808,track_confidence_below_threshold,,,,,not_run,0,,,,,,,,,not_run,discard,track_confidence_below_threshold,,/Users/huhu/Documents/Code/bishe/vrb/vrbreproduction/outputs/100subaction-e8/experiments/E8/pipeline_outputs/subaction_50_P01_109_50/candidate_01_frame_004822_right,,,,,,,,,,,,,,False
E8,50,P01_109_50,put down eggs,put-down,egg,['egg'],4794,4827,4793.0,4826.0,2.0,4823.0,right,new_contact_episode,54,3,146,"[246.0, 39.0, 328.0, 128.0]",3.759294117879838,grabcut_fallback,,,,False,,36,0,0,,,0,,,failed,189,0.17853784019422808,track_confidence_below_threshold,,,,,not_run,0,,,,,,,,,not_run,discard,track_confidence_below_threshold,,/Users/huhu/Documents/Code/bishe/vrb/vrbreproduction/outputs/100subaction-e8/experiments/E8/pipeline_outputs/subaction_50_P01_109_50/candidate_02_frame_004823_right,,,,,,,,,,,,,,False
E8,51,P01_109_51,move kettle,move,kettle,['kettle'],4832,4867,4831.0,4866.0,0.0,4856.0,left,new_contact_episode,35,1,0,"[145.0, 29.0, 223.0, 99.0]",0.7784916623190412,,,,,False,,0,0,0,,,0,,,not_run,0,0.0,,,,,,not_run,0,,,,,,,,,not_run,discard,contact_points_lt5_after_object_boundary_filter,,/Users/huhu/Documents/Code/bishe/vrb/vrbreproduction/outputs/100subaction-e8/experiments/E8/pipeline_outputs/subaction_51_P01_109_51/candidate_00_frame_004856_left,,,,,,,,,,,,,,False
E8,52,P01_109_52,open drawer,open,drawer,['drawer'],4904,4942,4903.0,4941.0,0.0,4907.0,right,new_contact_episode,13,5,0,"[30.0, 0.0, 375.0, 204.0]",1.2331400936806012,,,,,True,,0,0,0,,,0,,,not_run,0,0.0,,,,,,not_run,0,,,,,,,,,not_run,discard,contact_points_lt5_after_object_boundary_filter,,/Users/huhu/Documents/Code/bishe/vrb/vrbreproduction/outputs/100subaction-e8/experiments/E8/pipeline_outputs/subaction_52_P01_109_52/candidate_00_frame_004907_right,,,,,,,,,,,,,,False
E8,52,P01_109_52,open drawer,open,drawer,['drawer'],4904,4942,4903.0,4941.0,1.0,4917.0,right,new_contact_episode,13,5,0,"[13.0, 1.0, 399.0, 226.0]",1.0372127829252689,,,,,True,,0,0,0,,,0,,,not_run,0,0.0,,,,,,not_run,0,,,,,,,,,not_run,discard,contact_points_lt5_after_object_boundary_filter,,/Users/huhu/Documents/Code/bishe/vrb/vrbreproduction/outputs/100subaction-e8/experiments/E8/pipeline_outputs/subaction_52_P01_109_52/candidate_01_frame_004917_right,,,,,,,,,,,,,,False
E8,52,P01_109_52,open drawer,open,drawer,['drawer'],4904,4942,4903.0,4941.0,2.0,4918.0,right,new_contact_episode,13,5,0,"[29.0, 3.0, 384.0, 221.0]",1.033849604264033,,,,,True,,0,0,0,,,0,,,not_run,0,0.0,,,,,,not_run,0,,,,,,,,,not_run,discard,contact_points_lt5_after_object_boundary_filter,,/Users/huhu/Documents/Code/bishe/vrb/vrbreproduction/outputs/100subaction-e8/experiments/E8/pipeline_outputs/subaction_52_P01_109_52/candidate_02_frame_004918_right,,,,,,,,,,,,,,False
E8,52,P01_109_52,open drawer,open,drawer,['drawer'],4904,4942,4903.0,4941.0,3.0,4919.0,right,new_contact_episode,13,5,0,"[45.0, 1.0, 397.0, 226.0]",1.042137176470812,,,,,True,,0,0,0,,,0,,,not_run,0,0.0,,,,,,not_run,0,,,,,,,,,not_run,discard,contact_points_lt5_after_object_boundary_filter,,/Users/huhu/Documents/Code/bishe/vrb/vrbreproduction/outputs/100subaction-e8/experiments/E8/pipeline_outputs/subaction_52_P01_109_52/candidate_03_frame_004919_right,,,,,,,,,,,,,,False
E8,52,P01_109_52,open drawer,open,drawer,['drawer'],4904,4942,4903.0,4941.0,4.0,4929.0,left,new_contact_episode,13,5,0,,,,,,,True,,0,0,0,,,0,,,not_run,0,0.0,,,,,,not_run,0,,,,,,,,,not_run,discard,missing_hand_or_object_bbox,,/Users/huhu/Documents/Code/bishe/vrb/vrbreproduction/outputs/100subaction-e8/experiments/E8/pipeline_outputs/subaction_52_P01_109_52/candidate_04_frame_004929_left,,,,,,,,,,,,,,False
E8,53,P01_109_53,pick up peeler,pick-up,peeler,['peeler'],4938,4981,4937.0,4980.0,0.0,4947.0,right,new_contact_episode,47,12,42,"[173.0, 126.0, 212.0, 179.0]",3.154008049648221,grabcut_fallback,,,,False,,30,0,0,,,0,,,failed,313,0.17853784019422808,track_confidence_below_threshold,,,,,not_run,0,,,,,,,,,not_run,discard,track_confidence_below_threshold,,/Users/huhu/Documents/Code/bishe/vrb/vrbreproduction/outputs/100subaction-e8/experiments/E8/pipeline_outputs/subaction_53_P01_109_53/candidate_00_frame_004947_right,,,,,,,,,,,,,,False
E8,53,P01_109_53,pick up peeler,pick-up,peeler,['peeler'],4938,4981,4937.0,4980.0,1.0,4948.0,right,new_contact_episode,47,12,72,"[177.0, 134.0, 210.0, 178.0]",3.6332838198490682,grabcut_fallback,,,,False,,30,0,0,,,0,,,failed,314,0.17853784019422808,track_confidence_below_threshold,,,,,not_run,0,,,,,,,,,not_run,discard,track_confidence_below_threshold,,/Users/huhu/Documents/Code/bishe/vrb/vrbreproduction/outputs/100subaction-e8/experiments/E8/pipeline_outputs/subaction_53_P01_109_53/candidate_01_frame_004948_right,,,,,,,,,,,,,,False
E8,53,P01_109_53,pick up peeler,pick-up,peeler,['peeler'],4938,4981,4937.0,4980.0,2.0,4949.0,right,new_contact_episode,47,12,115,"[178.0, 127.0, 210.0, 178.0]",3.769545285036097,grabcut_fallback,,,,False,,30,0,0,,,0,,,failed,315,0.17853784019422808,track_confidence_below_threshold,,,,,not_run,0,,,,,,,,,not_run,discard,track_confidence_below_threshold,,/Users/huhu/Documents/Code/bishe/vrb/vrbreproduction/outputs/100subaction-e8/experiments/E8/pipeline_outputs/subaction_53_P01_109_53/candidate_02_frame_004949_right,,,,,,,,,,,,,,False
E8,53,P01_109_53,pick up peeler,pick-up,peeler,['peeler'],4938,4981,4937.0,4980.0,3.0,4951.0,left,new_contact_episode,47,12,0,,,,,,,False,,0,0,0,,,0,,,not_run,0,0.0,,,,,,not_run,0,,,,,,,,,not_run,discard,missing_hand_or_object_bbox,,/Users/huhu/Documents/Code/bishe/vrb/vrbreproduction/outputs/100subaction-e8/experiments/E8/pipeline_outputs/subaction_53_P01_109_53/candidate_03_frame_004951_left,,,,,,,,,,,,,,False
E8,53,P01_109_53,pick up peeler,pick-up,peeler,['peeler'],4938,4981,4937.0,4980.0,4.0,4952.0,left,new_contact_episode,47,12,0,,,,,,,False,,0,0,0,,,0,,,not_run,0,0.0,,,,,,not_run,0,,,,,,,,,not_run,discard,missing_hand_or_object_bbox,,/Users/huhu/Documents/Code/bishe/vrb/vrbreproduction/outputs/100subaction-e8/experiments/E8/pipeline_outputs/subaction_53_P01_109_53/candidate_04_frame_004952_left,,,,,,,,,,,,,,False
E8,53,P01_109_53,pick up peeler,pick-up,peeler,['peeler'],4938,4981,4937.0,4980.0,5.0,4953.0,left,new_contact_episode,47,12,0,,,,,,,False,,0,0,0,,,0,,,not_run,0,0.0,,,,,,not_run,0,,,,,,,,,not_run,discard,missing_hand_or_object_bbox,,/Users/huhu/Documents/Code/bishe/vrb/vrbreproduction/outputs/100subaction-e8/experiments/E8/pipeline_outputs/subaction_53_P01_109_53/candidate_05_frame_004953_left,,,,,,,,,,,,,,False
E8,53,P01_109_53,pick up peeler,pick-up,peeler,['peeler'],4938,4981,4937.0,4980.0,6.0,4964.0,left,new_contact_episode,47,12,0,"[201.0, 146.0, 226.0, 177.0]",0.995976000757774,,,,,False,,0,0,0,,,0,,,not_run,0,0.0,,,,,,not_run,0,,,,,,,,,not_run,discard,contact_points_lt5_after_object_boundary_filter,,/Users/huhu/Documents/Code/bishe/vrb/vrbreproduction/outputs/100subaction-e8/experiments/E8/pipeline_outputs/subaction_53_P01_109_53/candidate_06_frame_004964_left,,,,,,,,,,,,,,False
E8,53,P01_109_53,pick up peeler,pick-up,peeler,['peeler'],4938,4981,4937.0,4980.0,7.0,4970.0,left,new_contact_episode,47,12,0,"[220.0, 160.0, 249.0, 191.0]",1.1938746972592233,,,,,False,,0,0,0,,,0,,,not_run,0,0.0,,,,,,not_run,0,,,,,,,,,not_run,discard,contact_points_lt5_after_object_boundary_filter,,/Users/huhu/Documents/Code/bishe/vrb/vrbreproduction/outputs/100subaction-e8/experiments/E8/pipeline_outputs/subaction_53_P01_109_53/candidate_07_frame_004970_left,,,,,,,,,,,,,,False
E8,53,P01_109_53,pick up peeler,pick-up,peeler,['peeler'],4938,4981,4937.0,4980.0,8.0,4971.0,left,new_contact_episode,47,12,0,"[223.0, 159.0, 255.0, 193.0]",1.2036748943430824,,,,,False,,0,0,0,,,0,,,not_run,0,0.0,,,,,,not_run,0,,,,,,,,,not_run,discard,contact_points_lt5_after_object_boundary_filter,,/Users/huhu/Documents/Code/bishe/vrb/vrbreproduction/outputs/100subaction-e8/experiments/E8/pipeline_outputs/subaction_53_P01_109_53/candidate_08_frame_004971_left,,,,,,,,,,,,,,False
E8,53,P01_109_53,pick up peeler,pick-up,peeler,['peeler'],4938,4981,4937.0,4980.0,9.0,4972.0,left,new_contact_episode,47,12,0,"[228.0, 157.0, 259.0, 193.0]",1.184394539883139,,,,,False,,0,0,0,,,0,,,not_run,0,0.0,,,,,,not_run,0,,,,,,,,,not_run,discard,contact_points_lt5_after_object_boundary_filter,,/Users/huhu/Documents/Code/bishe/vrb/vrbreproduction/outputs/100subaction-e8/experiments/E8/pipeline_outputs/subaction_53_P01_109_53/candidate_09_frame_004972_left,,,,,,,,,,,,,,False
E8,53,P01_109_53,pick up peeler,pick-up,peeler,['peeler'],4938,4981,4937.0,4980.0,10.0,4975.0,left,new_contact_episode,47,12,0,"[245.0, 156.0, 277.0, 193.0]",1.1770273362350943,,,,,False,,0,0,0,,,0,,,not_run,0,0.0,,,,,,not_run,0,,,,,,,,,not_run,discard,contact_points_lt5_after_object_boundary_filter,,/Users/huhu/Documents/Code/bishe/vrb/vrbreproduction/outputs/100subaction-e8/experiments/E8/pipeline_outputs/subaction_53_P01_109_53/candidate_10_frame_004975_left,,,,,,,,,,,,,,False
E8,53,P01_109_53,pick up peeler,pick-up,peeler,['peeler'],4938,4981,4937.0,4980.0,11.0,4976.0,left,new_contact_episode,47,12,0,"[252.0, 156.0, 282.0, 194.0]",1.1584630756784025,,,,,False,,0,0,0,,,0,,,not_run,0,0.0,,,,,,not_run,0,,,,,,,,,not_run,discard,contact_points_lt5_after_object_boundary_filter,,/Users/huhu/Documents/Code/bishe/vrb/vrbreproduction/outputs/100subaction-e8/experiments/E8/pipeline_outputs/subaction_53_P01_109_53/candidate_11_frame_004976_left,,,,,,,,,,,,,,False
E8,54,P01_109_54,close drawer,close,drawer,['drawer'],4977,5004,4976.0,5003.0,0.0,4978.0,left,new_contact_episode,31,2,0,"[263.0, 154.0, 292.0, 191.0]",1.116321227471918,,,,,True,,0,0,0,,,0,,,not_run,0,0.0,,,,,,not_run,0,,,,,,,,,not_run,discard,contact_points_lt5_after_object_boundary_filter,,/Users/huhu/Documents/Code/bishe/vrb/vrbreproduction/outputs/100subaction-e8/experiments/E8/pipeline_outputs/subaction_54_P01_109_54/candidate_00_frame_004978_left,,,,,,,,,,,,,,False
E8,54,P01_109_54,close drawer,close,drawer,['drawer'],4977,5004,4976.0,5003.0,1.0,4981.0,left,new_contact_episode,31,2,0,"[280.0, 155.0, 305.0, 189.0]",1.0652036839723549,,,,,True,,0,0,0,,,0,,,not_run,0,0.0,,,,,,not_run,0,,,,,,,,,not_run,discard,contact_points_lt5_after_object_boundary_filter,,/Users/huhu/Documents/Code/bishe/vrb/vrbreproduction/outputs/100subaction-e8/experiments/E8/pipeline_outputs/subaction_54_P01_109_54/candidate_01_frame_004981_left,,,,,,,,,,,,,,False
E8,55,P01_109_55,move cutting board,move,board:cutting,['board:cutting'],5014,5049,5013.0,5048.0,0.0,5019.0,left,new_contact_episode,54,9,133,"[151.0, 110.0, 294.0, 224.0]",3.0159041837460436,grabcut_fallback,bbox_fallback,fallback_lk,cotracker_weighted_affine,False,0.9944444444444445,36,36,35,0.9722222222222222,0.9114135503768921,5,0.0,16498.0,success,361,0.2566024181831758,,5018.0,earliest_reliable_tracked_reference_no_pre_gap,1.0,cotracker_weighted_affine,success,5,0.0,0.10444444444444445,,,,,,,success,keep,,5.839157593488693,/Users/huhu/Documents/Code/bishe/vrb/vrbreproduction/outputs/100subaction-e8/experiments/E8/pipeline_outputs/subaction_55_P01_109_55/candidate_00_frame_005019_left,/Users/huhu/Documents/Code/bishe/vrb/vrbreproduction/outputs/100subaction-e8/experiments/E8/pipeline_outputs/subaction_55_P01_109_55/candidate_00_frame_005019_left,/Users/huhu/Documents/Code/bishe/vrb/vrbreproduction/outputs/100subaction-e8/experiments/E8/pipeline_outputs/subaction_55_P01_109_55/candidate_00_frame_005019_left/reference_frame.png,/Users/huhu/Documents/Code/bishe/vrb/vrbreproduction/outputs/100subaction-e8/experiments/E8/pipeline_outputs/subaction_55_P01_109_55/candidate_00_frame_005019_left/label_heatmap_merged_overlay.png,/Users/huhu/Documents/Code/bishe/vrb/vrbreproduction/outputs/100subaction-e8/experiments/E8/pipeline_outputs/subaction_55_P01_109_55/candidate_00_frame_005019_left/vrb_style_affordance.png,6.0,0.0,"[151.34, 109.74, 297.03, 223.44]",/Users/huhu/Documents/Code/bishe/vrb/vrbreproduction/outputs/100subaction-e8/experiments/E8/pipeline_outputs/subaction_55_P01_109_55/candidate_00_frame_005019_left/label_heatmap_merged.npy,/Users/huhu/Documents/Code/bishe/vrb/vrbreproduction/outputs/100subaction-e8/experiments/E8/pipeline_outputs/subaction_55_P01_109_55/candidate_00_frame_005019_left/label_heatmap_merged.png,/Users/huhu/Documents/Code/bishe/vrb/vrbreproduction/outputs/100subaction-e8/experiments/E8/pipeline_outputs/subaction_55_P01_109_55/candidate_00_frame_005019_left/mask_projection_overlay.png,"(256, 456)",isotropic_e7,True,True
E8,55,P01_109_55,move cutting board,move,board:cutting,['board:cutting'],5014,5049,5013.0,5048.0,1.0,5020.0,left,new_contact_episode,54,9,129,"[151.0, 107.0, 292.0, 223.0]",3.0064438326647536,grabcut_fallback,bbox_fallback,fallback_lk,cotracker_weighted_affine,False,0.9942857142857143,36,35,34,0.9714285714285714,0.8505868911743164,5,0.0,16588.0,success,361,0.2605100692214983,,5019.0,earliest_reliable_tracked_reference_no_pre_gap,1.0,cotracker_weighted_affine,success,5,0.0,0.10835555555555555,,,,,,,success,keep,,5.834520488502865,/Users/huhu/Documents/Code/bishe/vrb/vrbreproduction/outputs/100subaction-e8/experiments/E8/pipeline_outputs/subaction_55_P01_109_55/candidate_01_frame_005020_left,/Users/huhu/Documents/Code/bishe/vrb/vrbreproduction/outputs/100subaction-e8/experiments/E8/pipeline_outputs/subaction_55_P01_109_55/candidate_01_frame_005020_left,/Users/huhu/Documents/Code/bishe/vrb/vrbreproduction/outputs/100subaction-e8/experiments/E8/pipeline_outputs/subaction_55_P01_109_55/candidate_01_frame_005020_left/reference_frame.png,/Users/huhu/Documents/Code/bishe/vrb/vrbreproduction/outputs/100subaction-e8/experiments/E8/pipeline_outputs/subaction_55_P01_109_55/candidate_01_frame_005020_left/label_heatmap_merged_overlay.png,/Users/huhu/Documents/Code/bishe/vrb/vrbreproduction/outputs/100subaction-e8/experiments/E8/pipeline_outputs/subaction_55_P01_109_55/candidate_01_frame_005020_left/vrb_style_affordance.png,6.0,0.0,"[150.7, 108.12, 294.45, 224.48]",/Users/huhu/Documents/Code/bishe/vrb/vrbreproduction/outputs/100subaction-e8/experiments/E8/pipeline_outputs/subaction_55_P01_109_55/candidate_01_frame_005020_left/label_heatmap_merged.npy,/Users/huhu/Documents/Code/bishe/vrb/vrbreproduction/outputs/100subaction-e8/experiments/E8/pipeline_outputs/subaction_55_P01_109_55/candidate_01_frame_005020_left/label_heatmap_merged.png,/Users/huhu/Documents/Code/bishe/vrb/vrbreproduction/outputs/100subaction-e8/experiments/E8/pipeline_outputs/subaction_55_P01_109_55/candidate_01_frame_005020_left/mask_projection_overlay.png,"(256, 456)",isotropic_e7,True,False
E8,55,P01_109_55,move cutting board,move,board:cutting,['board:cutting'],5014,5049,5013.0,5048.0,2.0,5021.0,left,new_contact_episode,54,9,132,"[147.0, 104.0, 288.0, 224.0]",3.008286213244299,grabcut_fallback,bbox_fallback,fallback_lk,cotracker_weighted_affine,False,0.9888888888888889,36,36,34,0.9444444444444444,0.9645941257476807,5,0.0,17017.0,success,361,0.2605631758614574,,5020.0,earliest_reliable_tracked_reference_no_pre_gap,1.0,cotracker_weighted_affine,success,5,0.0,0.108,,,,,,,success,keep,,5.811395509560902,/Users/huhu/Documents/Code/bishe/vrb/vrbreproduction/outputs/100subaction-e8/experiments/E8/pipeline_outputs/subaction_55_P01_109_55/candidate_02_frame_005021_left,/Users/huhu/Documents/Code/bishe/vrb/vrbreproduction/outputs/100subaction-e8/experiments/E8/pipeline_outputs/subaction_55_P01_109_55/candidate_02_frame_005021_left,/Users/huhu/Documents/Code/bishe/vrb/vrbreproduction/outputs/100subaction-e8/experiments/E8/pipeline_outputs/subaction_55_P01_109_55/candidate_02_frame_005021_left/reference_frame.png,/Users/huhu/Documents/Code/bishe/vrb/vrbreproduction/outputs/100subaction-e8/experiments/E8/pipeline_outputs/subaction_55_P01_109_55/candidate_02_frame_005021_left/label_heatmap_merged_overlay.png,/Users/huhu/Documents/Code/bishe/vrb/vrbreproduction/outputs/100subaction-e8/experiments/E8/pipeline_outputs/subaction_55_P01_109_55/candidate_02_frame_005021_left/vrb_style_affordance.png,6.0,0.0,"[149.43, 105.17, 291.85, 224.12]",/Users/huhu/Documents/Code/bishe/vrb/vrbreproduction/outputs/100subaction-e8/experiments/E8/pipeline_outputs/subaction_55_P01_109_55/candidate_02_frame_005021_left/label_heatmap_merged.npy,/Users/huhu/Documents/Code/bishe/vrb/vrbreproduction/outputs/100subaction-e8/experiments/E8/pipeline_outputs/subaction_55_P01_109_55/candidate_02_frame_005021_left/label_heatmap_merged.png,/Users/huhu/Documents/Code/bishe/vrb/vrbreproduction/outputs/100subaction-e8/experiments/E8/pipeline_outputs/subaction_55_P01_109_55/candidate_02_frame_005021_left/mask_projection_overlay.png,"(256, 456)",isotropic_e7,True,True
E8,55,P01_109_55,move cutting board,move,board:cutting,['board:cutting'],5014,5049,5013.0,5048.0,3.0,5036.0,left,new_contact_episode,54,9,134,"[109.0, 86.0, 258.0, 211.0]",3.142033669250113,grabcut_fallback,bbox_fallback,fallback_lk,cotracker_weighted_affine,False,0.9419354838709678,36,31,22,0.7096774193548387,0.4494869112968445,5,0.0,18705.0,success,361,0.2605631758614574,,5035.0,earliest_reliable_tracked_reference_no_pre_gap,1.0,cotracker_weighted_affine,success,5,0.0,0.3154666666666667,,,,,,,success,keep,,5.339573457177223,/Users/huhu/Documents/Code/bishe/vrb/vrbreproduction/outputs/100subaction-e8/experiments/E8/pipeline_outputs/subaction_55_P01_109_55/candidate_03_frame_005036_left,/Users/huhu/Documents/Code/bishe/vrb/vrbreproduction/outputs/100subaction-e8/experiments/E8/pipeline_outputs/subaction_55_P01_109_55/candidate_03_frame_005036_left,/Users/huhu/Documents/Code/bishe/vrb/vrbreproduction/outputs/100subaction-e8/experiments/E8/pipeline_outputs/subaction_55_P01_109_55/candidate_03_frame_005036_left/reference_frame.png,/Users/huhu/Documents/Code/bishe/vrb/vrbreproduction/outputs/100subaction-e8/experiments/E8/pipeline_outputs/subaction_55_P01_109_55/candidate_03_frame_005036_left/label_heatmap_merged_overlay.png,/Users/huhu/Documents/Code/bishe/vrb/vrbreproduction/outputs/100subaction-e8/experiments/E8/pipeline_outputs/subaction_55_P01_109_55/candidate_03_frame_005036_left/vrb_style_affordance.png,6.0,0.0,"[110.2, 86.36, 254.76, 215.4]",/Users/huhu/Documents/Code/bishe/vrb/vrbreproduction/outputs/100subaction-e8/experiments/E8/pipeline_outputs/subaction_55_P01_109_55/candidate_03_frame_005036_left/label_heatmap_merged.npy,/Users/huhu/Documents/Code/bishe/vrb/vrbreproduction/outputs/100subaction-e8/experiments/E8/pipeline_outputs/subaction_55_P01_109_55/candidate_03_frame_005036_left/label_heatmap_merged.png,/Users/huhu/Documents/Code/bishe/vrb/vrbreproduction/outputs/100subaction-e8/experiments/E8/pipeline_outputs/subaction_55_P01_109_55/candidate_03_frame_005036_left/mask_projection_overlay.png,"(256, 456)",isotropic_e7,True,False
E8,55,P01_109_55,move cutting board,move,board:cutting,['board:cutting'],5014,5049,5013.0,5048.0,4.0,5037.0,left,new_contact_episode,54,9,107,"[110.0, 86.0, 252.0, 209.0]",3.1197066467480528,grabcut_fallback,bbox_fallback,fallback_lk,cotracker_weighted_affine,False,0.9823529411764707,36,34,31,0.9117647058823529,0.7583646774291992,5,0.0,18228.0,success,361,0.2605631758614574,,5036.0,earliest_reliable_tracked_reference_no_pre_gap,1.0,cotracker_weighted_affine,success,5,0.0,0.2823111111111111,,,,,,,success,keep,,5.531605922422222,/Users/huhu/Documents/Code/bishe/vrb/vrbreproduction/outputs/100subaction-e8/experiments/E8/pipeline_outputs/subaction_55_P01_109_55/candidate_04_frame_005037_left,/Users/huhu/Documents/Code/bishe/vrb/vrbreproduction/outputs/100subaction-e8/experiments/E8/pipeline_outputs/subaction_55_P01_109_55/candidate_04_frame_005037_left,/Users/huhu/Documents/Code/bishe/vrb/vrbreproduction/outputs/100subaction-e8/experiments/E8/pipeline_outputs/subaction_55_P01_109_55/candidate_04_frame_005037_left/reference_frame.png,/Users/huhu/Documents/Code/bishe/vrb/vrbreproduction/outputs/100subaction-e8/experiments/E8/pipeline_outputs/subaction_55_P01_109_55/candidate_04_frame_005037_left/label_heatmap_merged_overlay.png,/Users/huhu/Documents/Code/bishe/vrb/vrbreproduction/outputs/100subaction-e8/experiments/E8/pipeline_outputs/subaction_55_P01_109_55/candidate_04_frame_005037_left/vrb_style_affordance.png,6.0,0.0,"[108.93, 85.72, 255.81, 210.47]",/Users/huhu/Documents/Code/bishe/vrb/vrbreproduction/outputs/100subaction-e8/experiments/E8/pipeline_outputs/subaction_55_P01_109_55/candidate_04_frame_005037_left/label_heatmap_merged.npy,/Users/huhu/Documents/Code/bishe/vrb/vrbreproduction/outputs/100subaction-e8/experiments/E8/pipeline_outputs/subaction_55_P01_109_55/candidate_04_frame_005037_left/label_heatmap_merged.png,/Users/huhu/Documents/Code/bishe/vrb/vrbreproduction/outputs/100subaction-e8/experiments/E8/pipeline_outputs/subaction_55_P01_109_55/candidate_04_frame_005037_left/mask_projection_overlay.png,"(256, 456)",isotropic_e7,True,False
E8,55,P01_109_55,move cutting board,move,board:cutting,['board:cutting'],5014,5049,5013.0,5048.0,5.0,5038.0,left,new_contact_episode,54,9,88,"[109.0, 87.0, 250.0, 216.0]",3.19522801081131,grabcut_fallback,bbox_fallback,fallback_lk,cotracker_weighted_affine,False,0.9625,36,16,13,0.8125,0.6422647833824158,5,0.0,18850.0,success,361,0.2605631758614574,,5034.0,earliest_reliable_tracked_reference_no_pre_gap,4.0,cotracker_weighted_affine,success,5,0.0,0.30417777777777777,,,,,,,success,keep,,5.37834038983186,/Users/huhu/Documents/Code/bishe/vrb/vrbreproduction/outputs/100subaction-e8/experiments/E8/pipeline_outputs/subaction_55_P01_109_55/candidate_05_frame_005038_left,/Users/huhu/Documents/Code/bishe/vrb/vrbreproduction/outputs/100subaction-e8/experiments/E8/pipeline_outputs/subaction_55_P01_109_55/candidate_05_frame_005038_left,/Users/huhu/Documents/Code/bishe/vrb/vrbreproduction/outputs/100subaction-e8/experiments/E8/pipeline_outputs/subaction_55_P01_109_55/candidate_05_frame_005038_left/reference_frame.png,/Users/huhu/Documents/Code/bishe/vrb/vrbreproduction/outputs/100subaction-e8/experiments/E8/pipeline_outputs/subaction_55_P01_109_55/candidate_05_frame_005038_left/label_heatmap_merged_overlay.png,/Users/huhu/Documents/Code/bishe/vrb/vrbreproduction/outputs/100subaction-e8/experiments/E8/pipeline_outputs/subaction_55_P01_109_55/candidate_05_frame_005038_left/vrb_style_affordance.png,6.0,0.0,"[109.33, 85.09, 253.59, 214.93]",/Users/huhu/Documents/Code/bishe/vrb/vrbreproduction/outputs/100subaction-e8/experiments/E8/pipeline_outputs/subaction_55_P01_109_55/candidate_05_frame_005038_left/label_heatmap_merged.npy,/Users/huhu/Documents/Code/bishe/vrb/vrbreproduction/outputs/100subaction-e8/experiments/E8/pipeline_outputs/subaction_55_P01_109_55/candidate_05_frame_005038_left/label_heatmap_merged.png,/Users/huhu/Documents/Code/bishe/vrb/vrbreproduction/outputs/100subaction-e8/experiments/E8/pipeline_outputs/subaction_55_P01_109_55/candidate_05_frame_005038_left/mask_projection_overlay.png,"(256, 456)",isotropic_e7,True,False
E8,55,P01_109_55,move cutting board,move,board:cutting,['board:cutting'],5014,5049,5013.0,5048.0,6.0,5043.0,left,new_contact_episode,54,9,106,"[109.0, 89.0, 250.0, 220.0]",3.187959732407911,grabcut_fallback,bbox_fallback,fallback_lk,cotracker_weighted_affine,False,0.9878787878787879,36,33,31,0.9393939393939394,0.3426283895969391,5,0.0,18330.0,success,361,0.2605631758614574,,5042.0,earliest_reliable_tracked_reference_no_pre_gap,1.0,cotracker_weighted_affine,success,5,0.0,0.192,,,,,,,success,keep,,5.700266602857546,/Users/huhu/Documents/Code/bishe/vrb/vrbreproduction/outputs/100subaction-e8/experiments/E8/pipeline_outputs/subaction_55_P01_109_55/candidate_06_frame_005043_left,/Users/huhu/Documents/Code/bishe/vrb/vrbreproduction/outputs/100subaction-e8/experiments/E8/pipeline_outputs/subaction_55_P01_109_55/candidate_06_frame_005043_left,/Users/huhu/Documents/Code/bishe/vrb/vrbreproduction/outputs/100subaction-e8/experiments/E8/pipeline_outputs/subaction_55_P01_109_55/candidate_06_frame_005043_left/reference_frame.png,/Users/huhu/Documents/Code/bishe/vrb/vrbreproduction/outputs/100subaction-e8/experiments/E8/pipeline_outputs/subaction_55_P01_109_55/candidate_06_frame_005043_left/label_heatmap_merged_overlay.png,/Users/huhu/Documents/Code/bishe/vrb/vrbreproduction/outputs/100subaction-e8/experiments/E8/pipeline_outputs/subaction_55_P01_109_55/candidate_06_frame_005043_left/vrb_style_affordance.png,6.0,0.0,"[108.35, 88.67, 249.48, 219.16]",/Users/huhu/Documents/Code/bishe/vrb/vrbreproduction/outputs/100subaction-e8/experiments/E8/pipeline_outputs/subaction_55_P01_109_55/candidate_06_frame_005043_left/label_heatmap_merged.npy,/Users/huhu/Documents/Code/bishe/vrb/vrbreproduction/outputs/100subaction-e8/experiments/E8/pipeline_outputs/subaction_55_P01_109_55/candidate_06_frame_005043_left/label_heatmap_merged.png,/Users/huhu/Documents/Code/bishe/vrb/vrbreproduction/outputs/100subaction-e8/experiments/E8/pipeline_outputs/subaction_55_P01_109_55/candidate_06_frame_005043_left/mask_projection_overlay.png,"(256, 456)",isotropic_e7,True,False
E8,55,P01_109_55,move cutting board,move,board:cutting,['board:cutting'],5014,5049,5013.0,5048.0,7.0,5044.0,left,new_contact_episode,54,9,124,"[110.0, 91.0, 250.0, 220.0]",3.1955660229317955,grabcut_fallback,bbox_fallback,fallback_lk,cotracker_weighted_affine,False,0.993939393939394,36,33,32,0.9696969696969697,0.42677146196365356,5,0.0,18471.0,success,361,0.2605631758614574,,5043.0,earliest_reliable_tracked_reference_no_pre_gap,1.0,cotracker_weighted_affine,success,5,0.0,0.18093333333333333,,,,,,,success,keep,,5.737069583413818,/Users/huhu/Documents/Code/bishe/vrb/vrbreproduction/outputs/100subaction-e8/experiments/E8/pipeline_outputs/subaction_55_P01_109_55/candidate_07_frame_005044_left,/Users/huhu/Documents/Code/bishe/vrb/vrbreproduction/outputs/100subaction-e8/experiments/E8/pipeline_outputs/subaction_55_P01_109_55/candidate_07_frame_005044_left,/Users/huhu/Documents/Code/bishe/vrb/vrbreproduction/outputs/100subaction-e8/experiments/E8/pipeline_outputs/subaction_55_P01_109_55/candidate_07_frame_005044_left/reference_frame.png,/Users/huhu/Documents/Code/bishe/vrb/vrbreproduction/outputs/100subaction-e8/experiments/E8/pipeline_outputs/subaction_55_P01_109_55/candidate_07_frame_005044_left/label_heatmap_merged_overlay.png,/Users/huhu/Documents/Code/bishe/vrb/vrbreproduction/outputs/100subaction-e8/experiments/E8/pipeline_outputs/subaction_55_P01_109_55/candidate_07_frame_005044_left/vrb_style_affordance.png,6.0,0.0,"[109.33, 89.37, 250.09, 219.79]",/Users/huhu/Documents/Code/bishe/vrb/vrbreproduction/outputs/100subaction-e8/experiments/E8/pipeline_outputs/subaction_55_P01_109_55/candidate_07_frame_005044_left/label_heatmap_merged.npy,/Users/huhu/Documents/Code/bishe/vrb/vrbreproduction/outputs/100subaction-e8/experiments/E8/pipeline_outputs/subaction_55_P01_109_55/candidate_07_frame_005044_left/label_heatmap_merged.png,/Users/huhu/Documents/Code/bishe/vrb/vrbreproduction/outputs/100subaction-e8/experiments/E8/pipeline_outputs/subaction_55_P01_109_55/candidate_07_frame_005044_left/mask_projection_overlay.png,"(256, 456)",isotropic_e7,True,False
E8,55,P01_109_55,move cutting board,move,board:cutting,['board:cutting'],5014,5049,5013.0,5048.0,8.0,5045.0,left,new_contact_episode,54,9,89,"[106.0, 91.0, 250.0, 222.0]",3.1624738301739517,grabcut_fallback,bbox_fallback,fallback_lk,cotracker_weighted_affine,False,1.0,36,34,34,1.0,0.3063567280769348,5,0.0,18189.0,success,361,0.2605631758614574,,5044.0,earliest_reliable_tracked_reference_no_pre_gap,1.0,cotracker_weighted_affine,success,5,0.0,0.18355555555555556,,,,,,,success,keep,,5.759475964824357,/Users/huhu/Documents/Code/bishe/vrb/vrbreproduction/outputs/100subaction-e8/experiments/E8/pipeline_outputs/subaction_55_P01_109_55/candidate_08_frame_005045_left,/Users/huhu/Documents/Code/bishe/vrb/vrbreproduction/outputs/100subaction-e8/experiments/E8/pipeline_outputs/subaction_55_P01_109_55/candidate_08_frame_005045_left,/Users/huhu/Documents/Code/bishe/vrb/vrbreproduction/outputs/100subaction-e8/experiments/E8/pipeline_outputs/subaction_55_P01_109_55/candidate_08_frame_005045_left/reference_frame.png,/Users/huhu/Documents/Code/bishe/vrb/vrbreproduction/outputs/100subaction-e8/experiments/E8/pipeline_outputs/subaction_55_P01_109_55/candidate_08_frame_005045_left/label_heatmap_merged_overlay.png,/Users/huhu/Documents/Code/bishe/vrb/vrbreproduction/outputs/100subaction-e8/experiments/E8/pipeline_outputs/subaction_55_P01_109_55/candidate_08_frame_005045_left/vrb_style_affordance.png,6.0,0.0,"[108.61, 90.7, 250.0, 220.41]",/Users/huhu/Documents/Code/bishe/vrb/vrbreproduction/outputs/100subaction-e8/experiments/E8/pipeline_outputs/subaction_55_P01_109_55/candidate_08_frame_005045_left/label_heatmap_merged.npy,/Users/huhu/Documents/Code/bishe/vrb/vrbreproduction/outputs/100subaction-e8/experiments/E8/pipeline_outputs/subaction_55_P01_109_55/candidate_08_frame_005045_left/label_heatmap_merged.png,/Users/huhu/Documents/Code/bishe/vrb/vrbreproduction/outputs/100subaction-e8/experiments/E8/pipeline_outputs/subaction_55_P01_109_55/candidate_08_frame_005045_left/mask_projection_overlay.png,"(256, 456)",isotropic_e7,True,True
E8,56,P01_109_56,pick up potato,pick-up,potato,['potato'],5053,5122,5052.0,5121.0,0.0,5062.0,left,new_contact_episode,112,12,108,"[104.0, 110.0, 247.0, 241.0]",3.192492776941014,grabcut_fallback,bbox_fallback,fallback_lk,cotracker_weighted_affine,False,0.9944444444444445,36,36,35,0.9722222222222222,0.40459662675857544,5,0.0,18480.0,success,361,0.2605631758614574,,5061.0,earliest_reliable_tracked_reference_no_pre_gap,1.0,cotracker_weighted_affine,success,5,0.0,0.13017777777777778,,,,,,,success,keep,,5.815762101197241,/Users/huhu/Documents/Code/bishe/vrb/vrbreproduction/outputs/100subaction-e8/experiments/E8/pipeline_outputs/subaction_56_P01_109_56/candidate_00_frame_005062_left,/Users/huhu/Documents/Code/bishe/vrb/vrbreproduction/outputs/100subaction-e8/experiments/E8/pipeline_outputs/subaction_56_P01_109_56/candidate_00_frame_005062_left,/Users/huhu/Documents/Code/bishe/vrb/vrbreproduction/outputs/100subaction-e8/experiments/E8/pipeline_outputs/subaction_56_P01_109_56/candidate_00_frame_005062_left/reference_frame.png,/Users/huhu/Documents/Code/bishe/vrb/vrbreproduction/outputs/100subaction-e8/experiments/E8/pipeline_outputs/subaction_56_P01_109_56/candidate_00_frame_005062_left/label_heatmap_merged_overlay.png,/Users/huhu/Documents/Code/bishe/vrb/vrbreproduction/outputs/100subaction-e8/experiments/E8/pipeline_outputs/subaction_56_P01_109_56/candidate_00_frame_005062_left/vrb_style_affordance.png,6.0,0.0,"[106.32, 108.96, 245.81, 241.06]",/Users/huhu/Documents/Code/bishe/vrb/vrbreproduction/outputs/100subaction-e8/experiments/E8/pipeline_outputs/subaction_56_P01_109_56/candidate_00_frame_005062_left/label_heatmap_merged.npy,/Users/huhu/Documents/Code/bishe/vrb/vrbreproduction/outputs/100subaction-e8/experiments/E8/pipeline_outputs/subaction_56_P01_109_56/candidate_00_frame_005062_left/label_heatmap_merged.png,/Users/huhu/Documents/Code/bishe/vrb/vrbreproduction/outputs/100subaction-e8/experiments/E8/pipeline_outputs/subaction_56_P01_109_56/candidate_00_frame_005062_left/mask_projection_overlay.png,"(256, 456)",isotropic_e7,True,True
E8,56,P01_109_56,pick up potato,pick-up,potato,['potato'],5053,5122,5052.0,5121.0,1.0,5063.0,left,new_contact_episode,112,12,97,"[101.0, 111.0, 245.0, 236.0]",3.1666123824551273,grabcut_fallback,bbox_fallback,fallback_lk,cotracker_weighted_affine,False,0.9823529411764707,36,34,31,0.9117647058823529,0.6906461119651794,5,0.0,18447.0,success,361,0.2605631758614574,,5062.0,earliest_reliable_tracked_reference_no_pre_gap,1.0,cotracker_weighted_affine,success,5,0.0,0.13013333333333332,,,,,,,success,keep,,5.761904146052809,/Users/huhu/Documents/Code/bishe/vrb/vrbreproduction/outputs/100subaction-e8/experiments/E8/pipeline_outputs/subaction_56_P01_109_56/candidate_01_frame_005063_left,/Users/huhu/Documents/Code/bishe/vrb/vrbreproduction/outputs/100subaction-e8/experiments/E8/pipeline_outputs/subaction_56_P01_109_56/candidate_01_frame_005063_left,/Users/huhu/Documents/Code/bishe/vrb/vrbreproduction/outputs/100subaction-e8/experiments/E8/pipeline_outputs/subaction_56_P01_109_56/candidate_01_frame_005063_left/reference_frame.png,/Users/huhu/Documents/Code/bishe/vrb/vrbreproduction/outputs/100subaction-e8/experiments/E8/pipeline_outputs/subaction_56_P01_109_56/candidate_01_frame_005063_left/label_heatmap_merged_overlay.png,/Users/huhu/Documents/Code/bishe/vrb/vrbreproduction/outputs/100subaction-e8/experiments/E8/pipeline_outputs/subaction_56_P01_109_56/candidate_01_frame_005063_left/vrb_style_affordance.png,6.0,0.0,"[102.98, 110.05, 246.37, 239.05]",/Users/huhu/Documents/Code/bishe/vrb/vrbreproduction/outputs/100subaction-e8/experiments/E8/pipeline_outputs/subaction_56_P01_109_56/candidate_01_frame_005063_left/label_heatmap_merged.npy,/Users/huhu/Documents/Code/bishe/vrb/vrbreproduction/outputs/100subaction-e8/experiments/E8/pipeline_outputs/subaction_56_P01_109_56/candidate_01_frame_005063_left/label_heatmap_merged.png,/Users/huhu/Documents/Code/bishe/vrb/vrbreproduction/outputs/100subaction-e8/experiments/E8/pipeline_outputs/subaction_56_P01_109_56/candidate_01_frame_005063_left/mask_projection_overlay.png,"(256, 456)",isotropic_e7,True,False
E8,56,P01_109_56,pick up potato,pick-up,potato,['potato'],5053,5122,5052.0,5121.0,2.0,5064.0,left,new_contact_episode,112,12,88,"[101.0, 111.0, 246.0, 237.0]",3.197734434548329,grabcut_fallback,bbox_fallback,fallback_lk,cotracker_weighted_affine,False,0.9833333333333334,36,36,33,0.9166666666666666,0.5727728009223938,5,0.0,18000.0,success,361,0.2605631758614574,,5063.0,earliest_reliable_tracked_reference_no_pre_gap,1.0,cotracker_weighted_affine,success,5,0.0,0.1352,,,,,,,success,keep,,5.761516815972327,/Users/huhu/Documents/Code/bishe/vrb/vrbreproduction/outputs/100subaction-e8/experiments/E8/pipeline_outputs/subaction_56_P01_109_56/candidate_02_frame_005064_left,/Users/huhu/Documents/Code/bishe/vrb/vrbreproduction/outputs/100subaction-e8/experiments/E8/pipeline_outputs/subaction_56_P01_109_56/candidate_02_frame_005064_left,/Users/huhu/Documents/Code/bishe/vrb/vrbreproduction/outputs/100subaction-e8/experiments/E8/pipeline_outputs/subaction_56_P01_109_56/candidate_02_frame_005064_left/reference_frame.png,/Users/huhu/Documents/Code/bishe/vrb/vrbreproduction/outputs/100subaction-e8/experiments/E8/pipeline_outputs/subaction_56_P01_109_56/candidate_02_frame_005064_left/label_heatmap_merged_overlay.png,/Users/huhu/Documents/Code/bishe/vrb/vrbreproduction/outputs/100subaction-e8/experiments/E8/pipeline_outputs/subaction_56_P01_109_56/candidate_02_frame_005064_left/vrb_style_affordance.png,6.0,0.0,"[101.09, 110.79, 245.46, 236.2]",/Users/huhu/Documents/Code/bishe/vrb/vrbreproduction/outputs/100subaction-e8/experiments/E8/pipeline_outputs/subaction_56_P01_109_56/candidate_02_frame_005064_left/label_heatmap_merged.npy,/Users/huhu/Documents/Code/bishe/vrb/vrbreproduction/outputs/100subaction-e8/experiments/E8/pipeline_outputs/subaction_56_P01_109_56/candidate_02_frame_005064_left/label_heatmap_merged.png,/Users/huhu/Documents/Code/bishe/vrb/vrbreproduction/outputs/100subaction-e8/experiments/E8/pipeline_outputs/subaction_56_P01_109_56/candidate_02_frame_005064_left/mask_projection_overlay.png,"(256, 456)",isotropic_e7,True,True
E8,56,P01_109_56,pick up potato,pick-up,potato,['potato'],5053,5122,5052.0,5121.0,3.0,5079.0,left,new_contact_episode,112,12,74,"[243.0, 125.0, 265.0, 159.0]",4.584910176418342,grabcut_fallback,bbox_fallback,fallback_lk,cotracker_weighted_affine,False,0.5252495422363281,30,25,13,0.52,1.8935449123382568,3,0.0,17220.0,success,361,0.2605631758614574,,5022.0,earliest_reliable_tracked_reference_no_pre_gap,57.0,cotracker_weighted_affine,success,3,0.0,0.0,,,,,,,success,keep,,4.033692737102509,/Users/huhu/Documents/Code/bishe/vrb/vrbreproduction/outputs/100subaction-e8/experiments/E8/pipeline_outputs/subaction_56_P01_109_56/candidate_03_frame_005079_left,/Users/huhu/Documents/Code/bishe/vrb/vrbreproduction/outputs/100subaction-e8/experiments/E8/pipeline_outputs/subaction_56_P01_109_56/candidate_03_frame_005079_left,/Users/huhu/Documents/Code/bishe/vrb/vrbreproduction/outputs/100subaction-e8/experiments/E8/pipeline_outputs/subaction_56_P01_109_56/candidate_03_frame_005079_left/reference_frame.png,/Users/huhu/Documents/Code/bishe/vrb/vrbreproduction/outputs/100subaction-e8/experiments/E8/pipeline_outputs/subaction_56_P01_109_56/candidate_03_frame_005079_left/label_heatmap_merged_overlay.png,/Users/huhu/Documents/Code/bishe/vrb/vrbreproduction/outputs/100subaction-e8/experiments/E8/pipeline_outputs/subaction_56_P01_109_56/candidate_03_frame_005079_left/vrb_style_affordance.png,6.0,0.0,"[146.72, 102.73, 287.0, 226.27]",/Users/huhu/Documents/Code/bishe/vrb/vrbreproduction/outputs/100subaction-e8/experiments/E8/pipeline_outputs/subaction_56_P01_109_56/candidate_03_frame_005079_left/label_heatmap_merged.npy,/Users/huhu/Documents/Code/bishe/vrb/vrbreproduction/outputs/100subaction-e8/experiments/E8/pipeline_outputs/subaction_56_P01_109_56/candidate_03_frame_005079_left/label_heatmap_merged.png,/Users/huhu/Documents/Code/bishe/vrb/vrbreproduction/outputs/100subaction-e8/experiments/E8/pipeline_outputs/subaction_56_P01_109_56/candidate_03_frame_005079_left/mask_projection_overlay.png,"(256, 456)",isotropic_e7,True,False
E8,56,P01_109_56,pick up potato,pick-up,potato,['potato'],5053,5122,5052.0,5121.0,4.0,5080.0,left,new_contact_episode,112,12,0,"[271.0, 98.0, 320.0, 134.0]",1.2425257469297168,,,,,False,,0,0,0,,,0,,,not_run,0,0.0,,,,,,not_run,0,,,,,,,,,not_run,discard,contact_points_lt5_after_object_boundary_filter,,/Users/huhu/Documents/Code/bishe/vrb/vrbreproduction/outputs/100subaction-e8/experiments/E8/pipeline_outputs/subaction_56_P01_109_56/candidate_04_frame_005080_left,,,,,,,,,,,,,,False
E8,56,P01_109_56,pick up potato,pick-up,potato,['potato'],5053,5122,5052.0,5121.0,5.0,5081.0,left,new_contact_episode,112,12,55,"[235.0, 125.0, 262.0, 158.0]",4.647168399122531,grabcut_fallback,bbox_fallback,fallback_lk,cotracker_weighted_affine,False,0.7814285714285714,36,28,17,0.6071428571428571,1.1943764686584473,3,0.0,15470.0,success,361,0.2605631758614574,,5023.0,earliest_reliable_tracked_reference_no_pre_gap,58.0,cotracker_weighted_affine,success,3,0.0,0.0,,,,,,,success,keep,,4.59152584879739,/Users/huhu/Documents/Code/bishe/vrb/vrbreproduction/outputs/100subaction-e8/experiments/E8/pipeline_outputs/subaction_56_P01_109_56/candidate_05_frame_005081_left,/Users/huhu/Documents/Code/bishe/vrb/vrbreproduction/outputs/100subaction-e8/experiments/E8/pipeline_outputs/subaction_56_P01_109_56/candidate_05_frame_005081_left,/Users/huhu/Documents/Code/bishe/vrb/vrbreproduction/outputs/100subaction-e8/experiments/E8/pipeline_outputs/subaction_56_P01_109_56/candidate_05_frame_005081_left/reference_frame.png,/Users/huhu/Documents/Code/bishe/vrb/vrbreproduction/outputs/100subaction-e8/experiments/E8/pipeline_outputs/subaction_56_P01_109_56/candidate_05_frame_005081_left/label_heatmap_merged_overlay.png,/Users/huhu/Documents/Code/bishe/vrb/vrbreproduction/outputs/100subaction-e8/experiments/E8/pipeline_outputs/subaction_56_P01_109_56/candidate_05_frame_005081_left/vrb_style_affordance.png,6.0,0.0,"[153.8, 106.35, 283.87, 225.4]",/Users/huhu/Documents/Code/bishe/vrb/vrbreproduction/outputs/100subaction-e8/experiments/E8/pipeline_outputs/subaction_56_P01_109_56/candidate_05_frame_005081_left/label_heatmap_merged.npy,/Users/huhu/Documents/Code/bishe/vrb/vrbreproduction/outputs/100subaction-e8/experiments/E8/pipeline_outputs/subaction_56_P01_109_56/candidate_05_frame_005081_left/label_heatmap_merged.png,/Users/huhu/Documents/Code/bishe/vrb/vrbreproduction/outputs/100subaction-e8/experiments/E8/pipeline_outputs/subaction_56_P01_109_56/candidate_05_frame_005081_left/mask_projection_overlay.png,"(256, 456)",isotropic_e7,True,False
E8,56,P01_109_56,pick up potato,pick-up,potato,['potato'],5053,5122,5052.0,5121.0,6.0,5101.0,left,new_contact_episode,112,12,56,"[234.0, 136.0, 288.0, 191.0]",3.5794134083894384,grabcut_fallback,bbox_fallback,fallback_lk,cotracker_weighted_affine,False,0.9840000000000001,36,25,23,0.92,0.9273366332054138,5,0.0,3136.0,success,361,0.2605631758614574,,5093.0,earliest_reliable_tracked_reference_no_pre_gap,8.0,cotracker_weighted_affine,success,5,0.0,0.26555555555555554,,,,,,,success,keep,,5.515846567670504,/Users/huhu/Documents/Code/bishe/vrb/vrbreproduction/outputs/100subaction-e8/experiments/E8/pipeline_outputs/subaction_56_P01_109_56/candidate_06_frame_005101_left,/Users/huhu/Documents/Code/bishe/vrb/vrbreproduction/outputs/100subaction-e8/experiments/E8/pipeline_outputs/subaction_56_P01_109_56/candidate_06_frame_005101_left,/Users/huhu/Documents/Code/bishe/vrb/vrbreproduction/outputs/100subaction-e8/experiments/E8/pipeline_outputs/subaction_56_P01_109_56/candidate_06_frame_005101_left/reference_frame.png,/Users/huhu/Documents/Code/bishe/vrb/vrbreproduction/outputs/100subaction-e8/experiments/E8/pipeline_outputs/subaction_56_P01_109_56/candidate_06_frame_005101_left/label_heatmap_merged_overlay.png,/Users/huhu/Documents/Code/bishe/vrb/vrbreproduction/outputs/100subaction-e8/experiments/E8/pipeline_outputs/subaction_56_P01_109_56/candidate_06_frame_005101_left/vrb_style_affordance.png,6.0,0.0,"[260.19, 122.03, 315.88, 177.89]",/Users/huhu/Documents/Code/bishe/vrb/vrbreproduction/outputs/100subaction-e8/experiments/E8/pipeline_outputs/subaction_56_P01_109_56/candidate_06_frame_005101_left/label_heatmap_merged.npy,/Users/huhu/Documents/Code/bishe/vrb/vrbreproduction/outputs/100subaction-e8/experiments/E8/pipeline_outputs/subaction_56_P01_109_56/candidate_06_frame_005101_left/label_heatmap_merged.png,/Users/huhu/Documents/Code/bishe/vrb/vrbreproduction/outputs/100subaction-e8/experiments/E8/pipeline_outputs/subaction_56_P01_109_56/candidate_06_frame_005101_left/mask_projection_overlay.png,"(256, 456)",isotropic_e7,True,False
E8,56,P01_109_56,pick up potato,pick-up,potato,['potato'],5053,5122,5052.0,5121.0,7.0,5102.0,left,new_contact_episode,112,12,68,"[226.0, 138.0, 282.0, 192.0]",3.7888441737780694,grabcut_fallback,bbox_fallback,fallback_lk,cotracker_weighted_affine,False,0.9785714285714286,30,28,25,0.8928571428571429,1.500428557395935,5,0.0,2915.0,success,361,0.2605631758614574,,5091.0,earliest_reliable_tracked_reference_no_pre_gap,11.0,cotracker_weighted_affine,success,5,0.0,0.2196,,,,,,,success,keep,,5.529230000420979,/Users/huhu/Documents/Code/bishe/vrb/vrbreproduction/outputs/100subaction-e8/experiments/E8/pipeline_outputs/subaction_56_P01_109_56/candidate_07_frame_005102_left,/Users/huhu/Documents/Code/bishe/vrb/vrbreproduction/outputs/100subaction-e8/experiments/E8/pipeline_outputs/subaction_56_P01_109_56/candidate_07_frame_005102_left,/Users/huhu/Documents/Code/bishe/vrb/vrbreproduction/outputs/100subaction-e8/experiments/E8/pipeline_outputs/subaction_56_P01_109_56/candidate_07_frame_005102_left/reference_frame.png,/Users/huhu/Documents/Code/bishe/vrb/vrbreproduction/outputs/100subaction-e8/experiments/E8/pipeline_outputs/subaction_56_P01_109_56/candidate_07_frame_005102_left/label_heatmap_merged_overlay.png,/Users/huhu/Documents/Code/bishe/vrb/vrbreproduction/outputs/100subaction-e8/experiments/E8/pipeline_outputs/subaction_56_P01_109_56/candidate_07_frame_005102_left/vrb_style_affordance.png,6.0,0.0,"[264.01, 118.85, 318.87, 172.43]",/Users/huhu/Documents/Code/bishe/vrb/vrbreproduction/outputs/100subaction-e8/experiments/E8/pipeline_outputs/subaction_56_P01_109_56/candidate_07_frame_005102_left/label_heatmap_merged.npy,/Users/huhu/Documents/Code/bishe/vrb/vrbreproduction/outputs/100subaction-e8/experiments/E8/pipeline_outputs/subaction_56_P01_109_56/candidate_07_frame_005102_left/label_heatmap_merged.png,/Users/huhu/Documents/Code/bishe/vrb/vrbreproduction/outputs/100subaction-e8/experiments/E8/pipeline_outputs/subaction_56_P01_109_56/candidate_07_frame_005102_left/mask_projection_overlay.png,"(256, 456)",isotropic_e7,True,True
E8,56,P01_109_56,pick up potato,pick-up,potato,['potato'],5053,5122,5052.0,5121.0,8.0,5103.0,left,new_contact_episode,112,12,115,"[225.0, 141.0, 276.0, 194.0]",3.9473198730070207,grabcut_fallback,bbox_fallback,fallback_lk,cotracker_weighted_affine,False,0.9500000000000001,36,24,18,0.75,1.165867567062378,5,0.0,2915.0,success,361,0.2605631758614574,,5091.0,earliest_reliable_tracked_reference_no_pre_gap,12.0,cotracker_weighted_affine,success,5,0.0,0.22213333333333332,,,,,,,success,keep,,5.422323972988129,/Users/huhu/Documents/Code/bishe/vrb/vrbreproduction/outputs/100subaction-e8/experiments/E8/pipeline_outputs/subaction_56_P01_109_56/candidate_08_frame_005103_left,/Users/huhu/Documents/Code/bishe/vrb/vrbreproduction/outputs/100subaction-e8/experiments/E8/pipeline_outputs/subaction_56_P01_109_56/candidate_08_frame_005103_left,/Users/huhu/Documents/Code/bishe/vrb/vrbreproduction/outputs/100subaction-e8/experiments/E8/pipeline_outputs/subaction_56_P01_109_56/candidate_08_frame_005103_left/reference_frame.png,/Users/huhu/Documents/Code/bishe/vrb/vrbreproduction/outputs/100subaction-e8/experiments/E8/pipeline_outputs/subaction_56_P01_109_56/candidate_08_frame_005103_left/label_heatmap_merged_overlay.png,/Users/huhu/Documents/Code/bishe/vrb/vrbreproduction/outputs/100subaction-e8/experiments/E8/pipeline_outputs/subaction_56_P01_109_56/candidate_08_frame_005103_left/vrb_style_affordance.png,6.0,0.0,"[264.01, 118.85, 318.87, 172.43]",/Users/huhu/Documents/Code/bishe/vrb/vrbreproduction/outputs/100subaction-e8/experiments/E8/pipeline_outputs/subaction_56_P01_109_56/candidate_08_frame_005103_left/label_heatmap_merged.npy,/Users/huhu/Documents/Code/bishe/vrb/vrbreproduction/outputs/100subaction-e8/experiments/E8/pipeline_outputs/subaction_56_P01_109_56/candidate_08_frame_005103_left/label_heatmap_merged.png,/Users/huhu/Documents/Code/bishe/vrb/vrbreproduction/outputs/100subaction-e8/experiments/E8/pipeline_outputs/subaction_56_P01_109_56/candidate_08_frame_005103_left/mask_projection_overlay.png,"(256, 456)",isotropic_e7,True,False
E8,56,P01_109_56,pick up potato,pick-up,potato,['potato'],5053,5122,5052.0,5121.0,9.0,5119.0,right,new_contact_episode,112,12,0,"[218.0, 157.0, 251.0, 194.0]",1.3988070374858883,,,,,False,,0,0,0,,,0,,,not_run,0,0.0,,,,,,not_run,0,,,,,,,,,not_run,discard,contact_points_lt5_after_object_boundary_filter,,/Users/huhu/Documents/Code/bishe/vrb/vrbreproduction/outputs/100subaction-e8/experiments/E8/pipeline_outputs/subaction_56_P01_109_56/candidate_09_frame_005119_right,,,,,,,,,,,,,,False
E8,56,P01_109_56,pick up potato,pick-up,potato,['potato'],5053,5122,5052.0,5121.0,10.0,5120.0,right,new_contact_episode,112,12,34,"[219.0, 159.0, 250.0, 192.0]",3.0588321752765752,grabcut_fallback,bbox_fallback,fallback_lk,cotracker_weighted_affine,False,1.0,36,35,35,1.0,0.4120657742023468,5,0.0,1221.0,success,361,0.2605631758614574,,5119.0,earliest_reliable_tracked_reference_no_pre_gap,1.0,cotracker_weighted_affine,success,5,0.0,0.3834666666666667,,,,,,,success,keep,,5.456438026773928,/Users/huhu/Documents/Code/bishe/vrb/vrbreproduction/outputs/100subaction-e8/experiments/E8/pipeline_outputs/subaction_56_P01_109_56/candidate_10_frame_005120_right,/Users/huhu/Documents/Code/bishe/vrb/vrbreproduction/outputs/100subaction-e8/experiments/E8/pipeline_outputs/subaction_56_P01_109_56/candidate_10_frame_005120_right,/Users/huhu/Documents/Code/bishe/vrb/vrbreproduction/outputs/100subaction-e8/experiments/E8/pipeline_outputs/subaction_56_P01_109_56/candidate_10_frame_005120_right/reference_frame.png,/Users/huhu/Documents/Code/bishe/vrb/vrbreproduction/outputs/100subaction-e8/experiments/E8/pipeline_outputs/subaction_56_P01_109_56/candidate_10_frame_005120_right/label_heatmap_merged_overlay.png,/Users/huhu/Documents/Code/bishe/vrb/vrbreproduction/outputs/100subaction-e8/experiments/E8/pipeline_outputs/subaction_56_P01_109_56/candidate_10_frame_005120_right/vrb_style_affordance.png,6.0,0.0,"[218.01, 157.41, 250.87, 193.59]",/Users/huhu/Documents/Code/bishe/vrb/vrbreproduction/outputs/100subaction-e8/experiments/E8/pipeline_outputs/subaction_56_P01_109_56/candidate_10_frame_005120_right/label_heatmap_merged.npy,/Users/huhu/Documents/Code/bishe/vrb/vrbreproduction/outputs/100subaction-e8/experiments/E8/pipeline_outputs/subaction_56_P01_109_56/candidate_10_frame_005120_right/label_heatmap_merged.png,/Users/huhu/Documents/Code/bishe/vrb/vrbreproduction/outputs/100subaction-e8/experiments/E8/pipeline_outputs/subaction_56_P01_109_56/candidate_10_frame_005120_right/mask_projection_overlay.png,"(256, 456)",isotropic_e7,True,False
E8,56,P01_109_56,pick up potato,pick-up,potato,['potato'],5053,5122,5052.0,5121.0,11.0,5121.0,right,new_contact_episode,112,12,32,"[220.0, 159.0, 248.0, 190.0]",3.122971257611021,grabcut_fallback,bbox_fallback,fallback_lk,cotracker_weighted_affine,False,1.0,36,36,36,1.0,0.31999364495277405,5,0.0,960.0,success,361,0.2605631758614574,,5120.0,earliest_reliable_tracked_reference_no_pre_gap,1.0,cotracker_weighted_affine,success,5,0.0,0.3722666666666667,,,,,,,success,keep,,5.4760001906514155,/Users/huhu/Documents/Code/bishe/vrb/vrbreproduction/outputs/100subaction-e8/experiments/E8/pipeline_outputs/subaction_56_P01_109_56/candidate_11_frame_005121_right,/Users/huhu/Documents/Code/bishe/vrb/vrbreproduction/outputs/100subaction-e8/experiments/E8/pipeline_outputs/subaction_56_P01_109_56/candidate_11_frame_005121_right,/Users/huhu/Documents/Code/bishe/vrb/vrbreproduction/outputs/100subaction-e8/experiments/E8/pipeline_outputs/subaction_56_P01_109_56/candidate_11_frame_005121_right/reference_frame.png,/Users/huhu/Documents/Code/bishe/vrb/vrbreproduction/outputs/100subaction-e8/experiments/E8/pipeline_outputs/subaction_56_P01_109_56/candidate_11_frame_005121_right/label_heatmap_merged_overlay.png,/Users/huhu/Documents/Code/bishe/vrb/vrbreproduction/outputs/100subaction-e8/experiments/E8/pipeline_outputs/subaction_56_P01_109_56/candidate_11_frame_005121_right/vrb_style_affordance.png,6.0,0.0,"[219.12, 158.89, 249.37, 191.49]",/Users/huhu/Documents/Code/bishe/vrb/vrbreproduction/outputs/100subaction-e8/experiments/E8/pipeline_outputs/subaction_56_P01_109_56/candidate_11_frame_005121_right/label_heatmap_merged.npy,/Users/huhu/Documents/Code/bishe/vrb/vrbreproduction/outputs/100subaction-e8/experiments/E8/pipeline_outputs/subaction_56_P01_109_56/candidate_11_frame_005121_right/label_heatmap_merged.png,/Users/huhu/Documents/Code/bishe/vrb/vrbreproduction/outputs/100subaction-e8/experiments/E8/pipeline_outputs/subaction_56_P01_109_56/candidate_11_frame_005121_right/mask_projection_overlay.png,"(256, 456)",isotropic_e7,True,False
E8,57,P01_109_57,move potato,move,potato,,5082,5094,,,,,,,24,0,0,,,,,,,False,,0,0,0,,,0,,,not_run,0,0.0,,,,,,not_run,0,,,,,,,,,not_run,discard,continuation_contact_run,,,,,,,,,,,,,,,,False
E8,58,P01_109_58,peel potato,peel,potato,['potato'],5182,9529,5181.0,9528.0,0.0,7132.0,right,new_contact_episode,8679,12,178,"[248.0, 123.0, 282.0, 171.0]",4.441283401950858,grabcut_fallback,bbox_fallback,fallback_lk,cotracker_weighted_affine,False,0.9166666666666666,30,30,28,0.9333333333333333,1.3517158031463623,4,0.0,1755.0,success,361,1.0,,7131.0,earliest_reliable_tracked_reference_no_pre_gap,1.0,cotracker_weighted_affine,success,4,0.0,0.244,,,,,,,success,keep,,5.1974485259056085,/Users/huhu/Documents/Code/bishe/vrb/vrbreproduction/outputs/100subaction-e8/experiments/E8/pipeline_outputs/subaction_58_P01_109_58/candidate_00_frame_007132_right,/Users/huhu/Documents/Code/bishe/vrb/vrbreproduction/outputs/100subaction-e8/experiments/E8/pipeline_outputs/subaction_58_P01_109_58/candidate_00_frame_007132_right,/Users/huhu/Documents/Code/bishe/vrb/vrbreproduction/outputs/100subaction-e8/experiments/E8/pipeline_outputs/subaction_58_P01_109_58/candidate_00_frame_007132_right/reference_frame.png,/Users/huhu/Documents/Code/bishe/vrb/vrbreproduction/outputs/100subaction-e8/experiments/E8/pipeline_outputs/subaction_58_P01_109_58/candidate_00_frame_007132_right/label_heatmap_merged_overlay.png,/Users/huhu/Documents/Code/bishe/vrb/vrbreproduction/outputs/100subaction-e8/experiments/E8/pipeline_outputs/subaction_58_P01_109_58/candidate_00_frame_007132_right/vrb_style_affordance.png,6.0,0.0,"[245.91, 138.36, 285.38, 182.52]",/Users/huhu/Documents/Code/bishe/vrb/vrbreproduction/outputs/100subaction-e8/experiments/E8/pipeline_outputs/subaction_58_P01_109_58/candidate_00_frame_007132_right/label_heatmap_merged.npy,/Users/huhu/Documents/Code/bishe/vrb/vrbreproduction/outputs/100subaction-e8/experiments/E8/pipeline_outputs/subaction_58_P01_109_58/candidate_00_frame_007132_right/label_heatmap_merged.png,/Users/huhu/Documents/Code/bishe/vrb/vrbreproduction/outputs/100subaction-e8/experiments/E8/pipeline_outputs/subaction_58_P01_109_58/candidate_00_frame_007132_right/mask_projection_overlay.png,"(256, 456)",isotropic_e7,True,False
E8,58,P01_109_58,peel potato,peel,potato,['potato'],5182,9529,5181.0,9528.0,1.0,7133.0,right,new_contact_episode,8679,12,225,"[249.0, 121.0, 283.0, 166.0]",4.559114537372809,grabcut_fallback,bbox_fallback,fallback_lk,cotracker_weighted_affine,False,0.9777777777777779,30,27,24,0.8888888888888888,0.8133857250213623,5,0.0,1598.0,success,361,1.0,,7132.0,earliest_reliable_tracked_reference_no_pre_gap,1.0,cotracker_weighted_affine,success,5,0.0,0.2508444444444444,,,,,,,success,keep,,5.559998428249358,/Users/huhu/Documents/Code/bishe/vrb/vrbreproduction/outputs/100subaction-e8/experiments/E8/pipeline_outputs/subaction_58_P01_109_58/candidate_01_frame_007133_right,/Users/huhu/Documents/Code/bishe/vrb/vrbreproduction/outputs/100subaction-e8/experiments/E8/pipeline_outputs/subaction_58_P01_109_58/candidate_01_frame_007133_right,/Users/huhu/Documents/Code/bishe/vrb/vrbreproduction/outputs/100subaction-e8/experiments/E8/pipeline_outputs/subaction_58_P01_109_58/candidate_01_frame_007133_right/reference_frame.png,/Users/huhu/Documents/Code/bishe/vrb/vrbreproduction/outputs/100subaction-e8/experiments/E8/pipeline_outputs/subaction_58_P01_109_58/candidate_01_frame_007133_right/label_heatmap_merged_overlay.png,/Users/huhu/Documents/Code/bishe/vrb/vrbreproduction/outputs/100subaction-e8/experiments/E8/pipeline_outputs/subaction_58_P01_109_58/candidate_01_frame_007133_right/vrb_style_affordance.png,6.0,0.0,"[248.28, 122.76, 282.35, 169.58]",/Users/huhu/Documents/Code/bishe/vrb/vrbreproduction/outputs/100subaction-e8/experiments/E8/pipeline_outputs/subaction_58_P01_109_58/candidate_01_frame_007133_right/label_heatmap_merged.npy,/Users/huhu/Documents/Code/bishe/vrb/vrbreproduction/outputs/100subaction-e8/experiments/E8/pipeline_outputs/subaction_58_P01_109_58/candidate_01_frame_007133_right/label_heatmap_merged.png,/Users/huhu/Documents/Code/bishe/vrb/vrbreproduction/outputs/100subaction-e8/experiments/E8/pipeline_outputs/subaction_58_P01_109_58/candidate_01_frame_007133_right/mask_projection_overlay.png,"(256, 456)",isotropic_e7,True,False
E8,58,P01_109_58,peel potato,peel,potato,['potato'],5182,9529,5181.0,9528.0,2.0,7134.0,right,new_contact_episode,8679,12,252,"[245.0, 120.0, 284.0, 183.0]",4.763422800537727,grabcut_fallback,bbox_fallback,fallback_lk,cotracker_weighted_affine,False,1.0,30,30,30,1.0,0.9412190914154053,5,0.0,1785.0,success,361,1.0,,7133.0,earliest_reliable_tracked_reference_no_pre_gap,1.0,cotracker_weighted_affine,success,5,0.0,0.23524444444444445,,,,,,,success,keep,,5.66289676059087,/Users/huhu/Documents/Code/bishe/vrb/vrbreproduction/outputs/100subaction-e8/experiments/E8/pipeline_outputs/subaction_58_P01_109_58/candidate_02_frame_007134_right,/Users/huhu/Documents/Code/bishe/vrb/vrbreproduction/outputs/100subaction-e8/experiments/E8/pipeline_outputs/subaction_58_P01_109_58/candidate_02_frame_007134_right,/Users/huhu/Documents/Code/bishe/vrb/vrbreproduction/outputs/100subaction-e8/experiments/E8/pipeline_outputs/subaction_58_P01_109_58/candidate_02_frame_007134_right/reference_frame.png,/Users/huhu/Documents/Code/bishe/vrb/vrbreproduction/outputs/100subaction-e8/experiments/E8/pipeline_outputs/subaction_58_P01_109_58/candidate_02_frame_007134_right/label_heatmap_merged_overlay.png,/Users/huhu/Documents/Code/bishe/vrb/vrbreproduction/outputs/100subaction-e8/experiments/E8/pipeline_outputs/subaction_58_P01_109_58/candidate_02_frame_007134_right/vrb_style_affordance.png,6.0,0.0,"[247.71, 121.3, 283.39, 172.14]",/Users/huhu/Documents/Code/bishe/vrb/vrbreproduction/outputs/100subaction-e8/experiments/E8/pipeline_outputs/subaction_58_P01_109_58/candidate_02_frame_007134_right/label_heatmap_merged.npy,/Users/huhu/Documents/Code/bishe/vrb/vrbreproduction/outputs/100subaction-e8/experiments/E8/pipeline_outputs/subaction_58_P01_109_58/candidate_02_frame_007134_right/label_heatmap_merged.png,/Users/huhu/Documents/Code/bishe/vrb/vrbreproduction/outputs/100subaction-e8/experiments/E8/pipeline_outputs/subaction_58_P01_109_58/candidate_02_frame_007134_right/mask_projection_overlay.png,"(256, 456)",isotropic_e7,True,True
E8,58,P01_109_58,peel potato,peel,potato,['potato'],5182,9529,5181.0,9528.0,3.0,7151.0,right,new_contact_episode,8679,12,234,"[210.0, 107.0, 253.0, 162.0]",4.422902773451706,grabcut_fallback,bbox_fallback,fallback_lk,cotracker_weighted_affine,False,0.8827586206896552,30,29,12,0.41379310344827586,1.6611820459365845,5,0.0,2900.0,success,361,1.0,,7096.0,earliest_reliable_tracked_reference_no_pre_gap,55.0,cotracker_weighted_affine,success,5,0.0,0.36977777777777776,,,,,,,success,keep,,4.675842699541442,/Users/huhu/Documents/Code/bishe/vrb/vrbreproduction/outputs/100subaction-e8/experiments/E8/pipeline_outputs/subaction_58_P01_109_58/candidate_03_frame_007151_right,/Users/huhu/Documents/Code/bishe/vrb/vrbreproduction/outputs/100subaction-e8/experiments/E8/pipeline_outputs/subaction_58_P01_109_58/candidate_03_frame_007151_right,/Users/huhu/Documents/Code/bishe/vrb/vrbreproduction/outputs/100subaction-e8/experiments/E8/pipeline_outputs/subaction_58_P01_109_58/candidate_03_frame_007151_right/reference_frame.png,/Users/huhu/Documents/Code/bishe/vrb/vrbreproduction/outputs/100subaction-e8/experiments/E8/pipeline_outputs/subaction_58_P01_109_58/candidate_03_frame_007151_right/label_heatmap_merged_overlay.png,/Users/huhu/Documents/Code/bishe/vrb/vrbreproduction/outputs/100subaction-e8/experiments/E8/pipeline_outputs/subaction_58_P01_109_58/candidate_03_frame_007151_right/vrb_style_affordance.png,6.0,0.0,"[189.99, 104.15, 240.32, 162.35]",/Users/huhu/Documents/Code/bishe/vrb/vrbreproduction/outputs/100subaction-e8/experiments/E8/pipeline_outputs/subaction_58_P01_109_58/candidate_03_frame_007151_right/label_heatmap_merged.npy,/Users/huhu/Documents/Code/bishe/vrb/vrbreproduction/outputs/100subaction-e8/experiments/E8/pipeline_outputs/subaction_58_P01_109_58/candidate_03_frame_007151_right/label_heatmap_merged.png,/Users/huhu/Documents/Code/bishe/vrb/vrbreproduction/outputs/100subaction-e8/experiments/E8/pipeline_outputs/subaction_58_P01_109_58/candidate_03_frame_007151_right/mask_projection_overlay.png,"(256, 456)",isotropic_e7,True,False
E8,58,P01_109_58,peel potato,peel,potato,['potato'],5182,9529,5181.0,9528.0,4.0,7152.0,right,new_contact_episode,8679,12,185,"[224.0, 107.0, 255.0, 152.0]",4.973630113301866,grabcut_fallback,bbox_fallback,fallback_lk,cotracker_weighted_affine,False,1.0,30,30,30,1.0,0.12875047326087952,5,0.0,1989.0,success,361,1.0,,7151.0,earliest_reliable_tracked_reference_no_pre_gap,1.0,cotracker_weighted_affine,success,5,0.0,0.3373333333333333,,,,,,,success,keep,,5.534137485802172,/Users/huhu/Documents/Code/bishe/vrb/vrbreproduction/outputs/100subaction-e8/experiments/E8/pipeline_outputs/subaction_58_P01_109_58/candidate_04_frame_007152_right,/Users/huhu/Documents/Code/bishe/vrb/vrbreproduction/outputs/100subaction-e8/experiments/E8/pipeline_outputs/subaction_58_P01_109_58/candidate_04_frame_007152_right,/Users/huhu/Documents/Code/bishe/vrb/vrbreproduction/outputs/100subaction-e8/experiments/E8/pipeline_outputs/subaction_58_P01_109_58/candidate_04_frame_007152_right/reference_frame.png,/Users/huhu/Documents/Code/bishe/vrb/vrbreproduction/outputs/100subaction-e8/experiments/E8/pipeline_outputs/subaction_58_P01_109_58/candidate_04_frame_007152_right/label_heatmap_merged_overlay.png,/Users/huhu/Documents/Code/bishe/vrb/vrbreproduction/outputs/100subaction-e8/experiments/E8/pipeline_outputs/subaction_58_P01_109_58/candidate_04_frame_007152_right/vrb_style_affordance.png,6.0,0.0,"[214.84, 107.02, 253.58, 158.41]",/Users/huhu/Documents/Code/bishe/vrb/vrbreproduction/outputs/100subaction-e8/experiments/E8/pipeline_outputs/subaction_58_P01_109_58/candidate_04_frame_007152_right/label_heatmap_merged.npy,/Users/huhu/Documents/Code/bishe/vrb/vrbreproduction/outputs/100subaction-e8/experiments/E8/pipeline_outputs/subaction_58_P01_109_58/candidate_04_frame_007152_right/label_heatmap_merged.png,/Users/huhu/Documents/Code/bishe/vrb/vrbreproduction/outputs/100subaction-e8/experiments/E8/pipeline_outputs/subaction_58_P01_109_58/candidate_04_frame_007152_right/mask_projection_overlay.png,"(256, 456)",isotropic_e7,True,True
E8,58,P01_109_58,peel potato,peel,potato,['potato'],5182,9529,5181.0,9528.0,5.0,7153.0,right,new_contact_episode,8679,12,163,"[220.0, 107.0, 254.0, 154.0]",5.0197956380696125,grabcut_fallback,bbox_fallback,fallback_lk,cotracker_weighted_affine,False,1.0,30,30,30,1.0,0.15764372050762177,5,0.0,1472.0,success,361,1.0,,7152.0,earliest_reliable_tracked_reference_no_pre_gap,1.0,cotracker_weighted_affine,success,5,0.0,0.3374666666666667,,,,,,,success,keep,,5.53307068838477,/Users/huhu/Documents/Code/bishe/vrb/vrbreproduction/outputs/100subaction-e8/experiments/E8/pipeline_outputs/subaction_58_P01_109_58/candidate_05_frame_007153_right,/Users/huhu/Documents/Code/bishe/vrb/vrbreproduction/outputs/100subaction-e8/experiments/E8/pipeline_outputs/subaction_58_P01_109_58/candidate_05_frame_007153_right,/Users/huhu/Documents/Code/bishe/vrb/vrbreproduction/outputs/100subaction-e8/experiments/E8/pipeline_outputs/subaction_58_P01_109_58/candidate_05_frame_007153_right/reference_frame.png,/Users/huhu/Documents/Code/bishe/vrb/vrbreproduction/outputs/100subaction-e8/experiments/E8/pipeline_outputs/subaction_58_P01_109_58/candidate_05_frame_007153_right/label_heatmap_merged_overlay.png,/Users/huhu/Documents/Code/bishe/vrb/vrbreproduction/outputs/100subaction-e8/experiments/E8/pipeline_outputs/subaction_58_P01_109_58/candidate_05_frame_007153_right/vrb_style_affordance.png,6.0,0.0,"[222.62, 106.92, 254.63, 152.54]",/Users/huhu/Documents/Code/bishe/vrb/vrbreproduction/outputs/100subaction-e8/experiments/E8/pipeline_outputs/subaction_58_P01_109_58/candidate_05_frame_007153_right/label_heatmap_merged.npy,/Users/huhu/Documents/Code/bishe/vrb/vrbreproduction/outputs/100subaction-e8/experiments/E8/pipeline_outputs/subaction_58_P01_109_58/candidate_05_frame_007153_right/label_heatmap_merged.png,/Users/huhu/Documents/Code/bishe/vrb/vrbreproduction/outputs/100subaction-e8/experiments/E8/pipeline_outputs/subaction_58_P01_109_58/candidate_05_frame_007153_right/mask_projection_overlay.png,"(256, 456)",isotropic_e7,True,False
E8,58,P01_109_58,peel potato,peel,potato,['potato'],5182,9529,5181.0,9528.0,6.0,7235.0,right,new_contact_episode,8679,12,144,"[247.0, 118.0, 279.0, 161.0]",3.808769616182274,grabcut_fallback,bbox_fallback,fallback_lk,cotracker_weighted_affine,False,0.9500000000000001,30,20,15,0.75,1.2494573593139648,5,0.0,1800.0,success,361,1.0,,7228.0,earliest_reliable_tracked_reference_no_pre_gap,7.0,cotracker_weighted_affine,success,5,0.0,0.28142222222222224,,,,,,,success,keep,,5.360882945887248,/Users/huhu/Documents/Code/bishe/vrb/vrbreproduction/outputs/100subaction-e8/experiments/E8/pipeline_outputs/subaction_58_P01_109_58/candidate_06_frame_007235_right,/Users/huhu/Documents/Code/bishe/vrb/vrbreproduction/outputs/100subaction-e8/experiments/E8/pipeline_outputs/subaction_58_P01_109_58/candidate_06_frame_007235_right,/Users/huhu/Documents/Code/bishe/vrb/vrbreproduction/outputs/100subaction-e8/experiments/E8/pipeline_outputs/subaction_58_P01_109_58/candidate_06_frame_007235_right/reference_frame.png,/Users/huhu/Documents/Code/bishe/vrb/vrbreproduction/outputs/100subaction-e8/experiments/E8/pipeline_outputs/subaction_58_P01_109_58/candidate_06_frame_007235_right/label_heatmap_merged_overlay.png,/Users/huhu/Documents/Code/bishe/vrb/vrbreproduction/outputs/100subaction-e8/experiments/E8/pipeline_outputs/subaction_58_P01_109_58/candidate_06_frame_007235_right/vrb_style_affordance.png,6.0,0.0,"[235.57, 121.45, 271.79, 171.5]",/Users/huhu/Documents/Code/bishe/vrb/vrbreproduction/outputs/100subaction-e8/experiments/E8/pipeline_outputs/subaction_58_P01_109_58/candidate_06_frame_007235_right/label_heatmap_merged.npy,/Users/huhu/Documents/Code/bishe/vrb/vrbreproduction/outputs/100subaction-e8/experiments/E8/pipeline_outputs/subaction_58_P01_109_58/candidate_06_frame_007235_right/label_heatmap_merged.png,/Users/huhu/Documents/Code/bishe/vrb/vrbreproduction/outputs/100subaction-e8/experiments/E8/pipeline_outputs/subaction_58_P01_109_58/candidate_06_frame_007235_right/mask_projection_overlay.png,"(256, 456)",isotropic_e7,False,False
E8,58,P01_109_58,peel potato,peel,potato,['potato'],5182,9529,5181.0,9528.0,7.0,7236.0,right,new_contact_episode,8679,12,126,"[251.0, 125.0, 280.0, 155.0]",4.202673503241113,grabcut_fallback,bbox_fallback,fallback_lk,cotracker_weighted_affine,False,1.0,30,29,29,1.0,1.2434602975845337,5,0.0,1209.0,success,361,1.0,,7235.0,earliest_reliable_tracked_reference_no_pre_gap,1.0,cotracker_weighted_affine,success,5,0.0,0.25,,,,,,,success,keep,,5.6316961910724626,/Users/huhu/Documents/Code/bishe/vrb/vrbreproduction/outputs/100subaction-e8/experiments/E8/pipeline_outputs/subaction_58_P01_109_58/candidate_07_frame_007236_right,/Users/huhu/Documents/Code/bishe/vrb/vrbreproduction/outputs/100subaction-e8/experiments/E8/pipeline_outputs/subaction_58_P01_109_58/candidate_07_frame_007236_right,/Users/huhu/Documents/Code/bishe/vrb/vrbreproduction/outputs/100subaction-e8/experiments/E8/pipeline_outputs/subaction_58_P01_109_58/candidate_07_frame_007236_right/reference_frame.png,/Users/huhu/Documents/Code/bishe/vrb/vrbreproduction/outputs/100subaction-e8/experiments/E8/pipeline_outputs/subaction_58_P01_109_58/candidate_07_frame_007236_right/label_heatmap_merged_overlay.png,/Users/huhu/Documents/Code/bishe/vrb/vrbreproduction/outputs/100subaction-e8/experiments/E8/pipeline_outputs/subaction_58_P01_109_58/candidate_07_frame_007236_right/vrb_style_affordance.png,6.0,0.0,"[247.62, 121.09, 278.82, 159.73]",/Users/huhu/Documents/Code/bishe/vrb/vrbreproduction/outputs/100subaction-e8/experiments/E8/pipeline_outputs/subaction_58_P01_109_58/candidate_07_frame_007236_right/label_heatmap_merged.npy,/Users/huhu/Documents/Code/bishe/vrb/vrbreproduction/outputs/100subaction-e8/experiments/E8/pipeline_outputs/subaction_58_P01_109_58/candidate_07_frame_007236_right/label_heatmap_merged.png,/Users/huhu/Documents/Code/bishe/vrb/vrbreproduction/outputs/100subaction-e8/experiments/E8/pipeline_outputs/subaction_58_P01_109_58/candidate_07_frame_007236_right/mask_projection_overlay.png,"(256, 456)",isotropic_e7,True,False
E8,58,P01_109_58,peel potato,peel,potato,['potato'],5182,9529,5181.0,9528.0,8.0,7237.0,right,new_contact_episode,8679,12,93,"[251.0, 123.0, 280.0, 154.0]",4.157636026847712,grabcut_fallback,bbox_fallback,fallback_lk,cotracker_weighted_affine,False,1.0,30,30,30,1.0,0.7628183364868164,5,0.0,870.0,success,361,1.0,,7236.0,earliest_reliable_tracked_reference_no_pre_gap,1.0,cotracker_weighted_affine,success,5,0.0,0.23982222222222221,,,,,,,success,keep,,5.66138211657206,/Users/huhu/Documents/Code/bishe/vrb/vrbreproduction/outputs/100subaction-e8/experiments/E8/pipeline_outputs/subaction_58_P01_109_58/candidate_08_frame_007237_right,/Users/huhu/Documents/Code/bishe/vrb/vrbreproduction/outputs/100subaction-e8/experiments/E8/pipeline_outputs/subaction_58_P01_109_58/candidate_08_frame_007237_right,/Users/huhu/Documents/Code/bishe/vrb/vrbreproduction/outputs/100subaction-e8/experiments/E8/pipeline_outputs/subaction_58_P01_109_58/candidate_08_frame_007237_right/reference_frame.png,/Users/huhu/Documents/Code/bishe/vrb/vrbreproduction/outputs/100subaction-e8/experiments/E8/pipeline_outputs/subaction_58_P01_109_58/candidate_08_frame_007237_right/label_heatmap_merged_overlay.png,/Users/huhu/Documents/Code/bishe/vrb/vrbreproduction/outputs/100subaction-e8/experiments/E8/pipeline_outputs/subaction_58_P01_109_58/candidate_08_frame_007237_right/vrb_style_affordance.png,6.0,0.0,"[251.03, 124.92, 279.59, 154.79]",/Users/huhu/Documents/Code/bishe/vrb/vrbreproduction/outputs/100subaction-e8/experiments/E8/pipeline_outputs/subaction_58_P01_109_58/candidate_08_frame_007237_right/label_heatmap_merged.npy,/Users/huhu/Documents/Code/bishe/vrb/vrbreproduction/outputs/100subaction-e8/experiments/E8/pipeline_outputs/subaction_58_P01_109_58/candidate_08_frame_007237_right/label_heatmap_merged.png,/Users/huhu/Documents/Code/bishe/vrb/vrbreproduction/outputs/100subaction-e8/experiments/E8/pipeline_outputs/subaction_58_P01_109_58/candidate_08_frame_007237_right/mask_projection_overlay.png,"(256, 456)",isotropic_e7,True,True
E8,58,P01_109_58,peel potato,peel,potato,['potato'],5182,9529,5181.0,9528.0,9.0,7745.0,right,new_contact_episode,8679,12,35,"[244.0, 100.0, 266.0, 126.0]",3.0988407405248437,grabcut_fallback,bbox_fallback,fallback_lk,cotracker_weighted_affine,False,0.9076923076923078,30,13,7,0.5384615384615384,0.8734825849533081,5,0.0,2650.0,success,361,1.0,,7713.0,earliest_reliable_tracked_reference_no_pre_gap,32.0,cotracker_weighted_affine,success,5,0.0,0.34071111111111113,,,,,,,success,keep,,4.974575009630888,/Users/huhu/Documents/Code/bishe/vrb/vrbreproduction/outputs/100subaction-e8/experiments/E8/pipeline_outputs/subaction_58_P01_109_58/candidate_09_frame_007745_right,/Users/huhu/Documents/Code/bishe/vrb/vrbreproduction/outputs/100subaction-e8/experiments/E8/pipeline_outputs/subaction_58_P01_109_58/candidate_09_frame_007745_right,/Users/huhu/Documents/Code/bishe/vrb/vrbreproduction/outputs/100subaction-e8/experiments/E8/pipeline_outputs/subaction_58_P01_109_58/candidate_09_frame_007745_right/reference_frame.png,/Users/huhu/Documents/Code/bishe/vrb/vrbreproduction/outputs/100subaction-e8/experiments/E8/pipeline_outputs/subaction_58_P01_109_58/candidate_09_frame_007745_right/label_heatmap_merged_overlay.png,/Users/huhu/Documents/Code/bishe/vrb/vrbreproduction/outputs/100subaction-e8/experiments/E8/pipeline_outputs/subaction_58_P01_109_58/candidate_09_frame_007745_right/vrb_style_affordance.png,6.0,0.0,"[171.98, 113.01, 224.94, 163.33]",/Users/huhu/Documents/Code/bishe/vrb/vrbreproduction/outputs/100subaction-e8/experiments/E8/pipeline_outputs/subaction_58_P01_109_58/candidate_09_frame_007745_right/label_heatmap_merged.npy,/Users/huhu/Documents/Code/bishe/vrb/vrbreproduction/outputs/100subaction-e8/experiments/E8/pipeline_outputs/subaction_58_P01_109_58/candidate_09_frame_007745_right/label_heatmap_merged.png,/Users/huhu/Documents/Code/bishe/vrb/vrbreproduction/outputs/100subaction-e8/experiments/E8/pipeline_outputs/subaction_58_P01_109_58/candidate_09_frame_007745_right/mask_projection_overlay.png,"(256, 456)",isotropic_e7,True,False
E8,58,P01_109_58,peel potato,peel,potato,['potato'],5182,9529,5181.0,9528.0,10.0,7746.0,right,new_contact_episode,8679,12,0,"[166.0, 113.0, 219.0, 168.0]",1.1513063019662872,,,,,False,,0,0,0,,,0,,,not_run,0,0.0,,,,,,not_run,0,,,,,,,,,not_run,discard,contact_points_lt5_after_object_boundary_filter,,/Users/huhu/Documents/Code/bishe/vrb/vrbreproduction/outputs/100subaction-e8/experiments/E8/pipeline_outputs/subaction_58_P01_109_58/candidate_10_frame_007746_right,,,,,,,,,,,,,,False
E8,58,P01_109_58,peel potato,peel,potato,['potato'],5182,9529,5181.0,9528.0,11.0,7747.0,right,new_contact_episode,8679,12,0,"[167.0, 114.0, 217.0, 168.0]",1.1402400880454637,,,,,False,,0,0,0,,,0,,,not_run,0,0.0,,,,,,not_run,0,,,,,,,,,not_run,discard,contact_points_lt5_after_object_boundary_filter,,/Users/huhu/Documents/Code/bishe/vrb/vrbreproduction/outputs/100subaction-e8/experiments/E8/pipeline_outputs/subaction_58_P01_109_58/candidate_11_frame_007747_right,,,,,,,,,,,,,,False
E8,59,P01_109_59,put down potato,put-down,potato,,9494,9582,,,,,,,178,0,0,,,,,,,False,,0,0,0,,,0,,,not_run,0,0.0,,,,,,not_run,0,,,,,,,,,not_run,discard,continuation_contact_run,,,,,,,,,,,,,,,,False
E8,60,P01_109_60,put down peeler,put-down,peeler,,9586,9607,,,,,,,31,0,0,,,,,,,False,,0,0,0,,,0,,,not_run,0,0.0,,,,,,not_run,0,,,,,,,,,not_run,discard,continuation_contact_run,,,,,,,,,,,,,,,,False
E8,61,P01_109_61,pick up knife,pick-up,knife,['knife'],9668,9762,9667.0,9761.0,0.0,9689.0,right,new_contact_episode,3,3,0,,,,,,,False,,0,0,0,,,0,,,not_run,0,0.0,,,,,,not_run,0,,,,,,,,,not_run,discard,missing_hand_or_object_bbox,,/Users/huhu/Documents/Code/bishe/vrb/vrbreproduction/outputs/100subaction-e8/experiments/E8/pipeline_outputs/subaction_61_P01_109_61/candidate_00_frame_009689_right,,,,,,,,,,,,,,False
E8,61,P01_109_61,pick up knife,pick-up,knife,['knife'],9668,9762,9667.0,9761.0,1.0,9690.0,right,new_contact_episode,3,3,0,,,,,,,False,,0,0,0,,,0,,,not_run,0,0.0,,,,,,not_run,0,,,,,,,,,not_run,discard,missing_hand_or_object_bbox,,/Users/huhu/Documents/Code/bishe/vrb/vrbreproduction/outputs/100subaction-e8/experiments/E8/pipeline_outputs/subaction_61_P01_109_61/candidate_01_frame_009690_right,,,,,,,,,,,,,,False
E8,61,P01_109_61,pick up knife,pick-up,knife,['knife'],9668,9762,9667.0,9761.0,2.0,9691.0,right,new_contact_episode,3,3,0,,,,,,,False,,0,0,0,,,0,,,not_run,0,0.0,,,,,,not_run,0,,,,,,,,,not_run,discard,missing_hand_or_object_bbox,,/Users/huhu/Documents/Code/bishe/vrb/vrbreproduction/outputs/100subaction-e8/experiments/E8/pipeline_outputs/subaction_61_P01_109_61/candidate_02_frame_009691_right,,,,,,,,,,,,,,False
E8,62,P01_109_62,grab potato,grab,potato,,9805,9835,,,,,,,62,0,0,,,,,,,False,,0,0,0,,,0,,,not_run,0,0.0,,,,,,not_run,0,,,,,,,,,not_run,discard,continuation_contact_run,,,,,,,,,,,,,,,,False
E8,63,P01_109_63,cut potato,cut,potato,,9831,10125,,,,,,,590,0,0,,,,,,,False,,0,0,0,,,0,,,not_run,0,0.0,,,,,,not_run,0,,,,,,,,,not_run,discard,continuation_contact_run,,,,,,,,,,,,,,,,False
E8,64,P01_109_64,pick up potato bit,pick-up,bit:potato,['bit:potato'],10119,10183,10118.0,10182.0,0.0,10144.0,left,new_contact_episode,95,7,42,"[181.0, 111.0, 231.0, 155.0]",3.2588654438886087,grabcut_fallback,bbox_fallback,fallback_lk,cotracker_weighted_affine,False,1.0,36,36,36,1.0,0.08928553760051727,5,0.0,2244.0,success,361,0.955671625,,10143.0,earliest_reliable_tracked_reference_no_pre_gap,1.0,cotracker_weighted_affine,success,5,0.0,0.13995555555555556,,,,,,,success,keep,,5.83138810053865,/Users/huhu/Documents/Code/bishe/vrb/vrbreproduction/outputs/100subaction-e8/experiments/E8/pipeline_outputs/subaction_64_P01_109_64/candidate_00_frame_010144_left,/Users/huhu/Documents/Code/bishe/vrb/vrbreproduction/outputs/100subaction-e8/experiments/E8/pipeline_outputs/subaction_64_P01_109_64/candidate_00_frame_010144_left,/Users/huhu/Documents/Code/bishe/vrb/vrbreproduction/outputs/100subaction-e8/experiments/E8/pipeline_outputs/subaction_64_P01_109_64/candidate_00_frame_010144_left/reference_frame.png,/Users/huhu/Documents/Code/bishe/vrb/vrbreproduction/outputs/100subaction-e8/experiments/E8/pipeline_outputs/subaction_64_P01_109_64/candidate_00_frame_010144_left/label_heatmap_merged_overlay.png,/Users/huhu/Documents/Code/bishe/vrb/vrbreproduction/outputs/100subaction-e8/experiments/E8/pipeline_outputs/subaction_64_P01_109_64/candidate_00_frame_010144_left/vrb_style_affordance.png,6.0,0.0,"[180.93, 109.94, 231.96, 154.36]",/Users/huhu/Documents/Code/bishe/vrb/vrbreproduction/outputs/100subaction-e8/experiments/E8/pipeline_outputs/subaction_64_P01_109_64/candidate_00_frame_010144_left/label_heatmap_merged.npy,/Users/huhu/Documents/Code/bishe/vrb/vrbreproduction/outputs/100subaction-e8/experiments/E8/pipeline_outputs/subaction_64_P01_109_64/candidate_00_frame_010144_left/label_heatmap_merged.png,/Users/huhu/Documents/Code/bishe/vrb/vrbreproduction/outputs/100subaction-e8/experiments/E8/pipeline_outputs/subaction_64_P01_109_64/candidate_00_frame_010144_left/mask_projection_overlay.png,"(256, 456)",isotropic_e7,False,True
E8,64,P01_109_64,pick up potato bit,pick-up,bit:potato,['bit:potato'],10119,10183,10118.0,10182.0,1.0,10145.0,left,new_contact_episode,95,7,39,"[180.0, 111.0, 230.0, 155.0]",3.2457160766457482,grabcut_fallback,bbox_fallback,fallback_lk,cotracker_weighted_affine,False,1.0,36,36,36,1.0,0.7430921792984009,5,0.0,2244.0,success,361,0.955671625,,10143.0,earliest_reliable_tracked_reference_no_pre_gap,2.0,cotracker_weighted_affine,success,5,0.0,0.13995555555555556,,,,,,,success,keep,,5.805773901287713,/Users/huhu/Documents/Code/bishe/vrb/vrbreproduction/outputs/100subaction-e8/experiments/E8/pipeline_outputs/subaction_64_P01_109_64/candidate_01_frame_010145_left,/Users/huhu/Documents/Code/bishe/vrb/vrbreproduction/outputs/100subaction-e8/experiments/E8/pipeline_outputs/subaction_64_P01_109_64/candidate_01_frame_010145_left,/Users/huhu/Documents/Code/bishe/vrb/vrbreproduction/outputs/100subaction-e8/experiments/E8/pipeline_outputs/subaction_64_P01_109_64/candidate_01_frame_010145_left/reference_frame.png,/Users/huhu/Documents/Code/bishe/vrb/vrbreproduction/outputs/100subaction-e8/experiments/E8/pipeline_outputs/subaction_64_P01_109_64/candidate_01_frame_010145_left/label_heatmap_merged_overlay.png,/Users/huhu/Documents/Code/bishe/vrb/vrbreproduction/outputs/100subaction-e8/experiments/E8/pipeline_outputs/subaction_64_P01_109_64/candidate_01_frame_010145_left/vrb_style_affordance.png,6.0,0.0,"[180.8, 109.79, 231.94, 154.34]",/Users/huhu/Documents/Code/bishe/vrb/vrbreproduction/outputs/100subaction-e8/experiments/E8/pipeline_outputs/subaction_64_P01_109_64/candidate_01_frame_010145_left/label_heatmap_merged.npy,/Users/huhu/Documents/Code/bishe/vrb/vrbreproduction/outputs/100subaction-e8/experiments/E8/pipeline_outputs/subaction_64_P01_109_64/candidate_01_frame_010145_left/label_heatmap_merged.png,/Users/huhu/Documents/Code/bishe/vrb/vrbreproduction/outputs/100subaction-e8/experiments/E8/pipeline_outputs/subaction_64_P01_109_64/candidate_01_frame_010145_left/mask_projection_overlay.png,"(256, 456)",isotropic_e7,True,False
E8,64,P01_109_64,pick up potato bit,pick-up,bit:potato,['bit:potato'],10119,10183,10118.0,10182.0,2.0,10146.0,left,new_contact_episode,95,7,40,"[181.0, 111.0, 229.0, 156.0]",3.245140353099356,grabcut_fallback,bbox_fallback,fallback_lk,cotracker_weighted_affine,False,1.0,36,36,36,1.0,0.09713035821914673,5,0.0,2200.0,success,361,0.955671625,,10145.0,earliest_reliable_tracked_reference_no_pre_gap,1.0,cotracker_weighted_affine,success,5,0.0,0.14155555555555555,,,,,,,success,keep,,5.828752755920091,/Users/huhu/Documents/Code/bishe/vrb/vrbreproduction/outputs/100subaction-e8/experiments/E8/pipeline_outputs/subaction_64_P01_109_64/candidate_02_frame_010146_left,/Users/huhu/Documents/Code/bishe/vrb/vrbreproduction/outputs/100subaction-e8/experiments/E8/pipeline_outputs/subaction_64_P01_109_64/candidate_02_frame_010146_left,/Users/huhu/Documents/Code/bishe/vrb/vrbreproduction/outputs/100subaction-e8/experiments/E8/pipeline_outputs/subaction_64_P01_109_64/candidate_02_frame_010146_left/reference_frame.png,/Users/huhu/Documents/Code/bishe/vrb/vrbreproduction/outputs/100subaction-e8/experiments/E8/pipeline_outputs/subaction_64_P01_109_64/candidate_02_frame_010146_left/label_heatmap_merged_overlay.png,/Users/huhu/Documents/Code/bishe/vrb/vrbreproduction/outputs/100subaction-e8/experiments/E8/pipeline_outputs/subaction_64_P01_109_64/candidate_02_frame_010146_left/vrb_style_affordance.png,6.0,0.0,"[180.49, 110.78, 229.88, 155.22]",/Users/huhu/Documents/Code/bishe/vrb/vrbreproduction/outputs/100subaction-e8/experiments/E8/pipeline_outputs/subaction_64_P01_109_64/candidate_02_frame_010146_left/label_heatmap_merged.npy,/Users/huhu/Documents/Code/bishe/vrb/vrbreproduction/outputs/100subaction-e8/experiments/E8/pipeline_outputs/subaction_64_P01_109_64/candidate_02_frame_010146_left/label_heatmap_merged.png,/Users/huhu/Documents/Code/bishe/vrb/vrbreproduction/outputs/100subaction-e8/experiments/E8/pipeline_outputs/subaction_64_P01_109_64/candidate_02_frame_010146_left/mask_projection_overlay.png,"(256, 456)",isotropic_e7,True,True
E8,64,P01_109_64,pick up potato bit,pick-up,bit:potato,['bit:potato'],10119,10183,10118.0,10182.0,3.0,10173.0,left,new_contact_episode,95,7,0,"[263.0, 99.0, 319.0, 186.0]",0.8834057780655244,,,,,False,,0,0,0,,,0,,,not_run,0,0.0,,,,,,not_run,0,,,,,,,,,not_run,discard,contact_points_lt5_after_object_boundary_filter,,/Users/huhu/Documents/Code/bishe/vrb/vrbreproduction/outputs/100subaction-e8/experiments/E8/pipeline_outputs/subaction_64_P01_109_64/candidate_03_frame_010173_left,,,,,,,,,,,,,,False
E8,64,P01_109_64,pick up potato bit,pick-up,bit:potato,['bit:potato'],10119,10183,10118.0,10182.0,4.0,10174.0,left,new_contact_episode,95,7,0,"[262.0, 99.0, 319.0, 185.0]",0.8849421710991323,,,,,False,,0,0,0,,,0,,,not_run,0,0.0,,,,,,not_run,0,,,,,,,,,not_run,discard,contact_points_lt5_after_object_boundary_filter,,/Users/huhu/Documents/Code/bishe/vrb/vrbreproduction/outputs/100subaction-e8/experiments/E8/pipeline_outputs/subaction_64_P01_109_64/candidate_04_frame_010174_left,,,,,,,,,,,,,,False
E8,64,P01_109_64,pick up potato bit,pick-up,bit:potato,['bit:potato'],10119,10183,10118.0,10182.0,5.0,10175.0,left,new_contact_episode,95,7,0,"[263.0, 99.0, 319.0, 185.0]",0.8875036343807091,,,,,False,,0,0,0,,,0,,,not_run,0,0.0,,,,,,not_run,0,,,,,,,,,not_run,discard,contact_points_lt5_after_object_boundary_filter,,/Users/huhu/Documents/Code/bishe/vrb/vrbreproduction/outputs/100subaction-e8/experiments/E8/pipeline_outputs/subaction_64_P01_109_64/candidate_05_frame_010175_left,,,,,,,,,,,,,,False
E8,64,P01_109_64,pick up potato bit,pick-up,bit:potato,['bit:potato'],10119,10183,10118.0,10182.0,6.0,10182.0,left,new_contact_episode,95,7,131,"[76.0, 62.0, 311.0, 216.0]",2.741107615403114,grabcut_fallback,,,,False,,36,0,0,,,0,,,success,361,1.0,,,,,,failed,0,,,,,,,,,not_run,discard,mask_gate_failed,,/Users/huhu/Documents/Code/bishe/vrb/vrbreproduction/outputs/100subaction-e8/experiments/E8/pipeline_outputs/subaction_64_P01_109_64/candidate_06_frame_010182_left,,,,,6.0,0.0,,,,,,,,False
E8,65,P01_109_65,put down potato bit,put-down,bit:potato,['bit:potato'],10148,10191,10147.0,10190.0,0.0,10173.0,left,new_contact_episode,59,7,0,"[263.0, 99.0, 319.0, 186.0]",0.8834057780655244,,,,,False,,0,0,0,,,0,,,not_run,0,0.0,,,,,,not_run,0,,,,,,,,,not_run,discard,contact_points_lt5_after_object_boundary_filter,,/Users/huhu/Documents/Code/bishe/vrb/vrbreproduction/outputs/100subaction-e8/experiments/E8/pipeline_outputs/subaction_65_P01_109_65/candidate_00_frame_010173_left,,,,,,,,,,,,,,False
E8,65,P01_109_65,put down potato bit,put-down,bit:potato,['bit:potato'],10148,10191,10147.0,10190.0,1.0,10174.0,left,new_contact_episode,59,7,0,"[262.0, 99.0, 319.0, 185.0]",0.8849421710991323,,,,,False,,0,0,0,,,0,,,not_run,0,0.0,,,,,,not_run,0,,,,,,,,,not_run,discard,contact_points_lt5_after_object_boundary_filter,,/Users/huhu/Documents/Code/bishe/vrb/vrbreproduction/outputs/100subaction-e8/experiments/E8/pipeline_outputs/subaction_65_P01_109_65/candidate_01_frame_010174_left,,,,,,,,,,,,,,False
E8,65,P01_109_65,put down potato bit,put-down,bit:potato,['bit:potato'],10148,10191,10147.0,10190.0,2.0,10175.0,left,new_contact_episode,59,7,0,"[263.0, 99.0, 319.0, 185.0]",0.8875036343807091,,,,,False,,0,0,0,,,0,,,not_run,0,0.0,,,,,,not_run,0,,,,,,,,,not_run,discard,contact_points_lt5_after_object_boundary_filter,,/Users/huhu/Documents/Code/bishe/vrb/vrbreproduction/outputs/100subaction-e8/experiments/E8/pipeline_outputs/subaction_65_P01_109_65/candidate_02_frame_010175_left,,,,,,,,,,,,,,False
E8,65,P01_109_65,put down potato bit,put-down,bit:potato,['bit:potato'],10148,10191,10147.0,10190.0,3.0,10182.0,left,new_contact_episode,59,7,131,"[76.0, 62.0, 311.0, 216.0]",2.741107615403114,grabcut_fallback,,,,False,,36,0,0,,,0,,,success,361,1.0,,,,,,failed,0,,,,,,,,,not_run,discard,mask_gate_failed,,/Users/huhu/Documents/Code/bishe/vrb/vrbreproduction/outputs/100subaction-e8/experiments/E8/pipeline_outputs/subaction_65_P01_109_65/candidate_03_frame_010182_left,,,,,6.0,0.0,,,,,,,,False
E8,65,P01_109_65,put down potato bit,put-down,bit:potato,['bit:potato'],10148,10191,10147.0,10190.0,4.0,10184.0,left,new_contact_episode,59,7,153,"[127.0, 67.0, 293.0, 218.0]",2.9189062967848676,grabcut_fallback,bbox_fallback,fallback_lk,cotracker_weighted_affine,False,1.0,36,36,36,1.0,0.41953516006469727,5,0.0,24024.0,success,361,1.0,,10183.0,earliest_reliable_tracked_reference_no_pre_gap,1.0,cotracker_weighted_affine,success,5,0.0,0.0879111111111111,,,,,,,success,keep,,5.899547278531392,/Users/huhu/Documents/Code/bishe/vrb/vrbreproduction/outputs/100subaction-e8/experiments/E8/pipeline_outputs/subaction_65_P01_109_65/candidate_04_frame_010184_left,/Users/huhu/Documents/Code/bishe/vrb/vrbreproduction/outputs/100subaction-e8/experiments/E8/pipeline_outputs/subaction_65_P01_109_65/candidate_04_frame_010184_left,/Users/huhu/Documents/Code/bishe/vrb/vrbreproduction/outputs/100subaction-e8/experiments/E8/pipeline_outputs/subaction_65_P01_109_65/candidate_04_frame_010184_left/reference_frame.png,/Users/huhu/Documents/Code/bishe/vrb/vrbreproduction/outputs/100subaction-e8/experiments/E8/pipeline_outputs/subaction_65_P01_109_65/candidate_04_frame_010184_left/label_heatmap_merged_overlay.png,/Users/huhu/Documents/Code/bishe/vrb/vrbreproduction/outputs/100subaction-e8/experiments/E8/pipeline_outputs/subaction_65_P01_109_65/candidate_04_frame_010184_left/vrb_style_affordance.png,6.0,0.0,"[129.8, 63.85, 286.18, 218.24]",/Users/huhu/Documents/Code/bishe/vrb/vrbreproduction/outputs/100subaction-e8/experiments/E8/pipeline_outputs/subaction_65_P01_109_65/candidate_04_frame_010184_left/label_heatmap_merged.npy,/Users/huhu/Documents/Code/bishe/vrb/vrbreproduction/outputs/100subaction-e8/experiments/E8/pipeline_outputs/subaction_65_P01_109_65/candidate_04_frame_010184_left/label_heatmap_merged.png,/Users/huhu/Documents/Code/bishe/vrb/vrbreproduction/outputs/100subaction-e8/experiments/E8/pipeline_outputs/subaction_65_P01_109_65/candidate_04_frame_010184_left/mask_projection_overlay.png,"(256, 456)",isotropic_e7,True,True
E8,65,P01_109_65,put down potato bit,put-down,bit:potato,['bit:potato'],10148,10191,10147.0,10190.0,5.0,10185.0,left,new_contact_episode,59,7,101,"[144.0, 65.0, 283.0, 217.0]",2.8677759749927483,grabcut_fallback,bbox_fallback,fallback_lk,cotracker_weighted_affine,False,1.0,36,36,36,1.0,0.4866926670074463,5,0.0,24021.0,success,361,1.0,,10184.0,earliest_reliable_tracked_reference_no_pre_gap,1.0,cotracker_weighted_affine,success,5,0.0,0.09973333333333333,,,,,,,success,keep,,5.879799219989775,/Users/huhu/Documents/Code/bishe/vrb/vrbreproduction/outputs/100subaction-e8/experiments/E8/pipeline_outputs/subaction_65_P01_109_65/candidate_05_frame_010185_left,/Users/huhu/Documents/Code/bishe/vrb/vrbreproduction/outputs/100subaction-e8/experiments/E8/pipeline_outputs/subaction_65_P01_109_65/candidate_05_frame_010185_left,/Users/huhu/Documents/Code/bishe/vrb/vrbreproduction/outputs/100subaction-e8/experiments/E8/pipeline_outputs/subaction_65_P01_109_65/candidate_05_frame_010185_left/reference_frame.png,/Users/huhu/Documents/Code/bishe/vrb/vrbreproduction/outputs/100subaction-e8/experiments/E8/pipeline_outputs/subaction_65_P01_109_65/candidate_05_frame_010185_left/label_heatmap_merged_overlay.png,/Users/huhu/Documents/Code/bishe/vrb/vrbreproduction/outputs/100subaction-e8/experiments/E8/pipeline_outputs/subaction_65_P01_109_65/candidate_05_frame_010185_left/vrb_style_affordance.png,6.0,0.0,"[132.61, 65.33, 290.37, 217.91]",/Users/huhu/Documents/Code/bishe/vrb/vrbreproduction/outputs/100subaction-e8/experiments/E8/pipeline_outputs/subaction_65_P01_109_65/candidate_05_frame_010185_left/label_heatmap_merged.npy,/Users/huhu/Documents/Code/bishe/vrb/vrbreproduction/outputs/100subaction-e8/experiments/E8/pipeline_outputs/subaction_65_P01_109_65/candidate_05_frame_010185_left/label_heatmap_merged.png,/Users/huhu/Documents/Code/bishe/vrb/vrbreproduction/outputs/100subaction-e8/experiments/E8/pipeline_outputs/subaction_65_P01_109_65/candidate_05_frame_010185_left/mask_projection_overlay.png,"(256, 456)",isotropic_e7,True,False
E8,65,P01_109_65,put down potato bit,put-down,bit:potato,['bit:potato'],10148,10191,10147.0,10190.0,6.0,10186.0,left,new_contact_episode,59,7,142,"[132.0, 68.0, 287.0, 217.0]",2.9709032309591197,grabcut_fallback,bbox_fallback,fallback_lk,cotracker_weighted_affine,False,0.9888888888888889,36,36,34,0.9444444444444444,0.4248630404472351,5,0.0,24480.0,success,361,1.0,,10184.0,earliest_reliable_tracked_reference_no_pre_gap,2.0,cotracker_weighted_affine,success,5,0.0,0.09973333333333333,,,,,,,success,keep,,5.833987442119916,/Users/huhu/Documents/Code/bishe/vrb/vrbreproduction/outputs/100subaction-e8/experiments/E8/pipeline_outputs/subaction_65_P01_109_65/candidate_06_frame_010186_left,/Users/huhu/Documents/Code/bishe/vrb/vrbreproduction/outputs/100subaction-e8/experiments/E8/pipeline_outputs/subaction_65_P01_109_65/candidate_06_frame_010186_left,/Users/huhu/Documents/Code/bishe/vrb/vrbreproduction/outputs/100subaction-e8/experiments/E8/pipeline_outputs/subaction_65_P01_109_65/candidate_06_frame_010186_left/reference_frame.png,/Users/huhu/Documents/Code/bishe/vrb/vrbreproduction/outputs/100subaction-e8/experiments/E8/pipeline_outputs/subaction_65_P01_109_65/candidate_06_frame_010186_left/label_heatmap_merged_overlay.png,/Users/huhu/Documents/Code/bishe/vrb/vrbreproduction/outputs/100subaction-e8/experiments/E8/pipeline_outputs/subaction_65_P01_109_65/candidate_06_frame_010186_left/vrb_style_affordance.png,6.0,0.0,"[130.92, 65.21, 291.3, 218.07]",/Users/huhu/Documents/Code/bishe/vrb/vrbreproduction/outputs/100subaction-e8/experiments/E8/pipeline_outputs/subaction_65_P01_109_65/candidate_06_frame_010186_left/label_heatmap_merged.npy,/Users/huhu/Documents/Code/bishe/vrb/vrbreproduction/outputs/100subaction-e8/experiments/E8/pipeline_outputs/subaction_65_P01_109_65/candidate_06_frame_010186_left/label_heatmap_merged.png,/Users/huhu/Documents/Code/bishe/vrb/vrbreproduction/outputs/100subaction-e8/experiments/E8/pipeline_outputs/subaction_65_P01_109_65/candidate_06_frame_010186_left/mask_projection_overlay.png,"(256, 456)",isotropic_e7,True,True
E8,66,P01_109_66,move cutting board,move,board:cutting,['board:cutting'],10196,10232,10195.0,10231.0,0.0,10197.0,left,new_contact_episode,41,4,186,"[130.0, 78.0, 289.0, 212.0]",3.0772144282917955,grabcut_fallback,bbox_fallback,fallback_lk,cotracker_weighted_affine,False,1.0,36,36,36,1.0,0.5629856586456299,5,0.0,21352.0,success,361,1.0,,10196.0,earliest_reliable_tracked_reference_no_pre_gap,1.0,cotracker_weighted_affine,success,5,0.0,0.11071111111111111,,,,,,,success,keep,,5.861043763573964,/Users/huhu/Documents/Code/bishe/vrb/vrbreproduction/outputs/100subaction-e8/experiments/E8/pipeline_outputs/subaction_66_P01_109_66/candidate_00_frame_010197_left,/Users/huhu/Documents/Code/bishe/vrb/vrbreproduction/outputs/100subaction-e8/experiments/E8/pipeline_outputs/subaction_66_P01_109_66/candidate_00_frame_010197_left,/Users/huhu/Documents/Code/bishe/vrb/vrbreproduction/outputs/100subaction-e8/experiments/E8/pipeline_outputs/subaction_66_P01_109_66/candidate_00_frame_010197_left/reference_frame.png,/Users/huhu/Documents/Code/bishe/vrb/vrbreproduction/outputs/100subaction-e8/experiments/E8/pipeline_outputs/subaction_66_P01_109_66/candidate_00_frame_010197_left/label_heatmap_merged_overlay.png,/Users/huhu/Documents/Code/bishe/vrb/vrbreproduction/outputs/100subaction-e8/experiments/E8/pipeline_outputs/subaction_66_P01_109_66/candidate_00_frame_010197_left/vrb_style_affordance.png,6.0,0.0,"[137.95, 77.52, 295.19, 214.48]",/Users/huhu/Documents/Code/bishe/vrb/vrbreproduction/outputs/100subaction-e8/experiments/E8/pipeline_outputs/subaction_66_P01_109_66/candidate_00_frame_010197_left/label_heatmap_merged.npy,/Users/huhu/Documents/Code/bishe/vrb/vrbreproduction/outputs/100subaction-e8/experiments/E8/pipeline_outputs/subaction_66_P01_109_66/candidate_00_frame_010197_left/label_heatmap_merged.png,/Users/huhu/Documents/Code/bishe/vrb/vrbreproduction/outputs/100subaction-e8/experiments/E8/pipeline_outputs/subaction_66_P01_109_66/candidate_00_frame_010197_left/mask_projection_overlay.png,"(256, 456)",isotropic_e7,True,True
E8,66,P01_109_66,move cutting board,move,board:cutting,['board:cutting'],10196,10232,10195.0,10231.0,1.0,10198.0,left,new_contact_episode,41,4,201,"[147.0, 80.0, 291.0, 213.0]",3.0192162762823425,grabcut_fallback,bbox_fallback,fallback_lk,cotracker_weighted_affine,False,1.0,36,36,36,1.0,0.5356334447860718,5,0.0,20770.0,success,361,1.0,,10197.0,earliest_reliable_tracked_reference_no_pre_gap,1.0,cotracker_weighted_affine,success,5,0.0,0.1128,,,,,,,success,keep,,5.8587309966564165,/Users/huhu/Documents/Code/bishe/vrb/vrbreproduction/outputs/100subaction-e8/experiments/E8/pipeline_outputs/subaction_66_P01_109_66/candidate_01_frame_010198_left,/Users/huhu/Documents/Code/bishe/vrb/vrbreproduction/outputs/100subaction-e8/experiments/E8/pipeline_outputs/subaction_66_P01_109_66/candidate_01_frame_010198_left,/Users/huhu/Documents/Code/bishe/vrb/vrbreproduction/outputs/100subaction-e8/experiments/E8/pipeline_outputs/subaction_66_P01_109_66/candidate_01_frame_010198_left/reference_frame.png,/Users/huhu/Documents/Code/bishe/vrb/vrbreproduction/outputs/100subaction-e8/experiments/E8/pipeline_outputs/subaction_66_P01_109_66/candidate_01_frame_010198_left/label_heatmap_merged_overlay.png,/Users/huhu/Documents/Code/bishe/vrb/vrbreproduction/outputs/100subaction-e8/experiments/E8/pipeline_outputs/subaction_66_P01_109_66/candidate_01_frame_010198_left/vrb_style_affordance.png,6.0,0.0,"[135.4, 78.16, 289.52, 212.27]",/Users/huhu/Documents/Code/bishe/vrb/vrbreproduction/outputs/100subaction-e8/experiments/E8/pipeline_outputs/subaction_66_P01_109_66/candidate_01_frame_010198_left/label_heatmap_merged.npy,/Users/huhu/Documents/Code/bishe/vrb/vrbreproduction/outputs/100subaction-e8/experiments/E8/pipeline_outputs/subaction_66_P01_109_66/candidate_01_frame_010198_left/label_heatmap_merged.png,/Users/huhu/Documents/Code/bishe/vrb/vrbreproduction/outputs/100subaction-e8/experiments/E8/pipeline_outputs/subaction_66_P01_109_66/candidate_01_frame_010198_left/mask_projection_overlay.png,"(256, 456)",isotropic_e7,True,False
E8,66,P01_109_66,move cutting board,move,board:cutting,['board:cutting'],10196,10232,10195.0,10231.0,2.0,10199.0,left,new_contact_episode,41,4,182,"[143.0, 81.0, 299.0, 215.0]",3.031902805992206,grabcut_fallback,bbox_fallback,fallback_lk,cotracker_weighted_affine,False,0.9944444444444445,36,36,35,0.9722222222222222,0.506253719329834,5,0.0,19966.0,success,361,1.0,,10198.0,earliest_reliable_tracked_reference_no_pre_gap,1.0,cotracker_weighted_affine,success,5,0.0,0.1128,,,,,,,success,keep,,5.83877905508677,/Users/huhu/Documents/Code/bishe/vrb/vrbreproduction/outputs/100subaction-e8/experiments/E8/pipeline_outputs/subaction_66_P01_109_66/candidate_02_frame_010199_left,/Users/huhu/Documents/Code/bishe/vrb/vrbreproduction/outputs/100subaction-e8/experiments/E8/pipeline_outputs/subaction_66_P01_109_66/candidate_02_frame_010199_left,/Users/huhu/Documents/Code/bishe/vrb/vrbreproduction/outputs/100subaction-e8/experiments/E8/pipeline_outputs/subaction_66_P01_109_66/candidate_02_frame_010199_left/reference_frame.png,/Users/huhu/Documents/Code/bishe/vrb/vrbreproduction/outputs/100subaction-e8/experiments/E8/pipeline_outputs/subaction_66_P01_109_66/candidate_02_frame_010199_left/label_heatmap_merged_overlay.png,/Users/huhu/Documents/Code/bishe/vrb/vrbreproduction/outputs/100subaction-e8/experiments/E8/pipeline_outputs/subaction_66_P01_109_66/candidate_02_frame_010199_left/vrb_style_affordance.png,6.0,0.0,"[145.04, 79.7, 293.7, 213.68]",/Users/huhu/Documents/Code/bishe/vrb/vrbreproduction/outputs/100subaction-e8/experiments/E8/pipeline_outputs/subaction_66_P01_109_66/candidate_02_frame_010199_left/label_heatmap_merged.npy,/Users/huhu/Documents/Code/bishe/vrb/vrbreproduction/outputs/100subaction-e8/experiments/E8/pipeline_outputs/subaction_66_P01_109_66/candidate_02_frame_010199_left/label_heatmap_merged.png,/Users/huhu/Documents/Code/bishe/vrb/vrbreproduction/outputs/100subaction-e8/experiments/E8/pipeline_outputs/subaction_66_P01_109_66/candidate_02_frame_010199_left/mask_projection_overlay.png,"(256, 456)",isotropic_e7,True,True
E8,66,P01_109_66,move cutting board,move,board:cutting,['board:cutting'],10196,10232,10195.0,10231.0,3.0,10201.0,left,new_contact_episode,41,4,202,"[144.0, 84.0, 305.0, 218.0]",2.999759069782684,grabcut_fallback,bbox_fallback,fallback_lk,cotracker_weighted_affine,False,0.9944444444444445,36,36,35,0.9722222222222222,0.697408139705658,5,0.0,20615.0,success,361,1.0,,10200.0,earliest_reliable_tracked_reference_no_pre_gap,1.0,cotracker_weighted_affine,success,5,0.0,0.1063111111111111,,,,,,,success,keep,,5.842777755808829,/Users/huhu/Documents/Code/bishe/vrb/vrbreproduction/outputs/100subaction-e8/experiments/E8/pipeline_outputs/subaction_66_P01_109_66/candidate_03_frame_010201_left,/Users/huhu/Documents/Code/bishe/vrb/vrbreproduction/outputs/100subaction-e8/experiments/E8/pipeline_outputs/subaction_66_P01_109_66/candidate_03_frame_010201_left,/Users/huhu/Documents/Code/bishe/vrb/vrbreproduction/outputs/100subaction-e8/experiments/E8/pipeline_outputs/subaction_66_P01_109_66/candidate_03_frame_010201_left/reference_frame.png,/Users/huhu/Documents/Code/bishe/vrb/vrbreproduction/outputs/100subaction-e8/experiments/E8/pipeline_outputs/subaction_66_P01_109_66/candidate_03_frame_010201_left/label_heatmap_merged_overlay.png,/Users/huhu/Documents/Code/bishe/vrb/vrbreproduction/outputs/100subaction-e8/experiments/E8/pipeline_outputs/subaction_66_P01_109_66/candidate_03_frame_010201_left/vrb_style_affordance.png,6.0,0.0,"[146.53, 81.91, 302.34, 214.81]",/Users/huhu/Documents/Code/bishe/vrb/vrbreproduction/outputs/100subaction-e8/experiments/E8/pipeline_outputs/subaction_66_P01_109_66/candidate_03_frame_010201_left/label_heatmap_merged.npy,/Users/huhu/Documents/Code/bishe/vrb/vrbreproduction/outputs/100subaction-e8/experiments/E8/pipeline_outputs/subaction_66_P01_109_66/candidate_03_frame_010201_left/label_heatmap_merged.png,/Users/huhu/Documents/Code/bishe/vrb/vrbreproduction/outputs/100subaction-e8/experiments/E8/pipeline_outputs/subaction_66_P01_109_66/candidate_03_frame_010201_left/mask_projection_overlay.png,"(256, 456)",isotropic_e7,True,True
E8,67,P01_109_67,put down knife,put-down,knife,['knife'],10237,10267,10236.0,10266.0,0.0,10261.0,right,new_contact_episode,21,2,92,"[210.0, 96.0, 304.0, 163.0]",3.156093067421982,grabcut_fallback,bbox_fallback,fallback_lk,cotracker_weighted_affine,False,1.0,32,32,32,1.0,0.1835007220506668,5,0.0,6555.0,success,361,0.941336550625,,10260.0,pre_contact_gap_tracked_reference,1.0,cotracker_weighted_affine,success,5,0.0,0.17333333333333334,,,,,,,success,keep,,5.778494978338479,/Users/huhu/Documents/Code/bishe/vrb/vrbreproduction/outputs/100subaction-e8/experiments/E8/pipeline_outputs/subaction_67_P01_109_67/candidate_00_frame_010261_right,/Users/huhu/Documents/Code/bishe/vrb/vrbreproduction/outputs/100subaction-e8/experiments/E8/pipeline_outputs/subaction_67_P01_109_67/candidate_00_frame_010261_right,/Users/huhu/Documents/Code/bishe/vrb/vrbreproduction/outputs/100subaction-e8/experiments/E8/pipeline_outputs/subaction_67_P01_109_67/candidate_00_frame_010261_right/reference_frame.png,/Users/huhu/Documents/Code/bishe/vrb/vrbreproduction/outputs/100subaction-e8/experiments/E8/pipeline_outputs/subaction_67_P01_109_67/candidate_00_frame_010261_right/label_heatmap_merged_overlay.png,/Users/huhu/Documents/Code/bishe/vrb/vrbreproduction/outputs/100subaction-e8/experiments/E8/pipeline_outputs/subaction_67_P01_109_67/candidate_00_frame_010261_right/vrb_style_affordance.png,6.0,0.0,"[211.21, 96.89, 305.64, 166.39]",/Users/huhu/Documents/Code/bishe/vrb/vrbreproduction/outputs/100subaction-e8/experiments/E8/pipeline_outputs/subaction_67_P01_109_67/candidate_00_frame_010261_right/label_heatmap_merged.npy,/Users/huhu/Documents/Code/bishe/vrb/vrbreproduction/outputs/100subaction-e8/experiments/E8/pipeline_outputs/subaction_67_P01_109_67/candidate_00_frame_010261_right/label_heatmap_merged.png,/Users/huhu/Documents/Code/bishe/vrb/vrbreproduction/outputs/100subaction-e8/experiments/E8/pipeline_outputs/subaction_67_P01_109_67/candidate_00_frame_010261_right/mask_projection_overlay.png,"(256, 456)",isotropic_e7,True,True
E8,67,P01_109_67,put down knife,put-down,knife,['knife'],10237,10267,10236.0,10266.0,1.0,10262.0,right,new_contact_episode,21,2,67,"[207.0, 97.0, 306.0, 161.0]",3.1926439957888695,grabcut_fallback,bbox_fallback,fallback_lk,cotracker_weighted_affine,False,1.0,36,36,36,1.0,0.4652860760688782,5,0.0,6555.0,success,361,0.941336550625,,10260.0,pre_contact_gap_tracked_reference,2.0,cotracker_weighted_affine,success,5,0.0,0.17333333333333334,,,,,,,success,keep,,5.764041417717933,/Users/huhu/Documents/Code/bishe/vrb/vrbreproduction/outputs/100subaction-e8/experiments/E8/pipeline_outputs/subaction_67_P01_109_67/candidate_01_frame_010262_right,/Users/huhu/Documents/Code/bishe/vrb/vrbreproduction/outputs/100subaction-e8/experiments/E8/pipeline_outputs/subaction_67_P01_109_67/candidate_01_frame_010262_right,/Users/huhu/Documents/Code/bishe/vrb/vrbreproduction/outputs/100subaction-e8/experiments/E8/pipeline_outputs/subaction_67_P01_109_67/candidate_01_frame_010262_right/reference_frame.png,/Users/huhu/Documents/Code/bishe/vrb/vrbreproduction/outputs/100subaction-e8/experiments/E8/pipeline_outputs/subaction_67_P01_109_67/candidate_01_frame_010262_right/label_heatmap_merged_overlay.png,/Users/huhu/Documents/Code/bishe/vrb/vrbreproduction/outputs/100subaction-e8/experiments/E8/pipeline_outputs/subaction_67_P01_109_67/candidate_01_frame_010262_right/vrb_style_affordance.png,6.0,0.0,"[210.99, 97.03, 306.05, 166.2]",/Users/huhu/Documents/Code/bishe/vrb/vrbreproduction/outputs/100subaction-e8/experiments/E8/pipeline_outputs/subaction_67_P01_109_67/candidate_01_frame_010262_right/label_heatmap_merged.npy,/Users/huhu/Documents/Code/bishe/vrb/vrbreproduction/outputs/100subaction-e8/experiments/E8/pipeline_outputs/subaction_67_P01_109_67/candidate_01_frame_010262_right/label_heatmap_merged.png,/Users/huhu/Documents/Code/bishe/vrb/vrbreproduction/outputs/100subaction-e8/experiments/E8/pipeline_outputs/subaction_67_P01_109_67/candidate_01_frame_010262_right/mask_projection_overlay.png,"(256, 456)",isotropic_e7,True,False
E8,68,P01_109_68,pick up knife,pick-up,knife,['knife'],10264,10300,10263.0,10299.0,0.0,10269.0,right,new_contact_episode,55,6,70,"[207.0, 95.0, 282.0, 175.0]",3.6934768930622504,grabcut_fallback,bbox_fallback,fallback_lk,cotracker_weighted_affine,False,0.8277419354838709,36,31,26,0.8387096774193549,0.7439059019088745,3,0.0,6480.0,success,361,0.941336550625,,10267.0,pre_contact_gap_tracked_reference,2.0,cotracker_weighted_affine,success,3,0.0,0.16377777777777777,,,,,,,success,keep,,4.869048414340584,/Users/huhu/Documents/Code/bishe/vrb/vrbreproduction/outputs/100subaction-e8/experiments/E8/pipeline_outputs/subaction_68_P01_109_68/candidate_00_frame_010269_right,/Users/huhu/Documents/Code/bishe/vrb/vrbreproduction/outputs/100subaction-e8/experiments/E8/pipeline_outputs/subaction_68_P01_109_68/candidate_00_frame_010269_right,/Users/huhu/Documents/Code/bishe/vrb/vrbreproduction/outputs/100subaction-e8/experiments/E8/pipeline_outputs/subaction_68_P01_109_68/candidate_00_frame_010269_right/reference_frame.png,/Users/huhu/Documents/Code/bishe/vrb/vrbreproduction/outputs/100subaction-e8/experiments/E8/pipeline_outputs/subaction_68_P01_109_68/candidate_00_frame_010269_right/label_heatmap_merged_overlay.png,/Users/huhu/Documents/Code/bishe/vrb/vrbreproduction/outputs/100subaction-e8/experiments/E8/pipeline_outputs/subaction_68_P01_109_68/candidate_00_frame_010269_right/vrb_style_affordance.png,6.0,0.0,"[205.35, 93.74, 285.82, 174.22]",/Users/huhu/Documents/Code/bishe/vrb/vrbreproduction/outputs/100subaction-e8/experiments/E8/pipeline_outputs/subaction_68_P01_109_68/candidate_00_frame_010269_right/label_heatmap_merged.npy,/Users/huhu/Documents/Code/bishe/vrb/vrbreproduction/outputs/100subaction-e8/experiments/E8/pipeline_outputs/subaction_68_P01_109_68/candidate_00_frame_010269_right/label_heatmap_merged.png,/Users/huhu/Documents/Code/bishe/vrb/vrbreproduction/outputs/100subaction-e8/experiments/E8/pipeline_outputs/subaction_68_P01_109_68/candidate_00_frame_010269_right/mask_projection_overlay.png,"(256, 456)",isotropic_e7,True,False
E8,68,P01_109_68,pick up knife,pick-up,knife,['knife'],10264,10300,10263.0,10299.0,1.0,10270.0,right,new_contact_episode,55,6,90,"[203.0, 93.0, 282.0, 174.0]",3.691680848067711,grabcut_fallback,bbox_fallback,fallback_lk,cotracker_weighted_affine,False,1.0,30,22,22,1.0,1.13517427444458,5,0.0,6156.0,success,361,0.941336550625,,10268.0,pre_contact_gap_tracked_reference,2.0,cotracker_weighted_affine,success,5,0.0,0.16675555555555555,,,,,,,success,keep,,5.7538114384333285,/Users/huhu/Documents/Code/bishe/vrb/vrbreproduction/outputs/100subaction-e8/experiments/E8/pipeline_outputs/subaction_68_P01_109_68/candidate_01_frame_010270_right,/Users/huhu/Documents/Code/bishe/vrb/vrbreproduction/outputs/100subaction-e8/experiments/E8/pipeline_outputs/subaction_68_P01_109_68/candidate_01_frame_010270_right,/Users/huhu/Documents/Code/bishe/vrb/vrbreproduction/outputs/100subaction-e8/experiments/E8/pipeline_outputs/subaction_68_P01_109_68/candidate_01_frame_010270_right/reference_frame.png,/Users/huhu/Documents/Code/bishe/vrb/vrbreproduction/outputs/100subaction-e8/experiments/E8/pipeline_outputs/subaction_68_P01_109_68/candidate_01_frame_010270_right/label_heatmap_merged_overlay.png,/Users/huhu/Documents/Code/bishe/vrb/vrbreproduction/outputs/100subaction-e8/experiments/E8/pipeline_outputs/subaction_68_P01_109_68/candidate_01_frame_010270_right/vrb_style_affordance.png,6.0,0.0,"[205.13, 92.64, 281.45, 174.2]",/Users/huhu/Documents/Code/bishe/vrb/vrbreproduction/outputs/100subaction-e8/experiments/E8/pipeline_outputs/subaction_68_P01_109_68/candidate_01_frame_010270_right/label_heatmap_merged.npy,/Users/huhu/Documents/Code/bishe/vrb/vrbreproduction/outputs/100subaction-e8/experiments/E8/pipeline_outputs/subaction_68_P01_109_68/candidate_01_frame_010270_right/label_heatmap_merged.png,/Users/huhu/Documents/Code/bishe/vrb/vrbreproduction/outputs/100subaction-e8/experiments/E8/pipeline_outputs/subaction_68_P01_109_68/candidate_01_frame_010270_right/mask_projection_overlay.png,"(256, 456)",isotropic_e7,True,True
E8,68,P01_109_68,pick up knife,pick-up,knife,['knife'],10264,10300,10263.0,10299.0,2.0,10271.0,right,new_contact_episode,55,6,102,"[198.0, 93.0, 282.0, 173.0]",3.66006837426682,grabcut_fallback,,,,False,,30,0,0,,,0,,,success,361,0.941336550625,,,,,,failed,0,,,,,,,,,not_run,discard,mask_gate_failed,,/Users/huhu/Documents/Code/bishe/vrb/vrbreproduction/outputs/100subaction-e8/experiments/E8/pipeline_outputs/subaction_68_P01_109_68/candidate_02_frame_010271_right,,,,,6.0,0.0,,,,,,,,False
E8,68,P01_109_68,pick up knife,pick-up,knife,['knife'],10264,10300,10263.0,10299.0,3.0,10276.0,left,new_contact_episode,55,6,46,"[184.0, 131.0, 227.0, 180.0]",4.177110070536641,grabcut_fallback,bbox_fallback,fallback_lk,cotracker_weighted_affine,False,0.9533333333333334,36,30,23,0.7666666666666667,0.645066499710083,5,0.0,2200.0,success,361,0.941336550625,,10275.0,earliest_reliable_tracked_reference_no_pre_gap,1.0,cotracker_weighted_affine,success,5,0.0,0.2919555555555556,,,,,,,success,keep,,5.411714671675364,/Users/huhu/Documents/Code/bishe/vrb/vrbreproduction/outputs/100subaction-e8/experiments/E8/pipeline_outputs/subaction_68_P01_109_68/candidate_03_frame_010276_left,/Users/huhu/Documents/Code/bishe/vrb/vrbreproduction/outputs/100subaction-e8/experiments/E8/pipeline_outputs/subaction_68_P01_109_68/candidate_03_frame_010276_left,/Users/huhu/Documents/Code/bishe/vrb/vrbreproduction/outputs/100subaction-e8/experiments/E8/pipeline_outputs/subaction_68_P01_109_68/candidate_03_frame_010276_left/reference_frame.png,/Users/huhu/Documents/Code/bishe/vrb/vrbreproduction/outputs/100subaction-e8/experiments/E8/pipeline_outputs/subaction_68_P01_109_68/candidate_03_frame_010276_left/label_heatmap_merged_overlay.png,/Users/huhu/Documents/Code/bishe/vrb/vrbreproduction/outputs/100subaction-e8/experiments/E8/pipeline_outputs/subaction_68_P01_109_68/candidate_03_frame_010276_left/vrb_style_affordance.png,6.0,0.0,"[182.26, 130.63, 226.33, 181.19]",/Users/huhu/Documents/Code/bishe/vrb/vrbreproduction/outputs/100subaction-e8/experiments/E8/pipeline_outputs/subaction_68_P01_109_68/candidate_03_frame_010276_left/label_heatmap_merged.npy,/Users/huhu/Documents/Code/bishe/vrb/vrbreproduction/outputs/100subaction-e8/experiments/E8/pipeline_outputs/subaction_68_P01_109_68/candidate_03_frame_010276_left/label_heatmap_merged.png,/Users/huhu/Documents/Code/bishe/vrb/vrbreproduction/outputs/100subaction-e8/experiments/E8/pipeline_outputs/subaction_68_P01_109_68/candidate_03_frame_010276_left/mask_projection_overlay.png,"(256, 456)",isotropic_e7,True,True
E8,68,P01_109_68,pick up knife,pick-up,knife,['knife'],10264,10300,10263.0,10299.0,4.0,10277.0,left,new_contact_episode,55,6,86,"[186.0, 130.0, 227.0, 178.0]",4.4212717632411795,grabcut_fallback,bbox_fallback,fallback_lk,cotracker_weighted_affine,False,0.9153846153846155,36,26,15,0.5769230769230769,1.5673061609268188,5,0.0,2340.0,success,361,0.941336550625,,10275.0,earliest_reliable_tracked_reference_no_pre_gap,2.0,cotracker_weighted_affine,success,5,0.0,0.3118666666666667,,,,,,,success,keep,,5.205873122864503,/Users/huhu/Documents/Code/bishe/vrb/vrbreproduction/outputs/100subaction-e8/experiments/E8/pipeline_outputs/subaction_68_P01_109_68/candidate_04_frame_010277_left,/Users/huhu/Documents/Code/bishe/vrb/vrbreproduction/outputs/100subaction-e8/experiments/E8/pipeline_outputs/subaction_68_P01_109_68/candidate_04_frame_010277_left,/Users/huhu/Documents/Code/bishe/vrb/vrbreproduction/outputs/100subaction-e8/experiments/E8/pipeline_outputs/subaction_68_P01_109_68/candidate_04_frame_010277_left/reference_frame.png,/Users/huhu/Documents/Code/bishe/vrb/vrbreproduction/outputs/100subaction-e8/experiments/E8/pipeline_outputs/subaction_68_P01_109_68/candidate_04_frame_010277_left/label_heatmap_merged_overlay.png,/Users/huhu/Documents/Code/bishe/vrb/vrbreproduction/outputs/100subaction-e8/experiments/E8/pipeline_outputs/subaction_68_P01_109_68/candidate_04_frame_010277_left/vrb_style_affordance.png,6.0,0.0,"[181.81, 130.28, 226.56, 181.62]",/Users/huhu/Documents/Code/bishe/vrb/vrbreproduction/outputs/100subaction-e8/experiments/E8/pipeline_outputs/subaction_68_P01_109_68/candidate_04_frame_010277_left/label_heatmap_merged.npy,/Users/huhu/Documents/Code/bishe/vrb/vrbreproduction/outputs/100subaction-e8/experiments/E8/pipeline_outputs/subaction_68_P01_109_68/candidate_04_frame_010277_left/label_heatmap_merged.png,/Users/huhu/Documents/Code/bishe/vrb/vrbreproduction/outputs/100subaction-e8/experiments/E8/pipeline_outputs/subaction_68_P01_109_68/candidate_04_frame_010277_left/mask_projection_overlay.png,"(256, 456)",isotropic_e7,True,False
E8,68,P01_109_68,pick up knife,pick-up,knife,['knife'],10264,10300,10263.0,10299.0,5.0,10278.0,left,new_contact_episode,55,6,91,"[190.0, 130.0, 228.0, 177.0]",4.69104746182393,grabcut_fallback,bbox_fallback,fallback_lk,cotracker_weighted_affine,False,0.925925925925926,36,27,17,0.6296296296296297,1.1955344676971436,5,0.0,2295.0,success,361,0.941336550625,,10275.0,earliest_reliable_tracked_reference_no_pre_gap,3.0,cotracker_weighted_affine,success,5,0.0,0.3243111111111111,,,,,,,success,keep,,5.231889521524642,/Users/huhu/Documents/Code/bishe/vrb/vrbreproduction/outputs/100subaction-e8/experiments/E8/pipeline_outputs/subaction_68_P01_109_68/candidate_05_frame_010278_left,/Users/huhu/Documents/Code/bishe/vrb/vrbreproduction/outputs/100subaction-e8/experiments/E8/pipeline_outputs/subaction_68_P01_109_68/candidate_05_frame_010278_left,/Users/huhu/Documents/Code/bishe/vrb/vrbreproduction/outputs/100subaction-e8/experiments/E8/pipeline_outputs/subaction_68_P01_109_68/candidate_05_frame_010278_left/reference_frame.png,/Users/huhu/Documents/Code/bishe/vrb/vrbreproduction/outputs/100subaction-e8/experiments/E8/pipeline_outputs/subaction_68_P01_109_68/candidate_05_frame_010278_left/label_heatmap_merged_overlay.png,/Users/huhu/Documents/Code/bishe/vrb/vrbreproduction/outputs/100subaction-e8/experiments/E8/pipeline_outputs/subaction_68_P01_109_68/candidate_05_frame_010278_left/vrb_style_affordance.png,6.0,0.0,"[181.83, 130.1, 226.5, 181.39]",/Users/huhu/Documents/Code/bishe/vrb/vrbreproduction/outputs/100subaction-e8/experiments/E8/pipeline_outputs/subaction_68_P01_109_68/candidate_05_frame_010278_left/label_heatmap_merged.npy,/Users/huhu/Documents/Code/bishe/vrb/vrbreproduction/outputs/100subaction-e8/experiments/E8/pipeline_outputs/subaction_68_P01_109_68/candidate_05_frame_010278_left/label_heatmap_merged.png,/Users/huhu/Documents/Code/bishe/vrb/vrbreproduction/outputs/100subaction-e8/experiments/E8/pipeline_outputs/subaction_68_P01_109_68/candidate_05_frame_010278_left/mask_projection_overlay.png,"(256, 456)",isotropic_e7,True,True
E8,69,P01_109_69,slice potato,slice,potato,['potato'],10297,11900,10296.0,11899.0,0.0,10374.0,left,new_contact_episode,3179,12,61,"[225.0, 105.0, 257.0, 150.0]",3.241960622666016,grabcut_fallback,bbox_fallback,fallback_lk,cotracker_weighted_affine,False,1.0,36,36,36,1.0,0.44959157705307007,5,0.0,1610.0,success,361,0.941336550625,,10373.0,earliest_reliable_tracked_reference_no_pre_gap,1.0,cotracker_weighted_affine,success,5,0.0,0.4080888888888889,,,,,,,success,keep,,5.4183789193550735,/Users/huhu/Documents/Code/bishe/vrb/vrbreproduction/outputs/100subaction-e8/experiments/E8/pipeline_outputs/subaction_69_P01_109_69/candidate_00_frame_010374_left,/Users/huhu/Documents/Code/bishe/vrb/vrbreproduction/outputs/100subaction-e8/experiments/E8/pipeline_outputs/subaction_69_P01_109_69/candidate_00_frame_010374_left,/Users/huhu/Documents/Code/bishe/vrb/vrbreproduction/outputs/100subaction-e8/experiments/E8/pipeline_outputs/subaction_69_P01_109_69/candidate_00_frame_010374_left/reference_frame.png,/Users/huhu/Documents/Code/bishe/vrb/vrbreproduction/outputs/100subaction-e8/experiments/E8/pipeline_outputs/subaction_69_P01_109_69/candidate_00_frame_010374_left/label_heatmap_merged_overlay.png,/Users/huhu/Documents/Code/bishe/vrb/vrbreproduction/outputs/100subaction-e8/experiments/E8/pipeline_outputs/subaction_69_P01_109_69/candidate_00_frame_010374_left/vrb_style_affordance.png,6.0,0.0,"[223.48, 102.68, 257.67, 149.08]",/Users/huhu/Documents/Code/bishe/vrb/vrbreproduction/outputs/100subaction-e8/experiments/E8/pipeline_outputs/subaction_69_P01_109_69/candidate_00_frame_010374_left/label_heatmap_merged.npy,/Users/huhu/Documents/Code/bishe/vrb/vrbreproduction/outputs/100subaction-e8/experiments/E8/pipeline_outputs/subaction_69_P01_109_69/candidate_00_frame_010374_left/label_heatmap_merged.png,/Users/huhu/Documents/Code/bishe/vrb/vrbreproduction/outputs/100subaction-e8/experiments/E8/pipeline_outputs/subaction_69_P01_109_69/candidate_00_frame_010374_left/mask_projection_overlay.png,"(256, 456)",isotropic_e7,True,True
E8,69,P01_109_69,slice potato,slice,potato,['potato'],10297,11900,10296.0,11899.0,1.0,10375.0,left,new_contact_episode,3179,12,56,"[226.0, 104.0, 259.0, 150.0]",3.1189876988565497,grabcut_fallback,bbox_fallback,fallback_lk,cotracker_weighted_affine,False,0.9882352941176471,36,34,32,0.9411764705882353,0.7913824319839478,5,0.0,1598.0,success,361,0.941336550625,,10373.0,earliest_reliable_tracked_reference_no_pre_gap,2.0,cotracker_weighted_affine,success,5,0.0,0.3993333333333333,,,,,,,success,keep,,5.371140879981658,/Users/huhu/Documents/Code/bishe/vrb/vrbreproduction/outputs/100subaction-e8/experiments/E8/pipeline_outputs/subaction_69_P01_109_69/candidate_01_frame_010375_left,/Users/huhu/Documents/Code/bishe/vrb/vrbreproduction/outputs/100subaction-e8/experiments/E8/pipeline_outputs/subaction_69_P01_109_69/candidate_01_frame_010375_left,/Users/huhu/Documents/Code/bishe/vrb/vrbreproduction/outputs/100subaction-e8/experiments/E8/pipeline_outputs/subaction_69_P01_109_69/candidate_01_frame_010375_left/reference_frame.png,/Users/huhu/Documents/Code/bishe/vrb/vrbreproduction/outputs/100subaction-e8/experiments/E8/pipeline_outputs/subaction_69_P01_109_69/candidate_01_frame_010375_left/label_heatmap_merged_overlay.png,/Users/huhu/Documents/Code/bishe/vrb/vrbreproduction/outputs/100subaction-e8/experiments/E8/pipeline_outputs/subaction_69_P01_109_69/candidate_01_frame_010375_left/vrb_style_affordance.png,6.0,0.0,"[223.58, 102.49, 257.91, 148.99]",/Users/huhu/Documents/Code/bishe/vrb/vrbreproduction/outputs/100subaction-e8/experiments/E8/pipeline_outputs/subaction_69_P01_109_69/candidate_01_frame_010375_left/label_heatmap_merged.npy,/Users/huhu/Documents/Code/bishe/vrb/vrbreproduction/outputs/100subaction-e8/experiments/E8/pipeline_outputs/subaction_69_P01_109_69/candidate_01_frame_010375_left/label_heatmap_merged.png,/Users/huhu/Documents/Code/bishe/vrb/vrbreproduction/outputs/100subaction-e8/experiments/E8/pipeline_outputs/subaction_69_P01_109_69/candidate_01_frame_010375_left/mask_projection_overlay.png,"(256, 456)",isotropic_e7,True,False
E8,69,P01_109_69,slice potato,slice,potato,['potato'],10297,11900,10296.0,11899.0,2.0,10376.0,left,new_contact_episode,3179,12,76,"[221.0, 101.0, 260.0, 151.0]",3.4467732011971886,grabcut_fallback,bbox_fallback,fallback_lk,cotracker_weighted_affine,False,0.9882352941176471,36,34,32,0.9411764705882353,1.936206579208374,5,0.0,1536.0,success,361,0.941336550625,,10369.0,earliest_reliable_tracked_reference_no_pre_gap,7.0,cotracker_weighted_affine,success,5,0.0,0.4033777777777778,,,,,,,success,keep,,5.3007294888982575,/Users/huhu/Documents/Code/bishe/vrb/vrbreproduction/outputs/100subaction-e8/experiments/E8/pipeline_outputs/subaction_69_P01_109_69/candidate_02_frame_010376_left,/Users/huhu/Documents/Code/bishe/vrb/vrbreproduction/outputs/100subaction-e8/experiments/E8/pipeline_outputs/subaction_69_P01_109_69/candidate_02_frame_010376_left,/Users/huhu/Documents/Code/bishe/vrb/vrbreproduction/outputs/100subaction-e8/experiments/E8/pipeline_outputs/subaction_69_P01_109_69/candidate_02_frame_010376_left/reference_frame.png,/Users/huhu/Documents/Code/bishe/vrb/vrbreproduction/outputs/100subaction-e8/experiments/E8/pipeline_outputs/subaction_69_P01_109_69/candidate_02_frame_010376_left/label_heatmap_merged_overlay.png,/Users/huhu/Documents/Code/bishe/vrb/vrbreproduction/outputs/100subaction-e8/experiments/E8/pipeline_outputs/subaction_69_P01_109_69/candidate_02_frame_010376_left/vrb_style_affordance.png,6.0,0.0,"[220.67, 95.95, 253.11, 144.12]",/Users/huhu/Documents/Code/bishe/vrb/vrbreproduction/outputs/100subaction-e8/experiments/E8/pipeline_outputs/subaction_69_P01_109_69/candidate_02_frame_010376_left/label_heatmap_merged.npy,/Users/huhu/Documents/Code/bishe/vrb/vrbreproduction/outputs/100subaction-e8/experiments/E8/pipeline_outputs/subaction_69_P01_109_69/candidate_02_frame_010376_left/label_heatmap_merged.png,/Users/huhu/Documents/Code/bishe/vrb/vrbreproduction/outputs/100subaction-e8/experiments/E8/pipeline_outputs/subaction_69_P01_109_69/candidate_02_frame_010376_left/mask_projection_overlay.png,"(256, 456)",isotropic_e7,True,False
E8,69,P01_109_69,slice potato,slice,potato,['potato'],10297,11900,10296.0,11899.0,3.0,10384.0,left,new_contact_episode,3179,12,114,"[185.0, 111.0, 217.0, 148.0]",5.1389375063923,grabcut_fallback,bbox_fallback,fallback_lk,cotracker_weighted_affine,False,0.9299999999999999,36,36,36,1.0,1.059406042098999,4,0.0,1209.0,success,361,0.941336550625,,10383.0,earliest_reliable_tracked_reference_no_pre_gap,1.0,cotracker_weighted_affine,success,4,0.0,0.31235555555555555,,,,,,,success,keep,,5.153684485403696,/Users/huhu/Documents/Code/bishe/vrb/vrbreproduction/outputs/100subaction-e8/experiments/E8/pipeline_outputs/subaction_69_P01_109_69/candidate_03_frame_010384_left,/Users/huhu/Documents/Code/bishe/vrb/vrbreproduction/outputs/100subaction-e8/experiments/E8/pipeline_outputs/subaction_69_P01_109_69/candidate_03_frame_010384_left,/Users/huhu/Documents/Code/bishe/vrb/vrbreproduction/outputs/100subaction-e8/experiments/E8/pipeline_outputs/subaction_69_P01_109_69/candidate_03_frame_010384_left/reference_frame.png,/Users/huhu/Documents/Code/bishe/vrb/vrbreproduction/outputs/100subaction-e8/experiments/E8/pipeline_outputs/subaction_69_P01_109_69/candidate_03_frame_010384_left/label_heatmap_merged_overlay.png,/Users/huhu/Documents/Code/bishe/vrb/vrbreproduction/outputs/100subaction-e8/experiments/E8/pipeline_outputs/subaction_69_P01_109_69/candidate_03_frame_010384_left/vrb_style_affordance.png,6.0,0.0,"[187.95, 108.5, 219.38, 146.82]",/Users/huhu/Documents/Code/bishe/vrb/vrbreproduction/outputs/100subaction-e8/experiments/E8/pipeline_outputs/subaction_69_P01_109_69/candidate_03_frame_010384_left/label_heatmap_merged.npy,/Users/huhu/Documents/Code/bishe/vrb/vrbreproduction/outputs/100subaction-e8/experiments/E8/pipeline_outputs/subaction_69_P01_109_69/candidate_03_frame_010384_left/label_heatmap_merged.png,/Users/huhu/Documents/Code/bishe/vrb/vrbreproduction/outputs/100subaction-e8/experiments/E8/pipeline_outputs/subaction_69_P01_109_69/candidate_03_frame_010384_left/mask_projection_overlay.png,"(256, 456)",isotropic_e7,True,False
E8,69,P01_109_69,slice potato,slice,potato,['potato'],10297,11900,10296.0,11899.0,4.0,10385.0,left,new_contact_episode,3179,12,158,"[187.0, 111.0, 219.0, 150.0]",5.030424237288695,grabcut_fallback,bbox_fallback,fallback_lk,cotracker_weighted_affine,False,0.9257142857142857,36,35,22,0.6285714285714286,1.9112534523010254,5,0.0,2320.0,success,361,0.941336550625,,10364.0,earliest_reliable_tracked_reference_no_pre_gap,21.0,cotracker_weighted_affine,success,5,0.0,0.418,,,,,,,success,keep,,4.9610909678595405,/Users/huhu/Documents/Code/bishe/vrb/vrbreproduction/outputs/100subaction-e8/experiments/E8/pipeline_outputs/subaction_69_P01_109_69/candidate_04_frame_010385_left,/Users/huhu/Documents/Code/bishe/vrb/vrbreproduction/outputs/100subaction-e8/experiments/E8/pipeline_outputs/subaction_69_P01_109_69/candidate_04_frame_010385_left,/Users/huhu/Documents/Code/bishe/vrb/vrbreproduction/outputs/100subaction-e8/experiments/E8/pipeline_outputs/subaction_69_P01_109_69/candidate_04_frame_010385_left/reference_frame.png,/Users/huhu/Documents/Code/bishe/vrb/vrbreproduction/outputs/100subaction-e8/experiments/E8/pipeline_outputs/subaction_69_P01_109_69/candidate_04_frame_010385_left/label_heatmap_merged_overlay.png,/Users/huhu/Documents/Code/bishe/vrb/vrbreproduction/outputs/100subaction-e8/experiments/E8/pipeline_outputs/subaction_69_P01_109_69/candidate_04_frame_010385_left/vrb_style_affordance.png,6.0,0.0,"[212.37, 86.89, 251.86, 144.74]",/Users/huhu/Documents/Code/bishe/vrb/vrbreproduction/outputs/100subaction-e8/experiments/E8/pipeline_outputs/subaction_69_P01_109_69/candidate_04_frame_010385_left/label_heatmap_merged.npy,/Users/huhu/Documents/Code/bishe/vrb/vrbreproduction/outputs/100subaction-e8/experiments/E8/pipeline_outputs/subaction_69_P01_109_69/candidate_04_frame_010385_left/label_heatmap_merged.png,/Users/huhu/Documents/Code/bishe/vrb/vrbreproduction/outputs/100subaction-e8/experiments/E8/pipeline_outputs/subaction_69_P01_109_69/candidate_04_frame_010385_left/mask_projection_overlay.png,"(256, 456)",isotropic_e7,True,False
E8,69,P01_109_69,slice potato,slice,potato,['potato'],10297,11900,10296.0,11899.0,5.0,10386.0,left,new_contact_episode,3179,12,165,"[184.0, 112.0, 217.0, 152.0]",5.055990683882484,grabcut_fallback,bbox_fallback,fallback_lk,cotracker_weighted_affine,False,1.0,30,30,30,1.0,0.8336414098739624,5,0.0,1287.0,success,361,0.941336550625,,10385.0,earliest_reliable_tracked_reference_no_pre_gap,1.0,cotracker_weighted_affine,success,5,0.0,0.32893333333333336,,,,,,,success,keep,,5.52559075770378,/Users/huhu/Documents/Code/bishe/vrb/vrbreproduction/outputs/100subaction-e8/experiments/E8/pipeline_outputs/subaction_69_P01_109_69/candidate_05_frame_010386_left,/Users/huhu/Documents/Code/bishe/vrb/vrbreproduction/outputs/100subaction-e8/experiments/E8/pipeline_outputs/subaction_69_P01_109_69/candidate_05_frame_010386_left,/Users/huhu/Documents/Code/bishe/vrb/vrbreproduction/outputs/100subaction-e8/experiments/E8/pipeline_outputs/subaction_69_P01_109_69/candidate_05_frame_010386_left/reference_frame.png,/Users/huhu/Documents/Code/bishe/vrb/vrbreproduction/outputs/100subaction-e8/experiments/E8/pipeline_outputs/subaction_69_P01_109_69/candidate_05_frame_010386_left/label_heatmap_merged_overlay.png,/Users/huhu/Documents/Code/bishe/vrb/vrbreproduction/outputs/100subaction-e8/experiments/E8/pipeline_outputs/subaction_69_P01_109_69/candidate_05_frame_010386_left/vrb_style_affordance.png,6.0,0.0,"[186.22, 110.69, 218.6, 149.94]",/Users/huhu/Documents/Code/bishe/vrb/vrbreproduction/outputs/100subaction-e8/experiments/E8/pipeline_outputs/subaction_69_P01_109_69/candidate_05_frame_010386_left/label_heatmap_merged.npy,/Users/huhu/Documents/Code/bishe/vrb/vrbreproduction/outputs/100subaction-e8/experiments/E8/pipeline_outputs/subaction_69_P01_109_69/candidate_05_frame_010386_left/label_heatmap_merged.png,/Users/huhu/Documents/Code/bishe/vrb/vrbreproduction/outputs/100subaction-e8/experiments/E8/pipeline_outputs/subaction_69_P01_109_69/candidate_05_frame_010386_left/mask_projection_overlay.png,"(256, 456)",isotropic_e7,True,True
E8,69,P01_109_69,slice potato,slice,potato,['potato'],10297,11900,10296.0,11899.0,6.0,10771.0,right,new_contact_episode,3179,12,0,"[215.0, 108.0, 251.0, 147.0]",1.2835229309820984,,,,,False,,0,0,0,,,0,,,not_run,0,0.0,,,,,,not_run,0,,,,,,,,,not_run,discard,contact_points_lt5_after_object_boundary_filter,,/Users/huhu/Documents/Code/bishe/vrb/vrbreproduction/outputs/100subaction-e8/experiments/E8/pipeline_outputs/subaction_69_P01_109_69/candidate_06_frame_010771_right,,,,,,,,,,,,,,False
E8,69,P01_109_69,slice potato,slice,potato,['potato'],10297,11900,10296.0,11899.0,7.0,10772.0,right,new_contact_episode,3179,12,0,"[217.0, 107.0, 254.0, 148.0]",1.3374873243230205,,,,,False,,0,0,0,,,0,,,not_run,0,0.0,,,,,,not_run,0,,,,,,,,,not_run,discard,contact_points_lt5_after_object_boundary_filter,,/Users/huhu/Documents/Code/bishe/vrb/vrbreproduction/outputs/100subaction-e8/experiments/E8/pipeline_outputs/subaction_69_P01_109_69/candidate_07_frame_010772_right,,,,,,,,,,,,,,False
E8,69,P01_109_69,slice potato,slice,potato,['potato'],10297,11900,10296.0,11899.0,8.0,10773.0,right,new_contact_episode,3179,12,0,"[215.0, 105.0, 255.0, 146.0]",1.3553490450140793,,,,,False,,0,0,0,,,0,,,not_run,0,0.0,,,,,,not_run,0,,,,,,,,,not_run,discard,contact_points_lt5_after_object_boundary_filter,,/Users/huhu/Documents/Code/bishe/vrb/vrbreproduction/outputs/100subaction-e8/experiments/E8/pipeline_outputs/subaction_69_P01_109_69/candidate_08_frame_010773_right,,,,,,,,,,,,,,False
E8,69,P01_109_69,slice potato,slice,potato,['potato'],10297,11900,10296.0,11899.0,9.0,11288.0,left,new_contact_episode,3179,12,74,"[227.0, 71.0, 254.0, 124.0]",3.6701317351402425,grabcut_fallback,bbox_fallback,fallback_lk,cotracker_weighted_affine,False,0.9076923076923078,30,13,7,0.5384615384615384,2.71099591255188,5,0.0,4212.0,success,361,1.0,,11280.0,earliest_reliable_tracked_reference_no_pre_gap,8.0,cotracker_weighted_affine,success,5,0.0,0.3080888888888889,,,,,,,success,keep,,5.112382943136264,/Users/huhu/Documents/Code/bishe/vrb/vrbreproduction/outputs/100subaction-e8/experiments/E8/pipeline_outputs/subaction_69_P01_109_69/candidate_09_frame_011288_left,/Users/huhu/Documents/Code/bishe/vrb/vrbreproduction/outputs/100subaction-e8/experiments/E8/pipeline_outputs/subaction_69_P01_109_69/candidate_09_frame_011288_left,/Users/huhu/Documents/Code/bishe/vrb/vrbreproduction/outputs/100subaction-e8/experiments/E8/pipeline_outputs/subaction_69_P01_109_69/candidate_09_frame_011288_left/reference_frame.png,/Users/huhu/Documents/Code/bishe/vrb/vrbreproduction/outputs/100subaction-e8/experiments/E8/pipeline_outputs/subaction_69_P01_109_69/candidate_09_frame_011288_left/label_heatmap_merged_overlay.png,/Users/huhu/Documents/Code/bishe/vrb/vrbreproduction/outputs/100subaction-e8/experiments/E8/pipeline_outputs/subaction_69_P01_109_69/candidate_09_frame_011288_left/vrb_style_affordance.png,6.0,0.0,"[214.42, 63.88, 265.64, 145.36]",/Users/huhu/Documents/Code/bishe/vrb/vrbreproduction/outputs/100subaction-e8/experiments/E8/pipeline_outputs/subaction_69_P01_109_69/candidate_09_frame_011288_left/label_heatmap_merged.npy,/Users/huhu/Documents/Code/bishe/vrb/vrbreproduction/outputs/100subaction-e8/experiments/E8/pipeline_outputs/subaction_69_P01_109_69/candidate_09_frame_011288_left/label_heatmap_merged.png,/Users/huhu/Documents/Code/bishe/vrb/vrbreproduction/outputs/100subaction-e8/experiments/E8/pipeline_outputs/subaction_69_P01_109_69/candidate_09_frame_011288_left/mask_projection_overlay.png,"(256, 456)",isotropic_e7,True,False
E8,69,P01_109_69,slice potato,slice,potato,['potato'],10297,11900,10296.0,11899.0,10.0,11289.0,left,new_contact_episode,3179,12,58,"[226.0, 72.0, 255.0, 124.0]",3.6499378365307242,grabcut_fallback,bbox_fallback,fallback_lk,cotracker_weighted_affine,False,0.8599999999999999,30,30,30,1.0,0.41642695665359497,3,0.0,1484.0,success,361,1.0,,11288.0,earliest_reliable_tracked_reference_no_pre_gap,1.0,cotracker_weighted_affine,success,3,0.0,0.31133333333333335,,,,,,,success,keep,,4.784507191300392,/Users/huhu/Documents/Code/bishe/vrb/vrbreproduction/outputs/100subaction-e8/experiments/E8/pipeline_outputs/subaction_69_P01_109_69/candidate_10_frame_011289_left,/Users/huhu/Documents/Code/bishe/vrb/vrbreproduction/outputs/100subaction-e8/experiments/E8/pipeline_outputs/subaction_69_P01_109_69/candidate_10_frame_011289_left,/Users/huhu/Documents/Code/bishe/vrb/vrbreproduction/outputs/100subaction-e8/experiments/E8/pipeline_outputs/subaction_69_P01_109_69/candidate_10_frame_011289_left/reference_frame.png,/Users/huhu/Documents/Code/bishe/vrb/vrbreproduction/outputs/100subaction-e8/experiments/E8/pipeline_outputs/subaction_69_P01_109_69/candidate_10_frame_011289_left/label_heatmap_merged_overlay.png,/Users/huhu/Documents/Code/bishe/vrb/vrbreproduction/outputs/100subaction-e8/experiments/E8/pipeline_outputs/subaction_69_P01_109_69/candidate_10_frame_011289_left/vrb_style_affordance.png,6.0,0.0,"[226.39, 71.3, 254.22, 124.01]",/Users/huhu/Documents/Code/bishe/vrb/vrbreproduction/outputs/100subaction-e8/experiments/E8/pipeline_outputs/subaction_69_P01_109_69/candidate_10_frame_011289_left/label_heatmap_merged.npy,/Users/huhu/Documents/Code/bishe/vrb/vrbreproduction/outputs/100subaction-e8/experiments/E8/pipeline_outputs/subaction_69_P01_109_69/candidate_10_frame_011289_left/label_heatmap_merged.png,/Users/huhu/Documents/Code/bishe/vrb/vrbreproduction/outputs/100subaction-e8/experiments/E8/pipeline_outputs/subaction_69_P01_109_69/candidate_10_frame_011289_left/mask_projection_overlay.png,"(256, 456)",isotropic_e7,True,False
E8,69,P01_109_69,slice potato,slice,potato,['potato'],10297,11900,10296.0,11899.0,11.0,11290.0,left,new_contact_episode,3179,12,96,"[230.0, 71.0, 258.0, 124.0]",3.473784987099235,grabcut_fallback,bbox_fallback,fallback_lk,cotracker_weighted_affine,False,1.0,31,31,31,1.0,0.4535152316093445,5,0.0,1508.0,success,361,1.0,,11289.0,earliest_reliable_tracked_reference_no_pre_gap,1.0,cotracker_weighted_affine,success,5,0.0,0.30195555555555553,,,,,,,success,keep,,5.577461209718385,/Users/huhu/Documents/Code/bishe/vrb/vrbreproduction/outputs/100subaction-e8/experiments/E8/pipeline_outputs/subaction_69_P01_109_69/candidate_11_frame_011290_left,/Users/huhu/Documents/Code/bishe/vrb/vrbreproduction/outputs/100subaction-e8/experiments/E8/pipeline_outputs/subaction_69_P01_109_69/candidate_11_frame_011290_left,/Users/huhu/Documents/Code/bishe/vrb/vrbreproduction/outputs/100subaction-e8/experiments/E8/pipeline_outputs/subaction_69_P01_109_69/candidate_11_frame_011290_left/reference_frame.png,/Users/huhu/Documents/Code/bishe/vrb/vrbreproduction/outputs/100subaction-e8/experiments/E8/pipeline_outputs/subaction_69_P01_109_69/candidate_11_frame_011290_left/label_heatmap_merged_overlay.png,/Users/huhu/Documents/Code/bishe/vrb/vrbreproduction/outputs/100subaction-e8/experiments/E8/pipeline_outputs/subaction_69_P01_109_69/candidate_11_frame_011290_left/vrb_style_affordance.png,6.0,0.0,"[227.21, 71.65, 256.35, 124.23]",/Users/huhu/Documents/Code/bishe/vrb/vrbreproduction/outputs/100subaction-e8/experiments/E8/pipeline_outputs/subaction_69_P01_109_69/candidate_11_frame_011290_left/label_heatmap_merged.npy,/Users/huhu/Documents/Code/bishe/vrb/vrbreproduction/outputs/100subaction-e8/experiments/E8/pipeline_outputs/subaction_69_P01_109_69/candidate_11_frame_011290_left/label_heatmap_merged.png,/Users/huhu/Documents/Code/bishe/vrb/vrbreproduction/outputs/100subaction-e8/experiments/E8/pipeline_outputs/subaction_69_P01_109_69/candidate_11_frame_011290_left/mask_projection_overlay.png,"(256, 456)",isotropic_e7,True,True
E8,70,P01_109_70,put down knife,put-down,knife,,11914,11935,,,,,,,37,0,0,,,,,,,False,,0,0,0,,,0,,,not_run,0,0.0,,,,,,not_run,0,,,,,,,,,not_run,discard,continuation_contact_run,,,,,,,,,,,,,,,,False
E8,71,P01_109_71,put down potato slices,put-down,slice:potato,['slice:potato'],11963,11994,11962.0,11993.0,0.0,11977.0,right,new_contact_episode,23,4,43,"[311.0, 106.0, 333.0, 134.0]",3.4475551598004257,grabcut_fallback,bbox_fallback,fallback_lk,cotracker_weighted_affine,False,0.9333333333333333,30,9,6,0.6666666666666666,1.0210306644439697,5,0.0,7360.0,success,361,0.8996086310076885,,11945.0,earliest_reliable_tracked_reference_no_pre_gap,32.0,cotracker_weighted_affine,success,5,0.0,0.3257777777777778,,,,,,,success,keep,,5.088702413400013,/Users/huhu/Documents/Code/bishe/vrb/vrbreproduction/outputs/100subaction-e8/experiments/E8/pipeline_outputs/subaction_71_P01_109_71/candidate_00_frame_011977_right,/Users/huhu/Documents/Code/bishe/vrb/vrbreproduction/outputs/100subaction-e8/experiments/E8/pipeline_outputs/subaction_71_P01_109_71/candidate_00_frame_011977_right,/Users/huhu/Documents/Code/bishe/vrb/vrbreproduction/outputs/100subaction-e8/experiments/E8/pipeline_outputs/subaction_71_P01_109_71/candidate_00_frame_011977_right/reference_frame.png,/Users/huhu/Documents/Code/bishe/vrb/vrbreproduction/outputs/100subaction-e8/experiments/E8/pipeline_outputs/subaction_71_P01_109_71/candidate_00_frame_011977_right/label_heatmap_merged_overlay.png,/Users/huhu/Documents/Code/bishe/vrb/vrbreproduction/outputs/100subaction-e8/experiments/E8/pipeline_outputs/subaction_71_P01_109_71/candidate_00_frame_011977_right/vrb_style_affordance.png,6.0,0.0,"[175.11, 105.37, 267.42, 185.29]",/Users/huhu/Documents/Code/bishe/vrb/vrbreproduction/outputs/100subaction-e8/experiments/E8/pipeline_outputs/subaction_71_P01_109_71/candidate_00_frame_011977_right/label_heatmap_merged.npy,/Users/huhu/Documents/Code/bishe/vrb/vrbreproduction/outputs/100subaction-e8/experiments/E8/pipeline_outputs/subaction_71_P01_109_71/candidate_00_frame_011977_right/label_heatmap_merged.png,/Users/huhu/Documents/Code/bishe/vrb/vrbreproduction/outputs/100subaction-e8/experiments/E8/pipeline_outputs/subaction_71_P01_109_71/candidate_00_frame_011977_right/mask_projection_overlay.png,"(256, 456)",isotropic_e7,True,True
E8,71,P01_109_71,put down potato slices,put-down,slice:potato,['slice:potato'],11963,11994,11962.0,11993.0,1.0,11983.0,left,new_contact_episode,23,4,24,"[292.0, 77.0, 399.0, 173.0]",2.8682132785214676,grabcut_fallback,bbox_fallback,fallback_lk,cotracker_weighted_affine,False,0.9942857142857143,36,35,34,0.9714285714285714,0.45711562037467957,5,0.0,9984.0,success,361,0.8996086310076885,,11982.0,pre_contact_gap_tracked_reference,1.0,cotracker_weighted_affine,success,5,0.0,0.27484444444444445,,,,,,,success,keep,,5.596591293293521,/Users/huhu/Documents/Code/bishe/vrb/vrbreproduction/outputs/100subaction-e8/experiments/E8/pipeline_outputs/subaction_71_P01_109_71/candidate_01_frame_011983_left,/Users/huhu/Documents/Code/bishe/vrb/vrbreproduction/outputs/100subaction-e8/experiments/E8/pipeline_outputs/subaction_71_P01_109_71/candidate_01_frame_011983_left,/Users/huhu/Documents/Code/bishe/vrb/vrbreproduction/outputs/100subaction-e8/experiments/E8/pipeline_outputs/subaction_71_P01_109_71/candidate_01_frame_011983_left/reference_frame.png,/Users/huhu/Documents/Code/bishe/vrb/vrbreproduction/outputs/100subaction-e8/experiments/E8/pipeline_outputs/subaction_71_P01_109_71/candidate_01_frame_011983_left/label_heatmap_merged_overlay.png,/Users/huhu/Documents/Code/bishe/vrb/vrbreproduction/outputs/100subaction-e8/experiments/E8/pipeline_outputs/subaction_71_P01_109_71/candidate_01_frame_011983_left/vrb_style_affordance.png,6.0,0.0,"[289.26, 76.4, 393.21, 172.0]",/Users/huhu/Documents/Code/bishe/vrb/vrbreproduction/outputs/100subaction-e8/experiments/E8/pipeline_outputs/subaction_71_P01_109_71/candidate_01_frame_011983_left/label_heatmap_merged.npy,/Users/huhu/Documents/Code/bishe/vrb/vrbreproduction/outputs/100subaction-e8/experiments/E8/pipeline_outputs/subaction_71_P01_109_71/candidate_01_frame_011983_left/label_heatmap_merged.png,/Users/huhu/Documents/Code/bishe/vrb/vrbreproduction/outputs/100subaction-e8/experiments/E8/pipeline_outputs/subaction_71_P01_109_71/candidate_01_frame_011983_left/mask_projection_overlay.png,"(256, 456)",isotropic_e7,True,False
E8,71,P01_109_71,put down potato slices,put-down,slice:potato,['slice:potato'],11963,11994,11962.0,11993.0,2.0,11983.0,right,new_contact_episode,23,4,82,"[292.0, 77.0, 399.0, 173.0]",3.4467298998182154,grabcut_fallback,bbox_fallback,fallback_lk,cotracker_weighted_affine,False,0.9941176470588236,36,34,33,0.9705882352941176,0.4198082685470581,5,0.0,9984.0,success,361,0.8996086310076885,,11982.0,pre_contact_gap_tracked_reference,1.0,cotracker_weighted_affine,success,5,0.0,0.24906666666666666,,,,,,,success,keep,,5.635746928414176,/Users/huhu/Documents/Code/bishe/vrb/vrbreproduction/outputs/100subaction-e8/experiments/E8/pipeline_outputs/subaction_71_P01_109_71/candidate_02_frame_011983_right,/Users/huhu/Documents/Code/bishe/vrb/vrbreproduction/outputs/100subaction-e8/experiments/E8/pipeline_outputs/subaction_71_P01_109_71/candidate_02_frame_011983_right,/Users/huhu/Documents/Code/bishe/vrb/vrbreproduction/outputs/100subaction-e8/experiments/E8/pipeline_outputs/subaction_71_P01_109_71/candidate_02_frame_011983_right/reference_frame.png,/Users/huhu/Documents/Code/bishe/vrb/vrbreproduction/outputs/100subaction-e8/experiments/E8/pipeline_outputs/subaction_71_P01_109_71/candidate_02_frame_011983_right/label_heatmap_merged_overlay.png,/Users/huhu/Documents/Code/bishe/vrb/vrbreproduction/outputs/100subaction-e8/experiments/E8/pipeline_outputs/subaction_71_P01_109_71/candidate_02_frame_011983_right/vrb_style_affordance.png,6.0,0.0,"[289.26, 76.4, 393.21, 172.0]",/Users/huhu/Documents/Code/bishe/vrb/vrbreproduction/outputs/100subaction-e8/experiments/E8/pipeline_outputs/subaction_71_P01_109_71/candidate_02_frame_011983_right/label_heatmap_merged.npy,/Users/huhu/Documents/Code/bishe/vrb/vrbreproduction/outputs/100subaction-e8/experiments/E8/pipeline_outputs/subaction_71_P01_109_71/candidate_02_frame_011983_right/label_heatmap_merged.png,/Users/huhu/Documents/Code/bishe/vrb/vrbreproduction/outputs/100subaction-e8/experiments/E8/pipeline_outputs/subaction_71_P01_109_71/candidate_02_frame_011983_right/mask_projection_overlay.png,"(256, 456)",isotropic_e7,True,True
E8,71,P01_109_71,put down potato slices,put-down,slice:potato,['slice:potato'],11963,11994,11962.0,11993.0,3.0,11984.0,right,new_contact_episode,23,4,123,"[299.0, 74.0, 420.0, 201.0]",3.372435797977271,grabcut_fallback,bbox_fallback,fallback_lk,cotracker_weighted_affine,False,0.8875757575757576,36,33,26,0.7878787878787878,1.1132104396820068,4,0.0,10395.0,success,361,0.8996086310076885,,11982.0,pre_contact_gap_tracked_reference,2.0,cotracker_weighted_affine,success,4,0.0,0.24906666666666666,,,,,,,success,keep,,5.081912777718631,/Users/huhu/Documents/Code/bishe/vrb/vrbreproduction/outputs/100subaction-e8/experiments/E8/pipeline_outputs/subaction_71_P01_109_71/candidate_03_frame_011984_right,/Users/huhu/Documents/Code/bishe/vrb/vrbreproduction/outputs/100subaction-e8/experiments/E8/pipeline_outputs/subaction_71_P01_109_71/candidate_03_frame_011984_right,/Users/huhu/Documents/Code/bishe/vrb/vrbreproduction/outputs/100subaction-e8/experiments/E8/pipeline_outputs/subaction_71_P01_109_71/candidate_03_frame_011984_right/reference_frame.png,/Users/huhu/Documents/Code/bishe/vrb/vrbreproduction/outputs/100subaction-e8/experiments/E8/pipeline_outputs/subaction_71_P01_109_71/candidate_03_frame_011984_right/label_heatmap_merged_overlay.png,/Users/huhu/Documents/Code/bishe/vrb/vrbreproduction/outputs/100subaction-e8/experiments/E8/pipeline_outputs/subaction_71_P01_109_71/candidate_03_frame_011984_right/vrb_style_affordance.png,6.0,0.0,"[289.59, 75.92, 395.31, 175.32]",/Users/huhu/Documents/Code/bishe/vrb/vrbreproduction/outputs/100subaction-e8/experiments/E8/pipeline_outputs/subaction_71_P01_109_71/candidate_03_frame_011984_right/label_heatmap_merged.npy,/Users/huhu/Documents/Code/bishe/vrb/vrbreproduction/outputs/100subaction-e8/experiments/E8/pipeline_outputs/subaction_71_P01_109_71/candidate_03_frame_011984_right/label_heatmap_merged.png,/Users/huhu/Documents/Code/bishe/vrb/vrbreproduction/outputs/100subaction-e8/experiments/E8/pipeline_outputs/subaction_71_P01_109_71/candidate_03_frame_011984_right/mask_projection_overlay.png,"(256, 456)",isotropic_e7,True,False
E8,72,P01_109_72,pick up potato slices,pick-up,slice:potato,,12007,12071,,,,,,,130,0,0,,,,,,,False,,0,0,0,,,0,,,not_run,0,0.0,,,,,,not_run,0,,,,,,,,,not_run,discard,continuation_contact_run,,,,,,,,,,,,,,,,False
E8,73,P01_109_73,put down potato slices,put-down,slice:potato,['slice:potato'],12070,12186,12069.0,12185.0,0.0,12104.0,right,new_contact_episode,194,12,85,"[214.0, 145.0, 242.0, 183.0]",4.009811632506393,grabcut_fallback,bbox_fallback,fallback_lk,cotracker_weighted_affine,False,0.9916666666666667,30,24,23,0.9583333333333334,1.2481606006622314,5,0.0,1120.0,success,361,0.5100594460712041,,12103.0,earliest_reliable_tracked_reference_no_pre_gap,1.0,cotracker_weighted_affine,success,5,0.0,0.36102222222222224,,,,,,,success,keep,,5.433771848646799,/Users/huhu/Documents/Code/bishe/vrb/vrbreproduction/outputs/100subaction-e8/experiments/E8/pipeline_outputs/subaction_73_P01_109_73/candidate_00_frame_012104_right,/Users/huhu/Documents/Code/bishe/vrb/vrbreproduction/outputs/100subaction-e8/experiments/E8/pipeline_outputs/subaction_73_P01_109_73/candidate_00_frame_012104_right,/Users/huhu/Documents/Code/bishe/vrb/vrbreproduction/outputs/100subaction-e8/experiments/E8/pipeline_outputs/subaction_73_P01_109_73/candidate_00_frame_012104_right/reference_frame.png,/Users/huhu/Documents/Code/bishe/vrb/vrbreproduction/outputs/100subaction-e8/experiments/E8/pipeline_outputs/subaction_73_P01_109_73/candidate_00_frame_012104_right/label_heatmap_merged_overlay.png,/Users/huhu/Documents/Code/bishe/vrb/vrbreproduction/outputs/100subaction-e8/experiments/E8/pipeline_outputs/subaction_73_P01_109_73/candidate_00_frame_012104_right/vrb_style_affordance.png,6.0,0.0,"[211.87, 144.86, 239.82, 185.3]",/Users/huhu/Documents/Code/bishe/vrb/vrbreproduction/outputs/100subaction-e8/experiments/E8/pipeline_outputs/subaction_73_P01_109_73/candidate_00_frame_012104_right/label_heatmap_merged.npy,/Users/huhu/Documents/Code/bishe/vrb/vrbreproduction/outputs/100subaction-e8/experiments/E8/pipeline_outputs/subaction_73_P01_109_73/candidate_00_frame_012104_right/label_heatmap_merged.png,/Users/huhu/Documents/Code/bishe/vrb/vrbreproduction/outputs/100subaction-e8/experiments/E8/pipeline_outputs/subaction_73_P01_109_73/candidate_00_frame_012104_right/mask_projection_overlay.png,"(256, 456)",isotropic_e7,True,True
E8,73,P01_109_73,put down potato slices,put-down,slice:potato,['slice:potato'],12070,12186,12069.0,12185.0,1.0,12105.0,right,new_contact_episode,194,12,111,"[215.0, 143.0, 242.0, 183.0]",4.129972246202392,grabcut_fallback,bbox_fallback,fallback_lk,cotracker_weighted_affine,False,0.9299999999999999,30,30,30,1.0,0.8635472059249878,4,0.0,1092.0,success,361,0.5100594460712041,,12104.0,earliest_reliable_tracked_reference_no_pre_gap,1.0,cotracker_weighted_affine,success,4,0.0,0.3224,,,,,,,success,keep,,5.144493583822249,/Users/huhu/Documents/Code/bishe/vrb/vrbreproduction/outputs/100subaction-e8/experiments/E8/pipeline_outputs/subaction_73_P01_109_73/candidate_01_frame_012105_right,/Users/huhu/Documents/Code/bishe/vrb/vrbreproduction/outputs/100subaction-e8/experiments/E8/pipeline_outputs/subaction_73_P01_109_73/candidate_01_frame_012105_right,/Users/huhu/Documents/Code/bishe/vrb/vrbreproduction/outputs/100subaction-e8/experiments/E8/pipeline_outputs/subaction_73_P01_109_73/candidate_01_frame_012105_right/reference_frame.png,/Users/huhu/Documents/Code/bishe/vrb/vrbreproduction/outputs/100subaction-e8/experiments/E8/pipeline_outputs/subaction_73_P01_109_73/candidate_01_frame_012105_right/label_heatmap_merged_overlay.png,/Users/huhu/Documents/Code/bishe/vrb/vrbreproduction/outputs/100subaction-e8/experiments/E8/pipeline_outputs/subaction_73_P01_109_73/candidate_01_frame_012105_right/vrb_style_affordance.png,6.0,0.0,"[213.63, 144.4, 241.51, 183.42]",/Users/huhu/Documents/Code/bishe/vrb/vrbreproduction/outputs/100subaction-e8/experiments/E8/pipeline_outputs/subaction_73_P01_109_73/candidate_01_frame_012105_right/label_heatmap_merged.npy,/Users/huhu/Documents/Code/bishe/vrb/vrbreproduction/outputs/100subaction-e8/experiments/E8/pipeline_outputs/subaction_73_P01_109_73/candidate_01_frame_012105_right/label_heatmap_merged.png,/Users/huhu/Documents/Code/bishe/vrb/vrbreproduction/outputs/100subaction-e8/experiments/E8/pipeline_outputs/subaction_73_P01_109_73/candidate_01_frame_012105_right/mask_projection_overlay.png,"(256, 456)",isotropic_e7,True,False
E8,73,P01_109_73,put down potato slices,put-down,slice:potato,['slice:potato'],12070,12186,12069.0,12185.0,2.0,12106.0,right,new_contact_episode,194,12,112,"[218.0, 141.0, 244.0, 181.0]",4.133042278033143,grabcut_fallback,bbox_fallback,fallback_lk,cotracker_weighted_affine,False,0.9333333333333333,30,21,14,0.6666666666666666,1.2426879405975342,5,0.0,1080.0,success,361,0.5100594460712041,,12100.0,earliest_reliable_tracked_reference_no_pre_gap,6.0,cotracker_weighted_affine,success,5,0.0,0.36017777777777776,,,,,,,success,keep,,5.186452695115408,/Users/huhu/Documents/Code/bishe/vrb/vrbreproduction/outputs/100subaction-e8/experiments/E8/pipeline_outputs/subaction_73_P01_109_73/candidate_02_frame_012106_right,/Users/huhu/Documents/Code/bishe/vrb/vrbreproduction/outputs/100subaction-e8/experiments/E8/pipeline_outputs/subaction_73_P01_109_73/candidate_02_frame_012106_right,/Users/huhu/Documents/Code/bishe/vrb/vrbreproduction/outputs/100subaction-e8/experiments/E8/pipeline_outputs/subaction_73_P01_109_73/candidate_02_frame_012106_right/reference_frame.png,/Users/huhu/Documents/Code/bishe/vrb/vrbreproduction/outputs/100subaction-e8/experiments/E8/pipeline_outputs/subaction_73_P01_109_73/candidate_02_frame_012106_right/label_heatmap_merged_overlay.png,/Users/huhu/Documents/Code/bishe/vrb/vrbreproduction/outputs/100subaction-e8/experiments/E8/pipeline_outputs/subaction_73_P01_109_73/candidate_02_frame_012106_right/vrb_style_affordance.png,6.0,0.0,"[202.25, 147.08, 228.58, 187.06]",/Users/huhu/Documents/Code/bishe/vrb/vrbreproduction/outputs/100subaction-e8/experiments/E8/pipeline_outputs/subaction_73_P01_109_73/candidate_02_frame_012106_right/label_heatmap_merged.npy,/Users/huhu/Documents/Code/bishe/vrb/vrbreproduction/outputs/100subaction-e8/experiments/E8/pipeline_outputs/subaction_73_P01_109_73/candidate_02_frame_012106_right/label_heatmap_merged.png,/Users/huhu/Documents/Code/bishe/vrb/vrbreproduction/outputs/100subaction-e8/experiments/E8/pipeline_outputs/subaction_73_P01_109_73/candidate_02_frame_012106_right/mask_projection_overlay.png,"(256, 456)",isotropic_e7,True,False
E8,73,P01_109_73,put down potato slices,put-down,slice:potato,['slice:potato'],12070,12186,12069.0,12185.0,3.0,12135.0,right,new_contact_episode,194,12,96,"[202.0, 124.0, 248.0, 162.0]",3.8905506123479037,grabcut_fallback,bbox_fallback,fallback_lk,cotracker_weighted_affine,False,0.8599999999999999,36,25,25,1.0,0.9384734034538269,3,0.0,1806.0,success,361,0.5100594460712041,,12129.0,earliest_reliable_tracked_reference_no_pre_gap,6.0,cotracker_weighted_affine,success,3,0.0,0.3369333333333333,,,,,,,success,keep,,4.700445797896386,/Users/huhu/Documents/Code/bishe/vrb/vrbreproduction/outputs/100subaction-e8/experiments/E8/pipeline_outputs/subaction_73_P01_109_73/candidate_03_frame_012135_right,/Users/huhu/Documents/Code/bishe/vrb/vrbreproduction/outputs/100subaction-e8/experiments/E8/pipeline_outputs/subaction_73_P01_109_73/candidate_03_frame_012135_right,/Users/huhu/Documents/Code/bishe/vrb/vrbreproduction/outputs/100subaction-e8/experiments/E8/pipeline_outputs/subaction_73_P01_109_73/candidate_03_frame_012135_right/reference_frame.png,/Users/huhu/Documents/Code/bishe/vrb/vrbreproduction/outputs/100subaction-e8/experiments/E8/pipeline_outputs/subaction_73_P01_109_73/candidate_03_frame_012135_right/label_heatmap_merged_overlay.png,/Users/huhu/Documents/Code/bishe/vrb/vrbreproduction/outputs/100subaction-e8/experiments/E8/pipeline_outputs/subaction_73_P01_109_73/candidate_03_frame_012135_right/vrb_style_affordance.png,6.0,0.0,"[195.43, 121.39, 237.69, 162.77]",/Users/huhu/Documents/Code/bishe/vrb/vrbreproduction/outputs/100subaction-e8/experiments/E8/pipeline_outputs/subaction_73_P01_109_73/candidate_03_frame_012135_right/label_heatmap_merged.npy,/Users/huhu/Documents/Code/bishe/vrb/vrbreproduction/outputs/100subaction-e8/experiments/E8/pipeline_outputs/subaction_73_P01_109_73/candidate_03_frame_012135_right/label_heatmap_merged.png,/Users/huhu/Documents/Code/bishe/vrb/vrbreproduction/outputs/100subaction-e8/experiments/E8/pipeline_outputs/subaction_73_P01_109_73/candidate_03_frame_012135_right/mask_projection_overlay.png,"(256, 456)",isotropic_e7,True,False
E8,73,P01_109_73,put down potato slices,put-down,slice:potato,['slice:potato'],12070,12186,12069.0,12185.0,4.0,12136.0,right,new_contact_episode,194,12,122,"[205.0, 122.0, 249.0, 161.0]",3.8941748263141935,grabcut_fallback,bbox_fallback,fallback_lk,cotracker_weighted_affine,False,0.8800000000000001,36,20,8,0.4,1.8892613649368286,5,0.0,1320.0,success,361,0.5100594460712041,,12087.0,earliest_reliable_tracked_reference_no_pre_gap,49.0,cotracker_weighted_affine,success,5,0.0,0.17831111111111111,,,,,,,success,keep,,4.981855492385229,/Users/huhu/Documents/Code/bishe/vrb/vrbreproduction/outputs/100subaction-e8/experiments/E8/pipeline_outputs/subaction_73_P01_109_73/candidate_04_frame_012136_right,/Users/huhu/Documents/Code/bishe/vrb/vrbreproduction/outputs/100subaction-e8/experiments/E8/pipeline_outputs/subaction_73_P01_109_73/candidate_04_frame_012136_right,/Users/huhu/Documents/Code/bishe/vrb/vrbreproduction/outputs/100subaction-e8/experiments/E8/pipeline_outputs/subaction_73_P01_109_73/candidate_04_frame_012136_right/reference_frame.png,/Users/huhu/Documents/Code/bishe/vrb/vrbreproduction/outputs/100subaction-e8/experiments/E8/pipeline_outputs/subaction_73_P01_109_73/candidate_04_frame_012136_right/label_heatmap_merged_overlay.png,/Users/huhu/Documents/Code/bishe/vrb/vrbreproduction/outputs/100subaction-e8/experiments/E8/pipeline_outputs/subaction_73_P01_109_73/candidate_04_frame_012136_right/vrb_style_affordance.png,6.0,0.0,"[190.51, 138.14, 224.19, 178.43]",/Users/huhu/Documents/Code/bishe/vrb/vrbreproduction/outputs/100subaction-e8/experiments/E8/pipeline_outputs/subaction_73_P01_109_73/candidate_04_frame_012136_right/label_heatmap_merged.npy,/Users/huhu/Documents/Code/bishe/vrb/vrbreproduction/outputs/100subaction-e8/experiments/E8/pipeline_outputs/subaction_73_P01_109_73/candidate_04_frame_012136_right/label_heatmap_merged.png,/Users/huhu/Documents/Code/bishe/vrb/vrbreproduction/outputs/100subaction-e8/experiments/E8/pipeline_outputs/subaction_73_P01_109_73/candidate_04_frame_012136_right/mask_projection_overlay.png,"(256, 456)",isotropic_e7,True,False
E8,73,P01_109_73,put down potato slices,put-down,slice:potato,['slice:potato'],12070,12186,12069.0,12185.0,5.0,12137.0,right,new_contact_episode,194,12,140,"[202.0, 120.0, 250.0, 162.0]",3.8617644702501575,grabcut_fallback,bbox_fallback,fallback_lk,cotracker_weighted_affine,False,0.8599999999999999,36,36,36,1.0,0.6214258670806885,3,0.0,1845.0,success,361,0.5100594460712041,,12136.0,earliest_reliable_tracked_reference_no_pre_gap,1.0,cotracker_weighted_affine,success,3,0.0,0.3159111111111111,,,,,,,success,keep,,4.771490557320912,/Users/huhu/Documents/Code/bishe/vrb/vrbreproduction/outputs/100subaction-e8/experiments/E8/pipeline_outputs/subaction_73_P01_109_73/candidate_05_frame_012137_right,/Users/huhu/Documents/Code/bishe/vrb/vrbreproduction/outputs/100subaction-e8/experiments/E8/pipeline_outputs/subaction_73_P01_109_73/candidate_05_frame_012137_right,/Users/huhu/Documents/Code/bishe/vrb/vrbreproduction/outputs/100subaction-e8/experiments/E8/pipeline_outputs/subaction_73_P01_109_73/candidate_05_frame_012137_right/reference_frame.png,/Users/huhu/Documents/Code/bishe/vrb/vrbreproduction/outputs/100subaction-e8/experiments/E8/pipeline_outputs/subaction_73_P01_109_73/candidate_05_frame_012137_right/label_heatmap_merged_overlay.png,/Users/huhu/Documents/Code/bishe/vrb/vrbreproduction/outputs/100subaction-e8/experiments/E8/pipeline_outputs/subaction_73_P01_109_73/candidate_05_frame_012137_right/vrb_style_affordance.png,6.0,0.0,"[203.56, 121.12, 249.32, 161.57]",/Users/huhu/Documents/Code/bishe/vrb/vrbreproduction/outputs/100subaction-e8/experiments/E8/pipeline_outputs/subaction_73_P01_109_73/candidate_05_frame_012137_right/label_heatmap_merged.npy,/Users/huhu/Documents/Code/bishe/vrb/vrbreproduction/outputs/100subaction-e8/experiments/E8/pipeline_outputs/subaction_73_P01_109_73/candidate_05_frame_012137_right/label_heatmap_merged.png,/Users/huhu/Documents/Code/bishe/vrb/vrbreproduction/outputs/100subaction-e8/experiments/E8/pipeline_outputs/subaction_73_P01_109_73/candidate_05_frame_012137_right/mask_projection_overlay.png,"(256, 456)",isotropic_e7,True,False
E8,73,P01_109_73,put down potato slices,put-down,slice:potato,['slice:potato'],12070,12186,12069.0,12185.0,6.0,12169.0,left,new_contact_episode,194,12,9,"[274.0, 86.0, 297.0, 116.0]",3.8939442531306843,grabcut_fallback,bbox_fallback,fallback_lk,cotracker_weighted_affine,False,1.0,36,34,34,1.0,0.32648488879203796,5,0.0,713.0,success,361,0.5100594460712041,,12168.0,pre_contact_gap_tracked_reference,1.0,cotracker_weighted_affine,success,5,0.0,0.18826666666666667,,,,,,,success,keep,,5.7203054533362385,/Users/huhu/Documents/Code/bishe/vrb/vrbreproduction/outputs/100subaction-e8/experiments/E8/pipeline_outputs/subaction_73_P01_109_73/candidate_06_frame_012169_left,/Users/huhu/Documents/Code/bishe/vrb/vrbreproduction/outputs/100subaction-e8/experiments/E8/pipeline_outputs/subaction_73_P01_109_73/candidate_06_frame_012169_left,/Users/huhu/Documents/Code/bishe/vrb/vrbreproduction/outputs/100subaction-e8/experiments/E8/pipeline_outputs/subaction_73_P01_109_73/candidate_06_frame_012169_left/reference_frame.png,/Users/huhu/Documents/Code/bishe/vrb/vrbreproduction/outputs/100subaction-e8/experiments/E8/pipeline_outputs/subaction_73_P01_109_73/candidate_06_frame_012169_left/label_heatmap_merged_overlay.png,/Users/huhu/Documents/Code/bishe/vrb/vrbreproduction/outputs/100subaction-e8/experiments/E8/pipeline_outputs/subaction_73_P01_109_73/candidate_06_frame_012169_left/vrb_style_affordance.png,6.0,0.0,"[271.72, 84.01, 295.43, 114.69]",/Users/huhu/Documents/Code/bishe/vrb/vrbreproduction/outputs/100subaction-e8/experiments/E8/pipeline_outputs/subaction_73_P01_109_73/candidate_06_frame_012169_left/label_heatmap_merged.npy,/Users/huhu/Documents/Code/bishe/vrb/vrbreproduction/outputs/100subaction-e8/experiments/E8/pipeline_outputs/subaction_73_P01_109_73/candidate_06_frame_012169_left/label_heatmap_merged.png,/Users/huhu/Documents/Code/bishe/vrb/vrbreproduction/outputs/100subaction-e8/experiments/E8/pipeline_outputs/subaction_73_P01_109_73/candidate_06_frame_012169_left/mask_projection_overlay.png,"(256, 456)",isotropic_e7,True,True
E8,73,P01_109_73,put down potato slices,put-down,slice:potato,['slice:potato'],12070,12186,12069.0,12185.0,7.0,12170.0,left,new_contact_episode,194,12,16,"[275.0, 88.0, 302.0, 119.0]",4.0250317934909505,grabcut_fallback,,,,False,,36,0,0,,,0,,,success,361,0.5100594460712041,,,,,,failed,0,,,,,,,,,not_run,discard,mask_gate_failed,,/Users/huhu/Documents/Code/bishe/vrb/vrbreproduction/outputs/100subaction-e8/experiments/E8/pipeline_outputs/subaction_73_P01_109_73/candidate_07_frame_012170_left,,,,,6.0,0.0,,,,,,,,False
E8,73,P01_109_73,put down potato slices,put-down,slice:potato,['slice:potato'],12070,12186,12069.0,12185.0,8.0,12171.0,left,new_contact_episode,194,12,8,"[278.0, 88.0, 304.0, 118.0]",3.975365457591889,grabcut_fallback,,,,False,,12,0,0,,,0,,,not_run,0,0.0,,,,,,not_run,0,,,,,,,,,not_run,discard,insufficient_tracking_points,,/Users/huhu/Documents/Code/bishe/vrb/vrbreproduction/outputs/100subaction-e8/experiments/E8/pipeline_outputs/subaction_73_P01_109_73/candidate_08_frame_012171_left,,,,,,,,,,,,,,False
E8,73,P01_109_73,put down potato slices,put-down,slice:potato,['slice:potato'],12070,12186,12069.0,12185.0,9.0,12169.0,right,new_contact_episode,194,12,51,"[307.0, 129.0, 336.0, 156.0]",3.761484190165907,grabcut_fallback,bbox_fallback,fallback_lk,cotracker_weighted_affine,False,1.0,30,30,30,1.0,0.5694663524627686,5,0.0,870.0,success,361,0.5100594460712041,,12168.0,pre_contact_gap_tracked_reference,1.0,cotracker_weighted_affine,success,5,0.0,0.21502222222222223,,,,,,,success,keep,,5.672882676092783,/Users/huhu/Documents/Code/bishe/vrb/vrbreproduction/outputs/100subaction-e8/experiments/E8/pipeline_outputs/subaction_73_P01_109_73/candidate_09_frame_012169_right,/Users/huhu/Documents/Code/bishe/vrb/vrbreproduction/outputs/100subaction-e8/experiments/E8/pipeline_outputs/subaction_73_P01_109_73/candidate_09_frame_012169_right,/Users/huhu/Documents/Code/bishe/vrb/vrbreproduction/outputs/100subaction-e8/experiments/E8/pipeline_outputs/subaction_73_P01_109_73/candidate_09_frame_012169_right/reference_frame.png,/Users/huhu/Documents/Code/bishe/vrb/vrbreproduction/outputs/100subaction-e8/experiments/E8/pipeline_outputs/subaction_73_P01_109_73/candidate_09_frame_012169_right/label_heatmap_merged_overlay.png,/Users/huhu/Documents/Code/bishe/vrb/vrbreproduction/outputs/100subaction-e8/experiments/E8/pipeline_outputs/subaction_73_P01_109_73/candidate_09_frame_012169_right/vrb_style_affordance.png,6.0,0.0,"[304.94, 126.44, 335.42, 154.9]",/Users/huhu/Documents/Code/bishe/vrb/vrbreproduction/outputs/100subaction-e8/experiments/E8/pipeline_outputs/subaction_73_P01_109_73/candidate_09_frame_012169_right/label_heatmap_merged.npy,/Users/huhu/Documents/Code/bishe/vrb/vrbreproduction/outputs/100subaction-e8/experiments/E8/pipeline_outputs/subaction_73_P01_109_73/candidate_09_frame_012169_right/label_heatmap_merged.png,/Users/huhu/Documents/Code/bishe/vrb/vrbreproduction/outputs/100subaction-e8/experiments/E8/pipeline_outputs/subaction_73_P01_109_73/candidate_09_frame_012169_right/mask_projection_overlay.png,"(256, 456)",isotropic_e7,True,False
E8,73,P01_109_73,put down potato slices,put-down,slice:potato,['slice:potato'],12070,12186,12069.0,12185.0,10.0,12170.0,right,new_contact_episode,194,12,58,"[308.0, 130.0, 338.0, 158.0]",3.9220561803081777,grabcut_fallback,bbox_fallback,fallback_lk,cotracker_weighted_affine,False,1.0,30,30,30,1.0,1.1420854330062866,5,0.0,899.0,success,361,0.5100594460712041,,12168.0,pre_contact_gap_tracked_reference,2.0,cotracker_weighted_affine,success,5,0.0,0.2076888888888889,,,,,,,success,keep,,5.660704103676478,/Users/huhu/Documents/Code/bishe/vrb/vrbreproduction/outputs/100subaction-e8/experiments/E8/pipeline_outputs/subaction_73_P01_109_73/candidate_10_frame_012170_right,/Users/huhu/Documents/Code/bishe/vrb/vrbreproduction/outputs/100subaction-e8/experiments/E8/pipeline_outputs/subaction_73_P01_109_73/candidate_10_frame_012170_right,/Users/huhu/Documents/Code/bishe/vrb/vrbreproduction/outputs/100subaction-e8/experiments/E8/pipeline_outputs/subaction_73_P01_109_73/candidate_10_frame_012170_right/reference_frame.png,/Users/huhu/Documents/Code/bishe/vrb/vrbreproduction/outputs/100subaction-e8/experiments/E8/pipeline_outputs/subaction_73_P01_109_73/candidate_10_frame_012170_right/label_heatmap_merged_overlay.png,/Users/huhu/Documents/Code/bishe/vrb/vrbreproduction/outputs/100subaction-e8/experiments/E8/pipeline_outputs/subaction_73_P01_109_73/candidate_10_frame_012170_right/vrb_style_affordance.png,6.0,0.0,"[304.51, 125.93, 335.98, 155.38]",/Users/huhu/Documents/Code/bishe/vrb/vrbreproduction/outputs/100subaction-e8/experiments/E8/pipeline_outputs/subaction_73_P01_109_73/candidate_10_frame_012170_right/label_heatmap_merged.npy,/Users/huhu/Documents/Code/bishe/vrb/vrbreproduction/outputs/100subaction-e8/experiments/E8/pipeline_outputs/subaction_73_P01_109_73/candidate_10_frame_012170_right/label_heatmap_merged.png,/Users/huhu/Documents/Code/bishe/vrb/vrbreproduction/outputs/100subaction-e8/experiments/E8/pipeline_outputs/subaction_73_P01_109_73/candidate_10_frame_012170_right/mask_projection_overlay.png,"(256, 456)",isotropic_e7,True,False
E8,73,P01_109_73,put down potato slices,put-down,slice:potato,['slice:potato'],12070,12186,12069.0,12185.0,11.0,12171.0,right,new_contact_episode,194,12,55,"[311.0, 131.0, 341.0, 159.0]",4.001155299442431,grabcut_fallback,bbox_fallback,fallback_lk,cotracker_weighted_affine,False,0.9444444444444445,36,36,26,0.7222222222222222,1.60908842086792,5,0.0,5025.0,success,361,0.5100594460712041,,12165.0,pre_contact_gap_tracked_reference,6.0,cotracker_weighted_affine,success,5,0.0,0.23048888888888888,,,,,,,success,keep,,5.411660680707296,/Users/huhu/Documents/Code/bishe/vrb/vrbreproduction/outputs/100subaction-e8/experiments/E8/pipeline_outputs/subaction_73_P01_109_73/candidate_11_frame_012171_right,/Users/huhu/Documents/Code/bishe/vrb/vrbreproduction/outputs/100subaction-e8/experiments/E8/pipeline_outputs/subaction_73_P01_109_73/candidate_11_frame_012171_right,/Users/huhu/Documents/Code/bishe/vrb/vrbreproduction/outputs/100subaction-e8/experiments/E8/pipeline_outputs/subaction_73_P01_109_73/candidate_11_frame_012171_right/reference_frame.png,/Users/huhu/Documents/Code/bishe/vrb/vrbreproduction/outputs/100subaction-e8/experiments/E8/pipeline_outputs/subaction_73_P01_109_73/candidate_11_frame_012171_right/label_heatmap_merged_overlay.png,/Users/huhu/Documents/Code/bishe/vrb/vrbreproduction/outputs/100subaction-e8/experiments/E8/pipeline_outputs/subaction_73_P01_109_73/candidate_11_frame_012171_right/vrb_style_affordance.png,6.0,0.0,"[272.6, 85.37, 347.75, 151.56]",/Users/huhu/Documents/Code/bishe/vrb/vrbreproduction/outputs/100subaction-e8/experiments/E8/pipeline_outputs/subaction_73_P01_109_73/candidate_11_frame_012171_right/label_heatmap_merged.npy,/Users/huhu/Documents/Code/bishe/vrb/vrbreproduction/outputs/100subaction-e8/experiments/E8/pipeline_outputs/subaction_73_P01_109_73/candidate_11_frame_012171_right/label_heatmap_merged.png,/Users/huhu/Documents/Code/bishe/vrb/vrbreproduction/outputs/100subaction-e8/experiments/E8/pipeline_outputs/subaction_73_P01_109_73/candidate_11_frame_012171_right/mask_projection_overlay.png,"(256, 456)",isotropic_e7,True,True
E8,74,P01_109_74,pick up potato slices,pick-up,slice:potato,['slice:potato'],12181,12263,12180.0,12262.0,0.0,12190.0,left,new_contact_episode,131,11,83,"[204.0, 154.0, 264.0, 211.0]",3.6395223693982106,grabcut_fallback,bbox_fallback,fallback_lk,cotracker_weighted_affine,False,0.9473684210526316,36,19,14,0.7368421052631579,1.334951639175415,5,0.0,3843.0,success,361,0.24896208118177174,,12177.0,earliest_reliable_tracked_reference_no_pre_gap,13.0,cotracker_weighted_affine,success,5,0.0,0.0,,,,,,,success,keep,,5.35998500628521,/Users/huhu/Documents/Code/bishe/vrb/vrbreproduction/outputs/100subaction-e8/experiments/E8/pipeline_outputs/subaction_74_P01_109_74/candidate_00_frame_012190_left,/Users/huhu/Documents/Code/bishe/vrb/vrbreproduction/outputs/100subaction-e8/experiments/E8/pipeline_outputs/subaction_74_P01_109_74/candidate_00_frame_012190_left,/Users/huhu/Documents/Code/bishe/vrb/vrbreproduction/outputs/100subaction-e8/experiments/E8/pipeline_outputs/subaction_74_P01_109_74/candidate_00_frame_012190_left/reference_frame.png,/Users/huhu/Documents/Code/bishe/vrb/vrbreproduction/outputs/100subaction-e8/experiments/E8/pipeline_outputs/subaction_74_P01_109_74/candidate_00_frame_012190_left/label_heatmap_merged_overlay.png,/Users/huhu/Documents/Code/bishe/vrb/vrbreproduction/outputs/100subaction-e8/experiments/E8/pipeline_outputs/subaction_74_P01_109_74/candidate_00_frame_012190_left/vrb_style_affordance.png,6.0,0.0,"[140.61, 159.07, 203.88, 219.78]",/Users/huhu/Documents/Code/bishe/vrb/vrbreproduction/outputs/100subaction-e8/experiments/E8/pipeline_outputs/subaction_74_P01_109_74/candidate_00_frame_012190_left/label_heatmap_merged.npy,/Users/huhu/Documents/Code/bishe/vrb/vrbreproduction/outputs/100subaction-e8/experiments/E8/pipeline_outputs/subaction_74_P01_109_74/candidate_00_frame_012190_left/label_heatmap_merged.png,/Users/huhu/Documents/Code/bishe/vrb/vrbreproduction/outputs/100subaction-e8/experiments/E8/pipeline_outputs/subaction_74_P01_109_74/candidate_00_frame_012190_left/mask_projection_overlay.png,"(256, 456)",isotropic_e7,True,False
E8,74,P01_109_74,pick up potato slices,pick-up,slice:potato,['slice:potato'],12181,12263,12180.0,12262.0,1.0,12191.0,left,new_contact_episode,131,11,0,"[385.0, 147.0, 424.0, 177.0]",0.6870105274451626,,,,,False,,0,0,0,,,0,,,not_run,0,0.0,,,,,,not_run,0,,,,,,,,,not_run,discard,contact_points_lt5_after_object_boundary_filter,,/Users/huhu/Documents/Code/bishe/vrb/vrbreproduction/outputs/100subaction-e8/experiments/E8/pipeline_outputs/subaction_74_P01_109_74/candidate_01_frame_012191_left,,,,,,,,,,,,,,False
E8,74,P01_109_74,pick up potato slices,pick-up,slice:potato,['slice:potato'],12181,12263,12180.0,12262.0,2.0,12192.0,left,new_contact_episode,131,11,0,"[388.0, 147.0, 425.0, 177.0]",0.6682067831886938,,,,,False,,0,0,0,,,0,,,not_run,0,0.0,,,,,,not_run,0,,,,,,,,,not_run,discard,contact_points_lt5_after_object_boundary_filter,,/Users/huhu/Documents/Code/bishe/vrb/vrbreproduction/outputs/100subaction-e8/experiments/E8/pipeline_outputs/subaction_74_P01_109_74/candidate_02_frame_012192_left,,,,,,,,,,,,,,False
E8,74,P01_109_74,pick up potato slices,pick-up,slice:potato,['slice:potato'],12181,12263,12180.0,12262.0,3.0,12199.0,left,new_contact_episode,131,11,68,"[177.0, 142.0, 222.0, 182.0]",3.758651368548458,grabcut_fallback,bbox_fallback,fallback_lk,cotracker_weighted_affine,False,0.9272727272727274,36,33,21,0.6363636363636364,0.4710172414779663,5,0.0,1932.0,success,361,0.2092942838098164,,12198.0,earliest_reliable_tracked_reference_no_pre_gap,1.0,cotracker_weighted_affine,success,5,0.0,0.17666666666666667,,,,,,,success,keep,,5.492142210028389,/Users/huhu/Documents/Code/bishe/vrb/vrbreproduction/outputs/100subaction-e8/experiments/E8/pipeline_outputs/subaction_74_P01_109_74/candidate_03_frame_012199_left,/Users/huhu/Documents/Code/bishe/vrb/vrbreproduction/outputs/100subaction-e8/experiments/E8/pipeline_outputs/subaction_74_P01_109_74/candidate_03_frame_012199_left,/Users/huhu/Documents/Code/bishe/vrb/vrbreproduction/outputs/100subaction-e8/experiments/E8/pipeline_outputs/subaction_74_P01_109_74/candidate_03_frame_012199_left/reference_frame.png,/Users/huhu/Documents/Code/bishe/vrb/vrbreproduction/outputs/100subaction-e8/experiments/E8/pipeline_outputs/subaction_74_P01_109_74/candidate_03_frame_012199_left/label_heatmap_merged_overlay.png,/Users/huhu/Documents/Code/bishe/vrb/vrbreproduction/outputs/100subaction-e8/experiments/E8/pipeline_outputs/subaction_74_P01_109_74/candidate_03_frame_012199_left/vrb_style_affordance.png,6.0,0.0,"[174.05, 142.86, 220.05, 185.36]",/Users/huhu/Documents/Code/bishe/vrb/vrbreproduction/outputs/100subaction-e8/experiments/E8/pipeline_outputs/subaction_74_P01_109_74/candidate_03_frame_012199_left/label_heatmap_merged.npy,/Users/huhu/Documents/Code/bishe/vrb/vrbreproduction/outputs/100subaction-e8/experiments/E8/pipeline_outputs/subaction_74_P01_109_74/candidate_03_frame_012199_left/label_heatmap_merged.png,/Users/huhu/Documents/Code/bishe/vrb/vrbreproduction/outputs/100subaction-e8/experiments/E8/pipeline_outputs/subaction_74_P01_109_74/candidate_03_frame_012199_left/mask_projection_overlay.png,"(256, 456)",isotropic_e7,True,False
E8,74,P01_109_74,pick up potato slices,pick-up,slice:potato,['slice:potato'],12181,12263,12180.0,12262.0,4.0,12200.0,left,new_contact_episode,131,11,78,"[179.0, 141.0, 224.0, 181.0]",3.9720643457733966,grabcut_fallback,bbox_fallback,fallback_lk,cotracker_weighted_affine,False,0.9828571428571429,36,35,32,0.9142857142857143,0.3024246096611023,5,0.0,1845.0,success,361,0.2092942838098164,,12199.0,earliest_reliable_tracked_reference_no_pre_gap,1.0,cotracker_weighted_affine,success,5,0.0,0.18088888888888888,,,,,,,success,keep,,5.699308214091118,/Users/huhu/Documents/Code/bishe/vrb/vrbreproduction/outputs/100subaction-e8/experiments/E8/pipeline_outputs/subaction_74_P01_109_74/candidate_04_frame_012200_left,/Users/huhu/Documents/Code/bishe/vrb/vrbreproduction/outputs/100subaction-e8/experiments/E8/pipeline_outputs/subaction_74_P01_109_74/candidate_04_frame_012200_left,/Users/huhu/Documents/Code/bishe/vrb/vrbreproduction/outputs/100subaction-e8/experiments/E8/pipeline_outputs/subaction_74_P01_109_74/candidate_04_frame_012200_left/reference_frame.png,/Users/huhu/Documents/Code/bishe/vrb/vrbreproduction/outputs/100subaction-e8/experiments/E8/pipeline_outputs/subaction_74_P01_109_74/candidate_04_frame_012200_left/label_heatmap_merged_overlay.png,/Users/huhu/Documents/Code/bishe/vrb/vrbreproduction/outputs/100subaction-e8/experiments/E8/pipeline_outputs/subaction_74_P01_109_74/candidate_04_frame_012200_left/vrb_style_affordance.png,6.0,0.0,"[176.95, 142.06, 222.38, 182.63]",/Users/huhu/Documents/Code/bishe/vrb/vrbreproduction/outputs/100subaction-e8/experiments/E8/pipeline_outputs/subaction_74_P01_109_74/candidate_04_frame_012200_left/label_heatmap_merged.npy,/Users/huhu/Documents/Code/bishe/vrb/vrbreproduction/outputs/100subaction-e8/experiments/E8/pipeline_outputs/subaction_74_P01_109_74/candidate_04_frame_012200_left/label_heatmap_merged.png,/Users/huhu/Documents/Code/bishe/vrb/vrbreproduction/outputs/100subaction-e8/experiments/E8/pipeline_outputs/subaction_74_P01_109_74/candidate_04_frame_012200_left/mask_projection_overlay.png,"(256, 456)",isotropic_e7,True,False
E8,74,P01_109_74,pick up potato slices,pick-up,slice:potato,['slice:potato'],12181,12263,12180.0,12262.0,5.0,12201.0,left,new_contact_episode,131,11,127,"[180.0, 141.0, 225.0, 181.0]",4.256530760232172,grabcut_fallback,bbox_fallback,fallback_lk,cotracker_weighted_affine,False,1.0,36,36,36,1.0,0.34022003412246704,5,0.0,1845.0,success,361,0.2092942838098164,,12200.0,earliest_reliable_tracked_reference_no_pre_gap,1.0,cotracker_weighted_affine,success,5,0.0,0.20364444444444443,,,,,,,success,keep,,5.728326732309658,/Users/huhu/Documents/Code/bishe/vrb/vrbreproduction/outputs/100subaction-e8/experiments/E8/pipeline_outputs/subaction_74_P01_109_74/candidate_05_frame_012201_left,/Users/huhu/Documents/Code/bishe/vrb/vrbreproduction/outputs/100subaction-e8/experiments/E8/pipeline_outputs/subaction_74_P01_109_74/candidate_05_frame_012201_left,/Users/huhu/Documents/Code/bishe/vrb/vrbreproduction/outputs/100subaction-e8/experiments/E8/pipeline_outputs/subaction_74_P01_109_74/candidate_05_frame_012201_left/reference_frame.png,/Users/huhu/Documents/Code/bishe/vrb/vrbreproduction/outputs/100subaction-e8/experiments/E8/pipeline_outputs/subaction_74_P01_109_74/candidate_05_frame_012201_left/label_heatmap_merged_overlay.png,/Users/huhu/Documents/Code/bishe/vrb/vrbreproduction/outputs/100subaction-e8/experiments/E8/pipeline_outputs/subaction_74_P01_109_74/candidate_05_frame_012201_left/vrb_style_affordance.png,6.0,0.0,"[178.53, 141.4, 223.73, 181.65]",/Users/huhu/Documents/Code/bishe/vrb/vrbreproduction/outputs/100subaction-e8/experiments/E8/pipeline_outputs/subaction_74_P01_109_74/candidate_05_frame_012201_left/label_heatmap_merged.npy,/Users/huhu/Documents/Code/bishe/vrb/vrbreproduction/outputs/100subaction-e8/experiments/E8/pipeline_outputs/subaction_74_P01_109_74/candidate_05_frame_012201_left/label_heatmap_merged.png,/Users/huhu/Documents/Code/bishe/vrb/vrbreproduction/outputs/100subaction-e8/experiments/E8/pipeline_outputs/subaction_74_P01_109_74/candidate_05_frame_012201_left/mask_projection_overlay.png,"(256, 456)",isotropic_e7,True,True
E8,74,P01_109_74,pick up potato slices,pick-up,slice:potato,['slice:potato'],12181,12263,12180.0,12262.0,6.0,12212.0,right,new_contact_episode,131,11,65,"[230.0, 106.0, 296.0, 190.0]",3.1112543901831025,grabcut_fallback,bbox_fallback,fallback_lk,cotracker_weighted_affine,False,0.8947058823529411,36,17,14,0.8235294117647058,1.288327932357788,4,0.0,4225.0,success,361,0.2092942838098164,,12188.0,earliest_reliable_tracked_reference_no_pre_gap,24.0,cotracker_weighted_affine,success,4,0.0,0.184,,,,,,,success,keep,,4.931407647247064,/Users/huhu/Documents/Code/bishe/vrb/vrbreproduction/outputs/100subaction-e8/experiments/E8/pipeline_outputs/subaction_74_P01_109_74/candidate_06_frame_012212_right,/Users/huhu/Documents/Code/bishe/vrb/vrbreproduction/outputs/100subaction-e8/experiments/E8/pipeline_outputs/subaction_74_P01_109_74/candidate_06_frame_012212_right,/Users/huhu/Documents/Code/bishe/vrb/vrbreproduction/outputs/100subaction-e8/experiments/E8/pipeline_outputs/subaction_74_P01_109_74/candidate_06_frame_012212_right/reference_frame.png,/Users/huhu/Documents/Code/bishe/vrb/vrbreproduction/outputs/100subaction-e8/experiments/E8/pipeline_outputs/subaction_74_P01_109_74/candidate_06_frame_012212_right/label_heatmap_merged_overlay.png,/Users/huhu/Documents/Code/bishe/vrb/vrbreproduction/outputs/100subaction-e8/experiments/E8/pipeline_outputs/subaction_74_P01_109_74/candidate_06_frame_012212_right/vrb_style_affordance.png,6.0,0.0,"[181.84, 146.52, 246.7, 211.81]",/Users/huhu/Documents/Code/bishe/vrb/vrbreproduction/outputs/100subaction-e8/experiments/E8/pipeline_outputs/subaction_74_P01_109_74/candidate_06_frame_012212_right/label_heatmap_merged.npy,/Users/huhu/Documents/Code/bishe/vrb/vrbreproduction/outputs/100subaction-e8/experiments/E8/pipeline_outputs/subaction_74_P01_109_74/candidate_06_frame_012212_right/label_heatmap_merged.png,/Users/huhu/Documents/Code/bishe/vrb/vrbreproduction/outputs/100subaction-e8/experiments/E8/pipeline_outputs/subaction_74_P01_109_74/candidate_06_frame_012212_right/mask_projection_overlay.png,"(256, 456)",isotropic_e7,True,False
E8,74,P01_109_74,pick up potato slices,pick-up,slice:potato,['slice:potato'],12181,12263,12180.0,12262.0,7.0,12214.0,right,new_contact_episode,131,11,50,"[229.0, 103.0, 280.0, 168.0]",3.1192284758658717,grabcut_fallback,bbox_fallback,fallback_lk,cotracker_weighted_affine,False,1.0,36,32,32,1.0,0.18384215235710144,5,0.0,4524.0,success,361,0.2092942838098164,,12213.0,earliest_reliable_tracked_reference_no_pre_gap,1.0,cotracker_weighted_affine,success,5,0.0,0.2712888888888889,,,,,,,success,keep,,5.631551402095953,/Users/huhu/Documents/Code/bishe/vrb/vrbreproduction/outputs/100subaction-e8/experiments/E8/pipeline_outputs/subaction_74_P01_109_74/candidate_07_frame_012214_right,/Users/huhu/Documents/Code/bishe/vrb/vrbreproduction/outputs/100subaction-e8/experiments/E8/pipeline_outputs/subaction_74_P01_109_74/candidate_07_frame_012214_right,/Users/huhu/Documents/Code/bishe/vrb/vrbreproduction/outputs/100subaction-e8/experiments/E8/pipeline_outputs/subaction_74_P01_109_74/candidate_07_frame_012214_right/reference_frame.png,/Users/huhu/Documents/Code/bishe/vrb/vrbreproduction/outputs/100subaction-e8/experiments/E8/pipeline_outputs/subaction_74_P01_109_74/candidate_07_frame_012214_right/label_heatmap_merged_overlay.png,/Users/huhu/Documents/Code/bishe/vrb/vrbreproduction/outputs/100subaction-e8/experiments/E8/pipeline_outputs/subaction_74_P01_109_74/candidate_07_frame_012214_right/vrb_style_affordance.png,6.0,0.0,"[228.86, 103.0, 286.97, 180.81]",/Users/huhu/Documents/Code/bishe/vrb/vrbreproduction/outputs/100subaction-e8/experiments/E8/pipeline_outputs/subaction_74_P01_109_74/candidate_07_frame_012214_right/label_heatmap_merged.npy,/Users/huhu/Documents/Code/bishe/vrb/vrbreproduction/outputs/100subaction-e8/experiments/E8/pipeline_outputs/subaction_74_P01_109_74/candidate_07_frame_012214_right/label_heatmap_merged.png,/Users/huhu/Documents/Code/bishe/vrb/vrbreproduction/outputs/100subaction-e8/experiments/E8/pipeline_outputs/subaction_74_P01_109_74/candidate_07_frame_012214_right/mask_projection_overlay.png,"(256, 456)",isotropic_e7,True,True
E8,74,P01_109_74,pick up potato slices,pick-up,slice:potato,['slice:potato'],12181,12263,12180.0,12262.0,8.0,12223.0,right,new_contact_episode,131,11,61,"[193.0, 131.0, 237.0, 172.0]",3.2043519214878016,grabcut_fallback,bbox_fallback,fallback_lk,cotracker_weighted_affine,False,1.0,36,36,36,1.0,0.48854154348373413,5,0.0,1763.0,success,361,0.2092942838098164,,12222.0,earliest_reliable_tracked_reference_no_pre_gap,1.0,cotracker_weighted_affine,success,5,0.0,0.3296,,,,,,,success,keep,,5.534943753695487,/Users/huhu/Documents/Code/bishe/vrb/vrbreproduction/outputs/100subaction-e8/experiments/E8/pipeline_outputs/subaction_74_P01_109_74/candidate_08_frame_012223_right,/Users/huhu/Documents/Code/bishe/vrb/vrbreproduction/outputs/100subaction-e8/experiments/E8/pipeline_outputs/subaction_74_P01_109_74/candidate_08_frame_012223_right,/Users/huhu/Documents/Code/bishe/vrb/vrbreproduction/outputs/100subaction-e8/experiments/E8/pipeline_outputs/subaction_74_P01_109_74/candidate_08_frame_012223_right/reference_frame.png,/Users/huhu/Documents/Code/bishe/vrb/vrbreproduction/outputs/100subaction-e8/experiments/E8/pipeline_outputs/subaction_74_P01_109_74/candidate_08_frame_012223_right/label_heatmap_merged_overlay.png,/Users/huhu/Documents/Code/bishe/vrb/vrbreproduction/outputs/100subaction-e8/experiments/E8/pipeline_outputs/subaction_74_P01_109_74/candidate_08_frame_012223_right/vrb_style_affordance.png,6.0,0.0,"[193.87, 132.32, 236.68, 173.44]",/Users/huhu/Documents/Code/bishe/vrb/vrbreproduction/outputs/100subaction-e8/experiments/E8/pipeline_outputs/subaction_74_P01_109_74/candidate_08_frame_012223_right/label_heatmap_merged.npy,/Users/huhu/Documents/Code/bishe/vrb/vrbreproduction/outputs/100subaction-e8/experiments/E8/pipeline_outputs/subaction_74_P01_109_74/candidate_08_frame_012223_right/label_heatmap_merged.png,/Users/huhu/Documents/Code/bishe/vrb/vrbreproduction/outputs/100subaction-e8/experiments/E8/pipeline_outputs/subaction_74_P01_109_74/candidate_08_frame_012223_right/mask_projection_overlay.png,"(256, 456)",isotropic_e7,True,False
E8,74,P01_109_74,pick up potato slices,pick-up,slice:potato,['slice:potato'],12181,12263,12180.0,12262.0,9.0,12224.0,right,new_contact_episode,131,11,74,"[192.0, 133.0, 236.0, 173.0]",3.2775889538467444,grabcut_fallback,bbox_fallback,fallback_lk,cotracker_weighted_affine,False,0.9944444444444445,36,36,35,0.9722222222222222,0.44752562046051025,5,0.0,1804.0,success,361,0.2092942838098164,,12223.0,earliest_reliable_tracked_reference_no_pre_gap,1.0,cotracker_weighted_affine,success,5,0.0,0.30862222222222224,,,,,,,success,keep,,5.546807564719518,/Users/huhu/Documents/Code/bishe/vrb/vrbreproduction/outputs/100subaction-e8/experiments/E8/pipeline_outputs/subaction_74_P01_109_74/candidate_09_frame_012224_right,/Users/huhu/Documents/Code/bishe/vrb/vrbreproduction/outputs/100subaction-e8/experiments/E8/pipeline_outputs/subaction_74_P01_109_74/candidate_09_frame_012224_right,/Users/huhu/Documents/Code/bishe/vrb/vrbreproduction/outputs/100subaction-e8/experiments/E8/pipeline_outputs/subaction_74_P01_109_74/candidate_09_frame_012224_right/reference_frame.png,/Users/huhu/Documents/Code/bishe/vrb/vrbreproduction/outputs/100subaction-e8/experiments/E8/pipeline_outputs/subaction_74_P01_109_74/candidate_09_frame_012224_right/label_heatmap_merged_overlay.png,/Users/huhu/Documents/Code/bishe/vrb/vrbreproduction/outputs/100subaction-e8/experiments/E8/pipeline_outputs/subaction_74_P01_109_74/candidate_09_frame_012224_right/vrb_style_affordance.png,6.0,0.0,"[192.87, 131.6, 237.13, 172.52]",/Users/huhu/Documents/Code/bishe/vrb/vrbreproduction/outputs/100subaction-e8/experiments/E8/pipeline_outputs/subaction_74_P01_109_74/candidate_09_frame_012224_right/label_heatmap_merged.npy,/Users/huhu/Documents/Code/bishe/vrb/vrbreproduction/outputs/100subaction-e8/experiments/E8/pipeline_outputs/subaction_74_P01_109_74/candidate_09_frame_012224_right/label_heatmap_merged.png,/Users/huhu/Documents/Code/bishe/vrb/vrbreproduction/outputs/100subaction-e8/experiments/E8/pipeline_outputs/subaction_74_P01_109_74/candidate_09_frame_012224_right/mask_projection_overlay.png,"(256, 456)",isotropic_e7,True,False
E8,74,P01_109_74,pick up potato slices,pick-up,slice:potato,['slice:potato'],12181,12263,12180.0,12262.0,10.0,12225.0,right,new_contact_episode,131,11,49,"[191.0, 134.0, 232.0, 172.0]",3.261459384685347,grabcut_fallback,bbox_fallback,fallback_lk,cotracker_weighted_affine,False,1.0,36,36,36,1.0,0.44009262323379517,5,0.0,1720.0,success,361,0.2092942838098164,,12224.0,earliest_reliable_tracked_reference_no_pre_gap,1.0,cotracker_weighted_affine,success,5,0.0,0.3085333333333333,,,,,,,success,keep,,5.567997221302985,/Users/huhu/Documents/Code/bishe/vrb/vrbreproduction/outputs/100subaction-e8/experiments/E8/pipeline_outputs/subaction_74_P01_109_74/candidate_10_frame_012225_right,/Users/huhu/Documents/Code/bishe/vrb/vrbreproduction/outputs/100subaction-e8/experiments/E8/pipeline_outputs/subaction_74_P01_109_74/candidate_10_frame_012225_right,/Users/huhu/Documents/Code/bishe/vrb/vrbreproduction/outputs/100subaction-e8/experiments/E8/pipeline_outputs/subaction_74_P01_109_74/candidate_10_frame_012225_right/reference_frame.png,/Users/huhu/Documents/Code/bishe/vrb/vrbreproduction/outputs/100subaction-e8/experiments/E8/pipeline_outputs/subaction_74_P01_109_74/candidate_10_frame_012225_right/label_heatmap_merged_overlay.png,/Users/huhu/Documents/Code/bishe/vrb/vrbreproduction/outputs/100subaction-e8/experiments/E8/pipeline_outputs/subaction_74_P01_109_74/candidate_10_frame_012225_right/vrb_style_affordance.png,6.0,0.0,"[191.81, 133.22, 235.12, 172.89]",/Users/huhu/Documents/Code/bishe/vrb/vrbreproduction/outputs/100subaction-e8/experiments/E8/pipeline_outputs/subaction_74_P01_109_74/candidate_10_frame_012225_right/label_heatmap_merged.npy,/Users/huhu/Documents/Code/bishe/vrb/vrbreproduction/outputs/100subaction-e8/experiments/E8/pipeline_outputs/subaction_74_P01_109_74/candidate_10_frame_012225_right/label_heatmap_merged.png,/Users/huhu/Documents/Code/bishe/vrb/vrbreproduction/outputs/100subaction-e8/experiments/E8/pipeline_outputs/subaction_74_P01_109_74/candidate_10_frame_012225_right/mask_projection_overlay.png,"(256, 456)",isotropic_e7,True,True
E8,75,P01_109_75,put down potato slices,put-down,slice:potato,['slice:potato'],12267,12332,12266.0,12331.0,0.0,12294.0,right,new_contact_episode,71,6,0,"[181.0, 187.0, 235.0, 244.0]",2.2315438680441275,,,,,False,,0,0,0,,,0,,,not_run,0,0.0,,,,,,not_run,0,,,,,,,,,not_run,discard,contact_points_lt5_after_object_boundary_filter,,/Users/huhu/Documents/Code/bishe/vrb/vrbreproduction/outputs/100subaction-e8/experiments/E8/pipeline_outputs/subaction_75_P01_109_75/candidate_00_frame_012294_right,,,,,,,,,,,,,,False
E8,75,P01_109_75,put down potato slices,put-down,slice:potato,['slice:potato'],12267,12332,12266.0,12331.0,1.0,12295.0,right,new_contact_episode,71,6,78,"[191.0, 187.0, 227.0, 217.0]",3.526853502601667,grabcut_fallback,bbox_fallback,fallback_lk,cotracker_weighted_affine,False,0.9500000000000001,36,12,9,0.75,1.712813377380371,5,0.0,1722.0,success,361,0.2092942838098164,,12286.0,earliest_reliable_tracked_reference_no_pre_gap,9.0,cotracker_weighted_affine,success,5,0.0,0.14186666666666667,,,,,,,success,keep,,5.544315598678589,/Users/huhu/Documents/Code/bishe/vrb/vrbreproduction/outputs/100subaction-e8/experiments/E8/pipeline_outputs/subaction_75_P01_109_75/candidate_01_frame_012295_right,/Users/huhu/Documents/Code/bishe/vrb/vrbreproduction/outputs/100subaction-e8/experiments/E8/pipeline_outputs/subaction_75_P01_109_75/candidate_01_frame_012295_right,/Users/huhu/Documents/Code/bishe/vrb/vrbreproduction/outputs/100subaction-e8/experiments/E8/pipeline_outputs/subaction_75_P01_109_75/candidate_01_frame_012295_right/reference_frame.png,/Users/huhu/Documents/Code/bishe/vrb/vrbreproduction/outputs/100subaction-e8/experiments/E8/pipeline_outputs/subaction_75_P01_109_75/candidate_01_frame_012295_right/label_heatmap_merged_overlay.png,/Users/huhu/Documents/Code/bishe/vrb/vrbreproduction/outputs/100subaction-e8/experiments/E8/pipeline_outputs/subaction_75_P01_109_75/candidate_01_frame_012295_right/vrb_style_affordance.png,6.0,0.0,"[162.04, 195.86, 204.3, 237.21]",/Users/huhu/Documents/Code/bishe/vrb/vrbreproduction/outputs/100subaction-e8/experiments/E8/pipeline_outputs/subaction_75_P01_109_75/candidate_01_frame_012295_right/label_heatmap_merged.npy,/Users/huhu/Documents/Code/bishe/vrb/vrbreproduction/outputs/100subaction-e8/experiments/E8/pipeline_outputs/subaction_75_P01_109_75/candidate_01_frame_012295_right/label_heatmap_merged.png,/Users/huhu/Documents/Code/bishe/vrb/vrbreproduction/outputs/100subaction-e8/experiments/E8/pipeline_outputs/subaction_75_P01_109_75/candidate_01_frame_012295_right/mask_projection_overlay.png,"(256, 456)",isotropic_e7,True,True
E8,75,P01_109_75,put down potato slices,put-down,slice:potato,['slice:potato'],12267,12332,12266.0,12331.0,2.0,12296.0,right,new_contact_episode,71,6,0,"[192.0, 183.0, 238.0, 240.0]",2.3442473841576636,,,,,False,,0,0,0,,,0,,,not_run,0,0.0,,,,,,not_run,0,,,,,,,,,not_run,discard,contact_points_lt5_after_object_boundary_filter,,/Users/huhu/Documents/Code/bishe/vrb/vrbreproduction/outputs/100subaction-e8/experiments/E8/pipeline_outputs/subaction_75_P01_109_75/candidate_02_frame_012296_right,,,,,,,,,,,,,,False
E8,75,P01_109_75,put down potato slices,put-down,slice:potato,['slice:potato'],12267,12332,12266.0,12331.0,3.0,12325.0,right,new_contact_episode,71,6,19,"[371.0, 109.0, 399.0, 143.0]",2.929573845115833,grabcut_fallback,,,,False,,30,0,0,,,0,,,success,361,0.2092942838098164,,,,,,failed,0,,,,,,,,,failed,discard,trajectory_out_of_bounds,,/Users/huhu/Documents/Code/bishe/vrb/vrbreproduction/outputs/100subaction-e8/experiments/E8/pipeline_outputs/subaction_75_P01_109_75/candidate_03_frame_012325_right,,,,,6.0,0.0,,,,,,,,False
E8,75,P01_109_75,put down potato slices,put-down,slice:potato,['slice:potato'],12267,12332,12266.0,12331.0,4.0,12326.0,right,new_contact_episode,71,6,122,"[330.0, 66.0, 423.0, 209.0]",3.1447391314718796,grabcut_fallback,bbox_fallback,fallback_lk,cotracker_weighted_affine,False,1.0,36,36,36,1.0,0.2830267548561096,5,0.0,10455.0,success,361,0.2092942838098164,,12324.0,pre_contact_gap_tracked_reference,2.0,cotracker_weighted_affine,success,5,0.0,0.15253333333333333,,,,,,,success,keep,,5.800709197354316,/Users/huhu/Documents/Code/bishe/vrb/vrbreproduction/outputs/100subaction-e8/experiments/E8/pipeline_outputs/subaction_75_P01_109_75/candidate_04_frame_012326_right,/Users/huhu/Documents/Code/bishe/vrb/vrbreproduction/outputs/100subaction-e8/experiments/E8/pipeline_outputs/subaction_75_P01_109_75/candidate_04_frame_012326_right,/Users/huhu/Documents/Code/bishe/vrb/vrbreproduction/outputs/100subaction-e8/experiments/E8/pipeline_outputs/subaction_75_P01_109_75/candidate_04_frame_012326_right/reference_frame.png,/Users/huhu/Documents/Code/bishe/vrb/vrbreproduction/outputs/100subaction-e8/experiments/E8/pipeline_outputs/subaction_75_P01_109_75/candidate_04_frame_012326_right/label_heatmap_merged_overlay.png,/Users/huhu/Documents/Code/bishe/vrb/vrbreproduction/outputs/100subaction-e8/experiments/E8/pipeline_outputs/subaction_75_P01_109_75/candidate_04_frame_012326_right/vrb_style_affordance.png,6.0,0.0,"[329.85, 74.49, 415.43, 197.29]",/Users/huhu/Documents/Code/bishe/vrb/vrbreproduction/outputs/100subaction-e8/experiments/E8/pipeline_outputs/subaction_75_P01_109_75/candidate_04_frame_012326_right/label_heatmap_merged.npy,/Users/huhu/Documents/Code/bishe/vrb/vrbreproduction/outputs/100subaction-e8/experiments/E8/pipeline_outputs/subaction_75_P01_109_75/candidate_04_frame_012326_right/label_heatmap_merged.png,/Users/huhu/Documents/Code/bishe/vrb/vrbreproduction/outputs/100subaction-e8/experiments/E8/pipeline_outputs/subaction_75_P01_109_75/candidate_04_frame_012326_right/mask_projection_overlay.png,"(256, 456)",isotropic_e7,True,True
E8,75,P01_109_75,put down potato slices,put-down,slice:potato,['slice:potato'],12267,12332,12266.0,12331.0,5.0,12327.0,right,new_contact_episode,71,6,29,"[379.0, 111.0, 404.0, 146.0]",3.0490802683487623,grabcut_fallback,,,,False,,30,0,0,,,0,,,success,361,0.2092942838098164,,,,,,failed,0,,,,,,,,,failed,discard,trajectory_out_of_bounds,,/Users/huhu/Documents/Code/bishe/vrb/vrbreproduction/outputs/100subaction-e8/experiments/E8/pipeline_outputs/subaction_75_P01_109_75/candidate_05_frame_012327_right,,,,,6.0,0.0,,,,,,,,False
E8,76,P01_109_76,pick up potato slice,pick-up,slice:potato,['slice:potato'],12325,12391,12324.0,12390.0,0.0,12325.0,right,new_contact_episode,65,12,19,"[371.0, 109.0, 399.0, 143.0]",2.929573845115833,grabcut_fallback,,,,False,,30,0,0,,,0,,,success,361,0.2092942838098164,,,,,,failed,0,,,,,,,,,failed,discard,trajectory_out_of_bounds,,/Users/huhu/Documents/Code/bishe/vrb/vrbreproduction/outputs/100subaction-e8/experiments/E8/pipeline_outputs/subaction_76_P01_109_76/candidate_00_frame_012325_right,,,,,6.0,0.0,,,,,,,,False
E8,76,P01_109_76,pick up potato slice,pick-up,slice:potato,['slice:potato'],12325,12391,12324.0,12390.0,1.0,12326.0,right,new_contact_episode,65,12,122,"[330.0, 66.0, 423.0, 209.0]",3.1447391314718796,grabcut_fallback,bbox_fallback,fallback_lk,cotracker_weighted_affine,False,1.0,36,36,36,1.0,0.2830267548561096,5,0.0,10455.0,success,361,0.2092942838098164,,12324.0,pre_contact_gap_tracked_reference,2.0,cotracker_weighted_affine,success,5,0.0,0.15253333333333333,,,,,,,success,keep,,5.800709197354316,/Users/huhu/Documents/Code/bishe/vrb/vrbreproduction/outputs/100subaction-e8/experiments/E8/pipeline_outputs/subaction_76_P01_109_76/candidate_01_frame_012326_right,/Users/huhu/Documents/Code/bishe/vrb/vrbreproduction/outputs/100subaction-e8/experiments/E8/pipeline_outputs/subaction_76_P01_109_76/candidate_01_frame_012326_right,/Users/huhu/Documents/Code/bishe/vrb/vrbreproduction/outputs/100subaction-e8/experiments/E8/pipeline_outputs/subaction_76_P01_109_76/candidate_01_frame_012326_right/reference_frame.png,/Users/huhu/Documents/Code/bishe/vrb/vrbreproduction/outputs/100subaction-e8/experiments/E8/pipeline_outputs/subaction_76_P01_109_76/candidate_01_frame_012326_right/label_heatmap_merged_overlay.png,/Users/huhu/Documents/Code/bishe/vrb/vrbreproduction/outputs/100subaction-e8/experiments/E8/pipeline_outputs/subaction_76_P01_109_76/candidate_01_frame_012326_right/vrb_style_affordance.png,6.0,0.0,"[329.85, 74.49, 415.43, 197.29]",/Users/huhu/Documents/Code/bishe/vrb/vrbreproduction/outputs/100subaction-e8/experiments/E8/pipeline_outputs/subaction_76_P01_109_76/candidate_01_frame_012326_right/label_heatmap_merged.npy,/Users/huhu/Documents/Code/bishe/vrb/vrbreproduction/outputs/100subaction-e8/experiments/E8/pipeline_outputs/subaction_76_P01_109_76/candidate_01_frame_012326_right/label_heatmap_merged.png,/Users/huhu/Documents/Code/bishe/vrb/vrbreproduction/outputs/100subaction-e8/experiments/E8/pipeline_outputs/subaction_76_P01_109_76/candidate_01_frame_012326_right/mask_projection_overlay.png,"(256, 456)",isotropic_e7,True,True
E8,76,P01_109_76,pick up potato slice,pick-up,slice:potato,['slice:potato'],12325,12391,12324.0,12390.0,2.0,12327.0,right,new_contact_episode,65,12,29,"[379.0, 111.0, 404.0, 146.0]",3.0490802683487623,grabcut_fallback,,,,False,,30,0,0,,,0,,,success,361,0.2092942838098164,,,,,,failed,0,,,,,,,,,failed,discard,trajectory_out_of_bounds,,/Users/huhu/Documents/Code/bishe/vrb/vrbreproduction/outputs/100subaction-e8/experiments/E8/pipeline_outputs/subaction_76_P01_109_76/candidate_02_frame_012327_right,,,,,6.0,0.0,,,,,,,,False
E8,76,P01_109_76,pick up potato slice,pick-up,slice:potato,['slice:potato'],12325,12391,12324.0,12390.0,3.0,12335.0,left,new_contact_episode,65,12,48,"[112.0, 181.0, 148.0, 218.0]",4.698591888139635,grabcut_fallback,bbox_fallback,fallback_lk,cotracker_weighted_affine,False,0.992,30,25,24,0.96,1.3535561561584473,5,0.0,1482.0,success,361,0.2092942838098164,,12334.0,pre_contact_gap_tracked_reference,1.0,cotracker_weighted_affine,success,5,0.0,0.15431111111111112,,,,,,,success,keep,,5.710426648648579,/Users/huhu/Documents/Code/bishe/vrb/vrbreproduction/outputs/100subaction-e8/experiments/E8/pipeline_outputs/subaction_76_P01_109_76/candidate_03_frame_012335_left,/Users/huhu/Documents/Code/bishe/vrb/vrbreproduction/outputs/100subaction-e8/experiments/E8/pipeline_outputs/subaction_76_P01_109_76/candidate_03_frame_012335_left,/Users/huhu/Documents/Code/bishe/vrb/vrbreproduction/outputs/100subaction-e8/experiments/E8/pipeline_outputs/subaction_76_P01_109_76/candidate_03_frame_012335_left/reference_frame.png,/Users/huhu/Documents/Code/bishe/vrb/vrbreproduction/outputs/100subaction-e8/experiments/E8/pipeline_outputs/subaction_76_P01_109_76/candidate_03_frame_012335_left/label_heatmap_merged_overlay.png,/Users/huhu/Documents/Code/bishe/vrb/vrbreproduction/outputs/100subaction-e8/experiments/E8/pipeline_outputs/subaction_76_P01_109_76/candidate_03_frame_012335_left/vrb_style_affordance.png,6.0,0.0,"[110.9, 180.69, 149.5, 220.18]",/Users/huhu/Documents/Code/bishe/vrb/vrbreproduction/outputs/100subaction-e8/experiments/E8/pipeline_outputs/subaction_76_P01_109_76/candidate_03_frame_012335_left/label_heatmap_merged.npy,/Users/huhu/Documents/Code/bishe/vrb/vrbreproduction/outputs/100subaction-e8/experiments/E8/pipeline_outputs/subaction_76_P01_109_76/candidate_03_frame_012335_left/label_heatmap_merged.png,/Users/huhu/Documents/Code/bishe/vrb/vrbreproduction/outputs/100subaction-e8/experiments/E8/pipeline_outputs/subaction_76_P01_109_76/candidate_03_frame_012335_left/mask_projection_overlay.png,"(256, 456)",isotropic_e7,True,True
E8,76,P01_109_76,pick up potato slice,pick-up,slice:potato,['slice:potato'],12325,12391,12324.0,12390.0,4.0,12336.0,left,new_contact_episode,65,12,97,"[116.0, 180.0, 150.0, 220.0]",4.900577892853047,grabcut_fallback,bbox_fallback,fallback_lk,cotracker_weighted_affine,False,0.890909090909091,36,22,10,0.45454545454545453,1.4951305389404297,5,0.0,1520.0,success,361,0.2092942838098164,,12333.0,pre_contact_gap_tracked_reference,3.0,cotracker_weighted_affine,success,5,0.0,0.1456,,,,,,,success,keep,,5.297127674740878,/Users/huhu/Documents/Code/bishe/vrb/vrbreproduction/outputs/100subaction-e8/experiments/E8/pipeline_outputs/subaction_76_P01_109_76/candidate_04_frame_012336_left,/Users/huhu/Documents/Code/bishe/vrb/vrbreproduction/outputs/100subaction-e8/experiments/E8/pipeline_outputs/subaction_76_P01_109_76/candidate_04_frame_012336_left,/Users/huhu/Documents/Code/bishe/vrb/vrbreproduction/outputs/100subaction-e8/experiments/E8/pipeline_outputs/subaction_76_P01_109_76/candidate_04_frame_012336_left/reference_frame.png,/Users/huhu/Documents/Code/bishe/vrb/vrbreproduction/outputs/100subaction-e8/experiments/E8/pipeline_outputs/subaction_76_P01_109_76/candidate_04_frame_012336_left/label_heatmap_merged_overlay.png,/Users/huhu/Documents/Code/bishe/vrb/vrbreproduction/outputs/100subaction-e8/experiments/E8/pipeline_outputs/subaction_76_P01_109_76/candidate_04_frame_012336_left/vrb_style_affordance.png,6.0,0.0,"[117.84, 181.2, 156.1, 221.49]",/Users/huhu/Documents/Code/bishe/vrb/vrbreproduction/outputs/100subaction-e8/experiments/E8/pipeline_outputs/subaction_76_P01_109_76/candidate_04_frame_012336_left/label_heatmap_merged.npy,/Users/huhu/Documents/Code/bishe/vrb/vrbreproduction/outputs/100subaction-e8/experiments/E8/pipeline_outputs/subaction_76_P01_109_76/candidate_04_frame_012336_left/label_heatmap_merged.png,/Users/huhu/Documents/Code/bishe/vrb/vrbreproduction/outputs/100subaction-e8/experiments/E8/pipeline_outputs/subaction_76_P01_109_76/candidate_04_frame_012336_left/mask_projection_overlay.png,"(256, 456)",isotropic_e7,True,False
E8,76,P01_109_76,pick up potato slice,pick-up,slice:potato,['slice:potato'],12325,12391,12324.0,12390.0,5.0,12337.0,left,new_contact_episode,65,12,93,"[114.0, 180.0, 150.0, 219.0]",5.097979982612178,grabcut_fallback,bbox_fallback,fallback_lk,cotracker_weighted_affine,False,0.9619047619047619,30,21,17,0.8095238095238095,1.3689978122711182,5,0.0,1520.0,success,361,0.2092942838098164,,12334.0,pre_contact_gap_tracked_reference,3.0,cotracker_weighted_affine,success,5,0.0,0.15431111111111112,,,,,,,success,keep,,5.585106256108057,/Users/huhu/Documents/Code/bishe/vrb/vrbreproduction/outputs/100subaction-e8/experiments/E8/pipeline_outputs/subaction_76_P01_109_76/candidate_05_frame_012337_left,/Users/huhu/Documents/Code/bishe/vrb/vrbreproduction/outputs/100subaction-e8/experiments/E8/pipeline_outputs/subaction_76_P01_109_76/candidate_05_frame_012337_left,/Users/huhu/Documents/Code/bishe/vrb/vrbreproduction/outputs/100subaction-e8/experiments/E8/pipeline_outputs/subaction_76_P01_109_76/candidate_05_frame_012337_left/reference_frame.png,/Users/huhu/Documents/Code/bishe/vrb/vrbreproduction/outputs/100subaction-e8/experiments/E8/pipeline_outputs/subaction_76_P01_109_76/candidate_05_frame_012337_left/label_heatmap_merged_overlay.png,/Users/huhu/Documents/Code/bishe/vrb/vrbreproduction/outputs/100subaction-e8/experiments/E8/pipeline_outputs/subaction_76_P01_109_76/candidate_05_frame_012337_left/vrb_style_affordance.png,6.0,0.0,"[112.77, 181.01, 150.86, 221.03]",/Users/huhu/Documents/Code/bishe/vrb/vrbreproduction/outputs/100subaction-e8/experiments/E8/pipeline_outputs/subaction_76_P01_109_76/candidate_05_frame_012337_left/label_heatmap_merged.npy,/Users/huhu/Documents/Code/bishe/vrb/vrbreproduction/outputs/100subaction-e8/experiments/E8/pipeline_outputs/subaction_76_P01_109_76/candidate_05_frame_012337_left/label_heatmap_merged.png,/Users/huhu/Documents/Code/bishe/vrb/vrbreproduction/outputs/100subaction-e8/experiments/E8/pipeline_outputs/subaction_76_P01_109_76/candidate_05_frame_012337_left/mask_projection_overlay.png,"(256, 456)",isotropic_e7,True,False
E8,76,P01_109_76,pick up potato slice,pick-up,slice:potato,['slice:potato'],12325,12391,12324.0,12390.0,6.0,12340.0,left,new_contact_episode,65,12,0,,,,,,,False,,0,0,0,,,0,,,not_run,0,0.0,,,,,,not_run,0,,,,,,,,,not_run,discard,missing_hand_or_object_bbox,,/Users/huhu/Documents/Code/bishe/vrb/vrbreproduction/outputs/100subaction-e8/experiments/E8/pipeline_outputs/subaction_76_P01_109_76/candidate_06_frame_012340_left,,,,,,,,,,,,,,False
E8,76,P01_109_76,pick up potato slice,pick-up,slice:potato,['slice:potato'],12325,12391,12324.0,12390.0,7.0,12341.0,left,new_contact_episode,65,12,86,"[124.0, 175.0, 150.0, 207.0]",4.978095679905576,grabcut_fallback,bbox_fallback,fallback_lk,cotracker_weighted_affine,False,1.0,30,30,30,1.0,0.8957836627960205,5,0.0,1015.0,success,361,0.2092942838098164,,12339.0,pre_contact_gap_tracked_reference,2.0,cotracker_weighted_affine,success,5,0.0,0.1792,,,,,,,success,keep,,5.679798990116119,/Users/huhu/Documents/Code/bishe/vrb/vrbreproduction/outputs/100subaction-e8/experiments/E8/pipeline_outputs/subaction_76_P01_109_76/candidate_07_frame_012341_left,/Users/huhu/Documents/Code/bishe/vrb/vrbreproduction/outputs/100subaction-e8/experiments/E8/pipeline_outputs/subaction_76_P01_109_76/candidate_07_frame_012341_left,/Users/huhu/Documents/Code/bishe/vrb/vrbreproduction/outputs/100subaction-e8/experiments/E8/pipeline_outputs/subaction_76_P01_109_76/candidate_07_frame_012341_left/reference_frame.png,/Users/huhu/Documents/Code/bishe/vrb/vrbreproduction/outputs/100subaction-e8/experiments/E8/pipeline_outputs/subaction_76_P01_109_76/candidate_07_frame_012341_left/label_heatmap_merged_overlay.png,/Users/huhu/Documents/Code/bishe/vrb/vrbreproduction/outputs/100subaction-e8/experiments/E8/pipeline_outputs/subaction_76_P01_109_76/candidate_07_frame_012341_left/vrb_style_affordance.png,6.0,0.0,"[119.56, 175.64, 149.32, 211.38]",/Users/huhu/Documents/Code/bishe/vrb/vrbreproduction/outputs/100subaction-e8/experiments/E8/pipeline_outputs/subaction_76_P01_109_76/candidate_07_frame_012341_left/label_heatmap_merged.npy,/Users/huhu/Documents/Code/bishe/vrb/vrbreproduction/outputs/100subaction-e8/experiments/E8/pipeline_outputs/subaction_76_P01_109_76/candidate_07_frame_012341_left/label_heatmap_merged.png,/Users/huhu/Documents/Code/bishe/vrb/vrbreproduction/outputs/100subaction-e8/experiments/E8/pipeline_outputs/subaction_76_P01_109_76/candidate_07_frame_012341_left/mask_projection_overlay.png,"(256, 456)",isotropic_e7,True,True
E8,76,P01_109_76,pick up potato slice,pick-up,slice:potato,['slice:potato'],12325,12391,12324.0,12390.0,8.0,12342.0,left,new_contact_episode,65,12,74,"[124.0, 174.0, 150.0, 208.0]",5.075197648577075,grabcut_fallback,,,,False,,30,0,0,,,0,,,success,361,0.2092942838098164,,,,,,failed,0,,,,,,,,,not_run,discard,mask_gate_failed,,/Users/huhu/Documents/Code/bishe/vrb/vrbreproduction/outputs/100subaction-e8/experiments/E8/pipeline_outputs/subaction_76_P01_109_76/candidate_08_frame_012342_left,,,,,6.0,0.0,,,,,,,,False
E8,76,P01_109_76,pick up potato slice,pick-up,slice:potato,['slice:potato'],12325,12391,12324.0,12390.0,9.0,12346.0,left,new_contact_episode,65,12,115,"[127.0, 174.0, 151.0, 204.0]",4.865901027812928,grabcut_fallback,,,,False,,36,0,0,,,0,,,success,361,0.2092942838098164,,,,,,failed,0,,,,,,,,,not_run,discard,mask_gate_failed,,/Users/huhu/Documents/Code/bishe/vrb/vrbreproduction/outputs/100subaction-e8/experiments/E8/pipeline_outputs/subaction_76_P01_109_76/candidate_09_frame_012346_left,,,,,6.0,0.0,,,,,,,,False
E8,76,P01_109_76,pick up potato slice,pick-up,slice:potato,['slice:potato'],12325,12391,12324.0,12390.0,10.0,12347.0,left,new_contact_episode,65,12,119,"[126.0, 174.0, 151.0, 203.0]",4.932154140529263,grabcut_fallback,bbox_fallback,fallback_lk,cotracker_weighted_affine,False,0.9133333333333333,36,36,33,0.9166666666666666,2.009587049484253,4,0.0,720.0,success,361,0.2092942838098164,,12344.0,pre_contact_gap_tracked_reference,3.0,cotracker_weighted_affine,success,4,0.0,0.1632,,,,,,,success,keep,,5.242912388515473,/Users/huhu/Documents/Code/bishe/vrb/vrbreproduction/outputs/100subaction-e8/experiments/E8/pipeline_outputs/subaction_76_P01_109_76/candidate_10_frame_012347_left,/Users/huhu/Documents/Code/bishe/vrb/vrbreproduction/outputs/100subaction-e8/experiments/E8/pipeline_outputs/subaction_76_P01_109_76/candidate_10_frame_012347_left,/Users/huhu/Documents/Code/bishe/vrb/vrbreproduction/outputs/100subaction-e8/experiments/E8/pipeline_outputs/subaction_76_P01_109_76/candidate_10_frame_012347_left/reference_frame.png,/Users/huhu/Documents/Code/bishe/vrb/vrbreproduction/outputs/100subaction-e8/experiments/E8/pipeline_outputs/subaction_76_P01_109_76/candidate_10_frame_012347_left/label_heatmap_merged_overlay.png,/Users/huhu/Documents/Code/bishe/vrb/vrbreproduction/outputs/100subaction-e8/experiments/E8/pipeline_outputs/subaction_76_P01_109_76/candidate_10_frame_012347_left/vrb_style_affordance.png,6.0,0.0,"[126.62, 174.17, 151.03, 204.26]",/Users/huhu/Documents/Code/bishe/vrb/vrbreproduction/outputs/100subaction-e8/experiments/E8/pipeline_outputs/subaction_76_P01_109_76/candidate_10_frame_012347_left/label_heatmap_merged.npy,/Users/huhu/Documents/Code/bishe/vrb/vrbreproduction/outputs/100subaction-e8/experiments/E8/pipeline_outputs/subaction_76_P01_109_76/candidate_10_frame_012347_left/label_heatmap_merged.png,/Users/huhu/Documents/Code/bishe/vrb/vrbreproduction/outputs/100subaction-e8/experiments/E8/pipeline_outputs/subaction_76_P01_109_76/candidate_10_frame_012347_left/mask_projection_overlay.png,"(256, 456)",isotropic_e7,True,False
E8,76,P01_109_76,pick up potato slice,pick-up,slice:potato,['slice:potato'],12325,12391,12324.0,12390.0,11.0,12348.0,left,new_contact_episode,65,12,103,"[126.0, 174.0, 151.0, 203.0]",4.928774696928674,grabcut_fallback,bbox_fallback,fallback_lk,cotracker_weighted_affine,False,0.9022222222222223,36,36,31,0.8611111111111112,2.05826735496521,4,0.0,1026.0,success,361,0.2092942838098164,,12343.0,pre_contact_gap_tracked_reference,5.0,cotracker_weighted_affine,success,4,0.0,0.16177777777777777,,,,,,,success,keep,,5.22141864601771,/Users/huhu/Documents/Code/bishe/vrb/vrbreproduction/outputs/100subaction-e8/experiments/E8/pipeline_outputs/subaction_76_P01_109_76/candidate_11_frame_012348_left,/Users/huhu/Documents/Code/bishe/vrb/vrbreproduction/outputs/100subaction-e8/experiments/E8/pipeline_outputs/subaction_76_P01_109_76/candidate_11_frame_012348_left,/Users/huhu/Documents/Code/bishe/vrb/vrbreproduction/outputs/100subaction-e8/experiments/E8/pipeline_outputs/subaction_76_P01_109_76/candidate_11_frame_012348_left/reference_frame.png,/Users/huhu/Documents/Code/bishe/vrb/vrbreproduction/outputs/100subaction-e8/experiments/E8/pipeline_outputs/subaction_76_P01_109_76/candidate_11_frame_012348_left/label_heatmap_merged_overlay.png,/Users/huhu/Documents/Code/bishe/vrb/vrbreproduction/outputs/100subaction-e8/experiments/E8/pipeline_outputs/subaction_76_P01_109_76/candidate_11_frame_012348_left/vrb_style_affordance.png,6.0,0.0,"[123.7, 172.93, 151.18, 210.8]",/Users/huhu/Documents/Code/bishe/vrb/vrbreproduction/outputs/100subaction-e8/experiments/E8/pipeline_outputs/subaction_76_P01_109_76/candidate_11_frame_012348_left/label_heatmap_merged.npy,/Users/huhu/Documents/Code/bishe/vrb/vrbreproduction/outputs/100subaction-e8/experiments/E8/pipeline_outputs/subaction_76_P01_109_76/candidate_11_frame_012348_left/label_heatmap_merged.png,/Users/huhu/Documents/Code/bishe/vrb/vrbreproduction/outputs/100subaction-e8/experiments/E8/pipeline_outputs/subaction_76_P01_109_76/candidate_11_frame_012348_left/mask_projection_overlay.png,"(256, 456)",isotropic_e7,True,False
E8,77,P01_109_78,pick up potato slice,pick-up,slice:potato,['slice:potato'],12336,12390,12335.0,12389.0,0.0,12335.0,left,new_contact_episode,60,12,48,"[112.0, 181.0, 148.0, 218.0]",4.698591888139635,grabcut_fallback,bbox_fallback,fallback_lk,cotracker_weighted_affine,False,0.992,30,25,24,0.96,1.3535561561584473,5,0.0,1482.0,success,361,0.2092942838098164,,12334.0,pre_contact_gap_tracked_reference,1.0,cotracker_weighted_affine,success,5,0.0,0.15431111111111112,,,,,,,success,keep,,5.710426648648579,/Users/huhu/Documents/Code/bishe/vrb/vrbreproduction/outputs/100subaction-e8/experiments/E8/pipeline_outputs/subaction_77_P01_109_78/candidate_00_frame_012335_left,/Users/huhu/Documents/Code/bishe/vrb/vrbreproduction/outputs/100subaction-e8/experiments/E8/pipeline_outputs/subaction_77_P01_109_78/candidate_00_frame_012335_left,/Users/huhu/Documents/Code/bishe/vrb/vrbreproduction/outputs/100subaction-e8/experiments/E8/pipeline_outputs/subaction_77_P01_109_78/candidate_00_frame_012335_left/reference_frame.png,/Users/huhu/Documents/Code/bishe/vrb/vrbreproduction/outputs/100subaction-e8/experiments/E8/pipeline_outputs/subaction_77_P01_109_78/candidate_00_frame_012335_left/label_heatmap_merged_overlay.png,/Users/huhu/Documents/Code/bishe/vrb/vrbreproduction/outputs/100subaction-e8/experiments/E8/pipeline_outputs/subaction_77_P01_109_78/candidate_00_frame_012335_left/vrb_style_affordance.png,6.0,0.0,"[110.9, 180.69, 149.5, 220.18]",/Users/huhu/Documents/Code/bishe/vrb/vrbreproduction/outputs/100subaction-e8/experiments/E8/pipeline_outputs/subaction_77_P01_109_78/candidate_00_frame_012335_left/label_heatmap_merged.npy,/Users/huhu/Documents/Code/bishe/vrb/vrbreproduction/outputs/100subaction-e8/experiments/E8/pipeline_outputs/subaction_77_P01_109_78/candidate_00_frame_012335_left/label_heatmap_merged.png,/Users/huhu/Documents/Code/bishe/vrb/vrbreproduction/outputs/100subaction-e8/experiments/E8/pipeline_outputs/subaction_77_P01_109_78/candidate_00_frame_012335_left/mask_projection_overlay.png,"(256, 456)",isotropic_e7,True,True
E8,77,P01_109_78,pick up potato slice,pick-up,slice:potato,['slice:potato'],12336,12390,12335.0,12389.0,1.0,12336.0,left,new_contact_episode,60,12,97,"[116.0, 180.0, 150.0, 220.0]",4.900577892853047,grabcut_fallback,bbox_fallback,fallback_lk,cotracker_weighted_affine,False,0.890909090909091,36,22,10,0.45454545454545453,1.4951305389404297,5,0.0,1520.0,success,361,0.2092942838098164,,12333.0,pre_contact_gap_tracked_reference,3.0,cotracker_weighted_affine,success,5,0.0,0.1456,,,,,,,success,keep,,5.297127674740878,/Users/huhu/Documents/Code/bishe/vrb/vrbreproduction/outputs/100subaction-e8/experiments/E8/pipeline_outputs/subaction_77_P01_109_78/candidate_01_frame_012336_left,/Users/huhu/Documents/Code/bishe/vrb/vrbreproduction/outputs/100subaction-e8/experiments/E8/pipeline_outputs/subaction_77_P01_109_78/candidate_01_frame_012336_left,/Users/huhu/Documents/Code/bishe/vrb/vrbreproduction/outputs/100subaction-e8/experiments/E8/pipeline_outputs/subaction_77_P01_109_78/candidate_01_frame_012336_left/reference_frame.png,/Users/huhu/Documents/Code/bishe/vrb/vrbreproduction/outputs/100subaction-e8/experiments/E8/pipeline_outputs/subaction_77_P01_109_78/candidate_01_frame_012336_left/label_heatmap_merged_overlay.png,/Users/huhu/Documents/Code/bishe/vrb/vrbreproduction/outputs/100subaction-e8/experiments/E8/pipeline_outputs/subaction_77_P01_109_78/candidate_01_frame_012336_left/vrb_style_affordance.png,6.0,0.0,"[117.84, 181.2, 156.1, 221.49]",/Users/huhu/Documents/Code/bishe/vrb/vrbreproduction/outputs/100subaction-e8/experiments/E8/pipeline_outputs/subaction_77_P01_109_78/candidate_01_frame_012336_left/label_heatmap_merged.npy,/Users/huhu/Documents/Code/bishe/vrb/vrbreproduction/outputs/100subaction-e8/experiments/E8/pipeline_outputs/subaction_77_P01_109_78/candidate_01_frame_012336_left/label_heatmap_merged.png,/Users/huhu/Documents/Code/bishe/vrb/vrbreproduction/outputs/100subaction-e8/experiments/E8/pipeline_outputs/subaction_77_P01_109_78/candidate_01_frame_012336_left/mask_projection_overlay.png,"(256, 456)",isotropic_e7,True,False
E8,77,P01_109_78,pick up potato slice,pick-up,slice:potato,['slice:potato'],12336,12390,12335.0,12389.0,2.0,12337.0,left,new_contact_episode,60,12,93,"[114.0, 180.0, 150.0, 219.0]",5.097979982612178,grabcut_fallback,bbox_fallback,fallback_lk,cotracker_weighted_affine,False,0.9619047619047619,30,21,17,0.8095238095238095,1.3689978122711182,5,0.0,1520.0,success,361,0.2092942838098164,,12334.0,pre_contact_gap_tracked_reference,3.0,cotracker_weighted_affine,success,5,0.0,0.15431111111111112,,,,,,,success,keep,,5.585106256108057,/Users/huhu/Documents/Code/bishe/vrb/vrbreproduction/outputs/100subaction-e8/experiments/E8/pipeline_outputs/subaction_77_P01_109_78/candidate_02_frame_012337_left,/Users/huhu/Documents/Code/bishe/vrb/vrbreproduction/outputs/100subaction-e8/experiments/E8/pipeline_outputs/subaction_77_P01_109_78/candidate_02_frame_012337_left,/Users/huhu/Documents/Code/bishe/vrb/vrbreproduction/outputs/100subaction-e8/experiments/E8/pipeline_outputs/subaction_77_P01_109_78/candidate_02_frame_012337_left/reference_frame.png,/Users/huhu/Documents/Code/bishe/vrb/vrbreproduction/outputs/100subaction-e8/experiments/E8/pipeline_outputs/subaction_77_P01_109_78/candidate_02_frame_012337_left/label_heatmap_merged_overlay.png,/Users/huhu/Documents/Code/bishe/vrb/vrbreproduction/outputs/100subaction-e8/experiments/E8/pipeline_outputs/subaction_77_P01_109_78/candidate_02_frame_012337_left/vrb_style_affordance.png,6.0,0.0,"[112.77, 181.01, 150.86, 221.03]",/Users/huhu/Documents/Code/bishe/vrb/vrbreproduction/outputs/100subaction-e8/experiments/E8/pipeline_outputs/subaction_77_P01_109_78/candidate_02_frame_012337_left/label_heatmap_merged.npy,/Users/huhu/Documents/Code/bishe/vrb/vrbreproduction/outputs/100subaction-e8/experiments/E8/pipeline_outputs/subaction_77_P01_109_78/candidate_02_frame_012337_left/label_heatmap_merged.png,/Users/huhu/Documents/Code/bishe/vrb/vrbreproduction/outputs/100subaction-e8/experiments/E8/pipeline_outputs/subaction_77_P01_109_78/candidate_02_frame_012337_left/mask_projection_overlay.png,"(256, 456)",isotropic_e7,True,False
E8,77,P01_109_78,pick up potato slice,pick-up,slice:potato,['slice:potato'],12336,12390,12335.0,12389.0,3.0,12340.0,left,new_contact_episode,60,12,0,,,,,,,False,,0,0,0,,,0,,,not_run,0,0.0,,,,,,not_run,0,,,,,,,,,not_run,discard,missing_hand_or_object_bbox,,/Users/huhu/Documents/Code/bishe/vrb/vrbreproduction/outputs/100subaction-e8/experiments/E8/pipeline_outputs/subaction_77_P01_109_78/candidate_03_frame_012340_left,,,,,,,,,,,,,,False
E8,77,P01_109_78,pick up potato slice,pick-up,slice:potato,['slice:potato'],12336,12390,12335.0,12389.0,4.0,12341.0,left,new_contact_episode,60,12,86,"[124.0, 175.0, 150.0, 207.0]",4.978095679905576,grabcut_fallback,bbox_fallback,fallback_lk,cotracker_weighted_affine,False,1.0,30,30,30,1.0,0.8957836627960205,5,0.0,1015.0,success,361,0.2092942838098164,,12339.0,pre_contact_gap_tracked_reference,2.0,cotracker_weighted_affine,success,5,0.0,0.1792,,,,,,,success,keep,,5.679798990116119,/Users/huhu/Documents/Code/bishe/vrb/vrbreproduction/outputs/100subaction-e8/experiments/E8/pipeline_outputs/subaction_77_P01_109_78/candidate_04_frame_012341_left,/Users/huhu/Documents/Code/bishe/vrb/vrbreproduction/outputs/100subaction-e8/experiments/E8/pipeline_outputs/subaction_77_P01_109_78/candidate_04_frame_012341_left,/Users/huhu/Documents/Code/bishe/vrb/vrbreproduction/outputs/100subaction-e8/experiments/E8/pipeline_outputs/subaction_77_P01_109_78/candidate_04_frame_012341_left/reference_frame.png,/Users/huhu/Documents/Code/bishe/vrb/vrbreproduction/outputs/100subaction-e8/experiments/E8/pipeline_outputs/subaction_77_P01_109_78/candidate_04_frame_012341_left/label_heatmap_merged_overlay.png,/Users/huhu/Documents/Code/bishe/vrb/vrbreproduction/outputs/100subaction-e8/experiments/E8/pipeline_outputs/subaction_77_P01_109_78/candidate_04_frame_012341_left/vrb_style_affordance.png,6.0,0.0,"[119.56, 175.64, 149.32, 211.38]",/Users/huhu/Documents/Code/bishe/vrb/vrbreproduction/outputs/100subaction-e8/experiments/E8/pipeline_outputs/subaction_77_P01_109_78/candidate_04_frame_012341_left/label_heatmap_merged.npy,/Users/huhu/Documents/Code/bishe/vrb/vrbreproduction/outputs/100subaction-e8/experiments/E8/pipeline_outputs/subaction_77_P01_109_78/candidate_04_frame_012341_left/label_heatmap_merged.png,/Users/huhu/Documents/Code/bishe/vrb/vrbreproduction/outputs/100subaction-e8/experiments/E8/pipeline_outputs/subaction_77_P01_109_78/candidate_04_frame_012341_left/mask_projection_overlay.png,"(256, 456)",isotropic_e7,True,False
E8,77,P01_109_78,pick up potato slice,pick-up,slice:potato,['slice:potato'],12336,12390,12335.0,12389.0,5.0,12342.0,left,new_contact_episode,60,12,74,"[124.0, 174.0, 150.0, 208.0]",5.075197648577075,grabcut_fallback,,,,False,,30,0,0,,,0,,,success,361,0.2092942838098164,,,,,,failed,0,,,,,,,,,not_run,discard,mask_gate_failed,,/Users/huhu/Documents/Code/bishe/vrb/vrbreproduction/outputs/100subaction-e8/experiments/E8/pipeline_outputs/subaction_77_P01_109_78/candidate_05_frame_012342_left,,,,,6.0,0.0,,,,,,,,False
E8,77,P01_109_78,pick up potato slice,pick-up,slice:potato,['slice:potato'],12336,12390,12335.0,12389.0,6.0,12346.0,left,new_contact_episode,60,12,115,"[127.0, 174.0, 151.0, 204.0]",4.865901027812928,grabcut_fallback,,,,False,,36,0,0,,,0,,,success,361,0.2092942838098164,,,,,,failed,0,,,,,,,,,not_run,discard,mask_gate_failed,,/Users/huhu/Documents/Code/bishe/vrb/vrbreproduction/outputs/100subaction-e8/experiments/E8/pipeline_outputs/subaction_77_P01_109_78/candidate_06_frame_012346_left,,,,,6.0,0.0,,,,,,,,False
E8,77,P01_109_78,pick up potato slice,pick-up,slice:potato,['slice:potato'],12336,12390,12335.0,12389.0,7.0,12347.0,left,new_contact_episode,60,12,119,"[126.0, 174.0, 151.0, 203.0]",4.932154140529263,grabcut_fallback,bbox_fallback,fallback_lk,cotracker_weighted_affine,False,0.9133333333333333,36,36,33,0.9166666666666666,2.009587049484253,4,0.0,720.0,success,361,0.2092942838098164,,12344.0,pre_contact_gap_tracked_reference,3.0,cotracker_weighted_affine,success,4,0.0,0.1632,,,,,,,success,keep,,5.242912388515473,/Users/huhu/Documents/Code/bishe/vrb/vrbreproduction/outputs/100subaction-e8/experiments/E8/pipeline_outputs/subaction_77_P01_109_78/candidate_07_frame_012347_left,/Users/huhu/Documents/Code/bishe/vrb/vrbreproduction/outputs/100subaction-e8/experiments/E8/pipeline_outputs/subaction_77_P01_109_78/candidate_07_frame_012347_left,/Users/huhu/Documents/Code/bishe/vrb/vrbreproduction/outputs/100subaction-e8/experiments/E8/pipeline_outputs/subaction_77_P01_109_78/candidate_07_frame_012347_left/reference_frame.png,/Users/huhu/Documents/Code/bishe/vrb/vrbreproduction/outputs/100subaction-e8/experiments/E8/pipeline_outputs/subaction_77_P01_109_78/candidate_07_frame_012347_left/label_heatmap_merged_overlay.png,/Users/huhu/Documents/Code/bishe/vrb/vrbreproduction/outputs/100subaction-e8/experiments/E8/pipeline_outputs/subaction_77_P01_109_78/candidate_07_frame_012347_left/vrb_style_affordance.png,6.0,0.0,"[126.62, 174.17, 151.03, 204.26]",/Users/huhu/Documents/Code/bishe/vrb/vrbreproduction/outputs/100subaction-e8/experiments/E8/pipeline_outputs/subaction_77_P01_109_78/candidate_07_frame_012347_left/label_heatmap_merged.npy,/Users/huhu/Documents/Code/bishe/vrb/vrbreproduction/outputs/100subaction-e8/experiments/E8/pipeline_outputs/subaction_77_P01_109_78/candidate_07_frame_012347_left/label_heatmap_merged.png,/Users/huhu/Documents/Code/bishe/vrb/vrbreproduction/outputs/100subaction-e8/experiments/E8/pipeline_outputs/subaction_77_P01_109_78/candidate_07_frame_012347_left/mask_projection_overlay.png,"(256, 456)",isotropic_e7,True,False
E8,77,P01_109_78,pick up potato slice,pick-up,slice:potato,['slice:potato'],12336,12390,12335.0,12389.0,8.0,12348.0,left,new_contact_episode,60,12,103,"[126.0, 174.0, 151.0, 203.0]",4.928774696928674,grabcut_fallback,bbox_fallback,fallback_lk,cotracker_weighted_affine,False,0.9022222222222223,36,36,31,0.8611111111111112,2.05826735496521,4,0.0,1026.0,success,361,0.2092942838098164,,12343.0,pre_contact_gap_tracked_reference,5.0,cotracker_weighted_affine,success,4,0.0,0.16177777777777777,,,,,,,success,keep,,5.22141864601771,/Users/huhu/Documents/Code/bishe/vrb/vrbreproduction/outputs/100subaction-e8/experiments/E8/pipeline_outputs/subaction_77_P01_109_78/candidate_08_frame_012348_left,/Users/huhu/Documents/Code/bishe/vrb/vrbreproduction/outputs/100subaction-e8/experiments/E8/pipeline_outputs/subaction_77_P01_109_78/candidate_08_frame_012348_left,/Users/huhu/Documents/Code/bishe/vrb/vrbreproduction/outputs/100subaction-e8/experiments/E8/pipeline_outputs/subaction_77_P01_109_78/candidate_08_frame_012348_left/reference_frame.png,/Users/huhu/Documents/Code/bishe/vrb/vrbreproduction/outputs/100subaction-e8/experiments/E8/pipeline_outputs/subaction_77_P01_109_78/candidate_08_frame_012348_left/label_heatmap_merged_overlay.png,/Users/huhu/Documents/Code/bishe/vrb/vrbreproduction/outputs/100subaction-e8/experiments/E8/pipeline_outputs/subaction_77_P01_109_78/candidate_08_frame_012348_left/vrb_style_affordance.png,6.0,0.0,"[123.7, 172.93, 151.18, 210.8]",/Users/huhu/Documents/Code/bishe/vrb/vrbreproduction/outputs/100subaction-e8/experiments/E8/pipeline_outputs/subaction_77_P01_109_78/candidate_08_frame_012348_left/label_heatmap_merged.npy,/Users/huhu/Documents/Code/bishe/vrb/vrbreproduction/outputs/100subaction-e8/experiments/E8/pipeline_outputs/subaction_77_P01_109_78/candidate_08_frame_012348_left/label_heatmap_merged.png,/Users/huhu/Documents/Code/bishe/vrb/vrbreproduction/outputs/100subaction-e8/experiments/E8/pipeline_outputs/subaction_77_P01_109_78/candidate_08_frame_012348_left/mask_projection_overlay.png,"(256, 456)",isotropic_e7,True,False
E8,77,P01_109_78,pick up potato slice,pick-up,slice:potato,['slice:potato'],12336,12390,12335.0,12389.0,9.0,12361.0,right,new_contact_episode,60,12,52,"[184.0, 120.0, 259.0, 192.0]",2.9000874076820975,grabcut_fallback,bbox_fallback,fallback_lk,cotracker_weighted_affine,False,0.9866666666666667,30,30,28,0.9333333333333333,0.05791106075048447,5,0.0,5400.0,success,361,0.2092942838098164,,12360.0,earliest_reliable_tracked_reference_no_pre_gap,1.0,cotracker_weighted_affine,success,5,0.0,0.1680888888888889,,,,,,,success,keep,,5.708629334844153,/Users/huhu/Documents/Code/bishe/vrb/vrbreproduction/outputs/100subaction-e8/experiments/E8/pipeline_outputs/subaction_77_P01_109_78/candidate_09_frame_012361_right,/Users/huhu/Documents/Code/bishe/vrb/vrbreproduction/outputs/100subaction-e8/experiments/E8/pipeline_outputs/subaction_77_P01_109_78/candidate_09_frame_012361_right,/Users/huhu/Documents/Code/bishe/vrb/vrbreproduction/outputs/100subaction-e8/experiments/E8/pipeline_outputs/subaction_77_P01_109_78/candidate_09_frame_012361_right/reference_frame.png,/Users/huhu/Documents/Code/bishe/vrb/vrbreproduction/outputs/100subaction-e8/experiments/E8/pipeline_outputs/subaction_77_P01_109_78/candidate_09_frame_012361_right/label_heatmap_merged_overlay.png,/Users/huhu/Documents/Code/bishe/vrb/vrbreproduction/outputs/100subaction-e8/experiments/E8/pipeline_outputs/subaction_77_P01_109_78/candidate_09_frame_012361_right/vrb_style_affordance.png,6.0,0.0,"[184.62, 119.93, 259.76, 192.06]",/Users/huhu/Documents/Code/bishe/vrb/vrbreproduction/outputs/100subaction-e8/experiments/E8/pipeline_outputs/subaction_77_P01_109_78/candidate_09_frame_012361_right/label_heatmap_merged.npy,/Users/huhu/Documents/Code/bishe/vrb/vrbreproduction/outputs/100subaction-e8/experiments/E8/pipeline_outputs/subaction_77_P01_109_78/candidate_09_frame_012361_right/label_heatmap_merged.png,/Users/huhu/Documents/Code/bishe/vrb/vrbreproduction/outputs/100subaction-e8/experiments/E8/pipeline_outputs/subaction_77_P01_109_78/candidate_09_frame_012361_right/mask_projection_overlay.png,"(256, 456)",isotropic_e7,True,True
E8,77,P01_109_78,pick up potato slice,pick-up,slice:potato,['slice:potato'],12336,12390,12335.0,12389.0,10.0,12362.0,right,new_contact_episode,60,12,61,"[185.0, 120.0, 252.0, 186.0]",2.9380239532350916,grabcut_fallback,bbox_fallback,fallback_lk,cotracker_weighted_affine,False,0.9888888888888889,36,36,34,0.9444444444444444,0.16312330961227417,5,0.0,5040.0,success,361,0.2092942838098164,,12361.0,earliest_reliable_tracked_reference_no_pre_gap,1.0,cotracker_weighted_affine,success,5,0.0,0.1652,,,,,,,success,keep,,5.749639634044964,/Users/huhu/Documents/Code/bishe/vrb/vrbreproduction/outputs/100subaction-e8/experiments/E8/pipeline_outputs/subaction_77_P01_109_78/candidate_10_frame_012362_right,/Users/huhu/Documents/Code/bishe/vrb/vrbreproduction/outputs/100subaction-e8/experiments/E8/pipeline_outputs/subaction_77_P01_109_78/candidate_10_frame_012362_right,/Users/huhu/Documents/Code/bishe/vrb/vrbreproduction/outputs/100subaction-e8/experiments/E8/pipeline_outputs/subaction_77_P01_109_78/candidate_10_frame_012362_right/reference_frame.png,/Users/huhu/Documents/Code/bishe/vrb/vrbreproduction/outputs/100subaction-e8/experiments/E8/pipeline_outputs/subaction_77_P01_109_78/candidate_10_frame_012362_right/label_heatmap_merged_overlay.png,/Users/huhu/Documents/Code/bishe/vrb/vrbreproduction/outputs/100subaction-e8/experiments/E8/pipeline_outputs/subaction_77_P01_109_78/candidate_10_frame_012362_right/vrb_style_affordance.png,6.0,0.0,"[184.6, 119.94, 256.83, 189.87]",/Users/huhu/Documents/Code/bishe/vrb/vrbreproduction/outputs/100subaction-e8/experiments/E8/pipeline_outputs/subaction_77_P01_109_78/candidate_10_frame_012362_right/label_heatmap_merged.npy,/Users/huhu/Documents/Code/bishe/vrb/vrbreproduction/outputs/100subaction-e8/experiments/E8/pipeline_outputs/subaction_77_P01_109_78/candidate_10_frame_012362_right/label_heatmap_merged.png,/Users/huhu/Documents/Code/bishe/vrb/vrbreproduction/outputs/100subaction-e8/experiments/E8/pipeline_outputs/subaction_77_P01_109_78/candidate_10_frame_012362_right/mask_projection_overlay.png,"(256, 456)",isotropic_e7,True,False
E8,77,P01_109_78,pick up potato slice,pick-up,slice:potato,['slice:potato'],12336,12390,12335.0,12389.0,11.0,12363.0,right,new_contact_episode,60,12,56,"[184.0, 121.0, 242.0, 185.0]",2.9087238784823204,grabcut_fallback,bbox_fallback,fallback_lk,cotracker_weighted_affine,False,0.993939393939394,36,33,32,0.9696969696969697,0.18921968340873718,5,0.0,4970.0,success,361,0.2092942838098164,,12361.0,earliest_reliable_tracked_reference_no_pre_gap,2.0,cotracker_weighted_affine,success,5,0.0,0.1652,,,,,,,success,keep,,5.761796136770465,/Users/huhu/Documents/Code/bishe/vrb/vrbreproduction/outputs/100subaction-e8/experiments/E8/pipeline_outputs/subaction_77_P01_109_78/candidate_11_frame_012363_right,/Users/huhu/Documents/Code/bishe/vrb/vrbreproduction/outputs/100subaction-e8/experiments/E8/pipeline_outputs/subaction_77_P01_109_78/candidate_11_frame_012363_right,/Users/huhu/Documents/Code/bishe/vrb/vrbreproduction/outputs/100subaction-e8/experiments/E8/pipeline_outputs/subaction_77_P01_109_78/candidate_11_frame_012363_right/reference_frame.png,/Users/huhu/Documents/Code/bishe/vrb/vrbreproduction/outputs/100subaction-e8/experiments/E8/pipeline_outputs/subaction_77_P01_109_78/candidate_11_frame_012363_right/label_heatmap_merged_overlay.png,/Users/huhu/Documents/Code/bishe/vrb/vrbreproduction/outputs/100subaction-e8/experiments/E8/pipeline_outputs/subaction_77_P01_109_78/candidate_11_frame_012363_right/vrb_style_affordance.png,6.0,0.0,"[184.54, 119.97, 255.84, 189.84]",/Users/huhu/Documents/Code/bishe/vrb/vrbreproduction/outputs/100subaction-e8/experiments/E8/pipeline_outputs/subaction_77_P01_109_78/candidate_11_frame_012363_right/label_heatmap_merged.npy,/Users/huhu/Documents/Code/bishe/vrb/vrbreproduction/outputs/100subaction-e8/experiments/E8/pipeline_outputs/subaction_77_P01_109_78/candidate_11_frame_012363_right/label_heatmap_merged.png,/Users/huhu/Documents/Code/bishe/vrb/vrbreproduction/outputs/100subaction-e8/experiments/E8/pipeline_outputs/subaction_77_P01_109_78/candidate_11_frame_012363_right/mask_projection_overlay.png,"(256, 456)",isotropic_e7,True,True
E8,78,P01_109_79,put down potato slice,put-down,slice:potato,,12389,12411,,,,,,,16,0,0,,,,,,,False,,0,0,0,,,0,,,not_run,0,0.0,,,,,,not_run,0,,,,,,,,,not_run,discard,continuation_contact_run,,,,,,,,,,,,,,,,False
E8,79,P01_109_77,put down potato slice,put-down,slice:potato,['slice:potato'],12390,12417,12389.0,12416.0,0.0,12411.0,left,new_contact_episode,21,3,0,,,,,,,False,,0,0,0,,,0,,,not_run,0,0.0,,,,,,not_run,0,,,,,,,,,not_run,discard,missing_hand_or_object_bbox,,/Users/huhu/Documents/Code/bishe/vrb/vrbreproduction/outputs/100subaction-e8/experiments/E8/pipeline_outputs/subaction_79_P01_109_77/candidate_00_frame_012411_left,,,,,,,,,,,,,,False
E8,79,P01_109_77,put down potato slice,put-down,slice:potato,['slice:potato'],12390,12417,12389.0,12416.0,1.0,12412.0,left,new_contact_episode,21,3,110,"[146.0, 150.0, 177.0, 191.0]",5.014426108303565,grabcut_fallback,bbox_fallback,fallback_lk,cotracker_weighted_affine,False,1.0,36,36,36,1.0,0.8937441110610962,5,0.0,1386.0,success,361,0.2092942838098164,,12410.0,pre_contact_gap_tracked_reference,2.0,cotracker_weighted_affine,success,5,0.0,0.2232,,,,,,,success,keep,,5.613860176668167,/Users/huhu/Documents/Code/bishe/vrb/vrbreproduction/outputs/100subaction-e8/experiments/E8/pipeline_outputs/subaction_79_P01_109_77/candidate_01_frame_012412_left,/Users/huhu/Documents/Code/bishe/vrb/vrbreproduction/outputs/100subaction-e8/experiments/E8/pipeline_outputs/subaction_79_P01_109_77/candidate_01_frame_012412_left,/Users/huhu/Documents/Code/bishe/vrb/vrbreproduction/outputs/100subaction-e8/experiments/E8/pipeline_outputs/subaction_79_P01_109_77/candidate_01_frame_012412_left/reference_frame.png,/Users/huhu/Documents/Code/bishe/vrb/vrbreproduction/outputs/100subaction-e8/experiments/E8/pipeline_outputs/subaction_79_P01_109_77/candidate_01_frame_012412_left/label_heatmap_merged_overlay.png,/Users/huhu/Documents/Code/bishe/vrb/vrbreproduction/outputs/100subaction-e8/experiments/E8/pipeline_outputs/subaction_79_P01_109_77/candidate_01_frame_012412_left/vrb_style_affordance.png,6.0,0.0,"[144.17, 150.51, 177.15, 193.19]",/Users/huhu/Documents/Code/bishe/vrb/vrbreproduction/outputs/100subaction-e8/experiments/E8/pipeline_outputs/subaction_79_P01_109_77/candidate_01_frame_012412_left/label_heatmap_merged.npy,/Users/huhu/Documents/Code/bishe/vrb/vrbreproduction/outputs/100subaction-e8/experiments/E8/pipeline_outputs/subaction_79_P01_109_77/candidate_01_frame_012412_left/label_heatmap_merged.png,/Users/huhu/Documents/Code/bishe/vrb/vrbreproduction/outputs/100subaction-e8/experiments/E8/pipeline_outputs/subaction_79_P01_109_77/candidate_01_frame_012412_left/mask_projection_overlay.png,"(256, 456)",isotropic_e7,True,True
E8,79,P01_109_77,put down potato slice,put-down,slice:potato,['slice:potato'],12390,12417,12389.0,12416.0,2.0,12413.0,left,new_contact_episode,21,3,116,"[146.0, 152.0, 177.0, 196.0]",5.157330137116177,grabcut_fallback,bbox_fallback,fallback_lk,cotracker_weighted_affine,False,0.9076923076923078,36,26,14,0.5384615384615384,1.4847853183746338,5,0.0,2142.0,success,361,0.2092942838098164,,12407.0,pre_contact_gap_tracked_reference,6.0,cotracker_weighted_affine,success,5,0.0,0.22595555555555555,,,,,,,success,keep,,5.21429198349252,/Users/huhu/Documents/Code/bishe/vrb/vrbreproduction/outputs/100subaction-e8/experiments/E8/pipeline_outputs/subaction_79_P01_109_77/candidate_02_frame_012413_left,/Users/huhu/Documents/Code/bishe/vrb/vrbreproduction/outputs/100subaction-e8/experiments/E8/pipeline_outputs/subaction_79_P01_109_77/candidate_02_frame_012413_left,/Users/huhu/Documents/Code/bishe/vrb/vrbreproduction/outputs/100subaction-e8/experiments/E8/pipeline_outputs/subaction_79_P01_109_77/candidate_02_frame_012413_left/reference_frame.png,/Users/huhu/Documents/Code/bishe/vrb/vrbreproduction/outputs/100subaction-e8/experiments/E8/pipeline_outputs/subaction_79_P01_109_77/candidate_02_frame_012413_left/label_heatmap_merged_overlay.png,/Users/huhu/Documents/Code/bishe/vrb/vrbreproduction/outputs/100subaction-e8/experiments/E8/pipeline_outputs/subaction_79_P01_109_77/candidate_02_frame_012413_left/vrb_style_affordance.png,6.0,0.0,"[137.35, 154.72, 178.86, 205.79]",/Users/huhu/Documents/Code/bishe/vrb/vrbreproduction/outputs/100subaction-e8/experiments/E8/pipeline_outputs/subaction_79_P01_109_77/candidate_02_frame_012413_left/label_heatmap_merged.npy,/Users/huhu/Documents/Code/bishe/vrb/vrbreproduction/outputs/100subaction-e8/experiments/E8/pipeline_outputs/subaction_79_P01_109_77/candidate_02_frame_012413_left/label_heatmap_merged.png,/Users/huhu/Documents/Code/bishe/vrb/vrbreproduction/outputs/100subaction-e8/experiments/E8/pipeline_outputs/subaction_79_P01_109_77/candidate_02_frame_012413_left/mask_projection_overlay.png,"(256, 456)",isotropic_e7,True,False
E8,80,P01_109_80,pick up potato slices,pick-up,slice:potato,['slice:potato'],12416,12455,12415.0,12454.0,0.0,12424.0,right,new_contact_episode,54,6,71,"[190.0, 150.0, 230.0, 182.0]",3.655030164783963,grabcut_fallback,bbox_fallback,fallback_lk,cotracker_weighted_affine,False,1.0,30,29,29,1.0,0.8884029984474182,5,0.0,1932.0,success,361,0.2092942838098164,,12423.0,earliest_reliable_tracked_reference_no_pre_gap,1.0,cotracker_weighted_affine,success,5,0.0,0.2859555555555556,,,,,,,success,keep,,5.588414576713243,/Users/huhu/Documents/Code/bishe/vrb/vrbreproduction/outputs/100subaction-e8/experiments/E8/pipeline_outputs/subaction_80_P01_109_80/candidate_00_frame_012424_right,/Users/huhu/Documents/Code/bishe/vrb/vrbreproduction/outputs/100subaction-e8/experiments/E8/pipeline_outputs/subaction_80_P01_109_80/candidate_00_frame_012424_right,/Users/huhu/Documents/Code/bishe/vrb/vrbreproduction/outputs/100subaction-e8/experiments/E8/pipeline_outputs/subaction_80_P01_109_80/candidate_00_frame_012424_right/reference_frame.png,/Users/huhu/Documents/Code/bishe/vrb/vrbreproduction/outputs/100subaction-e8/experiments/E8/pipeline_outputs/subaction_80_P01_109_80/candidate_00_frame_012424_right/label_heatmap_merged_overlay.png,/Users/huhu/Documents/Code/bishe/vrb/vrbreproduction/outputs/100subaction-e8/experiments/E8/pipeline_outputs/subaction_80_P01_109_80/candidate_00_frame_012424_right/vrb_style_affordance.png,6.0,0.0,"[189.84, 148.28, 236.29, 190.02]",/Users/huhu/Documents/Code/bishe/vrb/vrbreproduction/outputs/100subaction-e8/experiments/E8/pipeline_outputs/subaction_80_P01_109_80/candidate_00_frame_012424_right/label_heatmap_merged.npy,/Users/huhu/Documents/Code/bishe/vrb/vrbreproduction/outputs/100subaction-e8/experiments/E8/pipeline_outputs/subaction_80_P01_109_80/candidate_00_frame_012424_right/label_heatmap_merged.png,/Users/huhu/Documents/Code/bishe/vrb/vrbreproduction/outputs/100subaction-e8/experiments/E8/pipeline_outputs/subaction_80_P01_109_80/candidate_00_frame_012424_right/mask_projection_overlay.png,"(256, 456)",isotropic_e7,True,True
E8,80,P01_109_80,pick up potato slices,pick-up,slice:potato,['slice:potato'],12416,12455,12415.0,12454.0,1.0,12425.0,right,new_contact_episode,54,6,91,"[191.0, 152.0, 225.0, 181.0]",3.786381022210735,grabcut_fallback,bbox_fallback,fallback_lk,cotracker_weighted_affine,False,0.9862068965517242,30,29,27,0.9310344827586207,0.9754939675331116,5,0.0,1248.0,success,361,0.2092942838098164,,12424.0,earliest_reliable_tracked_reference_no_pre_gap,1.0,cotracker_weighted_affine,success,5,0.0,0.28835555555555553,,,,,,,success,keep,,5.530477709709639,/Users/huhu/Documents/Code/bishe/vrb/vrbreproduction/outputs/100subaction-e8/experiments/E8/pipeline_outputs/subaction_80_P01_109_80/candidate_01_frame_012425_right,/Users/huhu/Documents/Code/bishe/vrb/vrbreproduction/outputs/100subaction-e8/experiments/E8/pipeline_outputs/subaction_80_P01_109_80/candidate_01_frame_012425_right,/Users/huhu/Documents/Code/bishe/vrb/vrbreproduction/outputs/100subaction-e8/experiments/E8/pipeline_outputs/subaction_80_P01_109_80/candidate_01_frame_012425_right/reference_frame.png,/Users/huhu/Documents/Code/bishe/vrb/vrbreproduction/outputs/100subaction-e8/experiments/E8/pipeline_outputs/subaction_80_P01_109_80/candidate_01_frame_012425_right/label_heatmap_merged_overlay.png,/Users/huhu/Documents/Code/bishe/vrb/vrbreproduction/outputs/100subaction-e8/experiments/E8/pipeline_outputs/subaction_80_P01_109_80/candidate_01_frame_012425_right/vrb_style_affordance.png,6.0,0.0,"[190.0, 149.88, 229.43, 182.46]",/Users/huhu/Documents/Code/bishe/vrb/vrbreproduction/outputs/100subaction-e8/experiments/E8/pipeline_outputs/subaction_80_P01_109_80/candidate_01_frame_012425_right/label_heatmap_merged.npy,/Users/huhu/Documents/Code/bishe/vrb/vrbreproduction/outputs/100subaction-e8/experiments/E8/pipeline_outputs/subaction_80_P01_109_80/candidate_01_frame_012425_right/label_heatmap_merged.png,/Users/huhu/Documents/Code/bishe/vrb/vrbreproduction/outputs/100subaction-e8/experiments/E8/pipeline_outputs/subaction_80_P01_109_80/candidate_01_frame_012425_right/mask_projection_overlay.png,"(256, 456)",isotropic_e7,True,False
E8,80,P01_109_80,pick up potato slices,pick-up,slice:potato,['slice:potato'],12416,12455,12415.0,12454.0,2.0,12426.0,right,new_contact_episode,54,6,0,"[161.0, 124.0, 221.0, 182.0]",1.3095756967042687,,,,,False,,0,0,0,,,0,,,not_run,0,0.0,,,,,,not_run,0,,,,,,,,,not_run,discard,contact_points_lt5_after_object_boundary_filter,,/Users/huhu/Documents/Code/bishe/vrb/vrbreproduction/outputs/100subaction-e8/experiments/E8/pipeline_outputs/subaction_80_P01_109_80/candidate_02_frame_012426_right,,,,,,,,,,,,,,False
E8,80,P01_109_80,pick up potato slices,pick-up,slice:potato,['slice:potato'],12416,12455,12415.0,12454.0,3.0,12437.0,right,new_contact_episode,54,6,110,"[133.0, 162.0, 169.0, 211.0]",3.3358899237948596,grabcut_fallback,bbox_fallback,fallback_lk,cotracker_weighted_affine,False,0.9235294117647059,36,34,21,0.6176470588235294,1.9868254661560059,5,0.0,1230.0,success,361,0.2092942838098164,,12417.0,earliest_reliable_tracked_reference_no_pre_gap,20.0,cotracker_weighted_affine,success,5,0.0,0.15946666666666667,,,,,,,success,keep,,5.344430530132966,/Users/huhu/Documents/Code/bishe/vrb/vrbreproduction/outputs/100subaction-e8/experiments/E8/pipeline_outputs/subaction_80_P01_109_80/candidate_03_frame_012437_right,/Users/huhu/Documents/Code/bishe/vrb/vrbreproduction/outputs/100subaction-e8/experiments/E8/pipeline_outputs/subaction_80_P01_109_80/candidate_03_frame_012437_right,/Users/huhu/Documents/Code/bishe/vrb/vrbreproduction/outputs/100subaction-e8/experiments/E8/pipeline_outputs/subaction_80_P01_109_80/candidate_03_frame_012437_right/reference_frame.png,/Users/huhu/Documents/Code/bishe/vrb/vrbreproduction/outputs/100subaction-e8/experiments/E8/pipeline_outputs/subaction_80_P01_109_80/candidate_03_frame_012437_right/label_heatmap_merged_overlay.png,/Users/huhu/Documents/Code/bishe/vrb/vrbreproduction/outputs/100subaction-e8/experiments/E8/pipeline_outputs/subaction_80_P01_109_80/candidate_03_frame_012437_right/vrb_style_affordance.png,6.0,0.0,"[146.66, 151.43, 177.11, 191.97]",/Users/huhu/Documents/Code/bishe/vrb/vrbreproduction/outputs/100subaction-e8/experiments/E8/pipeline_outputs/subaction_80_P01_109_80/candidate_03_frame_012437_right/label_heatmap_merged.npy,/Users/huhu/Documents/Code/bishe/vrb/vrbreproduction/outputs/100subaction-e8/experiments/E8/pipeline_outputs/subaction_80_P01_109_80/candidate_03_frame_012437_right/label_heatmap_merged.png,/Users/huhu/Documents/Code/bishe/vrb/vrbreproduction/outputs/100subaction-e8/experiments/E8/pipeline_outputs/subaction_80_P01_109_80/candidate_03_frame_012437_right/mask_projection_overlay.png,"(256, 456)",isotropic_e7,True,False
E8,80,P01_109_80,pick up potato slices,pick-up,slice:potato,['slice:potato'],12416,12455,12415.0,12454.0,4.0,12438.0,right,new_contact_episode,54,6,98,"[136.0, 173.0, 167.0, 213.0]",3.38676059369835,grabcut_fallback,bbox_fallback,fallback_lk,cotracker_weighted_affine,False,1.0,30,29,29,1.0,0.7686400413513184,5,0.0,1575.0,success,361,0.2092942838098164,,12437.0,earliest_reliable_tracked_reference_no_pre_gap,1.0,cotracker_weighted_affine,success,5,0.0,0.348,,,,,,,success,keep,,5.498940798759459,/Users/huhu/Documents/Code/bishe/vrb/vrbreproduction/outputs/100subaction-e8/experiments/E8/pipeline_outputs/subaction_80_P01_109_80/candidate_04_frame_012438_right,/Users/huhu/Documents/Code/bishe/vrb/vrbreproduction/outputs/100subaction-e8/experiments/E8/pipeline_outputs/subaction_80_P01_109_80/candidate_04_frame_012438_right,/Users/huhu/Documents/Code/bishe/vrb/vrbreproduction/outputs/100subaction-e8/experiments/E8/pipeline_outputs/subaction_80_P01_109_80/candidate_04_frame_012438_right/reference_frame.png,/Users/huhu/Documents/Code/bishe/vrb/vrbreproduction/outputs/100subaction-e8/experiments/E8/pipeline_outputs/subaction_80_P01_109_80/candidate_04_frame_012438_right/label_heatmap_merged_overlay.png,/Users/huhu/Documents/Code/bishe/vrb/vrbreproduction/outputs/100subaction-e8/experiments/E8/pipeline_outputs/subaction_80_P01_109_80/candidate_04_frame_012438_right/vrb_style_affordance.png,6.0,0.0,"[133.45, 165.53, 167.67, 211.29]",/Users/huhu/Documents/Code/bishe/vrb/vrbreproduction/outputs/100subaction-e8/experiments/E8/pipeline_outputs/subaction_80_P01_109_80/candidate_04_frame_012438_right/label_heatmap_merged.npy,/Users/huhu/Documents/Code/bishe/vrb/vrbreproduction/outputs/100subaction-e8/experiments/E8/pipeline_outputs/subaction_80_P01_109_80/candidate_04_frame_012438_right/label_heatmap_merged.png,/Users/huhu/Documents/Code/bishe/vrb/vrbreproduction/outputs/100subaction-e8/experiments/E8/pipeline_outputs/subaction_80_P01_109_80/candidate_04_frame_012438_right/mask_projection_overlay.png,"(256, 456)",isotropic_e7,True,True
E8,80,P01_109_80,pick up potato slices,pick-up,slice:potato,['slice:potato'],12416,12455,12415.0,12454.0,5.0,12439.0,right,new_contact_episode,54,6,104,"[133.0, 155.0, 170.0, 215.0]",3.352786352593163,grabcut_fallback,bbox_fallback,fallback_lk,cotracker_weighted_affine,False,0.9714285714285715,36,35,30,0.8571428571428571,0.7139778137207031,5,0.0,1632.0,success,361,0.2092942838098164,,12438.0,earliest_reliable_tracked_reference_no_pre_gap,1.0,cotracker_weighted_affine,success,5,0.0,0.3283111111111111,,,,,,,success,keep,,5.422971141778854,/Users/huhu/Documents/Code/bishe/vrb/vrbreproduction/outputs/100subaction-e8/experiments/E8/pipeline_outputs/subaction_80_P01_109_80/candidate_05_frame_012439_right,/Users/huhu/Documents/Code/bishe/vrb/vrbreproduction/outputs/100subaction-e8/experiments/E8/pipeline_outputs/subaction_80_P01_109_80/candidate_05_frame_012439_right,/Users/huhu/Documents/Code/bishe/vrb/vrbreproduction/outputs/100subaction-e8/experiments/E8/pipeline_outputs/subaction_80_P01_109_80/candidate_05_frame_012439_right/reference_frame.png,/Users/huhu/Documents/Code/bishe/vrb/vrbreproduction/outputs/100subaction-e8/experiments/E8/pipeline_outputs/subaction_80_P01_109_80/candidate_05_frame_012439_right/label_heatmap_merged_overlay.png,/Users/huhu/Documents/Code/bishe/vrb/vrbreproduction/outputs/100subaction-e8/experiments/E8/pipeline_outputs/subaction_80_P01_109_80/candidate_05_frame_012439_right/vrb_style_affordance.png,6.0,0.0,"[134.14, 166.41, 167.58, 213.52]",/Users/huhu/Documents/Code/bishe/vrb/vrbreproduction/outputs/100subaction-e8/experiments/E8/pipeline_outputs/subaction_80_P01_109_80/candidate_05_frame_012439_right/label_heatmap_merged.npy,/Users/huhu/Documents/Code/bishe/vrb/vrbreproduction/outputs/100subaction-e8/experiments/E8/pipeline_outputs/subaction_80_P01_109_80/candidate_05_frame_012439_right/label_heatmap_merged.png,/Users/huhu/Documents/Code/bishe/vrb/vrbreproduction/outputs/100subaction-e8/experiments/E8/pipeline_outputs/subaction_80_P01_109_80/candidate_05_frame_012439_right/mask_projection_overlay.png,"(256, 456)",isotropic_e7,True,False
E8,81,P01_109_81,put down potato slices,put-down,slice:potato,['slice:potato'],12458,12480,12457.0,12479.0,0.0,12468.0,right,new_contact_episode,17,3,108,"[290.0, 52.0, 363.0, 116.0]",3.5728990664938656,grabcut_fallback,bbox_fallback,fallback_lk,cotracker_weighted_affine,False,1.0,36,36,36,1.0,0.5223636031150818,5,0.0,4864.0,success,361,0.27891314817092505,,12467.0,pre_contact_gap_tracked_reference,1.0,cotracker_weighted_affine,success,5,0.0,0.11448888888888889,,,,,,,success,keep,,5.856595758573214,/Users/huhu/Documents/Code/bishe/vrb/vrbreproduction/outputs/100subaction-e8/experiments/E8/pipeline_outputs/subaction_81_P01_109_81/candidate_00_frame_012468_right,/Users/huhu/Documents/Code/bishe/vrb/vrbreproduction/outputs/100subaction-e8/experiments/E8/pipeline_outputs/subaction_81_P01_109_81/candidate_00_frame_012468_right,/Users/huhu/Documents/Code/bishe/vrb/vrbreproduction/outputs/100subaction-e8/experiments/E8/pipeline_outputs/subaction_81_P01_109_81/candidate_00_frame_012468_right/reference_frame.png,/Users/huhu/Documents/Code/bishe/vrb/vrbreproduction/outputs/100subaction-e8/experiments/E8/pipeline_outputs/subaction_81_P01_109_81/candidate_00_frame_012468_right/label_heatmap_merged_overlay.png,/Users/huhu/Documents/Code/bishe/vrb/vrbreproduction/outputs/100subaction-e8/experiments/E8/pipeline_outputs/subaction_81_P01_109_81/candidate_00_frame_012468_right/vrb_style_affordance.png,6.0,0.0,"[289.82, 50.72, 365.78, 115.09]",/Users/huhu/Documents/Code/bishe/vrb/vrbreproduction/outputs/100subaction-e8/experiments/E8/pipeline_outputs/subaction_81_P01_109_81/candidate_00_frame_012468_right/label_heatmap_merged.npy,/Users/huhu/Documents/Code/bishe/vrb/vrbreproduction/outputs/100subaction-e8/experiments/E8/pipeline_outputs/subaction_81_P01_109_81/candidate_00_frame_012468_right/label_heatmap_merged.png,/Users/huhu/Documents/Code/bishe/vrb/vrbreproduction/outputs/100subaction-e8/experiments/E8/pipeline_outputs/subaction_81_P01_109_81/candidate_00_frame_012468_right/mask_projection_overlay.png,"(256, 456)",isotropic_e7,False,True
E8,81,P01_109_81,put down potato slices,put-down,slice:potato,['slice:potato'],12458,12480,12457.0,12479.0,1.0,12469.0,right,new_contact_episode,17,3,131,"[299.0, 47.0, 366.0, 195.0]",3.6236414737077687,grabcut_fallback,,,,False,,36,0,0,,,0,,,success,361,0.28316055651870564,,,,,,failed,0,,,,,,,,,not_run,discard,mask_gate_failed,,/Users/huhu/Documents/Code/bishe/vrb/vrbreproduction/outputs/100subaction-e8/experiments/E8/pipeline_outputs/subaction_81_P01_109_81/candidate_01_frame_012469_right,,,,,6.0,0.0,,,,,,,,False
E8,81,P01_109_81,put down potato slices,put-down,slice:potato,['slice:potato'],12458,12480,12457.0,12479.0,2.0,12470.0,right,new_contact_episode,17,3,162,"[300.0, 49.0, 364.0, 196.0]",3.733520234964382,grabcut_fallback,,,,False,,36,0,0,,,0,,,success,361,0.2874726462118839,,,,,,failed,0,,,,,,,,,not_run,discard,mask_gate_failed,,/Users/huhu/Documents/Code/bishe/vrb/vrbreproduction/outputs/100subaction-e8/experiments/E8/pipeline_outputs/subaction_81_P01_109_81/candidate_02_frame_012470_right,,,,,6.0,0.0,,,,,,,,False
E8,82,P01_109_82,pick up potato slice,pick-up,slice:potato,['slice:potato'],12484,12562,12483.0,12561.0,0.0,12493.0,right,new_contact_episode,143,6,75,"[184.0, 142.0, 232.0, 188.0]",3.9335570908154533,grabcut_fallback,bbox_fallback,fallback_lk,cotracker_weighted_affine,False,0.9,36,26,13,0.5,0.7915001511573792,5,0.0,5372.0,success,361,0.40697077693865086,,12459.0,earliest_reliable_tracked_reference_no_pre_gap,34.0,cotracker_weighted_affine,success,5,0.0,0.19066666666666668,,,,,,,success,keep,,4.77080296497377,/Users/huhu/Documents/Code/bishe/vrb/vrbreproduction/outputs/100subaction-e8/experiments/E8/pipeline_outputs/subaction_82_P01_109_82/candidate_00_frame_012493_right,/Users/huhu/Documents/Code/bishe/vrb/vrbreproduction/outputs/100subaction-e8/experiments/E8/pipeline_outputs/subaction_82_P01_109_82/candidate_00_frame_012493_right,/Users/huhu/Documents/Code/bishe/vrb/vrbreproduction/outputs/100subaction-e8/experiments/E8/pipeline_outputs/subaction_82_P01_109_82/candidate_00_frame_012493_right/reference_frame.png,/Users/huhu/Documents/Code/bishe/vrb/vrbreproduction/outputs/100subaction-e8/experiments/E8/pipeline_outputs/subaction_82_P01_109_82/candidate_00_frame_012493_right/label_heatmap_merged_overlay.png,/Users/huhu/Documents/Code/bishe/vrb/vrbreproduction/outputs/100subaction-e8/experiments/E8/pipeline_outputs/subaction_82_P01_109_82/candidate_00_frame_012493_right/vrb_style_affordance.png,6.0,0.0,"[127.32, 129.77, 206.05, 198.44]",/Users/huhu/Documents/Code/bishe/vrb/vrbreproduction/outputs/100subaction-e8/experiments/E8/pipeline_outputs/subaction_82_P01_109_82/candidate_00_frame_012493_right/label_heatmap_merged.npy,/Users/huhu/Documents/Code/bishe/vrb/vrbreproduction/outputs/100subaction-e8/experiments/E8/pipeline_outputs/subaction_82_P01_109_82/candidate_00_frame_012493_right/label_heatmap_merged.png,/Users/huhu/Documents/Code/bishe/vrb/vrbreproduction/outputs/100subaction-e8/experiments/E8/pipeline_outputs/subaction_82_P01_109_82/candidate_00_frame_012493_right/mask_projection_overlay.png,"(256, 456)",isotropic_e7,True,False
E8,82,P01_109_82,pick up potato slice,pick-up,slice:potato,['slice:potato'],12484,12562,12483.0,12561.0,1.0,12494.0,right,new_contact_episode,143,6,46,"[185.0, 143.0, 224.0, 173.0]",3.943090895604606,grabcut_fallback,bbox_fallback,fallback_lk,cotracker_weighted_affine,False,0.9818181818181819,36,33,30,0.9090909090909091,0.9499198198318481,5,0.0,2112.0,success,361,0.4131683014605593,,12493.0,earliest_reliable_tracked_reference_no_pre_gap,1.0,cotracker_weighted_affine,success,5,0.0,0.26382222222222224,,,,,,,success,keep,,5.551587253889894,/Users/huhu/Documents/Code/bishe/vrb/vrbreproduction/outputs/100subaction-e8/experiments/E8/pipeline_outputs/subaction_82_P01_109_82/candidate_01_frame_012494_right,/Users/huhu/Documents/Code/bishe/vrb/vrbreproduction/outputs/100subaction-e8/experiments/E8/pipeline_outputs/subaction_82_P01_109_82/candidate_01_frame_012494_right,/Users/huhu/Documents/Code/bishe/vrb/vrbreproduction/outputs/100subaction-e8/experiments/E8/pipeline_outputs/subaction_82_P01_109_82/candidate_01_frame_012494_right/reference_frame.png,/Users/huhu/Documents/Code/bishe/vrb/vrbreproduction/outputs/100subaction-e8/experiments/E8/pipeline_outputs/subaction_82_P01_109_82/candidate_01_frame_012494_right/label_heatmap_merged_overlay.png,/Users/huhu/Documents/Code/bishe/vrb/vrbreproduction/outputs/100subaction-e8/experiments/E8/pipeline_outputs/subaction_82_P01_109_82/candidate_01_frame_012494_right/vrb_style_affordance.png,6.0,0.0,"[183.08, 140.65, 231.48, 184.59]",/Users/huhu/Documents/Code/bishe/vrb/vrbreproduction/outputs/100subaction-e8/experiments/E8/pipeline_outputs/subaction_82_P01_109_82/candidate_01_frame_012494_right/label_heatmap_merged.npy,/Users/huhu/Documents/Code/bishe/vrb/vrbreproduction/outputs/100subaction-e8/experiments/E8/pipeline_outputs/subaction_82_P01_109_82/candidate_01_frame_012494_right/label_heatmap_merged.png,/Users/huhu/Documents/Code/bishe/vrb/vrbreproduction/outputs/100subaction-e8/experiments/E8/pipeline_outputs/subaction_82_P01_109_82/candidate_01_frame_012494_right/mask_projection_overlay.png,"(256, 456)",isotropic_e7,True,False
E8,82,P01_109_82,pick up potato slice,pick-up,slice:potato,['slice:potato'],12484,12562,12483.0,12561.0,2.0,12495.0,right,new_contact_episode,143,6,38,"[156.0, 117.0, 214.0, 169.0]",2.804975826278144,grabcut_fallback,bbox_fallback,fallback_lk,cotracker_weighted_affine,False,0.9888888888888889,36,36,34,0.9444444444444444,0.21537183225154877,5,0.0,1748.0,success,361,0.4194602045284866,,12494.0,earliest_reliable_tracked_reference_no_pre_gap,1.0,cotracker_weighted_affine,success,5,0.0,0.26293333333333335,,,,,,,success,keep,,5.601472178365786,/Users/huhu/Documents/Code/bishe/vrb/vrbreproduction/outputs/100subaction-e8/experiments/E8/pipeline_outputs/subaction_82_P01_109_82/candidate_02_frame_012495_right,/Users/huhu/Documents/Code/bishe/vrb/vrbreproduction/outputs/100subaction-e8/experiments/E8/pipeline_outputs/subaction_82_P01_109_82/candidate_02_frame_012495_right,/Users/huhu/Documents/Code/bishe/vrb/vrbreproduction/outputs/100subaction-e8/experiments/E8/pipeline_outputs/subaction_82_P01_109_82/candidate_02_frame_012495_right/reference_frame.png,/Users/huhu/Documents/Code/bishe/vrb/vrbreproduction/outputs/100subaction-e8/experiments/E8/pipeline_outputs/subaction_82_P01_109_82/candidate_02_frame_012495_right/label_heatmap_merged_overlay.png,/Users/huhu/Documents/Code/bishe/vrb/vrbreproduction/outputs/100subaction-e8/experiments/E8/pipeline_outputs/subaction_82_P01_109_82/candidate_02_frame_012495_right/vrb_style_affordance.png,6.0,0.0,"[174.52, 133.82, 220.53, 171.9]",/Users/huhu/Documents/Code/bishe/vrb/vrbreproduction/outputs/100subaction-e8/experiments/E8/pipeline_outputs/subaction_82_P01_109_82/candidate_02_frame_012495_right/label_heatmap_merged.npy,/Users/huhu/Documents/Code/bishe/vrb/vrbreproduction/outputs/100subaction-e8/experiments/E8/pipeline_outputs/subaction_82_P01_109_82/candidate_02_frame_012495_right/label_heatmap_merged.png,/Users/huhu/Documents/Code/bishe/vrb/vrbreproduction/outputs/100subaction-e8/experiments/E8/pipeline_outputs/subaction_82_P01_109_82/candidate_02_frame_012495_right/mask_projection_overlay.png,"(256, 456)",isotropic_e7,True,True
E8,82,P01_109_82,pick up potato slice,pick-up,slice:potato,['slice:potato'],12484,12562,12483.0,12561.0,3.0,12502.0,right,new_contact_episode,143,6,35,"[148.0, 147.0, 177.0, 182.0]",3.044646603454511,grabcut_fallback,bbox_fallback,fallback_lk,cotracker_weighted_affine,False,1.0,36,36,36,1.0,0.4821394681930542,5,0.0,1152.0,success,361,0.4662696533476252,,12501.0,earliest_reliable_tracked_reference_no_pre_gap,1.0,cotracker_weighted_affine,success,5,0.0,0.29355555555555557,,,,,,,success,keep,,5.589202482620874,/Users/huhu/Documents/Code/bishe/vrb/vrbreproduction/outputs/100subaction-e8/experiments/E8/pipeline_outputs/subaction_82_P01_109_82/candidate_03_frame_012502_right,/Users/huhu/Documents/Code/bishe/vrb/vrbreproduction/outputs/100subaction-e8/experiments/E8/pipeline_outputs/subaction_82_P01_109_82/candidate_03_frame_012502_right,/Users/huhu/Documents/Code/bishe/vrb/vrbreproduction/outputs/100subaction-e8/experiments/E8/pipeline_outputs/subaction_82_P01_109_82/candidate_03_frame_012502_right/reference_frame.png,/Users/huhu/Documents/Code/bishe/vrb/vrbreproduction/outputs/100subaction-e8/experiments/E8/pipeline_outputs/subaction_82_P01_109_82/candidate_03_frame_012502_right/label_heatmap_merged_overlay.png,/Users/huhu/Documents/Code/bishe/vrb/vrbreproduction/outputs/100subaction-e8/experiments/E8/pipeline_outputs/subaction_82_P01_109_82/candidate_03_frame_012502_right/vrb_style_affordance.png,6.0,0.0,"[146.68, 147.03, 178.78, 183.15]",/Users/huhu/Documents/Code/bishe/vrb/vrbreproduction/outputs/100subaction-e8/experiments/E8/pipeline_outputs/subaction_82_P01_109_82/candidate_03_frame_012502_right/label_heatmap_merged.npy,/Users/huhu/Documents/Code/bishe/vrb/vrbreproduction/outputs/100subaction-e8/experiments/E8/pipeline_outputs/subaction_82_P01_109_82/candidate_03_frame_012502_right/label_heatmap_merged.png,/Users/huhu/Documents/Code/bishe/vrb/vrbreproduction/outputs/100subaction-e8/experiments/E8/pipeline_outputs/subaction_82_P01_109_82/candidate_03_frame_012502_right/mask_projection_overlay.png,"(256, 456)",isotropic_e7,True,True
E8,82,P01_109_82,pick up potato slice,pick-up,slice:potato,['slice:potato'],12484,12562,12483.0,12561.0,4.0,12503.0,right,new_contact_episode,143,6,41,"[151.0, 148.0, 180.0, 184.0]",3.278936921121306,grabcut_fallback,bbox_fallback,fallback_lk,cotracker_weighted_affine,False,0.9866666666666667,30,30,28,0.9333333333333333,0.9843907356262207,5,0.0,999.0,success,361,0.47337020644428957,,12490.0,earliest_reliable_tracked_reference_no_pre_gap,13.0,cotracker_weighted_affine,success,5,0.0,0.19413333333333332,,,,,,,success,keep,,5.601268277931212,/Users/huhu/Documents/Code/bishe/vrb/vrbreproduction/outputs/100subaction-e8/experiments/E8/pipeline_outputs/subaction_82_P01_109_82/candidate_04_frame_012503_right,/Users/huhu/Documents/Code/bishe/vrb/vrbreproduction/outputs/100subaction-e8/experiments/E8/pipeline_outputs/subaction_82_P01_109_82/candidate_04_frame_012503_right,/Users/huhu/Documents/Code/bishe/vrb/vrbreproduction/outputs/100subaction-e8/experiments/E8/pipeline_outputs/subaction_82_P01_109_82/candidate_04_frame_012503_right/reference_frame.png,/Users/huhu/Documents/Code/bishe/vrb/vrbreproduction/outputs/100subaction-e8/experiments/E8/pipeline_outputs/subaction_82_P01_109_82/candidate_04_frame_012503_right/label_heatmap_merged_overlay.png,/Users/huhu/Documents/Code/bishe/vrb/vrbreproduction/outputs/100subaction-e8/experiments/E8/pipeline_outputs/subaction_82_P01_109_82/candidate_04_frame_012503_right/vrb_style_affordance.png,6.0,0.0,"[143.85, 150.89, 171.09, 188.08]",/Users/huhu/Documents/Code/bishe/vrb/vrbreproduction/outputs/100subaction-e8/experiments/E8/pipeline_outputs/subaction_82_P01_109_82/candidate_04_frame_012503_right/label_heatmap_merged.npy,/Users/huhu/Documents/Code/bishe/vrb/vrbreproduction/outputs/100subaction-e8/experiments/E8/pipeline_outputs/subaction_82_P01_109_82/candidate_04_frame_012503_right/label_heatmap_merged.png,/Users/huhu/Documents/Code/bishe/vrb/vrbreproduction/outputs/100subaction-e8/experiments/E8/pipeline_outputs/subaction_82_P01_109_82/candidate_04_frame_012503_right/mask_projection_overlay.png,"(256, 456)",isotropic_e7,True,False
E8,82,P01_109_82,pick up potato slice,pick-up,slice:potato,['slice:potato'],12484,12562,12483.0,12561.0,5.0,12504.0,right,new_contact_episode,143,6,40,"[151.0, 148.0, 181.0, 187.0]",3.4642974039433136,grabcut_fallback,bbox_fallback,fallback_lk,cotracker_weighted_affine,False,0.9933333333333334,30,30,29,0.9666666666666667,1.4392175674438477,5,0.0,999.0,success,361,0.4805788897911569,,12490.0,earliest_reliable_tracked_reference_no_pre_gap,14.0,cotracker_weighted_affine,success,5,0.0,0.19182222222222223,,,,,,,success,keep,,5.610090139643351,/Users/huhu/Documents/Code/bishe/vrb/vrbreproduction/outputs/100subaction-e8/experiments/E8/pipeline_outputs/subaction_82_P01_109_82/candidate_05_frame_012504_right,/Users/huhu/Documents/Code/bishe/vrb/vrbreproduction/outputs/100subaction-e8/experiments/E8/pipeline_outputs/subaction_82_P01_109_82/candidate_05_frame_012504_right,/Users/huhu/Documents/Code/bishe/vrb/vrbreproduction/outputs/100subaction-e8/experiments/E8/pipeline_outputs/subaction_82_P01_109_82/candidate_05_frame_012504_right/reference_frame.png,/Users/huhu/Documents/Code/bishe/vrb/vrbreproduction/outputs/100subaction-e8/experiments/E8/pipeline_outputs/subaction_82_P01_109_82/candidate_05_frame_012504_right/label_heatmap_merged_overlay.png,/Users/huhu/Documents/Code/bishe/vrb/vrbreproduction/outputs/100subaction-e8/experiments/E8/pipeline_outputs/subaction_82_P01_109_82/candidate_05_frame_012504_right/vrb_style_affordance.png,6.0,0.0,"[143.85, 150.89, 171.09, 188.08]",/Users/huhu/Documents/Code/bishe/vrb/vrbreproduction/outputs/100subaction-e8/experiments/E8/pipeline_outputs/subaction_82_P01_109_82/candidate_05_frame_012504_right/label_heatmap_merged.npy,/Users/huhu/Documents/Code/bishe/vrb/vrbreproduction/outputs/100subaction-e8/experiments/E8/pipeline_outputs/subaction_82_P01_109_82/candidate_05_frame_012504_right/label_heatmap_merged.png,/Users/huhu/Documents/Code/bishe/vrb/vrbreproduction/outputs/100subaction-e8/experiments/E8/pipeline_outputs/subaction_82_P01_109_82/candidate_05_frame_012504_right/mask_projection_overlay.png,"(256, 456)",isotropic_e7,True,True
E8,83,P01_109_83,put down potato slice,put-down,slice:potato,['slice:potato'],12562,12585,12561.0,12584.0,0.0,12578.0,right,new_contact_episode,45,3,116,"[307.0, 55.0, 353.0, 123.0]",3.5902324135140273,grabcut_fallback,bbox_fallback,fallback_lk,cotracker_weighted_affine,False,1.0,30,28,28,1.0,0.7285784482955933,5,0.0,3128.0,success,361,0.64744518989815,,12577.0,earliest_reliable_tracked_reference_no_pre_gap,1.0,cotracker_weighted_affine,success,5,0.0,0.11106666666666666,,,,,,,success,keep,,5.824042646551131,/Users/huhu/Documents/Code/bishe/vrb/vrbreproduction/outputs/100subaction-e8/experiments/E8/pipeline_outputs/subaction_83_P01_109_83/candidate_00_frame_012578_right,/Users/huhu/Documents/Code/bishe/vrb/vrbreproduction/outputs/100subaction-e8/experiments/E8/pipeline_outputs/subaction_83_P01_109_83/candidate_00_frame_012578_right,/Users/huhu/Documents/Code/bishe/vrb/vrbreproduction/outputs/100subaction-e8/experiments/E8/pipeline_outputs/subaction_83_P01_109_83/candidate_00_frame_012578_right/reference_frame.png,/Users/huhu/Documents/Code/bishe/vrb/vrbreproduction/outputs/100subaction-e8/experiments/E8/pipeline_outputs/subaction_83_P01_109_83/candidate_00_frame_012578_right/label_heatmap_merged_overlay.png,/Users/huhu/Documents/Code/bishe/vrb/vrbreproduction/outputs/100subaction-e8/experiments/E8/pipeline_outputs/subaction_83_P01_109_83/candidate_00_frame_012578_right/vrb_style_affordance.png,6.0,0.0,"[308.29, 55.34, 354.22, 123.05]",/Users/huhu/Documents/Code/bishe/vrb/vrbreproduction/outputs/100subaction-e8/experiments/E8/pipeline_outputs/subaction_83_P01_109_83/candidate_00_frame_012578_right/label_heatmap_merged.npy,/Users/huhu/Documents/Code/bishe/vrb/vrbreproduction/outputs/100subaction-e8/experiments/E8/pipeline_outputs/subaction_83_P01_109_83/candidate_00_frame_012578_right/label_heatmap_merged.png,/Users/huhu/Documents/Code/bishe/vrb/vrbreproduction/outputs/100subaction-e8/experiments/E8/pipeline_outputs/subaction_83_P01_109_83/candidate_00_frame_012578_right/mask_projection_overlay.png,"(256, 456)",isotropic_e7,True,True
E8,83,P01_109_83,put down potato slice,put-down,slice:potato,['slice:potato'],12562,12585,12561.0,12584.0,1.0,12579.0,right,new_contact_episode,45,3,0,"[121.0, 168.0, 154.0, 208.0]",0.8419229391413228,,,,,False,,0,0,0,,,0,,,not_run,0,0.0,,,,,,not_run,0,,,,,,,,,not_run,discard,contact_points_lt5_after_object_boundary_filter,,/Users/huhu/Documents/Code/bishe/vrb/vrbreproduction/outputs/100subaction-e8/experiments/E8/pipeline_outputs/subaction_83_P01_109_83/candidate_01_frame_012579_right,,,,,,,,,,,,,,False
E8,83,P01_109_83,put down potato slice,put-down,slice:potato,['slice:potato'],12562,12585,12561.0,12584.0,2.0,12580.0,right,new_contact_episode,45,3,0,"[121.0, 168.0, 156.0, 209.0]",0.8558576522591331,,,,,False,,0,0,0,,,0,,,not_run,0,0.0,,,,,,not_run,0,,,,,,,,,not_run,discard,contact_points_lt5_after_object_boundary_filter,,/Users/huhu/Documents/Code/bishe/vrb/vrbreproduction/outputs/100subaction-e8/experiments/E8/pipeline_outputs/subaction_83_P01_109_83/candidate_02_frame_012580_right,,,,,,,,,,,,,,False
E8,84,P01_109_84,pick up potato slice,pick-up,slice:potato,['slice:potato'],12634,12667,12633.0,12666.0,0.0,12634.0,right,new_contact_episode,38,12,107,"[299.0, 32.0, 391.0, 117.0]",3.2812684160338237,grabcut_fallback,bbox_fallback,fallback_lk,cotracker_weighted_affine,False,0.9750000000000001,36,32,28,0.875,0.28951770067214966,5,0.0,7743.0,success,361,0.64744518989815,,12632.0,pre_contact_gap_tracked_reference,2.0,cotracker_weighted_affine,success,5,0.0,0.1484,,,,,,,success,keep,,5.712964468979837,/Users/huhu/Documents/Code/bishe/vrb/vrbreproduction/outputs/100subaction-e8/experiments/E8/pipeline_outputs/subaction_84_P01_109_84/candidate_00_frame_012634_right,/Users/huhu/Documents/Code/bishe/vrb/vrbreproduction/outputs/100subaction-e8/experiments/E8/pipeline_outputs/subaction_84_P01_109_84/candidate_00_frame_012634_right,/Users/huhu/Documents/Code/bishe/vrb/vrbreproduction/outputs/100subaction-e8/experiments/E8/pipeline_outputs/subaction_84_P01_109_84/candidate_00_frame_012634_right/reference_frame.png,/Users/huhu/Documents/Code/bishe/vrb/vrbreproduction/outputs/100subaction-e8/experiments/E8/pipeline_outputs/subaction_84_P01_109_84/candidate_00_frame_012634_right/label_heatmap_merged_overlay.png,/Users/huhu/Documents/Code/bishe/vrb/vrbreproduction/outputs/100subaction-e8/experiments/E8/pipeline_outputs/subaction_84_P01_109_84/candidate_00_frame_012634_right/vrb_style_affordance.png,6.0,0.0,"[295.84, 30.66, 385.39, 118.27]",/Users/huhu/Documents/Code/bishe/vrb/vrbreproduction/outputs/100subaction-e8/experiments/E8/pipeline_outputs/subaction_84_P01_109_84/candidate_00_frame_012634_right/label_heatmap_merged.npy,/Users/huhu/Documents/Code/bishe/vrb/vrbreproduction/outputs/100subaction-e8/experiments/E8/pipeline_outputs/subaction_84_P01_109_84/candidate_00_frame_012634_right/label_heatmap_merged.png,/Users/huhu/Documents/Code/bishe/vrb/vrbreproduction/outputs/100subaction-e8/experiments/E8/pipeline_outputs/subaction_84_P01_109_84/candidate_00_frame_012634_right/mask_projection_overlay.png,"(256, 456)",isotropic_e7,True,True
E8,84,P01_109_84,pick up potato slice,pick-up,slice:potato,['slice:potato'],12634,12667,12633.0,12666.0,1.0,12635.0,right,new_contact_episode,38,12,138,"[301.0, 31.0, 388.0, 117.0]",3.2563472173893278,grabcut_fallback,bbox_fallback,fallback_lk,cotracker_weighted_affine,False,0.9750000000000001,36,32,28,0.875,0.19387927651405334,5,0.0,8366.0,success,361,0.64744518989815,,12633.0,pre_contact_gap_tracked_reference,2.0,cotracker_weighted_affine,success,5,0.0,0.1436888888888889,,,,,,,success,keep,,5.722900288371246,/Users/huhu/Documents/Code/bishe/vrb/vrbreproduction/outputs/100subaction-e8/experiments/E8/pipeline_outputs/subaction_84_P01_109_84/candidate_01_frame_012635_right,/Users/huhu/Documents/Code/bishe/vrb/vrbreproduction/outputs/100subaction-e8/experiments/E8/pipeline_outputs/subaction_84_P01_109_84/candidate_01_frame_012635_right,/Users/huhu/Documents/Code/bishe/vrb/vrbreproduction/outputs/100subaction-e8/experiments/E8/pipeline_outputs/subaction_84_P01_109_84/candidate_01_frame_012635_right/reference_frame.png,/Users/huhu/Documents/Code/bishe/vrb/vrbreproduction/outputs/100subaction-e8/experiments/E8/pipeline_outputs/subaction_84_P01_109_84/candidate_01_frame_012635_right/label_heatmap_merged_overlay.png,/Users/huhu/Documents/Code/bishe/vrb/vrbreproduction/outputs/100subaction-e8/experiments/E8/pipeline_outputs/subaction_84_P01_109_84/candidate_01_frame_012635_right/vrb_style_affordance.png,6.0,0.0,"[297.39, 30.08, 391.02, 118.83]",/Users/huhu/Documents/Code/bishe/vrb/vrbreproduction/outputs/100subaction-e8/experiments/E8/pipeline_outputs/subaction_84_P01_109_84/candidate_01_frame_012635_right/label_heatmap_merged.npy,/Users/huhu/Documents/Code/bishe/vrb/vrbreproduction/outputs/100subaction-e8/experiments/E8/pipeline_outputs/subaction_84_P01_109_84/candidate_01_frame_012635_right/label_heatmap_merged.png,/Users/huhu/Documents/Code/bishe/vrb/vrbreproduction/outputs/100subaction-e8/experiments/E8/pipeline_outputs/subaction_84_P01_109_84/candidate_01_frame_012635_right/mask_projection_overlay.png,"(256, 456)",isotropic_e7,True,False
E8,84,P01_109_84,pick up potato slice,pick-up,slice:potato,['slice:potato'],12634,12667,12633.0,12666.0,2.0,12636.0,right,new_contact_episode,38,12,104,"[303.0, 34.0, 390.0, 120.0]",3.178229149747468,grabcut_fallback,bbox_fallback,fallback_lk,cotracker_weighted_affine,False,0.9800000000000001,36,30,27,0.9,0.14537709951400757,5,0.0,7743.0,success,361,0.64744518989815,,12632.0,pre_contact_gap_tracked_reference,4.0,cotracker_weighted_affine,success,5,0.0,0.1484,,,,,,,success,keep,,5.7240386870145805,/Users/huhu/Documents/Code/bishe/vrb/vrbreproduction/outputs/100subaction-e8/experiments/E8/pipeline_outputs/subaction_84_P01_109_84/candidate_02_frame_012636_right,/Users/huhu/Documents/Code/bishe/vrb/vrbreproduction/outputs/100subaction-e8/experiments/E8/pipeline_outputs/subaction_84_P01_109_84/candidate_02_frame_012636_right,/Users/huhu/Documents/Code/bishe/vrb/vrbreproduction/outputs/100subaction-e8/experiments/E8/pipeline_outputs/subaction_84_P01_109_84/candidate_02_frame_012636_right/reference_frame.png,/Users/huhu/Documents/Code/bishe/vrb/vrbreproduction/outputs/100subaction-e8/experiments/E8/pipeline_outputs/subaction_84_P01_109_84/candidate_02_frame_012636_right/label_heatmap_merged_overlay.png,/Users/huhu/Documents/Code/bishe/vrb/vrbreproduction/outputs/100subaction-e8/experiments/E8/pipeline_outputs/subaction_84_P01_109_84/candidate_02_frame_012636_right/vrb_style_affordance.png,6.0,0.0,"[295.86, 30.66, 385.23, 118.33]",/Users/huhu/Documents/Code/bishe/vrb/vrbreproduction/outputs/100subaction-e8/experiments/E8/pipeline_outputs/subaction_84_P01_109_84/candidate_02_frame_012636_right/label_heatmap_merged.npy,/Users/huhu/Documents/Code/bishe/vrb/vrbreproduction/outputs/100subaction-e8/experiments/E8/pipeline_outputs/subaction_84_P01_109_84/candidate_02_frame_012636_right/label_heatmap_merged.png,/Users/huhu/Documents/Code/bishe/vrb/vrbreproduction/outputs/100subaction-e8/experiments/E8/pipeline_outputs/subaction_84_P01_109_84/candidate_02_frame_012636_right/mask_projection_overlay.png,"(256, 456)",isotropic_e7,True,True
E8,84,P01_109_84,pick up potato slice,pick-up,slice:potato,['slice:potato'],12634,12667,12633.0,12666.0,3.0,12639.0,left,new_contact_episode,38,12,99,"[137.0, 161.0, 170.0, 199.0]",4.893152834628455,grabcut_fallback,bbox_fallback,fallback_lk,cotracker_weighted_affine,False,1.0,36,36,36,1.0,0.7652266621589661,5,0.0,1554.0,success,361,0.64744518989815,,12638.0,pre_contact_gap_tracked_reference,1.0,cotracker_weighted_affine,success,5,0.0,0.1711111111111111,,,,,,,success,keep,,5.732876533468564,/Users/huhu/Documents/Code/bishe/vrb/vrbreproduction/outputs/100subaction-e8/experiments/E8/pipeline_outputs/subaction_84_P01_109_84/candidate_03_frame_012639_left,/Users/huhu/Documents/Code/bishe/vrb/vrbreproduction/outputs/100subaction-e8/experiments/E8/pipeline_outputs/subaction_84_P01_109_84/candidate_03_frame_012639_left,/Users/huhu/Documents/Code/bishe/vrb/vrbreproduction/outputs/100subaction-e8/experiments/E8/pipeline_outputs/subaction_84_P01_109_84/candidate_03_frame_012639_left/reference_frame.png,/Users/huhu/Documents/Code/bishe/vrb/vrbreproduction/outputs/100subaction-e8/experiments/E8/pipeline_outputs/subaction_84_P01_109_84/candidate_03_frame_012639_left/label_heatmap_merged_overlay.png,/Users/huhu/Documents/Code/bishe/vrb/vrbreproduction/outputs/100subaction-e8/experiments/E8/pipeline_outputs/subaction_84_P01_109_84/candidate_03_frame_012639_left/vrb_style_affordance.png,6.0,0.0,"[133.47, 160.3, 169.76, 201.67]",/Users/huhu/Documents/Code/bishe/vrb/vrbreproduction/outputs/100subaction-e8/experiments/E8/pipeline_outputs/subaction_84_P01_109_84/candidate_03_frame_012639_left/label_heatmap_merged.npy,/Users/huhu/Documents/Code/bishe/vrb/vrbreproduction/outputs/100subaction-e8/experiments/E8/pipeline_outputs/subaction_84_P01_109_84/candidate_03_frame_012639_left/label_heatmap_merged.png,/Users/huhu/Documents/Code/bishe/vrb/vrbreproduction/outputs/100subaction-e8/experiments/E8/pipeline_outputs/subaction_84_P01_109_84/candidate_03_frame_012639_left/mask_projection_overlay.png,"(256, 456)",isotropic_e7,True,True
E8,84,P01_109_84,pick up potato slice,pick-up,slice:potato,['slice:potato'],12634,12667,12633.0,12666.0,4.0,12640.0,left,new_contact_episode,38,12,134,"[137.0, 162.0, 171.0, 200.0]",4.981355169745489,grabcut_fallback,bbox_fallback,fallback_lk,cotracker_weighted_affine,False,0.9657142857142857,36,35,29,0.8285714285714286,1.2648305892944336,5,0.0,1845.0,success,361,0.64744518989815,,12637.0,pre_contact_gap_tracked_reference,3.0,cotracker_weighted_affine,success,5,0.0,0.17666666666666667,,,,,,,success,keep,,5.5379561537497395,/Users/huhu/Documents/Code/bishe/vrb/vrbreproduction/outputs/100subaction-e8/experiments/E8/pipeline_outputs/subaction_84_P01_109_84/candidate_04_frame_012640_left,/Users/huhu/Documents/Code/bishe/vrb/vrbreproduction/outputs/100subaction-e8/experiments/E8/pipeline_outputs/subaction_84_P01_109_84/candidate_04_frame_012640_left,/Users/huhu/Documents/Code/bishe/vrb/vrbreproduction/outputs/100subaction-e8/experiments/E8/pipeline_outputs/subaction_84_P01_109_84/candidate_04_frame_012640_left/reference_frame.png,/Users/huhu/Documents/Code/bishe/vrb/vrbreproduction/outputs/100subaction-e8/experiments/E8/pipeline_outputs/subaction_84_P01_109_84/candidate_04_frame_012640_left/label_heatmap_merged_overlay.png,/Users/huhu/Documents/Code/bishe/vrb/vrbreproduction/outputs/100subaction-e8/experiments/E8/pipeline_outputs/subaction_84_P01_109_84/candidate_04_frame_012640_left/vrb_style_affordance.png,6.0,0.0,"[129.46, 160.14, 169.78, 205.09]",/Users/huhu/Documents/Code/bishe/vrb/vrbreproduction/outputs/100subaction-e8/experiments/E8/pipeline_outputs/subaction_84_P01_109_84/candidate_04_frame_012640_left/label_heatmap_merged.npy,/Users/huhu/Documents/Code/bishe/vrb/vrbreproduction/outputs/100subaction-e8/experiments/E8/pipeline_outputs/subaction_84_P01_109_84/candidate_04_frame_012640_left/label_heatmap_merged.png,/Users/huhu/Documents/Code/bishe/vrb/vrbreproduction/outputs/100subaction-e8/experiments/E8/pipeline_outputs/subaction_84_P01_109_84/candidate_04_frame_012640_left/mask_projection_overlay.png,"(256, 456)",isotropic_e7,True,False
E8,84,P01_109_84,pick up potato slice,pick-up,slice:potato,['slice:potato'],12634,12667,12633.0,12666.0,5.0,12641.0,left,new_contact_episode,38,12,121,"[145.0, 162.0, 172.0, 195.0]",4.894383744647829,grabcut_fallback,bbox_fallback,fallback_lk,cotracker_weighted_affine,False,0.9888888888888889,36,36,34,0.9444444444444444,1.5284416675567627,5,0.0,1800.0,success,361,0.64744518989815,,12637.0,pre_contact_gap_tracked_reference,4.0,cotracker_weighted_affine,success,5,0.0,0.17666666666666667,,,,,,,success,keep,,5.610952583306631,/Users/huhu/Documents/Code/bishe/vrb/vrbreproduction/outputs/100subaction-e8/experiments/E8/pipeline_outputs/subaction_84_P01_109_84/candidate_05_frame_012641_left,/Users/huhu/Documents/Code/bishe/vrb/vrbreproduction/outputs/100subaction-e8/experiments/E8/pipeline_outputs/subaction_84_P01_109_84/candidate_05_frame_012641_left,/Users/huhu/Documents/Code/bishe/vrb/vrbreproduction/outputs/100subaction-e8/experiments/E8/pipeline_outputs/subaction_84_P01_109_84/candidate_05_frame_012641_left/reference_frame.png,/Users/huhu/Documents/Code/bishe/vrb/vrbreproduction/outputs/100subaction-e8/experiments/E8/pipeline_outputs/subaction_84_P01_109_84/candidate_05_frame_012641_left/label_heatmap_merged_overlay.png,/Users/huhu/Documents/Code/bishe/vrb/vrbreproduction/outputs/100subaction-e8/experiments/E8/pipeline_outputs/subaction_84_P01_109_84/candidate_05_frame_012641_left/vrb_style_affordance.png,6.0,0.0,"[130.33, 160.11, 169.96, 204.67]",/Users/huhu/Documents/Code/bishe/vrb/vrbreproduction/outputs/100subaction-e8/experiments/E8/pipeline_outputs/subaction_84_P01_109_84/candidate_05_frame_012641_left/label_heatmap_merged.npy,/Users/huhu/Documents/Code/bishe/vrb/vrbreproduction/outputs/100subaction-e8/experiments/E8/pipeline_outputs/subaction_84_P01_109_84/candidate_05_frame_012641_left/label_heatmap_merged.png,/Users/huhu/Documents/Code/bishe/vrb/vrbreproduction/outputs/100subaction-e8/experiments/E8/pipeline_outputs/subaction_84_P01_109_84/candidate_05_frame_012641_left/mask_projection_overlay.png,"(256, 456)",isotropic_e7,True,False
E8,84,P01_109_84,pick up potato slice,pick-up,slice:potato,['slice:potato'],12634,12667,12633.0,12666.0,6.0,12655.0,right,new_contact_episode,38,12,0,,,,,,,False,,0,0,0,,,0,,,not_run,0,0.0,,,,,,not_run,0,,,,,,,,,not_run,discard,missing_hand_or_object_bbox,,/Users/huhu/Documents/Code/bishe/vrb/vrbreproduction/outputs/100subaction-e8/experiments/E8/pipeline_outputs/subaction_84_P01_109_84/candidate_06_frame_012655_right,,,,,,,,,,,,,,False
E8,84,P01_109_84,pick up potato slice,pick-up,slice:potato,['slice:potato'],12634,12667,12633.0,12666.0,7.0,12657.0,right,new_contact_episode,38,12,0,"[155.0, 161.0, 186.0, 193.0]",1.112827510377135,,,,,False,,0,0,0,,,0,,,not_run,0,0.0,,,,,,not_run,0,,,,,,,,,not_run,discard,contact_points_lt5_after_object_boundary_filter,,/Users/huhu/Documents/Code/bishe/vrb/vrbreproduction/outputs/100subaction-e8/experiments/E8/pipeline_outputs/subaction_84_P01_109_84/candidate_07_frame_012657_right,,,,,,,,,,,,,,False
E8,84,P01_109_84,pick up potato slice,pick-up,slice:potato,['slice:potato'],12634,12667,12633.0,12666.0,8.0,12658.0,right,new_contact_episode,38,12,55,"[163.0, 162.0, 192.0, 194.0]",3.0689899547473747,grabcut_fallback,bbox_fallback,fallback_lk,cotracker_weighted_affine,False,0.9928571428571429,30,28,27,0.9642857142857143,0.5772799849510193,5,0.0,1120.0,success,361,0.64744518989815,,12656.0,pre_contact_gap_tracked_reference,2.0,cotracker_weighted_affine,success,5,0.0,0.29986666666666667,,,,,,,success,keep,,5.544095886165755,/Users/huhu/Documents/Code/bishe/vrb/vrbreproduction/outputs/100subaction-e8/experiments/E8/pipeline_outputs/subaction_84_P01_109_84/candidate_08_frame_012658_right,/Users/huhu/Documents/Code/bishe/vrb/vrbreproduction/outputs/100subaction-e8/experiments/E8/pipeline_outputs/subaction_84_P01_109_84/candidate_08_frame_012658_right,/Users/huhu/Documents/Code/bishe/vrb/vrbreproduction/outputs/100subaction-e8/experiments/E8/pipeline_outputs/subaction_84_P01_109_84/candidate_08_frame_012658_right/reference_frame.png,/Users/huhu/Documents/Code/bishe/vrb/vrbreproduction/outputs/100subaction-e8/experiments/E8/pipeline_outputs/subaction_84_P01_109_84/candidate_08_frame_012658_right/label_heatmap_merged_overlay.png,/Users/huhu/Documents/Code/bishe/vrb/vrbreproduction/outputs/100subaction-e8/experiments/E8/pipeline_outputs/subaction_84_P01_109_84/candidate_08_frame_012658_right/vrb_style_affordance.png,6.0,0.0,"[149.98, 160.82, 182.29, 195.67]",/Users/huhu/Documents/Code/bishe/vrb/vrbreproduction/outputs/100subaction-e8/experiments/E8/pipeline_outputs/subaction_84_P01_109_84/candidate_08_frame_012658_right/label_heatmap_merged.npy,/Users/huhu/Documents/Code/bishe/vrb/vrbreproduction/outputs/100subaction-e8/experiments/E8/pipeline_outputs/subaction_84_P01_109_84/candidate_08_frame_012658_right/label_heatmap_merged.png,/Users/huhu/Documents/Code/bishe/vrb/vrbreproduction/outputs/100subaction-e8/experiments/E8/pipeline_outputs/subaction_84_P01_109_84/candidate_08_frame_012658_right/mask_projection_overlay.png,"(256, 456)",isotropic_e7,True,False
E8,84,P01_109_84,pick up potato slice,pick-up,slice:potato,['slice:potato'],12634,12667,12633.0,12666.0,9.0,12659.0,right,new_contact_episode,38,12,68,"[171.0, 163.0, 200.0, 197.0]",3.589696122581274,grabcut_fallback,bbox_fallback,fallback_lk,cotracker_weighted_affine,False,0.8886206896551724,30,29,23,0.7931034482758621,0.5857120156288147,4,0.0,1155.0,success,361,0.64744518989815,,12656.0,pre_contact_gap_tracked_reference,3.0,cotracker_weighted_affine,success,4,0.0,0.3044,,,,,,,success,keep,,5.012656225738032,/Users/huhu/Documents/Code/bishe/vrb/vrbreproduction/outputs/100subaction-e8/experiments/E8/pipeline_outputs/subaction_84_P01_109_84/candidate_09_frame_012659_right,/Users/huhu/Documents/Code/bishe/vrb/vrbreproduction/outputs/100subaction-e8/experiments/E8/pipeline_outputs/subaction_84_P01_109_84/candidate_09_frame_012659_right,/Users/huhu/Documents/Code/bishe/vrb/vrbreproduction/outputs/100subaction-e8/experiments/E8/pipeline_outputs/subaction_84_P01_109_84/candidate_09_frame_012659_right/reference_frame.png,/Users/huhu/Documents/Code/bishe/vrb/vrbreproduction/outputs/100subaction-e8/experiments/E8/pipeline_outputs/subaction_84_P01_109_84/candidate_09_frame_012659_right/label_heatmap_merged_overlay.png,/Users/huhu/Documents/Code/bishe/vrb/vrbreproduction/outputs/100subaction-e8/experiments/E8/pipeline_outputs/subaction_84_P01_109_84/candidate_09_frame_012659_right/vrb_style_affordance.png,6.0,0.0,"[150.15, 160.71, 182.66, 195.86]",/Users/huhu/Documents/Code/bishe/vrb/vrbreproduction/outputs/100subaction-e8/experiments/E8/pipeline_outputs/subaction_84_P01_109_84/candidate_09_frame_012659_right/label_heatmap_merged.npy,/Users/huhu/Documents/Code/bishe/vrb/vrbreproduction/outputs/100subaction-e8/experiments/E8/pipeline_outputs/subaction_84_P01_109_84/candidate_09_frame_012659_right/label_heatmap_merged.png,/Users/huhu/Documents/Code/bishe/vrb/vrbreproduction/outputs/100subaction-e8/experiments/E8/pipeline_outputs/subaction_84_P01_109_84/candidate_09_frame_012659_right/mask_projection_overlay.png,"(256, 456)",isotropic_e7,True,False
E8,84,P01_109_84,pick up potato slice,pick-up,slice:potato,['slice:potato'],12634,12667,12633.0,12666.0,10.0,12658.0,left,new_contact_episode,38,12,92,"[163.0, 162.0, 192.0, 194.0]",4.88861298395141,grabcut_fallback,bbox_fallback,fallback_lk,cotracker_weighted_affine,False,0.9777777777777779,30,27,24,0.8888888888888888,1.2636256217956543,5,0.0,841.0,success,361,0.64744518989815,,12648.0,earliest_reliable_tracked_reference_no_pre_gap,10.0,cotracker_weighted_affine,success,5,0.0,0.13577777777777778,,,,,,,success,keep,,5.66509123134613,/Users/huhu/Documents/Code/bishe/vrb/vrbreproduction/outputs/100subaction-e8/experiments/E8/pipeline_outputs/subaction_84_P01_109_84/candidate_10_frame_012658_left,/Users/huhu/Documents/Code/bishe/vrb/vrbreproduction/outputs/100subaction-e8/experiments/E8/pipeline_outputs/subaction_84_P01_109_84/candidate_10_frame_012658_left,/Users/huhu/Documents/Code/bishe/vrb/vrbreproduction/outputs/100subaction-e8/experiments/E8/pipeline_outputs/subaction_84_P01_109_84/candidate_10_frame_012658_left/reference_frame.png,/Users/huhu/Documents/Code/bishe/vrb/vrbreproduction/outputs/100subaction-e8/experiments/E8/pipeline_outputs/subaction_84_P01_109_84/candidate_10_frame_012658_left/label_heatmap_merged_overlay.png,/Users/huhu/Documents/Code/bishe/vrb/vrbreproduction/outputs/100subaction-e8/experiments/E8/pipeline_outputs/subaction_84_P01_109_84/candidate_10_frame_012658_left/vrb_style_affordance.png,6.0,0.0,"[145.46, 162.93, 173.51, 192.36]",/Users/huhu/Documents/Code/bishe/vrb/vrbreproduction/outputs/100subaction-e8/experiments/E8/pipeline_outputs/subaction_84_P01_109_84/candidate_10_frame_012658_left/label_heatmap_merged.npy,/Users/huhu/Documents/Code/bishe/vrb/vrbreproduction/outputs/100subaction-e8/experiments/E8/pipeline_outputs/subaction_84_P01_109_84/candidate_10_frame_012658_left/label_heatmap_merged.png,/Users/huhu/Documents/Code/bishe/vrb/vrbreproduction/outputs/100subaction-e8/experiments/E8/pipeline_outputs/subaction_84_P01_109_84/candidate_10_frame_012658_left/mask_projection_overlay.png,"(256, 456)",isotropic_e7,True,False
E8,84,P01_109_84,pick up potato slice,pick-up,slice:potato,['slice:potato'],12634,12667,12633.0,12666.0,11.0,12659.0,left,new_contact_episode,38,12,26,"[171.0, 163.0, 200.0, 197.0]",4.289804526129475,grabcut_fallback,bbox_fallback,fallback_lk,cotracker_weighted_affine,False,0.9586206896551724,30,29,23,0.7931034482758621,1.3583787679672241,5,0.0,841.0,success,361,0.64744518989815,,12648.0,earliest_reliable_tracked_reference_no_pre_gap,11.0,cotracker_weighted_affine,success,5,0.0,0.13577777777777778,,,,,,,success,keep,,5.584409556501213,/Users/huhu/Documents/Code/bishe/vrb/vrbreproduction/outputs/100subaction-e8/experiments/E8/pipeline_outputs/subaction_84_P01_109_84/candidate_11_frame_012659_left,/Users/huhu/Documents/Code/bishe/vrb/vrbreproduction/outputs/100subaction-e8/experiments/E8/pipeline_outputs/subaction_84_P01_109_84/candidate_11_frame_012659_left,/Users/huhu/Documents/Code/bishe/vrb/vrbreproduction/outputs/100subaction-e8/experiments/E8/pipeline_outputs/subaction_84_P01_109_84/candidate_11_frame_012659_left/reference_frame.png,/Users/huhu/Documents/Code/bishe/vrb/vrbreproduction/outputs/100subaction-e8/experiments/E8/pipeline_outputs/subaction_84_P01_109_84/candidate_11_frame_012659_left/label_heatmap_merged_overlay.png,/Users/huhu/Documents/Code/bishe/vrb/vrbreproduction/outputs/100subaction-e8/experiments/E8/pipeline_outputs/subaction_84_P01_109_84/candidate_11_frame_012659_left/vrb_style_affordance.png,6.0,0.0,"[145.46, 162.93, 173.51, 192.36]",/Users/huhu/Documents/Code/bishe/vrb/vrbreproduction/outputs/100subaction-e8/experiments/E8/pipeline_outputs/subaction_84_P01_109_84/candidate_11_frame_012659_left/label_heatmap_merged.npy,/Users/huhu/Documents/Code/bishe/vrb/vrbreproduction/outputs/100subaction-e8/experiments/E8/pipeline_outputs/subaction_84_P01_109_84/candidate_11_frame_012659_left/label_heatmap_merged.png,/Users/huhu/Documents/Code/bishe/vrb/vrbreproduction/outputs/100subaction-e8/experiments/E8/pipeline_outputs/subaction_84_P01_109_84/candidate_11_frame_012659_left/mask_projection_overlay.png,"(256, 456)",isotropic_e7,True,False
E8,85,P01_109_85,put down potato slice,put-down,slice:potato,['slice:potato'],12670,12692,12669.0,12691.0,0.0,12679.0,left,new_contact_episode,21,4,125,"[129.0, 136.0, 214.0, 203.0]",3.584021475210957,grabcut_fallback,bbox_fallback,fallback_lk,cotracker_weighted_affine,False,0.9299999999999999,36,36,36,1.0,0.42777833342552185,4,0.0,5695.0,success,361,0.7363975911830737,,12678.0,earliest_reliable_tracked_reference_no_pre_gap,1.0,cotracker_weighted_affine,success,4,0.0,0.15733333333333333,,,,,,,success,keep,,5.373666649997233,/Users/huhu/Documents/Code/bishe/vrb/vrbreproduction/outputs/100subaction-e8/experiments/E8/pipeline_outputs/subaction_85_P01_109_85/candidate_00_frame_012679_left,/Users/huhu/Documents/Code/bishe/vrb/vrbreproduction/outputs/100subaction-e8/experiments/E8/pipeline_outputs/subaction_85_P01_109_85/candidate_00_frame_012679_left,/Users/huhu/Documents/Code/bishe/vrb/vrbreproduction/outputs/100subaction-e8/experiments/E8/pipeline_outputs/subaction_85_P01_109_85/candidate_00_frame_012679_left/reference_frame.png,/Users/huhu/Documents/Code/bishe/vrb/vrbreproduction/outputs/100subaction-e8/experiments/E8/pipeline_outputs/subaction_85_P01_109_85/candidate_00_frame_012679_left/label_heatmap_merged_overlay.png,/Users/huhu/Documents/Code/bishe/vrb/vrbreproduction/outputs/100subaction-e8/experiments/E8/pipeline_outputs/subaction_85_P01_109_85/candidate_00_frame_012679_left/vrb_style_affordance.png,6.0,0.0,"[129.81, 135.67, 214.99, 202.91]",/Users/huhu/Documents/Code/bishe/vrb/vrbreproduction/outputs/100subaction-e8/experiments/E8/pipeline_outputs/subaction_85_P01_109_85/candidate_00_frame_012679_left/label_heatmap_merged.npy,/Users/huhu/Documents/Code/bishe/vrb/vrbreproduction/outputs/100subaction-e8/experiments/E8/pipeline_outputs/subaction_85_P01_109_85/candidate_00_frame_012679_left/label_heatmap_merged.png,/Users/huhu/Documents/Code/bishe/vrb/vrbreproduction/outputs/100subaction-e8/experiments/E8/pipeline_outputs/subaction_85_P01_109_85/candidate_00_frame_012679_left/mask_projection_overlay.png,"(256, 456)",isotropic_e7,True,False
E8,85,P01_109_85,put down potato slice,put-down,slice:potato,['slice:potato'],12670,12692,12669.0,12691.0,1.0,12680.0,left,new_contact_episode,21,4,112,"[130.0, 136.0, 211.0, 200.0]",3.710816516949845,grabcut_fallback,bbox_fallback,fallback_lk,cotracker_weighted_affine,False,1.0,36,36,36,1.0,0.4619271159172058,5,0.0,5478.0,success,361,0.7363975911830737,,12679.0,earliest_reliable_tracked_reference_no_pre_gap,1.0,cotracker_weighted_affine,success,5,0.0,0.19333333333333333,,,,,,,success,keep,,5.740142186522482,/Users/huhu/Documents/Code/bishe/vrb/vrbreproduction/outputs/100subaction-e8/experiments/E8/pipeline_outputs/subaction_85_P01_109_85/candidate_01_frame_012680_left,/Users/huhu/Documents/Code/bishe/vrb/vrbreproduction/outputs/100subaction-e8/experiments/E8/pipeline_outputs/subaction_85_P01_109_85/candidate_01_frame_012680_left,/Users/huhu/Documents/Code/bishe/vrb/vrbreproduction/outputs/100subaction-e8/experiments/E8/pipeline_outputs/subaction_85_P01_109_85/candidate_01_frame_012680_left/reference_frame.png,/Users/huhu/Documents/Code/bishe/vrb/vrbreproduction/outputs/100subaction-e8/experiments/E8/pipeline_outputs/subaction_85_P01_109_85/candidate_01_frame_012680_left/label_heatmap_merged_overlay.png,/Users/huhu/Documents/Code/bishe/vrb/vrbreproduction/outputs/100subaction-e8/experiments/E8/pipeline_outputs/subaction_85_P01_109_85/candidate_01_frame_012680_left/vrb_style_affordance.png,6.0,0.0,"[129.6, 135.89, 213.32, 201.98]",/Users/huhu/Documents/Code/bishe/vrb/vrbreproduction/outputs/100subaction-e8/experiments/E8/pipeline_outputs/subaction_85_P01_109_85/candidate_01_frame_012680_left/label_heatmap_merged.npy,/Users/huhu/Documents/Code/bishe/vrb/vrbreproduction/outputs/100subaction-e8/experiments/E8/pipeline_outputs/subaction_85_P01_109_85/candidate_01_frame_012680_left/label_heatmap_merged.png,/Users/huhu/Documents/Code/bishe/vrb/vrbreproduction/outputs/100subaction-e8/experiments/E8/pipeline_outputs/subaction_85_P01_109_85/candidate_01_frame_012680_left/mask_projection_overlay.png,"(256, 456)",isotropic_e7,True,True
E8,85,P01_109_85,put down potato slice,put-down,slice:potato,['slice:potato'],12670,12692,12669.0,12691.0,2.0,12681.0,left,new_contact_episode,21,4,86,"[130.0, 135.0, 210.0, 221.0]",3.8286133679121113,grabcut_fallback,bbox_fallback,fallback_lk,cotracker_weighted_affine,False,0.89,36,20,9,0.45,0.360241562128067,5,0.0,7040.0,success,361,0.7363975911830737,,12616.0,earliest_reliable_tracked_reference_no_pre_gap,65.0,cotracker_weighted_affine,success,5,0.0,0.15982222222222223,,,,,,,success,keep,,4.6957033812482685,/Users/huhu/Documents/Code/bishe/vrb/vrbreproduction/outputs/100subaction-e8/experiments/E8/pipeline_outputs/subaction_85_P01_109_85/candidate_02_frame_012681_left,/Users/huhu/Documents/Code/bishe/vrb/vrbreproduction/outputs/100subaction-e8/experiments/E8/pipeline_outputs/subaction_85_P01_109_85/candidate_02_frame_012681_left,/Users/huhu/Documents/Code/bishe/vrb/vrbreproduction/outputs/100subaction-e8/experiments/E8/pipeline_outputs/subaction_85_P01_109_85/candidate_02_frame_012681_left/reference_frame.png,/Users/huhu/Documents/Code/bishe/vrb/vrbreproduction/outputs/100subaction-e8/experiments/E8/pipeline_outputs/subaction_85_P01_109_85/candidate_02_frame_012681_left/label_heatmap_merged_overlay.png,/Users/huhu/Documents/Code/bishe/vrb/vrbreproduction/outputs/100subaction-e8/experiments/E8/pipeline_outputs/subaction_85_P01_109_85/candidate_02_frame_012681_left/vrb_style_affordance.png,6.0,0.0,"[131.71, 145.32, 220.04, 225.07]",/Users/huhu/Documents/Code/bishe/vrb/vrbreproduction/outputs/100subaction-e8/experiments/E8/pipeline_outputs/subaction_85_P01_109_85/candidate_02_frame_012681_left/label_heatmap_merged.npy,/Users/huhu/Documents/Code/bishe/vrb/vrbreproduction/outputs/100subaction-e8/experiments/E8/pipeline_outputs/subaction_85_P01_109_85/candidate_02_frame_012681_left/label_heatmap_merged.png,/Users/huhu/Documents/Code/bishe/vrb/vrbreproduction/outputs/100subaction-e8/experiments/E8/pipeline_outputs/subaction_85_P01_109_85/candidate_02_frame_012681_left/mask_projection_overlay.png,"(256, 456)",isotropic_e7,True,False
E8,85,P01_109_85,put down potato slice,put-down,slice:potato,['slice:potato'],12670,12692,12669.0,12691.0,3.0,12691.0,right,new_contact_episode,21,4,0,,,,,,,False,,0,0,0,,,0,,,not_run,0,0.0,,,,,,not_run,0,,,,,,,,,not_run,discard,missing_hand_or_object_bbox,,/Users/huhu/Documents/Code/bishe/vrb/vrbreproduction/outputs/100subaction-e8/experiments/E8/pipeline_outputs/subaction_85_P01_109_85/candidate_03_frame_012691_right,,,,,,,,,,,,,,False
E8,86,P01_109_86,pick up potato slice,pick-up,slice:potato,['slice:potato'],12723,12753,12722.0,12752.0,0.0,12724.0,left,new_contact_episode,54,5,34,"[123.0, 134.0, 185.0, 181.0]",3.0353414587780034,grabcut_fallback,bbox_fallback,fallback_lk,cotracker_weighted_affine,False,0.8599999999999999,36,36,36,1.0,0.2881980538368225,3,0.0,2925.0,success,361,0.7363975911830737,,12723.0,earliest_reliable_tracked_reference_no_pre_gap,1.0,cotracker_weighted_affine,success,3,0.0,0.1976,,,,,,,success,keep,,4.958954058384895,/Users/huhu/Documents/Code/bishe/vrb/vrbreproduction/outputs/100subaction-e8/experiments/E8/pipeline_outputs/subaction_86_P01_109_86/candidate_00_frame_012724_left,/Users/huhu/Documents/Code/bishe/vrb/vrbreproduction/outputs/100subaction-e8/experiments/E8/pipeline_outputs/subaction_86_P01_109_86/candidate_00_frame_012724_left,/Users/huhu/Documents/Code/bishe/vrb/vrbreproduction/outputs/100subaction-e8/experiments/E8/pipeline_outputs/subaction_86_P01_109_86/candidate_00_frame_012724_left/reference_frame.png,/Users/huhu/Documents/Code/bishe/vrb/vrbreproduction/outputs/100subaction-e8/experiments/E8/pipeline_outputs/subaction_86_P01_109_86/candidate_00_frame_012724_left/label_heatmap_merged_overlay.png,/Users/huhu/Documents/Code/bishe/vrb/vrbreproduction/outputs/100subaction-e8/experiments/E8/pipeline_outputs/subaction_86_P01_109_86/candidate_00_frame_012724_left/vrb_style_affordance.png,6.0,0.0,"[120.64, 134.55, 185.69, 179.97]",/Users/huhu/Documents/Code/bishe/vrb/vrbreproduction/outputs/100subaction-e8/experiments/E8/pipeline_outputs/subaction_86_P01_109_86/candidate_00_frame_012724_left/label_heatmap_merged.npy,/Users/huhu/Documents/Code/bishe/vrb/vrbreproduction/outputs/100subaction-e8/experiments/E8/pipeline_outputs/subaction_86_P01_109_86/candidate_00_frame_012724_left/label_heatmap_merged.png,/Users/huhu/Documents/Code/bishe/vrb/vrbreproduction/outputs/100subaction-e8/experiments/E8/pipeline_outputs/subaction_86_P01_109_86/candidate_00_frame_012724_left/mask_projection_overlay.png,"(256, 456)",isotropic_e7,True,True
E8,86,P01_109_86,pick up potato slice,pick-up,slice:potato,['slice:potato'],12723,12753,12722.0,12752.0,1.0,12726.0,left,new_contact_episode,54,5,58,"[134.0, 165.0, 157.0, 194.0]",3.224256593736979,grabcut_fallback,bbox_fallback,fallback_lk,cotracker_weighted_affine,False,0.9290322580645162,36,31,20,0.6451612903225806,1.5951178073883057,5,0.0,800.0,success,361,0.7363975911830737,,12704.0,earliest_reliable_tracked_reference_no_pre_gap,22.0,cotracker_weighted_affine,success,5,0.0,0.15186666666666668,,,,,,,success,keep,,5.376217433520286,/Users/huhu/Documents/Code/bishe/vrb/vrbreproduction/outputs/100subaction-e8/experiments/E8/pipeline_outputs/subaction_86_P01_109_86/candidate_01_frame_012726_left,/Users/huhu/Documents/Code/bishe/vrb/vrbreproduction/outputs/100subaction-e8/experiments/E8/pipeline_outputs/subaction_86_P01_109_86/candidate_01_frame_012726_left,/Users/huhu/Documents/Code/bishe/vrb/vrbreproduction/outputs/100subaction-e8/experiments/E8/pipeline_outputs/subaction_86_P01_109_86/candidate_01_frame_012726_left/reference_frame.png,/Users/huhu/Documents/Code/bishe/vrb/vrbreproduction/outputs/100subaction-e8/experiments/E8/pipeline_outputs/subaction_86_P01_109_86/candidate_01_frame_012726_left/label_heatmap_merged_overlay.png,/Users/huhu/Documents/Code/bishe/vrb/vrbreproduction/outputs/100subaction-e8/experiments/E8/pipeline_outputs/subaction_86_P01_109_86/candidate_01_frame_012726_left/vrb_style_affordance.png,6.0,0.0,"[114.54, 168.94, 140.4, 201.18]",/Users/huhu/Documents/Code/bishe/vrb/vrbreproduction/outputs/100subaction-e8/experiments/E8/pipeline_outputs/subaction_86_P01_109_86/candidate_01_frame_012726_left/label_heatmap_merged.npy,/Users/huhu/Documents/Code/bishe/vrb/vrbreproduction/outputs/100subaction-e8/experiments/E8/pipeline_outputs/subaction_86_P01_109_86/candidate_01_frame_012726_left/label_heatmap_merged.png,/Users/huhu/Documents/Code/bishe/vrb/vrbreproduction/outputs/100subaction-e8/experiments/E8/pipeline_outputs/subaction_86_P01_109_86/candidate_01_frame_012726_left/mask_projection_overlay.png,"(256, 456)",isotropic_e7,True,True
E8,86,P01_109_86,pick up potato slice,pick-up,slice:potato,['slice:potato'],12723,12753,12722.0,12752.0,2.0,12729.0,left,new_contact_episode,54,5,0,,,,,,,False,,0,0,0,,,0,,,not_run,0,0.0,,,,,,not_run,0,,,,,,,,,not_run,discard,missing_hand_or_object_bbox,,/Users/huhu/Documents/Code/bishe/vrb/vrbreproduction/outputs/100subaction-e8/experiments/E8/pipeline_outputs/subaction_86_P01_109_86/candidate_02_frame_012729_left,,,,,,,,,,,,,,False
E8,86,P01_109_86,pick up potato slice,pick-up,slice:potato,['slice:potato'],12723,12753,12722.0,12752.0,3.0,12730.0,left,new_contact_episode,54,5,19,"[137.0, 162.0, 166.0, 187.0]",3.240314832839641,grabcut_fallback,bbox_fallback,fallback_lk,cotracker_weighted_affine,False,0.9944444444444445,36,36,35,0.9722222222222222,1.096561074256897,5,0.0,837.0,success,361,0.7363975911830737,,12729.0,earliest_reliable_tracked_reference_no_pre_gap,1.0,cotracker_weighted_affine,success,5,0.0,0.2584,,,,,,,success,keep,,5.571169834438959,/Users/huhu/Documents/Code/bishe/vrb/vrbreproduction/outputs/100subaction-e8/experiments/E8/pipeline_outputs/subaction_86_P01_109_86/candidate_03_frame_012730_left,/Users/huhu/Documents/Code/bishe/vrb/vrbreproduction/outputs/100subaction-e8/experiments/E8/pipeline_outputs/subaction_86_P01_109_86/candidate_03_frame_012730_left,/Users/huhu/Documents/Code/bishe/vrb/vrbreproduction/outputs/100subaction-e8/experiments/E8/pipeline_outputs/subaction_86_P01_109_86/candidate_03_frame_012730_left/reference_frame.png,/Users/huhu/Documents/Code/bishe/vrb/vrbreproduction/outputs/100subaction-e8/experiments/E8/pipeline_outputs/subaction_86_P01_109_86/candidate_03_frame_012730_left/label_heatmap_merged_overlay.png,/Users/huhu/Documents/Code/bishe/vrb/vrbreproduction/outputs/100subaction-e8/experiments/E8/pipeline_outputs/subaction_86_P01_109_86/candidate_03_frame_012730_left/vrb_style_affordance.png,6.0,0.0,"[135.58, 160.06, 166.81, 187.0]",/Users/huhu/Documents/Code/bishe/vrb/vrbreproduction/outputs/100subaction-e8/experiments/E8/pipeline_outputs/subaction_86_P01_109_86/candidate_03_frame_012730_left/label_heatmap_merged.npy,/Users/huhu/Documents/Code/bishe/vrb/vrbreproduction/outputs/100subaction-e8/experiments/E8/pipeline_outputs/subaction_86_P01_109_86/candidate_03_frame_012730_left/label_heatmap_merged.png,/Users/huhu/Documents/Code/bishe/vrb/vrbreproduction/outputs/100subaction-e8/experiments/E8/pipeline_outputs/subaction_86_P01_109_86/candidate_03_frame_012730_left/mask_projection_overlay.png,"(256, 456)",isotropic_e7,True,True
E8,86,P01_109_86,pick up potato slice,pick-up,slice:potato,['slice:potato'],12723,12753,12722.0,12752.0,4.0,12731.0,left,new_contact_episode,54,5,50,"[126.0, 133.0, 176.0, 175.0]",2.8336197673942505,grabcut_fallback,bbox_fallback,fallback_lk,cotracker_weighted_affine,False,0.9083333333333334,36,24,13,0.5416666666666666,1.065398931503296,5,0.0,870.0,success,361,0.7363975911830737,,12649.0,earliest_reliable_tracked_reference_no_pre_gap,82.0,cotracker_weighted_affine,success,5,0.0,0.13284444444444443,,,,,,,success,keep,,4.983021365388234,/Users/huhu/Documents/Code/bishe/vrb/vrbreproduction/outputs/100subaction-e8/experiments/E8/pipeline_outputs/subaction_86_P01_109_86/candidate_04_frame_012731_left,/Users/huhu/Documents/Code/bishe/vrb/vrbreproduction/outputs/100subaction-e8/experiments/E8/pipeline_outputs/subaction_86_P01_109_86/candidate_04_frame_012731_left,/Users/huhu/Documents/Code/bishe/vrb/vrbreproduction/outputs/100subaction-e8/experiments/E8/pipeline_outputs/subaction_86_P01_109_86/candidate_04_frame_012731_left/reference_frame.png,/Users/huhu/Documents/Code/bishe/vrb/vrbreproduction/outputs/100subaction-e8/experiments/E8/pipeline_outputs/subaction_86_P01_109_86/candidate_04_frame_012731_left/label_heatmap_merged_overlay.png,/Users/huhu/Documents/Code/bishe/vrb/vrbreproduction/outputs/100subaction-e8/experiments/E8/pipeline_outputs/subaction_86_P01_109_86/candidate_04_frame_012731_left/vrb_style_affordance.png,6.0,0.0,"[144.56, 162.42, 173.78, 191.91]",/Users/huhu/Documents/Code/bishe/vrb/vrbreproduction/outputs/100subaction-e8/experiments/E8/pipeline_outputs/subaction_86_P01_109_86/candidate_04_frame_012731_left/label_heatmap_merged.npy,/Users/huhu/Documents/Code/bishe/vrb/vrbreproduction/outputs/100subaction-e8/experiments/E8/pipeline_outputs/subaction_86_P01_109_86/candidate_04_frame_012731_left/label_heatmap_merged.png,/Users/huhu/Documents/Code/bishe/vrb/vrbreproduction/outputs/100subaction-e8/experiments/E8/pipeline_outputs/subaction_86_P01_109_86/candidate_04_frame_012731_left/mask_projection_overlay.png,"(256, 456)",isotropic_e7,True,False
E8,87,P01_109_87,put down potato slice,put-down,slice:potato,['slice:potato'],12758,12786,12757.0,12785.0,0.0,12758.0,right,new_contact_episode,30,6,28,"[266.0, 77.0, 291.0, 100.0]",3.8289480933268343,grabcut_fallback,,,,False,,30,0,0,,,0,,,success,361,0.7363975911830737,no_detection_or_flow,,,,,failed,0,,,,,,,,,not_run,discard,track_visibility_below_threshold,,/Users/huhu/Documents/Code/bishe/vrb/vrbreproduction/outputs/100subaction-e8/experiments/E8/pipeline_outputs/subaction_87_P01_109_87/candidate_00_frame_012758_right,,,,,6.0,0.0,,,,,,,,False
E8,87,P01_109_87,put down potato slice,put-down,slice:potato,['slice:potato'],12758,12786,12757.0,12785.0,1.0,12759.0,right,new_contact_episode,30,6,0,,,,,,,False,,0,0,0,,,0,,,not_run,0,0.0,,,,,,not_run,0,,,,,,,,,not_run,discard,missing_hand_or_object_bbox,,/Users/huhu/Documents/Code/bishe/vrb/vrbreproduction/outputs/100subaction-e8/experiments/E8/pipeline_outputs/subaction_87_P01_109_87/candidate_01_frame_012759_right,,,,,,,,,,,,,,False
E8,87,P01_109_87,put down potato slice,put-down,slice:potato,['slice:potato'],12758,12786,12757.0,12785.0,2.0,12760.0,right,new_contact_episode,30,6,0,,,,,,,False,,0,0,0,,,0,,,not_run,0,0.0,,,,,,not_run,0,,,,,,,,,not_run,discard,missing_hand_or_object_bbox,,/Users/huhu/Documents/Code/bishe/vrb/vrbreproduction/outputs/100subaction-e8/experiments/E8/pipeline_outputs/subaction_87_P01_109_87/candidate_02_frame_012760_right,,,,,,,,,,,,,,False
E8,87,P01_109_87,put down potato slice,put-down,slice:potato,['slice:potato'],12758,12786,12757.0,12785.0,3.0,12778.0,left,new_contact_episode,30,6,0,,,,,,,False,,0,0,0,,,0,,,not_run,0,0.0,,,,,,not_run,0,,,,,,,,,not_run,discard,missing_hand_or_object_bbox,,/Users/huhu/Documents/Code/bishe/vrb/vrbreproduction/outputs/100subaction-e8/experiments/E8/pipeline_outputs/subaction_87_P01_109_87/candidate_03_frame_012778_left,,,,,,,,,,,,,,False
E8,87,P01_109_87,put down potato slice,put-down,slice:potato,['slice:potato'],12758,12786,12757.0,12785.0,4.0,12779.0,left,new_contact_episode,30,6,0,,,,,,,False,,0,0,0,,,0,,,not_run,0,0.0,,,,,,not_run,0,,,,,,,,,not_run,discard,missing_hand_or_object_bbox,,/Users/huhu/Documents/Code/bishe/vrb/vrbreproduction/outputs/100subaction-e8/experiments/E8/pipeline_outputs/subaction_87_P01_109_87/candidate_04_frame_012779_left,,,,,,,,,,,,,,False
E8,87,P01_109_87,put down potato slice,put-down,slice:potato,['slice:potato'],12758,12786,12757.0,12785.0,5.0,12780.0,left,new_contact_episode,30,6,0,,,,,,,False,,0,0,0,,,0,,,not_run,0,0.0,,,,,,not_run,0,,,,,,,,,not_run,discard,missing_hand_or_object_bbox,,/Users/huhu/Documents/Code/bishe/vrb/vrbreproduction/outputs/100subaction-e8/experiments/E8/pipeline_outputs/subaction_87_P01_109_87/candidate_05_frame_012780_left,,,,,,,,,,,,,,False
E8,88,P01_109_88,pick up knife,pick-up,knife,['knife'],12876,12926,12875.0,12925.0,0.0,12879.0,right,new_contact_episode,98,3,0,"[164.0, 148.0, 183.0, 174.0]",1.2320053987245165,,,,,False,,0,0,0,,,0,,,not_run,0,0.0,,,,,,not_run,0,,,,,,,,,not_run,discard,contact_points_lt5_after_object_boundary_filter,,/Users/huhu/Documents/Code/bishe/vrb/vrbreproduction/outputs/100subaction-e8/experiments/E8/pipeline_outputs/subaction_88_P01_109_88/candidate_00_frame_012879_right,,,,,,,,,,,,,,False
E8,88,P01_109_88,pick up knife,pick-up,knife,['knife'],12876,12926,12875.0,12925.0,1.0,12880.0,right,new_contact_episode,98,3,44,"[171.0, 104.0, 237.0, 164.0]",3.23706231620461,grabcut_fallback,bbox_fallback,fallback_lk,cotracker_weighted_affine,False,0.866,30,25,17,0.68,0.6338012218475342,4,0.0,1353.0,success,361,0.4961090437133778,,12870.0,earliest_reliable_tracked_reference_no_pre_gap,10.0,cotracker_weighted_affine,success,4,0.0,0.38466666666666666,,,,,,,success,keep,,4.763985963344574,/Users/huhu/Documents/Code/bishe/vrb/vrbreproduction/outputs/100subaction-e8/experiments/E8/pipeline_outputs/subaction_88_P01_109_88/candidate_01_frame_012880_right,/Users/huhu/Documents/Code/bishe/vrb/vrbreproduction/outputs/100subaction-e8/experiments/E8/pipeline_outputs/subaction_88_P01_109_88/candidate_01_frame_012880_right,/Users/huhu/Documents/Code/bishe/vrb/vrbreproduction/outputs/100subaction-e8/experiments/E8/pipeline_outputs/subaction_88_P01_109_88/candidate_01_frame_012880_right/reference_frame.png,/Users/huhu/Documents/Code/bishe/vrb/vrbreproduction/outputs/100subaction-e8/experiments/E8/pipeline_outputs/subaction_88_P01_109_88/candidate_01_frame_012880_right/label_heatmap_merged_overlay.png,/Users/huhu/Documents/Code/bishe/vrb/vrbreproduction/outputs/100subaction-e8/experiments/E8/pipeline_outputs/subaction_88_P01_109_88/candidate_01_frame_012880_right/vrb_style_affordance.png,6.0,0.0,"[186.52, 136.83, 219.8, 178.03]",/Users/huhu/Documents/Code/bishe/vrb/vrbreproduction/outputs/100subaction-e8/experiments/E8/pipeline_outputs/subaction_88_P01_109_88/candidate_01_frame_012880_right/label_heatmap_merged.npy,/Users/huhu/Documents/Code/bishe/vrb/vrbreproduction/outputs/100subaction-e8/experiments/E8/pipeline_outputs/subaction_88_P01_109_88/candidate_01_frame_012880_right/label_heatmap_merged.png,/Users/huhu/Documents/Code/bishe/vrb/vrbreproduction/outputs/100subaction-e8/experiments/E8/pipeline_outputs/subaction_88_P01_109_88/candidate_01_frame_012880_right/mask_projection_overlay.png,"(256, 456)",isotropic_e7,True,False
E8,88,P01_109_88,pick up knife,pick-up,knife,['knife'],12876,12926,12875.0,12925.0,2.0,12881.0,right,new_contact_episode,98,3,80,"[172.0, 102.0, 239.0, 163.0]",3.2345311196983886,grabcut_fallback,bbox_fallback,fallback_lk,cotracker_weighted_affine,False,1.0,30,30,30,1.0,0.44304195046424866,5,0.0,3960.0,success,361,0.4961090437133778,,12880.0,earliest_reliable_tracked_reference_no_pre_gap,1.0,cotracker_weighted_affine,success,5,0.0,0.24173333333333333,,,,,,,success,keep,,5.668108741486072,/Users/huhu/Documents/Code/bishe/vrb/vrbreproduction/outputs/100subaction-e8/experiments/E8/pipeline_outputs/subaction_88_P01_109_88/candidate_02_frame_012881_right,/Users/huhu/Documents/Code/bishe/vrb/vrbreproduction/outputs/100subaction-e8/experiments/E8/pipeline_outputs/subaction_88_P01_109_88/candidate_02_frame_012881_right,/Users/huhu/Documents/Code/bishe/vrb/vrbreproduction/outputs/100subaction-e8/experiments/E8/pipeline_outputs/subaction_88_P01_109_88/candidate_02_frame_012881_right/reference_frame.png,/Users/huhu/Documents/Code/bishe/vrb/vrbreproduction/outputs/100subaction-e8/experiments/E8/pipeline_outputs/subaction_88_P01_109_88/candidate_02_frame_012881_right/label_heatmap_merged_overlay.png,/Users/huhu/Documents/Code/bishe/vrb/vrbreproduction/outputs/100subaction-e8/experiments/E8/pipeline_outputs/subaction_88_P01_109_88/candidate_02_frame_012881_right/vrb_style_affordance.png,6.0,0.0,"[170.89, 103.93, 236.72, 163.84]",/Users/huhu/Documents/Code/bishe/vrb/vrbreproduction/outputs/100subaction-e8/experiments/E8/pipeline_outputs/subaction_88_P01_109_88/candidate_02_frame_012881_right/label_heatmap_merged.npy,/Users/huhu/Documents/Code/bishe/vrb/vrbreproduction/outputs/100subaction-e8/experiments/E8/pipeline_outputs/subaction_88_P01_109_88/candidate_02_frame_012881_right/label_heatmap_merged.png,/Users/huhu/Documents/Code/bishe/vrb/vrbreproduction/outputs/100subaction-e8/experiments/E8/pipeline_outputs/subaction_88_P01_109_88/candidate_02_frame_012881_right/mask_projection_overlay.png,"(256, 456)",isotropic_e7,True,True
E8,89,P01_109_89,cut potato slice,cut,slice:potato,['slice:potato'],12915,13036,12914.0,13035.0,0.0,12999.0,left,new_contact_episode,241,3,33,"[206.0, 91.0, 230.0, 117.0]",3.791446466128969,grabcut_fallback,bbox_fallback,fallback_lk,cotracker_weighted_affine,False,0.8599999999999999,36,36,36,1.0,0.9374125599861145,3,0.0,702.0,success,361,0.4961090437133778,,12998.0,earliest_reliable_tracked_reference_no_pre_gap,1.0,cotracker_weighted_affine,success,3,0.0,0.21333333333333335,,,,,,,success,keep,,4.915877623200416,/Users/huhu/Documents/Code/bishe/vrb/vrbreproduction/outputs/100subaction-e8/experiments/E8/pipeline_outputs/subaction_89_P01_109_89/candidate_00_frame_012999_left,/Users/huhu/Documents/Code/bishe/vrb/vrbreproduction/outputs/100subaction-e8/experiments/E8/pipeline_outputs/subaction_89_P01_109_89/candidate_00_frame_012999_left,/Users/huhu/Documents/Code/bishe/vrb/vrbreproduction/outputs/100subaction-e8/experiments/E8/pipeline_outputs/subaction_89_P01_109_89/candidate_00_frame_012999_left/reference_frame.png,/Users/huhu/Documents/Code/bishe/vrb/vrbreproduction/outputs/100subaction-e8/experiments/E8/pipeline_outputs/subaction_89_P01_109_89/candidate_00_frame_012999_left/label_heatmap_merged_overlay.png,/Users/huhu/Documents/Code/bishe/vrb/vrbreproduction/outputs/100subaction-e8/experiments/E8/pipeline_outputs/subaction_89_P01_109_89/candidate_00_frame_012999_left/vrb_style_affordance.png,6.0,0.0,"[206.35, 89.3, 232.12, 115.78]",/Users/huhu/Documents/Code/bishe/vrb/vrbreproduction/outputs/100subaction-e8/experiments/E8/pipeline_outputs/subaction_89_P01_109_89/candidate_00_frame_012999_left/label_heatmap_merged.npy,/Users/huhu/Documents/Code/bishe/vrb/vrbreproduction/outputs/100subaction-e8/experiments/E8/pipeline_outputs/subaction_89_P01_109_89/candidate_00_frame_012999_left/label_heatmap_merged.png,/Users/huhu/Documents/Code/bishe/vrb/vrbreproduction/outputs/100subaction-e8/experiments/E8/pipeline_outputs/subaction_89_P01_109_89/candidate_00_frame_012999_left/mask_projection_overlay.png,"(256, 456)",isotropic_e7,True,True
E8,89,P01_109_89,cut potato slice,cut,slice:potato,['slice:potato'],12915,13036,12914.0,13035.0,1.0,13000.0,left,new_contact_episode,241,3,0,"[219.0, 97.0, 271.0, 167.0]",1.410087300845017,,,,,False,,0,0,0,,,0,,,not_run,0,0.0,,,,,,not_run,0,,,,,,,,,not_run,discard,contact_points_lt5_after_object_boundary_filter,,/Users/huhu/Documents/Code/bishe/vrb/vrbreproduction/outputs/100subaction-e8/experiments/E8/pipeline_outputs/subaction_89_P01_109_89/candidate_01_frame_013000_left,,,,,,,,,,,,,,False
E8,89,P01_109_89,cut potato slice,cut,slice:potato,['slice:potato'],12915,13036,12914.0,13035.0,2.0,13001.0,left,new_contact_episode,241,3,0,"[219.0, 97.0, 271.0, 166.0]",1.4273047044842921,,,,,False,,0,0,0,,,0,,,not_run,0,0.0,,,,,,not_run,0,,,,,,,,,not_run,discard,contact_points_lt5_after_object_boundary_filter,,/Users/huhu/Documents/Code/bishe/vrb/vrbreproduction/outputs/100subaction-e8/experiments/E8/pipeline_outputs/subaction_89_P01_109_89/candidate_02_frame_013001_left,,,,,,,,,,,,,,False
E8,90,P01_109_90,put down knife,put-down,knife,['knife'],13025,13055,13024.0,13054.0,0.0,13047.0,right,new_contact_episode,58,3,0,,,,,,,False,,0,0,0,,,0,,,not_run,0,0.0,,,,,,not_run,0,,,,,,,,,not_run,discard,missing_hand_or_object_bbox,,/Users/huhu/Documents/Code/bishe/vrb/vrbreproduction/outputs/100subaction-e8/experiments/E8/pipeline_outputs/subaction_90_P01_109_90/candidate_00_frame_013047_right,,,,,,,,,,,,,,False
E8,90,P01_109_90,put down knife,put-down,knife,['knife'],13025,13055,13024.0,13054.0,1.0,13048.0,right,new_contact_episode,58,3,0,,,,,,,False,,0,0,0,,,0,,,not_run,0,0.0,,,,,,not_run,0,,,,,,,,,not_run,discard,missing_hand_or_object_bbox,,/Users/huhu/Documents/Code/bishe/vrb/vrbreproduction/outputs/100subaction-e8/experiments/E8/pipeline_outputs/subaction_90_P01_109_90/candidate_01_frame_013048_right,,,,,,,,,,,,,,False
E8,90,P01_109_90,put down knife,put-down,knife,['knife'],13025,13055,13024.0,13054.0,2.0,13049.0,right,new_contact_episode,58,3,0,,,,,,,False,,0,0,0,,,0,,,not_run,0,0.0,,,,,,not_run,0,,,,,,,,,not_run,discard,missing_hand_or_object_bbox,,/Users/huhu/Documents/Code/bishe/vrb/vrbreproduction/outputs/100subaction-e8/experiments/E8/pipeline_outputs/subaction_90_P01_109_90/candidate_02_frame_013049_right,,,,,,,,,,,,,,False
E8,91,P01_109_91,put down potato slice,put-down,slice:potato,['slice:potato'],13065,13090,13064.0,13089.0,0.0,13078.0,left,new_contact_episode,34,3,0,"[303.0, 38.0, 389.0, 135.0]",0.7127372455776363,,,,,False,,0,0,0,,,0,,,not_run,0,0.0,,,,,,not_run,0,,,,,,,,,not_run,discard,contact_points_lt5_after_object_boundary_filter,,/Users/huhu/Documents/Code/bishe/vrb/vrbreproduction/outputs/100subaction-e8/experiments/E8/pipeline_outputs/subaction_91_P01_109_91/candidate_00_frame_013078_left,,,,,,,,,,,,,,False
E8,91,P01_109_91,put down potato slice,put-down,slice:potato,['slice:potato'],13065,13090,13064.0,13089.0,1.0,13080.0,left,new_contact_episode,34,3,79,"[217.0, 87.0, 268.0, 156.0]",3.3253564272121685,grabcut_fallback,bbox_fallback,fallback_lk,cotracker_weighted_affine,False,0.8957142857142857,36,35,29,0.8285714285714286,0.1827508956193924,4,0.0,3834.0,success,361,0.4961090437133778,,13076.0,earliest_reliable_tracked_reference_no_pre_gap,4.0,cotracker_weighted_affine,success,4,0.0,0.10666666666666667,,,,,,,success,keep,,5.33223118205999,/Users/huhu/Documents/Code/bishe/vrb/vrbreproduction/outputs/100subaction-e8/experiments/E8/pipeline_outputs/subaction_91_P01_109_91/candidate_01_frame_013080_left,/Users/huhu/Documents/Code/bishe/vrb/vrbreproduction/outputs/100subaction-e8/experiments/E8/pipeline_outputs/subaction_91_P01_109_91/candidate_01_frame_013080_left,/Users/huhu/Documents/Code/bishe/vrb/vrbreproduction/outputs/100subaction-e8/experiments/E8/pipeline_outputs/subaction_91_P01_109_91/candidate_01_frame_013080_left/reference_frame.png,/Users/huhu/Documents/Code/bishe/vrb/vrbreproduction/outputs/100subaction-e8/experiments/E8/pipeline_outputs/subaction_91_P01_109_91/candidate_01_frame_013080_left/label_heatmap_merged_overlay.png,/Users/huhu/Documents/Code/bishe/vrb/vrbreproduction/outputs/100subaction-e8/experiments/E8/pipeline_outputs/subaction_91_P01_109_91/candidate_01_frame_013080_left/vrb_style_affordance.png,6.0,0.0,"[212.05, 81.68, 266.16, 152.57]",/Users/huhu/Documents/Code/bishe/vrb/vrbreproduction/outputs/100subaction-e8/experiments/E8/pipeline_outputs/subaction_91_P01_109_91/candidate_01_frame_013080_left/label_heatmap_merged.npy,/Users/huhu/Documents/Code/bishe/vrb/vrbreproduction/outputs/100subaction-e8/experiments/E8/pipeline_outputs/subaction_91_P01_109_91/candidate_01_frame_013080_left/label_heatmap_merged.png,/Users/huhu/Documents/Code/bishe/vrb/vrbreproduction/outputs/100subaction-e8/experiments/E8/pipeline_outputs/subaction_91_P01_109_91/candidate_01_frame_013080_left/mask_projection_overlay.png,"(256, 456)",isotropic_e7,True,False
E8,91,P01_109_91,put down potato slice,put-down,slice:potato,['slice:potato'],13065,13090,13064.0,13089.0,2.0,13081.0,left,new_contact_episode,34,3,73,"[215.0, 87.0, 269.0, 158.0]",3.403939687292774,grabcut_fallback,bbox_fallback,fallback_lk,cotracker_weighted_affine,False,1.0,30,30,30,1.0,0.31594300270080566,5,0.0,3588.0,success,361,0.4961090437133778,,13080.0,earliest_reliable_tracked_reference_no_pre_gap,1.0,cotracker_weighted_affine,success,5,0.0,0.09817777777777778,,,,,,,success,keep,,5.887255043252308,/Users/huhu/Documents/Code/bishe/vrb/vrbreproduction/outputs/100subaction-e8/experiments/E8/pipeline_outputs/subaction_91_P01_109_91/candidate_02_frame_013081_left,/Users/huhu/Documents/Code/bishe/vrb/vrbreproduction/outputs/100subaction-e8/experiments/E8/pipeline_outputs/subaction_91_P01_109_91/candidate_02_frame_013081_left,/Users/huhu/Documents/Code/bishe/vrb/vrbreproduction/outputs/100subaction-e8/experiments/E8/pipeline_outputs/subaction_91_P01_109_91/candidate_02_frame_013081_left/reference_frame.png,/Users/huhu/Documents/Code/bishe/vrb/vrbreproduction/outputs/100subaction-e8/experiments/E8/pipeline_outputs/subaction_91_P01_109_91/candidate_02_frame_013081_left/label_heatmap_merged_overlay.png,/Users/huhu/Documents/Code/bishe/vrb/vrbreproduction/outputs/100subaction-e8/experiments/E8/pipeline_outputs/subaction_91_P01_109_91/candidate_02_frame_013081_left/vrb_style_affordance.png,6.0,0.0,"[215.86, 86.62, 268.1, 156.5]",/Users/huhu/Documents/Code/bishe/vrb/vrbreproduction/outputs/100subaction-e8/experiments/E8/pipeline_outputs/subaction_91_P01_109_91/candidate_02_frame_013081_left/label_heatmap_merged.npy,/Users/huhu/Documents/Code/bishe/vrb/vrbreproduction/outputs/100subaction-e8/experiments/E8/pipeline_outputs/subaction_91_P01_109_91/candidate_02_frame_013081_left/label_heatmap_merged.png,/Users/huhu/Documents/Code/bishe/vrb/vrbreproduction/outputs/100subaction-e8/experiments/E8/pipeline_outputs/subaction_91_P01_109_91/candidate_02_frame_013081_left/mask_projection_overlay.png,"(256, 456)",isotropic_e7,True,True
E8,92,P01_109_92,pick up potato,pick-up,potato,['potato'],13096,13121,13095.0,13120.0,0.0,13108.0,right,new_contact_episode,32,8,0,,,,,,,False,,0,0,0,,,0,,,not_run,0,0.0,,,,,,not_run,0,,,,,,,,,not_run,discard,missing_hand_or_object_bbox,,/Users/huhu/Documents/Code/bishe/vrb/vrbreproduction/outputs/100subaction-e8/experiments/E8/pipeline_outputs/subaction_92_P01_109_92/candidate_00_frame_013108_right,,,,,,,,,,,,,,False
E8,92,P01_109_92,pick up potato,pick-up,potato,['potato'],13096,13121,13095.0,13120.0,1.0,13109.0,right,new_contact_episode,32,8,0,,,,,,,False,,0,0,0,,,0,,,not_run,0,0.0,,,,,,not_run,0,,,,,,,,,not_run,discard,missing_hand_or_object_bbox,,/Users/huhu/Documents/Code/bishe/vrb/vrbreproduction/outputs/100subaction-e8/experiments/E8/pipeline_outputs/subaction_92_P01_109_92/candidate_01_frame_013109_right,,,,,,,,,,,,,,False
E8,92,P01_109_92,pick up potato,pick-up,potato,['potato'],13096,13121,13095.0,13120.0,2.0,13110.0,left,new_contact_episode,32,8,37,"[163.0, 67.0, 192.0, 94.0]",5.001851358506925,grabcut_fallback,bbox_fallback,fallback_lk,cotracker_weighted_affine,False,1.0,36,36,36,1.0,0.2033575028181076,5,0.0,754.0,success,361,0.4961090437133778,,13109.0,earliest_reliable_tracked_reference_no_pre_gap,1.0,cotracker_weighted_affine,success,5,0.0,0.15431111111111112,,,,,,,success,keep,,5.774932608248789,/Users/huhu/Documents/Code/bishe/vrb/vrbreproduction/outputs/100subaction-e8/experiments/E8/pipeline_outputs/subaction_92_P01_109_92/candidate_02_frame_013110_left,/Users/huhu/Documents/Code/bishe/vrb/vrbreproduction/outputs/100subaction-e8/experiments/E8/pipeline_outputs/subaction_92_P01_109_92/candidate_02_frame_013110_left,/Users/huhu/Documents/Code/bishe/vrb/vrbreproduction/outputs/100subaction-e8/experiments/E8/pipeline_outputs/subaction_92_P01_109_92/candidate_02_frame_013110_left/reference_frame.png,/Users/huhu/Documents/Code/bishe/vrb/vrbreproduction/outputs/100subaction-e8/experiments/E8/pipeline_outputs/subaction_92_P01_109_92/candidate_02_frame_013110_left/label_heatmap_merged_overlay.png,/Users/huhu/Documents/Code/bishe/vrb/vrbreproduction/outputs/100subaction-e8/experiments/E8/pipeline_outputs/subaction_92_P01_109_92/candidate_02_frame_013110_left/vrb_style_affordance.png,6.0,0.0,"[163.07, 66.52, 191.82, 93.34]",/Users/huhu/Documents/Code/bishe/vrb/vrbreproduction/outputs/100subaction-e8/experiments/E8/pipeline_outputs/subaction_92_P01_109_92/candidate_02_frame_013110_left/label_heatmap_merged.npy,/Users/huhu/Documents/Code/bishe/vrb/vrbreproduction/outputs/100subaction-e8/experiments/E8/pipeline_outputs/subaction_92_P01_109_92/candidate_02_frame_013110_left/label_heatmap_merged.png,/Users/huhu/Documents/Code/bishe/vrb/vrbreproduction/outputs/100subaction-e8/experiments/E8/pipeline_outputs/subaction_92_P01_109_92/candidate_02_frame_013110_left/mask_projection_overlay.png,"(256, 456)",isotropic_e7,True,True
E8,92,P01_109_92,pick up potato,pick-up,potato,['potato'],13096,13121,13095.0,13120.0,3.0,13111.0,left,new_contact_episode,32,8,40,"[167.0, 69.0, 192.0, 95.0]",5.070005257642791,grabcut_fallback,bbox_fallback,fallback_lk,cotracker_weighted_affine,False,0.9944444444444445,36,36,35,0.9722222222222222,0.31821513175964355,5,0.0,702.0,success,361,0.4961090437133778,,13110.0,earliest_reliable_tracked_reference_no_pre_gap,1.0,cotracker_weighted_affine,success,5,0.0,0.18511111111111112,,,,,,,success,keep,,5.7359535460472095,/Users/huhu/Documents/Code/bishe/vrb/vrbreproduction/outputs/100subaction-e8/experiments/E8/pipeline_outputs/subaction_92_P01_109_92/candidate_03_frame_013111_left,/Users/huhu/Documents/Code/bishe/vrb/vrbreproduction/outputs/100subaction-e8/experiments/E8/pipeline_outputs/subaction_92_P01_109_92/candidate_03_frame_013111_left,/Users/huhu/Documents/Code/bishe/vrb/vrbreproduction/outputs/100subaction-e8/experiments/E8/pipeline_outputs/subaction_92_P01_109_92/candidate_03_frame_013111_left/reference_frame.png,/Users/huhu/Documents/Code/bishe/vrb/vrbreproduction/outputs/100subaction-e8/experiments/E8/pipeline_outputs/subaction_92_P01_109_92/candidate_03_frame_013111_left/label_heatmap_merged_overlay.png,/Users/huhu/Documents/Code/bishe/vrb/vrbreproduction/outputs/100subaction-e8/experiments/E8/pipeline_outputs/subaction_92_P01_109_92/candidate_03_frame_013111_left/vrb_style_affordance.png,6.0,0.0,"[164.56, 67.56, 191.99, 94.02]",/Users/huhu/Documents/Code/bishe/vrb/vrbreproduction/outputs/100subaction-e8/experiments/E8/pipeline_outputs/subaction_92_P01_109_92/candidate_03_frame_013111_left/label_heatmap_merged.npy,/Users/huhu/Documents/Code/bishe/vrb/vrbreproduction/outputs/100subaction-e8/experiments/E8/pipeline_outputs/subaction_92_P01_109_92/candidate_03_frame_013111_left/label_heatmap_merged.png,/Users/huhu/Documents/Code/bishe/vrb/vrbreproduction/outputs/100subaction-e8/experiments/E8/pipeline_outputs/subaction_92_P01_109_92/candidate_03_frame_013111_left/mask_projection_overlay.png,"(256, 456)",isotropic_e7,True,False
E8,92,P01_109_92,pick up potato,pick-up,potato,['potato'],13096,13121,13095.0,13120.0,4.0,13112.0,left,new_contact_episode,32,8,47,"[166.0, 69.0, 191.0, 105.0]",5.104799947001826,grabcut_fallback,bbox_fallback,fallback_lk,cotracker_weighted_affine,False,0.9299999999999999,36,35,35,1.0,0.8606691360473633,4,0.0,725.0,success,361,0.4961090437133778,,13111.0,earliest_reliable_tracked_reference_no_pre_gap,1.0,cotracker_weighted_affine,success,4,0.0,0.1576,,,,,,,success,keep,,5.391779925918579,/Users/huhu/Documents/Code/bishe/vrb/vrbreproduction/outputs/100subaction-e8/experiments/E8/pipeline_outputs/subaction_92_P01_109_92/candidate_04_frame_013112_left,/Users/huhu/Documents/Code/bishe/vrb/vrbreproduction/outputs/100subaction-e8/experiments/E8/pipeline_outputs/subaction_92_P01_109_92/candidate_04_frame_013112_left,/Users/huhu/Documents/Code/bishe/vrb/vrbreproduction/outputs/100subaction-e8/experiments/E8/pipeline_outputs/subaction_92_P01_109_92/candidate_04_frame_013112_left/reference_frame.png,/Users/huhu/Documents/Code/bishe/vrb/vrbreproduction/outputs/100subaction-e8/experiments/E8/pipeline_outputs/subaction_92_P01_109_92/candidate_04_frame_013112_left/label_heatmap_merged_overlay.png,/Users/huhu/Documents/Code/bishe/vrb/vrbreproduction/outputs/100subaction-e8/experiments/E8/pipeline_outputs/subaction_92_P01_109_92/candidate_04_frame_013112_left/vrb_style_affordance.png,6.0,0.0,"[166.68, 68.72, 191.99, 98.19]",/Users/huhu/Documents/Code/bishe/vrb/vrbreproduction/outputs/100subaction-e8/experiments/E8/pipeline_outputs/subaction_92_P01_109_92/candidate_04_frame_013112_left/label_heatmap_merged.npy,/Users/huhu/Documents/Code/bishe/vrb/vrbreproduction/outputs/100subaction-e8/experiments/E8/pipeline_outputs/subaction_92_P01_109_92/candidate_04_frame_013112_left/label_heatmap_merged.png,/Users/huhu/Documents/Code/bishe/vrb/vrbreproduction/outputs/100subaction-e8/experiments/E8/pipeline_outputs/subaction_92_P01_109_92/candidate_04_frame_013112_left/mask_projection_overlay.png,"(256, 456)",isotropic_e7,True,True
E8,92,P01_109_92,pick up potato,pick-up,potato,['potato'],13096,13121,13095.0,13120.0,5.0,13114.0,right,new_contact_episode,32,8,67,"[227.0, 64.0, 257.0, 90.0]",3.217756128161663,grabcut_fallback,,,,False,,30,0,0,,,0,,,success,361,0.5036640037699267,,,,,,failed,0,,,,,,,,,not_run,discard,track_visibility_below_threshold,,/Users/huhu/Documents/Code/bishe/vrb/vrbreproduction/outputs/100subaction-e8/experiments/E8/pipeline_outputs/subaction_92_P01_109_92/candidate_05_frame_013114_right,,,,,6.0,0.0,,,,,,,,False
E8,92,P01_109_92,pick up potato,pick-up,potato,['potato'],13096,13121,13095.0,13120.0,6.0,13115.0,right,new_contact_episode,32,8,70,"[227.0, 63.0, 256.0, 89.0]",3.2415571526282525,grabcut_fallback,bbox_fallback,fallback_lk,cotracker_weighted_affine,False,1.0,30,30,30,1.0,0.31164583563804626,5,0.0,806.0,success,361,0.5113340139796211,,13114.0,earliest_reliable_tracked_reference_no_pre_gap,1.0,cotracker_weighted_affine,success,5,0.0,0.16791111111111112,,,,,,,success,keep,,5.782783958264191,/Users/huhu/Documents/Code/bishe/vrb/vrbreproduction/outputs/100subaction-e8/experiments/E8/pipeline_outputs/subaction_92_P01_109_92/candidate_06_frame_013115_right,/Users/huhu/Documents/Code/bishe/vrb/vrbreproduction/outputs/100subaction-e8/experiments/E8/pipeline_outputs/subaction_92_P01_109_92/candidate_06_frame_013115_right,/Users/huhu/Documents/Code/bishe/vrb/vrbreproduction/outputs/100subaction-e8/experiments/E8/pipeline_outputs/subaction_92_P01_109_92/candidate_06_frame_013115_right/reference_frame.png,/Users/huhu/Documents/Code/bishe/vrb/vrbreproduction/outputs/100subaction-e8/experiments/E8/pipeline_outputs/subaction_92_P01_109_92/candidate_06_frame_013115_right/label_heatmap_merged_overlay.png,/Users/huhu/Documents/Code/bishe/vrb/vrbreproduction/outputs/100subaction-e8/experiments/E8/pipeline_outputs/subaction_92_P01_109_92/candidate_06_frame_013115_right/vrb_style_affordance.png,6.0,0.0,"[226.48, 63.57, 256.56, 90.02]",/Users/huhu/Documents/Code/bishe/vrb/vrbreproduction/outputs/100subaction-e8/experiments/E8/pipeline_outputs/subaction_92_P01_109_92/candidate_06_frame_013115_right/label_heatmap_merged.npy,/Users/huhu/Documents/Code/bishe/vrb/vrbreproduction/outputs/100subaction-e8/experiments/E8/pipeline_outputs/subaction_92_P01_109_92/candidate_06_frame_013115_right/label_heatmap_merged.png,/Users/huhu/Documents/Code/bishe/vrb/vrbreproduction/outputs/100subaction-e8/experiments/E8/pipeline_outputs/subaction_92_P01_109_92/candidate_06_frame_013115_right/mask_projection_overlay.png,"(256, 456)",isotropic_e7,True,True
E8,92,P01_109_92,pick up potato,pick-up,potato,['potato'],13096,13121,13095.0,13120.0,7.0,13116.0,right,new_contact_episode,32,8,0,"[160.0, 69.0, 194.0, 113.0]",1.0839541270436146,,,,,False,,0,0,0,,,0,,,not_run,0,0.0,,,,,,not_run,0,,,,,,,,,not_run,discard,contact_points_lt5_after_object_boundary_filter,,/Users/huhu/Documents/Code/bishe/vrb/vrbreproduction/outputs/100subaction-e8/experiments/E8/pipeline_outputs/subaction_92_P01_109_92/candidate_07_frame_013116_right,,,,,,,,,,,,,,False
E8,93,P01_109_93,pick up peeler,pick-up,peeler,['peeler'],13126,13155,13125.0,13154.0,0.0,13134.0,right,new_contact_episode,56,3,96,"[255.0, 51.0, 283.0, 75.0]",4.351139643976062,grabcut_fallback,bbox_fallback,fallback_lk,cotracker_weighted_affine,False,0.9933333333333334,30,30,29,0.9666666666666667,0.4417325258255005,5,0.0,648.0,success,361,0.6542882604752328,,13133.0,earliest_reliable_tracked_reference_no_pre_gap,1.0,cotracker_weighted_affine,success,5,0.0,0.12017777777777777,,,,,,,success,keep,,5.8254813575585676,/Users/huhu/Documents/Code/bishe/vrb/vrbreproduction/outputs/100subaction-e8/experiments/E8/pipeline_outputs/subaction_93_P01_109_93/candidate_00_frame_013134_right,/Users/huhu/Documents/Code/bishe/vrb/vrbreproduction/outputs/100subaction-e8/experiments/E8/pipeline_outputs/subaction_93_P01_109_93/candidate_00_frame_013134_right,/Users/huhu/Documents/Code/bishe/vrb/vrbreproduction/outputs/100subaction-e8/experiments/E8/pipeline_outputs/subaction_93_P01_109_93/candidate_00_frame_013134_right/reference_frame.png,/Users/huhu/Documents/Code/bishe/vrb/vrbreproduction/outputs/100subaction-e8/experiments/E8/pipeline_outputs/subaction_93_P01_109_93/candidate_00_frame_013134_right/label_heatmap_merged_overlay.png,/Users/huhu/Documents/Code/bishe/vrb/vrbreproduction/outputs/100subaction-e8/experiments/E8/pipeline_outputs/subaction_93_P01_109_93/candidate_00_frame_013134_right/vrb_style_affordance.png,6.0,0.0,"[254.32, 52.61, 280.6, 76.94]",/Users/huhu/Documents/Code/bishe/vrb/vrbreproduction/outputs/100subaction-e8/experiments/E8/pipeline_outputs/subaction_93_P01_109_93/candidate_00_frame_013134_right/label_heatmap_merged.npy,/Users/huhu/Documents/Code/bishe/vrb/vrbreproduction/outputs/100subaction-e8/experiments/E8/pipeline_outputs/subaction_93_P01_109_93/candidate_00_frame_013134_right/label_heatmap_merged.png,/Users/huhu/Documents/Code/bishe/vrb/vrbreproduction/outputs/100subaction-e8/experiments/E8/pipeline_outputs/subaction_93_P01_109_93/candidate_00_frame_013134_right/mask_projection_overlay.png,"(256, 456)",isotropic_e7,True,True
E8,93,P01_109_93,pick up peeler,pick-up,peeler,['peeler'],13126,13155,13125.0,13154.0,1.0,13135.0,right,new_contact_episode,56,3,106,"[255.0, 50.0, 283.0, 76.0]",4.308354700830742,,,,,False,,0,0,0,,,0,,,not_run,0,0.0,,,,,,not_run,0,,,,,,,,,not_run,discard,gmm_failed:ValueError,,/Users/huhu/Documents/Code/bishe/vrb/vrbreproduction/outputs/100subaction-e8/experiments/E8/pipeline_outputs/subaction_93_P01_109_93/candidate_01_frame_013135_right,,,,,,,,,,,,,,False
E8,93,P01_109_93,pick up peeler,pick-up,peeler,['peeler'],13126,13155,13125.0,13154.0,2.0,13136.0,right,new_contact_episode,56,3,80,"[255.0, 51.0, 282.0, 78.0]",4.052646543534452,grabcut_fallback,bbox_fallback,fallback_lk,cotracker_weighted_affine,False,1.0,30,30,30,1.0,0.29944533109664917,5,0.0,729.0,success,361,0.6542882604752328,,13135.0,earliest_reliable_tracked_reference_no_pre_gap,1.0,cotracker_weighted_affine,success,5,0.0,0.13937777777777777,,,,,,,success,keep,,5.825949973400433,/Users/huhu/Documents/Code/bishe/vrb/vrbreproduction/outputs/100subaction-e8/experiments/E8/pipeline_outputs/subaction_93_P01_109_93/candidate_02_frame_013136_right,/Users/huhu/Documents/Code/bishe/vrb/vrbreproduction/outputs/100subaction-e8/experiments/E8/pipeline_outputs/subaction_93_P01_109_93/candidate_02_frame_013136_right,/Users/huhu/Documents/Code/bishe/vrb/vrbreproduction/outputs/100subaction-e8/experiments/E8/pipeline_outputs/subaction_93_P01_109_93/candidate_02_frame_013136_right/reference_frame.png,/Users/huhu/Documents/Code/bishe/vrb/vrbreproduction/outputs/100subaction-e8/experiments/E8/pipeline_outputs/subaction_93_P01_109_93/candidate_02_frame_013136_right/label_heatmap_merged_overlay.png,/Users/huhu/Documents/Code/bishe/vrb/vrbreproduction/outputs/100subaction-e8/experiments/E8/pipeline_outputs/subaction_93_P01_109_93/candidate_02_frame_013136_right/vrb_style_affordance.png,6.0,0.0,"[254.84, 50.36, 282.34, 76.56]",/Users/huhu/Documents/Code/bishe/vrb/vrbreproduction/outputs/100subaction-e8/experiments/E8/pipeline_outputs/subaction_93_P01_109_93/candidate_02_frame_013136_right/label_heatmap_merged.npy,/Users/huhu/Documents/Code/bishe/vrb/vrbreproduction/outputs/100subaction-e8/experiments/E8/pipeline_outputs/subaction_93_P01_109_93/candidate_02_frame_013136_right/label_heatmap_merged.png,/Users/huhu/Documents/Code/bishe/vrb/vrbreproduction/outputs/100subaction-e8/experiments/E8/pipeline_outputs/subaction_93_P01_109_93/candidate_02_frame_013136_right/mask_projection_overlay.png,"(256, 456)",isotropic_e7,True,True
E8,94,P01_109_94,peel potato,peel,potato,,13152,15461,,,,,,,4620,0,0,,,,,,,False,,0,0,0,,,0,,,not_run,0,0.0,,,,,,not_run,0,,,,,,,,,not_run,discard,continuation_contact_run,,,,,,,,,,,,,,,,False
E8,95,P01_109_95,put down potato,put-down,potato,['potato'],15463,15503,15462.0,15502.0,0.0,15464.0,right,new_contact_episode,80,3,147,"[213.0, 121.0, 253.0, 159.0]",4.183719825209753,grabcut_fallback,bbox_fallback,fallback_lk,cotracker_weighted_affine,False,1.0,30,30,30,1.0,0.4808431565761566,5,0.0,1520.0,success,361,1.0,,15463.0,earliest_reliable_tracked_reference_no_pre_gap,1.0,cotracker_weighted_affine,success,5,0.0,0.40973333333333334,,,,,,,success,keep,,5.414974705302714,/Users/huhu/Documents/Code/bishe/vrb/vrbreproduction/outputs/100subaction-e8/experiments/E8/pipeline_outputs/subaction_95_P01_109_95/candidate_00_frame_015464_right,/Users/huhu/Documents/Code/bishe/vrb/vrbreproduction/outputs/100subaction-e8/experiments/E8/pipeline_outputs/subaction_95_P01_109_95/candidate_00_frame_015464_right,/Users/huhu/Documents/Code/bishe/vrb/vrbreproduction/outputs/100subaction-e8/experiments/E8/pipeline_outputs/subaction_95_P01_109_95/candidate_00_frame_015464_right/reference_frame.png,/Users/huhu/Documents/Code/bishe/vrb/vrbreproduction/outputs/100subaction-e8/experiments/E8/pipeline_outputs/subaction_95_P01_109_95/candidate_00_frame_015464_right/label_heatmap_merged_overlay.png,/Users/huhu/Documents/Code/bishe/vrb/vrbreproduction/outputs/100subaction-e8/experiments/E8/pipeline_outputs/subaction_95_P01_109_95/candidate_00_frame_015464_right/vrb_style_affordance.png,6.0,0.0,"[212.93, 122.52, 252.93, 160.56]",/Users/huhu/Documents/Code/bishe/vrb/vrbreproduction/outputs/100subaction-e8/experiments/E8/pipeline_outputs/subaction_95_P01_109_95/candidate_00_frame_015464_right/label_heatmap_merged.npy,/Users/huhu/Documents/Code/bishe/vrb/vrbreproduction/outputs/100subaction-e8/experiments/E8/pipeline_outputs/subaction_95_P01_109_95/candidate_00_frame_015464_right/label_heatmap_merged.png,/Users/huhu/Documents/Code/bishe/vrb/vrbreproduction/outputs/100subaction-e8/experiments/E8/pipeline_outputs/subaction_95_P01_109_95/candidate_00_frame_015464_right/mask_projection_overlay.png,"(256, 456)",isotropic_e7,True,True
E8,95,P01_109_95,put down potato,put-down,potato,['potato'],15463,15503,15462.0,15502.0,1.0,15465.0,right,new_contact_episode,80,3,162,"[216.0, 120.0, 253.0, 157.0]",4.394450477129649,grabcut_fallback,bbox_fallback,fallback_lk,cotracker_weighted_affine,False,1.0,30,30,30,1.0,0.44695910811424255,5,0.0,1482.0,success,361,1.0,,15464.0,earliest_reliable_tracked_reference_no_pre_gap,1.0,cotracker_weighted_affine,success,5,0.0,0.4128,,,,,,,success,keep,,5.411391226756571,/Users/huhu/Documents/Code/bishe/vrb/vrbreproduction/outputs/100subaction-e8/experiments/E8/pipeline_outputs/subaction_95_P01_109_95/candidate_01_frame_015465_right,/Users/huhu/Documents/Code/bishe/vrb/vrbreproduction/outputs/100subaction-e8/experiments/E8/pipeline_outputs/subaction_95_P01_109_95/candidate_01_frame_015465_right,/Users/huhu/Documents/Code/bishe/vrb/vrbreproduction/outputs/100subaction-e8/experiments/E8/pipeline_outputs/subaction_95_P01_109_95/candidate_01_frame_015465_right/reference_frame.png,/Users/huhu/Documents/Code/bishe/vrb/vrbreproduction/outputs/100subaction-e8/experiments/E8/pipeline_outputs/subaction_95_P01_109_95/candidate_01_frame_015465_right/label_heatmap_merged_overlay.png,/Users/huhu/Documents/Code/bishe/vrb/vrbreproduction/outputs/100subaction-e8/experiments/E8/pipeline_outputs/subaction_95_P01_109_95/candidate_01_frame_015465_right/vrb_style_affordance.png,6.0,0.0,"[213.93, 120.85, 252.94, 158.56]",/Users/huhu/Documents/Code/bishe/vrb/vrbreproduction/outputs/100subaction-e8/experiments/E8/pipeline_outputs/subaction_95_P01_109_95/candidate_01_frame_015465_right/label_heatmap_merged.npy,/Users/huhu/Documents/Code/bishe/vrb/vrbreproduction/outputs/100subaction-e8/experiments/E8/pipeline_outputs/subaction_95_P01_109_95/candidate_01_frame_015465_right/label_heatmap_merged.png,/Users/huhu/Documents/Code/bishe/vrb/vrbreproduction/outputs/100subaction-e8/experiments/E8/pipeline_outputs/subaction_95_P01_109_95/candidate_01_frame_015465_right/mask_projection_overlay.png,"(256, 456)",isotropic_e7,True,False
E8,95,P01_109_95,put down potato,put-down,potato,['potato'],15463,15503,15462.0,15502.0,2.0,15466.0,right,new_contact_episode,80,3,130,"[216.0, 118.0, 255.0, 156.0]",4.16256939040209,grabcut_fallback,bbox_fallback,fallback_lk,cotracker_weighted_affine,False,1.0,30,30,30,1.0,0.2705095410346985,5,0.0,1444.0,success,361,1.0,,15465.0,earliest_reliable_tracked_reference_no_pre_gap,1.0,cotracker_weighted_affine,success,5,0.0,0.3837333333333333,,,,,,,success,keep,,5.460284713768958,/Users/huhu/Documents/Code/bishe/vrb/vrbreproduction/outputs/100subaction-e8/experiments/E8/pipeline_outputs/subaction_95_P01_109_95/candidate_02_frame_015466_right,/Users/huhu/Documents/Code/bishe/vrb/vrbreproduction/outputs/100subaction-e8/experiments/E8/pipeline_outputs/subaction_95_P01_109_95/candidate_02_frame_015466_right,/Users/huhu/Documents/Code/bishe/vrb/vrbreproduction/outputs/100subaction-e8/experiments/E8/pipeline_outputs/subaction_95_P01_109_95/candidate_02_frame_015466_right/reference_frame.png,/Users/huhu/Documents/Code/bishe/vrb/vrbreproduction/outputs/100subaction-e8/experiments/E8/pipeline_outputs/subaction_95_P01_109_95/candidate_02_frame_015466_right/label_heatmap_merged_overlay.png,/Users/huhu/Documents/Code/bishe/vrb/vrbreproduction/outputs/100subaction-e8/experiments/E8/pipeline_outputs/subaction_95_P01_109_95/candidate_02_frame_015466_right/vrb_style_affordance.png,6.0,0.0,"[215.9, 119.47, 253.6, 156.84]",/Users/huhu/Documents/Code/bishe/vrb/vrbreproduction/outputs/100subaction-e8/experiments/E8/pipeline_outputs/subaction_95_P01_109_95/candidate_02_frame_015466_right/label_heatmap_merged.npy,/Users/huhu/Documents/Code/bishe/vrb/vrbreproduction/outputs/100subaction-e8/experiments/E8/pipeline_outputs/subaction_95_P01_109_95/candidate_02_frame_015466_right/label_heatmap_merged.png,/Users/huhu/Documents/Code/bishe/vrb/vrbreproduction/outputs/100subaction-e8/experiments/E8/pipeline_outputs/subaction_95_P01_109_95/candidate_02_frame_015466_right/mask_projection_overlay.png,"(256, 456)",isotropic_e7,True,True
E8,96,P01_109_96,pick up peeler blade,pick-up,blade:peeler,['blade:peeler'],15508,15575,15507.0,15574.0,0.0,15508.0,left,new_contact_episode,132,6,0,"[265.0, 114.0, 290.0, 154.0]",1.0645117785364098,,,,,False,,0,0,0,,,0,,,not_run,0,0.0,,,,,,not_run,0,,,,,,,,,not_run,discard,contact_points_lt5_after_object_boundary_filter,,/Users/huhu/Documents/Code/bishe/vrb/vrbreproduction/outputs/100subaction-e8/experiments/E8/pipeline_outputs/subaction_96_P01_109_96/candidate_00_frame_015508_left,,,,,,,,,,,,,,False
E8,96,P01_109_96,pick up peeler blade,pick-up,blade:peeler,['blade:peeler'],15508,15575,15507.0,15574.0,1.0,15509.0,left,new_contact_episode,132,6,0,"[264.0, 114.0, 290.0, 154.0]",1.072632817333839,,,,,False,,0,0,0,,,0,,,not_run,0,0.0,,,,,,not_run,0,,,,,,,,,not_run,discard,contact_points_lt5_after_object_boundary_filter,,/Users/huhu/Documents/Code/bishe/vrb/vrbreproduction/outputs/100subaction-e8/experiments/E8/pipeline_outputs/subaction_96_P01_109_96/candidate_01_frame_015509_left,,,,,,,,,,,,,,False
E8,96,P01_109_96,pick up peeler blade,pick-up,blade:peeler,['blade:peeler'],15508,15575,15507.0,15574.0,2.0,15510.0,left,new_contact_episode,132,6,0,"[263.0, 114.0, 290.0, 156.0]",1.10007909583996,,,,,False,,0,0,0,,,0,,,not_run,0,0.0,,,,,,not_run,0,,,,,,,,,not_run,discard,contact_points_lt5_after_object_boundary_filter,,/Users/huhu/Documents/Code/bishe/vrb/vrbreproduction/outputs/100subaction-e8/experiments/E8/pipeline_outputs/subaction_96_P01_109_96/candidate_02_frame_015510_left,,,,,,,,,,,,,,False
E8,96,P01_109_96,pick up peeler blade,pick-up,blade:peeler,['blade:peeler'],15508,15575,15507.0,15574.0,3.0,15557.0,left,new_contact_episode,132,6,0,"[226.0, 63.0, 284.0, 157.0]",1.1230335986403053,,,,,False,,0,0,0,,,0,,,not_run,0,0.0,,,,,,not_run,0,,,,,,,,,not_run,discard,contact_points_lt5_after_object_boundary_filter,,/Users/huhu/Documents/Code/bishe/vrb/vrbreproduction/outputs/100subaction-e8/experiments/E8/pipeline_outputs/subaction_96_P01_109_96/candidate_03_frame_015557_left,,,,,,,,,,,,,,False
E8,96,P01_109_96,pick up peeler blade,pick-up,blade:peeler,['blade:peeler'],15508,15575,15507.0,15574.0,4.0,15558.0,left,new_contact_episode,132,6,0,"[236.0, 116.0, 290.0, 157.0]",1.221126724303216,,,,,False,,0,0,0,,,0,,,not_run,0,0.0,,,,,,not_run,0,,,,,,,,,not_run,discard,contact_points_lt5_after_object_boundary_filter,,/Users/huhu/Documents/Code/bishe/vrb/vrbreproduction/outputs/100subaction-e8/experiments/E8/pipeline_outputs/subaction_96_P01_109_96/candidate_04_frame_015558_left,,,,,,,,,,,,,,False
E8,96,P01_109_96,pick up peeler blade,pick-up,blade:peeler,['blade:peeler'],15508,15575,15507.0,15574.0,5.0,15559.0,left,new_contact_episode,132,6,0,"[235.0, 115.0, 289.0, 158.0]",1.2384212710938765,,,,,False,,0,0,0,,,0,,,not_run,0,0.0,,,,,,not_run,0,,,,,,,,,not_run,discard,contact_points_lt5_after_object_boundary_filter,,/Users/huhu/Documents/Code/bishe/vrb/vrbreproduction/outputs/100subaction-e8/experiments/E8/pipeline_outputs/subaction_96_P01_109_96/candidate_05_frame_015559_left,,,,,,,,,,,,,,False
E8,97,P01_109_97,fix peeler blade,fix,blade:peeler,['blade:peeler'],15574,15772,15573.0,15771.0,0.0,15760.0,left,new_contact_episode,389,3,0,"[240.0, 80.0, 288.0, 145.0]",0.6893217268014942,,,,,False,,0,0,0,,,0,,,not_run,0,0.0,,,,,,not_run,0,,,,,,,,,not_run,discard,contact_points_lt5_after_object_boundary_filter,,/Users/huhu/Documents/Code/bishe/vrb/vrbreproduction/outputs/100subaction-e8/experiments/E8/pipeline_outputs/subaction_97_P01_109_97/candidate_00_frame_015760_left,,,,,,,,,,,,,,False
E8,97,P01_109_97,fix peeler blade,fix,blade:peeler,['blade:peeler'],15574,15772,15573.0,15771.0,1.0,15761.0,left,new_contact_episode,389,3,134,"[137.0, 70.0, 169.0, 99.0]",5.072313831683065,grabcut_fallback,bbox_fallback,fallback_lk,cotracker_weighted_affine,False,0.7327971055772569,36,33,33,1.0,0.8369255661964417,4,0.0,1023.0,success,361,0.955671625,,15760.0,earliest_reliable_tracked_reference_no_pre_gap,1.0,cotracker_weighted_affine,success,4,0.0,0.21706666666666666,,,,,,,success,keep,,4.87738644416862,/Users/huhu/Documents/Code/bishe/vrb/vrbreproduction/outputs/100subaction-e8/experiments/E8/pipeline_outputs/subaction_97_P01_109_97/candidate_01_frame_015761_left,/Users/huhu/Documents/Code/bishe/vrb/vrbreproduction/outputs/100subaction-e8/experiments/E8/pipeline_outputs/subaction_97_P01_109_97/candidate_01_frame_015761_left,/Users/huhu/Documents/Code/bishe/vrb/vrbreproduction/outputs/100subaction-e8/experiments/E8/pipeline_outputs/subaction_97_P01_109_97/candidate_01_frame_015761_left/reference_frame.png,/Users/huhu/Documents/Code/bishe/vrb/vrbreproduction/outputs/100subaction-e8/experiments/E8/pipeline_outputs/subaction_97_P01_109_97/candidate_01_frame_015761_left/label_heatmap_merged_overlay.png,/Users/huhu/Documents/Code/bishe/vrb/vrbreproduction/outputs/100subaction-e8/experiments/E8/pipeline_outputs/subaction_97_P01_109_97/candidate_01_frame_015761_left/vrb_style_affordance.png,6.0,0.0,"[134.95, 69.36, 168.33, 99.74]",/Users/huhu/Documents/Code/bishe/vrb/vrbreproduction/outputs/100subaction-e8/experiments/E8/pipeline_outputs/subaction_97_P01_109_97/candidate_01_frame_015761_left/label_heatmap_merged.npy,/Users/huhu/Documents/Code/bishe/vrb/vrbreproduction/outputs/100subaction-e8/experiments/E8/pipeline_outputs/subaction_97_P01_109_97/candidate_01_frame_015761_left/label_heatmap_merged.png,/Users/huhu/Documents/Code/bishe/vrb/vrbreproduction/outputs/100subaction-e8/experiments/E8/pipeline_outputs/subaction_97_P01_109_97/candidate_01_frame_015761_left/mask_projection_overlay.png,"(256, 456)",isotropic_e7,True,True
E8,97,P01_109_97,fix peeler blade,fix,blade:peeler,['blade:peeler'],15574,15772,15573.0,15771.0,2.0,15762.0,left,new_contact_episode,389,3,112,"[137.0, 70.0, 171.0, 100.0]",5.142081238228088,grabcut_fallback,bbox_fallback,fallback_lk,cotracker_weighted_affine,False,0.7116957831004309,36,35,31,0.8857142857142857,1.3961429595947266,4,0.0,1085.0,success,361,0.955671625,,15760.0,earliest_reliable_tracked_reference_no_pre_gap,2.0,cotracker_weighted_affine,success,4,0.0,0.21706666666666666,,,,,,,success,keep,,4.77240727741302,/Users/huhu/Documents/Code/bishe/vrb/vrbreproduction/outputs/100subaction-e8/experiments/E8/pipeline_outputs/subaction_97_P01_109_97/candidate_02_frame_015762_left,/Users/huhu/Documents/Code/bishe/vrb/vrbreproduction/outputs/100subaction-e8/experiments/E8/pipeline_outputs/subaction_97_P01_109_97/candidate_02_frame_015762_left,/Users/huhu/Documents/Code/bishe/vrb/vrbreproduction/outputs/100subaction-e8/experiments/E8/pipeline_outputs/subaction_97_P01_109_97/candidate_02_frame_015762_left/reference_frame.png,/Users/huhu/Documents/Code/bishe/vrb/vrbreproduction/outputs/100subaction-e8/experiments/E8/pipeline_outputs/subaction_97_P01_109_97/candidate_02_frame_015762_left/label_heatmap_merged_overlay.png,/Users/huhu/Documents/Code/bishe/vrb/vrbreproduction/outputs/100subaction-e8/experiments/E8/pipeline_outputs/subaction_97_P01_109_97/candidate_02_frame_015762_left/vrb_style_affordance.png,6.0,0.0,"[134.35, 68.76, 168.83, 100.01]",/Users/huhu/Documents/Code/bishe/vrb/vrbreproduction/outputs/100subaction-e8/experiments/E8/pipeline_outputs/subaction_97_P01_109_97/candidate_02_frame_015762_left/label_heatmap_merged.npy,/Users/huhu/Documents/Code/bishe/vrb/vrbreproduction/outputs/100subaction-e8/experiments/E8/pipeline_outputs/subaction_97_P01_109_97/candidate_02_frame_015762_left/label_heatmap_merged.png,/Users/huhu/Documents/Code/bishe/vrb/vrbreproduction/outputs/100subaction-e8/experiments/E8/pipeline_outputs/subaction_97_P01_109_97/candidate_02_frame_015762_left/mask_projection_overlay.png,"(256, 456)",isotropic_e7,True,False
E8,98,P01_109_98,pick up potato,pick-up,potato,,15772,15799,,,,,,,56,0,0,,,,,,,False,,0,0,0,,,0,,,not_run,0,0.0,,,,,,not_run,0,,,,,,,,,not_run,discard,continuation_contact_run,,,,,,,,,,,,,,,,False
E8,99,P01_109_99,peel potato,peel,potato,,15883,16103,,,,,,,442,0,0,,,,,,,False,,0,0,0,,,0,,,not_run,0,0.0,,,,,,not_run,0,,,,,,,,,not_run,discard,continuation_contact_run,,,,,,,,,,,,,,,,False
