experiment_id,subaction_index,narration_id,narration,frame_0_based,frame_1_based,hand,ref_idx,ref_frame_1_based,contact_points,trajectory_points,sample_score,sample_dir,reference_frame,label_heatmap_png,label_heatmap_overlay,vrb_style_affordance,problem3_full_overlay,problem3_crop
E3,0,P01_109_0,grab rucksack,78.0,79.0,left,67.0,68.0,109,6,6.775426356589147,outputs/数据处理小批量测试前100个subaction/experiments/E3/pipeline_outputs/subaction_00_P01_109_0/frame_000078_left,outputs/数据处理小批量测试前100个subaction/experiments/E3/pipeline_outputs/subaction_00_P01_109_0/frame_000078_left/reference_frame.png,outputs/数据处理小批量测试前100个subaction/experiments/E3/pipeline_outputs/subaction_00_P01_109_0/frame_000078_left/label_heatmap_merged.png,outputs/数据处理小批量测试前100个subaction/experiments/E3/pipeline_outputs/subaction_00_P01_109_0/frame_000078_left/label_heatmap_merged_overlay.png,outputs/数据处理小批量测试前100个subaction/experiments/E3/pipeline_outputs/subaction_00_P01_109_0/frame_000078_left/vrb_style_affordance.png,outputs/数据处理小批量测试前100个subaction/experiments/E3/pipeline_outputs/subaction_00_P01_109_0/frame_000078_left/diagnostics/problem3_ref_full_overlay.png,outputs/数据处理小批量测试前100个subaction/experiments/E3/pipeline_outputs/subaction_00_P01_109_0/frame_000078_left/diagnostics/problem3_ref_crop.png
E3,20,P01_109_20,close door,1863.0,1864.0,right,1798.0,1799.0,83,6,5.836839826839826,outputs/数据处理小批量测试前100个subaction/experiments/E3/pipeline_outputs/subaction_20_P01_109_20/frame_001863_right,outputs/数据处理小批量测试前100个subaction/experiments/E3/pipeline_outputs/subaction_20_P01_109_20/frame_001863_right/reference_frame.png,outputs/数据处理小批量测试前100个subaction/experiments/E3/pipeline_outputs/subaction_20_P01_109_20/frame_001863_right/label_heatmap_merged.png,outputs/数据处理小批量测试前100个subaction/experiments/E3/pipeline_outputs/subaction_20_P01_109_20/frame_001863_right/label_heatmap_merged_overlay.png,outputs/数据处理小批量测试前100个subaction/experiments/E3/pipeline_outputs/subaction_20_P01_109_20/frame_001863_right/vrb_style_affordance.png,outputs/数据处理小批量测试前100个subaction/experiments/E3/pipeline_outputs/subaction_20_P01_109_20/frame_001863_right/diagnostics/problem3_ref_full_overlay.png,outputs/数据处理小批量测试前100个subaction/experiments/E3/pipeline_outputs/subaction_20_P01_109_20/frame_001863_right/diagnostics/problem3_ref_crop.png
E3,20,P01_109_20,close door,1908.0,1909.0,right,1895.0,1896.0,42,6,5.666862745098039,outputs/数据处理小批量测试前100个subaction/experiments/E3/pipeline_outputs/subaction_20_P01_109_20/frame_001908_right,outputs/数据处理小批量测试前100个subaction/experiments/E3/pipeline_outputs/subaction_20_P01_109_20/frame_001908_right/reference_frame.png,outputs/数据处理小批量测试前100个subaction/experiments/E3/pipeline_outputs/subaction_20_P01_109_20/frame_001908_right/label_heatmap_merged.png,outputs/数据处理小批量测试前100个subaction/experiments/E3/pipeline_outputs/subaction_20_P01_109_20/frame_001908_right/label_heatmap_merged_overlay.png,outputs/数据处理小批量测试前100个subaction/experiments/E3/pipeline_outputs/subaction_20_P01_109_20/frame_001908_right/vrb_style_affordance.png,outputs/数据处理小批量测试前100个subaction/experiments/E3/pipeline_outputs/subaction_20_P01_109_20/frame_001908_right/diagnostics/problem3_ref_full_overlay.png,outputs/数据处理小批量测试前100个subaction/experiments/E3/pipeline_outputs/subaction_20_P01_109_20/frame_001908_right/diagnostics/problem3_ref_crop.png
E3,21,P01_109_21,pick up cup,2088.0,2089.0,left,2076.0,2077.0,213,3,6.0798907103825135,outputs/数据处理小批量测试前100个subaction/experiments/E3/pipeline_outputs/subaction_21_P01_109_21/frame_002088_left,outputs/数据处理小批量测试前100个subaction/experiments/E3/pipeline_outputs/subaction_21_P01_109_21/frame_002088_left/reference_frame.png,outputs/数据处理小批量测试前100个subaction/experiments/E3/pipeline_outputs/subaction_21_P01_109_21/frame_002088_left/label_heatmap_merged.png,outputs/数据处理小批量测试前100个subaction/experiments/E3/pipeline_outputs/subaction_21_P01_109_21/frame_002088_left/label_heatmap_merged_overlay.png,outputs/数据处理小批量测试前100个subaction/experiments/E3/pipeline_outputs/subaction_21_P01_109_21/frame_002088_left/vrb_style_affordance.png,outputs/数据处理小批量测试前100个subaction/experiments/E3/pipeline_outputs/subaction_21_P01_109_21/frame_002088_left/diagnostics/problem3_ref_full_overlay.png,outputs/数据处理小批量测试前100个subaction/experiments/E3/pipeline_outputs/subaction_21_P01_109_21/frame_002088_left/diagnostics/problem3_ref_crop.png
E3,22,P01_109_22,put down cup,2142.0,2143.0,right,2140.0,2141.0,241,6,9.757396449704142,outputs/数据处理小批量测试前100个subaction/experiments/E3/pipeline_outputs/subaction_22_P01_109_22/frame_002142_right,outputs/数据处理小批量测试前100个subaction/experiments/E3/pipeline_outputs/subaction_22_P01_109_22/frame_002142_right/reference_frame.png,outputs/数据处理小批量测试前100个subaction/experiments/E3/pipeline_outputs/subaction_22_P01_109_22/frame_002142_right/label_heatmap_merged.png,outputs/数据处理小批量测试前100个subaction/experiments/E3/pipeline_outputs/subaction_22_P01_109_22/frame_002142_right/label_heatmap_merged_overlay.png,outputs/数据处理小批量测试前100个subaction/experiments/E3/pipeline_outputs/subaction_22_P01_109_22/frame_002142_right/vrb_style_affordance.png,outputs/数据处理小批量测试前100个subaction/experiments/E3/pipeline_outputs/subaction_22_P01_109_22/frame_002142_right/diagnostics/problem3_ref_full_overlay.png,outputs/数据处理小批量测试前100个subaction/experiments/E3/pipeline_outputs/subaction_22_P01_109_22/frame_002142_right/diagnostics/problem3_ref_crop.png
E3,22,P01_109_22,put down cup,2148.0,2149.0,right,2140.0,2141.0,126,6,7.397396449704142,outputs/数据处理小批量测试前100个subaction/experiments/E3/pipeline_outputs/subaction_22_P01_109_22/frame_002148_right,outputs/数据处理小批量测试前100个subaction/experiments/E3/pipeline_outputs/subaction_22_P01_109_22/frame_002148_right/reference_frame.png,outputs/数据处理小批量测试前100个subaction/experiments/E3/pipeline_outputs/subaction_22_P01_109_22/frame_002148_right/label_heatmap_merged.png,outputs/数据处理小批量测试前100个subaction/experiments/E3/pipeline_outputs/subaction_22_P01_109_22/frame_002148_right/label_heatmap_merged_overlay.png,outputs/数据处理小批量测试前100个subaction/experiments/E3/pipeline_outputs/subaction_22_P01_109_22/frame_002148_right/vrb_style_affordance.png,outputs/数据处理小批量测试前100个subaction/experiments/E3/pipeline_outputs/subaction_22_P01_109_22/frame_002148_right/diagnostics/problem3_ref_full_overlay.png,outputs/数据处理小批量测试前100个subaction/experiments/E3/pipeline_outputs/subaction_22_P01_109_22/frame_002148_right/diagnostics/problem3_ref_crop.png
E3,22,P01_109_22,put down cup,2154.0,2155.0,right,2140.0,2141.0,111,6,7.037396449704143,outputs/数据处理小批量测试前100个subaction/experiments/E3/pipeline_outputs/subaction_22_P01_109_22/frame_002154_right,outputs/数据处理小批量测试前100个subaction/experiments/E3/pipeline_outputs/subaction_22_P01_109_22/frame_002154_right/reference_frame.png,outputs/数据处理小批量测试前100个subaction/experiments/E3/pipeline_outputs/subaction_22_P01_109_22/frame_002154_right/label_heatmap_merged.png,outputs/数据处理小批量测试前100个subaction/experiments/E3/pipeline_outputs/subaction_22_P01_109_22/frame_002154_right/label_heatmap_merged_overlay.png,outputs/数据处理小批量测试前100个subaction/experiments/E3/pipeline_outputs/subaction_22_P01_109_22/frame_002154_right/vrb_style_affordance.png,outputs/数据处理小批量测试前100个subaction/experiments/E3/pipeline_outputs/subaction_22_P01_109_22/frame_002154_right/diagnostics/problem3_ref_full_overlay.png,outputs/数据处理小批量测试前100个subaction/experiments/E3/pipeline_outputs/subaction_22_P01_109_22/frame_002154_right/diagnostics/problem3_ref_crop.png
E3,24,P01_109_24,open drawer,2268.0,2269.0,right,2257.0,2258.0,46,6,5.784431818181818,outputs/数据处理小批量测试前100个subaction/experiments/E3/pipeline_outputs/subaction_24_P01_109_24/frame_002268_right,outputs/数据处理小批量测试前100个subaction/experiments/E3/pipeline_outputs/subaction_24_P01_109_24/frame_002268_right/reference_frame.png,outputs/数据处理小批量测试前100个subaction/experiments/E3/pipeline_outputs/subaction_24_P01_109_24/frame_002268_right/label_heatmap_merged.png,outputs/数据处理小批量测试前100个subaction/experiments/E3/pipeline_outputs/subaction_24_P01_109_24/frame_002268_right/label_heatmap_merged_overlay.png,outputs/数据处理小批量测试前100个subaction/experiments/E3/pipeline_outputs/subaction_24_P01_109_24/frame_002268_right/vrb_style_affordance.png,outputs/数据处理小批量测试前100个subaction/experiments/E3/pipeline_outputs/subaction_24_P01_109_24/frame_002268_right/diagnostics/problem3_ref_full_overlay.png,outputs/数据处理小批量测试前100个subaction/experiments/E3/pipeline_outputs/subaction_24_P01_109_24/frame_002268_right/diagnostics/problem3_ref_crop.png
E3,27,P01_109_27,pour hand wash,2468.0,2469.0,right,2434.0,2435.0,19,6,4.988586118251928,outputs/数据处理小批量测试前100个subaction/experiments/E3/pipeline_outputs/subaction_27_P01_109_27/frame_002468_right,outputs/数据处理小批量测试前100个subaction/experiments/E3/pipeline_outputs/subaction_27_P01_109_27/frame_002468_right/reference_frame.png,outputs/数据处理小批量测试前100个subaction/experiments/E3/pipeline_outputs/subaction_27_P01_109_27/frame_002468_right/label_heatmap_merged.png,outputs/数据处理小批量测试前100个subaction/experiments/E3/pipeline_outputs/subaction_27_P01_109_27/frame_002468_right/label_heatmap_merged_overlay.png,outputs/数据处理小批量测试前100个subaction/experiments/E3/pipeline_outputs/subaction_27_P01_109_27/frame_002468_right/vrb_style_affordance.png,outputs/数据处理小批量测试前100个subaction/experiments/E3/pipeline_outputs/subaction_27_P01_109_27/frame_002468_right/diagnostics/problem3_ref_full_overlay.png,outputs/数据处理小批量测试前100个subaction/experiments/E3/pipeline_outputs/subaction_27_P01_109_27/frame_002468_right/diagnostics/problem3_ref_crop.png
E3,27,P01_109_27,pour hand wash,2470.0,2471.0,right,2434.0,2435.0,18,6,4.948586118251927,outputs/数据处理小批量测试前100个subaction/experiments/E3/pipeline_outputs/subaction_27_P01_109_27/frame_002470_right,outputs/数据处理小批量测试前100个subaction/experiments/E3/pipeline_outputs/subaction_27_P01_109_27/frame_002470_right/reference_frame.png,outputs/数据处理小批量测试前100个subaction/experiments/E3/pipeline_outputs/subaction_27_P01_109_27/frame_002470_right/label_heatmap_merged.png,outputs/数据处理小批量测试前100个subaction/experiments/E3/pipeline_outputs/subaction_27_P01_109_27/frame_002470_right/label_heatmap_merged_overlay.png,outputs/数据处理小批量测试前100个subaction/experiments/E3/pipeline_outputs/subaction_27_P01_109_27/frame_002470_right/vrb_style_affordance.png,outputs/数据处理小批量测试前100个subaction/experiments/E3/pipeline_outputs/subaction_27_P01_109_27/frame_002470_right/diagnostics/problem3_ref_full_overlay.png,outputs/数据处理小批量测试前100个subaction/experiments/E3/pipeline_outputs/subaction_27_P01_109_27/frame_002470_right/diagnostics/problem3_ref_crop.png
E3,27,P01_109_27,pour hand wash,2477.0,2478.0,right,2434.0,2435.0,27,6,5.058586118251928,outputs/数据处理小批量测试前100个subaction/experiments/E3/pipeline_outputs/subaction_27_P01_109_27/frame_002477_right,outputs/数据处理小批量测试前100个subaction/experiments/E3/pipeline_outputs/subaction_27_P01_109_27/frame_002477_right/reference_frame.png,outputs/数据处理小批量测试前100个subaction/experiments/E3/pipeline_outputs/subaction_27_P01_109_27/frame_002477_right/label_heatmap_merged.png,outputs/数据处理小批量测试前100个subaction/experiments/E3/pipeline_outputs/subaction_27_P01_109_27/frame_002477_right/label_heatmap_merged_overlay.png,outputs/数据处理小批量测试前100个subaction/experiments/E3/pipeline_outputs/subaction_27_P01_109_27/frame_002477_right/vrb_style_affordance.png,outputs/数据处理小批量测试前100个subaction/experiments/E3/pipeline_outputs/subaction_27_P01_109_27/frame_002477_right/diagnostics/problem3_ref_full_overlay.png,outputs/数据处理小批量测试前100个subaction/experiments/E3/pipeline_outputs/subaction_27_P01_109_27/frame_002477_right/diagnostics/problem3_ref_crop.png
E3,27,P01_109_27,pour hand wash,2484.0,2485.0,right,2434.0,2435.0,69,6,5.828586118251928,outputs/数据处理小批量测试前100个subaction/experiments/E3/pipeline_outputs/subaction_27_P01_109_27/frame_002484_right,outputs/数据处理小批量测试前100个subaction/experiments/E3/pipeline_outputs/subaction_27_P01_109_27/frame_002484_right/reference_frame.png,outputs/数据处理小批量测试前100个subaction/experiments/E3/pipeline_outputs/subaction_27_P01_109_27/frame_002484_right/label_heatmap_merged.png,outputs/数据处理小批量测试前100个subaction/experiments/E3/pipeline_outputs/subaction_27_P01_109_27/frame_002484_right/label_heatmap_merged_overlay.png,outputs/数据处理小批量测试前100个subaction/experiments/E3/pipeline_outputs/subaction_27_P01_109_27/frame_002484_right/vrb_style_affordance.png,outputs/数据处理小批量测试前100个subaction/experiments/E3/pipeline_outputs/subaction_27_P01_109_27/frame_002484_right/diagnostics/problem3_ref_full_overlay.png,outputs/数据处理小批量测试前100个subaction/experiments/E3/pipeline_outputs/subaction_27_P01_109_27/frame_002484_right/diagnostics/problem3_ref_crop.png
E3,28,P01_109_28,wash hands,2477.0,2478.0,right,2434.0,2435.0,27,6,5.058586118251928,outputs/数据处理小批量测试前100个subaction/experiments/E3/pipeline_outputs/subaction_28_P01_109_28/frame_002477_right,outputs/数据处理小批量测试前100个subaction/experiments/E3/pipeline_outputs/subaction_28_P01_109_28/frame_002477_right/reference_frame.png,outputs/数据处理小批量测试前100个subaction/experiments/E3/pipeline_outputs/subaction_28_P01_109_28/frame_002477_right/label_heatmap_merged.png,outputs/数据处理小批量测试前100个subaction/experiments/E3/pipeline_outputs/subaction_28_P01_109_28/frame_002477_right/label_heatmap_merged_overlay.png,outputs/数据处理小批量测试前100个subaction/experiments/E3/pipeline_outputs/subaction_28_P01_109_28/frame_002477_right/vrb_style_affordance.png,outputs/数据处理小批量测试前100个subaction/experiments/E3/pipeline_outputs/subaction_28_P01_109_28/frame_002477_right/diagnostics/problem3_ref_full_overlay.png,outputs/数据处理小批量测试前100个subaction/experiments/E3/pipeline_outputs/subaction_28_P01_109_28/frame_002477_right/diagnostics/problem3_ref_crop.png
E3,28,P01_109_28,wash hands,2479.0,2480.0,right,2434.0,2435.0,60,6,5.698586118251928,outputs/数据处理小批量测试前100个subaction/experiments/E3/pipeline_outputs/subaction_28_P01_109_28/frame_002479_right,outputs/数据处理小批量测试前100个subaction/experiments/E3/pipeline_outputs/subaction_28_P01_109_28/frame_002479_right/reference_frame.png,outputs/数据处理小批量测试前100个subaction/experiments/E3/pipeline_outputs/subaction_28_P01_109_28/frame_002479_right/label_heatmap_merged.png,outputs/数据处理小批量测试前100个subaction/experiments/E3/pipeline_outputs/subaction_28_P01_109_28/frame_002479_right/label_heatmap_merged_overlay.png,outputs/数据处理小批量测试前100个subaction/experiments/E3/pipeline_outputs/subaction_28_P01_109_28/frame_002479_right/vrb_style_affordance.png,outputs/数据处理小批量测试前100个subaction/experiments/E3/pipeline_outputs/subaction_28_P01_109_28/frame_002479_right/diagnostics/problem3_ref_full_overlay.png,outputs/数据处理小批量测试前100个subaction/experiments/E3/pipeline_outputs/subaction_28_P01_109_28/frame_002479_right/diagnostics/problem3_ref_crop.png
E3,29,P01_109_29,turn on tap,2544.0,2545.0,left,2434.0,2435.0,43,6,4.708586118251928,outputs/数据处理小批量测试前100个subaction/experiments/E3/pipeline_outputs/subaction_29_P01_109_29/frame_002544_left,outputs/数据处理小批量测试前100个subaction/experiments/E3/pipeline_outputs/subaction_29_P01_109_29/frame_002544_left/reference_frame.png,outputs/数据处理小批量测试前100个subaction/experiments/E3/pipeline_outputs/subaction_29_P01_109_29/frame_002544_left/label_heatmap_merged.png,outputs/数据处理小批量测试前100个subaction/experiments/E3/pipeline_outputs/subaction_29_P01_109_29/frame_002544_left/label_heatmap_merged_overlay.png,outputs/数据处理小批量测试前100个subaction/experiments/E3/pipeline_outputs/subaction_29_P01_109_29/frame_002544_left/vrb_style_affordance.png,outputs/数据处理小批量测试前100个subaction/experiments/E3/pipeline_outputs/subaction_29_P01_109_29/frame_002544_left/diagnostics/problem3_ref_full_overlay.png,outputs/数据处理小批量测试前100个subaction/experiments/E3/pipeline_outputs/subaction_29_P01_109_29/frame_002544_left/diagnostics/problem3_ref_crop.png
E3,29,P01_109_29,turn on tap,2561.0,2562.0,left,2434.0,2435.0,24,6,4.158586118251929,outputs/数据处理小批量测试前100个subaction/experiments/E3/pipeline_outputs/subaction_29_P01_109_29/frame_002561_left,outputs/数据处理小批量测试前100个subaction/experiments/E3/pipeline_outputs/subaction_29_P01_109_29/frame_002561_left/reference_frame.png,outputs/数据处理小批量测试前100个subaction/experiments/E3/pipeline_outputs/subaction_29_P01_109_29/frame_002561_left/label_heatmap_merged.png,outputs/数据处理小批量测试前100个subaction/experiments/E3/pipeline_outputs/subaction_29_P01_109_29/frame_002561_left/label_heatmap_merged_overlay.png,outputs/数据处理小批量测试前100个subaction/experiments/E3/pipeline_outputs/subaction_29_P01_109_29/frame_002561_left/vrb_style_affordance.png,outputs/数据处理小批量测试前100个subaction/experiments/E3/pipeline_outputs/subaction_29_P01_109_29/frame_002561_left/diagnostics/problem3_ref_full_overlay.png,outputs/数据处理小批量测试前100个subaction/experiments/E3/pipeline_outputs/subaction_29_P01_109_29/frame_002561_left/diagnostics/problem3_ref_crop.png
E3,29,P01_109_29,turn on tap,2573.0,2574.0,right,2434.0,2435.0,32,6,4.198586118251928,outputs/数据处理小批量测试前100个subaction/experiments/E3/pipeline_outputs/subaction_29_P01_109_29/frame_002573_right,outputs/数据处理小批量测试前100个subaction/experiments/E3/pipeline_outputs/subaction_29_P01_109_29/frame_002573_right/reference_frame.png,outputs/数据处理小批量测试前100个subaction/experiments/E3/pipeline_outputs/subaction_29_P01_109_29/frame_002573_right/label_heatmap_merged.png,outputs/数据处理小批量测试前100个subaction/experiments/E3/pipeline_outputs/subaction_29_P01_109_29/frame_002573_right/label_heatmap_merged_overlay.png,outputs/数据处理小批量测试前100个subaction/experiments/E3/pipeline_outputs/subaction_29_P01_109_29/frame_002573_right/vrb_style_affordance.png,outputs/数据处理小批量测试前100个subaction/experiments/E3/pipeline_outputs/subaction_29_P01_109_29/frame_002573_right/diagnostics/problem3_ref_full_overlay.png,outputs/数据处理小批量测试前100个subaction/experiments/E3/pipeline_outputs/subaction_29_P01_109_29/frame_002573_right/diagnostics/problem3_ref_crop.png
E3,30,P01_109_30,rinse hands,2708.0,2709.0,left,2434.0,2435.0,26,6,2.7285861182519273,outputs/数据处理小批量测试前100个subaction/experiments/E3/pipeline_outputs/subaction_30_P01_109_30/frame_002708_left,outputs/数据处理小批量测试前100个subaction/experiments/E3/pipeline_outputs/subaction_30_P01_109_30/frame_002708_left/reference_frame.png,outputs/数据处理小批量测试前100个subaction/experiments/E3/pipeline_outputs/subaction_30_P01_109_30/frame_002708_left/label_heatmap_merged.png,outputs/数据处理小批量测试前100个subaction/experiments/E3/pipeline_outputs/subaction_30_P01_109_30/frame_002708_left/label_heatmap_merged_overlay.png,outputs/数据处理小批量测试前100个subaction/experiments/E3/pipeline_outputs/subaction_30_P01_109_30/frame_002708_left/vrb_style_affordance.png,outputs/数据处理小批量测试前100个subaction/experiments/E3/pipeline_outputs/subaction_30_P01_109_30/frame_002708_left/diagnostics/problem3_ref_full_overlay.png,outputs/数据处理小批量测试前100个subaction/experiments/E3/pipeline_outputs/subaction_30_P01_109_30/frame_002708_left/diagnostics/problem3_ref_crop.png
E3,30,P01_109_30,rinse hands,2762.0,2763.0,left,2434.0,2435.0,29,6,2.248586118251928,outputs/数据处理小批量测试前100个subaction/experiments/E3/pipeline_outputs/subaction_30_P01_109_30/frame_002762_left,outputs/数据处理小批量测试前100个subaction/experiments/E3/pipeline_outputs/subaction_30_P01_109_30/frame_002762_left/reference_frame.png,outputs/数据处理小批量测试前100个subaction/experiments/E3/pipeline_outputs/subaction_30_P01_109_30/frame_002762_left/label_heatmap_merged.png,outputs/数据处理小批量测试前100个subaction/experiments/E3/pipeline_outputs/subaction_30_P01_109_30/frame_002762_left/label_heatmap_merged_overlay.png,outputs/数据处理小批量测试前100个subaction/experiments/E3/pipeline_outputs/subaction_30_P01_109_30/frame_002762_left/vrb_style_affordance.png,outputs/数据处理小批量测试前100个subaction/experiments/E3/pipeline_outputs/subaction_30_P01_109_30/frame_002762_left/diagnostics/problem3_ref_full_overlay.png,outputs/数据处理小批量测试前100个subaction/experiments/E3/pipeline_outputs/subaction_30_P01_109_30/frame_002762_left/diagnostics/problem3_ref_crop.png
E3,30,P01_109_30,rinse hands,2838.0,2839.0,right,2434.0,2435.0,54,6,1.988586118251928,outputs/数据处理小批量测试前100个subaction/experiments/E3/pipeline_outputs/subaction_30_P01_109_30/frame_002838_right,outputs/数据处理小批量测试前100个subaction/experiments/E3/pipeline_outputs/subaction_30_P01_109_30/frame_002838_right/reference_frame.png,outputs/数据处理小批量测试前100个subaction/experiments/E3/pipeline_outputs/subaction_30_P01_109_30/frame_002838_right/label_heatmap_merged.png,outputs/数据处理小批量测试前100个subaction/experiments/E3/pipeline_outputs/subaction_30_P01_109_30/frame_002838_right/label_heatmap_merged_overlay.png,outputs/数据处理小批量测试前100个subaction/experiments/E3/pipeline_outputs/subaction_30_P01_109_30/frame_002838_right/vrb_style_affordance.png,outputs/数据处理小批量测试前100个subaction/experiments/E3/pipeline_outputs/subaction_30_P01_109_30/frame_002838_right/diagnostics/problem3_ref_full_overlay.png,outputs/数据处理小批量测试前100个subaction/experiments/E3/pipeline_outputs/subaction_30_P01_109_30/frame_002838_right/diagnostics/problem3_ref_crop.png
E3,30,P01_109_30,rinse hands,2878.0,2879.0,right,2434.0,2435.0,38,4,-0.7314138817480726,outputs/数据处理小批量测试前100个subaction/experiments/E3/pipeline_outputs/subaction_30_P01_109_30/frame_002878_right,outputs/数据处理小批量测试前100个subaction/experiments/E3/pipeline_outputs/subaction_30_P01_109_30/frame_002878_right/reference_frame.png,outputs/数据处理小批量测试前100个subaction/experiments/E3/pipeline_outputs/subaction_30_P01_109_30/frame_002878_right/label_heatmap_merged.png,outputs/数据处理小批量测试前100个subaction/experiments/E3/pipeline_outputs/subaction_30_P01_109_30/frame_002878_right/label_heatmap_merged_overlay.png,outputs/数据处理小批量测试前100个subaction/experiments/E3/pipeline_outputs/subaction_30_P01_109_30/frame_002878_right/vrb_style_affordance.png,outputs/数据处理小批量测试前100个subaction/experiments/E3/pipeline_outputs/subaction_30_P01_109_30/frame_002878_right/diagnostics/problem3_ref_full_overlay.png,outputs/数据处理小批量测试前100个subaction/experiments/E3/pipeline_outputs/subaction_30_P01_109_30/frame_002878_right/diagnostics/problem3_ref_crop.png
E3,31,P01_109_31,turn off tap,2968.0,2969.0,left,2434.0,2435.0,21,6,0.028586118251928,outputs/数据处理小批量测试前100个subaction/experiments/E3/pipeline_outputs/subaction_31_P01_109_31/frame_002968_left,outputs/数据处理小批量测试前100个subaction/experiments/E3/pipeline_outputs/subaction_31_P01_109_31/frame_002968_left/reference_frame.png,outputs/数据处理小批量测试前100个subaction/experiments/E3/pipeline_outputs/subaction_31_P01_109_31/frame_002968_left/label_heatmap_merged.png,outputs/数据处理小批量测试前100个subaction/experiments/E3/pipeline_outputs/subaction_31_P01_109_31/frame_002968_left/label_heatmap_merged_overlay.png,outputs/数据处理小批量测试前100个subaction/experiments/E3/pipeline_outputs/subaction_31_P01_109_31/frame_002968_left/vrb_style_affordance.png,outputs/数据处理小批量测试前100个subaction/experiments/E3/pipeline_outputs/subaction_31_P01_109_31/frame_002968_left/diagnostics/problem3_ref_full_overlay.png,outputs/数据处理小批量测试前100个subaction/experiments/E3/pipeline_outputs/subaction_31_P01_109_31/frame_002968_left/diagnostics/problem3_ref_crop.png
E3,31,P01_109_31,turn off tap,2970.0,2971.0,left,2434.0,2435.0,29,6,0.1685861182519277,outputs/数据处理小批量测试前100个subaction/experiments/E3/pipeline_outputs/subaction_31_P01_109_31/frame_002970_left,outputs/数据处理小批量测试前100个subaction/experiments/E3/pipeline_outputs/subaction_31_P01_109_31/frame_002970_left/reference_frame.png,outputs/数据处理小批量测试前100个subaction/experiments/E3/pipeline_outputs/subaction_31_P01_109_31/frame_002970_left/label_heatmap_merged.png,outputs/数据处理小批量测试前100个subaction/experiments/E3/pipeline_outputs/subaction_31_P01_109_31/frame_002970_left/label_heatmap_merged_overlay.png,outputs/数据处理小批量测试前100个subaction/experiments/E3/pipeline_outputs/subaction_31_P01_109_31/frame_002970_left/vrb_style_affordance.png,outputs/数据处理小批量测试前100个subaction/experiments/E3/pipeline_outputs/subaction_31_P01_109_31/frame_002970_left/diagnostics/problem3_ref_full_overlay.png,outputs/数据处理小批量测试前100个subaction/experiments/E3/pipeline_outputs/subaction_31_P01_109_31/frame_002970_left/diagnostics/problem3_ref_crop.png
E3,31,P01_109_31,turn off tap,2979.0,2980.0,left,2434.0,2435.0,19,6,-0.1214138817480723,outputs/数据处理小批量测试前100个subaction/experiments/E3/pipeline_outputs/subaction_31_P01_109_31/frame_002979_left,outputs/数据处理小批量测试前100个subaction/experiments/E3/pipeline_outputs/subaction_31_P01_109_31/frame_002979_left/reference_frame.png,outputs/数据处理小批量测试前100个subaction/experiments/E3/pipeline_outputs/subaction_31_P01_109_31/frame_002979_left/label_heatmap_merged.png,outputs/数据处理小批量测试前100个subaction/experiments/E3/pipeline_outputs/subaction_31_P01_109_31/frame_002979_left/label_heatmap_merged_overlay.png,outputs/数据处理小批量测试前100个subaction/experiments/E3/pipeline_outputs/subaction_31_P01_109_31/frame_002979_left/vrb_style_affordance.png,outputs/数据处理小批量测试前100个subaction/experiments/E3/pipeline_outputs/subaction_31_P01_109_31/frame_002979_left/diagnostics/problem3_ref_full_overlay.png,outputs/数据处理小批量测试前100个subaction/experiments/E3/pipeline_outputs/subaction_31_P01_109_31/frame_002979_left/diagnostics/problem3_ref_crop.png
E3,31,P01_109_31,turn off tap,2982.0,2983.0,left,2434.0,2435.0,22,6,-0.0914138817480729,outputs/数据处理小批量测试前100个subaction/experiments/E3/pipeline_outputs/subaction_31_P01_109_31/frame_002982_left,outputs/数据处理小批量测试前100个subaction/experiments/E3/pipeline_outputs/subaction_31_P01_109_31/frame_002982_left/reference_frame.png,outputs/数据处理小批量测试前100个subaction/experiments/E3/pipeline_outputs/subaction_31_P01_109_31/frame_002982_left/label_heatmap_merged.png,outputs/数据处理小批量测试前100个subaction/experiments/E3/pipeline_outputs/subaction_31_P01_109_31/frame_002982_left/label_heatmap_merged_overlay.png,outputs/数据处理小批量测试前100个subaction/experiments/E3/pipeline_outputs/subaction_31_P01_109_31/frame_002982_left/vrb_style_affordance.png,outputs/数据处理小批量测试前100个subaction/experiments/E3/pipeline_outputs/subaction_31_P01_109_31/frame_002982_left/diagnostics/problem3_ref_full_overlay.png,outputs/数据处理小批量测试前100个subaction/experiments/E3/pipeline_outputs/subaction_31_P01_109_31/frame_002982_left/diagnostics/problem3_ref_crop.png
E3,31,P01_109_31,turn off tap,2984.0,2985.0,left,2434.0,2435.0,21,6,-0.1314138817480721,outputs/数据处理小批量测试前100个subaction/experiments/E3/pipeline_outputs/subaction_31_P01_109_31/frame_002984_left,outputs/数据处理小批量测试前100个subaction/experiments/E3/pipeline_outputs/subaction_31_P01_109_31/frame_002984_left/reference_frame.png,outputs/数据处理小批量测试前100个subaction/experiments/E3/pipeline_outputs/subaction_31_P01_109_31/frame_002984_left/label_heatmap_merged.png,outputs/数据处理小批量测试前100个subaction/experiments/E3/pipeline_outputs/subaction_31_P01_109_31/frame_002984_left/label_heatmap_merged_overlay.png,outputs/数据处理小批量测试前100个subaction/experiments/E3/pipeline_outputs/subaction_31_P01_109_31/frame_002984_left/vrb_style_affordance.png,outputs/数据处理小批量测试前100个subaction/experiments/E3/pipeline_outputs/subaction_31_P01_109_31/frame_002984_left/diagnostics/problem3_ref_full_overlay.png,outputs/数据处理小批量测试前100个subaction/experiments/E3/pipeline_outputs/subaction_31_P01_109_31/frame_002984_left/diagnostics/problem3_ref_crop.png
E3,32,P01_109_32,shake hands,3009.0,3010.0,left,2434.0,2435.0,142,6,1.986713615023474,outputs/数据处理小批量测试前100个subaction/experiments/E3/pipeline_outputs/subaction_32_P01_109_32/frame_003009_left,outputs/数据处理小批量测试前100个subaction/experiments/E3/pipeline_outputs/subaction_32_P01_109_32/frame_003009_left/reference_frame.png,outputs/数据处理小批量测试前100个subaction/experiments/E3/pipeline_outputs/subaction_32_P01_109_32/frame_003009_left/label_heatmap_merged.png,outputs/数据处理小批量测试前100个subaction/experiments/E3/pipeline_outputs/subaction_32_P01_109_32/frame_003009_left/label_heatmap_merged_overlay.png,outputs/数据处理小批量测试前100个subaction/experiments/E3/pipeline_outputs/subaction_32_P01_109_32/frame_003009_left/vrb_style_affordance.png,outputs/数据处理小批量测试前100个subaction/experiments/E3/pipeline_outputs/subaction_32_P01_109_32/frame_003009_left/diagnostics/problem3_ref_full_overlay.png,outputs/数据处理小批量测试前100个subaction/experiments/E3/pipeline_outputs/subaction_32_P01_109_32/frame_003009_left/diagnostics/problem3_ref_crop.png
E3,34,P01_109_34,dry hands,3190.0,3191.0,left,3165.0,3166.0,165,6,8.024193548387096,outputs/数据处理小批量测试前100个subaction/experiments/E3/pipeline_outputs/subaction_34_P01_109_34/frame_003190_left,outputs/数据处理小批量测试前100个subaction/experiments/E3/pipeline_outputs/subaction_34_P01_109_34/frame_003190_left/reference_frame.png,outputs/数据处理小批量测试前100个subaction/experiments/E3/pipeline_outputs/subaction_34_P01_109_34/frame_003190_left/label_heatmap_merged.png,outputs/数据处理小批量测试前100个subaction/experiments/E3/pipeline_outputs/subaction_34_P01_109_34/frame_003190_left/label_heatmap_merged_overlay.png,outputs/数据处理小批量测试前100个subaction/experiments/E3/pipeline_outputs/subaction_34_P01_109_34/frame_003190_left/vrb_style_affordance.png,outputs/数据处理小批量测试前100个subaction/experiments/E3/pipeline_outputs/subaction_34_P01_109_34/frame_003190_left/diagnostics/problem3_ref_full_overlay.png,outputs/数据处理小批量测试前100个subaction/experiments/E3/pipeline_outputs/subaction_34_P01_109_34/frame_003190_left/diagnostics/problem3_ref_crop.png
E3,34,P01_109_34,dry hands,3348.0,3349.0,right,3330.0,3331.0,94,6,6.66,outputs/数据处理小批量测试前100个subaction/experiments/E3/pipeline_outputs/subaction_34_P01_109_34/frame_003348_right,outputs/数据处理小批量测试前100个subaction/experiments/E3/pipeline_outputs/subaction_34_P01_109_34/frame_003348_right/reference_frame.png,outputs/数据处理小批量测试前100个subaction/experiments/E3/pipeline_outputs/subaction_34_P01_109_34/frame_003348_right/label_heatmap_merged.png,outputs/数据处理小批量测试前100个subaction/experiments/E3/pipeline_outputs/subaction_34_P01_109_34/frame_003348_right/label_heatmap_merged_overlay.png,outputs/数据处理小批量测试前100个subaction/experiments/E3/pipeline_outputs/subaction_34_P01_109_34/frame_003348_right/vrb_style_affordance.png,outputs/数据处理小批量测试前100个subaction/experiments/E3/pipeline_outputs/subaction_34_P01_109_34/frame_003348_right/diagnostics/problem3_ref_full_overlay.png,outputs/数据处理小批量测试前100个subaction/experiments/E3/pipeline_outputs/subaction_34_P01_109_34/frame_003348_right/diagnostics/problem3_ref_crop.png
E3,35,P01_109_35,put down cloth,3348.0,3349.0,right,3330.0,3331.0,94,6,6.66,outputs/数据处理小批量测试前100个subaction/experiments/E3/pipeline_outputs/subaction_35_P01_109_35/frame_003348_right,outputs/数据处理小批量测试前100个subaction/experiments/E3/pipeline_outputs/subaction_35_P01_109_35/frame_003348_right/reference_frame.png,outputs/数据处理小批量测试前100个subaction/experiments/E3/pipeline_outputs/subaction_35_P01_109_35/frame_003348_right/label_heatmap_merged.png,outputs/数据处理小批量测试前100个subaction/experiments/E3/pipeline_outputs/subaction_35_P01_109_35/frame_003348_right/label_heatmap_merged_overlay.png,outputs/数据处理小批量测试前100个subaction/experiments/E3/pipeline_outputs/subaction_35_P01_109_35/frame_003348_right/vrb_style_affordance.png,outputs/数据处理小批量测试前100个subaction/experiments/E3/pipeline_outputs/subaction_35_P01_109_35/frame_003348_right/diagnostics/problem3_ref_full_overlay.png,outputs/数据处理小批量测试前100个subaction/experiments/E3/pipeline_outputs/subaction_35_P01_109_35/frame_003348_right/diagnostics/problem3_ref_crop.png
E3,35,P01_109_35,put down cloth,3356.0,3357.0,left,3330.0,3331.0,117,6,7.04,outputs/数据处理小批量测试前100个subaction/experiments/E3/pipeline_outputs/subaction_35_P01_109_35/frame_003356_left,outputs/数据处理小批量测试前100个subaction/experiments/E3/pipeline_outputs/subaction_35_P01_109_35/frame_003356_left/reference_frame.png,outputs/数据处理小批量测试前100个subaction/experiments/E3/pipeline_outputs/subaction_35_P01_109_35/frame_003356_left/label_heatmap_merged.png,outputs/数据处理小批量测试前100个subaction/experiments/E3/pipeline_outputs/subaction_35_P01_109_35/frame_003356_left/label_heatmap_merged_overlay.png,outputs/数据处理小批量测试前100个subaction/experiments/E3/pipeline_outputs/subaction_35_P01_109_35/frame_003356_left/vrb_style_affordance.png,outputs/数据处理小批量测试前100个subaction/experiments/E3/pipeline_outputs/subaction_35_P01_109_35/frame_003356_left/diagnostics/problem3_ref_full_overlay.png,outputs/数据处理小批量测试前100个subaction/experiments/E3/pipeline_outputs/subaction_35_P01_109_35/frame_003356_left/diagnostics/problem3_ref_crop.png
E3,35,P01_109_35,put down cloth,3360.0,3361.0,right,3330.0,3331.0,114,6,6.94,outputs/数据处理小批量测试前100个subaction/experiments/E3/pipeline_outputs/subaction_35_P01_109_35/frame_003360_right,outputs/数据处理小批量测试前100个subaction/experiments/E3/pipeline_outputs/subaction_35_P01_109_35/frame_003360_right/reference_frame.png,outputs/数据处理小批量测试前100个subaction/experiments/E3/pipeline_outputs/subaction_35_P01_109_35/frame_003360_right/label_heatmap_merged.png,outputs/数据处理小批量测试前100个subaction/experiments/E3/pipeline_outputs/subaction_35_P01_109_35/frame_003360_right/label_heatmap_merged_overlay.png,outputs/数据处理小批量测试前100个subaction/experiments/E3/pipeline_outputs/subaction_35_P01_109_35/frame_003360_right/vrb_style_affordance.png,outputs/数据处理小批量测试前100个subaction/experiments/E3/pipeline_outputs/subaction_35_P01_109_35/frame_003360_right/diagnostics/problem3_ref_full_overlay.png,outputs/数据处理小批量测试前100个subaction/experiments/E3/pipeline_outputs/subaction_35_P01_109_35/frame_003360_right/diagnostics/problem3_ref_crop.png
E3,47,P01_109_47,close cupboard,4651.0,4652.0,left,4636.0,4637.0,79,6,6.34743119266055,outputs/数据处理小批量测试前100个subaction/experiments/E3/pipeline_outputs/subaction_47_P01_109_47/frame_004651_left,outputs/数据处理小批量测试前100个subaction/experiments/E3/pipeline_outputs/subaction_47_P01_109_47/frame_004651_left/reference_frame.png,outputs/数据处理小批量测试前100个subaction/experiments/E3/pipeline_outputs/subaction_47_P01_109_47/frame_004651_left/label_heatmap_merged.png,outputs/数据处理小批量测试前100个subaction/experiments/E3/pipeline_outputs/subaction_47_P01_109_47/frame_004651_left/label_heatmap_merged_overlay.png,outputs/数据处理小批量测试前100个subaction/experiments/E3/pipeline_outputs/subaction_47_P01_109_47/frame_004651_left/vrb_style_affordance.png,outputs/数据处理小批量测试前100个subaction/experiments/E3/pipeline_outputs/subaction_47_P01_109_47/frame_004651_left/diagnostics/problem3_ref_full_overlay.png,outputs/数据处理小批量测试前100个subaction/experiments/E3/pipeline_outputs/subaction_47_P01_109_47/frame_004651_left/diagnostics/problem3_ref_crop.png
E3,48,P01_109_48,put down cutting board,4676.0,4677.0,right,4636.0,4637.0,151,6,7.53743119266055,outputs/数据处理小批量测试前100个subaction/experiments/E3/pipeline_outputs/subaction_48_P01_109_48/frame_004676_right,outputs/数据处理小批量测试前100个subaction/experiments/E3/pipeline_outputs/subaction_48_P01_109_48/frame_004676_right/reference_frame.png,outputs/数据处理小批量测试前100个subaction/experiments/E3/pipeline_outputs/subaction_48_P01_109_48/frame_004676_right/label_heatmap_merged.png,outputs/数据处理小批量测试前100个subaction/experiments/E3/pipeline_outputs/subaction_48_P01_109_48/frame_004676_right/label_heatmap_merged_overlay.png,outputs/数据处理小批量测试前100个subaction/experiments/E3/pipeline_outputs/subaction_48_P01_109_48/frame_004676_right/vrb_style_affordance.png,outputs/数据处理小批量测试前100个subaction/experiments/E3/pipeline_outputs/subaction_48_P01_109_48/frame_004676_right/diagnostics/problem3_ref_full_overlay.png,outputs/数据处理小批量测试前100个subaction/experiments/E3/pipeline_outputs/subaction_48_P01_109_48/frame_004676_right/diagnostics/problem3_ref_crop.png
E3,48,P01_109_48,put down cutting board,4689.0,4690.0,right,4636.0,4637.0,178,6,7.922857142857143,outputs/数据处理小批量测试前100个subaction/experiments/E3/pipeline_outputs/subaction_48_P01_109_48/frame_004689_right,outputs/数据处理小批量测试前100个subaction/experiments/E3/pipeline_outputs/subaction_48_P01_109_48/frame_004689_right/reference_frame.png,outputs/数据处理小批量测试前100个subaction/experiments/E3/pipeline_outputs/subaction_48_P01_109_48/frame_004689_right/label_heatmap_merged.png,outputs/数据处理小批量测试前100个subaction/experiments/E3/pipeline_outputs/subaction_48_P01_109_48/frame_004689_right/label_heatmap_merged_overlay.png,outputs/数据处理小批量测试前100个subaction/experiments/E3/pipeline_outputs/subaction_48_P01_109_48/frame_004689_right/vrb_style_affordance.png,outputs/数据处理小批量测试前100个subaction/experiments/E3/pipeline_outputs/subaction_48_P01_109_48/frame_004689_right/diagnostics/problem3_ref_full_overlay.png,outputs/数据处理小批量测试前100个subaction/experiments/E3/pipeline_outputs/subaction_48_P01_109_48/frame_004689_right/diagnostics/problem3_ref_crop.png
E3,48,P01_109_48,put down cutting board,4697.0,4698.0,left,4636.0,4637.0,51,6,5.3028571428571425,outputs/数据处理小批量测试前100个subaction/experiments/E3/pipeline_outputs/subaction_48_P01_109_48/frame_004697_left,outputs/数据处理小批量测试前100个subaction/experiments/E3/pipeline_outputs/subaction_48_P01_109_48/frame_004697_left/reference_frame.png,outputs/数据处理小批量测试前100个subaction/experiments/E3/pipeline_outputs/subaction_48_P01_109_48/frame_004697_left/label_heatmap_merged.png,outputs/数据处理小批量测试前100个subaction/experiments/E3/pipeline_outputs/subaction_48_P01_109_48/frame_004697_left/label_heatmap_merged_overlay.png,outputs/数据处理小批量测试前100个subaction/experiments/E3/pipeline_outputs/subaction_48_P01_109_48/frame_004697_left/vrb_style_affordance.png,outputs/数据处理小批量测试前100个subaction/experiments/E3/pipeline_outputs/subaction_48_P01_109_48/frame_004697_left/diagnostics/problem3_ref_full_overlay.png,outputs/数据处理小批量测试前100个subaction/experiments/E3/pipeline_outputs/subaction_48_P01_109_48/frame_004697_left/diagnostics/problem3_ref_crop.png
E3,48,P01_109_48,put down cutting board,4703.0,4704.0,right,4636.0,4637.0,173,6,7.682857142857143,outputs/数据处理小批量测试前100个subaction/experiments/E3/pipeline_outputs/subaction_48_P01_109_48/frame_004703_right,outputs/数据处理小批量测试前100个subaction/experiments/E3/pipeline_outputs/subaction_48_P01_109_48/frame_004703_right/reference_frame.png,outputs/数据处理小批量测试前100个subaction/experiments/E3/pipeline_outputs/subaction_48_P01_109_48/frame_004703_right/label_heatmap_merged.png,outputs/数据处理小批量测试前100个subaction/experiments/E3/pipeline_outputs/subaction_48_P01_109_48/frame_004703_right/label_heatmap_merged_overlay.png,outputs/数据处理小批量测试前100个subaction/experiments/E3/pipeline_outputs/subaction_48_P01_109_48/frame_004703_right/vrb_style_affordance.png,outputs/数据处理小批量测试前100个subaction/experiments/E3/pipeline_outputs/subaction_48_P01_109_48/frame_004703_right/diagnostics/problem3_ref_full_overlay.png,outputs/数据处理小批量测试前100个subaction/experiments/E3/pipeline_outputs/subaction_48_P01_109_48/frame_004703_right/diagnostics/problem3_ref_crop.png
E3,48,P01_109_48,put down cutting board,4714.0,4715.0,right,4636.0,4637.0,126,6,6.632857142857143,outputs/数据处理小批量测试前100个subaction/experiments/E3/pipeline_outputs/subaction_48_P01_109_48/frame_004714_right,outputs/数据处理小批量测试前100个subaction/experiments/E3/pipeline_outputs/subaction_48_P01_109_48/frame_004714_right/reference_frame.png,outputs/数据处理小批量测试前100个subaction/experiments/E3/pipeline_outputs/subaction_48_P01_109_48/frame_004714_right/label_heatmap_merged.png,outputs/数据处理小批量测试前100个subaction/experiments/E3/pipeline_outputs/subaction_48_P01_109_48/frame_004714_right/label_heatmap_merged_overlay.png,outputs/数据处理小批量测试前100个subaction/experiments/E3/pipeline_outputs/subaction_48_P01_109_48/frame_004714_right/vrb_style_affordance.png,outputs/数据处理小批量测试前100个subaction/experiments/E3/pipeline_outputs/subaction_48_P01_109_48/frame_004714_right/diagnostics/problem3_ref_full_overlay.png,outputs/数据处理小批量测试前100个subaction/experiments/E3/pipeline_outputs/subaction_48_P01_109_48/frame_004714_right/diagnostics/problem3_ref_crop.png
E3,49,P01_109_49,pick up eggs,4763.0,4764.0,left,4636.0,4637.0,51,6,4.642857142857142,outputs/数据处理小批量测试前100个subaction/experiments/E3/pipeline_outputs/subaction_49_P01_109_49/frame_004763_left,outputs/数据处理小批量测试前100个subaction/experiments/E3/pipeline_outputs/subaction_49_P01_109_49/frame_004763_left/reference_frame.png,outputs/数据处理小批量测试前100个subaction/experiments/E3/pipeline_outputs/subaction_49_P01_109_49/frame_004763_left/label_heatmap_merged.png,outputs/数据处理小批量测试前100个subaction/experiments/E3/pipeline_outputs/subaction_49_P01_109_49/frame_004763_left/label_heatmap_merged_overlay.png,outputs/数据处理小批量测试前100个subaction/experiments/E3/pipeline_outputs/subaction_49_P01_109_49/frame_004763_left/vrb_style_affordance.png,outputs/数据处理小批量测试前100个subaction/experiments/E3/pipeline_outputs/subaction_49_P01_109_49/frame_004763_left/diagnostics/problem3_ref_full_overlay.png,outputs/数据处理小批量测试前100个subaction/experiments/E3/pipeline_outputs/subaction_49_P01_109_49/frame_004763_left/diagnostics/problem3_ref_crop.png
E3,49,P01_109_49,pick up eggs,4780.0,4781.0,left,4636.0,4637.0,108,6,5.612857142857143,outputs/数据处理小批量测试前100个subaction/experiments/E3/pipeline_outputs/subaction_49_P01_109_49/frame_004780_left,outputs/数据处理小批量测试前100个subaction/experiments/E3/pipeline_outputs/subaction_49_P01_109_49/frame_004780_left/reference_frame.png,outputs/数据处理小批量测试前100个subaction/experiments/E3/pipeline_outputs/subaction_49_P01_109_49/frame_004780_left/label_heatmap_merged.png,outputs/数据处理小批量测试前100个subaction/experiments/E3/pipeline_outputs/subaction_49_P01_109_49/frame_004780_left/label_heatmap_merged_overlay.png,outputs/数据处理小批量测试前100个subaction/experiments/E3/pipeline_outputs/subaction_49_P01_109_49/frame_004780_left/vrb_style_affordance.png,outputs/数据处理小批量测试前100个subaction/experiments/E3/pipeline_outputs/subaction_49_P01_109_49/frame_004780_left/diagnostics/problem3_ref_full_overlay.png,outputs/数据处理小批量测试前100个subaction/experiments/E3/pipeline_outputs/subaction_49_P01_109_49/frame_004780_left/diagnostics/problem3_ref_crop.png
E3,49,P01_109_49,pick up eggs,4788.0,4789.0,left,4636.0,4637.0,126,6,5.838862559241706,outputs/数据处理小批量测试前100个subaction/experiments/E3/pipeline_outputs/subaction_49_P01_109_49/frame_004788_left,outputs/数据处理小批量测试前100个subaction/experiments/E3/pipeline_outputs/subaction_49_P01_109_49/frame_004788_left/reference_frame.png,outputs/数据处理小批量测试前100个subaction/experiments/E3/pipeline_outputs/subaction_49_P01_109_49/frame_004788_left/label_heatmap_merged.png,outputs/数据处理小批量测试前100个subaction/experiments/E3/pipeline_outputs/subaction_49_P01_109_49/frame_004788_left/label_heatmap_merged_overlay.png,outputs/数据处理小批量测试前100个subaction/experiments/E3/pipeline_outputs/subaction_49_P01_109_49/frame_004788_left/vrb_style_affordance.png,outputs/数据处理小批量测试前100个subaction/experiments/E3/pipeline_outputs/subaction_49_P01_109_49/frame_004788_left/diagnostics/problem3_ref_full_overlay.png,outputs/数据处理小批量测试前100个subaction/experiments/E3/pipeline_outputs/subaction_49_P01_109_49/frame_004788_left/diagnostics/problem3_ref_crop.png
E3,49,P01_109_49,pick up eggs,4796.0,4797.0,right,4636.0,4637.0,79,6,4.80051282051282,outputs/数据处理小批量测试前100个subaction/experiments/E3/pipeline_outputs/subaction_49_P01_109_49/frame_004796_right,outputs/数据处理小批量测试前100个subaction/experiments/E3/pipeline_outputs/subaction_49_P01_109_49/frame_004796_right/reference_frame.png,outputs/数据处理小批量测试前100个subaction/experiments/E3/pipeline_outputs/subaction_49_P01_109_49/frame_004796_right/label_heatmap_merged.png,outputs/数据处理小批量测试前100个subaction/experiments/E3/pipeline_outputs/subaction_49_P01_109_49/frame_004796_right/label_heatmap_merged_overlay.png,outputs/数据处理小批量测试前100个subaction/experiments/E3/pipeline_outputs/subaction_49_P01_109_49/frame_004796_right/vrb_style_affordance.png,outputs/数据处理小批量测试前100个subaction/experiments/E3/pipeline_outputs/subaction_49_P01_109_49/frame_004796_right/diagnostics/problem3_ref_full_overlay.png,outputs/数据处理小批量测试前100个subaction/experiments/E3/pipeline_outputs/subaction_49_P01_109_49/frame_004796_right/diagnostics/problem3_ref_crop.png
E3,50,P01_109_50,put down eggs,4793.0,4794.0,left,4636.0,4637.0,90,6,5.05051282051282,outputs/数据处理小批量测试前100个subaction/experiments/E3/pipeline_outputs/subaction_50_P01_109_50/frame_004793_left,outputs/数据处理小批量测试前100个subaction/experiments/E3/pipeline_outputs/subaction_50_P01_109_50/frame_004793_left/reference_frame.png,outputs/数据处理小批量测试前100个subaction/experiments/E3/pipeline_outputs/subaction_50_P01_109_50/frame_004793_left/label_heatmap_merged.png,outputs/数据处理小批量测试前100个subaction/experiments/E3/pipeline_outputs/subaction_50_P01_109_50/frame_004793_left/label_heatmap_merged_overlay.png,outputs/数据处理小批量测试前100个subaction/experiments/E3/pipeline_outputs/subaction_50_P01_109_50/frame_004793_left/vrb_style_affordance.png,outputs/数据处理小批量测试前100个subaction/experiments/E3/pipeline_outputs/subaction_50_P01_109_50/frame_004793_left/diagnostics/problem3_ref_full_overlay.png,outputs/数据处理小批量测试前100个subaction/experiments/E3/pipeline_outputs/subaction_50_P01_109_50/frame_004793_left/diagnostics/problem3_ref_crop.png
E3,50,P01_109_50,put down eggs,4799.0,4800.0,right,4636.0,4637.0,114,6,5.470512820512821,outputs/数据处理小批量测试前100个subaction/experiments/E3/pipeline_outputs/subaction_50_P01_109_50/frame_004799_right,outputs/数据处理小批量测试前100个subaction/experiments/E3/pipeline_outputs/subaction_50_P01_109_50/frame_004799_right/reference_frame.png,outputs/数据处理小批量测试前100个subaction/experiments/E3/pipeline_outputs/subaction_50_P01_109_50/frame_004799_right/label_heatmap_merged.png,outputs/数据处理小批量测试前100个subaction/experiments/E3/pipeline_outputs/subaction_50_P01_109_50/frame_004799_right/label_heatmap_merged_overlay.png,outputs/数据处理小批量测试前100个subaction/experiments/E3/pipeline_outputs/subaction_50_P01_109_50/frame_004799_right/vrb_style_affordance.png,outputs/数据处理小批量测试前100个subaction/experiments/E3/pipeline_outputs/subaction_50_P01_109_50/frame_004799_right/diagnostics/problem3_ref_full_overlay.png,outputs/数据处理小批量测试前100个subaction/experiments/E3/pipeline_outputs/subaction_50_P01_109_50/frame_004799_right/diagnostics/problem3_ref_crop.png
E3,50,P01_109_50,put down eggs,4826.0,4827.0,right,4636.0,4637.0,118,6,5.28051282051282,outputs/数据处理小批量测试前100个subaction/experiments/E3/pipeline_outputs/subaction_50_P01_109_50/frame_004826_right,outputs/数据处理小批量测试前100个subaction/experiments/E3/pipeline_outputs/subaction_50_P01_109_50/frame_004826_right/reference_frame.png,outputs/数据处理小批量测试前100个subaction/experiments/E3/pipeline_outputs/subaction_50_P01_109_50/frame_004826_right/label_heatmap_merged.png,outputs/数据处理小批量测试前100个subaction/experiments/E3/pipeline_outputs/subaction_50_P01_109_50/frame_004826_right/label_heatmap_merged_overlay.png,outputs/数据处理小批量测试前100个subaction/experiments/E3/pipeline_outputs/subaction_50_P01_109_50/frame_004826_right/vrb_style_affordance.png,outputs/数据处理小批量测试前100个subaction/experiments/E3/pipeline_outputs/subaction_50_P01_109_50/frame_004826_right/diagnostics/problem3_ref_full_overlay.png,outputs/数据处理小批量测试前100个subaction/experiments/E3/pipeline_outputs/subaction_50_P01_109_50/frame_004826_right/diagnostics/problem3_ref_crop.png
E3,51,P01_109_51,move kettle,4831.0,4832.0,right,4636.0,4637.0,121,6,5.29051282051282,outputs/数据处理小批量测试前100个subaction/experiments/E3/pipeline_outputs/subaction_51_P01_109_51/frame_004831_right,outputs/数据处理小批量测试前100个subaction/experiments/E3/pipeline_outputs/subaction_51_P01_109_51/frame_004831_right/reference_frame.png,outputs/数据处理小批量测试前100个subaction/experiments/E3/pipeline_outputs/subaction_51_P01_109_51/frame_004831_right/label_heatmap_merged.png,outputs/数据处理小批量测试前100个subaction/experiments/E3/pipeline_outputs/subaction_51_P01_109_51/frame_004831_right/label_heatmap_merged_overlay.png,outputs/数据处理小批量测试前100个subaction/experiments/E3/pipeline_outputs/subaction_51_P01_109_51/frame_004831_right/vrb_style_affordance.png,outputs/数据处理小批量测试前100个subaction/experiments/E3/pipeline_outputs/subaction_51_P01_109_51/frame_004831_right/diagnostics/problem3_ref_full_overlay.png,outputs/数据处理小批量测试前100个subaction/experiments/E3/pipeline_outputs/subaction_51_P01_109_51/frame_004831_right/diagnostics/problem3_ref_crop.png
E3,51,P01_109_51,move kettle,4848.0,4849.0,right,4636.0,4637.0,64,6,3.980512820512821,outputs/数据处理小批量测试前100个subaction/experiments/E3/pipeline_outputs/subaction_51_P01_109_51/frame_004848_right,outputs/数据处理小批量测试前100个subaction/experiments/E3/pipeline_outputs/subaction_51_P01_109_51/frame_004848_right/reference_frame.png,outputs/数据处理小批量测试前100个subaction/experiments/E3/pipeline_outputs/subaction_51_P01_109_51/frame_004848_right/label_heatmap_merged.png,outputs/数据处理小批量测试前100个subaction/experiments/E3/pipeline_outputs/subaction_51_P01_109_51/frame_004848_right/label_heatmap_merged_overlay.png,outputs/数据处理小批量测试前100个subaction/experiments/E3/pipeline_outputs/subaction_51_P01_109_51/frame_004848_right/vrb_style_affordance.png,outputs/数据处理小批量测试前100个subaction/experiments/E3/pipeline_outputs/subaction_51_P01_109_51/frame_004848_right/diagnostics/problem3_ref_full_overlay.png,outputs/数据处理小批量测试前100个subaction/experiments/E3/pipeline_outputs/subaction_51_P01_109_51/frame_004848_right/diagnostics/problem3_ref_crop.png
E3,51,P01_109_51,move kettle,4856.0,4857.0,right,4636.0,4637.0,66,6,3.940512820512821,outputs/数据处理小批量测试前100个subaction/experiments/E3/pipeline_outputs/subaction_51_P01_109_51/frame_004856_right,outputs/数据处理小批量测试前100个subaction/experiments/E3/pipeline_outputs/subaction_51_P01_109_51/frame_004856_right/reference_frame.png,outputs/数据处理小批量测试前100个subaction/experiments/E3/pipeline_outputs/subaction_51_P01_109_51/frame_004856_right/label_heatmap_merged.png,outputs/数据处理小批量测试前100个subaction/experiments/E3/pipeline_outputs/subaction_51_P01_109_51/frame_004856_right/label_heatmap_merged_overlay.png,outputs/数据处理小批量测试前100个subaction/experiments/E3/pipeline_outputs/subaction_51_P01_109_51/frame_004856_right/vrb_style_affordance.png,outputs/数据处理小批量测试前100个subaction/experiments/E3/pipeline_outputs/subaction_51_P01_109_51/frame_004856_right/diagnostics/problem3_ref_full_overlay.png,outputs/数据处理小批量测试前100个subaction/experiments/E3/pipeline_outputs/subaction_51_P01_109_51/frame_004856_right/diagnostics/problem3_ref_crop.png
E3,51,P01_109_51,move kettle,4864.0,4865.0,right,4636.0,4637.0,113,6,4.800512820512821,outputs/数据处理小批量测试前100个subaction/experiments/E3/pipeline_outputs/subaction_51_P01_109_51/frame_004864_right,outputs/数据处理小批量测试前100个subaction/experiments/E3/pipeline_outputs/subaction_51_P01_109_51/frame_004864_right/reference_frame.png,outputs/数据处理小批量测试前100个subaction/experiments/E3/pipeline_outputs/subaction_51_P01_109_51/frame_004864_right/label_heatmap_merged.png,outputs/数据处理小批量测试前100个subaction/experiments/E3/pipeline_outputs/subaction_51_P01_109_51/frame_004864_right/label_heatmap_merged_overlay.png,outputs/数据处理小批量测试前100个subaction/experiments/E3/pipeline_outputs/subaction_51_P01_109_51/frame_004864_right/vrb_style_affordance.png,outputs/数据处理小批量测试前100个subaction/experiments/E3/pipeline_outputs/subaction_51_P01_109_51/frame_004864_right/diagnostics/problem3_ref_full_overlay.png,outputs/数据处理小批量测试前100个subaction/experiments/E3/pipeline_outputs/subaction_51_P01_109_51/frame_004864_right/diagnostics/problem3_ref_crop.png
E3,53,P01_109_53,pick up peeler,4947.0,4948.0,right,4937.0,4938.0,42,6,5.716435935198822,outputs/数据处理小批量测试前100个subaction/experiments/E3/pipeline_outputs/subaction_53_P01_109_53/frame_004947_right,outputs/数据处理小批量测试前100个subaction/experiments/E3/pipeline_outputs/subaction_53_P01_109_53/frame_004947_right/reference_frame.png,outputs/数据处理小批量测试前100个subaction/experiments/E3/pipeline_outputs/subaction_53_P01_109_53/frame_004947_right/label_heatmap_merged.png,outputs/数据处理小批量测试前100个subaction/experiments/E3/pipeline_outputs/subaction_53_P01_109_53/frame_004947_right/label_heatmap_merged_overlay.png,outputs/数据处理小批量测试前100个subaction/experiments/E3/pipeline_outputs/subaction_53_P01_109_53/frame_004947_right/vrb_style_affordance.png,outputs/数据处理小批量测试前100个subaction/experiments/E3/pipeline_outputs/subaction_53_P01_109_53/frame_004947_right/diagnostics/problem3_ref_full_overlay.png,outputs/数据处理小批量测试前100个subaction/experiments/E3/pipeline_outputs/subaction_53_P01_109_53/frame_004947_right/diagnostics/problem3_ref_crop.png
E3,53,P01_109_53,pick up peeler,4980.0,4981.0,right,4937.0,4938.0,81,6,6.136031746031747,outputs/数据处理小批量测试前100个subaction/experiments/E3/pipeline_outputs/subaction_53_P01_109_53/frame_004980_right,outputs/数据处理小批量测试前100个subaction/experiments/E3/pipeline_outputs/subaction_53_P01_109_53/frame_004980_right/reference_frame.png,outputs/数据处理小批量测试前100个subaction/experiments/E3/pipeline_outputs/subaction_53_P01_109_53/frame_004980_right/label_heatmap_merged.png,outputs/数据处理小批量测试前100个subaction/experiments/E3/pipeline_outputs/subaction_53_P01_109_53/frame_004980_right/label_heatmap_merged_overlay.png,outputs/数据处理小批量测试前100个subaction/experiments/E3/pipeline_outputs/subaction_53_P01_109_53/frame_004980_right/vrb_style_affordance.png,outputs/数据处理小批量测试前100个subaction/experiments/E3/pipeline_outputs/subaction_53_P01_109_53/frame_004980_right/diagnostics/problem3_ref_full_overlay.png,outputs/数据处理小批量测试前100个subaction/experiments/E3/pipeline_outputs/subaction_53_P01_109_53/frame_004980_right/diagnostics/problem3_ref_crop.png
E3,54,P01_109_54,close drawer,4981.0,4982.0,right,4937.0,4938.0,85,6,6.206031746031745,outputs/数据处理小批量测试前100个subaction/experiments/E3/pipeline_outputs/subaction_54_P01_109_54/frame_004981_right,outputs/数据处理小批量测试前100个subaction/experiments/E3/pipeline_outputs/subaction_54_P01_109_54/frame_004981_right/reference_frame.png,outputs/数据处理小批量测试前100个subaction/experiments/E3/pipeline_outputs/subaction_54_P01_109_54/frame_004981_right/label_heatmap_merged.png,outputs/数据处理小批量测试前100个subaction/experiments/E3/pipeline_outputs/subaction_54_P01_109_54/frame_004981_right/label_heatmap_merged_overlay.png,outputs/数据处理小批量测试前100个subaction/experiments/E3/pipeline_outputs/subaction_54_P01_109_54/frame_004981_right/vrb_style_affordance.png,outputs/数据处理小批量测试前100个subaction/experiments/E3/pipeline_outputs/subaction_54_P01_109_54/frame_004981_right/diagnostics/problem3_ref_full_overlay.png,outputs/数据处理小批量测试前100个subaction/experiments/E3/pipeline_outputs/subaction_54_P01_109_54/frame_004981_right/diagnostics/problem3_ref_crop.png
E3,54,P01_109_54,close drawer,4995.0,4996.0,right,4937.0,4938.0,22,6,4.806031746031746,outputs/数据处理小批量测试前100个subaction/experiments/E3/pipeline_outputs/subaction_54_P01_109_54/frame_004995_right,outputs/数据处理小批量测试前100个subaction/experiments/E3/pipeline_outputs/subaction_54_P01_109_54/frame_004995_right/reference_frame.png,outputs/数据处理小批量测试前100个subaction/experiments/E3/pipeline_outputs/subaction_54_P01_109_54/frame_004995_right/label_heatmap_merged.png,outputs/数据处理小批量测试前100个subaction/experiments/E3/pipeline_outputs/subaction_54_P01_109_54/frame_004995_right/label_heatmap_merged_overlay.png,outputs/数据处理小批量测试前100个subaction/experiments/E3/pipeline_outputs/subaction_54_P01_109_54/frame_004995_right/vrb_style_affordance.png,outputs/数据处理小批量测试前100个subaction/experiments/E3/pipeline_outputs/subaction_54_P01_109_54/frame_004995_right/diagnostics/problem3_ref_full_overlay.png,outputs/数据处理小批量测试前100个subaction/experiments/E3/pipeline_outputs/subaction_54_P01_109_54/frame_004995_right/diagnostics/problem3_ref_crop.png
E3,55,P01_109_55,move cutting board,5022.0,5023.0,right,4937.0,4938.0,61,6,5.316031746031746,outputs/数据处理小批量测试前100个subaction/experiments/E3/pipeline_outputs/subaction_55_P01_109_55/frame_005022_right,outputs/数据处理小批量测试前100个subaction/experiments/E3/pipeline_outputs/subaction_55_P01_109_55/frame_005022_right/reference_frame.png,outputs/数据处理小批量测试前100个subaction/experiments/E3/pipeline_outputs/subaction_55_P01_109_55/frame_005022_right/label_heatmap_merged.png,outputs/数据处理小批量测试前100个subaction/experiments/E3/pipeline_outputs/subaction_55_P01_109_55/frame_005022_right/label_heatmap_merged_overlay.png,outputs/数据处理小批量测试前100个subaction/experiments/E3/pipeline_outputs/subaction_55_P01_109_55/frame_005022_right/vrb_style_affordance.png,outputs/数据处理小批量测试前100个subaction/experiments/E3/pipeline_outputs/subaction_55_P01_109_55/frame_005022_right/diagnostics/problem3_ref_full_overlay.png,outputs/数据处理小批量测试前100个subaction/experiments/E3/pipeline_outputs/subaction_55_P01_109_55/frame_005022_right/diagnostics/problem3_ref_crop.png
E3,56,P01_109_56,pick up potato,5052.0,5053.0,left,4937.0,4938.0,102,6,5.820769230769231,outputs/数据处理小批量测试前100个subaction/experiments/E3/pipeline_outputs/subaction_56_P01_109_56/frame_005052_left,outputs/数据处理小批量测试前100个subaction/experiments/E3/pipeline_outputs/subaction_56_P01_109_56/frame_005052_left/reference_frame.png,outputs/数据处理小批量测试前100个subaction/experiments/E3/pipeline_outputs/subaction_56_P01_109_56/frame_005052_left/label_heatmap_merged.png,outputs/数据处理小批量测试前100个subaction/experiments/E3/pipeline_outputs/subaction_56_P01_109_56/frame_005052_left/label_heatmap_merged_overlay.png,outputs/数据处理小批量测试前100个subaction/experiments/E3/pipeline_outputs/subaction_56_P01_109_56/frame_005052_left/vrb_style_affordance.png,outputs/数据处理小批量测试前100个subaction/experiments/E3/pipeline_outputs/subaction_56_P01_109_56/frame_005052_left/diagnostics/problem3_ref_full_overlay.png,outputs/数据处理小批量测试前100个subaction/experiments/E3/pipeline_outputs/subaction_56_P01_109_56/frame_005052_left/diagnostics/problem3_ref_crop.png
E3,56,P01_109_56,pick up potato,5121.0,5122.0,right,4937.0,4938.0,32,6,3.469902912621359,outputs/数据处理小批量测试前100个subaction/experiments/E3/pipeline_outputs/subaction_56_P01_109_56/frame_005121_right,outputs/数据处理小批量测试前100个subaction/experiments/E3/pipeline_outputs/subaction_56_P01_109_56/frame_005121_right/reference_frame.png,outputs/数据处理小批量测试前100个subaction/experiments/E3/pipeline_outputs/subaction_56_P01_109_56/frame_005121_right/label_heatmap_merged.png,outputs/数据处理小批量测试前100个subaction/experiments/E3/pipeline_outputs/subaction_56_P01_109_56/frame_005121_right/label_heatmap_merged_overlay.png,outputs/数据处理小批量测试前100个subaction/experiments/E3/pipeline_outputs/subaction_56_P01_109_56/frame_005121_right/vrb_style_affordance.png,outputs/数据处理小批量测试前100个subaction/experiments/E3/pipeline_outputs/subaction_56_P01_109_56/frame_005121_right/diagnostics/problem3_ref_full_overlay.png,outputs/数据处理小批量测试前100个subaction/experiments/E3/pipeline_outputs/subaction_56_P01_109_56/frame_005121_right/diagnostics/problem3_ref_crop.png
E3,58,P01_109_58,peel potato,7355.0,7356.0,right,4937.0,4938.0,141,6,-16.69009708737864,outputs/数据处理小批量测试前100个subaction/experiments/E3/pipeline_outputs/subaction_58_P01_109_58/frame_007355_right,outputs/数据处理小批量测试前100个subaction/experiments/E3/pipeline_outputs/subaction_58_P01_109_58/frame_007355_right/reference_frame.png,outputs/数据处理小批量测试前100个subaction/experiments/E3/pipeline_outputs/subaction_58_P01_109_58/frame_007355_right/label_heatmap_merged.png,outputs/数据处理小批量测试前100个subaction/experiments/E3/pipeline_outputs/subaction_58_P01_109_58/frame_007355_right/label_heatmap_merged_overlay.png,outputs/数据处理小批量测试前100个subaction/experiments/E3/pipeline_outputs/subaction_58_P01_109_58/frame_007355_right/vrb_style_affordance.png,outputs/数据处理小批量测试前100个subaction/experiments/E3/pipeline_outputs/subaction_58_P01_109_58/frame_007355_right/diagnostics/problem3_ref_full_overlay.png,outputs/数据处理小批量测试前100个subaction/experiments/E3/pipeline_outputs/subaction_58_P01_109_58/frame_007355_right/diagnostics/problem3_ref_crop.png
E3,62,P01_109_62,grab potato,9811.0,9812.0,right,9764.0,9765.0,69,6,5.874349376114083,outputs/数据处理小批量测试前100个subaction/experiments/E3/pipeline_outputs/subaction_62_P01_109_62/frame_009811_right,outputs/数据处理小批量测试前100个subaction/experiments/E3/pipeline_outputs/subaction_62_P01_109_62/frame_009811_right/reference_frame.png,outputs/数据处理小批量测试前100个subaction/experiments/E3/pipeline_outputs/subaction_62_P01_109_62/frame_009811_right/label_heatmap_merged.png,outputs/数据处理小批量测试前100个subaction/experiments/E3/pipeline_outputs/subaction_62_P01_109_62/frame_009811_right/label_heatmap_merged_overlay.png,outputs/数据处理小批量测试前100个subaction/experiments/E3/pipeline_outputs/subaction_62_P01_109_62/frame_009811_right/vrb_style_affordance.png,outputs/数据处理小批量测试前100个subaction/experiments/E3/pipeline_outputs/subaction_62_P01_109_62/frame_009811_right/diagnostics/problem3_ref_full_overlay.png,outputs/数据处理小批量测试前100个subaction/experiments/E3/pipeline_outputs/subaction_62_P01_109_62/frame_009811_right/diagnostics/problem3_ref_crop.png
E3,62,P01_109_62,grab potato,9819.0,9820.0,left,9764.0,9765.0,45,6,5.314349376114082,outputs/数据处理小批量测试前100个subaction/experiments/E3/pipeline_outputs/subaction_62_P01_109_62/frame_009819_left,outputs/数据处理小批量测试前100个subaction/experiments/E3/pipeline_outputs/subaction_62_P01_109_62/frame_009819_left/reference_frame.png,outputs/数据处理小批量测试前100个subaction/experiments/E3/pipeline_outputs/subaction_62_P01_109_62/frame_009819_left/label_heatmap_merged.png,outputs/数据处理小批量测试前100个subaction/experiments/E3/pipeline_outputs/subaction_62_P01_109_62/frame_009819_left/label_heatmap_merged_overlay.png,outputs/数据处理小批量测试前100个subaction/experiments/E3/pipeline_outputs/subaction_62_P01_109_62/frame_009819_left/vrb_style_affordance.png,outputs/数据处理小批量测试前100个subaction/experiments/E3/pipeline_outputs/subaction_62_P01_109_62/frame_009819_left/diagnostics/problem3_ref_full_overlay.png,outputs/数据处理小批量测试前100个subaction/experiments/E3/pipeline_outputs/subaction_62_P01_109_62/frame_009819_left/diagnostics/problem3_ref_crop.png
E3,62,P01_109_62,grab potato,9827.0,9828.0,left,9764.0,9765.0,67,6,5.674349376114082,outputs/数据处理小批量测试前100个subaction/experiments/E3/pipeline_outputs/subaction_62_P01_109_62/frame_009827_left,outputs/数据处理小批量测试前100个subaction/experiments/E3/pipeline_outputs/subaction_62_P01_109_62/frame_009827_left/reference_frame.png,outputs/数据处理小批量测试前100个subaction/experiments/E3/pipeline_outputs/subaction_62_P01_109_62/frame_009827_left/label_heatmap_merged.png,outputs/数据处理小批量测试前100个subaction/experiments/E3/pipeline_outputs/subaction_62_P01_109_62/frame_009827_left/label_heatmap_merged_overlay.png,outputs/数据处理小批量测试前100个subaction/experiments/E3/pipeline_outputs/subaction_62_P01_109_62/frame_009827_left/vrb_style_affordance.png,outputs/数据处理小批量测试前100个subaction/experiments/E3/pipeline_outputs/subaction_62_P01_109_62/frame_009827_left/diagnostics/problem3_ref_full_overlay.png,outputs/数据处理小批量测试前100个subaction/experiments/E3/pipeline_outputs/subaction_62_P01_109_62/frame_009827_left/diagnostics/problem3_ref_crop.png
E3,62,P01_109_62,grab potato,9834.0,9835.0,right,9764.0,9765.0,90,6,6.064349376114082,outputs/数据处理小批量测试前100个subaction/experiments/E3/pipeline_outputs/subaction_62_P01_109_62/frame_009834_right,outputs/数据处理小批量测试前100个subaction/experiments/E3/pipeline_outputs/subaction_62_P01_109_62/frame_009834_right/reference_frame.png,outputs/数据处理小批量测试前100个subaction/experiments/E3/pipeline_outputs/subaction_62_P01_109_62/frame_009834_right/label_heatmap_merged.png,outputs/数据处理小批量测试前100个subaction/experiments/E3/pipeline_outputs/subaction_62_P01_109_62/frame_009834_right/label_heatmap_merged_overlay.png,outputs/数据处理小批量测试前100个subaction/experiments/E3/pipeline_outputs/subaction_62_P01_109_62/frame_009834_right/vrb_style_affordance.png,outputs/数据处理小批量测试前100个subaction/experiments/E3/pipeline_outputs/subaction_62_P01_109_62/frame_009834_right/diagnostics/problem3_ref_full_overlay.png,outputs/数据处理小批量测试前100个subaction/experiments/E3/pipeline_outputs/subaction_62_P01_109_62/frame_009834_right/diagnostics/problem3_ref_crop.png
E3,63,P01_109_63,cut potato,9830.0,9831.0,left,9764.0,9765.0,69,6,5.684349376114082,outputs/数据处理小批量测试前100个subaction/experiments/E3/pipeline_outputs/subaction_63_P01_109_63/frame_009830_left,outputs/数据处理小批量测试前100个subaction/experiments/E3/pipeline_outputs/subaction_63_P01_109_63/frame_009830_left/reference_frame.png,outputs/数据处理小批量测试前100个subaction/experiments/E3/pipeline_outputs/subaction_63_P01_109_63/frame_009830_left/label_heatmap_merged.png,outputs/数据处理小批量测试前100个subaction/experiments/E3/pipeline_outputs/subaction_63_P01_109_63/frame_009830_left/label_heatmap_merged_overlay.png,outputs/数据处理小批量测试前100个subaction/experiments/E3/pipeline_outputs/subaction_63_P01_109_63/frame_009830_left/vrb_style_affordance.png,outputs/数据处理小批量测试前100个subaction/experiments/E3/pipeline_outputs/subaction_63_P01_109_63/frame_009830_left/diagnostics/problem3_ref_full_overlay.png,outputs/数据处理小批量测试前100个subaction/experiments/E3/pipeline_outputs/subaction_63_P01_109_63/frame_009830_left/diagnostics/problem3_ref_crop.png
E3,63,P01_109_63,cut potato,9903.0,9904.0,right,9764.0,9765.0,203,6,7.634349376114082,outputs/数据处理小批量测试前100个subaction/experiments/E3/pipeline_outputs/subaction_63_P01_109_63/frame_009903_right,outputs/数据处理小批量测试前100个subaction/experiments/E3/pipeline_outputs/subaction_63_P01_109_63/frame_009903_right/reference_frame.png,outputs/数据处理小批量测试前100个subaction/experiments/E3/pipeline_outputs/subaction_63_P01_109_63/frame_009903_right/label_heatmap_merged.png,outputs/数据处理小批量测试前100个subaction/experiments/E3/pipeline_outputs/subaction_63_P01_109_63/frame_009903_right/label_heatmap_merged_overlay.png,outputs/数据处理小批量测试前100个subaction/experiments/E3/pipeline_outputs/subaction_63_P01_109_63/frame_009903_right/vrb_style_affordance.png,outputs/数据处理小批量测试前100个subaction/experiments/E3/pipeline_outputs/subaction_63_P01_109_63/frame_009903_right/diagnostics/problem3_ref_full_overlay.png,outputs/数据处理小批量测试前100个subaction/experiments/E3/pipeline_outputs/subaction_63_P01_109_63/frame_009903_right/diagnostics/problem3_ref_crop.png
E3,63,P01_109_63,cut potato,9977.0,9978.0,left,9764.0,9765.0,86,6,4.554349376114082,outputs/数据处理小批量测试前100个subaction/experiments/E3/pipeline_outputs/subaction_63_P01_109_63/frame_009977_left,outputs/数据处理小批量测试前100个subaction/experiments/E3/pipeline_outputs/subaction_63_P01_109_63/frame_009977_left/reference_frame.png,outputs/数据处理小批量测试前100个subaction/experiments/E3/pipeline_outputs/subaction_63_P01_109_63/frame_009977_left/label_heatmap_merged.png,outputs/数据处理小批量测试前100个subaction/experiments/E3/pipeline_outputs/subaction_63_P01_109_63/frame_009977_left/label_heatmap_merged_overlay.png,outputs/数据处理小批量测试前100个subaction/experiments/E3/pipeline_outputs/subaction_63_P01_109_63/frame_009977_left/vrb_style_affordance.png,outputs/数据处理小批量测试前100个subaction/experiments/E3/pipeline_outputs/subaction_63_P01_109_63/frame_009977_left/diagnostics/problem3_ref_full_overlay.png,outputs/数据处理小批量测试前100个subaction/experiments/E3/pipeline_outputs/subaction_63_P01_109_63/frame_009977_left/diagnostics/problem3_ref_crop.png
E3,63,P01_109_63,cut potato,10051.0,10052.0,left,9764.0,9765.0,25,6,2.5943493761140823,outputs/数据处理小批量测试前100个subaction/experiments/E3/pipeline_outputs/subaction_63_P01_109_63/frame_010051_left,outputs/数据处理小批量测试前100个subaction/experiments/E3/pipeline_outputs/subaction_63_P01_109_63/frame_010051_left/reference_frame.png,outputs/数据处理小批量测试前100个subaction/experiments/E3/pipeline_outputs/subaction_63_P01_109_63/frame_010051_left/label_heatmap_merged.png,outputs/数据处理小批量测试前100个subaction/experiments/E3/pipeline_outputs/subaction_63_P01_109_63/frame_010051_left/label_heatmap_merged_overlay.png,outputs/数据处理小批量测试前100个subaction/experiments/E3/pipeline_outputs/subaction_63_P01_109_63/frame_010051_left/vrb_style_affordance.png,outputs/数据处理小批量测试前100个subaction/experiments/E3/pipeline_outputs/subaction_63_P01_109_63/frame_010051_left/diagnostics/problem3_ref_full_overlay.png,outputs/数据处理小批量测试前100个subaction/experiments/E3/pipeline_outputs/subaction_63_P01_109_63/frame_010051_left/diagnostics/problem3_ref_crop.png
E3,63,P01_109_63,cut potato,10124.0,10125.0,right,9764.0,9765.0,137,6,4.104349376114083,outputs/数据处理小批量测试前100个subaction/experiments/E3/pipeline_outputs/subaction_63_P01_109_63/frame_010124_right,outputs/数据处理小批量测试前100个subaction/experiments/E3/pipeline_outputs/subaction_63_P01_109_63/frame_010124_right/reference_frame.png,outputs/数据处理小批量测试前100个subaction/experiments/E3/pipeline_outputs/subaction_63_P01_109_63/frame_010124_right/label_heatmap_merged.png,outputs/数据处理小批量测试前100个subaction/experiments/E3/pipeline_outputs/subaction_63_P01_109_63/frame_010124_right/label_heatmap_merged_overlay.png,outputs/数据处理小批量测试前100个subaction/experiments/E3/pipeline_outputs/subaction_63_P01_109_63/frame_010124_right/vrb_style_affordance.png,outputs/数据处理小批量测试前100个subaction/experiments/E3/pipeline_outputs/subaction_63_P01_109_63/frame_010124_right/diagnostics/problem3_ref_full_overlay.png,outputs/数据处理小批量测试前100个subaction/experiments/E3/pipeline_outputs/subaction_63_P01_109_63/frame_010124_right/diagnostics/problem3_ref_crop.png
E3,64,P01_109_64,pick up potato bit,10118.0,10119.0,left,9764.0,9765.0,60,6,2.6243493761140817,outputs/数据处理小批量测试前100个subaction/experiments/E3/pipeline_outputs/subaction_64_P01_109_64/frame_010118_left,outputs/数据处理小批量测试前100个subaction/experiments/E3/pipeline_outputs/subaction_64_P01_109_64/frame_010118_left/reference_frame.png,outputs/数据处理小批量测试前100个subaction/experiments/E3/pipeline_outputs/subaction_64_P01_109_64/frame_010118_left/label_heatmap_merged.png,outputs/数据处理小批量测试前100个subaction/experiments/E3/pipeline_outputs/subaction_64_P01_109_64/frame_010118_left/label_heatmap_merged_overlay.png,outputs/数据处理小批量测试前100个subaction/experiments/E3/pipeline_outputs/subaction_64_P01_109_64/frame_010118_left/vrb_style_affordance.png,outputs/数据处理小批量测试前100个subaction/experiments/E3/pipeline_outputs/subaction_64_P01_109_64/frame_010118_left/diagnostics/problem3_ref_full_overlay.png,outputs/数据处理小批量测试前100个subaction/experiments/E3/pipeline_outputs/subaction_64_P01_109_64/frame_010118_left/diagnostics/problem3_ref_crop.png
E3,64,P01_109_64,pick up potato bit,10130.0,10131.0,left,9764.0,9765.0,78,6,2.864349376114082,outputs/数据处理小批量测试前100个subaction/experiments/E3/pipeline_outputs/subaction_64_P01_109_64/frame_010130_left,outputs/数据处理小批量测试前100个subaction/experiments/E3/pipeline_outputs/subaction_64_P01_109_64/frame_010130_left/reference_frame.png,outputs/数据处理小批量测试前100个subaction/experiments/E3/pipeline_outputs/subaction_64_P01_109_64/frame_010130_left/label_heatmap_merged.png,outputs/数据处理小批量测试前100个subaction/experiments/E3/pipeline_outputs/subaction_64_P01_109_64/frame_010130_left/label_heatmap_merged_overlay.png,outputs/数据处理小批量测试前100个subaction/experiments/E3/pipeline_outputs/subaction_64_P01_109_64/frame_010130_left/vrb_style_affordance.png,outputs/数据处理小批量测试前100个subaction/experiments/E3/pipeline_outputs/subaction_64_P01_109_64/frame_010130_left/diagnostics/problem3_ref_full_overlay.png,outputs/数据处理小批量测试前100个subaction/experiments/E3/pipeline_outputs/subaction_64_P01_109_64/frame_010130_left/diagnostics/problem3_ref_crop.png
E3,64,P01_109_64,pick up potato bit,10146.0,10147.0,right,9764.0,9765.0,71,6,2.564349376114082,outputs/数据处理小批量测试前100个subaction/experiments/E3/pipeline_outputs/subaction_64_P01_109_64/frame_010146_right,outputs/数据处理小批量测试前100个subaction/experiments/E3/pipeline_outputs/subaction_64_P01_109_64/frame_010146_right/reference_frame.png,outputs/数据处理小批量测试前100个subaction/experiments/E3/pipeline_outputs/subaction_64_P01_109_64/frame_010146_right/label_heatmap_merged.png,outputs/数据处理小批量测试前100个subaction/experiments/E3/pipeline_outputs/subaction_64_P01_109_64/frame_010146_right/label_heatmap_merged_overlay.png,outputs/数据处理小批量测试前100个subaction/experiments/E3/pipeline_outputs/subaction_64_P01_109_64/frame_010146_right/vrb_style_affordance.png,outputs/数据处理小批量测试前100个subaction/experiments/E3/pipeline_outputs/subaction_64_P01_109_64/frame_010146_right/diagnostics/problem3_ref_full_overlay.png,outputs/数据处理小批量测试前100个subaction/experiments/E3/pipeline_outputs/subaction_64_P01_109_64/frame_010146_right/diagnostics/problem3_ref_crop.png
E3,64,P01_109_64,pick up potato bit,10162.0,10163.0,right,9764.0,9765.0,37,6,1.7243493761140818,outputs/数据处理小批量测试前100个subaction/experiments/E3/pipeline_outputs/subaction_64_P01_109_64/frame_010162_right,outputs/数据处理小批量测试前100个subaction/experiments/E3/pipeline_outputs/subaction_64_P01_109_64/frame_010162_right/reference_frame.png,outputs/数据处理小批量测试前100个subaction/experiments/E3/pipeline_outputs/subaction_64_P01_109_64/frame_010162_right/label_heatmap_merged.png,outputs/数据处理小批量测试前100个subaction/experiments/E3/pipeline_outputs/subaction_64_P01_109_64/frame_010162_right/label_heatmap_merged_overlay.png,outputs/数据处理小批量测试前100个subaction/experiments/E3/pipeline_outputs/subaction_64_P01_109_64/frame_010162_right/vrb_style_affordance.png,outputs/数据处理小批量测试前100个subaction/experiments/E3/pipeline_outputs/subaction_64_P01_109_64/frame_010162_right/diagnostics/problem3_ref_full_overlay.png,outputs/数据处理小批量测试前100个subaction/experiments/E3/pipeline_outputs/subaction_64_P01_109_64/frame_010162_right/diagnostics/problem3_ref_crop.png
E3,65,P01_109_65,put down potato bit,10147.0,10148.0,left,9764.0,9765.0,48,6,2.0943493761140815,outputs/数据处理小批量测试前100个subaction/experiments/E3/pipeline_outputs/subaction_65_P01_109_65/frame_010147_left,outputs/数据处理小批量测试前100个subaction/experiments/E3/pipeline_outputs/subaction_65_P01_109_65/frame_010147_left/reference_frame.png,outputs/数据处理小批量测试前100个subaction/experiments/E3/pipeline_outputs/subaction_65_P01_109_65/frame_010147_left/label_heatmap_merged.png,outputs/数据处理小批量测试前100个subaction/experiments/E3/pipeline_outputs/subaction_65_P01_109_65/frame_010147_left/label_heatmap_merged_overlay.png,outputs/数据处理小批量测试前100个subaction/experiments/E3/pipeline_outputs/subaction_65_P01_109_65/frame_010147_left/vrb_style_affordance.png,outputs/数据处理小批量测试前100个subaction/experiments/E3/pipeline_outputs/subaction_65_P01_109_65/frame_010147_left/diagnostics/problem3_ref_full_overlay.png,outputs/数据处理小批量测试前100个subaction/experiments/E3/pipeline_outputs/subaction_65_P01_109_65/frame_010147_left/diagnostics/problem3_ref_crop.png
E3,65,P01_109_65,put down potato bit,10154.0,10155.0,right,9764.0,9765.0,59,6,2.2443493761140823,outputs/数据处理小批量测试前100个subaction/experiments/E3/pipeline_outputs/subaction_65_P01_109_65/frame_010154_right,outputs/数据处理小批量测试前100个subaction/experiments/E3/pipeline_outputs/subaction_65_P01_109_65/frame_010154_right/reference_frame.png,outputs/数据处理小批量测试前100个subaction/experiments/E3/pipeline_outputs/subaction_65_P01_109_65/frame_010154_right/label_heatmap_merged.png,outputs/数据处理小批量测试前100个subaction/experiments/E3/pipeline_outputs/subaction_65_P01_109_65/frame_010154_right/label_heatmap_merged_overlay.png,outputs/数据处理小批量测试前100个subaction/experiments/E3/pipeline_outputs/subaction_65_P01_109_65/frame_010154_right/vrb_style_affordance.png,outputs/数据处理小批量测试前100个subaction/experiments/E3/pipeline_outputs/subaction_65_P01_109_65/frame_010154_right/diagnostics/problem3_ref_full_overlay.png,outputs/数据处理小批量测试前100个subaction/experiments/E3/pipeline_outputs/subaction_65_P01_109_65/frame_010154_right/diagnostics/problem3_ref_crop.png
E3,65,P01_109_65,put down potato bit,10169.0,10170.0,right,9764.0,9765.0,29,6,1.4943493761140827,outputs/数据处理小批量测试前100个subaction/experiments/E3/pipeline_outputs/subaction_65_P01_109_65/frame_010169_right,outputs/数据处理小批量测试前100个subaction/experiments/E3/pipeline_outputs/subaction_65_P01_109_65/frame_010169_right/reference_frame.png,outputs/数据处理小批量测试前100个subaction/experiments/E3/pipeline_outputs/subaction_65_P01_109_65/frame_010169_right/label_heatmap_merged.png,outputs/数据处理小批量测试前100个subaction/experiments/E3/pipeline_outputs/subaction_65_P01_109_65/frame_010169_right/label_heatmap_merged_overlay.png,outputs/数据处理小批量测试前100个subaction/experiments/E3/pipeline_outputs/subaction_65_P01_109_65/frame_010169_right/vrb_style_affordance.png,outputs/数据处理小批量测试前100个subaction/experiments/E3/pipeline_outputs/subaction_65_P01_109_65/frame_010169_right/diagnostics/problem3_ref_full_overlay.png,outputs/数据处理小批量测试前100个subaction/experiments/E3/pipeline_outputs/subaction_65_P01_109_65/frame_010169_right/diagnostics/problem3_ref_crop.png
E3,65,P01_109_65,put down potato bit,10190.0,10191.0,right,9764.0,9765.0,26,6,1.2243493761140822,outputs/数据处理小批量测试前100个subaction/experiments/E3/pipeline_outputs/subaction_65_P01_109_65/frame_010190_right,outputs/数据处理小批量测试前100个subaction/experiments/E3/pipeline_outputs/subaction_65_P01_109_65/frame_010190_right/reference_frame.png,outputs/数据处理小批量测试前100个subaction/experiments/E3/pipeline_outputs/subaction_65_P01_109_65/frame_010190_right/label_heatmap_merged.png,outputs/数据处理小批量测试前100个subaction/experiments/E3/pipeline_outputs/subaction_65_P01_109_65/frame_010190_right/label_heatmap_merged_overlay.png,outputs/数据处理小批量测试前100个subaction/experiments/E3/pipeline_outputs/subaction_65_P01_109_65/frame_010190_right/vrb_style_affordance.png,outputs/数据处理小批量测试前100个subaction/experiments/E3/pipeline_outputs/subaction_65_P01_109_65/frame_010190_right/diagnostics/problem3_ref_full_overlay.png,outputs/数据处理小批量测试前100个subaction/experiments/E3/pipeline_outputs/subaction_65_P01_109_65/frame_010190_right/diagnostics/problem3_ref_crop.png
E3,66,P01_109_66,move cutting board,10195.0,10196.0,right,9764.0,9765.0,36,6,1.3743493761140817,outputs/数据处理小批量测试前100个subaction/experiments/E3/pipeline_outputs/subaction_66_P01_109_66/frame_010195_right,outputs/数据处理小批量测试前100个subaction/experiments/E3/pipeline_outputs/subaction_66_P01_109_66/frame_010195_right/reference_frame.png,outputs/数据处理小批量测试前100个subaction/experiments/E3/pipeline_outputs/subaction_66_P01_109_66/frame_010195_right/label_heatmap_merged.png,outputs/数据处理小批量测试前100个subaction/experiments/E3/pipeline_outputs/subaction_66_P01_109_66/frame_010195_right/label_heatmap_merged_overlay.png,outputs/数据处理小批量测试前100个subaction/experiments/E3/pipeline_outputs/subaction_66_P01_109_66/frame_010195_right/vrb_style_affordance.png,outputs/数据处理小批量测试前100个subaction/experiments/E3/pipeline_outputs/subaction_66_P01_109_66/frame_010195_right/diagnostics/problem3_ref_full_overlay.png,outputs/数据处理小批量测试前100个subaction/experiments/E3/pipeline_outputs/subaction_66_P01_109_66/frame_010195_right/diagnostics/problem3_ref_crop.png
E3,66,P01_109_66,move cutting board,10201.0,10202.0,right,9764.0,9765.0,123,6,3.0543493761140814,outputs/数据处理小批量测试前100个subaction/experiments/E3/pipeline_outputs/subaction_66_P01_109_66/frame_010201_right,outputs/数据处理小批量测试前100个subaction/experiments/E3/pipeline_outputs/subaction_66_P01_109_66/frame_010201_right/reference_frame.png,outputs/数据处理小批量测试前100个subaction/experiments/E3/pipeline_outputs/subaction_66_P01_109_66/frame_010201_right/label_heatmap_merged.png,outputs/数据处理小批量测试前100个subaction/experiments/E3/pipeline_outputs/subaction_66_P01_109_66/frame_010201_right/label_heatmap_merged_overlay.png,outputs/数据处理小批量测试前100个subaction/experiments/E3/pipeline_outputs/subaction_66_P01_109_66/frame_010201_right/vrb_style_affordance.png,outputs/数据处理小批量测试前100个subaction/experiments/E3/pipeline_outputs/subaction_66_P01_109_66/frame_010201_right/diagnostics/problem3_ref_full_overlay.png,outputs/数据处理小批量测试前100个subaction/experiments/E3/pipeline_outputs/subaction_66_P01_109_66/frame_010201_right/diagnostics/problem3_ref_crop.png
E3,66,P01_109_66,move cutting board,10211.0,10212.0,right,9764.0,9765.0,113,6,2.7543493761140825,outputs/数据处理小批量测试前100个subaction/experiments/E3/pipeline_outputs/subaction_66_P01_109_66/frame_010211_right,outputs/数据处理小批量测试前100个subaction/experiments/E3/pipeline_outputs/subaction_66_P01_109_66/frame_010211_right/reference_frame.png,outputs/数据处理小批量测试前100个subaction/experiments/E3/pipeline_outputs/subaction_66_P01_109_66/frame_010211_right/label_heatmap_merged.png,outputs/数据处理小批量测试前100个subaction/experiments/E3/pipeline_outputs/subaction_66_P01_109_66/frame_010211_right/label_heatmap_merged_overlay.png,outputs/数据处理小批量测试前100个subaction/experiments/E3/pipeline_outputs/subaction_66_P01_109_66/frame_010211_right/vrb_style_affordance.png,outputs/数据处理小批量测试前100个subaction/experiments/E3/pipeline_outputs/subaction_66_P01_109_66/frame_010211_right/diagnostics/problem3_ref_full_overlay.png,outputs/数据处理小批量测试前100个subaction/experiments/E3/pipeline_outputs/subaction_66_P01_109_66/frame_010211_right/diagnostics/problem3_ref_crop.png
E3,67,P01_109_67,put down knife,10236.0,10237.0,right,9764.0,9765.0,39,6,1.024349376114082,outputs/数据处理小批量测试前100个subaction/experiments/E3/pipeline_outputs/subaction_67_P01_109_67/frame_010236_right,outputs/数据处理小批量测试前100个subaction/experiments/E3/pipeline_outputs/subaction_67_P01_109_67/frame_010236_right/reference_frame.png,outputs/数据处理小批量测试前100个subaction/experiments/E3/pipeline_outputs/subaction_67_P01_109_67/frame_010236_right/label_heatmap_merged.png,outputs/数据处理小批量测试前100个subaction/experiments/E3/pipeline_outputs/subaction_67_P01_109_67/frame_010236_right/label_heatmap_merged_overlay.png,outputs/数据处理小批量测试前100个subaction/experiments/E3/pipeline_outputs/subaction_67_P01_109_67/frame_010236_right/vrb_style_affordance.png,outputs/数据处理小批量测试前100个subaction/experiments/E3/pipeline_outputs/subaction_67_P01_109_67/frame_010236_right/diagnostics/problem3_ref_full_overlay.png,outputs/数据处理小批量测试前100个subaction/experiments/E3/pipeline_outputs/subaction_67_P01_109_67/frame_010236_right/diagnostics/problem3_ref_crop.png
E3,67,P01_109_67,put down knife,10241.0,10242.0,right,9764.0,9765.0,27,6,0.7343493761140811,outputs/数据处理小批量测试前100个subaction/experiments/E3/pipeline_outputs/subaction_67_P01_109_67/frame_010241_right,outputs/数据处理小批量测试前100个subaction/experiments/E3/pipeline_outputs/subaction_67_P01_109_67/frame_010241_right/reference_frame.png,outputs/数据处理小批量测试前100个subaction/experiments/E3/pipeline_outputs/subaction_67_P01_109_67/frame_010241_right/label_heatmap_merged.png,outputs/数据处理小批量测试前100个subaction/experiments/E3/pipeline_outputs/subaction_67_P01_109_67/frame_010241_right/label_heatmap_merged_overlay.png,outputs/数据处理小批量测试前100个subaction/experiments/E3/pipeline_outputs/subaction_67_P01_109_67/frame_010241_right/vrb_style_affordance.png,outputs/数据处理小批量测试前100个subaction/experiments/E3/pipeline_outputs/subaction_67_P01_109_67/frame_010241_right/diagnostics/problem3_ref_full_overlay.png,outputs/数据处理小批量测试前100个subaction/experiments/E3/pipeline_outputs/subaction_67_P01_109_67/frame_010241_right/diagnostics/problem3_ref_crop.png
E3,67,P01_109_67,put down knife,10246.0,10247.0,right,9764.0,9765.0,23,6,0.6043493761140812,outputs/数据处理小批量测试前100个subaction/experiments/E3/pipeline_outputs/subaction_67_P01_109_67/frame_010246_right,outputs/数据处理小批量测试前100个subaction/experiments/E3/pipeline_outputs/subaction_67_P01_109_67/frame_010246_right/reference_frame.png,outputs/数据处理小批量测试前100个subaction/experiments/E3/pipeline_outputs/subaction_67_P01_109_67/frame_010246_right/label_heatmap_merged.png,outputs/数据处理小批量测试前100个subaction/experiments/E3/pipeline_outputs/subaction_67_P01_109_67/frame_010246_right/label_heatmap_merged_overlay.png,outputs/数据处理小批量测试前100个subaction/experiments/E3/pipeline_outputs/subaction_67_P01_109_67/frame_010246_right/vrb_style_affordance.png,outputs/数据处理小批量测试前100个subaction/experiments/E3/pipeline_outputs/subaction_67_P01_109_67/frame_010246_right/diagnostics/problem3_ref_full_overlay.png,outputs/数据处理小批量测试前100个subaction/experiments/E3/pipeline_outputs/subaction_67_P01_109_67/frame_010246_right/diagnostics/problem3_ref_crop.png
E3,67,P01_109_67,put down knife,10251.0,10252.0,right,9764.0,9765.0,25,6,0.5943493761140823,outputs/数据处理小批量测试前100个subaction/experiments/E3/pipeline_outputs/subaction_67_P01_109_67/frame_010251_right,outputs/数据处理小批量测试前100个subaction/experiments/E3/pipeline_outputs/subaction_67_P01_109_67/frame_010251_right/reference_frame.png,outputs/数据处理小批量测试前100个subaction/experiments/E3/pipeline_outputs/subaction_67_P01_109_67/frame_010251_right/label_heatmap_merged.png,outputs/数据处理小批量测试前100个subaction/experiments/E3/pipeline_outputs/subaction_67_P01_109_67/frame_010251_right/label_heatmap_merged_overlay.png,outputs/数据处理小批量测试前100个subaction/experiments/E3/pipeline_outputs/subaction_67_P01_109_67/frame_010251_right/vrb_style_affordance.png,outputs/数据处理小批量测试前100个subaction/experiments/E3/pipeline_outputs/subaction_67_P01_109_67/frame_010251_right/diagnostics/problem3_ref_full_overlay.png,outputs/数据处理小批量测试前100个subaction/experiments/E3/pipeline_outputs/subaction_67_P01_109_67/frame_010251_right/diagnostics/problem3_ref_crop.png
E3,67,P01_109_67,put down knife,10262.0,10263.0,right,9764.0,9765.0,67,6,1.324349376114082,outputs/数据处理小批量测试前100个subaction/experiments/E3/pipeline_outputs/subaction_67_P01_109_67/frame_010262_right,outputs/数据处理小批量测试前100个subaction/experiments/E3/pipeline_outputs/subaction_67_P01_109_67/frame_010262_right/reference_frame.png,outputs/数据处理小批量测试前100个subaction/experiments/E3/pipeline_outputs/subaction_67_P01_109_67/frame_010262_right/label_heatmap_merged.png,outputs/数据处理小批量测试前100个subaction/experiments/E3/pipeline_outputs/subaction_67_P01_109_67/frame_010262_right/label_heatmap_merged_overlay.png,outputs/数据处理小批量测试前100个subaction/experiments/E3/pipeline_outputs/subaction_67_P01_109_67/frame_010262_right/vrb_style_affordance.png,outputs/数据处理小批量测试前100个subaction/experiments/E3/pipeline_outputs/subaction_67_P01_109_67/frame_010262_right/diagnostics/problem3_ref_full_overlay.png,outputs/数据处理小批量测试前100个subaction/experiments/E3/pipeline_outputs/subaction_67_P01_109_67/frame_010262_right/diagnostics/problem3_ref_crop.png
E3,68,P01_109_68,pick up knife,10269.0,10270.0,right,9764.0,9765.0,70,6,1.314349376114082,outputs/数据处理小批量测试前100个subaction/experiments/E3/pipeline_outputs/subaction_68_P01_109_68/frame_010269_right,outputs/数据处理小批量测试前100个subaction/experiments/E3/pipeline_outputs/subaction_68_P01_109_68/frame_010269_right/reference_frame.png,outputs/数据处理小批量测试前100个subaction/experiments/E3/pipeline_outputs/subaction_68_P01_109_68/frame_010269_right/label_heatmap_merged.png,outputs/数据处理小批量测试前100个subaction/experiments/E3/pipeline_outputs/subaction_68_P01_109_68/frame_010269_right/label_heatmap_merged_overlay.png,outputs/数据处理小批量测试前100个subaction/experiments/E3/pipeline_outputs/subaction_68_P01_109_68/frame_010269_right/vrb_style_affordance.png,outputs/数据处理小批量测试前100个subaction/experiments/E3/pipeline_outputs/subaction_68_P01_109_68/frame_010269_right/diagnostics/problem3_ref_full_overlay.png,outputs/数据处理小批量测试前100个subaction/experiments/E3/pipeline_outputs/subaction_68_P01_109_68/frame_010269_right/diagnostics/problem3_ref_crop.png
E3,68,P01_109_68,pick up knife,10286.0,10287.0,left,9764.0,9765.0,88,6,1.5043493761140825,outputs/数据处理小批量测试前100个subaction/experiments/E3/pipeline_outputs/subaction_68_P01_109_68/frame_010286_left,outputs/数据处理小批量测试前100个subaction/experiments/E3/pipeline_outputs/subaction_68_P01_109_68/frame_010286_left/reference_frame.png,outputs/数据处理小批量测试前100个subaction/experiments/E3/pipeline_outputs/subaction_68_P01_109_68/frame_010286_left/label_heatmap_merged.png,outputs/数据处理小批量测试前100个subaction/experiments/E3/pipeline_outputs/subaction_68_P01_109_68/frame_010286_left/label_heatmap_merged_overlay.png,outputs/数据处理小批量测试前100个subaction/experiments/E3/pipeline_outputs/subaction_68_P01_109_68/frame_010286_left/vrb_style_affordance.png,outputs/数据处理小批量测试前100个subaction/experiments/E3/pipeline_outputs/subaction_68_P01_109_68/frame_010286_left/diagnostics/problem3_ref_full_overlay.png,outputs/数据处理小批量测试前100个subaction/experiments/E3/pipeline_outputs/subaction_68_P01_109_68/frame_010286_left/diagnostics/problem3_ref_crop.png
E3,68,P01_109_68,pick up knife,10292.0,10293.0,right,9764.0,9765.0,29,6,0.2643493761140822,outputs/数据处理小批量测试前100个subaction/experiments/E3/pipeline_outputs/subaction_68_P01_109_68/frame_010292_right,outputs/数据处理小批量测试前100个subaction/experiments/E3/pipeline_outputs/subaction_68_P01_109_68/frame_010292_right/reference_frame.png,outputs/数据处理小批量测试前100个subaction/experiments/E3/pipeline_outputs/subaction_68_P01_109_68/frame_010292_right/label_heatmap_merged.png,outputs/数据处理小批量测试前100个subaction/experiments/E3/pipeline_outputs/subaction_68_P01_109_68/frame_010292_right/label_heatmap_merged_overlay.png,outputs/数据处理小批量测试前100个subaction/experiments/E3/pipeline_outputs/subaction_68_P01_109_68/frame_010292_right/vrb_style_affordance.png,outputs/数据处理小批量测试前100个subaction/experiments/E3/pipeline_outputs/subaction_68_P01_109_68/frame_010292_right/diagnostics/problem3_ref_full_overlay.png,outputs/数据处理小批量测试前100个subaction/experiments/E3/pipeline_outputs/subaction_68_P01_109_68/frame_010292_right/diagnostics/problem3_ref_crop.png
E3,68,P01_109_68,pick up knife,10299.0,10300.0,right,9764.0,9765.0,29,6,0.1943493761140819,outputs/数据处理小批量测试前100个subaction/experiments/E3/pipeline_outputs/subaction_68_P01_109_68/frame_010299_right,outputs/数据处理小批量测试前100个subaction/experiments/E3/pipeline_outputs/subaction_68_P01_109_68/frame_010299_right/reference_frame.png,outputs/数据处理小批量测试前100个subaction/experiments/E3/pipeline_outputs/subaction_68_P01_109_68/frame_010299_right/label_heatmap_merged.png,outputs/数据处理小批量测试前100个subaction/experiments/E3/pipeline_outputs/subaction_68_P01_109_68/frame_010299_right/label_heatmap_merged_overlay.png,outputs/数据处理小批量测试前100个subaction/experiments/E3/pipeline_outputs/subaction_68_P01_109_68/frame_010299_right/vrb_style_affordance.png,outputs/数据处理小批量测试前100个subaction/experiments/E3/pipeline_outputs/subaction_68_P01_109_68/frame_010299_right/diagnostics/problem3_ref_full_overlay.png,outputs/数据处理小批量测试前100个subaction/experiments/E3/pipeline_outputs/subaction_68_P01_109_68/frame_010299_right/diagnostics/problem3_ref_crop.png
E3,69,P01_109_69,slice potato,11500.0,11501.0,left,9764.0,9765.0,66,6,-11.082105263157894,outputs/数据处理小批量测试前100个subaction/experiments/E3/pipeline_outputs/subaction_69_P01_109_69/frame_011500_left,outputs/数据处理小批量测试前100个subaction/experiments/E3/pipeline_outputs/subaction_69_P01_109_69/frame_011500_left/reference_frame.png,outputs/数据处理小批量测试前100个subaction/experiments/E3/pipeline_outputs/subaction_69_P01_109_69/frame_011500_left/label_heatmap_merged.png,outputs/数据处理小批量测试前100个subaction/experiments/E3/pipeline_outputs/subaction_69_P01_109_69/frame_011500_left/label_heatmap_merged_overlay.png,outputs/数据处理小批量测试前100个subaction/experiments/E3/pipeline_outputs/subaction_69_P01_109_69/frame_011500_left/vrb_style_affordance.png,outputs/数据处理小批量测试前100个subaction/experiments/E3/pipeline_outputs/subaction_69_P01_109_69/frame_011500_left/diagnostics/problem3_ref_full_overlay.png,outputs/数据处理小批量测试前100个subaction/experiments/E3/pipeline_outputs/subaction_69_P01_109_69/frame_011500_left/diagnostics/problem3_ref_crop.png
E3,69,P01_109_69,slice potato,11899.0,11900.0,right,9764.0,9765.0,19,6,-16.012105263157896,outputs/数据处理小批量测试前100个subaction/experiments/E3/pipeline_outputs/subaction_69_P01_109_69/frame_011899_right,outputs/数据处理小批量测试前100个subaction/experiments/E3/pipeline_outputs/subaction_69_P01_109_69/frame_011899_right/reference_frame.png,outputs/数据处理小批量测试前100个subaction/experiments/E3/pipeline_outputs/subaction_69_P01_109_69/frame_011899_right/label_heatmap_merged.png,outputs/数据处理小批量测试前100个subaction/experiments/E3/pipeline_outputs/subaction_69_P01_109_69/frame_011899_right/label_heatmap_merged_overlay.png,outputs/数据处理小批量测试前100个subaction/experiments/E3/pipeline_outputs/subaction_69_P01_109_69/frame_011899_right/vrb_style_affordance.png,outputs/数据处理小批量测试前100个subaction/experiments/E3/pipeline_outputs/subaction_69_P01_109_69/frame_011899_right/diagnostics/problem3_ref_full_overlay.png,outputs/数据处理小批量测试前100个subaction/experiments/E3/pipeline_outputs/subaction_69_P01_109_69/frame_011899_right/diagnostics/problem3_ref_crop.png
E3,70,P01_109_70,put down knife,11913.0,11914.0,left,9764.0,9765.0,97,6,-14.592105263157896,outputs/数据处理小批量测试前100个subaction/experiments/E3/pipeline_outputs/subaction_70_P01_109_70/frame_011913_left,outputs/数据处理小批量测试前100个subaction/experiments/E3/pipeline_outputs/subaction_70_P01_109_70/frame_011913_left/reference_frame.png,outputs/数据处理小批量测试前100个subaction/experiments/E3/pipeline_outputs/subaction_70_P01_109_70/frame_011913_left/label_heatmap_merged.png,outputs/数据处理小批量测试前100个subaction/experiments/E3/pipeline_outputs/subaction_70_P01_109_70/frame_011913_left/label_heatmap_merged_overlay.png,outputs/数据处理小批量测试前100个subaction/experiments/E3/pipeline_outputs/subaction_70_P01_109_70/frame_011913_left/vrb_style_affordance.png,outputs/数据处理小批量测试前100个subaction/experiments/E3/pipeline_outputs/subaction_70_P01_109_70/frame_011913_left/diagnostics/problem3_ref_full_overlay.png,outputs/数据处理小批量测试前100个subaction/experiments/E3/pipeline_outputs/subaction_70_P01_109_70/frame_011913_left/diagnostics/problem3_ref_crop.png
E3,70,P01_109_70,put down knife,11917.0,11918.0,right,9764.0,9765.0,34,6,-15.892105263157896,outputs/数据处理小批量测试前100个subaction/experiments/E3/pipeline_outputs/subaction_70_P01_109_70/frame_011917_right,outputs/数据处理小批量测试前100个subaction/experiments/E3/pipeline_outputs/subaction_70_P01_109_70/frame_011917_right/reference_frame.png,outputs/数据处理小批量测试前100个subaction/experiments/E3/pipeline_outputs/subaction_70_P01_109_70/frame_011917_right/label_heatmap_merged.png,outputs/数据处理小批量测试前100个subaction/experiments/E3/pipeline_outputs/subaction_70_P01_109_70/frame_011917_right/label_heatmap_merged_overlay.png,outputs/数据处理小批量测试前100个subaction/experiments/E3/pipeline_outputs/subaction_70_P01_109_70/frame_011917_right/vrb_style_affordance.png,outputs/数据处理小批量测试前100个subaction/experiments/E3/pipeline_outputs/subaction_70_P01_109_70/frame_011917_right/diagnostics/problem3_ref_full_overlay.png,outputs/数据处理小批量测试前100个subaction/experiments/E3/pipeline_outputs/subaction_70_P01_109_70/frame_011917_right/diagnostics/problem3_ref_crop.png
E3,70,P01_109_70,put down knife,11934.0,11935.0,left,9764.0,9765.0,86,6,-15.022105263157894,outputs/数据处理小批量测试前100个subaction/experiments/E3/pipeline_outputs/subaction_70_P01_109_70/frame_011934_left,outputs/数据处理小批量测试前100个subaction/experiments/E3/pipeline_outputs/subaction_70_P01_109_70/frame_011934_left/reference_frame.png,outputs/数据处理小批量测试前100个subaction/experiments/E3/pipeline_outputs/subaction_70_P01_109_70/frame_011934_left/label_heatmap_merged.png,outputs/数据处理小批量测试前100个subaction/experiments/E3/pipeline_outputs/subaction_70_P01_109_70/frame_011934_left/label_heatmap_merged_overlay.png,outputs/数据处理小批量测试前100个subaction/experiments/E3/pipeline_outputs/subaction_70_P01_109_70/frame_011934_left/vrb_style_affordance.png,outputs/数据处理小批量测试前100个subaction/experiments/E3/pipeline_outputs/subaction_70_P01_109_70/frame_011934_left/diagnostics/problem3_ref_full_overlay.png,outputs/数据处理小批量测试前100个subaction/experiments/E3/pipeline_outputs/subaction_70_P01_109_70/frame_011934_left/diagnostics/problem3_ref_crop.png
E3,71,P01_109_71,put down potato slices,11962.0,11963.0,left,9764.0,9765.0,14,6,-16.78,outputs/数据处理小批量测试前100个subaction/experiments/E3/pipeline_outputs/subaction_71_P01_109_71/frame_011962_left,outputs/数据处理小批量测试前100个subaction/experiments/E3/pipeline_outputs/subaction_71_P01_109_71/frame_011962_left/reference_frame.png,outputs/数据处理小批量测试前100个subaction/experiments/E3/pipeline_outputs/subaction_71_P01_109_71/frame_011962_left/label_heatmap_merged.png,outputs/数据处理小批量测试前100个subaction/experiments/E3/pipeline_outputs/subaction_71_P01_109_71/frame_011962_left/label_heatmap_merged_overlay.png,outputs/数据处理小批量测试前100个subaction/experiments/E3/pipeline_outputs/subaction_71_P01_109_71/frame_011962_left/vrb_style_affordance.png,outputs/数据处理小批量测试前100个subaction/experiments/E3/pipeline_outputs/subaction_71_P01_109_71/frame_011962_left/diagnostics/problem3_ref_full_overlay.png,outputs/数据处理小批量测试前100个subaction/experiments/E3/pipeline_outputs/subaction_71_P01_109_71/frame_011962_left/diagnostics/problem3_ref_crop.png
E3,71,P01_109_71,put down potato slices,11969.0,11970.0,left,9764.0,9765.0,29,6,-16.55,outputs/数据处理小批量测试前100个subaction/experiments/E3/pipeline_outputs/subaction_71_P01_109_71/frame_011969_left,outputs/数据处理小批量测试前100个subaction/experiments/E3/pipeline_outputs/subaction_71_P01_109_71/frame_011969_left/reference_frame.png,outputs/数据处理小批量测试前100个subaction/experiments/E3/pipeline_outputs/subaction_71_P01_109_71/frame_011969_left/label_heatmap_merged.png,outputs/数据处理小批量测试前100个subaction/experiments/E3/pipeline_outputs/subaction_71_P01_109_71/frame_011969_left/label_heatmap_merged_overlay.png,outputs/数据处理小批量测试前100个subaction/experiments/E3/pipeline_outputs/subaction_71_P01_109_71/frame_011969_left/vrb_style_affordance.png,outputs/数据处理小批量测试前100个subaction/experiments/E3/pipeline_outputs/subaction_71_P01_109_71/frame_011969_left/diagnostics/problem3_ref_full_overlay.png,outputs/数据处理小批量测试前100个subaction/experiments/E3/pipeline_outputs/subaction_71_P01_109_71/frame_011969_left/diagnostics/problem3_ref_crop.png
E3,71,P01_109_71,put down potato slices,11984.0,11985.0,right,9764.0,9765.0,123,6,-14.82,outputs/数据处理小批量测试前100个subaction/experiments/E3/pipeline_outputs/subaction_71_P01_109_71/frame_011984_right,outputs/数据处理小批量测试前100个subaction/experiments/E3/pipeline_outputs/subaction_71_P01_109_71/frame_011984_right/reference_frame.png,outputs/数据处理小批量测试前100个subaction/experiments/E3/pipeline_outputs/subaction_71_P01_109_71/frame_011984_right/label_heatmap_merged.png,outputs/数据处理小批量测试前100个subaction/experiments/E3/pipeline_outputs/subaction_71_P01_109_71/frame_011984_right/label_heatmap_merged_overlay.png,outputs/数据处理小批量测试前100个subaction/experiments/E3/pipeline_outputs/subaction_71_P01_109_71/frame_011984_right/vrb_style_affordance.png,outputs/数据处理小批量测试前100个subaction/experiments/E3/pipeline_outputs/subaction_71_P01_109_71/frame_011984_right/diagnostics/problem3_ref_full_overlay.png,outputs/数据处理小批量测试前100个subaction/experiments/E3/pipeline_outputs/subaction_71_P01_109_71/frame_011984_right/diagnostics/problem3_ref_crop.png
E3,72,P01_109_72,pick up potato slices,12054.0,12055.0,right,9764.0,9765.0,83,6,-16.32,outputs/数据处理小批量测试前100个subaction/experiments/E3/pipeline_outputs/subaction_72_P01_109_72/frame_012054_right,outputs/数据处理小批量测试前100个subaction/experiments/E3/pipeline_outputs/subaction_72_P01_109_72/frame_012054_right/reference_frame.png,outputs/数据处理小批量测试前100个subaction/experiments/E3/pipeline_outputs/subaction_72_P01_109_72/frame_012054_right/label_heatmap_merged.png,outputs/数据处理小批量测试前100个subaction/experiments/E3/pipeline_outputs/subaction_72_P01_109_72/frame_012054_right/label_heatmap_merged_overlay.png,outputs/数据处理小批量测试前100个subaction/experiments/E3/pipeline_outputs/subaction_72_P01_109_72/frame_012054_right/vrb_style_affordance.png,outputs/数据处理小批量测试前100个subaction/experiments/E3/pipeline_outputs/subaction_72_P01_109_72/frame_012054_right/diagnostics/problem3_ref_full_overlay.png,outputs/数据处理小批量测试前100个subaction/experiments/E3/pipeline_outputs/subaction_72_P01_109_72/frame_012054_right/diagnostics/problem3_ref_crop.png
E3,72,P01_109_72,pick up potato slices,12070.0,12071.0,right,9764.0,9765.0,166,6,-14.82,outputs/数据处理小批量测试前100个subaction/experiments/E3/pipeline_outputs/subaction_72_P01_109_72/frame_012070_right,outputs/数据处理小批量测试前100个subaction/experiments/E3/pipeline_outputs/subaction_72_P01_109_72/frame_012070_right/reference_frame.png,outputs/数据处理小批量测试前100个subaction/experiments/E3/pipeline_outputs/subaction_72_P01_109_72/frame_012070_right/label_heatmap_merged.png,outputs/数据处理小批量测试前100个subaction/experiments/E3/pipeline_outputs/subaction_72_P01_109_72/frame_012070_right/label_heatmap_merged_overlay.png,outputs/数据处理小批量测试前100个subaction/experiments/E3/pipeline_outputs/subaction_72_P01_109_72/frame_012070_right/vrb_style_affordance.png,outputs/数据处理小批量测试前100个subaction/experiments/E3/pipeline_outputs/subaction_72_P01_109_72/frame_012070_right/diagnostics/problem3_ref_full_overlay.png,outputs/数据处理小批量测试前100个subaction/experiments/E3/pipeline_outputs/subaction_72_P01_109_72/frame_012070_right/diagnostics/problem3_ref_crop.png
E3,73,P01_109_73,put down potato slices,12069.0,12070.0,left,9764.0,9765.0,241,6,-13.31,outputs/数据处理小批量测试前100个subaction/experiments/E3/pipeline_outputs/subaction_73_P01_109_73/frame_012069_left,outputs/数据处理小批量测试前100个subaction/experiments/E3/pipeline_outputs/subaction_73_P01_109_73/frame_012069_left/reference_frame.png,outputs/数据处理小批量测试前100个subaction/experiments/E3/pipeline_outputs/subaction_73_P01_109_73/frame_012069_left/label_heatmap_merged.png,outputs/数据处理小批量测试前100个subaction/experiments/E3/pipeline_outputs/subaction_73_P01_109_73/frame_012069_left/label_heatmap_merged_overlay.png,outputs/数据处理小批量测试前100个subaction/experiments/E3/pipeline_outputs/subaction_73_P01_109_73/frame_012069_left/vrb_style_affordance.png,outputs/数据处理小批量测试前100个subaction/experiments/E3/pipeline_outputs/subaction_73_P01_109_73/frame_012069_left/diagnostics/problem3_ref_full_overlay.png,outputs/数据处理小批量测试前100个subaction/experiments/E3/pipeline_outputs/subaction_73_P01_109_73/frame_012069_left/diagnostics/problem3_ref_crop.png
E3,73,P01_109_73,put down potato slices,12096.0,12097.0,left,9764.0,9765.0,184,6,-14.72,outputs/数据处理小批量测试前100个subaction/experiments/E3/pipeline_outputs/subaction_73_P01_109_73/frame_012096_left,outputs/数据处理小批量测试前100个subaction/experiments/E3/pipeline_outputs/subaction_73_P01_109_73/frame_012096_left/reference_frame.png,outputs/数据处理小批量测试前100个subaction/experiments/E3/pipeline_outputs/subaction_73_P01_109_73/frame_012096_left/label_heatmap_merged.png,outputs/数据处理小批量测试前100个subaction/experiments/E3/pipeline_outputs/subaction_73_P01_109_73/frame_012096_left/label_heatmap_merged_overlay.png,outputs/数据处理小批量测试前100个subaction/experiments/E3/pipeline_outputs/subaction_73_P01_109_73/frame_012096_left/vrb_style_affordance.png,outputs/数据处理小批量测试前100个subaction/experiments/E3/pipeline_outputs/subaction_73_P01_109_73/frame_012096_left/diagnostics/problem3_ref_full_overlay.png,outputs/数据处理小批量测试前100个subaction/experiments/E3/pipeline_outputs/subaction_73_P01_109_73/frame_012096_left/diagnostics/problem3_ref_crop.png
E3,73,P01_109_73,put down potato slices,12124.0,12125.0,left,9764.0,9765.0,116,6,-16.40864077669903,outputs/数据处理小批量测试前100个subaction/experiments/E3/pipeline_outputs/subaction_73_P01_109_73/frame_012124_left,outputs/数据处理小批量测试前100个subaction/experiments/E3/pipeline_outputs/subaction_73_P01_109_73/frame_012124_left/reference_frame.png,outputs/数据处理小批量测试前100个subaction/experiments/E3/pipeline_outputs/subaction_73_P01_109_73/frame_012124_left/label_heatmap_merged.png,outputs/数据处理小批量测试前100个subaction/experiments/E3/pipeline_outputs/subaction_73_P01_109_73/frame_012124_left/label_heatmap_merged_overlay.png,outputs/数据处理小批量测试前100个subaction/experiments/E3/pipeline_outputs/subaction_73_P01_109_73/frame_012124_left/vrb_style_affordance.png,outputs/数据处理小批量测试前100个subaction/experiments/E3/pipeline_outputs/subaction_73_P01_109_73/frame_012124_left/diagnostics/problem3_ref_full_overlay.png,outputs/数据处理小批量测试前100个subaction/experiments/E3/pipeline_outputs/subaction_73_P01_109_73/frame_012124_left/diagnostics/problem3_ref_crop.png
E3,73,P01_109_73,put down potato slices,12153.0,12154.0,right,9764.0,9765.0,82,6,-17.37864077669903,outputs/数据处理小批量测试前100个subaction/experiments/E3/pipeline_outputs/subaction_73_P01_109_73/frame_012153_right,outputs/数据处理小批量测试前100个subaction/experiments/E3/pipeline_outputs/subaction_73_P01_109_73/frame_012153_right/reference_frame.png,outputs/数据处理小批量测试前100个subaction/experiments/E3/pipeline_outputs/subaction_73_P01_109_73/frame_012153_right/label_heatmap_merged.png,outputs/数据处理小批量测试前100个subaction/experiments/E3/pipeline_outputs/subaction_73_P01_109_73/frame_012153_right/label_heatmap_merged_overlay.png,outputs/数据处理小批量测试前100个subaction/experiments/E3/pipeline_outputs/subaction_73_P01_109_73/frame_012153_right/vrb_style_affordance.png,outputs/数据处理小批量测试前100个subaction/experiments/E3/pipeline_outputs/subaction_73_P01_109_73/frame_012153_right/diagnostics/problem3_ref_full_overlay.png,outputs/数据处理小批量测试前100个subaction/experiments/E3/pipeline_outputs/subaction_73_P01_109_73/frame_012153_right/diagnostics/problem3_ref_crop.png
E3,73,P01_109_73,put down potato slices,12185.0,12186.0,right,9764.0,9765.0,65,6,-18.03864077669903,outputs/数据处理小批量测试前100个subaction/experiments/E3/pipeline_outputs/subaction_73_P01_109_73/frame_012185_right,outputs/数据处理小批量测试前100个subaction/experiments/E3/pipeline_outputs/subaction_73_P01_109_73/frame_012185_right/reference_frame.png,outputs/数据处理小批量测试前100个subaction/experiments/E3/pipeline_outputs/subaction_73_P01_109_73/frame_012185_right/label_heatmap_merged.png,outputs/数据处理小批量测试前100个subaction/experiments/E3/pipeline_outputs/subaction_73_P01_109_73/frame_012185_right/label_heatmap_merged_overlay.png,outputs/数据处理小批量测试前100个subaction/experiments/E3/pipeline_outputs/subaction_73_P01_109_73/frame_012185_right/vrb_style_affordance.png,outputs/数据处理小批量测试前100个subaction/experiments/E3/pipeline_outputs/subaction_73_P01_109_73/frame_012185_right/diagnostics/problem3_ref_full_overlay.png,outputs/数据处理小批量测试前100个subaction/experiments/E3/pipeline_outputs/subaction_73_P01_109_73/frame_012185_right/diagnostics/problem3_ref_crop.png
E3,74,P01_109_74,pick up potato slices,12180.0,12181.0,right,9764.0,9765.0,90,6,-17.48864077669903,outputs/数据处理小批量测试前100个subaction/experiments/E3/pipeline_outputs/subaction_74_P01_109_74/frame_012180_right,outputs/数据处理小批量测试前100个subaction/experiments/E3/pipeline_outputs/subaction_74_P01_109_74/frame_012180_right/reference_frame.png,outputs/数据处理小批量测试前100个subaction/experiments/E3/pipeline_outputs/subaction_74_P01_109_74/frame_012180_right/label_heatmap_merged.png,outputs/数据处理小批量测试前100个subaction/experiments/E3/pipeline_outputs/subaction_74_P01_109_74/frame_012180_right/label_heatmap_merged_overlay.png,outputs/数据处理小批量测试前100个subaction/experiments/E3/pipeline_outputs/subaction_74_P01_109_74/frame_012180_right/vrb_style_affordance.png,outputs/数据处理小批量测试前100个subaction/experiments/E3/pipeline_outputs/subaction_74_P01_109_74/frame_012180_right/diagnostics/problem3_ref_full_overlay.png,outputs/数据处理小批量测试前100个subaction/experiments/E3/pipeline_outputs/subaction_74_P01_109_74/frame_012180_right/diagnostics/problem3_ref_crop.png
E3,74,P01_109_74,pick up potato slices,12206.0,12207.0,left,9764.0,9765.0,37,6,-18.80864077669903,outputs/数据处理小批量测试前100个subaction/experiments/E3/pipeline_outputs/subaction_74_P01_109_74/frame_012206_left,outputs/数据处理小批量测试前100个subaction/experiments/E3/pipeline_outputs/subaction_74_P01_109_74/frame_012206_left/reference_frame.png,outputs/数据处理小批量测试前100个subaction/experiments/E3/pipeline_outputs/subaction_74_P01_109_74/frame_012206_left/label_heatmap_merged.png,outputs/数据处理小批量测试前100个subaction/experiments/E3/pipeline_outputs/subaction_74_P01_109_74/frame_012206_left/label_heatmap_merged_overlay.png,outputs/数据处理小批量测试前100个subaction/experiments/E3/pipeline_outputs/subaction_74_P01_109_74/frame_012206_left/vrb_style_affordance.png,outputs/数据处理小批量测试前100个subaction/experiments/E3/pipeline_outputs/subaction_74_P01_109_74/frame_012206_left/diagnostics/problem3_ref_full_overlay.png,outputs/数据处理小批量测试前100个subaction/experiments/E3/pipeline_outputs/subaction_74_P01_109_74/frame_012206_left/diagnostics/problem3_ref_crop.png
E3,74,P01_109_74,pick up potato slices,12230.0,12231.0,left,9764.0,9765.0,80,6,-18.188640776699028,outputs/数据处理小批量测试前100个subaction/experiments/E3/pipeline_outputs/subaction_74_P01_109_74/frame_012230_left,outputs/数据处理小批量测试前100个subaction/experiments/E3/pipeline_outputs/subaction_74_P01_109_74/frame_012230_left/reference_frame.png,outputs/数据处理小批量测试前100个subaction/experiments/E3/pipeline_outputs/subaction_74_P01_109_74/frame_012230_left/label_heatmap_merged.png,outputs/数据处理小批量测试前100个subaction/experiments/E3/pipeline_outputs/subaction_74_P01_109_74/frame_012230_left/label_heatmap_merged_overlay.png,outputs/数据处理小批量测试前100个subaction/experiments/E3/pipeline_outputs/subaction_74_P01_109_74/frame_012230_left/vrb_style_affordance.png,outputs/数据处理小批量测试前100个subaction/experiments/E3/pipeline_outputs/subaction_74_P01_109_74/frame_012230_left/diagnostics/problem3_ref_full_overlay.png,outputs/数据处理小批量测试前100个subaction/experiments/E3/pipeline_outputs/subaction_74_P01_109_74/frame_012230_left/diagnostics/problem3_ref_crop.png
E3,74,P01_109_74,pick up potato slices,12246.0,12247.0,right,9764.0,9765.0,94,6,-18.068640776699027,outputs/数据处理小批量测试前100个subaction/experiments/E3/pipeline_outputs/subaction_74_P01_109_74/frame_012246_right,outputs/数据处理小批量测试前100个subaction/experiments/E3/pipeline_outputs/subaction_74_P01_109_74/frame_012246_right/reference_frame.png,outputs/数据处理小批量测试前100个subaction/experiments/E3/pipeline_outputs/subaction_74_P01_109_74/frame_012246_right/label_heatmap_merged.png,outputs/数据处理小批量测试前100个subaction/experiments/E3/pipeline_outputs/subaction_74_P01_109_74/frame_012246_right/label_heatmap_merged_overlay.png,outputs/数据处理小批量测试前100个subaction/experiments/E3/pipeline_outputs/subaction_74_P01_109_74/frame_012246_right/vrb_style_affordance.png,outputs/数据处理小批量测试前100个subaction/experiments/E3/pipeline_outputs/subaction_74_P01_109_74/frame_012246_right/diagnostics/problem3_ref_full_overlay.png,outputs/数据处理小批量测试前100个subaction/experiments/E3/pipeline_outputs/subaction_74_P01_109_74/frame_012246_right/diagnostics/problem3_ref_crop.png
E3,74,P01_109_74,pick up potato slices,12262.0,12263.0,right,9764.0,9765.0,67,6,-18.76864077669903,outputs/数据处理小批量测试前100个subaction/experiments/E3/pipeline_outputs/subaction_74_P01_109_74/frame_012262_right,outputs/数据处理小批量测试前100个subaction/experiments/E3/pipeline_outputs/subaction_74_P01_109_74/frame_012262_right/reference_frame.png,outputs/数据处理小批量测试前100个subaction/experiments/E3/pipeline_outputs/subaction_74_P01_109_74/frame_012262_right/label_heatmap_merged.png,outputs/数据处理小批量测试前100个subaction/experiments/E3/pipeline_outputs/subaction_74_P01_109_74/frame_012262_right/label_heatmap_merged_overlay.png,outputs/数据处理小批量测试前100个subaction/experiments/E3/pipeline_outputs/subaction_74_P01_109_74/frame_012262_right/vrb_style_affordance.png,outputs/数据处理小批量测试前100个subaction/experiments/E3/pipeline_outputs/subaction_74_P01_109_74/frame_012262_right/diagnostics/problem3_ref_full_overlay.png,outputs/数据处理小批量测试前100个subaction/experiments/E3/pipeline_outputs/subaction_74_P01_109_74/frame_012262_right/diagnostics/problem3_ref_crop.png
E3,75,P01_109_75,put down potato slices,12275.0,12276.0,left,9764.0,9765.0,161,6,-17.01864077669903,outputs/数据处理小批量测试前100个subaction/experiments/E3/pipeline_outputs/subaction_75_P01_109_75/frame_012275_left,outputs/数据处理小批量测试前100个subaction/experiments/E3/pipeline_outputs/subaction_75_P01_109_75/frame_012275_left/reference_frame.png,outputs/数据处理小批量测试前100个subaction/experiments/E3/pipeline_outputs/subaction_75_P01_109_75/frame_012275_left/label_heatmap_merged.png,outputs/数据处理小批量测试前100个subaction/experiments/E3/pipeline_outputs/subaction_75_P01_109_75/frame_012275_left/label_heatmap_merged_overlay.png,outputs/数据处理小批量测试前100个subaction/experiments/E3/pipeline_outputs/subaction_75_P01_109_75/frame_012275_left/vrb_style_affordance.png,outputs/数据处理小批量测试前100个subaction/experiments/E3/pipeline_outputs/subaction_75_P01_109_75/frame_012275_left/diagnostics/problem3_ref_full_overlay.png,outputs/数据处理小批量测试前100个subaction/experiments/E3/pipeline_outputs/subaction_75_P01_109_75/frame_012275_left/diagnostics/problem3_ref_crop.png
E3,75,P01_109_75,put down potato slices,12292.0,12293.0,left,9764.0,9765.0,125,6,-17.90864077669903,outputs/数据处理小批量测试前100个subaction/experiments/E3/pipeline_outputs/subaction_75_P01_109_75/frame_012292_left,outputs/数据处理小批量测试前100个subaction/experiments/E3/pipeline_outputs/subaction_75_P01_109_75/frame_012292_left/reference_frame.png,outputs/数据处理小批量测试前100个subaction/experiments/E3/pipeline_outputs/subaction_75_P01_109_75/frame_012292_left/label_heatmap_merged.png,outputs/数据处理小批量测试前100个subaction/experiments/E3/pipeline_outputs/subaction_75_P01_109_75/frame_012292_left/label_heatmap_merged_overlay.png,outputs/数据处理小批量测试前100个subaction/experiments/E3/pipeline_outputs/subaction_75_P01_109_75/frame_012292_left/vrb_style_affordance.png,outputs/数据处理小批量测试前100个subaction/experiments/E3/pipeline_outputs/subaction_75_P01_109_75/frame_012292_left/diagnostics/problem3_ref_full_overlay.png,outputs/数据处理小批量测试前100个subaction/experiments/E3/pipeline_outputs/subaction_75_P01_109_75/frame_012292_left/diagnostics/problem3_ref_crop.png
E3,75,P01_109_75,put down potato slices,12302.0,12303.0,right,9764.0,9765.0,62,6,-19.26864077669903,outputs/数据处理小批量测试前100个subaction/experiments/E3/pipeline_outputs/subaction_75_P01_109_75/frame_012302_right,outputs/数据处理小批量测试前100个subaction/experiments/E3/pipeline_outputs/subaction_75_P01_109_75/frame_012302_right/reference_frame.png,outputs/数据处理小批量测试前100个subaction/experiments/E3/pipeline_outputs/subaction_75_P01_109_75/frame_012302_right/label_heatmap_merged.png,outputs/数据处理小批量测试前100个subaction/experiments/E3/pipeline_outputs/subaction_75_P01_109_75/frame_012302_right/label_heatmap_merged_overlay.png,outputs/数据处理小批量测试前100个subaction/experiments/E3/pipeline_outputs/subaction_75_P01_109_75/frame_012302_right/vrb_style_affordance.png,outputs/数据处理小批量测试前100个subaction/experiments/E3/pipeline_outputs/subaction_75_P01_109_75/frame_012302_right/diagnostics/problem3_ref_full_overlay.png,outputs/数据处理小批量测试前100个subaction/experiments/E3/pipeline_outputs/subaction_75_P01_109_75/frame_012302_right/diagnostics/problem3_ref_crop.png
E3,75,P01_109_75,put down potato slices,12328.0,12329.0,right,9764.0,9765.0,141,6,-17.94864077669903,outputs/数据处理小批量测试前100个subaction/experiments/E3/pipeline_outputs/subaction_75_P01_109_75/frame_012328_right,outputs/数据处理小批量测试前100个subaction/experiments/E3/pipeline_outputs/subaction_75_P01_109_75/frame_012328_right/reference_frame.png,outputs/数据处理小批量测试前100个subaction/experiments/E3/pipeline_outputs/subaction_75_P01_109_75/frame_012328_right/label_heatmap_merged.png,outputs/数据处理小批量测试前100个subaction/experiments/E3/pipeline_outputs/subaction_75_P01_109_75/frame_012328_right/label_heatmap_merged_overlay.png,outputs/数据处理小批量测试前100个subaction/experiments/E3/pipeline_outputs/subaction_75_P01_109_75/frame_012328_right/vrb_style_affordance.png,outputs/数据处理小批量测试前100个subaction/experiments/E3/pipeline_outputs/subaction_75_P01_109_75/frame_012328_right/diagnostics/problem3_ref_full_overlay.png,outputs/数据处理小批量测试前100个subaction/experiments/E3/pipeline_outputs/subaction_75_P01_109_75/frame_012328_right/diagnostics/problem3_ref_crop.png
E3,76,P01_109_76,pick up potato slice,12325.0,12326.0,right,9764.0,9765.0,19,6,-20.358640776699023,outputs/数据处理小批量测试前100个subaction/experiments/E3/pipeline_outputs/subaction_76_P01_109_76/frame_012325_right,outputs/数据处理小批量测试前100个subaction/experiments/E3/pipeline_outputs/subaction_76_P01_109_76/frame_012325_right/reference_frame.png,outputs/数据处理小批量测试前100个subaction/experiments/E3/pipeline_outputs/subaction_76_P01_109_76/frame_012325_right/label_heatmap_merged.png,outputs/数据处理小批量测试前100个subaction/experiments/E3/pipeline_outputs/subaction_76_P01_109_76/frame_012325_right/label_heatmap_merged_overlay.png,outputs/数据处理小批量测试前100个subaction/experiments/E3/pipeline_outputs/subaction_76_P01_109_76/frame_012325_right/vrb_style_affordance.png,outputs/数据处理小批量测试前100个subaction/experiments/E3/pipeline_outputs/subaction_76_P01_109_76/frame_012325_right/diagnostics/problem3_ref_full_overlay.png,outputs/数据处理小批量测试前100个subaction/experiments/E3/pipeline_outputs/subaction_76_P01_109_76/frame_012325_right/diagnostics/problem3_ref_crop.png
E3,76,P01_109_76,pick up potato slice,12352.0,12353.0,left,9764.0,9765.0,131,6,-18.388640776699027,outputs/数据处理小批量测试前100个subaction/experiments/E3/pipeline_outputs/subaction_76_P01_109_76/frame_012352_left,outputs/数据处理小批量测试前100个subaction/experiments/E3/pipeline_outputs/subaction_76_P01_109_76/frame_012352_left/reference_frame.png,outputs/数据处理小批量测试前100个subaction/experiments/E3/pipeline_outputs/subaction_76_P01_109_76/frame_012352_left/label_heatmap_merged.png,outputs/数据处理小批量测试前100个subaction/experiments/E3/pipeline_outputs/subaction_76_P01_109_76/frame_012352_left/label_heatmap_merged_overlay.png,outputs/数据处理小批量测试前100个subaction/experiments/E3/pipeline_outputs/subaction_76_P01_109_76/frame_012352_left/vrb_style_affordance.png,outputs/数据处理小批量测试前100个subaction/experiments/E3/pipeline_outputs/subaction_76_P01_109_76/frame_012352_left/diagnostics/problem3_ref_full_overlay.png,outputs/数据处理小批量测试前100个subaction/experiments/E3/pipeline_outputs/subaction_76_P01_109_76/frame_012352_left/diagnostics/problem3_ref_crop.png
E3,76,P01_109_76,pick up potato slice,12390.0,12391.0,right,9764.0,9765.0,67,6,-20.04864077669903,outputs/数据处理小批量测试前100个subaction/experiments/E3/pipeline_outputs/subaction_76_P01_109_76/frame_012390_right,outputs/数据处理小批量测试前100个subaction/experiments/E3/pipeline_outputs/subaction_76_P01_109_76/frame_012390_right/reference_frame.png,outputs/数据处理小批量测试前100个subaction/experiments/E3/pipeline_outputs/subaction_76_P01_109_76/frame_012390_right/label_heatmap_merged.png,outputs/数据处理小批量测试前100个subaction/experiments/E3/pipeline_outputs/subaction_76_P01_109_76/frame_012390_right/label_heatmap_merged_overlay.png,outputs/数据处理小批量测试前100个subaction/experiments/E3/pipeline_outputs/subaction_76_P01_109_76/frame_012390_right/vrb_style_affordance.png,outputs/数据处理小批量测试前100个subaction/experiments/E3/pipeline_outputs/subaction_76_P01_109_76/frame_012390_right/diagnostics/problem3_ref_full_overlay.png,outputs/数据处理小批量测试前100个subaction/experiments/E3/pipeline_outputs/subaction_76_P01_109_76/frame_012390_right/diagnostics/problem3_ref_crop.png
E3,77,P01_109_78,pick up potato slice,12335.0,12336.0,left,9764.0,9765.0,48,6,-19.87864077669903,outputs/数据处理小批量测试前100个subaction/experiments/E3/pipeline_outputs/subaction_77_P01_109_78/frame_012335_left,outputs/数据处理小批量测试前100个subaction/experiments/E3/pipeline_outputs/subaction_77_P01_109_78/frame_012335_left/reference_frame.png,outputs/数据处理小批量测试前100个subaction/experiments/E3/pipeline_outputs/subaction_77_P01_109_78/frame_012335_left/label_heatmap_merged.png,outputs/数据处理小批量测试前100个subaction/experiments/E3/pipeline_outputs/subaction_77_P01_109_78/frame_012335_left/label_heatmap_merged_overlay.png,outputs/数据处理小批量测试前100个subaction/experiments/E3/pipeline_outputs/subaction_77_P01_109_78/frame_012335_left/vrb_style_affordance.png,outputs/数据处理小批量测试前100个subaction/experiments/E3/pipeline_outputs/subaction_77_P01_109_78/frame_012335_left/diagnostics/problem3_ref_full_overlay.png,outputs/数据处理小批量测试前100个subaction/experiments/E3/pipeline_outputs/subaction_77_P01_109_78/frame_012335_left/diagnostics/problem3_ref_crop.png
E3,77,P01_109_78,pick up potato slice,12367.0,12368.0,left,9764.0,9765.0,142,6,-18.31864077669903,outputs/数据处理小批量测试前100个subaction/experiments/E3/pipeline_outputs/subaction_77_P01_109_78/frame_012367_left,outputs/数据处理小批量测试前100个subaction/experiments/E3/pipeline_outputs/subaction_77_P01_109_78/frame_012367_left/reference_frame.png,outputs/数据处理小批量测试前100个subaction/experiments/E3/pipeline_outputs/subaction_77_P01_109_78/frame_012367_left/label_heatmap_merged.png,outputs/数据处理小批量测试前100个subaction/experiments/E3/pipeline_outputs/subaction_77_P01_109_78/frame_012367_left/label_heatmap_merged_overlay.png,outputs/数据处理小批量测试前100个subaction/experiments/E3/pipeline_outputs/subaction_77_P01_109_78/frame_012367_left/vrb_style_affordance.png,outputs/数据处理小批量测试前100个subaction/experiments/E3/pipeline_outputs/subaction_77_P01_109_78/frame_012367_left/diagnostics/problem3_ref_full_overlay.png,outputs/数据处理小批量测试前100个subaction/experiments/E3/pipeline_outputs/subaction_77_P01_109_78/frame_012367_left/diagnostics/problem3_ref_crop.png
E3,77,P01_109_78,pick up potato slice,12389.0,12390.0,right,9764.0,9765.0,66,6,-20.05864077669903,outputs/数据处理小批量测试前100个subaction/experiments/E3/pipeline_outputs/subaction_77_P01_109_78/frame_012389_right,outputs/数据处理小批量测试前100个subaction/experiments/E3/pipeline_outputs/subaction_77_P01_109_78/frame_012389_right/reference_frame.png,outputs/数据处理小批量测试前100个subaction/experiments/E3/pipeline_outputs/subaction_77_P01_109_78/frame_012389_right/label_heatmap_merged.png,outputs/数据处理小批量测试前100个subaction/experiments/E3/pipeline_outputs/subaction_77_P01_109_78/frame_012389_right/label_heatmap_merged_overlay.png,outputs/数据处理小批量测试前100个subaction/experiments/E3/pipeline_outputs/subaction_77_P01_109_78/frame_012389_right/vrb_style_affordance.png,outputs/数据处理小批量测试前100个subaction/experiments/E3/pipeline_outputs/subaction_77_P01_109_78/frame_012389_right/diagnostics/problem3_ref_full_overlay.png,outputs/数据处理小批量测试前100个subaction/experiments/E3/pipeline_outputs/subaction_77_P01_109_78/frame_012389_right/diagnostics/problem3_ref_crop.png
E3,78,P01_109_79,put down potato slice,12388.0,12389.0,right,9764.0,9765.0,77,6,-19.828640776699032,outputs/数据处理小批量测试前100个subaction/experiments/E3/pipeline_outputs/subaction_78_P01_109_79/frame_012388_right,outputs/数据处理小批量测试前100个subaction/experiments/E3/pipeline_outputs/subaction_78_P01_109_79/frame_012388_right/reference_frame.png,outputs/数据处理小批量测试前100个subaction/experiments/E3/pipeline_outputs/subaction_78_P01_109_79/frame_012388_right/label_heatmap_merged.png,outputs/数据处理小批量测试前100个subaction/experiments/E3/pipeline_outputs/subaction_78_P01_109_79/frame_012388_right/label_heatmap_merged_overlay.png,outputs/数据处理小批量测试前100个subaction/experiments/E3/pipeline_outputs/subaction_78_P01_109_79/frame_012388_right/vrb_style_affordance.png,outputs/数据处理小批量测试前100个subaction/experiments/E3/pipeline_outputs/subaction_78_P01_109_79/frame_012388_right/diagnostics/problem3_ref_full_overlay.png,outputs/数据处理小批量测试前100个subaction/experiments/E3/pipeline_outputs/subaction_78_P01_109_79/frame_012388_right/diagnostics/problem3_ref_crop.png
E3,78,P01_109_79,put down potato slice,12392.0,12393.0,right,9764.0,9765.0,98,6,-19.44864077669903,outputs/数据处理小批量测试前100个subaction/experiments/E3/pipeline_outputs/subaction_78_P01_109_79/frame_012392_right,outputs/数据处理小批量测试前100个subaction/experiments/E3/pipeline_outputs/subaction_78_P01_109_79/frame_012392_right/reference_frame.png,outputs/数据处理小批量测试前100个subaction/experiments/E3/pipeline_outputs/subaction_78_P01_109_79/frame_012392_right/label_heatmap_merged.png,outputs/数据处理小批量测试前100个subaction/experiments/E3/pipeline_outputs/subaction_78_P01_109_79/frame_012392_right/label_heatmap_merged_overlay.png,outputs/数据处理小批量测试前100个subaction/experiments/E3/pipeline_outputs/subaction_78_P01_109_79/frame_012392_right/vrb_style_affordance.png,outputs/数据处理小批量测试前100个subaction/experiments/E3/pipeline_outputs/subaction_78_P01_109_79/frame_012392_right/diagnostics/problem3_ref_full_overlay.png,outputs/数据处理小批量测试前100个subaction/experiments/E3/pipeline_outputs/subaction_78_P01_109_79/frame_012392_right/diagnostics/problem3_ref_crop.png
E3,78,P01_109_79,put down potato slice,12399.0,12400.0,right,9764.0,9765.0,109,6,-19.29864077669903,outputs/数据处理小批量测试前100个subaction/experiments/E3/pipeline_outputs/subaction_78_P01_109_79/frame_012399_right,outputs/数据处理小批量测试前100个subaction/experiments/E3/pipeline_outputs/subaction_78_P01_109_79/frame_012399_right/reference_frame.png,outputs/数据处理小批量测试前100个subaction/experiments/E3/pipeline_outputs/subaction_78_P01_109_79/frame_012399_right/label_heatmap_merged.png,outputs/数据处理小批量测试前100个subaction/experiments/E3/pipeline_outputs/subaction_78_P01_109_79/frame_012399_right/label_heatmap_merged_overlay.png,outputs/数据处理小批量测试前100个subaction/experiments/E3/pipeline_outputs/subaction_78_P01_109_79/frame_012399_right/vrb_style_affordance.png,outputs/数据处理小批量测试前100个subaction/experiments/E3/pipeline_outputs/subaction_78_P01_109_79/frame_012399_right/diagnostics/problem3_ref_full_overlay.png,outputs/数据处理小批量测试前100个subaction/experiments/E3/pipeline_outputs/subaction_78_P01_109_79/frame_012399_right/diagnostics/problem3_ref_crop.png
E3,78,P01_109_79,put down potato slice,12403.0,12404.0,right,9764.0,9765.0,190,6,-17.71864077669903,outputs/数据处理小批量测试前100个subaction/experiments/E3/pipeline_outputs/subaction_78_P01_109_79/frame_012403_right,outputs/数据处理小批量测试前100个subaction/experiments/E3/pipeline_outputs/subaction_78_P01_109_79/frame_012403_right/reference_frame.png,outputs/数据处理小批量测试前100个subaction/experiments/E3/pipeline_outputs/subaction_78_P01_109_79/frame_012403_right/label_heatmap_merged.png,outputs/数据处理小批量测试前100个subaction/experiments/E3/pipeline_outputs/subaction_78_P01_109_79/frame_012403_right/label_heatmap_merged_overlay.png,outputs/数据处理小批量测试前100个subaction/experiments/E3/pipeline_outputs/subaction_78_P01_109_79/frame_012403_right/vrb_style_affordance.png,outputs/数据处理小批量测试前100个subaction/experiments/E3/pipeline_outputs/subaction_78_P01_109_79/frame_012403_right/diagnostics/problem3_ref_full_overlay.png,outputs/数据处理小批量测试前100个subaction/experiments/E3/pipeline_outputs/subaction_78_P01_109_79/frame_012403_right/diagnostics/problem3_ref_crop.png
E3,79,P01_109_77,put down potato slice,12389.0,12390.0,right,9764.0,9765.0,66,6,-20.05864077669903,outputs/数据处理小批量测试前100个subaction/experiments/E3/pipeline_outputs/subaction_79_P01_109_77/frame_012389_right,outputs/数据处理小批量测试前100个subaction/experiments/E3/pipeline_outputs/subaction_79_P01_109_77/frame_012389_right/reference_frame.png,outputs/数据处理小批量测试前100个subaction/experiments/E3/pipeline_outputs/subaction_79_P01_109_77/frame_012389_right/label_heatmap_merged.png,outputs/数据处理小批量测试前100个subaction/experiments/E3/pipeline_outputs/subaction_79_P01_109_77/frame_012389_right/label_heatmap_merged_overlay.png,outputs/数据处理小批量测试前100个subaction/experiments/E3/pipeline_outputs/subaction_79_P01_109_77/frame_012389_right/vrb_style_affordance.png,outputs/数据处理小批量测试前100个subaction/experiments/E3/pipeline_outputs/subaction_79_P01_109_77/frame_012389_right/diagnostics/problem3_ref_full_overlay.png,outputs/数据处理小批量测试前100个subaction/experiments/E3/pipeline_outputs/subaction_79_P01_109_77/frame_012389_right/diagnostics/problem3_ref_crop.png
E3,79,P01_109_77,put down potato slice,12394.0,12395.0,right,9764.0,9765.0,163,6,-18.16864077669903,outputs/数据处理小批量测试前100个subaction/experiments/E3/pipeline_outputs/subaction_79_P01_109_77/frame_012394_right,outputs/数据处理小批量测试前100个subaction/experiments/E3/pipeline_outputs/subaction_79_P01_109_77/frame_012394_right/reference_frame.png,outputs/数据处理小批量测试前100个subaction/experiments/E3/pipeline_outputs/subaction_79_P01_109_77/frame_012394_right/label_heatmap_merged.png,outputs/数据处理小批量测试前100个subaction/experiments/E3/pipeline_outputs/subaction_79_P01_109_77/frame_012394_right/label_heatmap_merged_overlay.png,outputs/数据处理小批量测试前100个subaction/experiments/E3/pipeline_outputs/subaction_79_P01_109_77/frame_012394_right/vrb_style_affordance.png,outputs/数据处理小批量测试前100个subaction/experiments/E3/pipeline_outputs/subaction_79_P01_109_77/frame_012394_right/diagnostics/problem3_ref_full_overlay.png,outputs/数据处理小批量测试前100个subaction/experiments/E3/pipeline_outputs/subaction_79_P01_109_77/frame_012394_right/diagnostics/problem3_ref_crop.png
E3,79,P01_109_77,put down potato slice,12399.0,12400.0,right,9764.0,9765.0,109,6,-19.29864077669903,outputs/数据处理小批量测试前100个subaction/experiments/E3/pipeline_outputs/subaction_79_P01_109_77/frame_012399_right,outputs/数据处理小批量测试前100个subaction/experiments/E3/pipeline_outputs/subaction_79_P01_109_77/frame_012399_right/reference_frame.png,outputs/数据处理小批量测试前100个subaction/experiments/E3/pipeline_outputs/subaction_79_P01_109_77/frame_012399_right/label_heatmap_merged.png,outputs/数据处理小批量测试前100个subaction/experiments/E3/pipeline_outputs/subaction_79_P01_109_77/frame_012399_right/label_heatmap_merged_overlay.png,outputs/数据处理小批量测试前100个subaction/experiments/E3/pipeline_outputs/subaction_79_P01_109_77/frame_012399_right/vrb_style_affordance.png,outputs/数据处理小批量测试前100个subaction/experiments/E3/pipeline_outputs/subaction_79_P01_109_77/frame_012399_right/diagnostics/problem3_ref_full_overlay.png,outputs/数据处理小批量测试前100个subaction/experiments/E3/pipeline_outputs/subaction_79_P01_109_77/frame_012399_right/diagnostics/problem3_ref_crop.png
E3,79,P01_109_77,put down potato slice,12416.0,12417.0,left,9764.0,9765.0,145,6,-18.748640776699027,outputs/数据处理小批量测试前100个subaction/experiments/E3/pipeline_outputs/subaction_79_P01_109_77/frame_012416_left,outputs/数据处理小批量测试前100个subaction/experiments/E3/pipeline_outputs/subaction_79_P01_109_77/frame_012416_left/reference_frame.png,outputs/数据处理小批量测试前100个subaction/experiments/E3/pipeline_outputs/subaction_79_P01_109_77/frame_012416_left/label_heatmap_merged.png,outputs/数据处理小批量测试前100个subaction/experiments/E3/pipeline_outputs/subaction_79_P01_109_77/frame_012416_left/label_heatmap_merged_overlay.png,outputs/数据处理小批量测试前100个subaction/experiments/E3/pipeline_outputs/subaction_79_P01_109_77/frame_012416_left/vrb_style_affordance.png,outputs/数据处理小批量测试前100个subaction/experiments/E3/pipeline_outputs/subaction_79_P01_109_77/frame_012416_left/diagnostics/problem3_ref_full_overlay.png,outputs/数据处理小批量测试前100个subaction/experiments/E3/pipeline_outputs/subaction_79_P01_109_77/frame_012416_left/diagnostics/problem3_ref_crop.png
E3,80,P01_109_80,pick up potato slices,12415.0,12416.0,left,9764.0,9765.0,126,6,-19.11864077669903,outputs/数据处理小批量测试前100个subaction/experiments/E3/pipeline_outputs/subaction_80_P01_109_80/frame_012415_left,outputs/数据处理小批量测试前100个subaction/experiments/E3/pipeline_outputs/subaction_80_P01_109_80/frame_012415_left/reference_frame.png,outputs/数据处理小批量测试前100个subaction/experiments/E3/pipeline_outputs/subaction_80_P01_109_80/frame_012415_left/label_heatmap_merged.png,outputs/数据处理小批量测试前100个subaction/experiments/E3/pipeline_outputs/subaction_80_P01_109_80/frame_012415_left/label_heatmap_merged_overlay.png,outputs/数据处理小批量测试前100个subaction/experiments/E3/pipeline_outputs/subaction_80_P01_109_80/frame_012415_left/vrb_style_affordance.png,outputs/数据处理小批量测试前100个subaction/experiments/E3/pipeline_outputs/subaction_80_P01_109_80/frame_012415_left/diagnostics/problem3_ref_full_overlay.png,outputs/数据处理小批量测试前100个subaction/experiments/E3/pipeline_outputs/subaction_80_P01_109_80/frame_012415_left/diagnostics/problem3_ref_crop.png
E3,80,P01_109_80,pick up potato slices,12426.0,12427.0,left,9764.0,9765.0,158,6,-18.58864077669903,outputs/数据处理小批量测试前100个subaction/experiments/E3/pipeline_outputs/subaction_80_P01_109_80/frame_012426_left,outputs/数据处理小批量测试前100个subaction/experiments/E3/pipeline_outputs/subaction_80_P01_109_80/frame_012426_left/reference_frame.png,outputs/数据处理小批量测试前100个subaction/experiments/E3/pipeline_outputs/subaction_80_P01_109_80/frame_012426_left/label_heatmap_merged.png,outputs/数据处理小批量测试前100个subaction/experiments/E3/pipeline_outputs/subaction_80_P01_109_80/frame_012426_left/label_heatmap_merged_overlay.png,outputs/数据处理小批量测试前100个subaction/experiments/E3/pipeline_outputs/subaction_80_P01_109_80/frame_012426_left/vrb_style_affordance.png,outputs/数据处理小批量测试前100个subaction/experiments/E3/pipeline_outputs/subaction_80_P01_109_80/frame_012426_left/diagnostics/problem3_ref_full_overlay.png,outputs/数据处理小批量测试前100个subaction/experiments/E3/pipeline_outputs/subaction_80_P01_109_80/frame_012426_left/diagnostics/problem3_ref_crop.png
E3,80,P01_109_80,pick up potato slices,12437.0,12438.0,right,9764.0,9765.0,110,6,-19.65864077669903,outputs/数据处理小批量测试前100个subaction/experiments/E3/pipeline_outputs/subaction_80_P01_109_80/frame_012437_right,outputs/数据处理小批量测试前100个subaction/experiments/E3/pipeline_outputs/subaction_80_P01_109_80/frame_012437_right/reference_frame.png,outputs/数据处理小批量测试前100个subaction/experiments/E3/pipeline_outputs/subaction_80_P01_109_80/frame_012437_right/label_heatmap_merged.png,outputs/数据处理小批量测试前100个subaction/experiments/E3/pipeline_outputs/subaction_80_P01_109_80/frame_012437_right/label_heatmap_merged_overlay.png,outputs/数据处理小批量测试前100个subaction/experiments/E3/pipeline_outputs/subaction_80_P01_109_80/frame_012437_right/vrb_style_affordance.png,outputs/数据处理小批量测试前100个subaction/experiments/E3/pipeline_outputs/subaction_80_P01_109_80/frame_012437_right/diagnostics/problem3_ref_full_overlay.png,outputs/数据处理小批量测试前100个subaction/experiments/E3/pipeline_outputs/subaction_80_P01_109_80/frame_012437_right/diagnostics/problem3_ref_crop.png
E3,80,P01_109_80,pick up potato slices,12444.0,12445.0,right,9764.0,9765.0,46,6,-21.008640776699032,outputs/数据处理小批量测试前100个subaction/experiments/E3/pipeline_outputs/subaction_80_P01_109_80/frame_012444_right,outputs/数据处理小批量测试前100个subaction/experiments/E3/pipeline_outputs/subaction_80_P01_109_80/frame_012444_right/reference_frame.png,outputs/数据处理小批量测试前100个subaction/experiments/E3/pipeline_outputs/subaction_80_P01_109_80/frame_012444_right/label_heatmap_merged.png,outputs/数据处理小批量测试前100个subaction/experiments/E3/pipeline_outputs/subaction_80_P01_109_80/frame_012444_right/label_heatmap_merged_overlay.png,outputs/数据处理小批量测试前100个subaction/experiments/E3/pipeline_outputs/subaction_80_P01_109_80/frame_012444_right/vrb_style_affordance.png,outputs/数据处理小批量测试前100个subaction/experiments/E3/pipeline_outputs/subaction_80_P01_109_80/frame_012444_right/diagnostics/problem3_ref_full_overlay.png,outputs/数据处理小批量测试前100个subaction/experiments/E3/pipeline_outputs/subaction_80_P01_109_80/frame_012444_right/diagnostics/problem3_ref_crop.png
E3,80,P01_109_80,pick up potato slices,12454.0,12455.0,right,9764.0,9765.0,90,6,-20.22864077669903,outputs/数据处理小批量测试前100个subaction/experiments/E3/pipeline_outputs/subaction_80_P01_109_80/frame_012454_right,outputs/数据处理小批量测试前100个subaction/experiments/E3/pipeline_outputs/subaction_80_P01_109_80/frame_012454_right/reference_frame.png,outputs/数据处理小批量测试前100个subaction/experiments/E3/pipeline_outputs/subaction_80_P01_109_80/frame_012454_right/label_heatmap_merged.png,outputs/数据处理小批量测试前100个subaction/experiments/E3/pipeline_outputs/subaction_80_P01_109_80/frame_012454_right/label_heatmap_merged_overlay.png,outputs/数据处理小批量测试前100个subaction/experiments/E3/pipeline_outputs/subaction_80_P01_109_80/frame_012454_right/vrb_style_affordance.png,outputs/数据处理小批量测试前100个subaction/experiments/E3/pipeline_outputs/subaction_80_P01_109_80/frame_012454_right/diagnostics/problem3_ref_full_overlay.png,outputs/数据处理小批量测试前100个subaction/experiments/E3/pipeline_outputs/subaction_80_P01_109_80/frame_012454_right/diagnostics/problem3_ref_crop.png
E3,81,P01_109_81,put down potato slices,12457.0,12458.0,right,9764.0,9765.0,64,6,-20.778640776699028,outputs/数据处理小批量测试前100个subaction/experiments/E3/pipeline_outputs/subaction_81_P01_109_81/frame_012457_right,outputs/数据处理小批量测试前100个subaction/experiments/E3/pipeline_outputs/subaction_81_P01_109_81/frame_012457_right/reference_frame.png,outputs/数据处理小批量测试前100个subaction/experiments/E3/pipeline_outputs/subaction_81_P01_109_81/frame_012457_right/label_heatmap_merged.png,outputs/数据处理小批量测试前100个subaction/experiments/E3/pipeline_outputs/subaction_81_P01_109_81/frame_012457_right/label_heatmap_merged_overlay.png,outputs/数据处理小批量测试前100个subaction/experiments/E3/pipeline_outputs/subaction_81_P01_109_81/frame_012457_right/vrb_style_affordance.png,outputs/数据处理小批量测试前100个subaction/experiments/E3/pipeline_outputs/subaction_81_P01_109_81/frame_012457_right/diagnostics/problem3_ref_full_overlay.png,outputs/数据处理小批量测试前100个subaction/experiments/E3/pipeline_outputs/subaction_81_P01_109_81/frame_012457_right/diagnostics/problem3_ref_crop.png
E3,81,P01_109_81,put down potato slices,12461.0,12462.0,right,9764.0,9765.0,146,6,-19.178640776699027,outputs/数据处理小批量测试前100个subaction/experiments/E3/pipeline_outputs/subaction_81_P01_109_81/frame_012461_right,outputs/数据处理小批量测试前100个subaction/experiments/E3/pipeline_outputs/subaction_81_P01_109_81/frame_012461_right/reference_frame.png,outputs/数据处理小批量测试前100个subaction/experiments/E3/pipeline_outputs/subaction_81_P01_109_81/frame_012461_right/label_heatmap_merged.png,outputs/数据处理小批量测试前100个subaction/experiments/E3/pipeline_outputs/subaction_81_P01_109_81/frame_012461_right/label_heatmap_merged_overlay.png,outputs/数据处理小批量测试前100个subaction/experiments/E3/pipeline_outputs/subaction_81_P01_109_81/frame_012461_right/vrb_style_affordance.png,outputs/数据处理小批量测试前100个subaction/experiments/E3/pipeline_outputs/subaction_81_P01_109_81/frame_012461_right/diagnostics/problem3_ref_full_overlay.png,outputs/数据处理小批量测试前100个subaction/experiments/E3/pipeline_outputs/subaction_81_P01_109_81/frame_012461_right/diagnostics/problem3_ref_crop.png
E3,81,P01_109_81,put down potato slices,12468.0,12469.0,right,9764.0,9765.0,108,6,-20.00864077669903,outputs/数据处理小批量测试前100个subaction/experiments/E3/pipeline_outputs/subaction_81_P01_109_81/frame_012468_right,outputs/数据处理小批量测试前100个subaction/experiments/E3/pipeline_outputs/subaction_81_P01_109_81/frame_012468_right/reference_frame.png,outputs/数据处理小批量测试前100个subaction/experiments/E3/pipeline_outputs/subaction_81_P01_109_81/frame_012468_right/label_heatmap_merged.png,outputs/数据处理小批量测试前100个subaction/experiments/E3/pipeline_outputs/subaction_81_P01_109_81/frame_012468_right/label_heatmap_merged_overlay.png,outputs/数据处理小批量测试前100个subaction/experiments/E3/pipeline_outputs/subaction_81_P01_109_81/frame_012468_right/vrb_style_affordance.png,outputs/数据处理小批量测试前100个subaction/experiments/E3/pipeline_outputs/subaction_81_P01_109_81/frame_012468_right/diagnostics/problem3_ref_full_overlay.png,outputs/数据处理小批量测试前100个subaction/experiments/E3/pipeline_outputs/subaction_81_P01_109_81/frame_012468_right/diagnostics/problem3_ref_crop.png
E3,81,P01_109_81,put down potato slices,12472.0,12473.0,right,9764.0,9765.0,183,6,-18.54864077669903,outputs/数据处理小批量测试前100个subaction/experiments/E3/pipeline_outputs/subaction_81_P01_109_81/frame_012472_right,outputs/数据处理小批量测试前100个subaction/experiments/E3/pipeline_outputs/subaction_81_P01_109_81/frame_012472_right/reference_frame.png,outputs/数据处理小批量测试前100个subaction/experiments/E3/pipeline_outputs/subaction_81_P01_109_81/frame_012472_right/label_heatmap_merged.png,outputs/数据处理小批量测试前100个subaction/experiments/E3/pipeline_outputs/subaction_81_P01_109_81/frame_012472_right/label_heatmap_merged_overlay.png,outputs/数据处理小批量测试前100个subaction/experiments/E3/pipeline_outputs/subaction_81_P01_109_81/frame_012472_right/vrb_style_affordance.png,outputs/数据处理小批量测试前100个subaction/experiments/E3/pipeline_outputs/subaction_81_P01_109_81/frame_012472_right/diagnostics/problem3_ref_full_overlay.png,outputs/数据处理小批量测试前100个subaction/experiments/E3/pipeline_outputs/subaction_81_P01_109_81/frame_012472_right/diagnostics/problem3_ref_crop.png
E3,81,P01_109_81,put down potato slices,12476.0,12477.0,right,9764.0,9765.0,105,6,-20.14864077669903,outputs/数据处理小批量测试前100个subaction/experiments/E3/pipeline_outputs/subaction_81_P01_109_81/frame_012476_right,outputs/数据处理小批量测试前100个subaction/experiments/E3/pipeline_outputs/subaction_81_P01_109_81/frame_012476_right/reference_frame.png,outputs/数据处理小批量测试前100个subaction/experiments/E3/pipeline_outputs/subaction_81_P01_109_81/frame_012476_right/label_heatmap_merged.png,outputs/数据处理小批量测试前100个subaction/experiments/E3/pipeline_outputs/subaction_81_P01_109_81/frame_012476_right/label_heatmap_merged_overlay.png,outputs/数据处理小批量测试前100个subaction/experiments/E3/pipeline_outputs/subaction_81_P01_109_81/frame_012476_right/vrb_style_affordance.png,outputs/数据处理小批量测试前100个subaction/experiments/E3/pipeline_outputs/subaction_81_P01_109_81/frame_012476_right/diagnostics/problem3_ref_full_overlay.png,outputs/数据处理小批量测试前100个subaction/experiments/E3/pipeline_outputs/subaction_81_P01_109_81/frame_012476_right/diagnostics/problem3_ref_crop.png
E3,82,P01_109_82,pick up potato slice,12483.0,12484.0,left,9764.0,9765.0,147,6,-19.37864077669903,outputs/数据处理小批量测试前100个subaction/experiments/E3/pipeline_outputs/subaction_82_P01_109_82/frame_012483_left,outputs/数据处理小批量测试前100个subaction/experiments/E3/pipeline_outputs/subaction_82_P01_109_82/frame_012483_left/reference_frame.png,outputs/数据处理小批量测试前100个subaction/experiments/E3/pipeline_outputs/subaction_82_P01_109_82/frame_012483_left/label_heatmap_merged.png,outputs/数据处理小批量测试前100个subaction/experiments/E3/pipeline_outputs/subaction_82_P01_109_82/frame_012483_left/label_heatmap_merged_overlay.png,outputs/数据处理小批量测试前100个subaction/experiments/E3/pipeline_outputs/subaction_82_P01_109_82/frame_012483_left/vrb_style_affordance.png,outputs/数据处理小批量测试前100个subaction/experiments/E3/pipeline_outputs/subaction_82_P01_109_82/frame_012483_left/diagnostics/problem3_ref_full_overlay.png,outputs/数据处理小批量测试前100个subaction/experiments/E3/pipeline_outputs/subaction_82_P01_109_82/frame_012483_left/diagnostics/problem3_ref_crop.png
E3,82,P01_109_82,pick up potato slice,12508.0,12509.0,right,9764.0,9765.0,48,6,-21.60864077669903,outputs/数据处理小批量测试前100个subaction/experiments/E3/pipeline_outputs/subaction_82_P01_109_82/frame_012508_right,outputs/数据处理小批量测试前100个subaction/experiments/E3/pipeline_outputs/subaction_82_P01_109_82/frame_012508_right/reference_frame.png,outputs/数据处理小批量测试前100个subaction/experiments/E3/pipeline_outputs/subaction_82_P01_109_82/frame_012508_right/label_heatmap_merged.png,outputs/数据处理小批量测试前100个subaction/experiments/E3/pipeline_outputs/subaction_82_P01_109_82/frame_012508_right/label_heatmap_merged_overlay.png,outputs/数据处理小批量测试前100个subaction/experiments/E3/pipeline_outputs/subaction_82_P01_109_82/frame_012508_right/vrb_style_affordance.png,outputs/数据处理小批量测试前100个subaction/experiments/E3/pipeline_outputs/subaction_82_P01_109_82/frame_012508_right/diagnostics/problem3_ref_full_overlay.png,outputs/数据处理小批量测试前100个subaction/experiments/E3/pipeline_outputs/subaction_82_P01_109_82/frame_012508_right/diagnostics/problem3_ref_crop.png
E3,82,P01_109_82,pick up potato slice,12526.0,12527.0,left,9764.0,9765.0,76,6,-21.22864077669903,outputs/数据处理小批量测试前100个subaction/experiments/E3/pipeline_outputs/subaction_82_P01_109_82/frame_012526_left,outputs/数据处理小批量测试前100个subaction/experiments/E3/pipeline_outputs/subaction_82_P01_109_82/frame_012526_left/reference_frame.png,outputs/数据处理小批量测试前100个subaction/experiments/E3/pipeline_outputs/subaction_82_P01_109_82/frame_012526_left/label_heatmap_merged.png,outputs/数据处理小批量测试前100个subaction/experiments/E3/pipeline_outputs/subaction_82_P01_109_82/frame_012526_left/label_heatmap_merged_overlay.png,outputs/数据处理小批量测试前100个subaction/experiments/E3/pipeline_outputs/subaction_82_P01_109_82/frame_012526_left/vrb_style_affordance.png,outputs/数据处理小批量测试前100个subaction/experiments/E3/pipeline_outputs/subaction_82_P01_109_82/frame_012526_left/diagnostics/problem3_ref_full_overlay.png,outputs/数据处理小批量测试前100个subaction/experiments/E3/pipeline_outputs/subaction_82_P01_109_82/frame_012526_left/diagnostics/problem3_ref_crop.png
E3,82,P01_109_82,pick up potato slice,12543.0,12544.0,right,9764.0,9765.0,62,6,-21.678640776699027,outputs/数据处理小批量测试前100个subaction/experiments/E3/pipeline_outputs/subaction_82_P01_109_82/frame_012543_right,outputs/数据处理小批量测试前100个subaction/experiments/E3/pipeline_outputs/subaction_82_P01_109_82/frame_012543_right/reference_frame.png,outputs/数据处理小批量测试前100个subaction/experiments/E3/pipeline_outputs/subaction_82_P01_109_82/frame_012543_right/label_heatmap_merged.png,outputs/数据处理小批量测试前100个subaction/experiments/E3/pipeline_outputs/subaction_82_P01_109_82/frame_012543_right/label_heatmap_merged_overlay.png,outputs/数据处理小批量测试前100个subaction/experiments/E3/pipeline_outputs/subaction_82_P01_109_82/frame_012543_right/vrb_style_affordance.png,outputs/数据处理小批量测试前100个subaction/experiments/E3/pipeline_outputs/subaction_82_P01_109_82/frame_012543_right/diagnostics/problem3_ref_full_overlay.png,outputs/数据处理小批量测试前100个subaction/experiments/E3/pipeline_outputs/subaction_82_P01_109_82/frame_012543_right/diagnostics/problem3_ref_crop.png
E3,82,P01_109_82,pick up potato slice,12561.0,12562.0,right,9764.0,9765.0,84,6,-21.41864077669903,outputs/数据处理小批量测试前100个subaction/experiments/E3/pipeline_outputs/subaction_82_P01_109_82/frame_012561_right,outputs/数据处理小批量测试前100个subaction/experiments/E3/pipeline_outputs/subaction_82_P01_109_82/frame_012561_right/reference_frame.png,outputs/数据处理小批量测试前100个subaction/experiments/E3/pipeline_outputs/subaction_82_P01_109_82/frame_012561_right/label_heatmap_merged.png,outputs/数据处理小批量测试前100个subaction/experiments/E3/pipeline_outputs/subaction_82_P01_109_82/frame_012561_right/label_heatmap_merged_overlay.png,outputs/数据处理小批量测试前100个subaction/experiments/E3/pipeline_outputs/subaction_82_P01_109_82/frame_012561_right/vrb_style_affordance.png,outputs/数据处理小批量测试前100个subaction/experiments/E3/pipeline_outputs/subaction_82_P01_109_82/frame_012561_right/diagnostics/problem3_ref_full_overlay.png,outputs/数据处理小批量测试前100个subaction/experiments/E3/pipeline_outputs/subaction_82_P01_109_82/frame_012561_right/diagnostics/problem3_ref_crop.png
E3,83,P01_109_83,put down potato slice,12561.0,12562.0,left,9764.0,9765.0,92,6,-21.25864077669903,outputs/数据处理小批量测试前100个subaction/experiments/E3/pipeline_outputs/subaction_83_P01_109_83/frame_012561_left,outputs/数据处理小批量测试前100个subaction/experiments/E3/pipeline_outputs/subaction_83_P01_109_83/frame_012561_left/reference_frame.png,outputs/数据处理小批量测试前100个subaction/experiments/E3/pipeline_outputs/subaction_83_P01_109_83/frame_012561_left/label_heatmap_merged.png,outputs/数据处理小批量测试前100个subaction/experiments/E3/pipeline_outputs/subaction_83_P01_109_83/frame_012561_left/label_heatmap_merged_overlay.png,outputs/数据处理小批量测试前100个subaction/experiments/E3/pipeline_outputs/subaction_83_P01_109_83/frame_012561_left/vrb_style_affordance.png,outputs/数据处理小批量测试前100个subaction/experiments/E3/pipeline_outputs/subaction_83_P01_109_83/frame_012561_left/diagnostics/problem3_ref_full_overlay.png,outputs/数据处理小批量测试前100个subaction/experiments/E3/pipeline_outputs/subaction_83_P01_109_83/frame_012561_left/diagnostics/problem3_ref_crop.png
E3,83,P01_109_83,put down potato slice,12566.0,12567.0,right,9764.0,9765.0,109,6,-20.96864077669903,outputs/数据处理小批量测试前100个subaction/experiments/E3/pipeline_outputs/subaction_83_P01_109_83/frame_012566_right,outputs/数据处理小批量测试前100个subaction/experiments/E3/pipeline_outputs/subaction_83_P01_109_83/frame_012566_right/reference_frame.png,outputs/数据处理小批量测试前100个subaction/experiments/E3/pipeline_outputs/subaction_83_P01_109_83/frame_012566_right/label_heatmap_merged.png,outputs/数据处理小批量测试前100个subaction/experiments/E3/pipeline_outputs/subaction_83_P01_109_83/frame_012566_right/label_heatmap_merged_overlay.png,outputs/数据处理小批量测试前100个subaction/experiments/E3/pipeline_outputs/subaction_83_P01_109_83/frame_012566_right/vrb_style_affordance.png,outputs/数据处理小批量测试前100个subaction/experiments/E3/pipeline_outputs/subaction_83_P01_109_83/frame_012566_right/diagnostics/problem3_ref_full_overlay.png,outputs/数据处理小批量测试前100个subaction/experiments/E3/pipeline_outputs/subaction_83_P01_109_83/frame_012566_right/diagnostics/problem3_ref_crop.png
E3,83,P01_109_83,put down potato slice,12572.0,12573.0,left,9764.0,9765.0,125,6,-20.70864077669903,outputs/数据处理小批量测试前100个subaction/experiments/E3/pipeline_outputs/subaction_83_P01_109_83/frame_012572_left,outputs/数据处理小批量测试前100个subaction/experiments/E3/pipeline_outputs/subaction_83_P01_109_83/frame_012572_left/reference_frame.png,outputs/数据处理小批量测试前100个subaction/experiments/E3/pipeline_outputs/subaction_83_P01_109_83/frame_012572_left/label_heatmap_merged.png,outputs/数据处理小批量测试前100个subaction/experiments/E3/pipeline_outputs/subaction_83_P01_109_83/frame_012572_left/label_heatmap_merged_overlay.png,outputs/数据处理小批量测试前100个subaction/experiments/E3/pipeline_outputs/subaction_83_P01_109_83/frame_012572_left/vrb_style_affordance.png,outputs/数据处理小批量测试前100个subaction/experiments/E3/pipeline_outputs/subaction_83_P01_109_83/frame_012572_left/diagnostics/problem3_ref_full_overlay.png,outputs/数据处理小批量测试前100个subaction/experiments/E3/pipeline_outputs/subaction_83_P01_109_83/frame_012572_left/diagnostics/problem3_ref_crop.png
E3,83,P01_109_83,put down potato slice,12579.0,12580.0,left,9764.0,9765.0,121,6,-20.858640776699033,outputs/数据处理小批量测试前100个subaction/experiments/E3/pipeline_outputs/subaction_83_P01_109_83/frame_012579_left,outputs/数据处理小批量测试前100个subaction/experiments/E3/pipeline_outputs/subaction_83_P01_109_83/frame_012579_left/reference_frame.png,outputs/数据处理小批量测试前100个subaction/experiments/E3/pipeline_outputs/subaction_83_P01_109_83/frame_012579_left/label_heatmap_merged.png,outputs/数据处理小批量测试前100个subaction/experiments/E3/pipeline_outputs/subaction_83_P01_109_83/frame_012579_left/label_heatmap_merged_overlay.png,outputs/数据处理小批量测试前100个subaction/experiments/E3/pipeline_outputs/subaction_83_P01_109_83/frame_012579_left/vrb_style_affordance.png,outputs/数据处理小批量测试前100个subaction/experiments/E3/pipeline_outputs/subaction_83_P01_109_83/frame_012579_left/diagnostics/problem3_ref_full_overlay.png,outputs/数据处理小批量测试前100个subaction/experiments/E3/pipeline_outputs/subaction_83_P01_109_83/frame_012579_left/diagnostics/problem3_ref_crop.png
E3,84,P01_109_84,pick up potato slice,12634.0,12635.0,right,9764.0,9765.0,107,6,-21.688640776699028,outputs/数据处理小批量测试前100个subaction/experiments/E3/pipeline_outputs/subaction_84_P01_109_84/frame_012634_right,outputs/数据处理小批量测试前100个subaction/experiments/E3/pipeline_outputs/subaction_84_P01_109_84/frame_012634_right/reference_frame.png,outputs/数据处理小批量测试前100个subaction/experiments/E3/pipeline_outputs/subaction_84_P01_109_84/frame_012634_right/label_heatmap_merged.png,outputs/数据处理小批量测试前100个subaction/experiments/E3/pipeline_outputs/subaction_84_P01_109_84/frame_012634_right/label_heatmap_merged_overlay.png,outputs/数据处理小批量测试前100个subaction/experiments/E3/pipeline_outputs/subaction_84_P01_109_84/frame_012634_right/vrb_style_affordance.png,outputs/数据处理小批量测试前100个subaction/experiments/E3/pipeline_outputs/subaction_84_P01_109_84/frame_012634_right/diagnostics/problem3_ref_full_overlay.png,outputs/数据处理小批量测试前100个subaction/experiments/E3/pipeline_outputs/subaction_84_P01_109_84/frame_012634_right/diagnostics/problem3_ref_crop.png
E3,84,P01_109_84,pick up potato slice,12645.0,12646.0,left,9764.0,9765.0,101,6,-21.918640776699032,outputs/数据处理小批量测试前100个subaction/experiments/E3/pipeline_outputs/subaction_84_P01_109_84/frame_012645_left,outputs/数据处理小批量测试前100个subaction/experiments/E3/pipeline_outputs/subaction_84_P01_109_84/frame_012645_left/reference_frame.png,outputs/数据处理小批量测试前100个subaction/experiments/E3/pipeline_outputs/subaction_84_P01_109_84/frame_012645_left/label_heatmap_merged.png,outputs/数据处理小批量测试前100个subaction/experiments/E3/pipeline_outputs/subaction_84_P01_109_84/frame_012645_left/label_heatmap_merged_overlay.png,outputs/数据处理小批量测试前100个subaction/experiments/E3/pipeline_outputs/subaction_84_P01_109_84/frame_012645_left/vrb_style_affordance.png,outputs/数据处理小批量测试前100个subaction/experiments/E3/pipeline_outputs/subaction_84_P01_109_84/frame_012645_left/diagnostics/problem3_ref_full_overlay.png,outputs/数据处理小批量测试前100个subaction/experiments/E3/pipeline_outputs/subaction_84_P01_109_84/frame_012645_left/diagnostics/problem3_ref_crop.png
E3,84,P01_109_84,pick up potato slice,12662.0,12663.0,left,9764.0,9765.0,119,6,-21.72864077669903,outputs/数据处理小批量测试前100个subaction/experiments/E3/pipeline_outputs/subaction_84_P01_109_84/frame_012662_left,outputs/数据处理小批量测试前100个subaction/experiments/E3/pipeline_outputs/subaction_84_P01_109_84/frame_012662_left/reference_frame.png,outputs/数据处理小批量测试前100个subaction/experiments/E3/pipeline_outputs/subaction_84_P01_109_84/frame_012662_left/label_heatmap_merged.png,outputs/数据处理小批量测试前100个subaction/experiments/E3/pipeline_outputs/subaction_84_P01_109_84/frame_012662_left/label_heatmap_merged_overlay.png,outputs/数据处理小批量测试前100个subaction/experiments/E3/pipeline_outputs/subaction_84_P01_109_84/frame_012662_left/vrb_style_affordance.png,outputs/数据处理小批量测试前100个subaction/experiments/E3/pipeline_outputs/subaction_84_P01_109_84/frame_012662_left/diagnostics/problem3_ref_full_overlay.png,outputs/数据处理小批量测试前100个subaction/experiments/E3/pipeline_outputs/subaction_84_P01_109_84/frame_012662_left/diagnostics/problem3_ref_crop.png
E3,84,P01_109_84,pick up potato slice,12666.0,12667.0,right,9764.0,9765.0,54,6,-23.068640776699027,outputs/数据处理小批量测试前100个subaction/experiments/E3/pipeline_outputs/subaction_84_P01_109_84/frame_012666_right,outputs/数据处理小批量测试前100个subaction/experiments/E3/pipeline_outputs/subaction_84_P01_109_84/frame_012666_right/reference_frame.png,outputs/数据处理小批量测试前100个subaction/experiments/E3/pipeline_outputs/subaction_84_P01_109_84/frame_012666_right/label_heatmap_merged.png,outputs/数据处理小批量测试前100个subaction/experiments/E3/pipeline_outputs/subaction_84_P01_109_84/frame_012666_right/label_heatmap_merged_overlay.png,outputs/数据处理小批量测试前100个subaction/experiments/E3/pipeline_outputs/subaction_84_P01_109_84/frame_012666_right/vrb_style_affordance.png,outputs/数据处理小批量测试前100个subaction/experiments/E3/pipeline_outputs/subaction_84_P01_109_84/frame_012666_right/diagnostics/problem3_ref_full_overlay.png,outputs/数据处理小批量测试前100个subaction/experiments/E3/pipeline_outputs/subaction_84_P01_109_84/frame_012666_right/diagnostics/problem3_ref_crop.png
E3,85,P01_109_85,put down potato slice,12669.0,12670.0,right,9764.0,9765.0,46,6,-23.258640776699032,outputs/数据处理小批量测试前100个subaction/experiments/E3/pipeline_outputs/subaction_85_P01_109_85/frame_012669_right,outputs/数据处理小批量测试前100个subaction/experiments/E3/pipeline_outputs/subaction_85_P01_109_85/frame_012669_right/reference_frame.png,outputs/数据处理小批量测试前100个subaction/experiments/E3/pipeline_outputs/subaction_85_P01_109_85/frame_012669_right/label_heatmap_merged.png,outputs/数据处理小批量测试前100个subaction/experiments/E3/pipeline_outputs/subaction_85_P01_109_85/frame_012669_right/label_heatmap_merged_overlay.png,outputs/数据处理小批量测试前100个subaction/experiments/E3/pipeline_outputs/subaction_85_P01_109_85/frame_012669_right/vrb_style_affordance.png,outputs/数据处理小批量测试前100个subaction/experiments/E3/pipeline_outputs/subaction_85_P01_109_85/frame_012669_right/diagnostics/problem3_ref_full_overlay.png,outputs/数据处理小批量测试前100个subaction/experiments/E3/pipeline_outputs/subaction_85_P01_109_85/frame_012669_right/diagnostics/problem3_ref_crop.png
E3,85,P01_109_85,put down potato slice,12674.0,12675.0,right,9764.0,9765.0,61,6,-23.008640776699032,outputs/数据处理小批量测试前100个subaction/experiments/E3/pipeline_outputs/subaction_85_P01_109_85/frame_012674_right,outputs/数据处理小批量测试前100个subaction/experiments/E3/pipeline_outputs/subaction_85_P01_109_85/frame_012674_right/reference_frame.png,outputs/数据处理小批量测试前100个subaction/experiments/E3/pipeline_outputs/subaction_85_P01_109_85/frame_012674_right/label_heatmap_merged.png,outputs/数据处理小批量测试前100个subaction/experiments/E3/pipeline_outputs/subaction_85_P01_109_85/frame_012674_right/label_heatmap_merged_overlay.png,outputs/数据处理小批量测试前100个subaction/experiments/E3/pipeline_outputs/subaction_85_P01_109_85/frame_012674_right/vrb_style_affordance.png,outputs/数据处理小批量测试前100个subaction/experiments/E3/pipeline_outputs/subaction_85_P01_109_85/frame_012674_right/diagnostics/problem3_ref_full_overlay.png,outputs/数据处理小批量测试前100个subaction/experiments/E3/pipeline_outputs/subaction_85_P01_109_85/frame_012674_right/diagnostics/problem3_ref_crop.png
E3,85,P01_109_85,put down potato slice,12679.0,12680.0,left,9764.0,9765.0,125,6,-21.77864077669903,outputs/数据处理小批量测试前100个subaction/experiments/E3/pipeline_outputs/subaction_85_P01_109_85/frame_012679_left,outputs/数据处理小批量测试前100个subaction/experiments/E3/pipeline_outputs/subaction_85_P01_109_85/frame_012679_left/reference_frame.png,outputs/数据处理小批量测试前100个subaction/experiments/E3/pipeline_outputs/subaction_85_P01_109_85/frame_012679_left/label_heatmap_merged.png,outputs/数据处理小批量测试前100个subaction/experiments/E3/pipeline_outputs/subaction_85_P01_109_85/frame_012679_left/label_heatmap_merged_overlay.png,outputs/数据处理小批量测试前100个subaction/experiments/E3/pipeline_outputs/subaction_85_P01_109_85/frame_012679_left/vrb_style_affordance.png,outputs/数据处理小批量测试前100个subaction/experiments/E3/pipeline_outputs/subaction_85_P01_109_85/frame_012679_left/diagnostics/problem3_ref_full_overlay.png,outputs/数据处理小批量测试前100个subaction/experiments/E3/pipeline_outputs/subaction_85_P01_109_85/frame_012679_left/diagnostics/problem3_ref_crop.png
E3,85,P01_109_85,put down potato slice,12683.0,12684.0,left,9764.0,9765.0,76,6,-22.79864077669903,outputs/数据处理小批量测试前100个subaction/experiments/E3/pipeline_outputs/subaction_85_P01_109_85/frame_012683_left,outputs/数据处理小批量测试前100个subaction/experiments/E3/pipeline_outputs/subaction_85_P01_109_85/frame_012683_left/reference_frame.png,outputs/数据处理小批量测试前100个subaction/experiments/E3/pipeline_outputs/subaction_85_P01_109_85/frame_012683_left/label_heatmap_merged.png,outputs/数据处理小批量测试前100个subaction/experiments/E3/pipeline_outputs/subaction_85_P01_109_85/frame_012683_left/label_heatmap_merged_overlay.png,outputs/数据处理小批量测试前100个subaction/experiments/E3/pipeline_outputs/subaction_85_P01_109_85/frame_012683_left/vrb_style_affordance.png,outputs/数据处理小批量测试前100个subaction/experiments/E3/pipeline_outputs/subaction_85_P01_109_85/frame_012683_left/diagnostics/problem3_ref_full_overlay.png,outputs/数据处理小批量测试前100个subaction/experiments/E3/pipeline_outputs/subaction_85_P01_109_85/frame_012683_left/diagnostics/problem3_ref_crop.png
E3,86,P01_109_86,pick up potato slice,12722.0,12723.0,right,9764.0,9765.0,68,6,-23.348640776699032,outputs/数据处理小批量测试前100个subaction/experiments/E3/pipeline_outputs/subaction_86_P01_109_86/frame_012722_right,outputs/数据处理小批量测试前100个subaction/experiments/E3/pipeline_outputs/subaction_86_P01_109_86/frame_012722_right/reference_frame.png,outputs/数据处理小批量测试前100个subaction/experiments/E3/pipeline_outputs/subaction_86_P01_109_86/frame_012722_right/label_heatmap_merged.png,outputs/数据处理小批量测试前100个subaction/experiments/E3/pipeline_outputs/subaction_86_P01_109_86/frame_012722_right/label_heatmap_merged_overlay.png,outputs/数据处理小批量测试前100个subaction/experiments/E3/pipeline_outputs/subaction_86_P01_109_86/frame_012722_right/vrb_style_affordance.png,outputs/数据处理小批量测试前100个subaction/experiments/E3/pipeline_outputs/subaction_86_P01_109_86/frame_012722_right/diagnostics/problem3_ref_full_overlay.png,outputs/数据处理小批量测试前100个subaction/experiments/E3/pipeline_outputs/subaction_86_P01_109_86/frame_012722_right/diagnostics/problem3_ref_crop.png
E3,86,P01_109_86,pick up potato slice,12731.0,12732.0,left,9764.0,9765.0,50,6,-23.79864077669903,outputs/数据处理小批量测试前100个subaction/experiments/E3/pipeline_outputs/subaction_86_P01_109_86/frame_012731_left,outputs/数据处理小批量测试前100个subaction/experiments/E3/pipeline_outputs/subaction_86_P01_109_86/frame_012731_left/reference_frame.png,outputs/数据处理小批量测试前100个subaction/experiments/E3/pipeline_outputs/subaction_86_P01_109_86/frame_012731_left/label_heatmap_merged.png,outputs/数据处理小批量测试前100个subaction/experiments/E3/pipeline_outputs/subaction_86_P01_109_86/frame_012731_left/label_heatmap_merged_overlay.png,outputs/数据处理小批量测试前100个subaction/experiments/E3/pipeline_outputs/subaction_86_P01_109_86/frame_012731_left/vrb_style_affordance.png,outputs/数据处理小批量测试前100个subaction/experiments/E3/pipeline_outputs/subaction_86_P01_109_86/frame_012731_left/diagnostics/problem3_ref_full_overlay.png,outputs/数据处理小批量测试前100个subaction/experiments/E3/pipeline_outputs/subaction_86_P01_109_86/frame_012731_left/diagnostics/problem3_ref_crop.png
E3,86,P01_109_86,pick up potato slice,12737.0,12738.0,right,9764.0,9765.0,38,6,-24.09864077669903,outputs/数据处理小批量测试前100个subaction/experiments/E3/pipeline_outputs/subaction_86_P01_109_86/frame_012737_right,outputs/数据处理小批量测试前100个subaction/experiments/E3/pipeline_outputs/subaction_86_P01_109_86/frame_012737_right/reference_frame.png,outputs/数据处理小批量测试前100个subaction/experiments/E3/pipeline_outputs/subaction_86_P01_109_86/frame_012737_right/label_heatmap_merged.png,outputs/数据处理小批量测试前100个subaction/experiments/E3/pipeline_outputs/subaction_86_P01_109_86/frame_012737_right/label_heatmap_merged_overlay.png,outputs/数据处理小批量测试前100个subaction/experiments/E3/pipeline_outputs/subaction_86_P01_109_86/frame_012737_right/vrb_style_affordance.png,outputs/数据处理小批量测试前100个subaction/experiments/E3/pipeline_outputs/subaction_86_P01_109_86/frame_012737_right/diagnostics/problem3_ref_full_overlay.png,outputs/数据处理小批量测试前100个subaction/experiments/E3/pipeline_outputs/subaction_86_P01_109_86/frame_012737_right/diagnostics/problem3_ref_crop.png
