subaction_index,narration_id,narration,verb,noun,frame_0_based,hand,candidate_source,ref_idx,reference_gap,projection_source,projection_method,mask_source_contact,mask_source_reference,tracker_backend,cotracker_init_status,cotracker_init_error,contact_part_prior,contact_part_mask_area,contact_part_mask_area_ratio,reference_part_mask_area,reference_part_mask_area_ratio,part_gate_passed,part_inside_count,part_distance,part_gate_source,part_tracking_point_count,whole_boundary_fallback_point_count,articulated_object,final_quality_score,track_point_count,visible_point_count,affine_inlier_count,affine_inlier_ratio,affine_median_residual,projected_contact_inside_mask_count,projected_contact_to_mask_distance,object_track_confidence,local_flow_steps,local_flow_fb_error,local_flow_points,local_flow_inliers,local_flow_inlier_ratio,local_flow_weighted_residual,sample_score,contact_points,projected_contact_inside_count,reference_hand_overlap_ratio,reference_global_hand_count,reference_hand_area_ratio,reference_object_hand_overlap_ratio,reference_contact_crop_hand_overlap_ratio,reference_contact_part_hand_overlap_ratio,reference_hand_to_object_distance,reference_hand_to_contact_part_distance,reference_target_visible_score,reference_clean_class,reference_clean_score,reference_selection_tier,heatmap_mode,sample_dir,reference_frame,label_heatmap_overlay,vrb_style_affordance,mask_projection_overlay
0,P01_109_0,grab rucksack,grab,rucksack,88.0,left,new_contact_episode,86.0,2.0,contact_part_local_affine,contact_part_local_affine,grabcut_fallback,bbox_fallback,cotracker,ready,,contact_local_boundary,6444,0.7983151635282458,7591.0,0.5383687943262412,True,5,0.0,contact_part_mask,26,0,False,0.9916129032258065,36,31,29,0.9354838709677419,0.9823153018951416,5,0.0,0.34195768265117316,,,,,,,4.492485392484589,87,5,0.06586666666666667,1.0,0.0126953125,0.1051063829787234,0.06586666666666667,0.15228560137004346,0.0,0.0,0.7237363282947051,target_occluded_by_hand,-1.9266903097488794,tier_4_target_occluded_by_hand,isotropic_e7,/root/workspace/vrb/vrbreproduction/outputs/100subaction-e12/experiments/E12/pipeline_outputs/subaction_00_P01_109_0/candidate_00_frame_000088_left,/root/workspace/vrb/vrbreproduction/outputs/100subaction-e12/experiments/E12/pipeline_outputs/subaction_00_P01_109_0/candidate_00_frame_000088_left/reference_frame.png,/root/workspace/vrb/vrbreproduction/outputs/100subaction-e12/experiments/E12/pipeline_outputs/subaction_00_P01_109_0/candidate_00_frame_000088_left/label_heatmap_merged_overlay.png,/root/workspace/vrb/vrbreproduction/outputs/100subaction-e12/experiments/E12/pipeline_outputs/subaction_00_P01_109_0/candidate_00_frame_000088_left/vrb_style_affordance.png,/root/workspace/vrb/vrbreproduction/outputs/100subaction-e12/experiments/E12/pipeline_outputs/subaction_00_P01_109_0/candidate_00_frame_000088_left/mask_projection_overlay.png
0,P01_109_0,grab rucksack,grab,rucksack,90.0,left,new_contact_episode,86.0,4.0,contact_part_local_affine,contact_part_local_affine,grabcut_fallback,bbox_fallback,cotracker,ready,,contact_local_boundary,7424,0.8633562042097919,9327.0,0.6549399620813146,True,5,0.0,contact_part_mask,26,0,False,0.9579411764705882,36,34,23,0.6764705882352942,1.1086910963058472,5,0.0,0.34195768265117316,,,,,,,4.308050524542584,193,5,0.06586666666666667,1.0,0.0126953125,0.10406572572150832,0.06586666666666667,0.15889353489868124,0.0,0.0,0.7151096157089413,target_occluded_by_hand,-1.9373358013917694,tier_4_target_occluded_by_hand,isotropic_e7,/root/workspace/vrb/vrbreproduction/outputs/100subaction-e12/experiments/E12/pipeline_outputs/subaction_00_P01_109_0/candidate_02_frame_000090_left,/root/workspace/vrb/vrbreproduction/outputs/100subaction-e12/experiments/E12/pipeline_outputs/subaction_00_P01_109_0/candidate_02_frame_000090_left/reference_frame.png,/root/workspace/vrb/vrbreproduction/outputs/100subaction-e12/experiments/E12/pipeline_outputs/subaction_00_P01_109_0/candidate_02_frame_000090_left/label_heatmap_merged_overlay.png,/root/workspace/vrb/vrbreproduction/outputs/100subaction-e12/experiments/E12/pipeline_outputs/subaction_00_P01_109_0/candidate_02_frame_000090_left/vrb_style_affordance.png,/root/workspace/vrb/vrbreproduction/outputs/100subaction-e12/experiments/E12/pipeline_outputs/subaction_00_P01_109_0/candidate_02_frame_000090_left/mask_projection_overlay.png
0,P01_109_0,grab rucksack,grab,rucksack,98.0,right,new_contact_episode,85.0,13.0,contact_part_local_affine,contact_part_local_affine,grabcut_fallback,bbox_fallback,cotracker,ready,,contact_local_boundary,1060,1.0,6725.0,0.5006327700439217,True,4,0.0,contact_part_mask,26,0,False,0.9124999999999999,36,16,16,1.0,0.3379944860935211,4,0.0,0.34195768265117316,,,,,,,7.675501218627509,109,4,0.0,1.0,0.012335526315789474,0.10422094841063054,0.0,0.08921933085501858,0.0,0.0,0.6813103677565956,target_partially_occluded,1.6886410532103153,tier_3_target_partially_occluded,isotropic_e7,/root/workspace/vrb/vrbreproduction/outputs/100subaction-e12/experiments/E12/pipeline_outputs/subaction_00_P01_109_0/candidate_05_frame_000098_right,/root/workspace/vrb/vrbreproduction/outputs/100subaction-e12/experiments/E12/pipeline_outputs/subaction_00_P01_109_0/candidate_05_frame_000098_right/reference_frame.png,/root/workspace/vrb/vrbreproduction/outputs/100subaction-e12/experiments/E12/pipeline_outputs/subaction_00_P01_109_0/candidate_05_frame_000098_right/label_heatmap_merged_overlay.png,/root/workspace/vrb/vrbreproduction/outputs/100subaction-e12/experiments/E12/pipeline_outputs/subaction_00_P01_109_0/candidate_05_frame_000098_right/vrb_style_affordance.png,/root/workspace/vrb/vrbreproduction/outputs/100subaction-e12/experiments/E12/pipeline_outputs/subaction_00_P01_109_0/candidate_05_frame_000098_right/mask_projection_overlay.png
1,P01_109_1,open rucksack,open,rucksack,170.0,left,new_contact_episode,147.0,23.0,contact_part_local_affine,contact_part_local_affine,grabcut_fallback,bbox_fallback,cotracker,ready,,contact_local_boundary,12326,0.7477553991749575,9706.0,0.541025641025641,True,5,0.0,contact_part_mask,26,0,False,0.98375,36,8,7,0.875,1.7476911544799805,5,0.0,0.34195768265117316,,,,,,,7.970921440307038,36,5,0.10222222222222223,1.0,0.019702576754385966,0.1282051282051282,0.10222222222222223,0.037502575726354834,0.0,0.0,0.8705733170600264,target_partially_occluded,1.7376021749414368,tier_3_target_partially_occluded,isotropic_e7,/root/workspace/vrb/vrbreproduction/outputs/100subaction-e12/experiments/E12/pipeline_outputs/subaction_01_P01_109_1/candidate_04_frame_000170_left,/root/workspace/vrb/vrbreproduction/outputs/100subaction-e12/experiments/E12/pipeline_outputs/subaction_01_P01_109_1/candidate_04_frame_000170_left/reference_frame.png,/root/workspace/vrb/vrbreproduction/outputs/100subaction-e12/experiments/E12/pipeline_outputs/subaction_01_P01_109_1/candidate_04_frame_000170_left/label_heatmap_merged_overlay.png,/root/workspace/vrb/vrbreproduction/outputs/100subaction-e12/experiments/E12/pipeline_outputs/subaction_01_P01_109_1/candidate_04_frame_000170_left/vrb_style_affordance.png,/root/workspace/vrb/vrbreproduction/outputs/100subaction-e12/experiments/E12/pipeline_outputs/subaction_01_P01_109_1/candidate_04_frame_000170_left/mask_projection_overlay.png
1,P01_109_1,open rucksack,open,rucksack,172.0,left,new_contact_episode,142.0,30.0,contact_part_local_affine,contact_part_local_affine,grabcut_fallback,bbox_fallback,cotracker,ready,,contact_local_boundary,11375,0.6886010049034446,9257.0,0.5289714285714285,True,5,0.0,contact_part_mask,26,0,False,0.9907142857142858,36,14,13,0.9285714285714286,1.0958459377288818,5,0.0,0.34195768265117316,,,,,,,7.977684488010972,62,5,0.08213333333333334,1.0,0.015830592105263157,0.1056,0.08213333333333334,0.05898239170357567,0.0,0.0,0.8540646516149941,target_partially_occluded,1.7341312947142657,tier_3_target_partially_occluded,isotropic_e7,/root/workspace/vrb/vrbreproduction/outputs/100subaction-e12/experiments/E12/pipeline_outputs/subaction_01_P01_109_1/candidate_06_frame_000172_left,/root/workspace/vrb/vrbreproduction/outputs/100subaction-e12/experiments/E12/pipeline_outputs/subaction_01_P01_109_1/candidate_06_frame_000172_left/reference_frame.png,/root/workspace/vrb/vrbreproduction/outputs/100subaction-e12/experiments/E12/pipeline_outputs/subaction_01_P01_109_1/candidate_06_frame_000172_left/label_heatmap_merged_overlay.png,/root/workspace/vrb/vrbreproduction/outputs/100subaction-e12/experiments/E12/pipeline_outputs/subaction_01_P01_109_1/candidate_06_frame_000172_left/vrb_style_affordance.png,/root/workspace/vrb/vrbreproduction/outputs/100subaction-e12/experiments/E12/pipeline_outputs/subaction_01_P01_109_1/candidate_06_frame_000172_left/mask_projection_overlay.png
1,P01_109_1,open rucksack,open,rucksack,178.0,right,new_contact_episode,177.0,1.0,contact_part_local_affine,contact_part_local_affine,grabcut_fallback,bbox_fallback,cotracker,ready,,contact_local_boundary,10011,0.7467551842458601,8749.0,0.4340858347804515,True,5,0.0,contact_part_mask,26,0,False,0.9855555555555556,36,36,32,0.8888888888888888,1.2221918106079102,5,0.0,0.34195768265117316,,,,,,,4.240939930498522,52,5,0.20653333333333335,2.0,0.03980777138157895,0.21354502604812703,0.20653333333333335,0.17190536061264144,0.0,0.0,0.6312054795134259,target_occluded_by_hand,-2.1486165374054633,tier_4_target_occluded_by_hand,isotropic_e7,/root/workspace/vrb/vrbreproduction/outputs/100subaction-e12/experiments/E12/pipeline_outputs/subaction_01_P01_109_1/candidate_10_frame_000178_right,/root/workspace/vrb/vrbreproduction/outputs/100subaction-e12/experiments/E12/pipeline_outputs/subaction_01_P01_109_1/candidate_10_frame_000178_right/reference_frame.png,/root/workspace/vrb/vrbreproduction/outputs/100subaction-e12/experiments/E12/pipeline_outputs/subaction_01_P01_109_1/candidate_10_frame_000178_right/label_heatmap_merged_overlay.png,/root/workspace/vrb/vrbreproduction/outputs/100subaction-e12/experiments/E12/pipeline_outputs/subaction_01_P01_109_1/candidate_10_frame_000178_right/vrb_style_affordance.png,/root/workspace/vrb/vrbreproduction/outputs/100subaction-e12/experiments/E12/pipeline_outputs/subaction_01_P01_109_1/candidate_10_frame_000178_right/mask_projection_overlay.png
3,P01_109_3,put down eggs,put-down,egg,362.0,left,new_contact_episode,360.0,2.0,contact_part_local_affine,contact_part_local_affine,grabcut_fallback,bbox_fallback,cotracker,ready,,small_object_whole_mask_allowed,8054,0.8309946347503095,6927.0,0.5247727272727273,True,5,0.0,contact_part_mask,26,0,False,1.0,36,36,36,1.0,0.34198588132858276,5,0.0,0.35245193913903805,,,,,,,14.41521292356014,98,5,0.0,0.0,0.0,0.0,0.0,0.0,522.945503852935,522.945503852935,1.0,strict_target_handless,8.0,tier_0_strict_target_handless,isotropic_e7,/root/workspace/vrb/vrbreproduction/outputs/100subaction-e12/experiments/E12/pipeline_outputs/subaction_03_P01_109_3/candidate_00_frame_000362_left,/root/workspace/vrb/vrbreproduction/outputs/100subaction-e12/experiments/E12/pipeline_outputs/subaction_03_P01_109_3/candidate_00_frame_000362_left/reference_frame.png,/root/workspace/vrb/vrbreproduction/outputs/100subaction-e12/experiments/E12/pipeline_outputs/subaction_03_P01_109_3/candidate_00_frame_000362_left/label_heatmap_merged_overlay.png,/root/workspace/vrb/vrbreproduction/outputs/100subaction-e12/experiments/E12/pipeline_outputs/subaction_03_P01_109_3/candidate_00_frame_000362_left/vrb_style_affordance.png,/root/workspace/vrb/vrbreproduction/outputs/100subaction-e12/experiments/E12/pipeline_outputs/subaction_03_P01_109_3/candidate_00_frame_000362_left/mask_projection_overlay.png
3,P01_109_3,put down eggs,put-down,egg,364.0,left,new_contact_episode,360.0,4.0,contact_part_local_affine,contact_part_local_affine,grabcut_fallback,bbox_fallback,cotracker,ready,,small_object_whole_mask_allowed,7575,0.7746983023113111,7058.0,0.5441369208233752,True,5,0.0,contact_part_mask,26,0,False,1.0,36,36,36,1.0,0.315527081489563,5,0.0,0.36326825132215523,,,,,,,14.404006687555313,134,5,0.0,0.0,0.0,0.0,0.0,0.0,522.945503852935,522.945503852935,1.0,strict_target_handless,8.0,tier_0_strict_target_handless,isotropic_e7,/root/workspace/vrb/vrbreproduction/outputs/100subaction-e12/experiments/E12/pipeline_outputs/subaction_03_P01_109_3/candidate_02_frame_000364_left,/root/workspace/vrb/vrbreproduction/outputs/100subaction-e12/experiments/E12/pipeline_outputs/subaction_03_P01_109_3/candidate_02_frame_000364_left/reference_frame.png,/root/workspace/vrb/vrbreproduction/outputs/100subaction-e12/experiments/E12/pipeline_outputs/subaction_03_P01_109_3/candidate_02_frame_000364_left/label_heatmap_merged_overlay.png,/root/workspace/vrb/vrbreproduction/outputs/100subaction-e12/experiments/E12/pipeline_outputs/subaction_03_P01_109_3/candidate_02_frame_000364_left/vrb_style_affordance.png,/root/workspace/vrb/vrbreproduction/outputs/100subaction-e12/experiments/E12/pipeline_outputs/subaction_03_P01_109_3/candidate_02_frame_000364_left/mask_projection_overlay.png
3,P01_109_3,put down eggs,put-down,egg,372.0,right,new_contact_episode,360.0,12.0,contact_part_local_affine,contact_part_local_affine,grabcut_fallback,bbox_fallback,cotracker,ready,,small_object_whole_mask_allowed,3738,1.0,8627.0,0.6481592787377911,True,5,0.0,contact_part_mask,26,0,False,1.0,36,36,36,1.0,0.3234514594078064,5,0.0,0.4099563326068669,,,,,,,14.355768956217766,112,5,0.0,0.0,0.0,0.0,0.0,0.0,522.945503852935,522.945503852935,1.0,strict_target_handless,8.0,tier_0_strict_target_handless,isotropic_e7,/root/workspace/vrb/vrbreproduction/outputs/100subaction-e12/experiments/E12/pipeline_outputs/subaction_03_P01_109_3/candidate_07_frame_000372_right,/root/workspace/vrb/vrbreproduction/outputs/100subaction-e12/experiments/E12/pipeline_outputs/subaction_03_P01_109_3/candidate_07_frame_000372_right/reference_frame.png,/root/workspace/vrb/vrbreproduction/outputs/100subaction-e12/experiments/E12/pipeline_outputs/subaction_03_P01_109_3/candidate_07_frame_000372_right/label_heatmap_merged_overlay.png,/root/workspace/vrb/vrbreproduction/outputs/100subaction-e12/experiments/E12/pipeline_outputs/subaction_03_P01_109_3/candidate_07_frame_000372_right/vrb_style_affordance.png,/root/workspace/vrb/vrbreproduction/outputs/100subaction-e12/experiments/E12/pipeline_outputs/subaction_03_P01_109_3/candidate_07_frame_000372_right/mask_projection_overlay.png
4,P01_109_4,pick up onion and potato,pick-up,onion,424.0,left,continuation_entry_rescue,403.0,21.0,contact_part_local_affine,contact_part_local_affine,grabcut_fallback,bbox_fallback,cotracker,ready,,small_object_whole_mask_allowed,11699,0.5740713479562295,11281.0,0.42019592505680337,True,4,0.0,contact_part_mask,26,0,False,0.8691666666666666,36,9,6,0.6666666666666666,0.7061136960983276,4,0.0,0.6451351195242122,,,,,,,7.335698351524075,14,4,0.06866666666666667,2.0,0.030881647478070175,0.11081312623384364,0.06866666666666667,0.10637354844428686,0.0,0.0,0.7845891564376923,target_partially_occluded,1.6112150957403584,tier_3_target_partially_occluded,isotropic_e7,/root/workspace/vrb/vrbreproduction/outputs/100subaction-e12/experiments/E12/pipeline_outputs/subaction_04_P01_109_4/candidate_03_frame_000424_left,/root/workspace/vrb/vrbreproduction/outputs/100subaction-e12/experiments/E12/pipeline_outputs/subaction_04_P01_109_4/candidate_03_frame_000424_left/reference_frame.png,/root/workspace/vrb/vrbreproduction/outputs/100subaction-e12/experiments/E12/pipeline_outputs/subaction_04_P01_109_4/candidate_03_frame_000424_left/label_heatmap_merged_overlay.png,/root/workspace/vrb/vrbreproduction/outputs/100subaction-e12/experiments/E12/pipeline_outputs/subaction_04_P01_109_4/candidate_03_frame_000424_left/vrb_style_affordance.png,/root/workspace/vrb/vrbreproduction/outputs/100subaction-e12/experiments/E12/pipeline_outputs/subaction_04_P01_109_4/candidate_03_frame_000424_left/mask_projection_overlay.png
5,P01_109_5,put down onion and potato,put-down,onion,480.0,left,continuation_entry_rescue,470.0,10.0,contact_part_local_affine,contact_part_local_affine,grabcut_fallback,bbox_fallback,cotracker,ready,,small_object_whole_mask_allowed,3203,0.8415659485023647,1476.0,1.0,True,4,0.0,contact_part_mask,26,0,False,0.871875,36,16,11,0.6875,1.0310418605804443,4,0.0,0.6451351195242122,,,,,,,1.960110410849253,47,4,0.11777777777777777,2.0,0.24861225328947367,0.6944444444444444,0.11777777777777777,0.6944444444444444,0.0,0.0,0.3527138157894737,target_occluded_by_hand,-3.833333333333333,tier_4_target_occluded_by_hand,isotropic_e7,/root/workspace/vrb/vrbreproduction/outputs/100subaction-e12/experiments/E12/pipeline_outputs/subaction_05_P01_109_5/candidate_03_frame_000480_left,/root/workspace/vrb/vrbreproduction/outputs/100subaction-e12/experiments/E12/pipeline_outputs/subaction_05_P01_109_5/candidate_03_frame_000480_left/reference_frame.png,/root/workspace/vrb/vrbreproduction/outputs/100subaction-e12/experiments/E12/pipeline_outputs/subaction_05_P01_109_5/candidate_03_frame_000480_left/label_heatmap_merged_overlay.png,/root/workspace/vrb/vrbreproduction/outputs/100subaction-e12/experiments/E12/pipeline_outputs/subaction_05_P01_109_5/candidate_03_frame_000480_left/vrb_style_affordance.png,/root/workspace/vrb/vrbreproduction/outputs/100subaction-e12/experiments/E12/pipeline_outputs/subaction_05_P01_109_5/candidate_03_frame_000480_left/mask_projection_overlay.png
6,P01_109_8,pick up potato,pick-up,potato,527.0,right,new_contact_episode,509.0,18.0,contact_part_local_affine,contact_part_local_affine,grabcut_fallback,bbox_fallback,cotracker,ready,,small_object_whole_mask_allowed,192,1.0,7385.0,0.7827239003709592,True,5,0.0,contact_part_mask,26,0,False,1.0,36,13,13,1.0,0.26895013451576233,5,0.0,0.5371707625918725,,,,,,,13.954982356645091,69,5,0.0,0.0,0.0,0.0,0.0,0.0,522.945503852935,522.945503852935,1.0,strict_target_handless,8.0,tier_0_strict_target_handless,isotropic_e7,/root/workspace/vrb/vrbreproduction/outputs/100subaction-e12/experiments/E12/pipeline_outputs/subaction_06_P01_109_8/candidate_00_frame_000527_right,/root/workspace/vrb/vrbreproduction/outputs/100subaction-e12/experiments/E12/pipeline_outputs/subaction_06_P01_109_8/candidate_00_frame_000527_right/reference_frame.png,/root/workspace/vrb/vrbreproduction/outputs/100subaction-e12/experiments/E12/pipeline_outputs/subaction_06_P01_109_8/candidate_00_frame_000527_right/label_heatmap_merged_overlay.png,/root/workspace/vrb/vrbreproduction/outputs/100subaction-e12/experiments/E12/pipeline_outputs/subaction_06_P01_109_8/candidate_00_frame_000527_right/vrb_style_affordance.png,/root/workspace/vrb/vrbreproduction/outputs/100subaction-e12/experiments/E12/pipeline_outputs/subaction_06_P01_109_8/candidate_00_frame_000527_right/mask_projection_overlay.png
6,P01_109_8,pick up potato,pick-up,potato,530.0,left,new_contact_episode,509.0,21.0,contact_part_local_affine,contact_part_local_affine,grabcut_fallback,bbox_fallback,cotracker,ready,,small_object_whole_mask_allowed,2451,1.0,7217.0,0.7492732558139535,True,5,0.0,contact_part_mask,26,0,False,1.0,36,22,22,1.0,1.5830087661743164,5,0.0,0.5371707625918725,,,,,,,13.897560597695335,54,5,0.0,0.0,0.0,0.0,0.0,0.0,522.945503852935,522.945503852935,1.0,strict_target_handless,8.0,tier_0_strict_target_handless,isotropic_e7,/root/workspace/vrb/vrbreproduction/outputs/100subaction-e12/experiments/E12/pipeline_outputs/subaction_06_P01_109_8/candidate_05_frame_000530_left,/root/workspace/vrb/vrbreproduction/outputs/100subaction-e12/experiments/E12/pipeline_outputs/subaction_06_P01_109_8/candidate_05_frame_000530_left/reference_frame.png,/root/workspace/vrb/vrbreproduction/outputs/100subaction-e12/experiments/E12/pipeline_outputs/subaction_06_P01_109_8/candidate_05_frame_000530_left/label_heatmap_merged_overlay.png,/root/workspace/vrb/vrbreproduction/outputs/100subaction-e12/experiments/E12/pipeline_outputs/subaction_06_P01_109_8/candidate_05_frame_000530_left/vrb_style_affordance.png,/root/workspace/vrb/vrbreproduction/outputs/100subaction-e12/experiments/E12/pipeline_outputs/subaction_06_P01_109_8/candidate_05_frame_000530_left/mask_projection_overlay.png
7,P01_109_6,pick up potatoes,pick-up,potato,542.0,right,continuation_entry_rescue,509.0,33.0,contact_part_local_affine,contact_part_local_affine,grabcut_fallback,bbox_fallback,cotracker,ready,,small_object_whole_mask_allowed,11643,0.7140316447933276,6451.0,0.6697466777408638,True,5,0.0,contact_part_mask,26,0,False,0.9566666666666667,36,12,8,0.6666666666666666,1.064866304397583,5,0.0,0.5371707625918725,,,,,,,13.637771538215304,149,5,0.0,0.0,0.0,0.0,0.0,0.0,522.945503852935,522.945503852935,1.0,strict_target_handless,8.0,tier_0_strict_target_handless,isotropic_e7,/root/workspace/vrb/vrbreproduction/outputs/100subaction-e12/experiments/E12/pipeline_outputs/subaction_07_P01_109_6/candidate_00_frame_000542_right,/root/workspace/vrb/vrbreproduction/outputs/100subaction-e12/experiments/E12/pipeline_outputs/subaction_07_P01_109_6/candidate_00_frame_000542_right/reference_frame.png,/root/workspace/vrb/vrbreproduction/outputs/100subaction-e12/experiments/E12/pipeline_outputs/subaction_07_P01_109_6/candidate_00_frame_000542_right/label_heatmap_merged_overlay.png,/root/workspace/vrb/vrbreproduction/outputs/100subaction-e12/experiments/E12/pipeline_outputs/subaction_07_P01_109_6/candidate_00_frame_000542_right/vrb_style_affordance.png,/root/workspace/vrb/vrbreproduction/outputs/100subaction-e12/experiments/E12/pipeline_outputs/subaction_07_P01_109_6/candidate_00_frame_000542_right/mask_projection_overlay.png
8,P01_109_7,put down potatoes,put-down,potato,638.0,right,new_contact_episode,609.0,29.0,contact_part_local_affine,contact_part_local_affine,grabcut_fallback,bbox_fallback,cotracker,ready,,small_object_whole_mask_allowed,7818,0.7195582144500691,9237.0,0.6324113378063809,True,5,0.0,contact_part_mask,26,0,False,0.9566666666666667,36,27,18,0.6666666666666666,0.5153865814208984,5,0.0,0.5371707625918725,,,,,,,13.725725889198385,60,5,0.0,0.0,0.0,0.0,0.0,0.0,522.945503852935,522.945503852935,1.0,strict_target_handless,8.0,tier_0_strict_target_handless,isotropic_e7,/root/workspace/vrb/vrbreproduction/outputs/100subaction-e12/experiments/E12/pipeline_outputs/subaction_08_P01_109_7/candidate_05_frame_000638_right,/root/workspace/vrb/vrbreproduction/outputs/100subaction-e12/experiments/E12/pipeline_outputs/subaction_08_P01_109_7/candidate_05_frame_000638_right/reference_frame.png,/root/workspace/vrb/vrbreproduction/outputs/100subaction-e12/experiments/E12/pipeline_outputs/subaction_08_P01_109_7/candidate_05_frame_000638_right/label_heatmap_merged_overlay.png,/root/workspace/vrb/vrbreproduction/outputs/100subaction-e12/experiments/E12/pipeline_outputs/subaction_08_P01_109_7/candidate_05_frame_000638_right/vrb_style_affordance.png,/root/workspace/vrb/vrbreproduction/outputs/100subaction-e12/experiments/E12/pipeline_outputs/subaction_08_P01_109_7/candidate_05_frame_000638_right/mask_projection_overlay.png
8,P01_109_7,put down potatoes,put-down,potato,645.0,left,new_contact_episode,609.0,36.0,contact_part_local_affine,contact_part_local_affine,grabcut_fallback,bbox_fallback,cotracker,ready,,small_object_whole_mask_allowed,13142,0.6392023346303501,7681.0,0.5258797754347528,True,5,0.0,contact_part_mask,26,0,False,0.9675,36,12,9,0.75,0.8056092262268066,5,0.0,0.5371707625918725,,,,,,,13.725852543187541,84,5,0.0,0.0,0.0,0.0,0.0,0.0,522.945503852935,522.945503852935,1.0,strict_target_handless,8.0,tier_0_strict_target_handless,isotropic_e7,/root/workspace/vrb/vrbreproduction/outputs/100subaction-e12/experiments/E12/pipeline_outputs/subaction_08_P01_109_7/candidate_07_frame_000645_left,/root/workspace/vrb/vrbreproduction/outputs/100subaction-e12/experiments/E12/pipeline_outputs/subaction_08_P01_109_7/candidate_07_frame_000645_left/reference_frame.png,/root/workspace/vrb/vrbreproduction/outputs/100subaction-e12/experiments/E12/pipeline_outputs/subaction_08_P01_109_7/candidate_07_frame_000645_left/label_heatmap_merged_overlay.png,/root/workspace/vrb/vrbreproduction/outputs/100subaction-e12/experiments/E12/pipeline_outputs/subaction_08_P01_109_7/candidate_07_frame_000645_left/vrb_style_affordance.png,/root/workspace/vrb/vrbreproduction/outputs/100subaction-e12/experiments/E12/pipeline_outputs/subaction_08_P01_109_7/candidate_07_frame_000645_left/mask_projection_overlay.png
8,P01_109_7,put down potatoes,put-down,potato,647.0,left,new_contact_episode,609.0,38.0,contact_part_local_affine,contact_part_local_affine,grabcut_fallback,bbox_fallback,cotracker,ready,,small_object_whole_mask_allowed,12686,0.761007798440312,8430.0,0.5771600712036149,True,5,0.0,contact_part_mask,26,0,False,0.9886956521739131,36,23,21,0.9130434782608695,1.6126823425292969,5,0.0,0.5371707625918725,,,,,,,13.789096871437595,48,5,0.0,0.0,0.0,0.0,0.0,0.0,522.945503852935,522.945503852935,1.0,strict_target_handless,8.0,tier_0_strict_target_handless,isotropic_e7,/root/workspace/vrb/vrbreproduction/outputs/100subaction-e12/experiments/E12/pipeline_outputs/subaction_08_P01_109_7/candidate_09_frame_000647_left,/root/workspace/vrb/vrbreproduction/outputs/100subaction-e12/experiments/E12/pipeline_outputs/subaction_08_P01_109_7/candidate_09_frame_000647_left/reference_frame.png,/root/workspace/vrb/vrbreproduction/outputs/100subaction-e12/experiments/E12/pipeline_outputs/subaction_08_P01_109_7/candidate_09_frame_000647_left/label_heatmap_merged_overlay.png,/root/workspace/vrb/vrbreproduction/outputs/100subaction-e12/experiments/E12/pipeline_outputs/subaction_08_P01_109_7/candidate_09_frame_000647_left/vrb_style_affordance.png,/root/workspace/vrb/vrbreproduction/outputs/100subaction-e12/experiments/E12/pipeline_outputs/subaction_08_P01_109_7/candidate_09_frame_000647_left/mask_projection_overlay.png
9,P01_109_9,put down potato,put-down,potato,638.0,right,new_contact_episode,609.0,29.0,contact_part_local_affine,contact_part_local_affine,grabcut_fallback,bbox_fallback,cotracker,ready,,small_object_whole_mask_allowed,7818,0.7195582144500691,9237.0,0.6324113378063809,True,5,0.0,contact_part_mask,26,0,False,0.9566666666666667,36,27,18,0.6666666666666666,0.5153865814208984,5,0.0,0.5371707625918725,,,,,,,13.725725889198385,60,5,0.0,0.0,0.0,0.0,0.0,0.0,522.945503852935,522.945503852935,1.0,strict_target_handless,8.0,tier_0_strict_target_handless,isotropic_e7,/root/workspace/vrb/vrbreproduction/outputs/100subaction-e12/experiments/E12/pipeline_outputs/subaction_09_P01_109_9/candidate_05_frame_000638_right,/root/workspace/vrb/vrbreproduction/outputs/100subaction-e12/experiments/E12/pipeline_outputs/subaction_09_P01_109_9/candidate_05_frame_000638_right/reference_frame.png,/root/workspace/vrb/vrbreproduction/outputs/100subaction-e12/experiments/E12/pipeline_outputs/subaction_09_P01_109_9/candidate_05_frame_000638_right/label_heatmap_merged_overlay.png,/root/workspace/vrb/vrbreproduction/outputs/100subaction-e12/experiments/E12/pipeline_outputs/subaction_09_P01_109_9/candidate_05_frame_000638_right/vrb_style_affordance.png,/root/workspace/vrb/vrbreproduction/outputs/100subaction-e12/experiments/E12/pipeline_outputs/subaction_09_P01_109_9/candidate_05_frame_000638_right/mask_projection_overlay.png
9,P01_109_9,put down potato,put-down,potato,645.0,left,new_contact_episode,609.0,36.0,contact_part_local_affine,contact_part_local_affine,grabcut_fallback,bbox_fallback,cotracker,ready,,small_object_whole_mask_allowed,13142,0.6392023346303501,7681.0,0.5258797754347528,True,5,0.0,contact_part_mask,26,0,False,0.9675,36,12,9,0.75,0.8056092262268066,5,0.0,0.5371707625918725,,,,,,,13.725852543187541,84,5,0.0,0.0,0.0,0.0,0.0,0.0,522.945503852935,522.945503852935,1.0,strict_target_handless,8.0,tier_0_strict_target_handless,isotropic_e7,/root/workspace/vrb/vrbreproduction/outputs/100subaction-e12/experiments/E12/pipeline_outputs/subaction_09_P01_109_9/candidate_07_frame_000645_left,/root/workspace/vrb/vrbreproduction/outputs/100subaction-e12/experiments/E12/pipeline_outputs/subaction_09_P01_109_9/candidate_07_frame_000645_left/reference_frame.png,/root/workspace/vrb/vrbreproduction/outputs/100subaction-e12/experiments/E12/pipeline_outputs/subaction_09_P01_109_9/candidate_07_frame_000645_left/label_heatmap_merged_overlay.png,/root/workspace/vrb/vrbreproduction/outputs/100subaction-e12/experiments/E12/pipeline_outputs/subaction_09_P01_109_9/candidate_07_frame_000645_left/vrb_style_affordance.png,/root/workspace/vrb/vrbreproduction/outputs/100subaction-e12/experiments/E12/pipeline_outputs/subaction_09_P01_109_9/candidate_07_frame_000645_left/mask_projection_overlay.png
9,P01_109_9,put down potato,put-down,potato,647.0,left,new_contact_episode,609.0,38.0,contact_part_local_affine,contact_part_local_affine,grabcut_fallback,bbox_fallback,cotracker,ready,,small_object_whole_mask_allowed,12686,0.761007798440312,8430.0,0.5771600712036149,True,5,0.0,contact_part_mask,26,0,False,0.9886956521739131,36,23,21,0.9130434782608695,1.6126823425292969,5,0.0,0.5371707625918725,,,,,,,13.789096871437595,48,5,0.0,0.0,0.0,0.0,0.0,0.0,522.945503852935,522.945503852935,1.0,strict_target_handless,8.0,tier_0_strict_target_handless,isotropic_e7,/root/workspace/vrb/vrbreproduction/outputs/100subaction-e12/experiments/E12/pipeline_outputs/subaction_09_P01_109_9/candidate_09_frame_000647_left,/root/workspace/vrb/vrbreproduction/outputs/100subaction-e12/experiments/E12/pipeline_outputs/subaction_09_P01_109_9/candidate_09_frame_000647_left/reference_frame.png,/root/workspace/vrb/vrbreproduction/outputs/100subaction-e12/experiments/E12/pipeline_outputs/subaction_09_P01_109_9/candidate_09_frame_000647_left/label_heatmap_merged_overlay.png,/root/workspace/vrb/vrbreproduction/outputs/100subaction-e12/experiments/E12/pipeline_outputs/subaction_09_P01_109_9/candidate_09_frame_000647_left/vrb_style_affordance.png,/root/workspace/vrb/vrbreproduction/outputs/100subaction-e12/experiments/E12/pipeline_outputs/subaction_09_P01_109_9/candidate_09_frame_000647_left/mask_projection_overlay.png
10,P01_109_10,pick up beers,pick-up,beer,776.0,left,new_contact_episode,711.0,65.0,contact_part_local_affine,contact_part_local_affine,grabcut_fallback,bbox_fallback,cotracker,ready,,contact_local_boundary,14717,0.5571455612341473,7944.0,0.5177267987486965,True,4,0.0,contact_part_mask,26,0,False,0.8388333333333333,36,30,13,0.43333333333333335,1.4982788562774658,4,0.0,0.5371707625918725,,,,,,,13.17119172395751,8,4,0.0,0.0,0.0,0.0,0.0,0.0,522.945503852935,522.945503852935,1.0,strict_target_handless,8.0,tier_0_strict_target_handless,isotropic_e7,/root/workspace/vrb/vrbreproduction/outputs/100subaction-e12/experiments/E12/pipeline_outputs/subaction_10_P01_109_10/candidate_02_frame_000776_left,/root/workspace/vrb/vrbreproduction/outputs/100subaction-e12/experiments/E12/pipeline_outputs/subaction_10_P01_109_10/candidate_02_frame_000776_left/reference_frame.png,/root/workspace/vrb/vrbreproduction/outputs/100subaction-e12/experiments/E12/pipeline_outputs/subaction_10_P01_109_10/candidate_02_frame_000776_left/label_heatmap_merged_overlay.png,/root/workspace/vrb/vrbreproduction/outputs/100subaction-e12/experiments/E12/pipeline_outputs/subaction_10_P01_109_10/candidate_02_frame_000776_left/vrb_style_affordance.png,/root/workspace/vrb/vrbreproduction/outputs/100subaction-e12/experiments/E12/pipeline_outputs/subaction_10_P01_109_10/candidate_02_frame_000776_left/mask_projection_overlay.png
10,P01_109_10,pick up beers,pick-up,beer,785.0,left,new_contact_episode,714.0,71.0,contact_part_local_affine,contact_part_local_affine,grabcut_fallback,bbox_fallback,cotracker,ready,,contact_local_boundary,2080,0.9223946784922394,8287.0,0.5314223419263819,True,4,0.0,contact_part_mask,26,0,False,0.8725,36,13,9,0.6923076923076923,1.7694674730300903,4,0.0,0.5371707625918725,,,,,,,9.92671148865958,14,4,0.0,1.0,0.002261513157894737,0.009875593176862896,0.0,0.01858332327742247,0.0,0.0,0.9680579915054909,hand_visible_target_not_occluded,4.54998782054279,tier_2_hand_visible_target_not_occluded,isotropic_e7,/root/workspace/vrb/vrbreproduction/outputs/100subaction-e12/experiments/E12/pipeline_outputs/subaction_10_P01_109_10/candidate_06_frame_000785_left,/root/workspace/vrb/vrbreproduction/outputs/100subaction-e12/experiments/E12/pipeline_outputs/subaction_10_P01_109_10/candidate_06_frame_000785_left/reference_frame.png,/root/workspace/vrb/vrbreproduction/outputs/100subaction-e12/experiments/E12/pipeline_outputs/subaction_10_P01_109_10/candidate_06_frame_000785_left/label_heatmap_merged_overlay.png,/root/workspace/vrb/vrbreproduction/outputs/100subaction-e12/experiments/E12/pipeline_outputs/subaction_10_P01_109_10/candidate_06_frame_000785_left/vrb_style_affordance.png,/root/workspace/vrb/vrbreproduction/outputs/100subaction-e12/experiments/E12/pipeline_outputs/subaction_10_P01_109_10/candidate_06_frame_000785_left/mask_projection_overlay.png
12,P01_109_12,open drawer,open,drawer,1070.0,left,new_contact_episode,1068.0,2.0,contact_part_local_affine,contact_part_local_affine,grabcut_fallback,bbox_fallback,cotracker,ready,,panel_edge_or_handle,3012,0.8051323175621492,2268.0,0.31671554252199413,True,5,0.0,contact_part_mask,26,0,True,1.0,36,36,36,1.0,0.21087518334388733,5,0.0,0.4161993224435197,,,,,,,12.66804398161591,63,5,0.0,1.0,0.03942228618421053,0.0,0.0,0.0,168.62977831993533,192.4811742519416,0.9916666666666667,local_target_clean,6.2178702371162275,tier_1_local_target_clean,isotropic_e7,/root/workspace/vrb/vrbreproduction/outputs/100subaction-e12/experiments/E12/pipeline_outputs/subaction_12_P01_109_12/candidate_00_frame_001070_left,/root/workspace/vrb/vrbreproduction/outputs/100subaction-e12/experiments/E12/pipeline_outputs/subaction_12_P01_109_12/candidate_00_frame_001070_left/reference_frame.png,/root/workspace/vrb/vrbreproduction/outputs/100subaction-e12/experiments/E12/pipeline_outputs/subaction_12_P01_109_12/candidate_00_frame_001070_left/label_heatmap_merged_overlay.png,/root/workspace/vrb/vrbreproduction/outputs/100subaction-e12/experiments/E12/pipeline_outputs/subaction_12_P01_109_12/candidate_00_frame_001070_left/vrb_style_affordance.png,/root/workspace/vrb/vrbreproduction/outputs/100subaction-e12/experiments/E12/pipeline_outputs/subaction_12_P01_109_12/candidate_00_frame_001070_left/mask_projection_overlay.png
12,P01_109_12,open drawer,open,drawer,1072.0,left,new_contact_episode,1068.0,4.0,contact_part_local_affine,contact_part_local_affine,grabcut_fallback,bbox_fallback,cotracker,ready,,panel_edge_or_handle,3103,0.8299010430596416,2207.0,0.31154714850367027,True,3,0.0,contact_part_mask,26,0,True,0.825,36,36,36,1.0,0.24869611859321594,3,0.0,0.4161993224435197,,,,,,,11.80490935355843,59,3,0.0,1.0,0.03942228618421053,0.0,0.0,0.0,169.46091629484752,191.128235474589,1.0,local_target_clean,6.2178702371162275,tier_1_local_target_clean,isotropic_e7,/root/workspace/vrb/vrbreproduction/outputs/100subaction-e12/experiments/E12/pipeline_outputs/subaction_12_P01_109_12/candidate_02_frame_001072_left,/root/workspace/vrb/vrbreproduction/outputs/100subaction-e12/experiments/E12/pipeline_outputs/subaction_12_P01_109_12/candidate_02_frame_001072_left/reference_frame.png,/root/workspace/vrb/vrbreproduction/outputs/100subaction-e12/experiments/E12/pipeline_outputs/subaction_12_P01_109_12/candidate_02_frame_001072_left/label_heatmap_merged_overlay.png,/root/workspace/vrb/vrbreproduction/outputs/100subaction-e12/experiments/E12/pipeline_outputs/subaction_12_P01_109_12/candidate_02_frame_001072_left/vrb_style_affordance.png,/root/workspace/vrb/vrbreproduction/outputs/100subaction-e12/experiments/E12/pipeline_outputs/subaction_12_P01_109_12/candidate_02_frame_001072_left/mask_projection_overlay.png
13,P01_109_13,put beer into drawer,put-into,beer,1201.0,left,new_contact_episode,1199.0,2.0,contact_part_local_affine,contact_part_local_affine,grabcut_fallback,bbox_fallback,cotracker,ready,,panel_edge_or_handle,3052,0.4289529163738581,2186.0,0.19843863471314452,True,5,0.0,contact_part_mask,26,0,True,1.0,36,36,36,1.0,0.7296909689903259,5,0.0,0.4161993224435197,,,,,,,12.609923145199295,39,5,0.0,1.0,0.044956140350877194,0.0,0.0,0.0,45.89118216841732,90.69730426731589,1.0,local_target_clean,6.206341374269005,tier_1_local_target_clean,isotropic_e7,/root/workspace/vrb/vrbreproduction/outputs/100subaction-e12/experiments/E12/pipeline_outputs/subaction_13_P01_109_13/candidate_03_frame_001201_left,/root/workspace/vrb/vrbreproduction/outputs/100subaction-e12/experiments/E12/pipeline_outputs/subaction_13_P01_109_13/candidate_03_frame_001201_left/reference_frame.png,/root/workspace/vrb/vrbreproduction/outputs/100subaction-e12/experiments/E12/pipeline_outputs/subaction_13_P01_109_13/candidate_03_frame_001201_left/label_heatmap_merged_overlay.png,/root/workspace/vrb/vrbreproduction/outputs/100subaction-e12/experiments/E12/pipeline_outputs/subaction_13_P01_109_13/candidate_03_frame_001201_left/vrb_style_affordance.png,/root/workspace/vrb/vrbreproduction/outputs/100subaction-e12/experiments/E12/pipeline_outputs/subaction_13_P01_109_13/candidate_03_frame_001201_left/mask_projection_overlay.png
13,P01_109_13,put beer into drawer,put-into,beer,1203.0,left,new_contact_episode,1199.0,4.0,contact_part_local_affine,contact_part_local_affine,grabcut_fallback,bbox_fallback,cotracker,ready,,panel_edge_or_handle,2811,0.6691263984765532,2441.0,0.23327599388379205,True,4,0.0,contact_part_mask,26,0,True,0.9052777777777778,36,36,34,0.9444444444444444,0.7091488838195801,4,0.0,0.4161993224435197,,,,,,,12.139650518865531,66,4,0.0,1.0,0.044956140350877194,0.0,0.0,0.0,52.77310578575935,90.69730426731589,0.9916666666666667,local_target_clean,6.206341374269005,tier_1_local_target_clean,isotropic_e7,/root/workspace/vrb/vrbreproduction/outputs/100subaction-e12/experiments/E12/pipeline_outputs/subaction_13_P01_109_13/candidate_05_frame_001203_left,/root/workspace/vrb/vrbreproduction/outputs/100subaction-e12/experiments/E12/pipeline_outputs/subaction_13_P01_109_13/candidate_05_frame_001203_left/reference_frame.png,/root/workspace/vrb/vrbreproduction/outputs/100subaction-e12/experiments/E12/pipeline_outputs/subaction_13_P01_109_13/candidate_05_frame_001203_left/label_heatmap_merged_overlay.png,/root/workspace/vrb/vrbreproduction/outputs/100subaction-e12/experiments/E12/pipeline_outputs/subaction_13_P01_109_13/candidate_05_frame_001203_left/vrb_style_affordance.png,/root/workspace/vrb/vrbreproduction/outputs/100subaction-e12/experiments/E12/pipeline_outputs/subaction_13_P01_109_13/candidate_05_frame_001203_left/mask_projection_overlay.png
13,P01_109_13,put beer into drawer,put-into,beer,1259.0,right,new_contact_episode,1257.0,2.0,contact_part_local_affine,contact_part_local_affine,grabcut_fallback,bbox_fallback,cotracker,ready,,panel_edge_or_handle,3271,0.5000764409111756,3726.0,0.3866749688667497,True,5,0.0,contact_part_mask,26,0,True,1.0,36,35,35,1.0,0.5029159188270569,5,0.0,0.4161993224435197,,,,,,,12.697368131673125,139,5,0.0,1.0,0.03626130756578947,0.0,0.0,0.0,94.17536737255425,140.87228194274257,1.0,local_target_clean,6.224455609237938,tier_1_local_target_clean,isotropic_e7,/root/workspace/vrb/vrbreproduction/outputs/100subaction-e12/experiments/E12/pipeline_outputs/subaction_13_P01_109_13/candidate_10_frame_001259_right,/root/workspace/vrb/vrbreproduction/outputs/100subaction-e12/experiments/E12/pipeline_outputs/subaction_13_P01_109_13/candidate_10_frame_001259_right/reference_frame.png,/root/workspace/vrb/vrbreproduction/outputs/100subaction-e12/experiments/E12/pipeline_outputs/subaction_13_P01_109_13/candidate_10_frame_001259_right/label_heatmap_merged_overlay.png,/root/workspace/vrb/vrbreproduction/outputs/100subaction-e12/experiments/E12/pipeline_outputs/subaction_13_P01_109_13/candidate_10_frame_001259_right/vrb_style_affordance.png,/root/workspace/vrb/vrbreproduction/outputs/100subaction-e12/experiments/E12/pipeline_outputs/subaction_13_P01_109_13/candidate_10_frame_001259_right/mask_projection_overlay.png
14,P01_109_14,put beer into drawer,put-into,beer,1259.0,right,new_contact_episode,1257.0,2.0,contact_part_local_affine,contact_part_local_affine,grabcut_fallback,bbox_fallback,cotracker,ready,,panel_edge_or_handle,3271,0.5000764409111756,3726.0,0.3866749688667497,True,5,0.0,contact_part_mask,26,0,True,1.0,36,35,35,1.0,0.5029159188270569,5,0.0,0.4161993224435197,,,,,,,12.697368131673125,139,5,0.0,1.0,0.03626130756578947,0.0,0.0,0.0,94.17536737255425,140.87228194274257,1.0,local_target_clean,6.224455609237938,tier_1_local_target_clean,isotropic_e7,/root/workspace/vrb/vrbreproduction/outputs/100subaction-e12/experiments/E12/pipeline_outputs/subaction_14_P01_109_14/candidate_01_frame_001259_right,/root/workspace/vrb/vrbreproduction/outputs/100subaction-e12/experiments/E12/pipeline_outputs/subaction_14_P01_109_14/candidate_01_frame_001259_right/reference_frame.png,/root/workspace/vrb/vrbreproduction/outputs/100subaction-e12/experiments/E12/pipeline_outputs/subaction_14_P01_109_14/candidate_01_frame_001259_right/label_heatmap_merged_overlay.png,/root/workspace/vrb/vrbreproduction/outputs/100subaction-e12/experiments/E12/pipeline_outputs/subaction_14_P01_109_14/candidate_01_frame_001259_right/vrb_style_affordance.png,/root/workspace/vrb/vrbreproduction/outputs/100subaction-e12/experiments/E12/pipeline_outputs/subaction_14_P01_109_14/candidate_01_frame_001259_right/mask_projection_overlay.png
14,P01_109_14,put beer into drawer,put-into,beer,1271.0,right,new_contact_episode,1269.0,2.0,contact_part_local_affine,contact_part_local_affine,grabcut_fallback,bbox_fallback,cotracker,ready,,panel_edge_or_handle,3380,0.7082984073763621,4469.0,0.4956193856049684,True,5,0.0,contact_part_mask,26,0,True,0.9921212121212122,36,33,31,0.9393939393939394,1.4943292140960693,5,0.0,0.4161993224435197,,,,,,,12.592749129092802,172,5,0.0,1.0,0.039336622807017545,0.0,0.0,0.0,97.67291713238626,136.07717935476907,1.0,local_target_clean,6.21804870248538,tier_1_local_target_clean,isotropic_e7,/root/workspace/vrb/vrbreproduction/outputs/100subaction-e12/experiments/E12/pipeline_outputs/subaction_14_P01_109_14/candidate_09_frame_001271_right,/root/workspace/vrb/vrbreproduction/outputs/100subaction-e12/experiments/E12/pipeline_outputs/subaction_14_P01_109_14/candidate_09_frame_001271_right/reference_frame.png,/root/workspace/vrb/vrbreproduction/outputs/100subaction-e12/experiments/E12/pipeline_outputs/subaction_14_P01_109_14/candidate_09_frame_001271_right/label_heatmap_merged_overlay.png,/root/workspace/vrb/vrbreproduction/outputs/100subaction-e12/experiments/E12/pipeline_outputs/subaction_14_P01_109_14/candidate_09_frame_001271_right/vrb_style_affordance.png,/root/workspace/vrb/vrbreproduction/outputs/100subaction-e12/experiments/E12/pipeline_outputs/subaction_14_P01_109_14/candidate_09_frame_001271_right/mask_projection_overlay.png
14,P01_109_14,put beer into drawer,put-into,beer,1273.0,right,new_contact_episode,1269.0,4.0,contact_part_local_affine,contact_part_local_affine,grabcut_fallback,bbox_fallback,cotracker,ready,,panel_edge_or_handle,3266,0.7342625899280576,3955.0,0.4232662671232877,True,3,0.0,contact_part_mask,26,0,True,0.7905882352941176,36,34,25,0.7352941176470589,1.545575499534607,3,0.0,0.4161993224435197,,,,,,,11.604710849264048,189,3,0.0,1.0,0.039336622807017545,0.0,0.0,0.0,96.26005796914669,142.66744113575277,1.0,local_target_clean,6.21804870248538,tier_1_local_target_clean,isotropic_e7,/root/workspace/vrb/vrbreproduction/outputs/100subaction-e12/experiments/E12/pipeline_outputs/subaction_14_P01_109_14/candidate_11_frame_001273_right,/root/workspace/vrb/vrbreproduction/outputs/100subaction-e12/experiments/E12/pipeline_outputs/subaction_14_P01_109_14/candidate_11_frame_001273_right/reference_frame.png,/root/workspace/vrb/vrbreproduction/outputs/100subaction-e12/experiments/E12/pipeline_outputs/subaction_14_P01_109_14/candidate_11_frame_001273_right/label_heatmap_merged_overlay.png,/root/workspace/vrb/vrbreproduction/outputs/100subaction-e12/experiments/E12/pipeline_outputs/subaction_14_P01_109_14/candidate_11_frame_001273_right/vrb_style_affordance.png,/root/workspace/vrb/vrbreproduction/outputs/100subaction-e12/experiments/E12/pipeline_outputs/subaction_14_P01_109_14/candidate_11_frame_001273_right/mask_projection_overlay.png
15,P01_109_15,put beer into drawer,put-into,beer,1298.0,left,continuation_entry_rescue,1297.0,1.0,contact_part_local_affine,contact_part_local_affine,grabcut_fallback,bbox_fallback,cotracker,ready,,panel_edge_or_handle,3772,0.6412784767086025,4328.0,0.2826541274817137,True,5,0.0,contact_part_mask,26,0,True,1.0,36,36,36,1.0,0.2452692985534668,5,0.0,0.4161993224435197,,,,,,,4.0156511471624015,76,5,0.15226666666666666,2.0,0.0703381990131579,0.19455329153605017,0.15226666666666666,0.3283271719038817,0.0,0.0,0.53326802507837,target_occluded_by_hand,-2.470990773880993,tier_4_target_occluded_by_hand,isotropic_e7,/root/workspace/vrb/vrbreproduction/outputs/100subaction-e12/experiments/E12/pipeline_outputs/subaction_15_P01_109_15/candidate_03_frame_001298_left,/root/workspace/vrb/vrbreproduction/outputs/100subaction-e12/experiments/E12/pipeline_outputs/subaction_15_P01_109_15/candidate_03_frame_001298_left/reference_frame.png,/root/workspace/vrb/vrbreproduction/outputs/100subaction-e12/experiments/E12/pipeline_outputs/subaction_15_P01_109_15/candidate_03_frame_001298_left/label_heatmap_merged_overlay.png,/root/workspace/vrb/vrbreproduction/outputs/100subaction-e12/experiments/E12/pipeline_outputs/subaction_15_P01_109_15/candidate_03_frame_001298_left/vrb_style_affordance.png,/root/workspace/vrb/vrbreproduction/outputs/100subaction-e12/experiments/E12/pipeline_outputs/subaction_15_P01_109_15/candidate_03_frame_001298_left/mask_projection_overlay.png
16,P01_109_16,close drawer,close,drawer,1345.0,left,new_contact_episode,1344.0,1.0,contact_part_local_affine,contact_part_local_affine,grabcut_fallback,bbox_fallback,cotracker,ready,,panel_edge_or_handle,5154,0.26089597570235384,5812.0,0.1415144874604334,True,5,0.0,contact_part_mask,26,0,True,1.0,36,35,35,1.0,0.4288967251777649,5,0.0,0.4161993224435197,,,,,,,4.007677531145424,101,5,0.2884,2.0,0.05743729440789474,0.11015339663988313,0.2884,0.40089470061940813,0.0,0.0,0.5839079620160702,target_occluded_by_hand,-2.4734555670992417,tier_4_target_occluded_by_hand,isotropic_e7,/root/workspace/vrb/vrbreproduction/outputs/100subaction-e12/experiments/E12/pipeline_outputs/subaction_16_P01_109_16/candidate_00_frame_001345_left,/root/workspace/vrb/vrbreproduction/outputs/100subaction-e12/experiments/E12/pipeline_outputs/subaction_16_P01_109_16/candidate_00_frame_001345_left/reference_frame.png,/root/workspace/vrb/vrbreproduction/outputs/100subaction-e12/experiments/E12/pipeline_outputs/subaction_16_P01_109_16/candidate_00_frame_001345_left/label_heatmap_merged_overlay.png,/root/workspace/vrb/vrbreproduction/outputs/100subaction-e12/experiments/E12/pipeline_outputs/subaction_16_P01_109_16/candidate_00_frame_001345_left/vrb_style_affordance.png,/root/workspace/vrb/vrbreproduction/outputs/100subaction-e12/experiments/E12/pipeline_outputs/subaction_16_P01_109_16/candidate_00_frame_001345_left/mask_projection_overlay.png
16,P01_109_16,close drawer,close,drawer,1347.0,left,new_contact_episode,1344.0,3.0,contact_part_local_affine,contact_part_local_affine,grabcut_fallback,bbox_fallback,cotracker,ready,,panel_edge_or_handle,4915,0.21513612886282063,6095.0,0.14486036838978014,True,5,0.0,contact_part_mask,26,0,True,0.9842424242424243,36,33,29,0.8787878787878788,0.699413537979126,5,0.0,0.4161993224435197,,,,,,,3.9507656671827327,106,5,0.2788,2.0,0.05743729440789474,0.10909090909090909,0.2788,0.38096800656275637,0.0,0.0,0.5845454545454546,target_occluded_by_hand,-2.4363125327384996,tier_4_target_occluded_by_hand,isotropic_e7,/root/workspace/vrb/vrbreproduction/outputs/100subaction-e12/experiments/E12/pipeline_outputs/subaction_16_P01_109_16/candidate_02_frame_001347_left,/root/workspace/vrb/vrbreproduction/outputs/100subaction-e12/experiments/E12/pipeline_outputs/subaction_16_P01_109_16/candidate_02_frame_001347_left/reference_frame.png,/root/workspace/vrb/vrbreproduction/outputs/100subaction-e12/experiments/E12/pipeline_outputs/subaction_16_P01_109_16/candidate_02_frame_001347_left/label_heatmap_merged_overlay.png,/root/workspace/vrb/vrbreproduction/outputs/100subaction-e12/experiments/E12/pipeline_outputs/subaction_16_P01_109_16/candidate_02_frame_001347_left/vrb_style_affordance.png,/root/workspace/vrb/vrbreproduction/outputs/100subaction-e12/experiments/E12/pipeline_outputs/subaction_16_P01_109_16/candidate_02_frame_001347_left/mask_projection_overlay.png
16,P01_109_16,close drawer,close,drawer,1354.0,left,new_contact_episode,1292.0,62.0,contact_part_local_affine,contact_part_local_affine,grabcut_fallback,bbox_fallback,cotracker,ready,,panel_edge_or_handle,6459,0.30798207133320615,2564.0,0.1969278033794163,True,3,0.0,contact_part_mask,26,0,True,0.812,36,10,9,0.9,1.0024017095565796,3,0.0,0.4161993224435197,,,,,,,6.679362850663294,105,3,0.10697777777777778,2.0,0.07925575657894737,0.16251920122887864,0.10697777777777778,0.08190327613104524,0.0,0.0,0.6978238926792094,target_partially_occluded,1.4924349019499905,tier_3_target_partially_occluded,isotropic_e7,/root/workspace/vrb/vrbreproduction/outputs/100subaction-e12/experiments/E12/pipeline_outputs/subaction_16_P01_109_16/candidate_08_frame_001354_left,/root/workspace/vrb/vrbreproduction/outputs/100subaction-e12/experiments/E12/pipeline_outputs/subaction_16_P01_109_16/candidate_08_frame_001354_left/reference_frame.png,/root/workspace/vrb/vrbreproduction/outputs/100subaction-e12/experiments/E12/pipeline_outputs/subaction_16_P01_109_16/candidate_08_frame_001354_left/label_heatmap_merged_overlay.png,/root/workspace/vrb/vrbreproduction/outputs/100subaction-e12/experiments/E12/pipeline_outputs/subaction_16_P01_109_16/candidate_08_frame_001354_left/vrb_style_affordance.png,/root/workspace/vrb/vrbreproduction/outputs/100subaction-e12/experiments/E12/pipeline_outputs/subaction_16_P01_109_16/candidate_08_frame_001354_left/mask_projection_overlay.png
17,P01_109_17,close freezer,close,freezer,1423.0,left,new_contact_episode,1420.0,3.0,contact_part_local_affine,contact_part_local_affine,grabcut_fallback,bbox_fallback,cotracker,ready,,panel_edge_or_handle,3189,0.1857742048234883,3423.0,0.07562301166489926,True,3,0.0,contact_part_mask,26,0,True,0.825,36,36,36,1.0,0.983549952507019,3,0.0,0.44213657927888206,,,,,,,11.859803722778956,103,3,0.0,1.0,0.00537109375,0.0,0.0,0.0,46.00001239776611,168.0000123977661,1.0,local_target_clean,6.288810221354167,tier_1_local_target_clean,isotropic_e7,/root/workspace/vrb/vrbreproduction/outputs/100subaction-e12/experiments/E12/pipeline_outputs/subaction_17_P01_109_17/candidate_01_frame_001423_left,/root/workspace/vrb/vrbreproduction/outputs/100subaction-e12/experiments/E12/pipeline_outputs/subaction_17_P01_109_17/candidate_01_frame_001423_left/reference_frame.png,/root/workspace/vrb/vrbreproduction/outputs/100subaction-e12/experiments/E12/pipeline_outputs/subaction_17_P01_109_17/candidate_01_frame_001423_left/label_heatmap_merged_overlay.png,/root/workspace/vrb/vrbreproduction/outputs/100subaction-e12/experiments/E12/pipeline_outputs/subaction_17_P01_109_17/candidate_01_frame_001423_left/vrb_style_affordance.png,/root/workspace/vrb/vrbreproduction/outputs/100subaction-e12/experiments/E12/pipeline_outputs/subaction_17_P01_109_17/candidate_01_frame_001423_left/mask_projection_overlay.png
18,P01_109_18,pick up rucksack,pick-up,rucksack,1496.0,right,new_contact_episode,1495.0,1.0,contact_part_local_affine,contact_part_local_affine,grabcut_fallback,bbox_fallback,cotracker,ready,,contact_local_boundary,11310,0.47942011784154975,12356.0,0.44645179939297586,True,5,0.0,contact_part_mask,26,0,False,1.0,36,36,36,1.0,0.5470360517501831,5,0.0,0.44213657927888206,,,,,,,8.09591820898026,252,5,0.10311111111111111,1.0,0.01987390350877193,0.06503830033241798,0.10311111111111111,0.14567821301392037,0.0,0.0,0.7570275215810608,target_partially_occluded,1.6183292905327669,tier_3_target_partially_occluded,isotropic_e7,/root/workspace/vrb/vrbreproduction/outputs/100subaction-e12/experiments/E12/pipeline_outputs/subaction_18_P01_109_18/candidate_00_frame_001496_right,/root/workspace/vrb/vrbreproduction/outputs/100subaction-e12/experiments/E12/pipeline_outputs/subaction_18_P01_109_18/candidate_00_frame_001496_right/reference_frame.png,/root/workspace/vrb/vrbreproduction/outputs/100subaction-e12/experiments/E12/pipeline_outputs/subaction_18_P01_109_18/candidate_00_frame_001496_right/label_heatmap_merged_overlay.png,/root/workspace/vrb/vrbreproduction/outputs/100subaction-e12/experiments/E12/pipeline_outputs/subaction_18_P01_109_18/candidate_00_frame_001496_right/vrb_style_affordance.png,/root/workspace/vrb/vrbreproduction/outputs/100subaction-e12/experiments/E12/pipeline_outputs/subaction_18_P01_109_18/candidate_00_frame_001496_right/mask_projection_overlay.png
18,P01_109_18,pick up rucksack,pick-up,rucksack,1498.0,right,new_contact_episode,1495.0,3.0,contact_part_local_affine,contact_part_local_affine,grabcut_fallback,bbox_fallback,cotracker,ready,,contact_local_boundary,11945,0.4778,12201.0,0.4338904694167852,True,5,0.0,contact_part_mask,26,0,False,0.9711111111111111,36,36,28,0.7777777777777778,1.377995252609253,5,0.0,0.44213657927888206,,,,,,,4.406118709985759,259,5,0.10311111111111111,1.0,0.01987390350877193,0.06685633001422475,0.10311111111111111,0.15408573067781328,0.0,0.0,0.7441661790425267,target_occluded_by_hand,-1.8989858768804084,tier_4_target_occluded_by_hand,isotropic_e7,/root/workspace/vrb/vrbreproduction/outputs/100subaction-e12/experiments/E12/pipeline_outputs/subaction_18_P01_109_18/candidate_02_frame_001498_right,/root/workspace/vrb/vrbreproduction/outputs/100subaction-e12/experiments/E12/pipeline_outputs/subaction_18_P01_109_18/candidate_02_frame_001498_right/reference_frame.png,/root/workspace/vrb/vrbreproduction/outputs/100subaction-e12/experiments/E12/pipeline_outputs/subaction_18_P01_109_18/candidate_02_frame_001498_right/label_heatmap_merged_overlay.png,/root/workspace/vrb/vrbreproduction/outputs/100subaction-e12/experiments/E12/pipeline_outputs/subaction_18_P01_109_18/candidate_02_frame_001498_right/vrb_style_affordance.png,/root/workspace/vrb/vrbreproduction/outputs/100subaction-e12/experiments/E12/pipeline_outputs/subaction_18_P01_109_18/candidate_02_frame_001498_right/mask_projection_overlay.png
18,P01_109_18,pick up rucksack,pick-up,rucksack,1518.0,right,new_contact_episode,1517.0,1.0,contact_part_local_affine,contact_part_local_affine,grabcut_fallback,bbox_fallback,cotracker,ready,,contact_local_boundary,8453,0.6600296712735223,9277.0,0.5649129216904153,True,5,0.0,contact_part_mask,26,0,False,0.9891666666666667,36,36,33,0.9166666666666666,0.665481686592102,5,0.0,0.5142734949771753,,,,,,,4.45376453429605,142,5,0.09813333333333334,1.0,0.018914473684210526,0.09803921568627451,0.09813333333333334,0.17354748302252884,0.0,0.0,0.698209994356695,target_occluded_by_hand,-1.9694376817728532,tier_4_target_occluded_by_hand,isotropic_e7,/root/workspace/vrb/vrbreproduction/outputs/100subaction-e12/experiments/E12/pipeline_outputs/subaction_18_P01_109_18/candidate_03_frame_001518_right,/root/workspace/vrb/vrbreproduction/outputs/100subaction-e12/experiments/E12/pipeline_outputs/subaction_18_P01_109_18/candidate_03_frame_001518_right/reference_frame.png,/root/workspace/vrb/vrbreproduction/outputs/100subaction-e12/experiments/E12/pipeline_outputs/subaction_18_P01_109_18/candidate_03_frame_001518_right/label_heatmap_merged_overlay.png,/root/workspace/vrb/vrbreproduction/outputs/100subaction-e12/experiments/E12/pipeline_outputs/subaction_18_P01_109_18/candidate_03_frame_001518_right/vrb_style_affordance.png,/root/workspace/vrb/vrbreproduction/outputs/100subaction-e12/experiments/E12/pipeline_outputs/subaction_18_P01_109_18/candidate_03_frame_001518_right/mask_projection_overlay.png
20,P01_109_20,close door,close,door,1827.0,left,new_contact_episode,1812.0,15.0,contact_part_local_affine,contact_part_local_affine,grabcut_fallback,bbox_fallback,cotracker,ready,,panel_edge_or_handle,4045,0.17683833173034888,4450.0,0.14730221780867261,True,5,0.0,contact_part_mask,26,0,True,0.962857142857143,36,14,10,0.7142857142857143,1.8551788330078125,5,0.0,0.1839207374730339,,,,,,,12.094847262436165,296,5,0.0,1.0,0.017706620065789474,0.0,0.0,0.0,27.0,105.0,1.0,local_target_clean,6.263111208196272,tier_1_local_target_clean,isotropic_e7,/root/workspace/vrb/vrbreproduction/outputs/100subaction-e12/experiments/E12/pipeline_outputs/subaction_20_P01_109_20/candidate_00_frame_001827_left,/root/workspace/vrb/vrbreproduction/outputs/100subaction-e12/experiments/E12/pipeline_outputs/subaction_20_P01_109_20/candidate_00_frame_001827_left/reference_frame.png,/root/workspace/vrb/vrbreproduction/outputs/100subaction-e12/experiments/E12/pipeline_outputs/subaction_20_P01_109_20/candidate_00_frame_001827_left/label_heatmap_merged_overlay.png,/root/workspace/vrb/vrbreproduction/outputs/100subaction-e12/experiments/E12/pipeline_outputs/subaction_20_P01_109_20/candidate_00_frame_001827_left/vrb_style_affordance.png,/root/workspace/vrb/vrbreproduction/outputs/100subaction-e12/experiments/E12/pipeline_outputs/subaction_20_P01_109_20/candidate_00_frame_001827_left/mask_projection_overlay.png
20,P01_109_20,close door,close,door,1829.0,left,new_contact_episode,1813.0,16.0,contact_part_local_affine,contact_part_local_affine,grabcut_fallback,bbox_fallback,cotracker,ready,,panel_edge_or_handle,4098,0.15488113685324464,3960.0,0.12786567646109137,True,5,0.0,contact_part_mask,26,0,True,0.9881818181818183,36,11,10,0.9090909090909091,1.6339449882507324,5,0.0,0.1839207374730339,,,,,,,12.242900312357168,337,5,0.0,1.0,0.01679002192982456,0.0,0.0,0.0,15.0,98.0,1.0,local_target_clean,6.265020787646199,tier_1_local_target_clean,isotropic_e7,/root/workspace/vrb/vrbreproduction/outputs/100subaction-e12/experiments/E12/pipeline_outputs/subaction_20_P01_109_20/candidate_02_frame_001829_left,/root/workspace/vrb/vrbreproduction/outputs/100subaction-e12/experiments/E12/pipeline_outputs/subaction_20_P01_109_20/candidate_02_frame_001829_left/reference_frame.png,/root/workspace/vrb/vrbreproduction/outputs/100subaction-e12/experiments/E12/pipeline_outputs/subaction_20_P01_109_20/candidate_02_frame_001829_left/label_heatmap_merged_overlay.png,/root/workspace/vrb/vrbreproduction/outputs/100subaction-e12/experiments/E12/pipeline_outputs/subaction_20_P01_109_20/candidate_02_frame_001829_left/vrb_style_affordance.png,/root/workspace/vrb/vrbreproduction/outputs/100subaction-e12/experiments/E12/pipeline_outputs/subaction_20_P01_109_20/candidate_02_frame_001829_left/mask_projection_overlay.png
20,P01_109_20,close door,close,door,1906.0,right,new_contact_episode,1895.0,11.0,contact_part_local_affine,contact_part_local_affine,grabcut_fallback,bbox_fallback,cotracker,ready,,panel_edge_or_handle,2797,0.19103886346561028,5961.0,0.2748017702378757,True,5,0.0,contact_part_mask,26,0,True,0.9961764705882353,36,34,33,0.9705882352941176,1.0967849493026733,5,0.0,0.22354532295489934,,,,,,,14.088589203794532,52,5,0.0,0.0,0.0,0.0,0.0,0.0,522.945503852935,522.945503852935,1.0,strict_target_handless,8.0,tier_0_strict_target_handless,isotropic_e7,/root/workspace/vrb/vrbreproduction/outputs/100subaction-e12/experiments/E12/pipeline_outputs/subaction_20_P01_109_20/candidate_11_frame_001906_right,/root/workspace/vrb/vrbreproduction/outputs/100subaction-e12/experiments/E12/pipeline_outputs/subaction_20_P01_109_20/candidate_11_frame_001906_right/reference_frame.png,/root/workspace/vrb/vrbreproduction/outputs/100subaction-e12/experiments/E12/pipeline_outputs/subaction_20_P01_109_20/candidate_11_frame_001906_right/label_heatmap_merged_overlay.png,/root/workspace/vrb/vrbreproduction/outputs/100subaction-e12/experiments/E12/pipeline_outputs/subaction_20_P01_109_20/candidate_11_frame_001906_right/vrb_style_affordance.png,/root/workspace/vrb/vrbreproduction/outputs/100subaction-e12/experiments/E12/pipeline_outputs/subaction_20_P01_109_20/candidate_11_frame_001906_right/mask_projection_overlay.png
23,P01_109_23,pick up spoon,pick-up,spoon,2215.0,right,new_contact_episode,2204.0,11.0,contact_part_local_affine,contact_part_local_affine,grabcut_fallback,bbox_fallback,cotracker,ready,,contact_local_boundary,1342,1.0,3900.0,0.8436080467229072,True,5,0.0,contact_part_mask,26,0,False,1.0,36,36,36,1.0,0.28497934341430664,5,0.0,0.2230009255272845,,,,,,,14.209421139281178,125,5,0.0,0.0,0.0,0.0,0.0,0.0,522.945503852935,522.945503852935,0.7666666666666666,strict_target_handless,8.0,tier_0_strict_target_handless,isotropic_e7,/root/workspace/vrb/vrbreproduction/outputs/100subaction-e12/experiments/E12/pipeline_outputs/subaction_23_P01_109_23/candidate_02_frame_002215_right,/root/workspace/vrb/vrbreproduction/outputs/100subaction-e12/experiments/E12/pipeline_outputs/subaction_23_P01_109_23/candidate_02_frame_002215_right/reference_frame.png,/root/workspace/vrb/vrbreproduction/outputs/100subaction-e12/experiments/E12/pipeline_outputs/subaction_23_P01_109_23/candidate_02_frame_002215_right/label_heatmap_merged_overlay.png,/root/workspace/vrb/vrbreproduction/outputs/100subaction-e12/experiments/E12/pipeline_outputs/subaction_23_P01_109_23/candidate_02_frame_002215_right/vrb_style_affordance.png,/root/workspace/vrb/vrbreproduction/outputs/100subaction-e12/experiments/E12/pipeline_outputs/subaction_23_P01_109_23/candidate_02_frame_002215_right/mask_projection_overlay.png
27,P01_109_27,pour hand wash,pour,wash:hand,2468.0,right,new_contact_episode,2450.0,18.0,contact_part_local_affine,contact_part_local_affine,grabcut_fallback,bbox_fallback,cotracker,ready,,contact_local_boundary,1598,1.0,1765.0,0.9676535087719298,True,4,0.0,contact_part_mask,26,0,False,0.8362931034482759,36,29,12,0.41379310344827586,1.7119684219360352,4,0.0,0.21782057923576176,,,,,,,9.896385764415966,19,4,0.07471111111111112,1.0,0.022829290021929825,0.0,0.07471111111111112,0.0,25.0,25.0,0.7206896551724138,hand_visible_target_not_occluded,4.552438979120979,tier_2_hand_visible_target_not_occluded,isotropic_e7,/root/workspace/vrb/vrbreproduction/outputs/100subaction-e12/experiments/E12/pipeline_outputs/subaction_27_P01_109_27/candidate_00_frame_002468_right,/root/workspace/vrb/vrbreproduction/outputs/100subaction-e12/experiments/E12/pipeline_outputs/subaction_27_P01_109_27/candidate_00_frame_002468_right/reference_frame.png,/root/workspace/vrb/vrbreproduction/outputs/100subaction-e12/experiments/E12/pipeline_outputs/subaction_27_P01_109_27/candidate_00_frame_002468_right/label_heatmap_merged_overlay.png,/root/workspace/vrb/vrbreproduction/outputs/100subaction-e12/experiments/E12/pipeline_outputs/subaction_27_P01_109_27/candidate_00_frame_002468_right/vrb_style_affordance.png,/root/workspace/vrb/vrbreproduction/outputs/100subaction-e12/experiments/E12/pipeline_outputs/subaction_27_P01_109_27/candidate_00_frame_002468_right/mask_projection_overlay.png
27,P01_109_27,pour hand wash,pour,wash:hand,2470.0,right,new_contact_episode,2448.0,22.0,contact_part_local_affine,contact_part_local_affine,grabcut_fallback,bbox_fallback,cotracker,ready,,contact_local_boundary,1734,1.0,1803.0,0.9434850863422292,True,4,0.0,contact_part_mask,26,0,False,0.8605,36,20,12,0.6,1.0846202373504639,4,0.0,0.21782057923576176,,,,,,,11.643196787455551,18,4,0.038,1.0,0.02544202302631579,0.0,0.038,0.0,53.0,53.0,0.7450000000000001,local_target_clean,6.246995785361842,tier_1_local_target_clean,isotropic_e7,/root/workspace/vrb/vrbreproduction/outputs/100subaction-e12/experiments/E12/pipeline_outputs/subaction_27_P01_109_27/candidate_02_frame_002470_right,/root/workspace/vrb/vrbreproduction/outputs/100subaction-e12/experiments/E12/pipeline_outputs/subaction_27_P01_109_27/candidate_02_frame_002470_right/reference_frame.png,/root/workspace/vrb/vrbreproduction/outputs/100subaction-e12/experiments/E12/pipeline_outputs/subaction_27_P01_109_27/candidate_02_frame_002470_right/label_heatmap_merged_overlay.png,/root/workspace/vrb/vrbreproduction/outputs/100subaction-e12/experiments/E12/pipeline_outputs/subaction_27_P01_109_27/candidate_02_frame_002470_right/vrb_style_affordance.png,/root/workspace/vrb/vrbreproduction/outputs/100subaction-e12/experiments/E12/pipeline_outputs/subaction_27_P01_109_27/candidate_02_frame_002470_right/mask_projection_overlay.png
27,P01_109_27,pour hand wash,pour,wash:hand,2484.0,right,new_contact_episode,2482.0,2.0,contact_part_local_affine,contact_part_local_affine,grabcut_fallback,bbox_fallback,cotracker,ready,,contact_local_boundary,2242,0.9614065180102916,2335.0,0.9609053497942387,True,5,0.0,contact_part_mask,26,0,False,1.0,36,36,36,1.0,0.3632235527038574,5,0.0,0.21782057923576176,,,,,,,3.9194914936173193,69,5,0.08444444444444445,1.0,0.016276041666666668,0.31275720164609055,0.08444444444444445,0.32548179871520344,0.0,0.0,0.4623456790123457,target_occluded_by_hand,-2.495084299801564,tier_4_target_occluded_by_hand,isotropic_e7,/root/workspace/vrb/vrbreproduction/outputs/100subaction-e12/experiments/E12/pipeline_outputs/subaction_27_P01_109_27/candidate_06_frame_002484_right,/root/workspace/vrb/vrbreproduction/outputs/100subaction-e12/experiments/E12/pipeline_outputs/subaction_27_P01_109_27/candidate_06_frame_002484_right/reference_frame.png,/root/workspace/vrb/vrbreproduction/outputs/100subaction-e12/experiments/E12/pipeline_outputs/subaction_27_P01_109_27/candidate_06_frame_002484_right/label_heatmap_merged_overlay.png,/root/workspace/vrb/vrbreproduction/outputs/100subaction-e12/experiments/E12/pipeline_outputs/subaction_27_P01_109_27/candidate_06_frame_002484_right/vrb_style_affordance.png,/root/workspace/vrb/vrbreproduction/outputs/100subaction-e12/experiments/E12/pipeline_outputs/subaction_27_P01_109_27/candidate_06_frame_002484_right/mask_projection_overlay.png
28,P01_109_28,wash hands,wash,hand,2484.0,right,new_contact_episode,2482.0,2.0,contact_part_local_affine,contact_part_local_affine,grabcut_fallback,bbox_fallback,cotracker,ready,,contact_local_boundary,2242,0.9614065180102916,2335.0,0.9609053497942387,True,5,0.0,contact_part_mask,26,0,False,1.0,36,36,36,1.0,0.3632235527038574,5,0.0,0.21782057923576176,,,,,,,3.9194914936173193,69,5,0.08444444444444445,1.0,0.016276041666666668,0.31275720164609055,0.08444444444444445,0.32548179871520344,0.0,0.0,0.4623456790123457,target_occluded_by_hand,-2.495084299801564,tier_4_target_occluded_by_hand,isotropic_e7,/root/workspace/vrb/vrbreproduction/outputs/100subaction-e12/experiments/E12/pipeline_outputs/subaction_28_P01_109_28/candidate_00_frame_002484_right,/root/workspace/vrb/vrbreproduction/outputs/100subaction-e12/experiments/E12/pipeline_outputs/subaction_28_P01_109_28/candidate_00_frame_002484_right/reference_frame.png,/root/workspace/vrb/vrbreproduction/outputs/100subaction-e12/experiments/E12/pipeline_outputs/subaction_28_P01_109_28/candidate_00_frame_002484_right/label_heatmap_merged_overlay.png,/root/workspace/vrb/vrbreproduction/outputs/100subaction-e12/experiments/E12/pipeline_outputs/subaction_28_P01_109_28/candidate_00_frame_002484_right/vrb_style_affordance.png,/root/workspace/vrb/vrbreproduction/outputs/100subaction-e12/experiments/E12/pipeline_outputs/subaction_28_P01_109_28/candidate_00_frame_002484_right/mask_projection_overlay.png
31,P01_109_31,turn off tap,turn-off,tap,2968.0,left,new_contact_episode,2962.0,6.0,contact_part_local_affine,contact_part_local_affine,grabcut_fallback,bbox_fallback,cotracker,ready,,tap_knob_or_spout_edge,22,1.0,4877.0,0.8642566010987064,True,5,0.0,contact_part_mask,22,0,False,1.0,36,36,36,1.0,0.7829403877258301,5,0.0,0.773420926196382,,,,,,,10.802105213592649,21,5,0.08773333333333333,2.0,0.031575520833333336,0.006025163919900762,0.08773333333333333,0.006971498872257536,0.0,0.0,0.986624803226899,hand_visible_target_not_occluded,4.514438770256611,tier_2_hand_visible_target_not_occluded,isotropic_e7,/root/workspace/vrb/vrbreproduction/outputs/100subaction-e12/experiments/E12/pipeline_outputs/subaction_31_P01_109_31/candidate_00_frame_002968_left,/root/workspace/vrb/vrbreproduction/outputs/100subaction-e12/experiments/E12/pipeline_outputs/subaction_31_P01_109_31/candidate_00_frame_002968_left/reference_frame.png,/root/workspace/vrb/vrbreproduction/outputs/100subaction-e12/experiments/E12/pipeline_outputs/subaction_31_P01_109_31/candidate_00_frame_002968_left/label_heatmap_merged_overlay.png,/root/workspace/vrb/vrbreproduction/outputs/100subaction-e12/experiments/E12/pipeline_outputs/subaction_31_P01_109_31/candidate_00_frame_002968_left/vrb_style_affordance.png,/root/workspace/vrb/vrbreproduction/outputs/100subaction-e12/experiments/E12/pipeline_outputs/subaction_31_P01_109_31/candidate_00_frame_002968_left/mask_projection_overlay.png
31,P01_109_31,turn off tap,turn-off,tap,2970.0,left,new_contact_episode,2958.0,12.0,contact_part_local_affine,contact_part_local_affine,grabcut_fallback,bbox_fallback,cotracker,ready,,tap_knob_or_spout_edge,3539,0.5765721733463669,3591.0,0.6317733990147784,True,5,0.0,contact_part_mask,26,0,False,0.961764705882353,36,34,24,0.7058823529411765,0.8221122622489929,5,0.0,0.773420926196382,,,,,,,10.486947828770603,29,5,0.08222222222222222,2.0,0.03355434484649123,0.0,0.08222222222222222,0.0,12.0,12.0,0.9558823529411764,hand_visible_target_not_occluded,4.530095114903143,tier_2_hand_visible_target_not_occluded,isotropic_e7,/root/workspace/vrb/vrbreproduction/outputs/100subaction-e12/experiments/E12/pipeline_outputs/subaction_31_P01_109_31/candidate_02_frame_002970_left,/root/workspace/vrb/vrbreproduction/outputs/100subaction-e12/experiments/E12/pipeline_outputs/subaction_31_P01_109_31/candidate_02_frame_002970_left/reference_frame.png,/root/workspace/vrb/vrbreproduction/outputs/100subaction-e12/experiments/E12/pipeline_outputs/subaction_31_P01_109_31/candidate_02_frame_002970_left/label_heatmap_merged_overlay.png,/root/workspace/vrb/vrbreproduction/outputs/100subaction-e12/experiments/E12/pipeline_outputs/subaction_31_P01_109_31/candidate_02_frame_002970_left/vrb_style_affordance.png,/root/workspace/vrb/vrbreproduction/outputs/100subaction-e12/experiments/E12/pipeline_outputs/subaction_31_P01_109_31/candidate_02_frame_002970_left/mask_projection_overlay.png
31,P01_109_31,turn off tap,turn-off,tap,2978.0,left,new_contact_episode,2977.0,1.0,contact_part_local_affine,contact_part_local_affine,grabcut_fallback,bbox_fallback,cotracker,ready,,tap_knob_or_spout_edge,3431,0.6320928518791452,3533.0,0.6653483992467043,True,5,0.0,contact_part_mask,26,0,False,1.0,36,36,36,1.0,0.43255674839019775,5,0.0,0.7543074510206053,,,,,,,4.363334930575014,19,5,0.0752,2.0,0.031070106907894735,0.1423728813559322,0.0752,0.21228417775261818,0.0,0.0,0.5757117556661084,target_occluded_by_hand,-2.1176883669732787,tier_4_target_occluded_by_hand,isotropic_e7,/root/workspace/vrb/vrbreproduction/outputs/100subaction-e12/experiments/E12/pipeline_outputs/subaction_31_P01_109_31/candidate_03_frame_002978_left,/root/workspace/vrb/vrbreproduction/outputs/100subaction-e12/experiments/E12/pipeline_outputs/subaction_31_P01_109_31/candidate_03_frame_002978_left/reference_frame.png,/root/workspace/vrb/vrbreproduction/outputs/100subaction-e12/experiments/E12/pipeline_outputs/subaction_31_P01_109_31/candidate_03_frame_002978_left/label_heatmap_merged_overlay.png,/root/workspace/vrb/vrbreproduction/outputs/100subaction-e12/experiments/E12/pipeline_outputs/subaction_31_P01_109_31/candidate_03_frame_002978_left/vrb_style_affordance.png,/root/workspace/vrb/vrbreproduction/outputs/100subaction-e12/experiments/E12/pipeline_outputs/subaction_31_P01_109_31/candidate_03_frame_002978_left/mask_projection_overlay.png
32,P01_109_32,shake hands,shake,hand,3009.0,left,new_contact_episode,2985.0,24.0,contact_part_local_affine,contact_part_local_affine,grabcut_fallback,bbox_fallback,cotracker,ready,,contact_local_boundary,22434,0.48046774608069903,10714.0,0.4091343032802536,True,4,0.0,contact_part_mask,26,0,False,0.871875,36,16,11,0.6875,1.4751930236816406,4,0.0,0.6057073726004573,,,,,,,7.016285207624665,142,4,0.13426666666666667,2.0,0.03204666940789474,0.10497575132699431,0.13426666666666667,0.10696285234272913,0.0,0.0,0.6185165559239826,target_partially_occluded,1.6147320695909138,tier_3_target_partially_occluded,isotropic_e7,/root/workspace/vrb/vrbreproduction/outputs/100subaction-e12/experiments/E12/pipeline_outputs/subaction_32_P01_109_32/candidate_00_frame_003009_left,/root/workspace/vrb/vrbreproduction/outputs/100subaction-e12/experiments/E12/pipeline_outputs/subaction_32_P01_109_32/candidate_00_frame_003009_left/reference_frame.png,/root/workspace/vrb/vrbreproduction/outputs/100subaction-e12/experiments/E12/pipeline_outputs/subaction_32_P01_109_32/candidate_00_frame_003009_left/label_heatmap_merged_overlay.png,/root/workspace/vrb/vrbreproduction/outputs/100subaction-e12/experiments/E12/pipeline_outputs/subaction_32_P01_109_32/candidate_00_frame_003009_left/vrb_style_affordance.png,/root/workspace/vrb/vrbreproduction/outputs/100subaction-e12/experiments/E12/pipeline_outputs/subaction_32_P01_109_32/candidate_00_frame_003009_left/mask_projection_overlay.png
32,P01_109_32,shake hands,shake,hand,3011.0,left,new_contact_episode,3008.0,3.0,contact_part_local_affine,contact_part_local_affine,grabcut_fallback,bbox_fallback,cotracker,ready,,contact_local_boundary,20464,0.49082579809560356,15704.0,0.3612606395215091,True,3,0.0,contact_part_mask,26,10,False,0.7804285714285715,36,35,23,0.6571428571428571,0.4797767400741577,3,0.0,0.6057073726004573,,,,,,,2.8441474695000784,228,3,0.5736888888888889,2.0,0.15552186129385964,0.41764435242696113,0.5736888888888889,0.17396841569027,0.0,0.0,0.4535870751764792,target_occluded_by_hand,-2.564316371154839,tier_4_target_occluded_by_hand,isotropic_e7,/root/workspace/vrb/vrbreproduction/outputs/100subaction-e12/experiments/E12/pipeline_outputs/subaction_32_P01_109_32/candidate_02_frame_003011_left,/root/workspace/vrb/vrbreproduction/outputs/100subaction-e12/experiments/E12/pipeline_outputs/subaction_32_P01_109_32/candidate_02_frame_003011_left/reference_frame.png,/root/workspace/vrb/vrbreproduction/outputs/100subaction-e12/experiments/E12/pipeline_outputs/subaction_32_P01_109_32/candidate_02_frame_003011_left/label_heatmap_merged_overlay.png,/root/workspace/vrb/vrbreproduction/outputs/100subaction-e12/experiments/E12/pipeline_outputs/subaction_32_P01_109_32/candidate_02_frame_003011_left/vrb_style_affordance.png,/root/workspace/vrb/vrbreproduction/outputs/100subaction-e12/experiments/E12/pipeline_outputs/subaction_32_P01_109_32/candidate_02_frame_003011_left/mask_projection_overlay.png
33,P01_109_33,pick up cloth,pick-up,cloth,3089.0,left,new_contact_episode,3086.0,3.0,contact_part_local_affine,contact_part_local_affine,grabcut_fallback,bbox_fallback,cotracker,ready,,contact_local_boundary,2635,0.8932203389830509,2765.0,0.9247491638795987,True,5,0.0,contact_part_mask,26,0,False,1.0,36,36,36,1.0,0.6736873388290405,5,0.0,0.18936687247033335,,,,,,,14.430289379835127,48,5,0.0,0.0,0.0,0.0,0.0,0.0,522.945503852935,522.945503852935,0.9833333333333334,strict_target_handless,8.0,tier_0_strict_target_handless,isotropic_e7,/root/workspace/vrb/vrbreproduction/outputs/100subaction-e12/experiments/E12/pipeline_outputs/subaction_33_P01_109_33/candidate_01_frame_003089_left,/root/workspace/vrb/vrbreproduction/outputs/100subaction-e12/experiments/E12/pipeline_outputs/subaction_33_P01_109_33/candidate_01_frame_003089_left/reference_frame.png,/root/workspace/vrb/vrbreproduction/outputs/100subaction-e12/experiments/E12/pipeline_outputs/subaction_33_P01_109_33/candidate_01_frame_003089_left/label_heatmap_merged_overlay.png,/root/workspace/vrb/vrbreproduction/outputs/100subaction-e12/experiments/E12/pipeline_outputs/subaction_33_P01_109_33/candidate_01_frame_003089_left/vrb_style_affordance.png,/root/workspace/vrb/vrbreproduction/outputs/100subaction-e12/experiments/E12/pipeline_outputs/subaction_33_P01_109_33/candidate_01_frame_003089_left/mask_projection_overlay.png
33,P01_109_33,pick up cloth,pick-up,cloth,3122.0,left,new_contact_episode,3119.0,3.0,contact_part_local_affine,contact_part_local_affine,grabcut_fallback,bbox_fallback,cotracker,ready,,contact_local_boundary,1968,1.0,3306.0,1.0,True,5,0.0,contact_part_mask,26,0,False,1.0,36,35,35,1.0,0.5307922959327698,5,0.0,0.18936687247033335,,,,,,,14.372986643622015,89,5,0.0,0.0,0.0,0.0,0.0,0.0,522.945503852935,522.945503852935,1.0,strict_target_handless,8.0,tier_0_strict_target_handless,isotropic_e7,/root/workspace/vrb/vrbreproduction/outputs/100subaction-e12/experiments/E12/pipeline_outputs/subaction_33_P01_109_33/candidate_04_frame_003122_left,/root/workspace/vrb/vrbreproduction/outputs/100subaction-e12/experiments/E12/pipeline_outputs/subaction_33_P01_109_33/candidate_04_frame_003122_left/reference_frame.png,/root/workspace/vrb/vrbreproduction/outputs/100subaction-e12/experiments/E12/pipeline_outputs/subaction_33_P01_109_33/candidate_04_frame_003122_left/label_heatmap_merged_overlay.png,/root/workspace/vrb/vrbreproduction/outputs/100subaction-e12/experiments/E12/pipeline_outputs/subaction_33_P01_109_33/candidate_04_frame_003122_left/vrb_style_affordance.png,/root/workspace/vrb/vrbreproduction/outputs/100subaction-e12/experiments/E12/pipeline_outputs/subaction_33_P01_109_33/candidate_04_frame_003122_left/mask_projection_overlay.png
33,P01_109_33,pick up cloth,pick-up,cloth,3137.0,right,new_contact_episode,3134.0,3.0,contact_part_local_affine,contact_part_local_affine,grabcut_fallback,bbox_fallback,cotracker,ready,,contact_local_boundary,1534,1.0,3325.0,0.9546368073499857,True,5,0.0,contact_part_mask,26,0,False,0.9582142857142857,36,28,19,0.6785714285714286,0.7803527116775513,5,0.0,0.18936687247033335,,,,,,,14.169428402578244,93,5,0.0,0.0,0.0,0.0,0.0,0.0,522.945503852935,522.945503852935,1.0,strict_target_handless,8.0,tier_0_strict_target_handless,isotropic_e7,/root/workspace/vrb/vrbreproduction/outputs/100subaction-e12/experiments/E12/pipeline_outputs/subaction_33_P01_109_33/candidate_07_frame_003137_right,/root/workspace/vrb/vrbreproduction/outputs/100subaction-e12/experiments/E12/pipeline_outputs/subaction_33_P01_109_33/candidate_07_frame_003137_right/reference_frame.png,/root/workspace/vrb/vrbreproduction/outputs/100subaction-e12/experiments/E12/pipeline_outputs/subaction_33_P01_109_33/candidate_07_frame_003137_right/label_heatmap_merged_overlay.png,/root/workspace/vrb/vrbreproduction/outputs/100subaction-e12/experiments/E12/pipeline_outputs/subaction_33_P01_109_33/candidate_07_frame_003137_right/vrb_style_affordance.png,/root/workspace/vrb/vrbreproduction/outputs/100subaction-e12/experiments/E12/pipeline_outputs/subaction_33_P01_109_33/candidate_07_frame_003137_right/mask_projection_overlay.png
34,P01_109_34,dry hands,dry,hand,3122.0,left,new_contact_episode,3119.0,3.0,contact_part_local_affine,contact_part_local_affine,grabcut_fallback,bbox_fallback,cotracker,ready,,contact_local_boundary,1968,1.0,3306.0,1.0,True,5,0.0,contact_part_mask,26,0,False,1.0,36,35,35,1.0,0.5307922959327698,5,0.0,0.18936687247033335,,,,,,,14.372986643622015,89,5,0.0,0.0,0.0,0.0,0.0,0.0,522.945503852935,522.945503852935,1.0,strict_target_handless,8.0,tier_0_strict_target_handless,isotropic_e7,/root/workspace/vrb/vrbreproduction/outputs/100subaction-e12/experiments/E12/pipeline_outputs/subaction_34_P01_109_34/candidate_01_frame_003122_left,/root/workspace/vrb/vrbreproduction/outputs/100subaction-e12/experiments/E12/pipeline_outputs/subaction_34_P01_109_34/candidate_01_frame_003122_left/reference_frame.png,/root/workspace/vrb/vrbreproduction/outputs/100subaction-e12/experiments/E12/pipeline_outputs/subaction_34_P01_109_34/candidate_01_frame_003122_left/label_heatmap_merged_overlay.png,/root/workspace/vrb/vrbreproduction/outputs/100subaction-e12/experiments/E12/pipeline_outputs/subaction_34_P01_109_34/candidate_01_frame_003122_left/vrb_style_affordance.png,/root/workspace/vrb/vrbreproduction/outputs/100subaction-e12/experiments/E12/pipeline_outputs/subaction_34_P01_109_34/candidate_01_frame_003122_left/mask_projection_overlay.png
34,P01_109_34,dry hands,dry,hand,3137.0,right,new_contact_episode,3134.0,3.0,contact_part_local_affine,contact_part_local_affine,grabcut_fallback,bbox_fallback,cotracker,ready,,contact_local_boundary,1534,1.0,3325.0,0.9546368073499857,True,5,0.0,contact_part_mask,26,0,False,0.9582142857142857,36,28,19,0.6785714285714286,0.7803527116775513,5,0.0,0.18936687247033335,,,,,,,14.169428402578244,93,5,0.0,0.0,0.0,0.0,0.0,0.0,522.945503852935,522.945503852935,1.0,strict_target_handless,8.0,tier_0_strict_target_handless,isotropic_e7,/root/workspace/vrb/vrbreproduction/outputs/100subaction-e12/experiments/E12/pipeline_outputs/subaction_34_P01_109_34/candidate_04_frame_003137_right,/root/workspace/vrb/vrbreproduction/outputs/100subaction-e12/experiments/E12/pipeline_outputs/subaction_34_P01_109_34/candidate_04_frame_003137_right/reference_frame.png,/root/workspace/vrb/vrbreproduction/outputs/100subaction-e12/experiments/E12/pipeline_outputs/subaction_34_P01_109_34/candidate_04_frame_003137_right/label_heatmap_merged_overlay.png,/root/workspace/vrb/vrbreproduction/outputs/100subaction-e12/experiments/E12/pipeline_outputs/subaction_34_P01_109_34/candidate_04_frame_003137_right/vrb_style_affordance.png,/root/workspace/vrb/vrbreproduction/outputs/100subaction-e12/experiments/E12/pipeline_outputs/subaction_34_P01_109_34/candidate_04_frame_003137_right/mask_projection_overlay.png
34,P01_109_34,dry hands,dry,hand,3148.0,left,new_contact_episode,3146.0,2.0,contact_part_local_affine,contact_part_local_affine,grabcut_fallback,bbox_fallback,cotracker,ready,,contact_local_boundary,250,1.0,820.0,1.0,True,5,0.0,contact_part_mask,26,0,False,1.0,36,25,25,1.0,0.3742324113845825,5,0.0,0.18936687247033335,,,,,,,3.4509133538813166,46,5,0.13364444444444445,2.0,0.03348581414473684,0.4853658536585366,0.13364444444444445,0.4853658536585366,0.0,0.0,0.1481465643274854,target_occluded_by_hand,-3.025859673777145,tier_4_target_occluded_by_hand,isotropic_e7,/root/workspace/vrb/vrbreproduction/outputs/100subaction-e12/experiments/E12/pipeline_outputs/subaction_34_P01_109_34/candidate_08_frame_003148_left,/root/workspace/vrb/vrbreproduction/outputs/100subaction-e12/experiments/E12/pipeline_outputs/subaction_34_P01_109_34/candidate_08_frame_003148_left/reference_frame.png,/root/workspace/vrb/vrbreproduction/outputs/100subaction-e12/experiments/E12/pipeline_outputs/subaction_34_P01_109_34/candidate_08_frame_003148_left/label_heatmap_merged_overlay.png,/root/workspace/vrb/vrbreproduction/outputs/100subaction-e12/experiments/E12/pipeline_outputs/subaction_34_P01_109_34/candidate_08_frame_003148_left/vrb_style_affordance.png,/root/workspace/vrb/vrbreproduction/outputs/100subaction-e12/experiments/E12/pipeline_outputs/subaction_34_P01_109_34/candidate_08_frame_003148_left/mask_projection_overlay.png
37,P01_109_37,put down potatoes,put-down,potato,3550.0,left,new_contact_episode,3548.0,2.0,contact_part_local_affine,contact_part_local_affine,grabcut_fallback,bbox_fallback,cotracker,ready,,small_object_whole_mask_allowed,1209,1.0,1440.0,1.0,True,5,0.0,contact_part_mask,26,0,False,0.9958064516129033,36,31,30,0.967741935483871,1.241654872894287,5,0.0,0.6259262213403788,,,,,,,2.6977187506589915,28,5,0.25924444444444444,2.0,0.06489000822368421,0.6888888888888889,0.25924444444444444,0.6888888888888889,0.0,0.0,0.3515067911714772,target_occluded_by_hand,-3.701854183799342,tier_4_target_occluded_by_hand,isotropic_e7,/root/workspace/vrb/vrbreproduction/outputs/100subaction-e12/experiments/E12/pipeline_outputs/subaction_37_P01_109_37/candidate_01_frame_003550_left,/root/workspace/vrb/vrbreproduction/outputs/100subaction-e12/experiments/E12/pipeline_outputs/subaction_37_P01_109_37/candidate_01_frame_003550_left/reference_frame.png,/root/workspace/vrb/vrbreproduction/outputs/100subaction-e12/experiments/E12/pipeline_outputs/subaction_37_P01_109_37/candidate_01_frame_003550_left/label_heatmap_merged_overlay.png,/root/workspace/vrb/vrbreproduction/outputs/100subaction-e12/experiments/E12/pipeline_outputs/subaction_37_P01_109_37/candidate_01_frame_003550_left/vrb_style_affordance.png,/root/workspace/vrb/vrbreproduction/outputs/100subaction-e12/experiments/E12/pipeline_outputs/subaction_37_P01_109_37/candidate_01_frame_003550_left/mask_projection_overlay.png
38,P01_109_38,move potatoes,move,potato,3654.0,left,new_contact_episode,3645.0,9.0,contact_part_local_affine,contact_part_local_affine,grabcut_fallback,bbox_fallback,cotracker,ready,,small_object_whole_mask_allowed,2144,0.9727767695099818,19983.0,0.3660761719823401,True,5,0.0,contact_part_mask,26,0,False,0.9614814814814815,36,27,19,0.7037037037037037,0.4767744243144989,5,0.0,0.20155983860272014,,,,,,,7.698429715335183,49,5,0.16213333333333332,2.0,0.05192913925438596,0.10421895323062268,0.16213333333333332,0.12205374568383126,0.0,0.0,0.7665933841042627,target_partially_occluded,1.547054807112386,tier_3_target_partially_occluded,isotropic_e7,/root/workspace/vrb/vrbreproduction/outputs/100subaction-e12/experiments/E12/pipeline_outputs/subaction_38_P01_109_38/candidate_00_frame_003654_left,/root/workspace/vrb/vrbreproduction/outputs/100subaction-e12/experiments/E12/pipeline_outputs/subaction_38_P01_109_38/candidate_00_frame_003654_left/reference_frame.png,/root/workspace/vrb/vrbreproduction/outputs/100subaction-e12/experiments/E12/pipeline_outputs/subaction_38_P01_109_38/candidate_00_frame_003654_left/label_heatmap_merged_overlay.png,/root/workspace/vrb/vrbreproduction/outputs/100subaction-e12/experiments/E12/pipeline_outputs/subaction_38_P01_109_38/candidate_00_frame_003654_left/vrb_style_affordance.png,/root/workspace/vrb/vrbreproduction/outputs/100subaction-e12/experiments/E12/pipeline_outputs/subaction_38_P01_109_38/candidate_00_frame_003654_left/mask_projection_overlay.png
38,P01_109_38,move potatoes,move,potato,3656.0,left,new_contact_episode,3645.0,11.0,contact_part_local_affine,contact_part_local_affine,grabcut_fallback,bbox_fallback,cotracker,ready,,small_object_whole_mask_allowed,2016,1.0,20301.0,0.3719017348452928,True,5,0.0,contact_part_mask,26,0,False,0.9783333333333334,36,24,20,0.8333333333333334,0.4797326624393463,5,0.0,0.20155983860272014,,,,,,,7.7566205771667205,116,5,0.16213333333333332,2.0,0.05192913925438596,0.10421895323062268,0.16213333333333332,0.12693955962760456,0.0,0.0,0.7597532445829801,target_partially_occluded,1.5382603420135939,tier_3_target_partially_occluded,isotropic_e7,/root/workspace/vrb/vrbreproduction/outputs/100subaction-e12/experiments/E12/pipeline_outputs/subaction_38_P01_109_38/candidate_02_frame_003656_left,/root/workspace/vrb/vrbreproduction/outputs/100subaction-e12/experiments/E12/pipeline_outputs/subaction_38_P01_109_38/candidate_02_frame_003656_left/reference_frame.png,/root/workspace/vrb/vrbreproduction/outputs/100subaction-e12/experiments/E12/pipeline_outputs/subaction_38_P01_109_38/candidate_02_frame_003656_left/label_heatmap_merged_overlay.png,/root/workspace/vrb/vrbreproduction/outputs/100subaction-e12/experiments/E12/pipeline_outputs/subaction_38_P01_109_38/candidate_02_frame_003656_left/vrb_style_affordance.png,/root/workspace/vrb/vrbreproduction/outputs/100subaction-e12/experiments/E12/pipeline_outputs/subaction_38_P01_109_38/candidate_02_frame_003656_left/mask_projection_overlay.png
39,P01_109_39,open cupboard,open,cupboard,3739.0,left,new_contact_episode,3729.0,10.0,contact_part_local_affine,contact_part_local_affine,grabcut_fallback,bbox_fallback,cotracker,ready,,panel_edge_or_handle,7056,0.4483131075671898,3377.0,0.12009246088193457,True,3,0.0,contact_part_mask,26,0,True,0.7599999999999999,36,20,10,0.5,0.9214650392532349,3,0.0,0.20155983860272014,,,,,,,6.802234484931011,103,3,0.05733333333333333,2.0,0.03774328399122807,0.04587482219061166,0.05733333333333333,0.030204323363932483,0.0,0.0,0.8251890539761276,target_partially_occluded,1.8119505896677957,tier_3_target_partially_occluded,isotropic_e7,/root/workspace/vrb/vrbreproduction/outputs/100subaction-e12/experiments/E12/pipeline_outputs/subaction_39_P01_109_39/candidate_05_frame_003739_left,/root/workspace/vrb/vrbreproduction/outputs/100subaction-e12/experiments/E12/pipeline_outputs/subaction_39_P01_109_39/candidate_05_frame_003739_left/reference_frame.png,/root/workspace/vrb/vrbreproduction/outputs/100subaction-e12/experiments/E12/pipeline_outputs/subaction_39_P01_109_39/candidate_05_frame_003739_left/label_heatmap_merged_overlay.png,/root/workspace/vrb/vrbreproduction/outputs/100subaction-e12/experiments/E12/pipeline_outputs/subaction_39_P01_109_39/candidate_05_frame_003739_left/vrb_style_affordance.png,/root/workspace/vrb/vrbreproduction/outputs/100subaction-e12/experiments/E12/pipeline_outputs/subaction_39_P01_109_39/candidate_05_frame_003739_left/mask_projection_overlay.png
39,P01_109_39,open cupboard,open,cupboard,3754.0,left,new_contact_episode,3749.0,5.0,contact_part_local_affine,contact_part_local_affine,grabcut_fallback,bbox_fallback,cotracker,ready,,panel_edge_or_handle,1188,0.40993788819875776,3908.0,0.2673050615595075,True,5,0.0,contact_part_mask,26,0,True,0.9881818181818183,36,11,10,0.9090909090909091,1.0227633714675903,5,0.0,0.20155983860272014,,,,,,,4.0187328938011895,35,5,0.10124444444444444,2.0,0.04310581140350877,0.09767441860465116,0.10124444444444444,0.2807062436028659,0.0,0.0,0.5913953488372093,target_occluded_by_hand,-2.21228431456805,tier_4_target_occluded_by_hand,isotropic_e7,/root/workspace/vrb/vrbreproduction/outputs/100subaction-e12/experiments/E12/pipeline_outputs/subaction_39_P01_109_39/candidate_06_frame_003754_left,/root/workspace/vrb/vrbreproduction/outputs/100subaction-e12/experiments/E12/pipeline_outputs/subaction_39_P01_109_39/candidate_06_frame_003754_left/reference_frame.png,/root/workspace/vrb/vrbreproduction/outputs/100subaction-e12/experiments/E12/pipeline_outputs/subaction_39_P01_109_39/candidate_06_frame_003754_left/label_heatmap_merged_overlay.png,/root/workspace/vrb/vrbreproduction/outputs/100subaction-e12/experiments/E12/pipeline_outputs/subaction_39_P01_109_39/candidate_06_frame_003754_left/vrb_style_affordance.png,/root/workspace/vrb/vrbreproduction/outputs/100subaction-e12/experiments/E12/pipeline_outputs/subaction_39_P01_109_39/candidate_06_frame_003754_left/mask_projection_overlay.png
39,P01_109_39,open cupboard,open,cupboard,3761.0,right,new_contact_episode,3744.0,17.0,contact_part_local_affine,contact_part_local_affine,grabcut_fallback,bbox_fallback,cotracker,ready,,panel_edge_or_handle,328,1.0,5690.0,0.8890625,True,5,0.0,contact_part_mask,26,0,True,1.0,36,25,25,1.0,0.47794589400291443,5,0.0,0.20155983860272014,,,,,,,7.408651495597179,57,5,0.0896,2.0,0.03875411184210526,0.1725,0.0896,0.14516695957820738,0.0,0.0,0.6932662565905098,target_partially_occluded,1.4509617397548407,tier_3_target_partially_occluded,isotropic_e7,/root/workspace/vrb/vrbreproduction/outputs/100subaction-e12/experiments/E12/pipeline_outputs/subaction_39_P01_109_39/candidate_10_frame_003761_right,/root/workspace/vrb/vrbreproduction/outputs/100subaction-e12/experiments/E12/pipeline_outputs/subaction_39_P01_109_39/candidate_10_frame_003761_right/reference_frame.png,/root/workspace/vrb/vrbreproduction/outputs/100subaction-e12/experiments/E12/pipeline_outputs/subaction_39_P01_109_39/candidate_10_frame_003761_right/label_heatmap_merged_overlay.png,/root/workspace/vrb/vrbreproduction/outputs/100subaction-e12/experiments/E12/pipeline_outputs/subaction_39_P01_109_39/candidate_10_frame_003761_right/vrb_style_affordance.png,/root/workspace/vrb/vrbreproduction/outputs/100subaction-e12/experiments/E12/pipeline_outputs/subaction_39_P01_109_39/candidate_10_frame_003761_right/mask_projection_overlay.png
40,P01_109_40,move pans,move,pan,3856.0,right,new_contact_episode,3854.0,2.0,contact_part_local_affine,contact_part_local_affine,grabcut_fallback,bbox_fallback,cotracker,ready,,handle_like_edge_or_endpoint,7146,0.09717425004759445,7544.0,0.08157792292054154,True,5,0.0,contact_part_mask,26,0,False,0.9711111111111111,36,36,28,0.7777777777777778,0.958406925201416,5,0.0,0.20155983860272014,,,,,,,3.633103877748698,232,5,0.24782222222222222,1.0,0.047765899122807015,0.05662009602491457,0.24782222222222222,0.5336691410392365,0.0,0.0,0.6160279423850513,target_occluded_by_hand,-2.6280608589397043,tier_4_target_occluded_by_hand,isotropic_e7,/root/workspace/vrb/vrbreproduction/outputs/100subaction-e12/experiments/E12/pipeline_outputs/subaction_40_P01_109_40/candidate_09_frame_003856_right,/root/workspace/vrb/vrbreproduction/outputs/100subaction-e12/experiments/E12/pipeline_outputs/subaction_40_P01_109_40/candidate_09_frame_003856_right/reference_frame.png,/root/workspace/vrb/vrbreproduction/outputs/100subaction-e12/experiments/E12/pipeline_outputs/subaction_40_P01_109_40/candidate_09_frame_003856_right/label_heatmap_merged_overlay.png,/root/workspace/vrb/vrbreproduction/outputs/100subaction-e12/experiments/E12/pipeline_outputs/subaction_40_P01_109_40/candidate_09_frame_003856_right/vrb_style_affordance.png,/root/workspace/vrb/vrbreproduction/outputs/100subaction-e12/experiments/E12/pipeline_outputs/subaction_40_P01_109_40/candidate_09_frame_003856_right/mask_projection_overlay.png
41,P01_109_41,pick up pan,pick-up,pan,4038.0,left,continuation_entry_rescue,4018.0,20.0,contact_part_local_affine,contact_part_local_affine,grabcut_fallback,bbox_fallback,cotracker,ready,,handle_like_edge_or_endpoint,2970,0.8945783132530121,2438.0,1.0,True,5,0.0,contact_part_mask,26,0,False,0.9589473684210527,36,19,13,0.6842105263157895,1.4750697612762451,5,0.0,0.2337451171875,,,,,,,2.670716346285874,80,5,0.3156,2.0,0.06314247532894737,0.6136177194421657,0.3156,0.6136177194421657,0.0,0.0,0.4342105263157895,target_occluded_by_hand,-3.4723999819284708,tier_4_target_occluded_by_hand,isotropic_e7,/root/workspace/vrb/vrbreproduction/outputs/100subaction-e12/experiments/E12/pipeline_outputs/subaction_41_P01_109_41/candidate_03_frame_004038_left,/root/workspace/vrb/vrbreproduction/outputs/100subaction-e12/experiments/E12/pipeline_outputs/subaction_41_P01_109_41/candidate_03_frame_004038_left/reference_frame.png,/root/workspace/vrb/vrbreproduction/outputs/100subaction-e12/experiments/E12/pipeline_outputs/subaction_41_P01_109_41/candidate_03_frame_004038_left/label_heatmap_merged_overlay.png,/root/workspace/vrb/vrbreproduction/outputs/100subaction-e12/experiments/E12/pipeline_outputs/subaction_41_P01_109_41/candidate_03_frame_004038_left/vrb_style_affordance.png,/root/workspace/vrb/vrbreproduction/outputs/100subaction-e12/experiments/E12/pipeline_outputs/subaction_41_P01_109_41/candidate_03_frame_004038_left/mask_projection_overlay.png
42,P01_109_42,put down pan,put-down,pan,4273.0,left,new_contact_episode,4272.0,1.0,contact_part_local_affine,contact_part_local_affine,grabcut_fallback,bbox_fallback,cotracker,ready,,handle_like_edge_or_endpoint,4067,0.42937077702702703,6283.0,0.3128516655878106,True,5,0.0,contact_part_mask,26,0,False,0.9923529411764707,36,34,32,0.9411764705882353,1.654676914215088,5,0.0,0.5457515625,,,,,,,7.834628084691339,194,5,0.41013333333333335,2.0,0.14324629934210525,0.1232883533336653,0.41013333333333335,0.09772401718924081,0.0,0.0,0.7892133639348637,target_partially_occluded,1.4261507450589683,tier_3_target_partially_occluded,isotropic_e7,/root/workspace/vrb/vrbreproduction/outputs/100subaction-e12/experiments/E12/pipeline_outputs/subaction_42_P01_109_42/candidate_00_frame_004273_left,/root/workspace/vrb/vrbreproduction/outputs/100subaction-e12/experiments/E12/pipeline_outputs/subaction_42_P01_109_42/candidate_00_frame_004273_left/reference_frame.png,/root/workspace/vrb/vrbreproduction/outputs/100subaction-e12/experiments/E12/pipeline_outputs/subaction_42_P01_109_42/candidate_00_frame_004273_left/label_heatmap_merged_overlay.png,/root/workspace/vrb/vrbreproduction/outputs/100subaction-e12/experiments/E12/pipeline_outputs/subaction_42_P01_109_42/candidate_00_frame_004273_left/vrb_style_affordance.png,/root/workspace/vrb/vrbreproduction/outputs/100subaction-e12/experiments/E12/pipeline_outputs/subaction_42_P01_109_42/candidate_00_frame_004273_left/mask_projection_overlay.png
42,P01_109_42,put down pan,put-down,pan,4275.0,left,new_contact_episode,4269.0,6.0,contact_part_local_affine,contact_part_local_affine,grabcut_fallback,bbox_fallback,cotracker,ready,,handle_like_edge_or_endpoint,7884,0.4869371873262924,6358.0,0.3024594453165882,True,4,0.0,contact_part_mask,26,0,False,0.8567857142857143,36,14,8,0.5714285714285714,2.4201853275299072,4,0.0,0.5457515625,,,,,,,7.4325547284636,223,4,0.09364444444444445,1.0,0.04317434210526316,0.0959040959040959,0.09364444444444445,0.0374331550802139,0.0,0.0,0.8900511253452431,target_partially_occluded,1.7275888597180682,tier_3_target_partially_occluded,isotropic_e7,/root/workspace/vrb/vrbreproduction/outputs/100subaction-e12/experiments/E12/pipeline_outputs/subaction_42_P01_109_42/candidate_02_frame_004275_left,/root/workspace/vrb/vrbreproduction/outputs/100subaction-e12/experiments/E12/pipeline_outputs/subaction_42_P01_109_42/candidate_02_frame_004275_left/reference_frame.png,/root/workspace/vrb/vrbreproduction/outputs/100subaction-e12/experiments/E12/pipeline_outputs/subaction_42_P01_109_42/candidate_02_frame_004275_left/label_heatmap_merged_overlay.png,/root/workspace/vrb/vrbreproduction/outputs/100subaction-e12/experiments/E12/pipeline_outputs/subaction_42_P01_109_42/candidate_02_frame_004275_left/vrb_style_affordance.png,/root/workspace/vrb/vrbreproduction/outputs/100subaction-e12/experiments/E12/pipeline_outputs/subaction_42_P01_109_42/candidate_02_frame_004275_left/mask_projection_overlay.png
43,P01_109_44,put down pan,put-down,pan,4273.0,left,new_contact_episode,4272.0,1.0,contact_part_local_affine,contact_part_local_affine,grabcut_fallback,bbox_fallback,cotracker,ready,,handle_like_edge_or_endpoint,4067,0.42937077702702703,6283.0,0.3128516655878106,True,5,0.0,contact_part_mask,26,0,False,0.9923529411764707,36,34,32,0.9411764705882353,1.654676914215088,5,0.0,0.5457515625,,,,,,,7.834628084691339,194,5,0.41013333333333335,2.0,0.14324629934210525,0.1232883533336653,0.41013333333333335,0.09772401718924081,0.0,0.0,0.7892133639348637,target_partially_occluded,1.4261507450589683,tier_3_target_partially_occluded,isotropic_e7,/root/workspace/vrb/vrbreproduction/outputs/100subaction-e12/experiments/E12/pipeline_outputs/subaction_43_P01_109_44/candidate_00_frame_004273_left,/root/workspace/vrb/vrbreproduction/outputs/100subaction-e12/experiments/E12/pipeline_outputs/subaction_43_P01_109_44/candidate_00_frame_004273_left/reference_frame.png,/root/workspace/vrb/vrbreproduction/outputs/100subaction-e12/experiments/E12/pipeline_outputs/subaction_43_P01_109_44/candidate_00_frame_004273_left/label_heatmap_merged_overlay.png,/root/workspace/vrb/vrbreproduction/outputs/100subaction-e12/experiments/E12/pipeline_outputs/subaction_43_P01_109_44/candidate_00_frame_004273_left/vrb_style_affordance.png,/root/workspace/vrb/vrbreproduction/outputs/100subaction-e12/experiments/E12/pipeline_outputs/subaction_43_P01_109_44/candidate_00_frame_004273_left/mask_projection_overlay.png
43,P01_109_44,put down pan,put-down,pan,4275.0,left,new_contact_episode,4269.0,6.0,contact_part_local_affine,contact_part_local_affine,grabcut_fallback,bbox_fallback,cotracker,ready,,handle_like_edge_or_endpoint,7884,0.4869371873262924,6358.0,0.3024594453165882,True,4,0.0,contact_part_mask,26,0,False,0.8567857142857143,36,14,8,0.5714285714285714,2.4201853275299072,4,0.0,0.5457515625,,,,,,,7.4325547284636,223,4,0.09364444444444445,1.0,0.04317434210526316,0.0959040959040959,0.09364444444444445,0.0374331550802139,0.0,0.0,0.8900511253452431,target_partially_occluded,1.7275888597180682,tier_3_target_partially_occluded,isotropic_e7,/root/workspace/vrb/vrbreproduction/outputs/100subaction-e12/experiments/E12/pipeline_outputs/subaction_43_P01_109_44/candidate_02_frame_004275_left,/root/workspace/vrb/vrbreproduction/outputs/100subaction-e12/experiments/E12/pipeline_outputs/subaction_43_P01_109_44/candidate_02_frame_004275_left/reference_frame.png,/root/workspace/vrb/vrbreproduction/outputs/100subaction-e12/experiments/E12/pipeline_outputs/subaction_43_P01_109_44/candidate_02_frame_004275_left/label_heatmap_merged_overlay.png,/root/workspace/vrb/vrbreproduction/outputs/100subaction-e12/experiments/E12/pipeline_outputs/subaction_43_P01_109_44/candidate_02_frame_004275_left/vrb_style_affordance.png,/root/workspace/vrb/vrbreproduction/outputs/100subaction-e12/experiments/E12/pipeline_outputs/subaction_43_P01_109_44/candidate_02_frame_004275_left/mask_projection_overlay.png
44,P01_109_43,pick up pan,pick-up,pan,4381.0,left,new_contact_episode,4376.0,5.0,contact_part_local_affine,contact_part_local_affine,grabcut_fallback,bbox_fallback,cotracker,ready,,handle_like_edge_or_endpoint,5122,0.14575152239485517,6723.0,0.14700865914458147,True,5,0.0,contact_part_mask,26,0,False,1.0,36,25,25,1.0,0.8132840394973755,5,0.0,0.5457515625,,,,,,,14.292756133782891,107,5,0.0,0.0,0.0,0.0,0.0,0.0,522.945503852935,522.945503852935,1.0,strict_target_handless,8.0,tier_0_strict_target_handless,isotropic_e7,/root/workspace/vrb/vrbreproduction/outputs/100subaction-e12/experiments/E12/pipeline_outputs/subaction_44_P01_109_43/candidate_03_frame_004381_left,/root/workspace/vrb/vrbreproduction/outputs/100subaction-e12/experiments/E12/pipeline_outputs/subaction_44_P01_109_43/candidate_03_frame_004381_left/reference_frame.png,/root/workspace/vrb/vrbreproduction/outputs/100subaction-e12/experiments/E12/pipeline_outputs/subaction_44_P01_109_43/candidate_03_frame_004381_left/label_heatmap_merged_overlay.png,/root/workspace/vrb/vrbreproduction/outputs/100subaction-e12/experiments/E12/pipeline_outputs/subaction_44_P01_109_43/candidate_03_frame_004381_left/vrb_style_affordance.png,/root/workspace/vrb/vrbreproduction/outputs/100subaction-e12/experiments/E12/pipeline_outputs/subaction_44_P01_109_43/candidate_03_frame_004381_left/mask_projection_overlay.png
44,P01_109_43,pick up pan,pick-up,pan,4383.0,left,new_contact_episode,4378.0,5.0,contact_part_local_affine,contact_part_local_affine,grabcut_fallback,bbox_fallback,cotracker,ready,,handle_like_edge_or_endpoint,5335,0.1299634591961023,6439.0,0.12952346468730513,True,5,0.0,contact_part_mask,26,0,False,0.9934999999999999,36,20,19,0.95,1.1063953638076782,5,0.0,0.5457515625,,,,,,,14.31321855158577,88,5,0.0,0.0,0.0,0.0,0.0,0.0,522.945503852935,522.945503852935,1.0,strict_target_handless,8.0,tier_0_strict_target_handless,isotropic_e7,/root/workspace/vrb/vrbreproduction/outputs/100subaction-e12/experiments/E12/pipeline_outputs/subaction_44_P01_109_43/candidate_05_frame_004383_left,/root/workspace/vrb/vrbreproduction/outputs/100subaction-e12/experiments/E12/pipeline_outputs/subaction_44_P01_109_43/candidate_05_frame_004383_left/reference_frame.png,/root/workspace/vrb/vrbreproduction/outputs/100subaction-e12/experiments/E12/pipeline_outputs/subaction_44_P01_109_43/candidate_05_frame_004383_left/label_heatmap_merged_overlay.png,/root/workspace/vrb/vrbreproduction/outputs/100subaction-e12/experiments/E12/pipeline_outputs/subaction_44_P01_109_43/candidate_05_frame_004383_left/vrb_style_affordance.png,/root/workspace/vrb/vrbreproduction/outputs/100subaction-e12/experiments/E12/pipeline_outputs/subaction_44_P01_109_43/candidate_05_frame_004383_left/mask_projection_overlay.png
45,P01_109_45,put down pan,put-down,pan,4381.0,left,new_contact_episode,4376.0,5.0,contact_part_local_affine,contact_part_local_affine,grabcut_fallback,bbox_fallback,cotracker,ready,,handle_like_edge_or_endpoint,5122,0.14575152239485517,6723.0,0.14700865914458147,True,5,0.0,contact_part_mask,26,0,False,1.0,36,25,25,1.0,0.8132840394973755,5,0.0,0.5457515625,,,,,,,14.292756133782891,107,5,0.0,0.0,0.0,0.0,0.0,0.0,522.945503852935,522.945503852935,1.0,strict_target_handless,8.0,tier_0_strict_target_handless,isotropic_e7,/root/workspace/vrb/vrbreproduction/outputs/100subaction-e12/experiments/E12/pipeline_outputs/subaction_45_P01_109_45/candidate_03_frame_004381_left,/root/workspace/vrb/vrbreproduction/outputs/100subaction-e12/experiments/E12/pipeline_outputs/subaction_45_P01_109_45/candidate_03_frame_004381_left/reference_frame.png,/root/workspace/vrb/vrbreproduction/outputs/100subaction-e12/experiments/E12/pipeline_outputs/subaction_45_P01_109_45/candidate_03_frame_004381_left/label_heatmap_merged_overlay.png,/root/workspace/vrb/vrbreproduction/outputs/100subaction-e12/experiments/E12/pipeline_outputs/subaction_45_P01_109_45/candidate_03_frame_004381_left/vrb_style_affordance.png,/root/workspace/vrb/vrbreproduction/outputs/100subaction-e12/experiments/E12/pipeline_outputs/subaction_45_P01_109_45/candidate_03_frame_004381_left/mask_projection_overlay.png
45,P01_109_45,put down pan,put-down,pan,4383.0,left,new_contact_episode,4378.0,5.0,contact_part_local_affine,contact_part_local_affine,grabcut_fallback,bbox_fallback,cotracker,ready,,handle_like_edge_or_endpoint,5335,0.1299634591961023,6439.0,0.12952346468730513,True,5,0.0,contact_part_mask,26,0,False,0.9934999999999999,36,20,19,0.95,1.1063953638076782,5,0.0,0.5457515625,,,,,,,14.31321855158577,88,5,0.0,0.0,0.0,0.0,0.0,0.0,522.945503852935,522.945503852935,1.0,strict_target_handless,8.0,tier_0_strict_target_handless,isotropic_e7,/root/workspace/vrb/vrbreproduction/outputs/100subaction-e12/experiments/E12/pipeline_outputs/subaction_45_P01_109_45/candidate_05_frame_004383_left,/root/workspace/vrb/vrbreproduction/outputs/100subaction-e12/experiments/E12/pipeline_outputs/subaction_45_P01_109_45/candidate_05_frame_004383_left/reference_frame.png,/root/workspace/vrb/vrbreproduction/outputs/100subaction-e12/experiments/E12/pipeline_outputs/subaction_45_P01_109_45/candidate_05_frame_004383_left/label_heatmap_merged_overlay.png,/root/workspace/vrb/vrbreproduction/outputs/100subaction-e12/experiments/E12/pipeline_outputs/subaction_45_P01_109_45/candidate_05_frame_004383_left/vrb_style_affordance.png,/root/workspace/vrb/vrbreproduction/outputs/100subaction-e12/experiments/E12/pipeline_outputs/subaction_45_P01_109_45/candidate_05_frame_004383_left/mask_projection_overlay.png
46,P01_109_46,pick up cutting board,pick-up,board:cutting,4539.0,left,new_contact_episode,4534.0,5.0,contact_part_local_affine,contact_part_local_affine,grabcut_fallback,bbox_fallback,cotracker,ready,,contact_local_boundary,6756,0.28960905349794236,10234.0,0.22209201388888888,True,5,0.0,contact_part_mask,26,0,False,1.0,36,35,35,1.0,0.6354606747627258,5,0.0,0.19014588786486256,,,,,,,8.017562464487607,44,5,0.09813333333333334,1.0,0.018914473684210526,0.04791666666666667,0.09813333333333334,0.10201289818252883,0.0,0.0,0.8284319425444597,target_partially_occluded,1.7194716297626762,tier_3_target_partially_occluded,isotropic_e7,/root/workspace/vrb/vrbreproduction/outputs/100subaction-e12/experiments/E12/pipeline_outputs/subaction_46_P01_109_46/candidate_07_frame_004539_left,/root/workspace/vrb/vrbreproduction/outputs/100subaction-e12/experiments/E12/pipeline_outputs/subaction_46_P01_109_46/candidate_07_frame_004539_left/reference_frame.png,/root/workspace/vrb/vrbreproduction/outputs/100subaction-e12/experiments/E12/pipeline_outputs/subaction_46_P01_109_46/candidate_07_frame_004539_left/label_heatmap_merged_overlay.png,/root/workspace/vrb/vrbreproduction/outputs/100subaction-e12/experiments/E12/pipeline_outputs/subaction_46_P01_109_46/candidate_07_frame_004539_left/vrb_style_affordance.png,/root/workspace/vrb/vrbreproduction/outputs/100subaction-e12/experiments/E12/pipeline_outputs/subaction_46_P01_109_46/candidate_07_frame_004539_left/mask_projection_overlay.png
46,P01_109_46,pick up cutting board,pick-up,board:cutting,4554.0,left,new_contact_episode,4553.0,1.0,contact_part_local_affine,contact_part_local_affine,grabcut_fallback,bbox_fallback,cotracker,ready,,contact_local_boundary,14130,0.39617562945101775,18679.0,0.3549251349091738,True,5,0.0,contact_part_mask,26,0,False,0.9963888888888889,36,36,35,0.9722222222222222,0.8671420812606812,5,0.0,0.18658121996654473,,,,,,,8.09254105221446,192,5,0.10666666666666667,1.0,0.02055921052631579,0.045603101010868737,0.10666666666666667,0.12746935060763423,0.0,0.0,0.7941810485427909,target_partially_occluded,1.6729997590967247,tier_3_target_partially_occluded,isotropic_e7,/root/workspace/vrb/vrbreproduction/outputs/100subaction-e12/experiments/E12/pipeline_outputs/subaction_46_P01_109_46/candidate_09_frame_004554_left,/root/workspace/vrb/vrbreproduction/outputs/100subaction-e12/experiments/E12/pipeline_outputs/subaction_46_P01_109_46/candidate_09_frame_004554_left/reference_frame.png,/root/workspace/vrb/vrbreproduction/outputs/100subaction-e12/experiments/E12/pipeline_outputs/subaction_46_P01_109_46/candidate_09_frame_004554_left/label_heatmap_merged_overlay.png,/root/workspace/vrb/vrbreproduction/outputs/100subaction-e12/experiments/E12/pipeline_outputs/subaction_46_P01_109_46/candidate_09_frame_004554_left/vrb_style_affordance.png,/root/workspace/vrb/vrbreproduction/outputs/100subaction-e12/experiments/E12/pipeline_outputs/subaction_46_P01_109_46/candidate_09_frame_004554_left/mask_projection_overlay.png
46,P01_109_46,pick up cutting board,pick-up,board:cutting,4556.0,left,new_contact_episode,4553.0,3.0,contact_part_local_affine,contact_part_local_affine,grabcut_fallback,bbox_fallback,cotracker,ready,,contact_local_boundary,14814,0.3761521468653988,18658.0,0.3545261077753287,True,5,0.0,contact_part_mask,26,0,False,0.9579411764705882,36,34,23,0.6764705882352942,1.4071513414382935,5,0.0,0.18658121996654473,,,,,,,7.90460875203379,118,5,0.10666666666666667,1.0,0.02055921052631579,0.045603101010868737,0.10666666666666667,0.11598242040947583,0.0,0.0,0.8014392214084478,target_partially_occluded,1.69367623345341,tier_3_target_partially_occluded,isotropic_e7,/root/workspace/vrb/vrbreproduction/outputs/100subaction-e12/experiments/E12/pipeline_outputs/subaction_46_P01_109_46/candidate_11_frame_004556_left,/root/workspace/vrb/vrbreproduction/outputs/100subaction-e12/experiments/E12/pipeline_outputs/subaction_46_P01_109_46/candidate_11_frame_004556_left/reference_frame.png,/root/workspace/vrb/vrbreproduction/outputs/100subaction-e12/experiments/E12/pipeline_outputs/subaction_46_P01_109_46/candidate_11_frame_004556_left/label_heatmap_merged_overlay.png,/root/workspace/vrb/vrbreproduction/outputs/100subaction-e12/experiments/E12/pipeline_outputs/subaction_46_P01_109_46/candidate_11_frame_004556_left/vrb_style_affordance.png,/root/workspace/vrb/vrbreproduction/outputs/100subaction-e12/experiments/E12/pipeline_outputs/subaction_46_P01_109_46/candidate_11_frame_004556_left/mask_projection_overlay.png
47,P01_109_47,close cupboard,close,cupboard,4648.0,left,new_contact_episode,4636.0,12.0,contact_part_local_affine,contact_part_local_affine,grabcut_fallback,bbox_fallback,cotracker,ready,,panel_edge_or_handle,1645,0.6800330715171559,4365.0,0.2442777995411047,True,5,0.0,contact_part_mask,26,0,True,0.9860714285714286,36,28,25,0.8928571428571429,1.3435431718826294,5,0.0,0.1824251440742389,,,,,,,14.083177015225782,65,5,0.0,0.0,0.0,0.0,0.0,0.0,522.945503852935,522.945503852935,0.9892857142857143,strict_target_handless,8.0,tier_0_strict_target_handless,isotropic_e7,/root/workspace/vrb/vrbreproduction/outputs/100subaction-e12/experiments/E12/pipeline_outputs/subaction_47_P01_109_47/candidate_00_frame_004648_left,/root/workspace/vrb/vrbreproduction/outputs/100subaction-e12/experiments/E12/pipeline_outputs/subaction_47_P01_109_47/candidate_00_frame_004648_left/reference_frame.png,/root/workspace/vrb/vrbreproduction/outputs/100subaction-e12/experiments/E12/pipeline_outputs/subaction_47_P01_109_47/candidate_00_frame_004648_left/label_heatmap_merged_overlay.png,/root/workspace/vrb/vrbreproduction/outputs/100subaction-e12/experiments/E12/pipeline_outputs/subaction_47_P01_109_47/candidate_00_frame_004648_left/vrb_style_affordance.png,/root/workspace/vrb/vrbreproduction/outputs/100subaction-e12/experiments/E12/pipeline_outputs/subaction_47_P01_109_47/candidate_00_frame_004648_left/mask_projection_overlay.png
47,P01_109_47,close cupboard,close,cupboard,4661.0,right,new_contact_episode,4659.0,2.0,contact_part_local_affine,contact_part_local_affine,grabcut_fallback,bbox_fallback,cotracker,ready,,panel_edge_or_handle,4092,0.24160122808053375,2793.0,0.12895332194468812,True,3,0.0,contact_part_mask,26,0,True,0.825,36,30,30,1.0,0.8349592685699463,3,0.0,0.1824251440742389,,,,,,,11.887894684113952,112,3,0.0,1.0,0.012027138157894737,0.0,0.0,0.0,132.9999964237213,177.9999964237213,0.97,local_target_clean,6.274943462171052,tier_1_local_target_clean,isotropic_e7,/root/workspace/vrb/vrbreproduction/outputs/100subaction-e12/experiments/E12/pipeline_outputs/subaction_47_P01_109_47/candidate_06_frame_004661_right,/root/workspace/vrb/vrbreproduction/outputs/100subaction-e12/experiments/E12/pipeline_outputs/subaction_47_P01_109_47/candidate_06_frame_004661_right/reference_frame.png,/root/workspace/vrb/vrbreproduction/outputs/100subaction-e12/experiments/E12/pipeline_outputs/subaction_47_P01_109_47/candidate_06_frame_004661_right/label_heatmap_merged_overlay.png,/root/workspace/vrb/vrbreproduction/outputs/100subaction-e12/experiments/E12/pipeline_outputs/subaction_47_P01_109_47/candidate_06_frame_004661_right/vrb_style_affordance.png,/root/workspace/vrb/vrbreproduction/outputs/100subaction-e12/experiments/E12/pipeline_outputs/subaction_47_P01_109_47/candidate_06_frame_004661_right/mask_projection_overlay.png
47,P01_109_47,close cupboard,close,cupboard,4663.0,right,new_contact_episode,4660.0,3.0,contact_part_local_affine,contact_part_local_affine,grabcut_fallback,bbox_fallback,cotracker,ready,,panel_edge_or_handle,4286,0.25644707712559084,3165.0,0.13836065573770492,True,3,0.0,contact_part_mask,26,0,True,0.825,36,31,31,1.0,0.5750092267990112,3,0.0,0.1824251440742389,,,,,,,3.7200403036276457,168,3,0.0276,2.0,0.01801500822368421,0.025136612021857924,0.0276,0.18167456556082148,0.0,0.0,0.701541382937219,target_occluded_by_hand,-1.8947094195683836,tier_4_target_occluded_by_hand,isotropic_e7,/root/workspace/vrb/vrbreproduction/outputs/100subaction-e12/experiments/E12/pipeline_outputs/subaction_47_P01_109_47/candidate_08_frame_004663_right,/root/workspace/vrb/vrbreproduction/outputs/100subaction-e12/experiments/E12/pipeline_outputs/subaction_47_P01_109_47/candidate_08_frame_004663_right/reference_frame.png,/root/workspace/vrb/vrbreproduction/outputs/100subaction-e12/experiments/E12/pipeline_outputs/subaction_47_P01_109_47/candidate_08_frame_004663_right/label_heatmap_merged_overlay.png,/root/workspace/vrb/vrbreproduction/outputs/100subaction-e12/experiments/E12/pipeline_outputs/subaction_47_P01_109_47/candidate_08_frame_004663_right/vrb_style_affordance.png,/root/workspace/vrb/vrbreproduction/outputs/100subaction-e12/experiments/E12/pipeline_outputs/subaction_47_P01_109_47/candidate_08_frame_004663_right/mask_projection_overlay.png
48,P01_109_48,put down cutting board,put-down,board:cutting,4692.0,left,new_contact_episode,4684.0,8.0,contact_part_local_affine,contact_part_local_affine,grabcut_fallback,bbox_fallback,cotracker,ready,,contact_local_boundary,6580,0.6574083325007494,7321.0,0.4687540017928032,True,5,0.0,contact_part_mask,26,0,False,1.0,36,35,35,1.0,0.7273220419883728,5,0.0,0.1824251440742389,,,,,,,8.078708770392705,33,5,0.1738222222222222,2.0,0.03350294682017544,0.11486746062235882,0.1738222222222222,0.07990711651413741,0.0,0.0,0.8192095605067924,target_partially_occluded,1.6485284316523567,tier_3_target_partially_occluded,isotropic_e7,/root/workspace/vrb/vrbreproduction/outputs/100subaction-e12/experiments/E12/pipeline_outputs/subaction_48_P01_109_48/candidate_00_frame_004692_left,/root/workspace/vrb/vrbreproduction/outputs/100subaction-e12/experiments/E12/pipeline_outputs/subaction_48_P01_109_48/candidate_00_frame_004692_left/reference_frame.png,/root/workspace/vrb/vrbreproduction/outputs/100subaction-e12/experiments/E12/pipeline_outputs/subaction_48_P01_109_48/candidate_00_frame_004692_left/label_heatmap_merged_overlay.png,/root/workspace/vrb/vrbreproduction/outputs/100subaction-e12/experiments/E12/pipeline_outputs/subaction_48_P01_109_48/candidate_00_frame_004692_left/vrb_style_affordance.png,/root/workspace/vrb/vrbreproduction/outputs/100subaction-e12/experiments/E12/pipeline_outputs/subaction_48_P01_109_48/candidate_00_frame_004692_left/mask_projection_overlay.png
48,P01_109_48,put down cutting board,put-down,board:cutting,4694.0,left,new_contact_episode,4691.0,3.0,contact_part_local_affine,contact_part_local_affine,grabcut_fallback,bbox_fallback,cotracker,ready,,contact_local_boundary,6499,0.6175995438563148,7033.0,0.4617253151260504,True,5,0.0,contact_part_mask,26,0,False,1.0,36,36,36,1.0,0.4248344302177429,5,0.0,0.1824251440742389,,,,,,,8.075885935536022,40,5,0.20728888888888888,2.0,0.039953399122807015,0.11554621848739496,0.20728888888888888,0.09526517844447605,0.0,0.0,0.7889676857519632,target_partially_occluded,1.6066309684425546,tier_3_target_partially_occluded,isotropic_e7,/root/workspace/vrb/vrbreproduction/outputs/100subaction-e12/experiments/E12/pipeline_outputs/subaction_48_P01_109_48/candidate_02_frame_004694_left,/root/workspace/vrb/vrbreproduction/outputs/100subaction-e12/experiments/E12/pipeline_outputs/subaction_48_P01_109_48/candidate_02_frame_004694_left/reference_frame.png,/root/workspace/vrb/vrbreproduction/outputs/100subaction-e12/experiments/E12/pipeline_outputs/subaction_48_P01_109_48/candidate_02_frame_004694_left/label_heatmap_merged_overlay.png,/root/workspace/vrb/vrbreproduction/outputs/100subaction-e12/experiments/E12/pipeline_outputs/subaction_48_P01_109_48/candidate_02_frame_004694_left/vrb_style_affordance.png,/root/workspace/vrb/vrbreproduction/outputs/100subaction-e12/experiments/E12/pipeline_outputs/subaction_48_P01_109_48/candidate_02_frame_004694_left/mask_projection_overlay.png
53,P01_109_53,pick up peeler,pick-up,peeler,4947.0,right,new_contact_episode,4944.0,3.0,contact_part_local_affine,contact_part_local_affine,grabcut_fallback,bbox_fallback,cotracker,ready,,handle_like_edge_or_endpoint,1686,1.0,2040.0,0.9869375907111756,True,4,0.0,contact_part_mask,26,0,False,0.9124999999999999,36,36,36,1.0,0.2074027955532074,4,0.0,0.19973912524086335,,,,,,,10.513946466654236,42,4,0.10702222222222223,1.0,0.02099609375,0.0,0.10702222222222223,0.0,15.000001668930054,15.000001668930054,0.9916666666666667,hand_visible_target_not_occluded,4.556258138020833,tier_2_hand_visible_target_not_occluded,isotropic_e7,/root/workspace/vrb/vrbreproduction/outputs/100subaction-e12/experiments/E12/pipeline_outputs/subaction_53_P01_109_53/candidate_00_frame_004947_right,/root/workspace/vrb/vrbreproduction/outputs/100subaction-e12/experiments/E12/pipeline_outputs/subaction_53_P01_109_53/candidate_00_frame_004947_right/reference_frame.png,/root/workspace/vrb/vrbreproduction/outputs/100subaction-e12/experiments/E12/pipeline_outputs/subaction_53_P01_109_53/candidate_00_frame_004947_right/label_heatmap_merged_overlay.png,/root/workspace/vrb/vrbreproduction/outputs/100subaction-e12/experiments/E12/pipeline_outputs/subaction_53_P01_109_53/candidate_00_frame_004947_right/vrb_style_affordance.png,/root/workspace/vrb/vrbreproduction/outputs/100subaction-e12/experiments/E12/pipeline_outputs/subaction_53_P01_109_53/candidate_00_frame_004947_right/mask_projection_overlay.png
53,P01_109_53,pick up peeler,pick-up,peeler,4949.0,right,new_contact_episode,4937.0,12.0,contact_part_local_affine,contact_part_local_affine,grabcut_fallback,bbox_fallback,cotracker,ready,,handle_like_edge_or_endpoint,512,1.0,1680.0,1.0,True,5,0.0,contact_part_mask,26,0,False,1.0,36,36,36,1.0,0.19541114568710327,5,0.0,0.19973912524086335,,,,,,,14.127571594373588,115,5,0.0,0.0,0.0,0.0,0.0,0.0,522.945503852935,522.945503852935,0.9713815789473683,strict_target_handless,8.0,tier_0_strict_target_handless,isotropic_e7,/root/workspace/vrb/vrbreproduction/outputs/100subaction-e12/experiments/E12/pipeline_outputs/subaction_53_P01_109_53/candidate_02_frame_004949_right,/root/workspace/vrb/vrbreproduction/outputs/100subaction-e12/experiments/E12/pipeline_outputs/subaction_53_P01_109_53/candidate_02_frame_004949_right/reference_frame.png,/root/workspace/vrb/vrbreproduction/outputs/100subaction-e12/experiments/E12/pipeline_outputs/subaction_53_P01_109_53/candidate_02_frame_004949_right/label_heatmap_merged_overlay.png,/root/workspace/vrb/vrbreproduction/outputs/100subaction-e12/experiments/E12/pipeline_outputs/subaction_53_P01_109_53/candidate_02_frame_004949_right/vrb_style_affordance.png,/root/workspace/vrb/vrbreproduction/outputs/100subaction-e12/experiments/E12/pipeline_outputs/subaction_53_P01_109_53/candidate_02_frame_004949_right/mask_projection_overlay.png
55,P01_109_55,move cutting board,move,board:cutting,5019.0,left,new_contact_episode,4908.0,111.0,contact_part_local_affine,contact_part_local_affine,grabcut_fallback,bbox_fallback,cotracker,ready,,contact_local_boundary,7370,0.6687840290381125,19297.0,0.28210338576691424,True,5,0.0,contact_part_mask,26,0,False,0.9653333333333334,36,30,22,0.7333333333333333,1.636765718460083,5,0.0,0.19973912524086335,,,,,,,10.088920711538881,133,5,0.058666666666666666,2.0,0.02172423245614035,0.030933863516753406,0.058666666666666666,0.028294553557547807,0.0,0.0,0.9418273069093811,hand_visible_target_not_occluded,4.46669034975935,tier_2_hand_visible_target_not_occluded,isotropic_e7,/root/workspace/vrb/vrbreproduction/outputs/100subaction-e12/experiments/E12/pipeline_outputs/subaction_55_P01_109_55/candidate_00_frame_005019_left,/root/workspace/vrb/vrbreproduction/outputs/100subaction-e12/experiments/E12/pipeline_outputs/subaction_55_P01_109_55/candidate_00_frame_005019_left/reference_frame.png,/root/workspace/vrb/vrbreproduction/outputs/100subaction-e12/experiments/E12/pipeline_outputs/subaction_55_P01_109_55/candidate_00_frame_005019_left/label_heatmap_merged_overlay.png,/root/workspace/vrb/vrbreproduction/outputs/100subaction-e12/experiments/E12/pipeline_outputs/subaction_55_P01_109_55/candidate_00_frame_005019_left/vrb_style_affordance.png,/root/workspace/vrb/vrbreproduction/outputs/100subaction-e12/experiments/E12/pipeline_outputs/subaction_55_P01_109_55/candidate_00_frame_005019_left/mask_projection_overlay.png
55,P01_109_55,move cutting board,move,board:cutting,5021.0,left,new_contact_episode,4906.0,115.0,contact_part_local_affine,contact_part_local_affine,grabcut_fallback,bbox_fallback,cotracker,ready,,contact_local_boundary,8230,0.7102174663444943,18787.0,0.2846730812940374,True,5,0.0,contact_part_mask,26,0,False,0.9775862068965517,36,29,24,0.8275862068965517,1.590095043182373,5,0.0,0.19973912524086335,,,,,,,10.128809502145481,132,5,0.05733333333333333,2.0,0.020816200657894735,0.03318433214637473,0.05733333333333333,0.02507052749241497,0.0,0.0,0.9449906622227943,hand_visible_target_not_occluded,4.471684767234055,tier_2_hand_visible_target_not_occluded,isotropic_e7,/root/workspace/vrb/vrbreproduction/outputs/100subaction-e12/experiments/E12/pipeline_outputs/subaction_55_P01_109_55/candidate_02_frame_005021_left,/root/workspace/vrb/vrbreproduction/outputs/100subaction-e12/experiments/E12/pipeline_outputs/subaction_55_P01_109_55/candidate_02_frame_005021_left/reference_frame.png,/root/workspace/vrb/vrbreproduction/outputs/100subaction-e12/experiments/E12/pipeline_outputs/subaction_55_P01_109_55/candidate_02_frame_005021_left/label_heatmap_merged_overlay.png,/root/workspace/vrb/vrbreproduction/outputs/100subaction-e12/experiments/E12/pipeline_outputs/subaction_55_P01_109_55/candidate_02_frame_005021_left/vrb_style_affordance.png,/root/workspace/vrb/vrbreproduction/outputs/100subaction-e12/experiments/E12/pipeline_outputs/subaction_55_P01_109_55/candidate_02_frame_005021_left/mask_projection_overlay.png
55,P01_109_55,move cutting board,move,board:cutting,5036.0,left,new_contact_episode,4917.0,119.0,contact_part_local_affine,contact_part_local_affine,grabcut_fallback,bbox_fallback,cotracker,ready,,contact_local_boundary,7862,0.8093473337451101,23653.0,0.2851270553064275,True,5,0.0,contact_part_mask,26,0,False,0.9800000000000001,36,13,11,0.8461538461538461,1.6180375814437866,5,0.0,0.19973912524086335,,,,,,,10.10183591613035,134,5,0.0,2.0,0.024928042763157895,0.030160567047591496,0.0,0.02980594427768148,0.0,0.0,0.940175337782691,hand_visible_target_not_occluded,4.458223197419818,tier_2_hand_visible_target_not_occluded,isotropic_e7,/root/workspace/vrb/vrbreproduction/outputs/100subaction-e12/experiments/E12/pipeline_outputs/subaction_55_P01_109_55/candidate_03_frame_005036_left,/root/workspace/vrb/vrbreproduction/outputs/100subaction-e12/experiments/E12/pipeline_outputs/subaction_55_P01_109_55/candidate_03_frame_005036_left/reference_frame.png,/root/workspace/vrb/vrbreproduction/outputs/100subaction-e12/experiments/E12/pipeline_outputs/subaction_55_P01_109_55/candidate_03_frame_005036_left/label_heatmap_merged_overlay.png,/root/workspace/vrb/vrbreproduction/outputs/100subaction-e12/experiments/E12/pipeline_outputs/subaction_55_P01_109_55/candidate_03_frame_005036_left/vrb_style_affordance.png,/root/workspace/vrb/vrbreproduction/outputs/100subaction-e12/experiments/E12/pipeline_outputs/subaction_55_P01_109_55/candidate_03_frame_005036_left/mask_projection_overlay.png
56,P01_109_56,pick up potato,pick-up,potato,5062.0,left,new_contact_episode,5021.0,41.0,contact_part_local_affine,contact_part_local_affine,grabcut_fallback,bbox_fallback,cotracker,ready,,small_object_whole_mask_allowed,7205,0.7696005127109592,10503.0,0.6013397457918241,True,5,0.0,contact_part_mask,26,0,False,0.9907142857142858,36,28,26,0.9285714285714286,1.0130711793899536,5,0.0,0.19973912524086335,,,,,,,7.7122523582550855,108,5,0.18088888888888888,2.0,0.04180372807017544,0.1245849078209092,0.18088888888888888,0.1284394934780539,0.0,0.0,0.745433764438179,target_partially_occluded,1.532215922208213,tier_3_target_partially_occluded,isotropic_e7,/root/workspace/vrb/vrbreproduction/outputs/100subaction-e12/experiments/E12/pipeline_outputs/subaction_56_P01_109_56/candidate_00_frame_005062_left,/root/workspace/vrb/vrbreproduction/outputs/100subaction-e12/experiments/E12/pipeline_outputs/subaction_56_P01_109_56/candidate_00_frame_005062_left/reference_frame.png,/root/workspace/vrb/vrbreproduction/outputs/100subaction-e12/experiments/E12/pipeline_outputs/subaction_56_P01_109_56/candidate_00_frame_005062_left/label_heatmap_merged_overlay.png,/root/workspace/vrb/vrbreproduction/outputs/100subaction-e12/experiments/E12/pipeline_outputs/subaction_56_P01_109_56/candidate_00_frame_005062_left/vrb_style_affordance.png,/root/workspace/vrb/vrbreproduction/outputs/100subaction-e12/experiments/E12/pipeline_outputs/subaction_56_P01_109_56/candidate_00_frame_005062_left/mask_projection_overlay.png
56,P01_109_56,pick up potato,pick-up,potato,5064.0,left,new_contact_episode,5022.0,42.0,contact_part_local_affine,contact_part_local_affine,grabcut_fallback,bbox_fallback,cotracker,ready,,small_object_whole_mask_allowed,7049,0.7625486802250108,10567.0,0.6136469221835076,True,5,0.0,contact_part_mask,26,0,False,0.9907142857142858,36,28,26,0.9285714285714286,1.046737790107727,5,0.0,0.19973912524086335,,,,,,,7.710132000241953,88,5,0.17417777777777776,2.0,0.0400476288377193,0.12926829268292683,0.17417777777777776,0.12463329232516325,0.0,0.0,0.7479524151350154,target_partially_occluded,1.5371055625166121,tier_3_target_partially_occluded,isotropic_e7,/root/workspace/vrb/vrbreproduction/outputs/100subaction-e12/experiments/E12/pipeline_outputs/subaction_56_P01_109_56/candidate_02_frame_005064_left,/root/workspace/vrb/vrbreproduction/outputs/100subaction-e12/experiments/E12/pipeline_outputs/subaction_56_P01_109_56/candidate_02_frame_005064_left/reference_frame.png,/root/workspace/vrb/vrbreproduction/outputs/100subaction-e12/experiments/E12/pipeline_outputs/subaction_56_P01_109_56/candidate_02_frame_005064_left/label_heatmap_merged_overlay.png,/root/workspace/vrb/vrbreproduction/outputs/100subaction-e12/experiments/E12/pipeline_outputs/subaction_56_P01_109_56/candidate_02_frame_005064_left/vrb_style_affordance.png,/root/workspace/vrb/vrbreproduction/outputs/100subaction-e12/experiments/E12/pipeline_outputs/subaction_56_P01_109_56/candidate_02_frame_005064_left/mask_projection_overlay.png
56,P01_109_56,pick up potato,pick-up,potato,5102.0,left,new_contact_episode,5085.0,17.0,contact_part_local_affine,contact_part_local_affine,grabcut_fallback,bbox_fallback,cotracker,ready,,small_object_whole_mask_allowed,1263,1.0,2548.0,1.0,True,5,0.0,contact_part_mask,26,0,False,0.9962857142857143,36,35,34,0.9714285714285714,1.3516204357147217,5,0.0,0.19973912524086335,,,,,,,3.545490796277824,68,5,0.21395555555555557,2.0,0.048314144736842105,0.3979591836734694,0.21395555555555557,0.3979591836734694,0.0,0.0,0.45000000000000007,target_occluded_by_hand,-2.7945320192221623,tier_4_target_occluded_by_hand,isotropic_e7,/root/workspace/vrb/vrbreproduction/outputs/100subaction-e12/experiments/E12/pipeline_outputs/subaction_56_P01_109_56/candidate_07_frame_005102_left,/root/workspace/vrb/vrbreproduction/outputs/100subaction-e12/experiments/E12/pipeline_outputs/subaction_56_P01_109_56/candidate_07_frame_005102_left/reference_frame.png,/root/workspace/vrb/vrbreproduction/outputs/100subaction-e12/experiments/E12/pipeline_outputs/subaction_56_P01_109_56/candidate_07_frame_005102_left/label_heatmap_merged_overlay.png,/root/workspace/vrb/vrbreproduction/outputs/100subaction-e12/experiments/E12/pipeline_outputs/subaction_56_P01_109_56/candidate_07_frame_005102_left/vrb_style_affordance.png,/root/workspace/vrb/vrbreproduction/outputs/100subaction-e12/experiments/E12/pipeline_outputs/subaction_56_P01_109_56/candidate_07_frame_005102_left/mask_projection_overlay.png
57,P01_109_57,move potato,move,potato,5082.0,left,continuation_entry_rescue,5081.0,1.0,contact_part_local_affine,contact_part_local_affine,grabcut_fallback,bbox_fallback,cotracker,ready,,small_object_whole_mask_allowed,924,1.0,924.0,1.0,True,4,0.0,contact_part_mask,26,0,False,0.75,36,36,36,1.0,0.2292807698249817,4,0.0,0.19973912524086335,,,,,,,1.6815508262982626,70,4,0.10826666666666666,2.0,0.04381681743421053,0.8214285714285714,0.10826666666666666,0.8214285714285714,0.0,0.0,0.20550986842105268,target_occluded_by_hand,-4.055570750606987,tier_4_target_occluded_by_hand,isotropic_e7,/root/workspace/vrb/vrbreproduction/outputs/100subaction-e12/experiments/E12/pipeline_outputs/subaction_57_P01_109_57/candidate_03_frame_005082_left,/root/workspace/vrb/vrbreproduction/outputs/100subaction-e12/experiments/E12/pipeline_outputs/subaction_57_P01_109_57/candidate_03_frame_005082_left/reference_frame.png,/root/workspace/vrb/vrbreproduction/outputs/100subaction-e12/experiments/E12/pipeline_outputs/subaction_57_P01_109_57/candidate_03_frame_005082_left/label_heatmap_merged_overlay.png,/root/workspace/vrb/vrbreproduction/outputs/100subaction-e12/experiments/E12/pipeline_outputs/subaction_57_P01_109_57/candidate_03_frame_005082_left/vrb_style_affordance.png,/root/workspace/vrb/vrbreproduction/outputs/100subaction-e12/experiments/E12/pipeline_outputs/subaction_57_P01_109_57/candidate_03_frame_005082_left/mask_projection_overlay.png
58,P01_109_58,peel potato,peel,potato,7134.0,right,new_contact_episode,7133.0,1.0,contact_part_local_affine,contact_part_local_affine,grabcut_fallback,bbox_fallback,cotracker,ready,,small_object_whole_mask_allowed,1113,1.0,1836.0,1.0,True,5,0.0,contact_part_mask,26,0,False,1.0,36,34,34,1.0,0.7142907977104187,5,0.0,1.0,,,,,,,2.4990197597933164,252,5,0.23524444444444445,2.0,0.0688733552631579,0.7766884531590414,0.23524444444444445,0.7766884531590414,0.0,0.0,0.41470588235294115,target_occluded_by_hand,-3.9735515162753705,tier_4_target_occluded_by_hand,isotropic_e7,/root/workspace/vrb/vrbreproduction/outputs/100subaction-e12/experiments/E12/pipeline_outputs/subaction_58_P01_109_58/candidate_02_frame_007134_right,/root/workspace/vrb/vrbreproduction/outputs/100subaction-e12/experiments/E12/pipeline_outputs/subaction_58_P01_109_58/candidate_02_frame_007134_right/reference_frame.png,/root/workspace/vrb/vrbreproduction/outputs/100subaction-e12/experiments/E12/pipeline_outputs/subaction_58_P01_109_58/candidate_02_frame_007134_right/label_heatmap_merged_overlay.png,/root/workspace/vrb/vrbreproduction/outputs/100subaction-e12/experiments/E12/pipeline_outputs/subaction_58_P01_109_58/candidate_02_frame_007134_right/vrb_style_affordance.png,/root/workspace/vrb/vrbreproduction/outputs/100subaction-e12/experiments/E12/pipeline_outputs/subaction_58_P01_109_58/candidate_02_frame_007134_right/mask_projection_overlay.png
58,P01_109_58,peel potato,peel,potato,7153.0,right,new_contact_episode,7151.0,2.0,contact_part_local_affine,contact_part_local_affine,grabcut_fallback,bbox_fallback,cotracker,ready,,small_object_whole_mask_allowed,637,1.0,2080.0,1.0,True,5,0.0,contact_part_mask,26,0,False,1.0,36,36,36,1.0,0.17751750349998474,5,0.0,1.0,,,,,,,2.291419135211155,163,5,0.3373333333333333,2.0,0.06780256304824561,0.85,0.3373333333333333,0.85,0.0,0.0,0.45000000000000007,target_occluded_by_hand,-4.191255339683845,tier_4_target_occluded_by_hand,isotropic_e7,/root/workspace/vrb/vrbreproduction/outputs/100subaction-e12/experiments/E12/pipeline_outputs/subaction_58_P01_109_58/candidate_05_frame_007153_right,/root/workspace/vrb/vrbreproduction/outputs/100subaction-e12/experiments/E12/pipeline_outputs/subaction_58_P01_109_58/candidate_05_frame_007153_right/reference_frame.png,/root/workspace/vrb/vrbreproduction/outputs/100subaction-e12/experiments/E12/pipeline_outputs/subaction_58_P01_109_58/candidate_05_frame_007153_right/label_heatmap_merged_overlay.png,/root/workspace/vrb/vrbreproduction/outputs/100subaction-e12/experiments/E12/pipeline_outputs/subaction_58_P01_109_58/candidate_05_frame_007153_right/vrb_style_affordance.png,/root/workspace/vrb/vrbreproduction/outputs/100subaction-e12/experiments/E12/pipeline_outputs/subaction_58_P01_109_58/candidate_05_frame_007153_right/mask_projection_overlay.png
58,P01_109_58,peel potato,peel,potato,7236.0,right,new_contact_episode,7235.0,1.0,contact_part_local_affine,contact_part_local_affine,grabcut_fallback,bbox_fallback,cotracker,ready,,small_object_whole_mask_allowed,618,1.0,1209.0,1.0,True,5,0.0,contact_part_mask,26,0,False,0.9885294117647059,36,34,31,0.9117647058823529,1.817766785621643,5,0.0,1.0,,,,,,,3.11574569786398,126,5,0.25666666666666665,2.0,0.07773951480263158,0.5359801488833746,0.25666666666666665,0.5359801488833746,0.0,0.0,0.29522341008771924,target_occluded_by_hand,-3.269897769155606,tier_4_target_occluded_by_hand,isotropic_e7,/root/workspace/vrb/vrbreproduction/outputs/100subaction-e12/experiments/E12/pipeline_outputs/subaction_58_P01_109_58/candidate_07_frame_007236_right,/root/workspace/vrb/vrbreproduction/outputs/100subaction-e12/experiments/E12/pipeline_outputs/subaction_58_P01_109_58/candidate_07_frame_007236_right/reference_frame.png,/root/workspace/vrb/vrbreproduction/outputs/100subaction-e12/experiments/E12/pipeline_outputs/subaction_58_P01_109_58/candidate_07_frame_007236_right/label_heatmap_merged_overlay.png,/root/workspace/vrb/vrbreproduction/outputs/100subaction-e12/experiments/E12/pipeline_outputs/subaction_58_P01_109_58/candidate_07_frame_007236_right/vrb_style_affordance.png,/root/workspace/vrb/vrbreproduction/outputs/100subaction-e12/experiments/E12/pipeline_outputs/subaction_58_P01_109_58/candidate_07_frame_007236_right/mask_projection_overlay.png
59,P01_109_59,put down potato,put-down,potato,9493.0,right,continuation_entry_rescue,9483.0,10.0,contact_part_local_affine,contact_part_local_affine,grabcut_fallback,bbox_fallback,cotracker,ready,,small_object_whole_mask_allowed,639,1.0,1326.0,1.0,True,5,0.0,contact_part_mask,26,0,False,0.98375,36,32,28,0.875,1.023192286491394,5,0.0,1.0,,,,,,,3.0654029630601163,120,5,0.2928,2.0,0.07308799342105263,0.5384615384615384,0.2928,0.5384615384615384,0.0,0.0,0.3286321271929825,target_occluded_by_hand,-3.2676512683451415,tier_4_target_occluded_by_hand,isotropic_e7,/root/workspace/vrb/vrbreproduction/outputs/100subaction-e12/experiments/E12/pipeline_outputs/subaction_59_P01_109_59/candidate_02_frame_009493_right,/root/workspace/vrb/vrbreproduction/outputs/100subaction-e12/experiments/E12/pipeline_outputs/subaction_59_P01_109_59/candidate_02_frame_009493_right/reference_frame.png,/root/workspace/vrb/vrbreproduction/outputs/100subaction-e12/experiments/E12/pipeline_outputs/subaction_59_P01_109_59/candidate_02_frame_009493_right/label_heatmap_merged_overlay.png,/root/workspace/vrb/vrbreproduction/outputs/100subaction-e12/experiments/E12/pipeline_outputs/subaction_59_P01_109_59/candidate_02_frame_009493_right/vrb_style_affordance.png,/root/workspace/vrb/vrbreproduction/outputs/100subaction-e12/experiments/E12/pipeline_outputs/subaction_59_P01_109_59/candidate_02_frame_009493_right/mask_projection_overlay.png
60,P01_109_60,put down peeler,put-down,peeler,9585.0,right,continuation_entry_rescue,9573.0,12.0,contact_part_local_affine,contact_part_local_affine,grabcut_fallback,bbox_fallback,cotracker,ready,,handle_like_edge_or_endpoint,270,1.0,4679.0,0.9228796844181459,True,5,0.0,contact_part_mask,26,0,False,1.0,36,36,36,1.0,1.4077682495117188,5,0.0,1.0,,,,,,,4.100618286380599,49,5,0.1456,2.0,0.05444764254385965,0.21321499013806705,0.1456,0.23103227185296005,0.0,0.0,0.5486258253230157,target_occluded_by_hand,-2.285148666134049,tier_4_target_occluded_by_hand,isotropic_e7,/root/workspace/vrb/vrbreproduction/outputs/100subaction-e12/experiments/E12/pipeline_outputs/subaction_60_P01_109_60/candidate_02_frame_009585_right,/root/workspace/vrb/vrbreproduction/outputs/100subaction-e12/experiments/E12/pipeline_outputs/subaction_60_P01_109_60/candidate_02_frame_009585_right/reference_frame.png,/root/workspace/vrb/vrbreproduction/outputs/100subaction-e12/experiments/E12/pipeline_outputs/subaction_60_P01_109_60/candidate_02_frame_009585_right/label_heatmap_merged_overlay.png,/root/workspace/vrb/vrbreproduction/outputs/100subaction-e12/experiments/E12/pipeline_outputs/subaction_60_P01_109_60/candidate_02_frame_009585_right/vrb_style_affordance.png,/root/workspace/vrb/vrbreproduction/outputs/100subaction-e12/experiments/E12/pipeline_outputs/subaction_60_P01_109_60/candidate_02_frame_009585_right/mask_projection_overlay.png
62,P01_109_62,grab potato,grab,potato,9805.0,left,continuation_entry_rescue,9798.0,7.0,contact_part_local_affine,contact_part_local_affine,grabcut_fallback,bbox_fallback,cotracker,ready,,small_object_whole_mask_allowed,1374,1.0,1672.0,1.0,True,4,0.0,contact_part_mask,26,0,False,0.8928030303030303,36,33,28,0.8484848484848485,0.5280753374099731,4,0.0,0.23648047484284843,,,,,,,3.5259304354809373,36,4,0.16991111111111112,2.0,0.07314795778508772,0.24880382775119617,0.16991111111111112,0.24880382775119617,0.0,0.0,0.44345926368952693,target_occluded_by_hand,-2.3988030619725214,tier_4_target_occluded_by_hand,isotropic_e7,/root/workspace/vrb/vrbreproduction/outputs/100subaction-e12/experiments/E12/pipeline_outputs/subaction_62_P01_109_62/candidate_03_frame_009805_left,/root/workspace/vrb/vrbreproduction/outputs/100subaction-e12/experiments/E12/pipeline_outputs/subaction_62_P01_109_62/candidate_03_frame_009805_left/reference_frame.png,/root/workspace/vrb/vrbreproduction/outputs/100subaction-e12/experiments/E12/pipeline_outputs/subaction_62_P01_109_62/candidate_03_frame_009805_left/label_heatmap_merged_overlay.png,/root/workspace/vrb/vrbreproduction/outputs/100subaction-e12/experiments/E12/pipeline_outputs/subaction_62_P01_109_62/candidate_03_frame_009805_left/vrb_style_affordance.png,/root/workspace/vrb/vrbreproduction/outputs/100subaction-e12/experiments/E12/pipeline_outputs/subaction_62_P01_109_62/candidate_03_frame_009805_left/mask_projection_overlay.png
63,P01_109_63,cut potato,cut,potato,9830.0,left,continuation_entry_rescue,9798.0,32.0,contact_part_local_affine,contact_part_local_affine,grabcut_fallback,bbox_fallback,cotracker,ready,,small_object_whole_mask_allowed,1188,1.0,1672.0,1.0,True,5,0.0,contact_part_mask,26,0,False,0.9740000000000001,36,35,28,0.8,1.6088593006134033,5,0.0,0.23648047484284843,,,,,,,3.738931159009076,69,5,0.16804444444444444,2.0,0.07314795778508772,0.24880382775119617,0.16804444444444444,0.24880382775119617,0.0,0.0,0.4798229000531633,target_occluded_by_hand,-2.3988030619725214,tier_4_target_occluded_by_hand,isotropic_e7,/root/workspace/vrb/vrbreproduction/outputs/100subaction-e12/experiments/E12/pipeline_outputs/subaction_63_P01_109_63/candidate_02_frame_009830_left,/root/workspace/vrb/vrbreproduction/outputs/100subaction-e12/experiments/E12/pipeline_outputs/subaction_63_P01_109_63/candidate_02_frame_009830_left/reference_frame.png,/root/workspace/vrb/vrbreproduction/outputs/100subaction-e12/experiments/E12/pipeline_outputs/subaction_63_P01_109_63/candidate_02_frame_009830_left/label_heatmap_merged_overlay.png,/root/workspace/vrb/vrbreproduction/outputs/100subaction-e12/experiments/E12/pipeline_outputs/subaction_63_P01_109_63/candidate_02_frame_009830_left/vrb_style_affordance.png,/root/workspace/vrb/vrbreproduction/outputs/100subaction-e12/experiments/E12/pipeline_outputs/subaction_63_P01_109_63/candidate_02_frame_009830_left/mask_projection_overlay.png
64,P01_109_64,pick up potato bit,pick-up,bit:potato,10144.0,left,new_contact_episode,10141.0,3.0,contact_part_local_affine,contact_part_local_affine,grabcut_fallback,bbox_fallback,cotracker,ready,,small_object_whole_mask_allowed,1416,1.0,2472.0,0.9739952718676123,True,5,0.0,contact_part_mask,26,0,False,1.0,36,36,36,1.0,0.2112279236316681,5,0.0,0.970225,,,,,,,8.081494224305903,42,5,0.12755555555555556,2.0,0.05542420504385965,0.07092198581560284,0.12755555555555556,0.07281553398058252,0.0,0.0,0.8555050609378229,target_partially_occluded,1.668358562014854,tier_3_target_partially_occluded,isotropic_e7,/root/workspace/vrb/vrbreproduction/outputs/100subaction-e12/experiments/E12/pipeline_outputs/subaction_64_P01_109_64/candidate_00_frame_010144_left,/root/workspace/vrb/vrbreproduction/outputs/100subaction-e12/experiments/E12/pipeline_outputs/subaction_64_P01_109_64/candidate_00_frame_010144_left/reference_frame.png,/root/workspace/vrb/vrbreproduction/outputs/100subaction-e12/experiments/E12/pipeline_outputs/subaction_64_P01_109_64/candidate_00_frame_010144_left/label_heatmap_merged_overlay.png,/root/workspace/vrb/vrbreproduction/outputs/100subaction-e12/experiments/E12/pipeline_outputs/subaction_64_P01_109_64/candidate_00_frame_010144_left/vrb_style_affordance.png,/root/workspace/vrb/vrbreproduction/outputs/100subaction-e12/experiments/E12/pipeline_outputs/subaction_64_P01_109_64/candidate_00_frame_010144_left/mask_projection_overlay.png
64,P01_109_64,pick up potato bit,pick-up,bit:potato,10146.0,left,new_contact_episode,10141.0,5.0,contact_part_local_affine,contact_part_local_affine,grabcut_fallback,bbox_fallback,cotracker,ready,,small_object_whole_mask_allowed,1407,1.0,2482.0,0.9779353821907013,True,5,0.0,contact_part_mask,26,0,False,1.0,36,36,36,1.0,0.22645875811576843,5,0.0,0.955671625,,,,,,,8.069565373248677,40,5,0.12755555555555556,2.0,0.05542420504385965,0.07092198581560284,0.12755555555555556,0.072522159548751,0.0,0.0,0.855915785142387,target_partially_occluded,1.6688866359921506,tier_3_target_partially_occluded,isotropic_e7,/root/workspace/vrb/vrbreproduction/outputs/100subaction-e12/experiments/E12/pipeline_outputs/subaction_64_P01_109_64/candidate_02_frame_010146_left,/root/workspace/vrb/vrbreproduction/outputs/100subaction-e12/experiments/E12/pipeline_outputs/subaction_64_P01_109_64/candidate_02_frame_010146_left/reference_frame.png,/root/workspace/vrb/vrbreproduction/outputs/100subaction-e12/experiments/E12/pipeline_outputs/subaction_64_P01_109_64/candidate_02_frame_010146_left/label_heatmap_merged_overlay.png,/root/workspace/vrb/vrbreproduction/outputs/100subaction-e12/experiments/E12/pipeline_outputs/subaction_64_P01_109_64/candidate_02_frame_010146_left/vrb_style_affordance.png,/root/workspace/vrb/vrbreproduction/outputs/100subaction-e12/experiments/E12/pipeline_outputs/subaction_64_P01_109_64/candidate_02_frame_010146_left/mask_projection_overlay.png
65,P01_109_65,put down potato bit,put-down,bit:potato,10184.0,left,new_contact_episode,10182.0,2.0,contact_part_local_affine,contact_part_local_affine,grabcut_fallback,bbox_fallback,cotracker,ready,,small_object_whole_mask_allowed,9796,0.7495026778882938,13970.0,0.4312393887945671,True,5,0.0,contact_part_mask,26,0,False,1.0,36,35,35,1.0,0.43675026297569275,5,0.0,1.0,,,,,,,4.429575148588832,153,5,0.08711111111111111,2.0,0.049479166666666664,0.08914956011730206,0.08711111111111111,0.18625626342161775,0.0,0.0,0.685751495139354,target_occluded_by_hand,-2.045322343521897,tier_4_target_occluded_by_hand,isotropic_e7,/root/workspace/vrb/vrbreproduction/outputs/100subaction-e12/experiments/E12/pipeline_outputs/subaction_65_P01_109_65/candidate_04_frame_010184_left,/root/workspace/vrb/vrbreproduction/outputs/100subaction-e12/experiments/E12/pipeline_outputs/subaction_65_P01_109_65/candidate_04_frame_010184_left/reference_frame.png,/root/workspace/vrb/vrbreproduction/outputs/100subaction-e12/experiments/E12/pipeline_outputs/subaction_65_P01_109_65/candidate_04_frame_010184_left/label_heatmap_merged_overlay.png,/root/workspace/vrb/vrbreproduction/outputs/100subaction-e12/experiments/E12/pipeline_outputs/subaction_65_P01_109_65/candidate_04_frame_010184_left/vrb_style_affordance.png,/root/workspace/vrb/vrbreproduction/outputs/100subaction-e12/experiments/E12/pipeline_outputs/subaction_65_P01_109_65/candidate_04_frame_010184_left/mask_projection_overlay.png
65,P01_109_65,put down potato bit,put-down,bit:potato,10186.0,left,new_contact_episode,10182.0,4.0,contact_part_local_affine,contact_part_local_affine,grabcut_fallback,bbox_fallback,cotracker,ready,,small_object_whole_mask_allowed,7430,0.7116858237547893,14328.0,0.4415680473372781,True,5,0.0,contact_part_mask,26,0,False,1.0,36,35,35,1.0,0.3335382640361786,5,0.0,1.0,,,,,,,4.419954864353881,142,5,0.08711111111111111,2.0,0.049479166666666664,0.09023668639053255,0.08711111111111111,0.18592964824120603,0.0,0.0,0.6855564806279921,target_occluded_by_hand,-2.0460389877250322,tier_4_target_occluded_by_hand,isotropic_e7,/root/workspace/vrb/vrbreproduction/outputs/100subaction-e12/experiments/E12/pipeline_outputs/subaction_65_P01_109_65/candidate_06_frame_010186_left,/root/workspace/vrb/vrbreproduction/outputs/100subaction-e12/experiments/E12/pipeline_outputs/subaction_65_P01_109_65/candidate_06_frame_010186_left/reference_frame.png,/root/workspace/vrb/vrbreproduction/outputs/100subaction-e12/experiments/E12/pipeline_outputs/subaction_65_P01_109_65/candidate_06_frame_010186_left/label_heatmap_merged_overlay.png,/root/workspace/vrb/vrbreproduction/outputs/100subaction-e12/experiments/E12/pipeline_outputs/subaction_65_P01_109_65/candidate_06_frame_010186_left/vrb_style_affordance.png,/root/workspace/vrb/vrbreproduction/outputs/100subaction-e12/experiments/E12/pipeline_outputs/subaction_65_P01_109_65/candidate_06_frame_010186_left/mask_projection_overlay.png
66,P01_109_66,move cutting board,move,board:cutting,10198.0,left,new_contact_episode,10197.0,1.0,contact_part_local_affine,contact_part_local_affine,grabcut_fallback,bbox_fallback,cotracker,ready,,contact_local_boundary,8550,0.8085106382978723,11159.0,0.5407540220973057,True,5,0.0,contact_part_mask,26,0,False,1.0,36,36,36,1.0,0.2733219265937805,5,0.0,1.0,,,,,,,4.136990865481879,201,5,0.1128,2.0,0.049719024122807015,0.16587516960651288,0.1128,0.3034322071870239,0.0,0.0,0.5504748982360923,target_occluded_by_hand,-2.3488094767203065,tier_4_target_occluded_by_hand,isotropic_e7,/root/workspace/vrb/vrbreproduction/outputs/100subaction-e12/experiments/E12/pipeline_outputs/subaction_66_P01_109_66/candidate_01_frame_010198_left,/root/workspace/vrb/vrbreproduction/outputs/100subaction-e12/experiments/E12/pipeline_outputs/subaction_66_P01_109_66/candidate_01_frame_010198_left/reference_frame.png,/root/workspace/vrb/vrbreproduction/outputs/100subaction-e12/experiments/E12/pipeline_outputs/subaction_66_P01_109_66/candidate_01_frame_010198_left/label_heatmap_merged_overlay.png,/root/workspace/vrb/vrbreproduction/outputs/100subaction-e12/experiments/E12/pipeline_outputs/subaction_66_P01_109_66/candidate_01_frame_010198_left/vrb_style_affordance.png,/root/workspace/vrb/vrbreproduction/outputs/100subaction-e12/experiments/E12/pipeline_outputs/subaction_66_P01_109_66/candidate_01_frame_010198_left/mask_projection_overlay.png
66,P01_109_66,move cutting board,move,board:cutting,10201.0,left,new_contact_episode,10200.0,1.0,contact_part_local_affine,contact_part_local_affine,grabcut_fallback,bbox_fallback,cotracker,ready,,contact_local_boundary,9367,0.7713909248126493,10766.0,0.5188933873144399,True,5,0.0,contact_part_mask,26,0,False,1.0,36,36,36,1.0,0.35403844714164734,5,0.0,1.0,,,,,,,4.153540382724118,202,5,0.1063111111111111,2.0,0.04824561403508772,0.16652207441681127,0.1063111111111111,0.29416682147501394,0.0,0.0,0.5500867553499132,target_occluded_by_hand,-2.3298384638616314,tier_4_target_occluded_by_hand,isotropic_e7,/root/workspace/vrb/vrbreproduction/outputs/100subaction-e12/experiments/E12/pipeline_outputs/subaction_66_P01_109_66/candidate_03_frame_010201_left,/root/workspace/vrb/vrbreproduction/outputs/100subaction-e12/experiments/E12/pipeline_outputs/subaction_66_P01_109_66/candidate_03_frame_010201_left/reference_frame.png,/root/workspace/vrb/vrbreproduction/outputs/100subaction-e12/experiments/E12/pipeline_outputs/subaction_66_P01_109_66/candidate_03_frame_010201_left/label_heatmap_merged_overlay.png,/root/workspace/vrb/vrbreproduction/outputs/100subaction-e12/experiments/E12/pipeline_outputs/subaction_66_P01_109_66/candidate_03_frame_010201_left/vrb_style_affordance.png,/root/workspace/vrb/vrbreproduction/outputs/100subaction-e12/experiments/E12/pipeline_outputs/subaction_66_P01_109_66/candidate_03_frame_010201_left/mask_projection_overlay.png
67,P01_109_67,put down knife,put-down,knife,10262.0,right,new_contact_episode,10260.0,2.0,contact_part_local_affine,contact_part_local_affine,grabcut_fallback,bbox_fallback,cotracker,ready,,handle_like_edge_or_endpoint,4065,0.6415719696969697,4110.0,0.6270022883295194,True,5,0.0,contact_part_mask,26,0,False,1.0,36,36,36,1.0,0.48240432143211365,5,0.0,0.941336550625,,,,,,,4.177268951941296,67,5,0.17333333333333334,2.0,0.06503563596491228,0.16231884057971013,0.17333333333333334,0.25888077858880776,0.0,0.0,0.5359420289855072,target_occluded_by_hand,-2.2962589184157403,tier_4_target_occluded_by_hand,isotropic_e7,/root/workspace/vrb/vrbreproduction/outputs/100subaction-e12/experiments/E12/pipeline_outputs/subaction_67_P01_109_67/candidate_01_frame_010262_right,/root/workspace/vrb/vrbreproduction/outputs/100subaction-e12/experiments/E12/pipeline_outputs/subaction_67_P01_109_67/candidate_01_frame_010262_right/reference_frame.png,/root/workspace/vrb/vrbreproduction/outputs/100subaction-e12/experiments/E12/pipeline_outputs/subaction_67_P01_109_67/candidate_01_frame_010262_right/label_heatmap_merged_overlay.png,/root/workspace/vrb/vrbreproduction/outputs/100subaction-e12/experiments/E12/pipeline_outputs/subaction_67_P01_109_67/candidate_01_frame_010262_right/vrb_style_affordance.png,/root/workspace/vrb/vrbreproduction/outputs/100subaction-e12/experiments/E12/pipeline_outputs/subaction_67_P01_109_67/candidate_01_frame_010262_right/mask_projection_overlay.png
68,P01_109_68,pick up knife,pick-up,knife,10270.0,right,new_contact_episode,10268.0,2.0,contact_part_local_affine,contact_part_local_affine,grabcut_fallback,bbox_fallback,cotracker,ready,,handle_like_edge_or_endpoint,92,1.0,3948.0,0.632996632996633,True,5,0.0,contact_part_mask,26,0,False,1.0,36,24,24,1.0,0.12048326432704926,5,0.0,0.941336550625,,,,,,,3.80648271881717,90,5,0.16675555555555555,2.0,0.07206859923245613,0.287317620650954,0.16675555555555555,0.37943262411347517,0.0,0.0,0.4776094276094277,target_occluded_by_hand,-2.677902783253017,tier_4_target_occluded_by_hand,isotropic_e7,/root/workspace/vrb/vrbreproduction/outputs/100subaction-e12/experiments/E12/pipeline_outputs/subaction_68_P01_109_68/candidate_01_frame_010270_right,/root/workspace/vrb/vrbreproduction/outputs/100subaction-e12/experiments/E12/pipeline_outputs/subaction_68_P01_109_68/candidate_01_frame_010270_right/reference_frame.png,/root/workspace/vrb/vrbreproduction/outputs/100subaction-e12/experiments/E12/pipeline_outputs/subaction_68_P01_109_68/candidate_01_frame_010270_right/label_heatmap_merged_overlay.png,/root/workspace/vrb/vrbreproduction/outputs/100subaction-e12/experiments/E12/pipeline_outputs/subaction_68_P01_109_68/candidate_01_frame_010270_right/vrb_style_affordance.png,/root/workspace/vrb/vrbreproduction/outputs/100subaction-e12/experiments/E12/pipeline_outputs/subaction_68_P01_109_68/candidate_01_frame_010270_right/mask_projection_overlay.png
68,P01_109_68,pick up knife,pick-up,knife,10276.0,left,new_contact_episode,10275.0,1.0,contact_part_local_affine,contact_part_local_affine,grabcut_fallback,bbox_fallback,cotracker,ready,,handle_like_edge_or_endpoint,2059,0.977218794494542,2107.0,0.98,True,5,0.0,contact_part_mask,26,0,False,0.9925714285714287,36,35,33,0.9428571428571428,0.32377874851226807,5,0.0,0.941336550625,,,,,,,3.553920700274585,46,5,0.2919555555555556,2.0,0.07306229440789473,0.4181395348837209,0.2919555555555556,0.4119601328903654,0.0,0.0,0.42428571428571427,target_occluded_by_hand,-2.895508794412904,tier_4_target_occluded_by_hand,isotropic_e7,/root/workspace/vrb/vrbreproduction/outputs/100subaction-e12/experiments/E12/pipeline_outputs/subaction_68_P01_109_68/candidate_03_frame_010276_left,/root/workspace/vrb/vrbreproduction/outputs/100subaction-e12/experiments/E12/pipeline_outputs/subaction_68_P01_109_68/candidate_03_frame_010276_left/reference_frame.png,/root/workspace/vrb/vrbreproduction/outputs/100subaction-e12/experiments/E12/pipeline_outputs/subaction_68_P01_109_68/candidate_03_frame_010276_left/label_heatmap_merged_overlay.png,/root/workspace/vrb/vrbreproduction/outputs/100subaction-e12/experiments/E12/pipeline_outputs/subaction_68_P01_109_68/candidate_03_frame_010276_left/vrb_style_affordance.png,/root/workspace/vrb/vrbreproduction/outputs/100subaction-e12/experiments/E12/pipeline_outputs/subaction_68_P01_109_68/candidate_03_frame_010276_left/mask_projection_overlay.png
68,P01_109_68,pick up knife,pick-up,knife,10278.0,left,new_contact_episode,10275.0,3.0,contact_part_local_affine,contact_part_local_affine,grabcut_fallback,bbox_fallback,cotracker,ready,,handle_like_edge_or_endpoint,1786,1.0,2150.0,1.0,True,5,0.0,contact_part_mask,26,0,False,0.9748387096774194,36,31,25,0.8064516129032258,1.0186798572540283,5,0.0,0.941336550625,,,,,,,3.4267433701524035,91,5,0.3243111111111111,2.0,0.07306229440789473,0.4181395348837209,0.3243111111111111,0.4181395348837209,0.0,0.0,0.41129032258064513,target_occluded_by_hand,-2.9066317180009436,tier_4_target_occluded_by_hand,isotropic_e7,/root/workspace/vrb/vrbreproduction/outputs/100subaction-e12/experiments/E12/pipeline_outputs/subaction_68_P01_109_68/candidate_05_frame_010278_left,/root/workspace/vrb/vrbreproduction/outputs/100subaction-e12/experiments/E12/pipeline_outputs/subaction_68_P01_109_68/candidate_05_frame_010278_left/reference_frame.png,/root/workspace/vrb/vrbreproduction/outputs/100subaction-e12/experiments/E12/pipeline_outputs/subaction_68_P01_109_68/candidate_05_frame_010278_left/label_heatmap_merged_overlay.png,/root/workspace/vrb/vrbreproduction/outputs/100subaction-e12/experiments/E12/pipeline_outputs/subaction_68_P01_109_68/candidate_05_frame_010278_left/vrb_style_affordance.png,/root/workspace/vrb/vrbreproduction/outputs/100subaction-e12/experiments/E12/pipeline_outputs/subaction_68_P01_109_68/candidate_05_frame_010278_left/mask_projection_overlay.png
69,P01_109_69,slice potato,slice,potato,10374.0,left,new_contact_episode,10355.0,19.0,contact_part_local_affine,contact_part_local_affine,grabcut_fallback,bbox_fallback,cotracker,ready,,small_object_whole_mask_allowed,1440,1.0,2613.0,1.0,True,5,0.0,contact_part_mask,26,0,False,0.9881818181818183,36,33,30,0.9090909090909091,1.1633548736572266,5,0.0,0.941336550625,,,,,,,7.965415597135917,61,5,0.3867111111111111,2.0,0.07915296052631579,0.05510907003444317,0.3867111111111111,0.05510907003444317,0.0,0.0,0.8352364053856591,target_partially_occluded,1.6697707888001794,tier_3_target_partially_occluded,isotropic_e7,/root/workspace/vrb/vrbreproduction/outputs/100subaction-e12/experiments/E12/pipeline_outputs/subaction_69_P01_109_69/candidate_00_frame_010374_left,/root/workspace/vrb/vrbreproduction/outputs/100subaction-e12/experiments/E12/pipeline_outputs/subaction_69_P01_109_69/candidate_00_frame_010374_left/reference_frame.png,/root/workspace/vrb/vrbreproduction/outputs/100subaction-e12/experiments/E12/pipeline_outputs/subaction_69_P01_109_69/candidate_00_frame_010374_left/label_heatmap_merged_overlay.png,/root/workspace/vrb/vrbreproduction/outputs/100subaction-e12/experiments/E12/pipeline_outputs/subaction_69_P01_109_69/candidate_00_frame_010374_left/vrb_style_affordance.png,/root/workspace/vrb/vrbreproduction/outputs/100subaction-e12/experiments/E12/pipeline_outputs/subaction_69_P01_109_69/candidate_00_frame_010374_left/mask_projection_overlay.png
69,P01_109_69,slice potato,slice,potato,10376.0,left,new_contact_episode,10351.0,25.0,contact_part_local_affine,contact_part_local_affine,grabcut_fallback,bbox_fallback,cotracker,ready,,small_object_whole_mask_allowed,1949,0.9994871794871795,2574.0,1.0,True,5,0.0,contact_part_mask,26,0,False,0.9773913043478262,36,23,19,0.8260869565217391,1.0702134370803833,5,0.0,0.941336550625,,,,,,,7.656272330925289,76,5,0.4053333333333333,2.0,0.078125,0.1309246309246309,0.4053333333333333,0.1309246309246309,0.0,0.0,0.594672477281173,target_partially_occluded,1.4444656905594406,tier_3_target_partially_occluded,isotropic_e7,/root/workspace/vrb/vrbreproduction/outputs/100subaction-e12/experiments/E12/pipeline_outputs/subaction_69_P01_109_69/candidate_02_frame_010376_left,/root/workspace/vrb/vrbreproduction/outputs/100subaction-e12/experiments/E12/pipeline_outputs/subaction_69_P01_109_69/candidate_02_frame_010376_left/reference_frame.png,/root/workspace/vrb/vrbreproduction/outputs/100subaction-e12/experiments/E12/pipeline_outputs/subaction_69_P01_109_69/candidate_02_frame_010376_left/label_heatmap_merged_overlay.png,/root/workspace/vrb/vrbreproduction/outputs/100subaction-e12/experiments/E12/pipeline_outputs/subaction_69_P01_109_69/candidate_02_frame_010376_left/vrb_style_affordance.png,/root/workspace/vrb/vrbreproduction/outputs/100subaction-e12/experiments/E12/pipeline_outputs/subaction_69_P01_109_69/candidate_02_frame_010376_left/mask_projection_overlay.png
69,P01_109_69,slice potato,slice,potato,11290.0,left,new_contact_episode,11282.0,8.0,contact_part_local_affine,contact_part_local_affine,grabcut_fallback,bbox_fallback,cotracker,ready,,small_object_whole_mask_allowed,842,1.0,3957.0,0.9992424242424243,True,5,0.0,contact_part_mask,26,0,False,0.9938095238095238,36,21,20,0.9523809523809523,1.554510474205017,5,0.0,1.0,,,,,,,3.8716972934612386,96,5,0.3308888888888889,2.0,0.07621470668859649,0.2818181818181818,0.3308888888888889,0.28203184230477635,0.0,0.0,0.4666233766233766,target_occluded_by_hand,-2.5046197732649915,tier_4_target_occluded_by_hand,isotropic_e7,/root/workspace/vrb/vrbreproduction/outputs/100subaction-e12/experiments/E12/pipeline_outputs/subaction_69_P01_109_69/candidate_11_frame_011290_left,/root/workspace/vrb/vrbreproduction/outputs/100subaction-e12/experiments/E12/pipeline_outputs/subaction_69_P01_109_69/candidate_11_frame_011290_left/reference_frame.png,/root/workspace/vrb/vrbreproduction/outputs/100subaction-e12/experiments/E12/pipeline_outputs/subaction_69_P01_109_69/candidate_11_frame_011290_left/label_heatmap_merged_overlay.png,/root/workspace/vrb/vrbreproduction/outputs/100subaction-e12/experiments/E12/pipeline_outputs/subaction_69_P01_109_69/candidate_11_frame_011290_left/vrb_style_affordance.png,/root/workspace/vrb/vrbreproduction/outputs/100subaction-e12/experiments/E12/pipeline_outputs/subaction_69_P01_109_69/candidate_11_frame_011290_left/mask_projection_overlay.png
70,P01_109_70,put down knife,put-down,knife,11913.0,left,continuation_entry_rescue,11909.0,4.0,contact_part_local_affine,contact_part_local_affine,grabcut_fallback,bbox_fallback,cotracker,ready,,handle_like_edge_or_endpoint,428,1.0,600.0,1.0,True,5,0.0,contact_part_mask,26,0,False,1.0,36,36,36,1.0,0.2612669765949249,5,0.0,0.8996086310076885,,,,,,,2.2327789020234245,97,5,0.138,2.0,0.07337068256578948,0.84,0.138,0.84,0.0,0.0,0.12132675438596496,target_occluded_by_hand,-4.172855588678727,tier_4_target_occluded_by_hand,isotropic_e7,/root/workspace/vrb/vrbreproduction/outputs/100subaction-e12/experiments/E12/pipeline_outputs/subaction_70_P01_109_70/candidate_02_frame_011913_left,/root/workspace/vrb/vrbreproduction/outputs/100subaction-e12/experiments/E12/pipeline_outputs/subaction_70_P01_109_70/candidate_02_frame_011913_left/reference_frame.png,/root/workspace/vrb/vrbreproduction/outputs/100subaction-e12/experiments/E12/pipeline_outputs/subaction_70_P01_109_70/candidate_02_frame_011913_left/label_heatmap_merged_overlay.png,/root/workspace/vrb/vrbreproduction/outputs/100subaction-e12/experiments/E12/pipeline_outputs/subaction_70_P01_109_70/candidate_02_frame_011913_left/vrb_style_affordance.png,/root/workspace/vrb/vrbreproduction/outputs/100subaction-e12/experiments/E12/pipeline_outputs/subaction_70_P01_109_70/candidate_02_frame_011913_left/mask_projection_overlay.png
71,P01_109_71,put down potato slices,put-down,slice:potato,11983.0,left,new_contact_episode,11982.0,1.0,contact_part_local_affine,contact_part_local_affine,grabcut_fallback,bbox_fallback,cotracker,ready,,small_object_whole_mask_allowed,5229,0.9744688781215057,5951.0,0.5960536858974359,True,5,0.0,contact_part_mask,26,0,False,1.0,36,36,36,1.0,0.57513827085495,5,0.0,0.8996086310076885,,,,,,,3.9958654555967006,24,5,0.27484444444444445,2.0,0.05687191611842105,0.30528846153846156,0.27484444444444445,0.27558393547302973,0.0,0.0,0.4668269230769231,target_occluded_by_hand,-2.480880396277651,tier_4_target_occluded_by_hand,isotropic_e7,/root/workspace/vrb/vrbreproduction/outputs/100subaction-e12/experiments/E12/pipeline_outputs/subaction_71_P01_109_71/candidate_01_frame_011983_left,/root/workspace/vrb/vrbreproduction/outputs/100subaction-e12/experiments/E12/pipeline_outputs/subaction_71_P01_109_71/candidate_01_frame_011983_left/reference_frame.png,/root/workspace/vrb/vrbreproduction/outputs/100subaction-e12/experiments/E12/pipeline_outputs/subaction_71_P01_109_71/candidate_01_frame_011983_left/label_heatmap_merged_overlay.png,/root/workspace/vrb/vrbreproduction/outputs/100subaction-e12/experiments/E12/pipeline_outputs/subaction_71_P01_109_71/candidate_01_frame_011983_left/vrb_style_affordance.png,/root/workspace/vrb/vrbreproduction/outputs/100subaction-e12/experiments/E12/pipeline_outputs/subaction_71_P01_109_71/candidate_01_frame_011983_left/mask_projection_overlay.png
72,P01_109_72,pick up potato slices,pick-up,slice:potato,12007.0,right,continuation_entry_rescue,11989.0,18.0,contact_part_local_affine,contact_part_local_affine,grabcut_fallback,bbox_fallback,cotracker,ready,,small_object_whole_mask_allowed,2016,1.0,3900.0,0.8125,True,4,0.0,contact_part_mask,26,0,False,0.9124999999999999,36,18,18,1.0,1.1929376125335693,4,0.0,0.5100594460712041,,,,,,,11.955187233545313,76,4,0.0,2.0,0.06558388157894737,0.0,0.0,0.0,18.999996185302734,18.999996185302734,0.8,local_target_clean,6.1633669133771924,tier_1_local_target_clean,isotropic_e7,/root/workspace/vrb/vrbreproduction/outputs/100subaction-e12/experiments/E12/pipeline_outputs/subaction_72_P01_109_72/candidate_03_frame_012007_right,/root/workspace/vrb/vrbreproduction/outputs/100subaction-e12/experiments/E12/pipeline_outputs/subaction_72_P01_109_72/candidate_03_frame_012007_right/reference_frame.png,/root/workspace/vrb/vrbreproduction/outputs/100subaction-e12/experiments/E12/pipeline_outputs/subaction_72_P01_109_72/candidate_03_frame_012007_right/label_heatmap_merged_overlay.png,/root/workspace/vrb/vrbreproduction/outputs/100subaction-e12/experiments/E12/pipeline_outputs/subaction_72_P01_109_72/candidate_03_frame_012007_right/vrb_style_affordance.png,/root/workspace/vrb/vrbreproduction/outputs/100subaction-e12/experiments/E12/pipeline_outputs/subaction_72_P01_109_72/candidate_03_frame_012007_right/mask_projection_overlay.png
73,P01_109_73,put down potato slices,put-down,slice:potato,12135.0,right,new_contact_episode,12119.0,16.0,contact_part_local_affine,contact_part_local_affine,grabcut_fallback,bbox_fallback,cotracker,ready,,small_object_whole_mask_allowed,1746,0.9988558352402745,1295.0,1.0,True,3,0.0,contact_part_mask,26,0,False,0.7649999999999999,36,26,14,0.5384615384615384,2.3650829792022705,3,0.0,0.5100594460712041,,,,,,,2.4688801101577034,96,3,0.3293333333333333,2.0,0.0634765625,0.3667953667953668,0.3293333333333333,0.3667953667953668,0.0,0.0,0.06593409103688713,target_occluded_by_hand,-2.732628938927767,tier_4_target_occluded_by_hand,isotropic_e7,/root/workspace/vrb/vrbreproduction/outputs/100subaction-e12/experiments/E12/pipeline_outputs/subaction_73_P01_109_73/candidate_03_frame_012135_right,/root/workspace/vrb/vrbreproduction/outputs/100subaction-e12/experiments/E12/pipeline_outputs/subaction_73_P01_109_73/candidate_03_frame_012135_right/reference_frame.png,/root/workspace/vrb/vrbreproduction/outputs/100subaction-e12/experiments/E12/pipeline_outputs/subaction_73_P01_109_73/candidate_03_frame_012135_right/label_heatmap_merged_overlay.png,/root/workspace/vrb/vrbreproduction/outputs/100subaction-e12/experiments/E12/pipeline_outputs/subaction_73_P01_109_73/candidate_03_frame_012135_right/vrb_style_affordance.png,/root/workspace/vrb/vrbreproduction/outputs/100subaction-e12/experiments/E12/pipeline_outputs/subaction_73_P01_109_73/candidate_03_frame_012135_right/mask_projection_overlay.png
73,P01_109_73,put down potato slices,put-down,slice:potato,12169.0,right,new_contact_episode,12165.0,4.0,contact_part_local_affine,contact_part_local_affine,grabcut_fallback,bbox_fallback,cotracker,ready,,small_object_whole_mask_allowed,505,1.0,4360.0,0.8808080808080808,True,5,0.0,contact_part_mask,26,0,False,1.0,36,35,35,1.0,0.46914294362068176,5,0.0,0.5100594460712041,,,,,,,3.8393288014105464,51,5,0.2406222222222222,2.0,0.0532140899122807,0.31191919191919193,0.2406222222222222,0.3541284403669725,0.0,0.0,0.46284848484848495,target_occluded_by_hand,-2.622596910280832,tier_4_target_occluded_by_hand,isotropic_e7,/root/workspace/vrb/vrbreproduction/outputs/100subaction-e12/experiments/E12/pipeline_outputs/subaction_73_P01_109_73/candidate_09_frame_012169_right,/root/workspace/vrb/vrbreproduction/outputs/100subaction-e12/experiments/E12/pipeline_outputs/subaction_73_P01_109_73/candidate_09_frame_012169_right/reference_frame.png,/root/workspace/vrb/vrbreproduction/outputs/100subaction-e12/experiments/E12/pipeline_outputs/subaction_73_P01_109_73/candidate_09_frame_012169_right/label_heatmap_merged_overlay.png,/root/workspace/vrb/vrbreproduction/outputs/100subaction-e12/experiments/E12/pipeline_outputs/subaction_73_P01_109_73/candidate_09_frame_012169_right/vrb_style_affordance.png,/root/workspace/vrb/vrbreproduction/outputs/100subaction-e12/experiments/E12/pipeline_outputs/subaction_73_P01_109_73/candidate_09_frame_012169_right/mask_projection_overlay.png
73,P01_109_73,put down potato slices,put-down,slice:potato,12171.0,right,new_contact_episode,12165.0,6.0,contact_part_local_affine,contact_part_local_affine,grabcut_fallback,bbox_fallback,cotracker,ready,,small_object_whole_mask_allowed,840,1.0,4505.0,0.9101010101010101,True,4,0.0,contact_part_mask,26,0,False,0.8666176470588236,36,34,22,0.6470588235294118,0.9062736630439758,4,0.0,0.5100594460712041,,,,,,,3.1944374154406745,55,4,0.23555555555555555,2.0,0.0532140899122807,0.31191919191919193,0.23555555555555555,0.3427302996670366,0.0,0.0,0.46284848484848495,target_occluded_by_hand,-2.602080257020948,tier_4_target_occluded_by_hand,isotropic_e7,/root/workspace/vrb/vrbreproduction/outputs/100subaction-e12/experiments/E12/pipeline_outputs/subaction_73_P01_109_73/candidate_11_frame_012171_right,/root/workspace/vrb/vrbreproduction/outputs/100subaction-e12/experiments/E12/pipeline_outputs/subaction_73_P01_109_73/candidate_11_frame_012171_right/reference_frame.png,/root/workspace/vrb/vrbreproduction/outputs/100subaction-e12/experiments/E12/pipeline_outputs/subaction_73_P01_109_73/candidate_11_frame_012171_right/label_heatmap_merged_overlay.png,/root/workspace/vrb/vrbreproduction/outputs/100subaction-e12/experiments/E12/pipeline_outputs/subaction_73_P01_109_73/candidate_11_frame_012171_right/vrb_style_affordance.png,/root/workspace/vrb/vrbreproduction/outputs/100subaction-e12/experiments/E12/pipeline_outputs/subaction_73_P01_109_73/candidate_11_frame_012171_right/mask_projection_overlay.png
74,P01_109_74,pick up potato slices,pick-up,slice:potato,12212.0,right,new_contact_episode,12181.0,31.0,contact_part_local_affine,contact_part_local_affine,grabcut_fallback,bbox_fallback,cotracker,ready,,small_object_whole_mask_allowed,4073,0.7346681096681097,3628.0,0.8081978168857207,True,4,0.0,contact_part_mask,26,0,False,0.9035344827586207,36,29,27,0.9310344827586207,1.6232386827468872,4,0.0,0.22916061768076487,,,,,,,11.611654122794231,65,4,0.006044444444444444,2.0,0.07295093201754387,0.0,0.006044444444444444,0.0,30.999993324279785,30.999993324279785,0.8448275862068966,local_target_clean,6.148018891630117,tier_1_local_target_clean,isotropic_e7,/root/workspace/vrb/vrbreproduction/outputs/100subaction-e12/experiments/E12/pipeline_outputs/subaction_74_P01_109_74/candidate_06_frame_012212_right,/root/workspace/vrb/vrbreproduction/outputs/100subaction-e12/experiments/E12/pipeline_outputs/subaction_74_P01_109_74/candidate_06_frame_012212_right/reference_frame.png,/root/workspace/vrb/vrbreproduction/outputs/100subaction-e12/experiments/E12/pipeline_outputs/subaction_74_P01_109_74/candidate_06_frame_012212_right/label_heatmap_merged_overlay.png,/root/workspace/vrb/vrbreproduction/outputs/100subaction-e12/experiments/E12/pipeline_outputs/subaction_74_P01_109_74/candidate_06_frame_012212_right/vrb_style_affordance.png,/root/workspace/vrb/vrbreproduction/outputs/100subaction-e12/experiments/E12/pipeline_outputs/subaction_74_P01_109_74/candidate_06_frame_012212_right/mask_projection_overlay.png
74,P01_109_74,pick up potato slices,pick-up,slice:potato,12214.0,right,new_contact_episode,12180.0,34.0,contact_part_local_affine,contact_part_local_affine,grabcut_fallback,bbox_fallback,cotracker,ready,,small_object_whole_mask_allowed,2906,0.8766214177978884,4527.0,0.9936347673397717,True,5,0.0,contact_part_mask,26,0,False,0.9775862068965517,36,29,24,0.8275862068965517,1.3113775253295898,5,0.0,0.22916061768076487,,,,,,,11.93619467176903,50,5,0.0272,2.0,0.07402172423245613,0.0,0.0272,0.0,35.999993324279785,35.999993324279785,0.7931034482758621,local_target_clean,6.145788074515716,tier_1_local_target_clean,isotropic_e7,/root/workspace/vrb/vrbreproduction/outputs/100subaction-e12/experiments/E12/pipeline_outputs/subaction_74_P01_109_74/candidate_07_frame_012214_right,/root/workspace/vrb/vrbreproduction/outputs/100subaction-e12/experiments/E12/pipeline_outputs/subaction_74_P01_109_74/candidate_07_frame_012214_right/reference_frame.png,/root/workspace/vrb/vrbreproduction/outputs/100subaction-e12/experiments/E12/pipeline_outputs/subaction_74_P01_109_74/candidate_07_frame_012214_right/label_heatmap_merged_overlay.png,/root/workspace/vrb/vrbreproduction/outputs/100subaction-e12/experiments/E12/pipeline_outputs/subaction_74_P01_109_74/candidate_07_frame_012214_right/vrb_style_affordance.png,/root/workspace/vrb/vrbreproduction/outputs/100subaction-e12/experiments/E12/pipeline_outputs/subaction_74_P01_109_74/candidate_07_frame_012214_right/mask_projection_overlay.png
74,P01_109_74,pick up potato slices,pick-up,slice:potato,12223.0,right,new_contact_episode,12155.0,68.0,contact_part_local_affine,contact_part_local_affine,grabcut_fallback,bbox_fallback,cotracker,ready,,small_object_whole_mask_allowed,1142,1.0,4147.0,0.6561708860759494,True,5,0.0,contact_part_mask,26,0,False,1.0,36,11,11,1.0,0.9428519606590271,5,0.0,0.22916061768076487,,,,,,,11.332538286465022,61,5,0.0,2.0,0.059004934210526314,0.0,0.0,0.0,46.69046706610878,46.69046706610878,0.7272727272727273,local_target_clean,6.17707305372807,tier_1_local_target_clean,isotropic_e7,/root/workspace/vrb/vrbreproduction/outputs/100subaction-e12/experiments/E12/pipeline_outputs/subaction_74_P01_109_74/candidate_08_frame_012223_right,/root/workspace/vrb/vrbreproduction/outputs/100subaction-e12/experiments/E12/pipeline_outputs/subaction_74_P01_109_74/candidate_08_frame_012223_right/reference_frame.png,/root/workspace/vrb/vrbreproduction/outputs/100subaction-e12/experiments/E12/pipeline_outputs/subaction_74_P01_109_74/candidate_08_frame_012223_right/label_heatmap_merged_overlay.png,/root/workspace/vrb/vrbreproduction/outputs/100subaction-e12/experiments/E12/pipeline_outputs/subaction_74_P01_109_74/candidate_08_frame_012223_right/vrb_style_affordance.png,/root/workspace/vrb/vrbreproduction/outputs/100subaction-e12/experiments/E12/pipeline_outputs/subaction_74_P01_109_74/candidate_08_frame_012223_right/mask_projection_overlay.png
75,P01_109_75,put down potato slices,put-down,slice:potato,12295.0,right,new_contact_episode,12286.0,9.0,contact_part_local_affine,contact_part_local_affine,grabcut_fallback,bbox_fallback,cotracker,ready,,small_object_whole_mask_allowed,1080,1.0,1722.0,1.0,True,5,0.0,contact_part_mask,26,0,False,0.98375,36,24,21,0.875,0.6567127704620361,5,0.0,0.22916061768076487,,,,,,,2.8749758438076096,78,5,0.14186666666666667,2.0,0.056606359649122806,0.6190476190476191,0.14186666666666667,0.6190476190476191,0.0,0.0,0.41670778508771933,target_occluded_by_hand,-3.4750727730785296,tier_4_target_occluded_by_hand,isotropic_e7,/root/workspace/vrb/vrbreproduction/outputs/100subaction-e12/experiments/E12/pipeline_outputs/subaction_75_P01_109_75/candidate_01_frame_012295_right,/root/workspace/vrb/vrbreproduction/outputs/100subaction-e12/experiments/E12/pipeline_outputs/subaction_75_P01_109_75/candidate_01_frame_012295_right/reference_frame.png,/root/workspace/vrb/vrbreproduction/outputs/100subaction-e12/experiments/E12/pipeline_outputs/subaction_75_P01_109_75/candidate_01_frame_012295_right/label_heatmap_merged_overlay.png,/root/workspace/vrb/vrbreproduction/outputs/100subaction-e12/experiments/E12/pipeline_outputs/subaction_75_P01_109_75/candidate_01_frame_012295_right/vrb_style_affordance.png,/root/workspace/vrb/vrbreproduction/outputs/100subaction-e12/experiments/E12/pipeline_outputs/subaction_75_P01_109_75/candidate_01_frame_012295_right/mask_projection_overlay.png
75,P01_109_75,put down potato slices,put-down,slice:potato,12326.0,right,new_contact_episode,12324.0,2.0,contact_part_local_affine,contact_part_local_affine,grabcut_fallback,bbox_fallback,cotracker,ready,,small_object_whole_mask_allowed,5765,0.83285177694308,7702.0,0.7281149555681603,True,5,0.0,contact_part_mask,26,0,False,1.0,36,36,36,1.0,0.2157677412033081,5,0.0,0.22916061768076487,,,,,,,4.179627433364717,122,5,0.15253333333333333,2.0,0.06064967105263158,0.1905842314237096,0.15253333333333333,0.24824720851726825,0.0,0.0,0.521436702554932,target_occluded_by_hand,-2.3018995343991833,tier_4_target_occluded_by_hand,isotropic_e7,/root/workspace/vrb/vrbreproduction/outputs/100subaction-e12/experiments/E12/pipeline_outputs/subaction_75_P01_109_75/candidate_04_frame_012326_right,/root/workspace/vrb/vrbreproduction/outputs/100subaction-e12/experiments/E12/pipeline_outputs/subaction_75_P01_109_75/candidate_04_frame_012326_right/reference_frame.png,/root/workspace/vrb/vrbreproduction/outputs/100subaction-e12/experiments/E12/pipeline_outputs/subaction_75_P01_109_75/candidate_04_frame_012326_right/label_heatmap_merged_overlay.png,/root/workspace/vrb/vrbreproduction/outputs/100subaction-e12/experiments/E12/pipeline_outputs/subaction_75_P01_109_75/candidate_04_frame_012326_right/vrb_style_affordance.png,/root/workspace/vrb/vrbreproduction/outputs/100subaction-e12/experiments/E12/pipeline_outputs/subaction_75_P01_109_75/candidate_04_frame_012326_right/mask_projection_overlay.png
76,P01_109_76,pick up potato slice,pick-up,slice:potato,12326.0,right,new_contact_episode,12324.0,2.0,contact_part_local_affine,contact_part_local_affine,grabcut_fallback,bbox_fallback,cotracker,ready,,small_object_whole_mask_allowed,5765,0.83285177694308,7702.0,0.7281149555681603,True,5,0.0,contact_part_mask,26,0,False,1.0,36,36,36,1.0,0.2157677412033081,5,0.0,0.22916061768076487,,,,,,,4.179627433364717,122,5,0.15253333333333333,2.0,0.06064967105263158,0.1905842314237096,0.15253333333333333,0.24824720851726825,0.0,0.0,0.521436702554932,target_occluded_by_hand,-2.3018995343991833,tier_4_target_occluded_by_hand,isotropic_e7,/root/workspace/vrb/vrbreproduction/outputs/100subaction-e12/experiments/E12/pipeline_outputs/subaction_76_P01_109_76/candidate_01_frame_012326_right,/root/workspace/vrb/vrbreproduction/outputs/100subaction-e12/experiments/E12/pipeline_outputs/subaction_76_P01_109_76/candidate_01_frame_012326_right/reference_frame.png,/root/workspace/vrb/vrbreproduction/outputs/100subaction-e12/experiments/E12/pipeline_outputs/subaction_76_P01_109_76/candidate_01_frame_012326_right/label_heatmap_merged_overlay.png,/root/workspace/vrb/vrbreproduction/outputs/100subaction-e12/experiments/E12/pipeline_outputs/subaction_76_P01_109_76/candidate_01_frame_012326_right/vrb_style_affordance.png,/root/workspace/vrb/vrbreproduction/outputs/100subaction-e12/experiments/E12/pipeline_outputs/subaction_76_P01_109_76/candidate_01_frame_012326_right/mask_projection_overlay.png
76,P01_109_76,pick up potato slice,pick-up,slice:potato,12335.0,left,new_contact_episode,12329.0,6.0,contact_part_local_affine,contact_part_local_affine,grabcut_fallback,bbox_fallback,cotracker,ready,,small_object_whole_mask_allowed,584,1.0,2209.0,1.0,True,4,0.0,contact_part_mask,26,0,False,0.8895588235294118,36,17,14,0.8235294117647058,0.4436250329017639,4,0.0,0.22916061768076487,,,,,,,3.4580253201179962,48,4,0.13635555555555556,2.0,0.05987013432017544,0.2177455862381168,0.13635555555555556,0.2177455862381168,0.0,0.0,0.5292147098767076,target_occluded_by_hand,-2.277966205214716,tier_4_target_occluded_by_hand,isotropic_e7,/root/workspace/vrb/vrbreproduction/outputs/100subaction-e12/experiments/E12/pipeline_outputs/subaction_76_P01_109_76/candidate_03_frame_012335_left,/root/workspace/vrb/vrbreproduction/outputs/100subaction-e12/experiments/E12/pipeline_outputs/subaction_76_P01_109_76/candidate_03_frame_012335_left/reference_frame.png,/root/workspace/vrb/vrbreproduction/outputs/100subaction-e12/experiments/E12/pipeline_outputs/subaction_76_P01_109_76/candidate_03_frame_012335_left/label_heatmap_merged_overlay.png,/root/workspace/vrb/vrbreproduction/outputs/100subaction-e12/experiments/E12/pipeline_outputs/subaction_76_P01_109_76/candidate_03_frame_012335_left/vrb_style_affordance.png,/root/workspace/vrb/vrbreproduction/outputs/100subaction-e12/experiments/E12/pipeline_outputs/subaction_76_P01_109_76/candidate_03_frame_012335_left/mask_projection_overlay.png
76,P01_109_76,pick up potato slice,pick-up,slice:potato,12337.0,left,new_contact_episode,12329.0,8.0,contact_part_local_affine,contact_part_local_affine,grabcut_fallback,bbox_fallback,cotracker,ready,,small_object_whole_mask_allowed,681,1.0,2256.0,1.0,True,4,0.0,contact_part_mask,26,0,False,0.9124999999999999,36,22,22,1.0,0.4176799952983856,4,0.0,0.22916061768076487,,,,,,,3.550772595166957,93,4,0.13373333333333334,2.0,0.05987013432017544,0.21897163120567376,0.13373333333333334,0.21897163120567376,0.0,0.0,0.5620567375886525,target_occluded_by_hand,-2.2816443401173867,tier_4_target_occluded_by_hand,isotropic_e7,/root/workspace/vrb/vrbreproduction/outputs/100subaction-e12/experiments/E12/pipeline_outputs/subaction_76_P01_109_76/candidate_05_frame_012337_left,/root/workspace/vrb/vrbreproduction/outputs/100subaction-e12/experiments/E12/pipeline_outputs/subaction_76_P01_109_76/candidate_05_frame_012337_left/reference_frame.png,/root/workspace/vrb/vrbreproduction/outputs/100subaction-e12/experiments/E12/pipeline_outputs/subaction_76_P01_109_76/candidate_05_frame_012337_left/label_heatmap_merged_overlay.png,/root/workspace/vrb/vrbreproduction/outputs/100subaction-e12/experiments/E12/pipeline_outputs/subaction_76_P01_109_76/candidate_05_frame_012337_left/vrb_style_affordance.png,/root/workspace/vrb/vrbreproduction/outputs/100subaction-e12/experiments/E12/pipeline_outputs/subaction_76_P01_109_76/candidate_05_frame_012337_left/mask_projection_overlay.png
77,P01_109_78,pick up potato slice,pick-up,slice:potato,12337.0,left,new_contact_episode,12329.0,8.0,contact_part_local_affine,contact_part_local_affine,grabcut_fallback,bbox_fallback,cotracker,ready,,small_object_whole_mask_allowed,681,1.0,2256.0,1.0,True,4,0.0,contact_part_mask,26,0,False,0.9124999999999999,36,22,22,1.0,0.4176799952983856,4,0.0,0.22916061768076487,,,,,,,3.550772595166957,93,4,0.13373333333333334,2.0,0.05987013432017544,0.21897163120567376,0.13373333333333334,0.21897163120567376,0.0,0.0,0.5620567375886525,target_occluded_by_hand,-2.2816443401173867,tier_4_target_occluded_by_hand,isotropic_e7,/root/workspace/vrb/vrbreproduction/outputs/100subaction-e12/experiments/E12/pipeline_outputs/subaction_77_P01_109_78/candidate_02_frame_012337_left,/root/workspace/vrb/vrbreproduction/outputs/100subaction-e12/experiments/E12/pipeline_outputs/subaction_77_P01_109_78/candidate_02_frame_012337_left/reference_frame.png,/root/workspace/vrb/vrbreproduction/outputs/100subaction-e12/experiments/E12/pipeline_outputs/subaction_77_P01_109_78/candidate_02_frame_012337_left/label_heatmap_merged_overlay.png,/root/workspace/vrb/vrbreproduction/outputs/100subaction-e12/experiments/E12/pipeline_outputs/subaction_77_P01_109_78/candidate_02_frame_012337_left/vrb_style_affordance.png,/root/workspace/vrb/vrbreproduction/outputs/100subaction-e12/experiments/E12/pipeline_outputs/subaction_77_P01_109_78/candidate_02_frame_012337_left/mask_projection_overlay.png
77,P01_109_78,pick up potato slice,pick-up,slice:potato,12361.0,right,new_contact_episode,12350.0,11.0,contact_part_local_affine,contact_part_local_affine,grabcut_fallback,bbox_fallback,cotracker,ready,,small_object_whole_mask_allowed,1029,1.0,4062.0,0.7522222222222222,True,5,0.0,contact_part_mask,26,0,False,1.0,36,36,36,1.0,0.23421213030815125,5,0.0,0.22916061768076487,,,,,,,12.274689405684493,52,5,0.033244444444444445,2.0,0.06270559210526316,0.0,0.033244444444444445,0.0,44.000001430511475,44.000001430511475,1.0,local_target_clean,6.169363349780702,tier_1_local_target_clean,isotropic_e7,/root/workspace/vrb/vrbreproduction/outputs/100subaction-e12/experiments/E12/pipeline_outputs/subaction_77_P01_109_78/candidate_09_frame_012361_right,/root/workspace/vrb/vrbreproduction/outputs/100subaction-e12/experiments/E12/pipeline_outputs/subaction_77_P01_109_78/candidate_09_frame_012361_right/reference_frame.png,/root/workspace/vrb/vrbreproduction/outputs/100subaction-e12/experiments/E12/pipeline_outputs/subaction_77_P01_109_78/candidate_09_frame_012361_right/label_heatmap_merged_overlay.png,/root/workspace/vrb/vrbreproduction/outputs/100subaction-e12/experiments/E12/pipeline_outputs/subaction_77_P01_109_78/candidate_09_frame_012361_right/vrb_style_affordance.png,/root/workspace/vrb/vrbreproduction/outputs/100subaction-e12/experiments/E12/pipeline_outputs/subaction_77_P01_109_78/candidate_09_frame_012361_right/mask_projection_overlay.png
77,P01_109_78,pick up potato slice,pick-up,slice:potato,12363.0,right,new_contact_episode,12353.0,10.0,contact_part_local_affine,contact_part_local_affine,grabcut_fallback,bbox_fallback,cotracker,ready,,small_object_whole_mask_allowed,3275,0.8822737068965517,4482.0,0.9018108651911468,True,5,0.0,contact_part_mask,26,0,False,0.9925714285714287,36,35,33,0.9428571428571428,0.22152049839496613,5,0.0,0.22916061768076487,,,,,,,12.334126392433335,56,5,0.03275555555555556,2.0,0.06010142543859649,0.0,0.03275555555555556,0.0,37.999993324279785,37.999993324279785,0.9742857142857142,local_target_clean,6.174788697002924,tier_1_local_target_clean,isotropic_e7,/root/workspace/vrb/vrbreproduction/outputs/100subaction-e12/experiments/E12/pipeline_outputs/subaction_77_P01_109_78/candidate_11_frame_012363_right,/root/workspace/vrb/vrbreproduction/outputs/100subaction-e12/experiments/E12/pipeline_outputs/subaction_77_P01_109_78/candidate_11_frame_012363_right/reference_frame.png,/root/workspace/vrb/vrbreproduction/outputs/100subaction-e12/experiments/E12/pipeline_outputs/subaction_77_P01_109_78/candidate_11_frame_012363_right/label_heatmap_merged_overlay.png,/root/workspace/vrb/vrbreproduction/outputs/100subaction-e12/experiments/E12/pipeline_outputs/subaction_77_P01_109_78/candidate_11_frame_012363_right/vrb_style_affordance.png,/root/workspace/vrb/vrbreproduction/outputs/100subaction-e12/experiments/E12/pipeline_outputs/subaction_77_P01_109_78/candidate_11_frame_012363_right/mask_projection_overlay.png
78,P01_109_79,put down potato slice,put-down,slice:potato,12388.0,right,continuation_entry_rescue,12387.0,1.0,contact_part_local_affine,contact_part_local_affine,grabcut_fallback,bbox_fallback,cotracker,ready,,small_object_whole_mask_allowed,928,1.0,1332.0,1.0,True,5,0.0,contact_part_mask,26,0,False,0.9855555555555556,36,36,32,0.8888888888888888,0.3582865595817566,5,0.0,0.22916061768076487,,,,,,,2.8954187676884544,77,5,0.16635555555555556,2.0,0.07016687225877193,0.6246246246246246,0.16635555555555556,0.6246246246246246,0.0,0.0,0.2970120614035088,target_occluded_by_hand,-3.5200548577463153,tier_4_target_occluded_by_hand,isotropic_e7,/root/workspace/vrb/vrbreproduction/outputs/100subaction-e12/experiments/E12/pipeline_outputs/subaction_78_P01_109_79/candidate_00_frame_012388_right,/root/workspace/vrb/vrbreproduction/outputs/100subaction-e12/experiments/E12/pipeline_outputs/subaction_78_P01_109_79/candidate_00_frame_012388_right/reference_frame.png,/root/workspace/vrb/vrbreproduction/outputs/100subaction-e12/experiments/E12/pipeline_outputs/subaction_78_P01_109_79/candidate_00_frame_012388_right/label_heatmap_merged_overlay.png,/root/workspace/vrb/vrbreproduction/outputs/100subaction-e12/experiments/E12/pipeline_outputs/subaction_78_P01_109_79/candidate_00_frame_012388_right/vrb_style_affordance.png,/root/workspace/vrb/vrbreproduction/outputs/100subaction-e12/experiments/E12/pipeline_outputs/subaction_78_P01_109_79/candidate_00_frame_012388_right/mask_projection_overlay.png
79,P01_109_77,put down potato slice,put-down,slice:potato,12412.0,left,new_contact_episode,12404.0,8.0,contact_part_local_affine,contact_part_local_affine,grabcut_fallback,bbox_fallback,cotracker,ready,,small_object_whole_mask_allowed,793,1.0,3286.0,1.0,True,5,0.0,contact_part_mask,26,0,False,0.9448484848484849,36,33,19,0.5757575757575758,0.24519118666648865,5,0.0,0.22916061768076487,,,,,,,2.8410724565009486,110,5,0.18933333333333333,2.0,0.06719435307017543,0.5149117468046257,0.18933333333333333,0.5149117468046257,0.0,0.0,0.45000000000000007,target_occluded_by_hand,-3.1847234759767424,tier_4_target_occluded_by_hand,isotropic_e7,/root/workspace/vrb/vrbreproduction/outputs/100subaction-e12/experiments/E12/pipeline_outputs/subaction_79_P01_109_77/candidate_01_frame_012412_left,/root/workspace/vrb/vrbreproduction/outputs/100subaction-e12/experiments/E12/pipeline_outputs/subaction_79_P01_109_77/candidate_01_frame_012412_left/reference_frame.png,/root/workspace/vrb/vrbreproduction/outputs/100subaction-e12/experiments/E12/pipeline_outputs/subaction_79_P01_109_77/candidate_01_frame_012412_left/label_heatmap_merged_overlay.png,/root/workspace/vrb/vrbreproduction/outputs/100subaction-e12/experiments/E12/pipeline_outputs/subaction_79_P01_109_77/candidate_01_frame_012412_left/vrb_style_affordance.png,/root/workspace/vrb/vrbreproduction/outputs/100subaction-e12/experiments/E12/pipeline_outputs/subaction_79_P01_109_77/candidate_01_frame_012412_left/mask_projection_overlay.png
80,P01_109_80,pick up potato slices,pick-up,slice:potato,12424.0,right,new_contact_episode,12181.0,243.0,contact_part_local_affine,contact_part_local_affine,grabcut_fallback,bbox_fallback,cotracker,ready,,small_object_whole_mask_allowed,373,1.0,4489.0,1.0,True,5,0.0,contact_part_mask,26,0,False,1.0,36,33,33,1.0,0.32880228757858276,5,0.0,0.22916061768076487,,,,,,,10.84555618016652,71,5,0.03928888888888889,2.0,0.07295093201754387,0.0,0.03928888888888889,0.0,30.999993324279785,30.999993324279785,1.0,local_target_clean,6.148018891630117,tier_1_local_target_clean,isotropic_e7,/root/workspace/vrb/vrbreproduction/outputs/100subaction-e12/experiments/E12/pipeline_outputs/subaction_80_P01_109_80/candidate_00_frame_012424_right,/root/workspace/vrb/vrbreproduction/outputs/100subaction-e12/experiments/E12/pipeline_outputs/subaction_80_P01_109_80/candidate_00_frame_012424_right/reference_frame.png,/root/workspace/vrb/vrbreproduction/outputs/100subaction-e12/experiments/E12/pipeline_outputs/subaction_80_P01_109_80/candidate_00_frame_012424_right/label_heatmap_merged_overlay.png,/root/workspace/vrb/vrbreproduction/outputs/100subaction-e12/experiments/E12/pipeline_outputs/subaction_80_P01_109_80/candidate_00_frame_012424_right/vrb_style_affordance.png,/root/workspace/vrb/vrbreproduction/outputs/100subaction-e12/experiments/E12/pipeline_outputs/subaction_80_P01_109_80/candidate_00_frame_012424_right/mask_projection_overlay.png
80,P01_109_80,pick up potato slices,pick-up,slice:potato,12438.0,right,new_contact_episode,12387.0,51.0,contact_part_local_affine,contact_part_local_affine,grabcut_fallback,bbox_fallback,cotracker,ready,,small_object_whole_mask_allowed,855,1.0,4283.0,0.7931481481481482,True,5,0.0,contact_part_mask,26,0,False,1.0,36,12,12,1.0,0.7181400656700134,5,0.0,0.22916061768076487,,,,,,,2.8265249890456445,98,5,0.22035555555555555,2.0,0.07016687225877193,0.3888888888888889,0.22035555555555555,0.394349754844735,0.0,0.0,0.35,target_occluded_by_hand,-2.8226772092596315,tier_4_target_occluded_by_hand,isotropic_e7,/root/workspace/vrb/vrbreproduction/outputs/100subaction-e12/experiments/E12/pipeline_outputs/subaction_80_P01_109_80/candidate_04_frame_012438_right,/root/workspace/vrb/vrbreproduction/outputs/100subaction-e12/experiments/E12/pipeline_outputs/subaction_80_P01_109_80/candidate_04_frame_012438_right/reference_frame.png,/root/workspace/vrb/vrbreproduction/outputs/100subaction-e12/experiments/E12/pipeline_outputs/subaction_80_P01_109_80/candidate_04_frame_012438_right/label_heatmap_merged_overlay.png,/root/workspace/vrb/vrbreproduction/outputs/100subaction-e12/experiments/E12/pipeline_outputs/subaction_80_P01_109_80/candidate_04_frame_012438_right/vrb_style_affordance.png,/root/workspace/vrb/vrbreproduction/outputs/100subaction-e12/experiments/E12/pipeline_outputs/subaction_80_P01_109_80/candidate_04_frame_012438_right/mask_projection_overlay.png
81,P01_109_81,put down potato slices,put-down,slice:potato,12468.0,right,new_contact_episode,12465.0,3.0,contact_part_local_affine,contact_part_local_affine,grabcut_fallback,bbox_fallback,cotracker,ready,,small_object_whole_mask_allowed,2958,1.0,5553.0,0.9696176008381352,True,5,0.0,contact_part_mask,26,0,False,1.0,36,34,34,1.0,0.2766798436641693,5,0.0,0.27891314817092505,,,,,,,4.095118510513573,108,5,0.0879111111111111,2.0,0.05821683114035088,0.24777370350969094,0.0879111111111111,0.255537547271745,0.0,0.0,0.5013357778941855,target_occluded_by_hand,-2.378581094176501,tier_4_target_occluded_by_hand,isotropic_e7,/root/workspace/vrb/vrbreproduction/outputs/100subaction-e12/experiments/E12/pipeline_outputs/subaction_81_P01_109_81/candidate_00_frame_012468_right,/root/workspace/vrb/vrbreproduction/outputs/100subaction-e12/experiments/E12/pipeline_outputs/subaction_81_P01_109_81/candidate_00_frame_012468_right/reference_frame.png,/root/workspace/vrb/vrbreproduction/outputs/100subaction-e12/experiments/E12/pipeline_outputs/subaction_81_P01_109_81/candidate_00_frame_012468_right/label_heatmap_merged_overlay.png,/root/workspace/vrb/vrbreproduction/outputs/100subaction-e12/experiments/E12/pipeline_outputs/subaction_81_P01_109_81/candidate_00_frame_012468_right/vrb_style_affordance.png,/root/workspace/vrb/vrbreproduction/outputs/100subaction-e12/experiments/E12/pipeline_outputs/subaction_81_P01_109_81/candidate_00_frame_012468_right/mask_projection_overlay.png
82,P01_109_82,pick up potato slice,pick-up,slice:potato,12494.0,right,new_contact_episode,12180.0,314.0,contact_part_local_affine,contact_part_local_affine,grabcut_fallback,bbox_fallback,cotracker,ready,,small_object_whole_mask_allowed,1170,1.0,4556.0,1.0,True,5,0.0,contact_part_mask,26,0,False,1.0,36,19,19,1.0,0.4254390597343445,5,0.0,0.35245193913903805,,,,,,,10.38794523952999,46,5,0.0272,2.0,0.07402172423245613,0.0,0.0272,0.0,35.999993324279785,35.999993324279785,1.0,local_target_clean,6.145788074515716,tier_1_local_target_clean,isotropic_e7,/root/workspace/vrb/vrbreproduction/outputs/100subaction-e12/experiments/E12/pipeline_outputs/subaction_82_P01_109_82/candidate_01_frame_012494_right,/root/workspace/vrb/vrbreproduction/outputs/100subaction-e12/experiments/E12/pipeline_outputs/subaction_82_P01_109_82/candidate_01_frame_012494_right/reference_frame.png,/root/workspace/vrb/vrbreproduction/outputs/100subaction-e12/experiments/E12/pipeline_outputs/subaction_82_P01_109_82/candidate_01_frame_012494_right/label_heatmap_merged_overlay.png,/root/workspace/vrb/vrbreproduction/outputs/100subaction-e12/experiments/E12/pipeline_outputs/subaction_82_P01_109_82/candidate_01_frame_012494_right/vrb_style_affordance.png,/root/workspace/vrb/vrbreproduction/outputs/100subaction-e12/experiments/E12/pipeline_outputs/subaction_82_P01_109_82/candidate_01_frame_012494_right/mask_projection_overlay.png
82,P01_109_82,pick up potato slice,pick-up,slice:potato,12502.0,right,new_contact_episode,12170.0,332.0,contact_part_local_affine,contact_part_local_affine,grabcut_fallback,bbox_fallback,cotracker,ready,,small_object_whole_mask_allowed,1015,1.0,3819.0,0.7470657276995305,True,5,0.0,contact_part_mask,26,0,False,1.0,36,9,9,1.0,0.371586412191391,5,0.0,0.35245193913903805,,,,,,,10.086114426627574,35,5,0.0,2.0,0.050755550986842105,0.0,0.0,0.0,62.641850928369664,62.641850928369664,0.7333333333333334,local_target_clean,6.1942592687774125,tier_1_local_target_clean,isotropic_e7,/root/workspace/vrb/vrbreproduction/outputs/100subaction-e12/experiments/E12/pipeline_outputs/subaction_82_P01_109_82/candidate_03_frame_012502_right,/root/workspace/vrb/vrbreproduction/outputs/100subaction-e12/experiments/E12/pipeline_outputs/subaction_82_P01_109_82/candidate_03_frame_012502_right/reference_frame.png,/root/workspace/vrb/vrbreproduction/outputs/100subaction-e12/experiments/E12/pipeline_outputs/subaction_82_P01_109_82/candidate_03_frame_012502_right/label_heatmap_merged_overlay.png,/root/workspace/vrb/vrbreproduction/outputs/100subaction-e12/experiments/E12/pipeline_outputs/subaction_82_P01_109_82/candidate_03_frame_012502_right/vrb_style_affordance.png,/root/workspace/vrb/vrbreproduction/outputs/100subaction-e12/experiments/E12/pipeline_outputs/subaction_82_P01_109_82/candidate_03_frame_012502_right/mask_projection_overlay.png
82,P01_109_82,pick up potato slice,pick-up,slice:potato,12504.0,right,new_contact_episode,12459.0,45.0,contact_part_local_affine,contact_part_local_affine,grabcut_fallback,bbox_fallback,cotracker,ready,,small_object_whole_mask_allowed,584,1.0,4079.0,0.759307520476545,True,5,0.0,contact_part_mask,26,0,False,1.0,36,32,32,1.0,0.6658278703689575,5,0.0,0.35245193913903805,,,,,,,3.254323303118765,40,5,0.2137777777777778,2.0,0.06381921600877193,0.2903946388682055,0.2137777777777778,0.3243442020102966,0.0,0.0,0.3726382166790767,target_occluded_by_hand,-2.5652498302786557,tier_4_target_occluded_by_hand,isotropic_e7,/root/workspace/vrb/vrbreproduction/outputs/100subaction-e12/experiments/E12/pipeline_outputs/subaction_82_P01_109_82/candidate_05_frame_012504_right,/root/workspace/vrb/vrbreproduction/outputs/100subaction-e12/experiments/E12/pipeline_outputs/subaction_82_P01_109_82/candidate_05_frame_012504_right/reference_frame.png,/root/workspace/vrb/vrbreproduction/outputs/100subaction-e12/experiments/E12/pipeline_outputs/subaction_82_P01_109_82/candidate_05_frame_012504_right/label_heatmap_merged_overlay.png,/root/workspace/vrb/vrbreproduction/outputs/100subaction-e12/experiments/E12/pipeline_outputs/subaction_82_P01_109_82/candidate_05_frame_012504_right/vrb_style_affordance.png,/root/workspace/vrb/vrbreproduction/outputs/100subaction-e12/experiments/E12/pipeline_outputs/subaction_82_P01_109_82/candidate_05_frame_012504_right/mask_projection_overlay.png
83,P01_109_83,put down potato slice,put-down,slice:potato,12578.0,right,new_contact_episode,12576.0,2.0,contact_part_local_affine,contact_part_local_affine,grabcut_fallback,bbox_fallback,cotracker,ready,,small_object_whole_mask_allowed,868,1.0,3174.0,1.0,True,5,0.0,contact_part_mask,26,0,False,1.0,36,36,36,1.0,0.3364048898220062,5,0.0,0.35245193913903805,,,,,,,3.3099031989021706,116,5,0.102,2.0,0.05335115131578947,0.498109640831758,0.102,0.498109640831758,0.0,0.0,0.45000000000000007,target_occluded_by_hand,-3.1054771544031685,tier_4_target_occluded_by_hand,isotropic_e7,/root/workspace/vrb/vrbreproduction/outputs/100subaction-e12/experiments/E12/pipeline_outputs/subaction_83_P01_109_83/candidate_00_frame_012578_right,/root/workspace/vrb/vrbreproduction/outputs/100subaction-e12/experiments/E12/pipeline_outputs/subaction_83_P01_109_83/candidate_00_frame_012578_right/reference_frame.png,/root/workspace/vrb/vrbreproduction/outputs/100subaction-e12/experiments/E12/pipeline_outputs/subaction_83_P01_109_83/candidate_00_frame_012578_right/label_heatmap_merged_overlay.png,/root/workspace/vrb/vrbreproduction/outputs/100subaction-e12/experiments/E12/pipeline_outputs/subaction_83_P01_109_83/candidate_00_frame_012578_right/vrb_style_affordance.png,/root/workspace/vrb/vrbreproduction/outputs/100subaction-e12/experiments/E12/pipeline_outputs/subaction_83_P01_109_83/candidate_00_frame_012578_right/mask_projection_overlay.png
84,P01_109_84,pick up potato slice,pick-up,slice:potato,12635.0,right,new_contact_episode,12633.0,2.0,contact_part_local_affine,contact_part_local_affine,grabcut_fallback,bbox_fallback,cotracker,ready,,small_object_whole_mask_allowed,5506,0.9989114658925979,5665.0,0.7077711144427786,True,5,0.0,contact_part_mask,26,0,False,1.0,36,34,34,1.0,0.282232403755188,5,0.0,0.4038069876177639,,,,,,,4.204202950180495,138,5,0.1436888888888889,2.0,0.0649585389254386,0.1854072963518241,0.1436888888888889,0.2319505736981465,0.0,0.0,0.5640248190115005,target_occluded_by_hand,-2.2753300777068493,tier_4_target_occluded_by_hand,isotropic_e7,/root/workspace/vrb/vrbreproduction/outputs/100subaction-e12/experiments/E12/pipeline_outputs/subaction_84_P01_109_84/candidate_01_frame_012635_right,/root/workspace/vrb/vrbreproduction/outputs/100subaction-e12/experiments/E12/pipeline_outputs/subaction_84_P01_109_84/candidate_01_frame_012635_right/reference_frame.png,/root/workspace/vrb/vrbreproduction/outputs/100subaction-e12/experiments/E12/pipeline_outputs/subaction_84_P01_109_84/candidate_01_frame_012635_right/label_heatmap_merged_overlay.png,/root/workspace/vrb/vrbreproduction/outputs/100subaction-e12/experiments/E12/pipeline_outputs/subaction_84_P01_109_84/candidate_01_frame_012635_right/vrb_style_affordance.png,/root/workspace/vrb/vrbreproduction/outputs/100subaction-e12/experiments/E12/pipeline_outputs/subaction_84_P01_109_84/candidate_01_frame_012635_right/mask_projection_overlay.png
84,P01_109_84,pick up potato slice,pick-up,slice:potato,12639.0,left,new_contact_episode,12637.0,2.0,contact_part_local_affine,contact_part_local_affine,grabcut_fallback,bbox_fallback,cotracker,ready,,small_object_whole_mask_allowed,1254,1.0,1800.0,1.0,True,5,0.0,contact_part_mask,26,0,False,1.0,36,34,34,1.0,0.8225582838058472,5,0.0,0.42897196263085335,,,,,,,1.9627170953728847,99,5,0.17666666666666667,2.0,0.06627775493421052,0.9333333333333333,0.17666666666666667,0.9333333333333333,0.0,0.0,0.45000000000000007,target_occluded_by_hand,-4.438078656112939,tier_4_target_occluded_by_hand,isotropic_e7,/root/workspace/vrb/vrbreproduction/outputs/100subaction-e12/experiments/E12/pipeline_outputs/subaction_84_P01_109_84/candidate_03_frame_012639_left,/root/workspace/vrb/vrbreproduction/outputs/100subaction-e12/experiments/E12/pipeline_outputs/subaction_84_P01_109_84/candidate_03_frame_012639_left/reference_frame.png,/root/workspace/vrb/vrbreproduction/outputs/100subaction-e12/experiments/E12/pipeline_outputs/subaction_84_P01_109_84/candidate_03_frame_012639_left/label_heatmap_merged_overlay.png,/root/workspace/vrb/vrbreproduction/outputs/100subaction-e12/experiments/E12/pipeline_outputs/subaction_84_P01_109_84/candidate_03_frame_012639_left/vrb_style_affordance.png,/root/workspace/vrb/vrbreproduction/outputs/100subaction-e12/experiments/E12/pipeline_outputs/subaction_84_P01_109_84/candidate_03_frame_012639_left/mask_projection_overlay.png
84,P01_109_84,pick up potato slice,pick-up,slice:potato,12658.0,left,new_contact_episode,12558.0,100.0,contact_part_local_affine,contact_part_local_affine,grabcut_fallback,bbox_fallback,cotracker,ready,,small_object_whole_mask_allowed,455,1.0,1620.0,1.0,True,3,0.0,contact_part_mask,26,0,False,0.7546493060721291,36,13,12,0.9230769230769231,2.09372615814209,3,0.0,0.5716635848648056,,,,,,,6.666915973823045,92,3,0.248,2.0,0.06860779879385964,0.0,0.248,0.0,3.000002861022949,3.000002861022949,0.6625822368421053,target_partially_occluded,1.8570670858461258,tier_3_target_partially_occluded,isotropic_e7,/root/workspace/vrb/vrbreproduction/outputs/100subaction-e12/experiments/E12/pipeline_outputs/subaction_84_P01_109_84/candidate_10_frame_012658_left,/root/workspace/vrb/vrbreproduction/outputs/100subaction-e12/experiments/E12/pipeline_outputs/subaction_84_P01_109_84/candidate_10_frame_012658_left/reference_frame.png,/root/workspace/vrb/vrbreproduction/outputs/100subaction-e12/experiments/E12/pipeline_outputs/subaction_84_P01_109_84/candidate_10_frame_012658_left/label_heatmap_merged_overlay.png,/root/workspace/vrb/vrbreproduction/outputs/100subaction-e12/experiments/E12/pipeline_outputs/subaction_84_P01_109_84/candidate_10_frame_012658_left/vrb_style_affordance.png,/root/workspace/vrb/vrbreproduction/outputs/100subaction-e12/experiments/E12/pipeline_outputs/subaction_84_P01_109_84/candidate_10_frame_012658_left/mask_projection_overlay.png
85,P01_109_85,put down potato slice,put-down,slice:potato,12680.0,left,new_contact_episode,12558.0,122.0,contact_part_local_affine,contact_part_local_affine,grabcut_fallback,bbox_fallback,cotracker,ready,,small_object_whole_mask_allowed,5155,0.9944058641975309,1620.0,1.0,True,3,0.0,contact_part_mask,26,0,False,0.8077569447457789,36,18,18,1.0,0.9504208564758301,3,0.0,0.7363975911830737,,,,,,,6.702353487143408,112,3,0.2496,2.0,0.06860779879385964,0.0,0.2496,0.0,3.000002861022949,3.000002861022949,0.7292489035087719,target_partially_occluded,1.8570670858461258,tier_3_target_partially_occluded,isotropic_e7,/root/workspace/vrb/vrbreproduction/outputs/100subaction-e12/experiments/E12/pipeline_outputs/subaction_85_P01_109_85/candidate_01_frame_012680_left,/root/workspace/vrb/vrbreproduction/outputs/100subaction-e12/experiments/E12/pipeline_outputs/subaction_85_P01_109_85/candidate_01_frame_012680_left/reference_frame.png,/root/workspace/vrb/vrbreproduction/outputs/100subaction-e12/experiments/E12/pipeline_outputs/subaction_85_P01_109_85/candidate_01_frame_012680_left/label_heatmap_merged_overlay.png,/root/workspace/vrb/vrbreproduction/outputs/100subaction-e12/experiments/E12/pipeline_outputs/subaction_85_P01_109_85/candidate_01_frame_012680_left/vrb_style_affordance.png,/root/workspace/vrb/vrbreproduction/outputs/100subaction-e12/experiments/E12/pipeline_outputs/subaction_85_P01_109_85/candidate_01_frame_012680_left/mask_projection_overlay.png
86,P01_109_86,pick up potato slice,pick-up,slice:potato,12724.0,left,new_contact_episode,12722.0,2.0,contact_part_local_affine,contact_part_local_affine,grabcut_fallback,bbox_fallback,cotracker,ready,,small_object_whole_mask_allowed,2509,0.861015785861359,2628.0,0.8526930564568462,True,3,0.0,contact_part_mask,26,0,False,0.825,36,36,36,1.0,0.4893725514411926,3,0.0,0.7363975911830737,,,,,,,3.2757709635389376,34,3,0.19013333333333332,2.0,0.04857113486842105,0.23783257624918883,0.19013333333333332,0.2560882800608828,0.0,0.0,0.4823004542504866,target_occluded_by_hand,-2.3475478599178263,tier_4_target_occluded_by_hand,isotropic_e7,/root/workspace/vrb/vrbreproduction/outputs/100subaction-e12/experiments/E12/pipeline_outputs/subaction_86_P01_109_86/candidate_00_frame_012724_left,/root/workspace/vrb/vrbreproduction/outputs/100subaction-e12/experiments/E12/pipeline_outputs/subaction_86_P01_109_86/candidate_00_frame_012724_left/reference_frame.png,/root/workspace/vrb/vrbreproduction/outputs/100subaction-e12/experiments/E12/pipeline_outputs/subaction_86_P01_109_86/candidate_00_frame_012724_left/label_heatmap_merged_overlay.png,/root/workspace/vrb/vrbreproduction/outputs/100subaction-e12/experiments/E12/pipeline_outputs/subaction_86_P01_109_86/candidate_00_frame_012724_left/vrb_style_affordance.png,/root/workspace/vrb/vrbreproduction/outputs/100subaction-e12/experiments/E12/pipeline_outputs/subaction_86_P01_109_86/candidate_00_frame_012724_left/mask_projection_overlay.png
86,P01_109_86,pick up potato slice,pick-up,slice:potato,12726.0,left,new_contact_episode,12725.0,1.0,contact_part_local_affine,contact_part_local_affine,grabcut_fallback,bbox_fallback,cotracker,ready,,small_object_whole_mask_allowed,667,1.0,1833.0,1.0,True,4,0.0,contact_part_mask,26,0,False,0.9124999999999999,36,36,36,1.0,0.18854577839374542,4,0.0,0.7363975911830737,,,,,,,3.4952996428923186,58,4,0.22391111111111112,2.0,0.05072985197368421,0.32078559738134205,0.22391111111111112,0.32078559738134205,0.0,0.0,0.3658619749045281,target_occluded_by_hand,-2.568043983755868,tier_4_target_occluded_by_hand,isotropic_e7,/root/workspace/vrb/vrbreproduction/outputs/100subaction-e12/experiments/E12/pipeline_outputs/subaction_86_P01_109_86/candidate_01_frame_012726_left,/root/workspace/vrb/vrbreproduction/outputs/100subaction-e12/experiments/E12/pipeline_outputs/subaction_86_P01_109_86/candidate_01_frame_012726_left/reference_frame.png,/root/workspace/vrb/vrbreproduction/outputs/100subaction-e12/experiments/E12/pipeline_outputs/subaction_86_P01_109_86/candidate_01_frame_012726_left/label_heatmap_merged_overlay.png,/root/workspace/vrb/vrbreproduction/outputs/100subaction-e12/experiments/E12/pipeline_outputs/subaction_86_P01_109_86/candidate_01_frame_012726_left/vrb_style_affordance.png,/root/workspace/vrb/vrbreproduction/outputs/100subaction-e12/experiments/E12/pipeline_outputs/subaction_86_P01_109_86/candidate_01_frame_012726_left/mask_projection_overlay.png
86,P01_109_86,pick up potato slice,pick-up,slice:potato,12731.0,left,new_contact_episode,12723.0,8.0,contact_part_local_affine,contact_part_local_affine,grabcut_fallback,bbox_fallback,cotracker,ready,,small_object_whole_mask_allowed,2035,0.969047619047619,2778.0,0.9150197628458498,True,5,0.0,contact_part_mask,26,0,False,0.9777142857142858,36,35,29,0.8285714285714286,0.40743160247802734,5,0.0,0.7363975911830737,,,,,,,3.989006560692319,50,5,0.21315555555555554,2.0,0.050078810307017545,0.24835309617918314,0.21315555555555554,0.24658027357811374,0.0,0.0,0.505775759283131,target_occluded_by_hand,-2.346199062661911,tier_4_target_occluded_by_hand,isotropic_e7,/root/workspace/vrb/vrbreproduction/outputs/100subaction-e12/experiments/E12/pipeline_outputs/subaction_86_P01_109_86/candidate_04_frame_012731_left,/root/workspace/vrb/vrbreproduction/outputs/100subaction-e12/experiments/E12/pipeline_outputs/subaction_86_P01_109_86/candidate_04_frame_012731_left/reference_frame.png,/root/workspace/vrb/vrbreproduction/outputs/100subaction-e12/experiments/E12/pipeline_outputs/subaction_86_P01_109_86/candidate_04_frame_012731_left/label_heatmap_merged_overlay.png,/root/workspace/vrb/vrbreproduction/outputs/100subaction-e12/experiments/E12/pipeline_outputs/subaction_86_P01_109_86/candidate_04_frame_012731_left/vrb_style_affordance.png,/root/workspace/vrb/vrbreproduction/outputs/100subaction-e12/experiments/E12/pipeline_outputs/subaction_86_P01_109_86/candidate_04_frame_012731_left/mask_projection_overlay.png
88,P01_109_88,pick up knife,pick-up,knife,12880.0,right,new_contact_episode,12788.0,92.0,contact_part_local_affine,contact_part_local_affine,grabcut_fallback,bbox_fallback,cotracker,ready,,handle_like_edge_or_endpoint,694,1.0,2280.0,1.0,True,4,0.0,contact_part_mask,26,0,False,0.9124999999999999,36,36,36,1.0,0.6222341060638428,4,0.0,0.4961090437133778,,,,,,,9.50662597993045,44,4,0.11342222222222222,2.0,0.0468921326754386,0.0,0.11342222222222222,0.0,6.000003337860107,6.000003337860107,0.7333333333333334,hand_visible_target_not_occluded,4.502308056926169,tier_2_hand_visible_target_not_occluded,isotropic_e7,/root/workspace/vrb/vrbreproduction/outputs/100subaction-e12/experiments/E12/pipeline_outputs/subaction_88_P01_109_88/candidate_01_frame_012880_right,/root/workspace/vrb/vrbreproduction/outputs/100subaction-e12/experiments/E12/pipeline_outputs/subaction_88_P01_109_88/candidate_01_frame_012880_right/reference_frame.png,/root/workspace/vrb/vrbreproduction/outputs/100subaction-e12/experiments/E12/pipeline_outputs/subaction_88_P01_109_88/candidate_01_frame_012880_right/label_heatmap_merged_overlay.png,/root/workspace/vrb/vrbreproduction/outputs/100subaction-e12/experiments/E12/pipeline_outputs/subaction_88_P01_109_88/candidate_01_frame_012880_right/vrb_style_affordance.png,/root/workspace/vrb/vrbreproduction/outputs/100subaction-e12/experiments/E12/pipeline_outputs/subaction_88_P01_109_88/candidate_01_frame_012880_right/mask_projection_overlay.png
89,P01_109_89,cut potato slice,cut,slice:potato,12999.0,left,new_contact_episode,12914.0,85.0,contact_part_local_affine,contact_part_local_affine,grabcut_fallback,bbox_fallback,cotracker,ready,,small_object_whole_mask_allowed,624,1.0,4216.0,0.6772690763052209,True,4,0.0,contact_part_mask,26,0,False,0.8800000000000001,36,28,21,0.75,1.1473636627197266,4,0.0,0.4961090437133778,,,,,,,3.1513346523883774,33,4,0.18933333333333333,2.0,0.07963267543859649,0.14538152610441768,0.18933333333333333,0.2146584440227704,0.0,0.0,0.569392119848328,target_occluded_by_hand,-2.2267444377300305,tier_4_target_occluded_by_hand,isotropic_e7,/root/workspace/vrb/vrbreproduction/outputs/100subaction-e12/experiments/E12/pipeline_outputs/subaction_89_P01_109_89/candidate_00_frame_012999_left,/root/workspace/vrb/vrbreproduction/outputs/100subaction-e12/experiments/E12/pipeline_outputs/subaction_89_P01_109_89/candidate_00_frame_012999_left/reference_frame.png,/root/workspace/vrb/vrbreproduction/outputs/100subaction-e12/experiments/E12/pipeline_outputs/subaction_89_P01_109_89/candidate_00_frame_012999_left/label_heatmap_merged_overlay.png,/root/workspace/vrb/vrbreproduction/outputs/100subaction-e12/experiments/E12/pipeline_outputs/subaction_89_P01_109_89/candidate_00_frame_012999_left/vrb_style_affordance.png,/root/workspace/vrb/vrbreproduction/outputs/100subaction-e12/experiments/E12/pipeline_outputs/subaction_89_P01_109_89/candidate_00_frame_012999_left/mask_projection_overlay.png
91,P01_109_91,put down potato slice,put-down,slice:potato,13081.0,left,new_contact_episode,13076.0,5.0,contact_part_local_affine,contact_part_local_affine,grabcut_fallback,bbox_fallback,cotracker,ready,,small_object_whole_mask_allowed,691,1.0,3928.0,0.9879275653923542,True,5,0.0,contact_part_mask,26,0,False,1.0,36,36,36,1.0,0.29261183738708496,5,0.0,0.4961090437133778,,,,,,,4.385822056953626,73,5,0.10666666666666667,2.0,0.05263157894736842,0.15090543259557343,0.10666666666666667,0.15274949083503056,0.0,0.0,0.6956074532736132,target_occluded_by_hand,-2.065684725424761,tier_4_target_occluded_by_hand,isotropic_e7,/root/workspace/vrb/vrbreproduction/outputs/100subaction-e12/experiments/E12/pipeline_outputs/subaction_91_P01_109_91/candidate_02_frame_013081_left,/root/workspace/vrb/vrbreproduction/outputs/100subaction-e12/experiments/E12/pipeline_outputs/subaction_91_P01_109_91/candidate_02_frame_013081_left/reference_frame.png,/root/workspace/vrb/vrbreproduction/outputs/100subaction-e12/experiments/E12/pipeline_outputs/subaction_91_P01_109_91/candidate_02_frame_013081_left/label_heatmap_merged_overlay.png,/root/workspace/vrb/vrbreproduction/outputs/100subaction-e12/experiments/E12/pipeline_outputs/subaction_91_P01_109_91/candidate_02_frame_013081_left/vrb_style_affordance.png,/root/workspace/vrb/vrbreproduction/outputs/100subaction-e12/experiments/E12/pipeline_outputs/subaction_91_P01_109_91/candidate_02_frame_013081_left/mask_projection_overlay.png
92,P01_109_92,pick up potato,pick-up,potato,13111.0,left,new_contact_episode,13097.0,14.0,contact_part_local_affine,contact_part_local_affine,grabcut_fallback,bbox_fallback,cotracker,ready,,small_object_whole_mask_allowed,650,1.0,2500.0,1.0,True,5,0.0,contact_part_mask,26,0,False,0.9554285714285715,36,35,23,0.6571428571428571,1.6425498723983765,5,0.0,0.4961090437133778,,,,,,,2.1820344872333837,40,5,0.14933333333333335,2.0,0.0649671052631579,0.6552,0.14933333333333335,0.6552,0.0,0.0,0.45000000000000007,target_occluded_by_hand,-3.600948135964912,tier_4_target_occluded_by_hand,isotropic_e7,/root/workspace/vrb/vrbreproduction/outputs/100subaction-e12/experiments/E12/pipeline_outputs/subaction_92_P01_109_92/candidate_03_frame_013111_left,/root/workspace/vrb/vrbreproduction/outputs/100subaction-e12/experiments/E12/pipeline_outputs/subaction_92_P01_109_92/candidate_03_frame_013111_left/reference_frame.png,/root/workspace/vrb/vrbreproduction/outputs/100subaction-e12/experiments/E12/pipeline_outputs/subaction_92_P01_109_92/candidate_03_frame_013111_left/label_heatmap_merged_overlay.png,/root/workspace/vrb/vrbreproduction/outputs/100subaction-e12/experiments/E12/pipeline_outputs/subaction_92_P01_109_92/candidate_03_frame_013111_left/vrb_style_affordance.png,/root/workspace/vrb/vrbreproduction/outputs/100subaction-e12/experiments/E12/pipeline_outputs/subaction_92_P01_109_92/candidate_03_frame_013111_left/mask_projection_overlay.png
92,P01_109_92,pick up potato,pick-up,potato,13115.0,right,new_contact_episode,13114.0,1.0,contact_part_local_affine,contact_part_local_affine,grabcut_fallback,bbox_fallback,cotracker,ready,,small_object_whole_mask_allowed,315,1.0,780.0,1.0,True,5,0.0,contact_part_mask,26,0,False,1.0,36,36,36,1.0,0.11080818623304367,5,0.0,0.5113340139796211,,,,,,,4.054111352246734,70,5,0.16791111111111112,2.0,0.04339706688596491,0.28205128205128205,0.16791111111111112,0.28205128205128205,0.0,0.0,0.20349401147098511,target_occluded_by_hand,-2.436564402166273,tier_4_target_occluded_by_hand,isotropic_e7,/root/workspace/vrb/vrbreproduction/outputs/100subaction-e12/experiments/E12/pipeline_outputs/subaction_92_P01_109_92/candidate_06_frame_013115_right,/root/workspace/vrb/vrbreproduction/outputs/100subaction-e12/experiments/E12/pipeline_outputs/subaction_92_P01_109_92/candidate_06_frame_013115_right/reference_frame.png,/root/workspace/vrb/vrbreproduction/outputs/100subaction-e12/experiments/E12/pipeline_outputs/subaction_92_P01_109_92/candidate_06_frame_013115_right/label_heatmap_merged_overlay.png,/root/workspace/vrb/vrbreproduction/outputs/100subaction-e12/experiments/E12/pipeline_outputs/subaction_92_P01_109_92/candidate_06_frame_013115_right/vrb_style_affordance.png,/root/workspace/vrb/vrbreproduction/outputs/100subaction-e12/experiments/E12/pipeline_outputs/subaction_92_P01_109_92/candidate_06_frame_013115_right/mask_projection_overlay.png
93,P01_109_93,pick up peeler,pick-up,peeler,13134.0,right,new_contact_episode,13130.0,4.0,contact_part_local_affine,contact_part_local_affine,grabcut_fallback,bbox_fallback,cotracker,ready,,handle_like_edge_or_endpoint,266,1.0,756.0,1.0,True,5,0.0,contact_part_mask,26,0,False,1.0,36,36,36,1.0,0.65995854139328,5,0.0,0.6542882604752328,,,,,,,4.010065752109809,96,5,0.09173333333333333,2.0,0.04946203399122807,0.25,0.09173333333333333,0.25,0.0,0.0,0.21587171052631582,target_occluded_by_hand,-2.353045904148392,tier_4_target_occluded_by_hand,isotropic_e7,/root/workspace/vrb/vrbreproduction/outputs/100subaction-e12/experiments/E12/pipeline_outputs/subaction_93_P01_109_93/candidate_00_frame_013134_right,/root/workspace/vrb/vrbreproduction/outputs/100subaction-e12/experiments/E12/pipeline_outputs/subaction_93_P01_109_93/candidate_00_frame_013134_right/reference_frame.png,/root/workspace/vrb/vrbreproduction/outputs/100subaction-e12/experiments/E12/pipeline_outputs/subaction_93_P01_109_93/candidate_00_frame_013134_right/label_heatmap_merged_overlay.png,/root/workspace/vrb/vrbreproduction/outputs/100subaction-e12/experiments/E12/pipeline_outputs/subaction_93_P01_109_93/candidate_00_frame_013134_right/vrb_style_affordance.png,/root/workspace/vrb/vrbreproduction/outputs/100subaction-e12/experiments/E12/pipeline_outputs/subaction_93_P01_109_93/candidate_00_frame_013134_right/mask_projection_overlay.png
93,P01_109_93,pick up peeler,pick-up,peeler,13136.0,right,new_contact_episode,13127.0,9.0,contact_part_local_affine,contact_part_local_affine,grabcut_fallback,bbox_fallback,cotracker,ready,,handle_like_edge_or_endpoint,301,1.0,756.0,1.0,True,5,0.0,contact_part_mask,26,0,False,1.0,36,36,36,1.0,1.0975509881973267,5,0.0,0.6542882604752328,,,,,,,3.98943662042532,80,5,0.09333333333333334,2.0,0.047388980263157895,0.21428571428571427,0.09333333333333334,0.21428571428571427,0.0,0.0,0.28730028195488716,target_occluded_by_hand,-2.241584185072055,tier_4_target_occluded_by_hand,isotropic_e7,/root/workspace/vrb/vrbreproduction/outputs/100subaction-e12/experiments/E12/pipeline_outputs/subaction_93_P01_109_93/candidate_02_frame_013136_right,/root/workspace/vrb/vrbreproduction/outputs/100subaction-e12/experiments/E12/pipeline_outputs/subaction_93_P01_109_93/candidate_02_frame_013136_right/reference_frame.png,/root/workspace/vrb/vrbreproduction/outputs/100subaction-e12/experiments/E12/pipeline_outputs/subaction_93_P01_109_93/candidate_02_frame_013136_right/label_heatmap_merged_overlay.png,/root/workspace/vrb/vrbreproduction/outputs/100subaction-e12/experiments/E12/pipeline_outputs/subaction_93_P01_109_93/candidate_02_frame_013136_right/vrb_style_affordance.png,/root/workspace/vrb/vrbreproduction/outputs/100subaction-e12/experiments/E12/pipeline_outputs/subaction_93_P01_109_93/candidate_02_frame_013136_right/mask_projection_overlay.png
94,P01_109_94,peel potato,peel,potato,13151.0,right,continuation_entry_rescue,13141.0,10.0,contact_part_local_affine,contact_part_local_affine,grabcut_fallback,bbox_fallback,cotracker,ready,,small_object_whole_mask_allowed,456,1.0,672.0,1.0,True,5,0.0,contact_part_mask,26,0,False,0.9945833333333334,36,24,23,0.9583333333333334,0.8886674642562866,5,0.0,0.6542882604752328,,,,,,,3.4417269469173926,125,5,0.162,2.0,0.05774568256578947,0.4419642857142857,0.162,0.4419642857142857,0.0,0.0,0.12938596491228072,target_occluded_by_hand,-2.946196362488252,tier_4_target_occluded_by_hand,isotropic_e7,/root/workspace/vrb/vrbreproduction/outputs/100subaction-e12/experiments/E12/pipeline_outputs/subaction_94_P01_109_94/candidate_02_frame_013151_right,/root/workspace/vrb/vrbreproduction/outputs/100subaction-e12/experiments/E12/pipeline_outputs/subaction_94_P01_109_94/candidate_02_frame_013151_right/reference_frame.png,/root/workspace/vrb/vrbreproduction/outputs/100subaction-e12/experiments/E12/pipeline_outputs/subaction_94_P01_109_94/candidate_02_frame_013151_right/label_heatmap_merged_overlay.png,/root/workspace/vrb/vrbreproduction/outputs/100subaction-e12/experiments/E12/pipeline_outputs/subaction_94_P01_109_94/candidate_02_frame_013151_right/vrb_style_affordance.png,/root/workspace/vrb/vrbreproduction/outputs/100subaction-e12/experiments/E12/pipeline_outputs/subaction_94_P01_109_94/candidate_02_frame_013151_right/mask_projection_overlay.png
95,P01_109_95,put down potato,put-down,potato,15464.0,right,new_contact_episode,15462.0,2.0,contact_part_local_affine,contact_part_local_affine,grabcut_fallback,bbox_fallback,cotracker,ready,,small_object_whole_mask_allowed,665,1.0,1482.0,1.0,True,5,0.0,contact_part_mask,26,0,False,1.0,36,34,34,1.0,0.7339997887611389,5,0.0,1.0,,,,,,,3.0410354019877497,147,5,0.4149333333333333,2.0,0.09028919956140351,0.5789473684210527,0.4149333333333333,0.5789473684210527,0.0,0.0,0.3731770833333333,target_occluded_by_hand,-3.4249446043494154,tier_4_target_occluded_by_hand,isotropic_e7,/root/workspace/vrb/vrbreproduction/outputs/100subaction-e12/experiments/E12/pipeline_outputs/subaction_95_P01_109_95/candidate_00_frame_015464_right,/root/workspace/vrb/vrbreproduction/outputs/100subaction-e12/experiments/E12/pipeline_outputs/subaction_95_P01_109_95/candidate_00_frame_015464_right/reference_frame.png,/root/workspace/vrb/vrbreproduction/outputs/100subaction-e12/experiments/E12/pipeline_outputs/subaction_95_P01_109_95/candidate_00_frame_015464_right/label_heatmap_merged_overlay.png,/root/workspace/vrb/vrbreproduction/outputs/100subaction-e12/experiments/E12/pipeline_outputs/subaction_95_P01_109_95/candidate_00_frame_015464_right/vrb_style_affordance.png,/root/workspace/vrb/vrbreproduction/outputs/100subaction-e12/experiments/E12/pipeline_outputs/subaction_95_P01_109_95/candidate_00_frame_015464_right/mask_projection_overlay.png
95,P01_109_95,put down potato,put-down,potato,15466.0,right,new_contact_episode,15464.0,2.0,contact_part_local_affine,contact_part_local_affine,grabcut_fallback,bbox_fallback,cotracker,ready,,small_object_whole_mask_allowed,645,1.0,1482.0,1.0,True,5,0.0,contact_part_mask,26,0,False,1.0,36,36,36,1.0,0.4188692569732666,5,0.0,1.0,,,,,,,2.9663257087983363,130,5,0.3975111111111111,2.0,0.0898780153508772,0.6072874493927125,0.3975111111111111,0.6072874493927125,0.0,0.0,0.36484375,target_occluded_by_hand,-3.509108213492465,tier_4_target_occluded_by_hand,isotropic_e7,/root/workspace/vrb/vrbreproduction/outputs/100subaction-e12/experiments/E12/pipeline_outputs/subaction_95_P01_109_95/candidate_02_frame_015466_right,/root/workspace/vrb/vrbreproduction/outputs/100subaction-e12/experiments/E12/pipeline_outputs/subaction_95_P01_109_95/candidate_02_frame_015466_right/reference_frame.png,/root/workspace/vrb/vrbreproduction/outputs/100subaction-e12/experiments/E12/pipeline_outputs/subaction_95_P01_109_95/candidate_02_frame_015466_right/label_heatmap_merged_overlay.png,/root/workspace/vrb/vrbreproduction/outputs/100subaction-e12/experiments/E12/pipeline_outputs/subaction_95_P01_109_95/candidate_02_frame_015466_right/vrb_style_affordance.png,/root/workspace/vrb/vrbreproduction/outputs/100subaction-e12/experiments/E12/pipeline_outputs/subaction_95_P01_109_95/candidate_02_frame_015466_right/mask_projection_overlay.png
97,P01_109_97,fix peeler blade,fix,blade:peeler,15761.0,left,new_contact_episode,15759.0,2.0,contact_part_local_affine,contact_part_local_affine,grabcut_fallback,bbox_fallback,cotracker,ready,,handle_like_edge_or_endpoint,928,1.0,1190.0,1.0,True,4,0.0,contact_part_mask,26,0,False,0.7732427535032985,36,33,28,0.8484848484848485,0.6814634203910828,4,0.0,0.955671625,,,,,,,1.3300550247681229,134,4,0.21417777777777777,2.0,0.1074304413377193,0.8857142857142857,0.21417777777777777,0.8857142857142857,0.0,0.0,0.28979806286549714,target_occluded_by_hand,-4.3809562765964385,tier_4_target_occluded_by_hand,isotropic_e7,/root/workspace/vrb/vrbreproduction/outputs/100subaction-e12/experiments/E12/pipeline_outputs/subaction_97_P01_109_97/candidate_01_frame_015761_left,/root/workspace/vrb/vrbreproduction/outputs/100subaction-e12/experiments/E12/pipeline_outputs/subaction_97_P01_109_97/candidate_01_frame_015761_left/reference_frame.png,/root/workspace/vrb/vrbreproduction/outputs/100subaction-e12/experiments/E12/pipeline_outputs/subaction_97_P01_109_97/candidate_01_frame_015761_left/label_heatmap_merged_overlay.png,/root/workspace/vrb/vrbreproduction/outputs/100subaction-e12/experiments/E12/pipeline_outputs/subaction_97_P01_109_97/candidate_01_frame_015761_left/vrb_style_affordance.png,/root/workspace/vrb/vrbreproduction/outputs/100subaction-e12/experiments/E12/pipeline_outputs/subaction_97_P01_109_97/candidate_01_frame_015761_left/mask_projection_overlay.png
98,P01_109_98,pick up potato,pick-up,potato,15771.0,right,continuation_entry_rescue,15770.0,1.0,contact_part_local_affine,contact_part_local_affine,grabcut_fallback,bbox_fallback,cotracker,ready,,small_object_whole_mask_allowed,1179,1.0,2700.0,1.0,True,5,0.0,contact_part_mask,26,0,False,1.0,36,36,36,1.0,0.14367586374282837,5,0.0,0.985,,,,,,,3.3356304792960474,173,5,0.2538666666666667,2.0,0.0771484375,0.49777777777777776,0.2538666666666667,0.49777777777777776,0.0,0.0,0.45000000000000007,target_occluded_by_hand,-3.1540592447916667,tier_4_target_occluded_by_hand,isotropic_e7,/root/workspace/vrb/vrbreproduction/outputs/100subaction-e12/experiments/E12/pipeline_outputs/subaction_98_P01_109_98/candidate_00_frame_015771_right,/root/workspace/vrb/vrbreproduction/outputs/100subaction-e12/experiments/E12/pipeline_outputs/subaction_98_P01_109_98/candidate_00_frame_015771_right/reference_frame.png,/root/workspace/vrb/vrbreproduction/outputs/100subaction-e12/experiments/E12/pipeline_outputs/subaction_98_P01_109_98/candidate_00_frame_015771_right/label_heatmap_merged_overlay.png,/root/workspace/vrb/vrbreproduction/outputs/100subaction-e12/experiments/E12/pipeline_outputs/subaction_98_P01_109_98/candidate_00_frame_015771_right/vrb_style_affordance.png,/root/workspace/vrb/vrbreproduction/outputs/100subaction-e12/experiments/E12/pipeline_outputs/subaction_98_P01_109_98/candidate_00_frame_015771_right/mask_projection_overlay.png
99,P01_109_99,peel potato,peel,potato,15883.0,right,continuation_entry_rescue,15845.0,38.0,contact_part_local_affine,contact_part_local_affine,grabcut_fallback,bbox_fallback,cotracker,ready,,small_object_whole_mask_allowed,907,1.0,3693.0,0.976984126984127,True,5,0.0,contact_part_mask,26,0,False,0.9504761904761905,36,21,13,0.6190476190476191,0.948022186756134,5,0.0,0.955671625,,,,,,,3.414635813413183,138,5,0.3,2.0,0.09171121162280702,0.2976190476190476,0.3,0.30463038180341184,0.0,0.0,0.47142857142857153,target_occluded_by_hand,-2.59654256860318,tier_4_target_occluded_by_hand,isotropic_e7,/root/workspace/vrb/vrbreproduction/outputs/100subaction-e12/experiments/E12/pipeline_outputs/subaction_99_P01_109_99/candidate_01_frame_015883_right,/root/workspace/vrb/vrbreproduction/outputs/100subaction-e12/experiments/E12/pipeline_outputs/subaction_99_P01_109_99/candidate_01_frame_015883_right/reference_frame.png,/root/workspace/vrb/vrbreproduction/outputs/100subaction-e12/experiments/E12/pipeline_outputs/subaction_99_P01_109_99/candidate_01_frame_015883_right/label_heatmap_merged_overlay.png,/root/workspace/vrb/vrbreproduction/outputs/100subaction-e12/experiments/E12/pipeline_outputs/subaction_99_P01_109_99/candidate_01_frame_015883_right/vrb_style_affordance.png,/root/workspace/vrb/vrbreproduction/outputs/100subaction-e12/experiments/E12/pipeline_outputs/subaction_99_P01_109_99/candidate_01_frame_015883_right/mask_projection_overlay.png
