subaction_index,narration_id,narration,verb,noun,frame_0_based,hand,candidate_source,ref_idx,reference_gap,projection_source,projection_method,mask_source_contact,mask_source_reference,tracker_backend,cotracker_init_status,cotracker_init_error,contact_part_prior,contact_part_mask_area,contact_part_mask_area_ratio,reference_part_mask_area,reference_part_mask_area_ratio,part_gate_passed,part_inside_count,part_distance,part_gate_source,part_tracking_point_count,whole_boundary_fallback_point_count,articulated_object,final_quality_score,track_point_count,visible_point_count,affine_inlier_count,affine_inlier_ratio,affine_median_residual,projected_contact_inside_mask_count,projected_contact_to_mask_distance,object_track_confidence,local_flow_steps,local_flow_fb_error,local_flow_points,local_flow_inliers,local_flow_inlier_ratio,local_flow_weighted_residual,sample_score,contact_points,projected_contact_inside_count,reference_hand_overlap_ratio,heatmap_mode,sample_dir,reference_frame,label_heatmap_overlay,vrb_style_affordance,mask_projection_overlay,experiment_id,reference_handless_mode,reference_hand_mask_area_ratio,reference_object_hand_overlap_ratio,reference_contact_crop_hand_overlap_ratio,reference_contact_part_hand_overlap_ratio,inpaint_backend,inpaint_status,inpaint_error,reference_frame_original,reference_frame_dehanded,hand_mask,reference_hand_bbox_count,arrow_generated
0,P01_109_0,grab rucksack,grab,rucksack,88.0,left,new_contact_episode,87.0,1.0,contact_part_local_affine,contact_part_local_affine,grabcut_fallback,bbox_fallback,cotracker,ready,,contact_local_boundary,6444,0.7983151635282458,6351.0,0.5378556910569106,True,5,0.0,contact_part_mask,26,0,False,1.0,36,34,34,1.0,0.64701908826828,5,0.0,0.3419576826511731,,,,,,,6.3492560940186165,87,5,0.0835555555555555,isotropic_e7,/Users/huhu/Documents/Code/bishe/vrb/vrbreproduction/outputs/e11/experiments/E11/pipeline_outputs/subaction_00_P01_109_0/candidate_00_frame_000088_left,/Users/huhu/Documents/Code/bishe/vrb/vrbreproduction/outputs/e11/experiments/E11/pipeline_outputs/subaction_00_P01_109_0/candidate_00_frame_000088_left/reference_frame_dehanded.png,/Users/huhu/Documents/Code/bishe/vrb/vrbreproduction/outputs/e11/experiments/E11/pipeline_outputs/subaction_00_P01_109_0/candidate_00_frame_000088_left/label_heatmap_merged_overlay.png,/Users/huhu/Documents/Code/bishe/vrb/vrbreproduction/outputs/e11/experiments/E11/pipeline_outputs/subaction_00_P01_109_0/candidate_00_frame_000088_left/vrb_style_affordance.png,/Users/huhu/Documents/Code/bishe/vrb/vrbreproduction/outputs/e11/experiments/E11/pipeline_outputs/subaction_00_P01_109_0/candidate_00_frame_000088_left/mask_projection_overlay.png,E11,inpainted_bbox,0.0685135690789473,0.4184451219512195,0.3554666666666666,0.4071799716580066,opencv_telea,success,,/Users/huhu/Documents/Code/bishe/vrb/vrbreproduction/outputs/e11/experiments/E11/pipeline_outputs/subaction_00_P01_109_0/candidate_00_frame_000088_left/reference_frame_original.png,/Users/huhu/Documents/Code/bishe/vrb/vrbreproduction/outputs/e11/experiments/E11/pipeline_outputs/subaction_00_P01_109_0/candidate_00_frame_000088_left/reference_frame_dehanded.png,/Users/huhu/Documents/Code/bishe/vrb/vrbreproduction/outputs/e11/experiments/E11/pipeline_outputs/subaction_00_P01_109_0/candidate_00_frame_000088_left/hand_mask.png,1.0,True
0,P01_109_0,grab rucksack,grab,rucksack,90.0,left,new_contact_episode,87.0,3.0,contact_part_local_affine,contact_part_local_affine,grabcut_fallback,bbox_fallback,cotracker,ready,,contact_local_boundary,7424,0.8633562042097919,8169.0,0.6668571428571428,True,5,0.0,contact_part_mask,26,0,False,0.961764705882353,36,34,24,0.7058823529411765,0.8439947366714478,5,0.0,0.3419576826511731,,,,,,,6.151935059860641,193,5,0.0835555555555555,isotropic_e7,/Users/huhu/Documents/Code/bishe/vrb/vrbreproduction/outputs/e11/experiments/E11/pipeline_outputs/subaction_00_P01_109_0/candidate_02_frame_000090_left,/Users/huhu/Documents/Code/bishe/vrb/vrbreproduction/outputs/e11/experiments/E11/pipeline_outputs/subaction_00_P01_109_0/candidate_02_frame_000090_left/reference_frame_dehanded.png,/Users/huhu/Documents/Code/bishe/vrb/vrbreproduction/outputs/e11/experiments/E11/pipeline_outputs/subaction_00_P01_109_0/candidate_02_frame_000090_left/label_heatmap_merged_overlay.png,/Users/huhu/Documents/Code/bishe/vrb/vrbreproduction/outputs/e11/experiments/E11/pipeline_outputs/subaction_00_P01_109_0/candidate_02_frame_000090_left/vrb_style_affordance.png,/Users/huhu/Documents/Code/bishe/vrb/vrbreproduction/outputs/e11/experiments/E11/pipeline_outputs/subaction_00_P01_109_0/candidate_02_frame_000090_left/mask_projection_overlay.png,E11,inpainted_bbox,0.0685135690789473,0.4150204081632653,0.3554666666666666,0.524054351817848,opencv_telea,success,,/Users/huhu/Documents/Code/bishe/vrb/vrbreproduction/outputs/e11/experiments/E11/pipeline_outputs/subaction_00_P01_109_0/candidate_02_frame_000090_left/reference_frame_original.png,/Users/huhu/Documents/Code/bishe/vrb/vrbreproduction/outputs/e11/experiments/E11/pipeline_outputs/subaction_00_P01_109_0/candidate_02_frame_000090_left/reference_frame_dehanded.png,/Users/huhu/Documents/Code/bishe/vrb/vrbreproduction/outputs/e11/experiments/E11/pipeline_outputs/subaction_00_P01_109_0/candidate_02_frame_000090_left/hand_mask.png,1.0,True
0,P01_109_0,grab rucksack,grab,rucksack,98.0,right,new_contact_episode,97.0,1.0,contact_part_local_affine,contact_part_local_affine,grabcut_fallback,bbox_fallback,cotracker,ready,,contact_local_boundary,1060,1.0,1560.0,1.0,True,5,0.0,contact_part_mask,26,0,False,1.0,36,36,36,1.0,0.7614380121231079,5,0.0,0.3419576826511731,,,,,,,6.338856859636307,109,5,0.0672,isotropic_e7,/Users/huhu/Documents/Code/bishe/vrb/vrbreproduction/outputs/e11/experiments/E11/pipeline_outputs/subaction_00_P01_109_0/candidate_05_frame_000098_right,/Users/huhu/Documents/Code/bishe/vrb/vrbreproduction/outputs/e11/experiments/E11/pipeline_outputs/subaction_00_P01_109_0/candidate_05_frame_000098_right/reference_frame_dehanded.png,/Users/huhu/Documents/Code/bishe/vrb/vrbreproduction/outputs/e11/experiments/E11/pipeline_outputs/subaction_00_P01_109_0/candidate_05_frame_000098_right/label_heatmap_merged_overlay.png,/Users/huhu/Documents/Code/bishe/vrb/vrbreproduction/outputs/e11/experiments/E11/pipeline_outputs/subaction_00_P01_109_0/candidate_05_frame_000098_right/vrb_style_affordance.png,/Users/huhu/Documents/Code/bishe/vrb/vrbreproduction/outputs/e11/experiments/E11/pipeline_outputs/subaction_00_P01_109_0/candidate_05_frame_000098_right/mask_projection_overlay.png,E11,inpainted_bbox,0.0816200657894736,1.0,0.2656,1.0,opencv_telea,success,,/Users/huhu/Documents/Code/bishe/vrb/vrbreproduction/outputs/e11/experiments/E11/pipeline_outputs/subaction_00_P01_109_0/candidate_05_frame_000098_right/reference_frame_original.png,/Users/huhu/Documents/Code/bishe/vrb/vrbreproduction/outputs/e11/experiments/E11/pipeline_outputs/subaction_00_P01_109_0/candidate_05_frame_000098_right/reference_frame_dehanded.png,/Users/huhu/Documents/Code/bishe/vrb/vrbreproduction/outputs/e11/experiments/E11/pipeline_outputs/subaction_00_P01_109_0/candidate_05_frame_000098_right/hand_mask.png,2.0,True
1,P01_109_1,open rucksack,open,rucksack,170.0,left,new_contact_episode,169.0,1.0,contact_part_local_affine,contact_part_local_affine,grabcut_fallback,bbox_fallback,cotracker,ready,,contact_local_boundary,12326,0.7477553991749575,9307.0,0.3989626200274348,True,5,0.0,contact_part_mask,26,0,False,1.0,36,36,36,1.0,0.7476421594619751,5,0.0,0.3419576826511731,,,,,,,6.147504068549472,36,5,0.2160444444444444,isotropic_e7,/Users/huhu/Documents/Code/bishe/vrb/vrbreproduction/outputs/e11/experiments/E11/pipeline_outputs/subaction_01_P01_109_1/candidate_04_frame_000170_left,/Users/huhu/Documents/Code/bishe/vrb/vrbreproduction/outputs/e11/experiments/E11/pipeline_outputs/subaction_01_P01_109_1/candidate_04_frame_000170_left/reference_frame_dehanded.png,/Users/huhu/Documents/Code/bishe/vrb/vrbreproduction/outputs/e11/experiments/E11/pipeline_outputs/subaction_01_P01_109_1/candidate_04_frame_000170_left/label_heatmap_merged_overlay.png,/Users/huhu/Documents/Code/bishe/vrb/vrbreproduction/outputs/e11/experiments/E11/pipeline_outputs/subaction_01_P01_109_1/candidate_04_frame_000170_left/vrb_style_affordance.png,/Users/huhu/Documents/Code/bishe/vrb/vrbreproduction/outputs/e11/experiments/E11/pipeline_outputs/subaction_01_P01_109_1/candidate_04_frame_000170_left/mask_projection_overlay.png,E11,inpainted_bbox,0.122472930372807,0.5823473936899863,0.5563111111111111,0.4375201461265714,opencv_telea,success,,/Users/huhu/Documents/Code/bishe/vrb/vrbreproduction/outputs/e11/experiments/E11/pipeline_outputs/subaction_01_P01_109_1/candidate_04_frame_000170_left/reference_frame_original.png,/Users/huhu/Documents/Code/bishe/vrb/vrbreproduction/outputs/e11/experiments/E11/pipeline_outputs/subaction_01_P01_109_1/candidate_04_frame_000170_left/reference_frame_dehanded.png,/Users/huhu/Documents/Code/bishe/vrb/vrbreproduction/outputs/e11/experiments/E11/pipeline_outputs/subaction_01_P01_109_1/candidate_04_frame_000170_left/hand_mask.png,2.0,True
1,P01_109_1,open rucksack,open,rucksack,172.0,left,new_contact_episode,171.0,1.0,contact_part_local_affine,contact_part_local_affine,grabcut_fallback,bbox_fallback,cotracker,ready,,contact_local_boundary,11375,0.6886010049034446,10921.0,0.4837009478253167,True,5,0.0,contact_part_mask,26,0,False,1.0,36,36,36,1.0,0.6346485018730164,5,0.0,0.3419576826511731,,,,,,,6.1378272116104755,62,5,0.2247555555555555,isotropic_e7,/Users/huhu/Documents/Code/bishe/vrb/vrbreproduction/outputs/e11/experiments/E11/pipeline_outputs/subaction_01_P01_109_1/candidate_06_frame_000172_left,/Users/huhu/Documents/Code/bishe/vrb/vrbreproduction/outputs/e11/experiments/E11/pipeline_outputs/subaction_01_P01_109_1/candidate_06_frame_000172_left/reference_frame_dehanded.png,/Users/huhu/Documents/Code/bishe/vrb/vrbreproduction/outputs/e11/experiments/E11/pipeline_outputs/subaction_01_P01_109_1/candidate_06_frame_000172_left/label_heatmap_merged_overlay.png,/Users/huhu/Documents/Code/bishe/vrb/vrbreproduction/outputs/e11/experiments/E11/pipeline_outputs/subaction_01_P01_109_1/candidate_06_frame_000172_left/vrb_style_affordance.png,/Users/huhu/Documents/Code/bishe/vrb/vrbreproduction/outputs/e11/experiments/E11/pipeline_outputs/subaction_01_P01_109_1/candidate_06_frame_000172_left/mask_projection_overlay.png,E11,inpainted_bbox,0.1227556195175438,0.6089113296128975,0.5795555555555556,0.5222049262888014,opencv_telea,success,,/Users/huhu/Documents/Code/bishe/vrb/vrbreproduction/outputs/e11/experiments/E11/pipeline_outputs/subaction_01_P01_109_1/candidate_06_frame_000172_left/reference_frame_original.png,/Users/huhu/Documents/Code/bishe/vrb/vrbreproduction/outputs/e11/experiments/E11/pipeline_outputs/subaction_01_P01_109_1/candidate_06_frame_000172_left/reference_frame_dehanded.png,/Users/huhu/Documents/Code/bishe/vrb/vrbreproduction/outputs/e11/experiments/E11/pipeline_outputs/subaction_01_P01_109_1/candidate_06_frame_000172_left/hand_mask.png,2.0,True
1,P01_109_1,open rucksack,open,rucksack,175.0,left,new_contact_episode,174.0,1.0,contact_part_local_affine,contact_part_local_affine,grabcut_fallback,bbox_fallback,cotracker,ready,,contact_local_boundary,12118,0.7027371839480399,11292.0,0.474174855127236,True,5,0.0,contact_part_mask,26,0,False,1.0,36,36,36,1.0,1.4023725986480713,5,0.0,0.3419576826511731,,,,,,,6.116528822040557,53,5,0.2236,isotropic_e7,/Users/huhu/Documents/Code/bishe/vrb/vrbreproduction/outputs/e11/experiments/E11/pipeline_outputs/subaction_01_P01_109_1/candidate_07_frame_000175_left,/Users/huhu/Documents/Code/bishe/vrb/vrbreproduction/outputs/e11/experiments/E11/pipeline_outputs/subaction_01_P01_109_1/candidate_07_frame_000175_left/reference_frame_dehanded.png,/Users/huhu/Documents/Code/bishe/vrb/vrbreproduction/outputs/e11/experiments/E11/pipeline_outputs/subaction_01_P01_109_1/candidate_07_frame_000175_left/label_heatmap_merged_overlay.png,/Users/huhu/Documents/Code/bishe/vrb/vrbreproduction/outputs/e11/experiments/E11/pipeline_outputs/subaction_01_P01_109_1/candidate_07_frame_000175_left/vrb_style_affordance.png,/Users/huhu/Documents/Code/bishe/vrb/vrbreproduction/outputs/e11/experiments/E11/pipeline_outputs/subaction_01_P01_109_1/candidate_07_frame_000175_left/mask_projection_overlay.png,E11,inpainted_bbox,0.1226442571271929,0.5808348030570253,0.5814222222222222,0.481579879560751,opencv_telea,success,,/Users/huhu/Documents/Code/bishe/vrb/vrbreproduction/outputs/e11/experiments/E11/pipeline_outputs/subaction_01_P01_109_1/candidate_07_frame_000175_left/reference_frame_original.png,/Users/huhu/Documents/Code/bishe/vrb/vrbreproduction/outputs/e11/experiments/E11/pipeline_outputs/subaction_01_P01_109_1/candidate_07_frame_000175_left/reference_frame_dehanded.png,/Users/huhu/Documents/Code/bishe/vrb/vrbreproduction/outputs/e11/experiments/E11/pipeline_outputs/subaction_01_P01_109_1/candidate_07_frame_000175_left/hand_mask.png,2.0,True
3,P01_109_3,put down eggs,put-down,egg,362.0,left,new_contact_episode,361.0,1.0,contact_part_local_affine,contact_part_local_affine,grabcut_fallback,bbox_fallback,cotracker,ready,,small_object_whole_mask_allowed,8054,0.8309946347503095,6960.0,0.5229151014274981,True,5,0.0,contact_part_mask,26,0,False,1.0,36,36,36,1.0,0.2504189908504486,5,0.0,0.352451939139038,,,,,,,6.429987430274486,98,5,0.0166666666666666,isotropic_e7,/Users/huhu/Documents/Code/bishe/vrb/vrbreproduction/outputs/e11/experiments/E11/pipeline_outputs/subaction_03_P01_109_3/candidate_00_frame_000362_left,/Users/huhu/Documents/Code/bishe/vrb/vrbreproduction/outputs/e11/experiments/E11/pipeline_outputs/subaction_03_P01_109_3/candidate_00_frame_000362_left/reference_frame_dehanded.png,/Users/huhu/Documents/Code/bishe/vrb/vrbreproduction/outputs/e11/experiments/E11/pipeline_outputs/subaction_03_P01_109_3/candidate_00_frame_000362_left/label_heatmap_merged_overlay.png,/Users/huhu/Documents/Code/bishe/vrb/vrbreproduction/outputs/e11/experiments/E11/pipeline_outputs/subaction_03_P01_109_3/candidate_00_frame_000362_left/vrb_style_affordance.png,/Users/huhu/Documents/Code/bishe/vrb/vrbreproduction/outputs/e11/experiments/E11/pipeline_outputs/subaction_03_P01_109_3/candidate_00_frame_000362_left/mask_projection_overlay.png,E11,inpainted_bbox,0.0255448190789473,0.1813673929376408,0.1325333333333333,0.3145114942528735,opencv_telea,success,,/Users/huhu/Documents/Code/bishe/vrb/vrbreproduction/outputs/e11/experiments/E11/pipeline_outputs/subaction_03_P01_109_3/candidate_00_frame_000362_left/reference_frame_original.png,/Users/huhu/Documents/Code/bishe/vrb/vrbreproduction/outputs/e11/experiments/E11/pipeline_outputs/subaction_03_P01_109_3/candidate_00_frame_000362_left/reference_frame_dehanded.png,/Users/huhu/Documents/Code/bishe/vrb/vrbreproduction/outputs/e11/experiments/E11/pipeline_outputs/subaction_03_P01_109_3/candidate_00_frame_000362_left/hand_mask.png,1.0,True
3,P01_109_3,put down eggs,put-down,egg,364.0,left,new_contact_episode,361.0,3.0,contact_part_local_affine,contact_part_local_affine,grabcut_fallback,bbox_fallback,cotracker,ready,,small_object_whole_mask_allowed,7575,0.7746983023113111,7205.0,0.5413223140495868,True,5,0.0,contact_part_mask,26,0,False,1.0,36,36,36,1.0,0.2447013258934021,5,0.0,0.3632682513221552,,,,,,,6.418158960223198,134,5,0.0166666666666666,isotropic_e7,/Users/huhu/Documents/Code/bishe/vrb/vrbreproduction/outputs/e11/experiments/E11/pipeline_outputs/subaction_03_P01_109_3/candidate_02_frame_000364_left,/Users/huhu/Documents/Code/bishe/vrb/vrbreproduction/outputs/e11/experiments/E11/pipeline_outputs/subaction_03_P01_109_3/candidate_02_frame_000364_left/reference_frame_dehanded.png,/Users/huhu/Documents/Code/bishe/vrb/vrbreproduction/outputs/e11/experiments/E11/pipeline_outputs/subaction_03_P01_109_3/candidate_02_frame_000364_left/label_heatmap_merged_overlay.png,/Users/huhu/Documents/Code/bishe/vrb/vrbreproduction/outputs/e11/experiments/E11/pipeline_outputs/subaction_03_P01_109_3/candidate_02_frame_000364_left/vrb_style_affordance.png,/Users/huhu/Documents/Code/bishe/vrb/vrbreproduction/outputs/e11/experiments/E11/pipeline_outputs/subaction_03_P01_109_3/candidate_02_frame_000364_left/mask_projection_overlay.png,E11,inpainted_bbox,0.0255448190789473,0.1813673929376408,0.1325333333333333,0.3111727966689799,opencv_telea,success,,/Users/huhu/Documents/Code/bishe/vrb/vrbreproduction/outputs/e11/experiments/E11/pipeline_outputs/subaction_03_P01_109_3/candidate_02_frame_000364_left/reference_frame_original.png,/Users/huhu/Documents/Code/bishe/vrb/vrbreproduction/outputs/e11/experiments/E11/pipeline_outputs/subaction_03_P01_109_3/candidate_02_frame_000364_left/reference_frame_dehanded.png,/Users/huhu/Documents/Code/bishe/vrb/vrbreproduction/outputs/e11/experiments/E11/pipeline_outputs/subaction_03_P01_109_3/candidate_02_frame_000364_left/hand_mask.png,1.0,True
3,P01_109_3,put down eggs,put-down,egg,372.0,right,new_contact_episode,363.0,9.0,contact_part_local_affine,contact_part_local_affine,grabcut_fallback,bbox_fallback,cotracker,ready,,small_object_whole_mask_allowed,3738,1.0,8588.0,0.639940387481371,True,5,0.0,contact_part_mask,26,0,False,1.0,36,36,36,1.0,0.3889487981796264,5,0.0,0.4099563326068669,,,,,,,6.421931536054609,112,5,0.0082666666666666,isotropic_e7,/Users/huhu/Documents/Code/bishe/vrb/vrbreproduction/outputs/e11/experiments/E11/pipeline_outputs/subaction_03_P01_109_3/candidate_07_frame_000372_right,/Users/huhu/Documents/Code/bishe/vrb/vrbreproduction/outputs/e11/experiments/E11/pipeline_outputs/subaction_03_P01_109_3/candidate_07_frame_000372_right/reference_frame_dehanded.png,/Users/huhu/Documents/Code/bishe/vrb/vrbreproduction/outputs/e11/experiments/E11/pipeline_outputs/subaction_03_P01_109_3/candidate_07_frame_000372_right/label_heatmap_merged_overlay.png,/Users/huhu/Documents/Code/bishe/vrb/vrbreproduction/outputs/e11/experiments/E11/pipeline_outputs/subaction_03_P01_109_3/candidate_07_frame_000372_right/vrb_style_affordance.png,/Users/huhu/Documents/Code/bishe/vrb/vrbreproduction/outputs/e11/experiments/E11/pipeline_outputs/subaction_03_P01_109_3/candidate_07_frame_000372_right/mask_projection_overlay.png,E11,inpainted_bbox,0.0329804002192982,0.2352459016393442,0.0992444444444444,0.1711690731252911,opencv_telea,success,,/Users/huhu/Documents/Code/bishe/vrb/vrbreproduction/outputs/e11/experiments/E11/pipeline_outputs/subaction_03_P01_109_3/candidate_07_frame_000372_right/reference_frame_original.png,/Users/huhu/Documents/Code/bishe/vrb/vrbreproduction/outputs/e11/experiments/E11/pipeline_outputs/subaction_03_P01_109_3/candidate_07_frame_000372_right/reference_frame_dehanded.png,/Users/huhu/Documents/Code/bishe/vrb/vrbreproduction/outputs/e11/experiments/E11/pipeline_outputs/subaction_03_P01_109_3/candidate_07_frame_000372_right/hand_mask.png,1.0,True
4,P01_109_4,pick up onion and potato,pick-up,onion,423.0,left,continuation_entry_rescue,409.0,14.0,contact_part_local_affine,contact_part_local_affine,grabcut_fallback,bbox_fallback,cotracker,ready,,small_object_whole_mask_allowed,1746,0.9988558352402744,9610.0,0.5535714285714286,True,5,0.0,contact_part_mask,26,0,False,0.9951851851851852,36,27,26,0.9629629629629628,0.9622798562049866,5,0.0,0.6451351195242122,,,,,,,6.157472345054591,59,5,0.1380444444444444,isotropic_e7,/Users/huhu/Documents/Code/bishe/vrb/vrbreproduction/outputs/e11/experiments/E11/pipeline_outputs/subaction_04_P01_109_4/candidate_02_frame_000423_left,/Users/huhu/Documents/Code/bishe/vrb/vrbreproduction/outputs/e11/experiments/E11/pipeline_outputs/subaction_04_P01_109_4/candidate_02_frame_000423_left/reference_frame_dehanded.png,/Users/huhu/Documents/Code/bishe/vrb/vrbreproduction/outputs/e11/experiments/E11/pipeline_outputs/subaction_04_P01_109_4/candidate_02_frame_000423_left/label_heatmap_merged_overlay.png,/Users/huhu/Documents/Code/bishe/vrb/vrbreproduction/outputs/e11/experiments/E11/pipeline_outputs/subaction_04_P01_109_4/candidate_02_frame_000423_left/vrb_style_affordance.png,/Users/huhu/Documents/Code/bishe/vrb/vrbreproduction/outputs/e11/experiments/E11/pipeline_outputs/subaction_04_P01_109_4/candidate_02_frame_000423_left/mask_projection_overlay.png,E11,inpainted_bbox,0.1259251644736842,0.5443548387096774,0.3778666666666667,0.4123829344432882,opencv_telea,success,,/Users/huhu/Documents/Code/bishe/vrb/vrbreproduction/outputs/e11/experiments/E11/pipeline_outputs/subaction_04_P01_109_4/candidate_02_frame_000423_left/reference_frame_original.png,/Users/huhu/Documents/Code/bishe/vrb/vrbreproduction/outputs/e11/experiments/E11/pipeline_outputs/subaction_04_P01_109_4/candidate_02_frame_000423_left/reference_frame_dehanded.png,/Users/huhu/Documents/Code/bishe/vrb/vrbreproduction/outputs/e11/experiments/E11/pipeline_outputs/subaction_04_P01_109_4/candidate_02_frame_000423_left/hand_mask.png,2.0,True
5,P01_109_5,put down onion and potato,put-down,onion,480.0,left,continuation_entry_rescue,470.0,10.0,contact_part_local_affine,contact_part_local_affine,grabcut_fallback,bbox_fallback,cotracker,ready,,small_object_whole_mask_allowed,3203,0.8415659485023647,1476.0,1.0,True,4,0.0,contact_part_mask,26,0,False,0.871875,36,16,11,0.6875,1.0310418605804443,4,0.0,0.6451351195242122,,,,,,,5.61677707751592,47,4,0.1177777777777777,isotropic_e7,/Users/huhu/Documents/Code/bishe/vrb/vrbreproduction/outputs/e11/experiments/E11/pipeline_outputs/subaction_05_P01_109_5/candidate_03_frame_000480_left,/Users/huhu/Documents/Code/bishe/vrb/vrbreproduction/outputs/e11/experiments/E11/pipeline_outputs/subaction_05_P01_109_5/candidate_03_frame_000480_left/reference_frame_dehanded.png,/Users/huhu/Documents/Code/bishe/vrb/vrbreproduction/outputs/e11/experiments/E11/pipeline_outputs/subaction_05_P01_109_5/candidate_03_frame_000480_left/label_heatmap_merged_overlay.png,/Users/huhu/Documents/Code/bishe/vrb/vrbreproduction/outputs/e11/experiments/E11/pipeline_outputs/subaction_05_P01_109_5/candidate_03_frame_000480_left/vrb_style_affordance.png,/Users/huhu/Documents/Code/bishe/vrb/vrbreproduction/outputs/e11/experiments/E11/pipeline_outputs/subaction_05_P01_109_5/candidate_03_frame_000480_left/mask_projection_overlay.png,E11,inpainted_bbox,0.399071408991228,1.0,0.4944888888888888,1.0,opencv_telea,success,,/Users/huhu/Documents/Code/bishe/vrb/vrbreproduction/outputs/e11/experiments/E11/pipeline_outputs/subaction_05_P01_109_5/candidate_03_frame_000480_left/reference_frame_original.png,/Users/huhu/Documents/Code/bishe/vrb/vrbreproduction/outputs/e11/experiments/E11/pipeline_outputs/subaction_05_P01_109_5/candidate_03_frame_000480_left/reference_frame_dehanded.png,/Users/huhu/Documents/Code/bishe/vrb/vrbreproduction/outputs/e11/experiments/E11/pipeline_outputs/subaction_05_P01_109_5/candidate_03_frame_000480_left/hand_mask.png,2.0,True
6,P01_109_8,pick up potato,pick-up,potato,527.0,right,new_contact_episode,526.0,1.0,contact_part_local_affine,contact_part_local_affine,grabcut_fallback,bbox_fallback,cotracker,ready,,small_object_whole_mask_allowed,192,1.0,2172.0,0.981029810298103,True,5,0.0,contact_part_mask,26,0,False,1.0,36,36,36,1.0,0.2195835411548614,5,0.0,0.5371707625918725,,,,,,,6.11157916043202,69,5,0.2295555555555555,isotropic_e7,/Users/huhu/Documents/Code/bishe/vrb/vrbreproduction/outputs/e11/experiments/E11/pipeline_outputs/subaction_06_P01_109_8/candidate_00_frame_000527_right,/Users/huhu/Documents/Code/bishe/vrb/vrbreproduction/outputs/e11/experiments/E11/pipeline_outputs/subaction_06_P01_109_8/candidate_00_frame_000527_right/reference_frame_dehanded.png,/Users/huhu/Documents/Code/bishe/vrb/vrbreproduction/outputs/e11/experiments/E11/pipeline_outputs/subaction_06_P01_109_8/candidate_00_frame_000527_right/label_heatmap_merged_overlay.png,/Users/huhu/Documents/Code/bishe/vrb/vrbreproduction/outputs/e11/experiments/E11/pipeline_outputs/subaction_06_P01_109_8/candidate_00_frame_000527_right/vrb_style_affordance.png,/Users/huhu/Documents/Code/bishe/vrb/vrbreproduction/outputs/e11/experiments/E11/pipeline_outputs/subaction_06_P01_109_8/candidate_00_frame_000527_right/mask_projection_overlay.png,E11,inpainted_bbox,0.1318359375,0.967479674796748,0.5904,0.9668508287292816,opencv_telea,success,,/Users/huhu/Documents/Code/bishe/vrb/vrbreproduction/outputs/e11/experiments/E11/pipeline_outputs/subaction_06_P01_109_8/candidate_00_frame_000527_right/reference_frame_original.png,/Users/huhu/Documents/Code/bishe/vrb/vrbreproduction/outputs/e11/experiments/E11/pipeline_outputs/subaction_06_P01_109_8/candidate_00_frame_000527_right/reference_frame_dehanded.png,/Users/huhu/Documents/Code/bishe/vrb/vrbreproduction/outputs/e11/experiments/E11/pipeline_outputs/subaction_06_P01_109_8/candidate_00_frame_000527_right/hand_mask.png,2.0,True
6,P01_109_8,pick up potato,pick-up,potato,529.0,left,new_contact_episode,528.0,1.0,contact_part_local_affine,contact_part_local_affine,grabcut_fallback,bbox_fallback,cotracker,ready,,small_object_whole_mask_allowed,1334,1.0,2394.0,0.9126953869614944,True,5,0.0,contact_part_mask,26,0,False,1.0,36,36,36,1.0,0.321232259273529,5,0.0,0.5371707625918725,,,,,,,6.17022969888846,25,5,0.2094222222222222,isotropic_e7,/Users/huhu/Documents/Code/bishe/vrb/vrbreproduction/outputs/e11/experiments/E11/pipeline_outputs/subaction_06_P01_109_8/candidate_04_frame_000529_left,/Users/huhu/Documents/Code/bishe/vrb/vrbreproduction/outputs/e11/experiments/E11/pipeline_outputs/subaction_06_P01_109_8/candidate_04_frame_000529_left/reference_frame_dehanded.png,/Users/huhu/Documents/Code/bishe/vrb/vrbreproduction/outputs/e11/experiments/E11/pipeline_outputs/subaction_06_P01_109_8/candidate_04_frame_000529_left/label_heatmap_merged_overlay.png,/Users/huhu/Documents/Code/bishe/vrb/vrbreproduction/outputs/e11/experiments/E11/pipeline_outputs/subaction_06_P01_109_8/candidate_04_frame_000529_left/vrb_style_affordance.png,/Users/huhu/Documents/Code/bishe/vrb/vrbreproduction/outputs/e11/experiments/E11/pipeline_outputs/subaction_06_P01_109_8/candidate_04_frame_000529_left/mask_projection_overlay.png,E11,inpainted_bbox,0.1227213541666666,0.9733130003812428,0.6227111111111111,0.9707602339181286,opencv_telea,success,,/Users/huhu/Documents/Code/bishe/vrb/vrbreproduction/outputs/e11/experiments/E11/pipeline_outputs/subaction_06_P01_109_8/candidate_04_frame_000529_left/reference_frame_original.png,/Users/huhu/Documents/Code/bishe/vrb/vrbreproduction/outputs/e11/experiments/E11/pipeline_outputs/subaction_06_P01_109_8/candidate_04_frame_000529_left/reference_frame_dehanded.png,/Users/huhu/Documents/Code/bishe/vrb/vrbreproduction/outputs/e11/experiments/E11/pipeline_outputs/subaction_06_P01_109_8/candidate_04_frame_000529_left/hand_mask.png,2.0,True
7,P01_109_6,pick up potatoes,pick-up,potato,543.0,left,continuation_entry_rescue,542.0,1.0,contact_part_local_affine,contact_part_local_affine,grabcut_fallback,bbox_fallback,cotracker,ready,,small_object_whole_mask_allowed,14506,0.7455797697368421,9746.0,0.4800039401103231,True,4,0.0,contact_part_mask,26,0,False,0.9125,36,36,36,1.0,0.4206134676933288,4,0.0,0.5371707625918725,,,,,,,5.926714929302532,18,4,0.0864444444444444,isotropic_e7,/Users/huhu/Documents/Code/bishe/vrb/vrbreproduction/outputs/e11/experiments/E11/pipeline_outputs/subaction_07_P01_109_6/candidate_03_frame_000543_left,/Users/huhu/Documents/Code/bishe/vrb/vrbreproduction/outputs/e11/experiments/E11/pipeline_outputs/subaction_07_P01_109_6/candidate_03_frame_000543_left/reference_frame_dehanded.png,/Users/huhu/Documents/Code/bishe/vrb/vrbreproduction/outputs/e11/experiments/E11/pipeline_outputs/subaction_07_P01_109_6/candidate_03_frame_000543_left/label_heatmap_merged_overlay.png,/Users/huhu/Documents/Code/bishe/vrb/vrbreproduction/outputs/e11/experiments/E11/pipeline_outputs/subaction_07_P01_109_6/candidate_03_frame_000543_left/vrb_style_affordance.png,/Users/huhu/Documents/Code/bishe/vrb/vrbreproduction/outputs/e11/experiments/E11/pipeline_outputs/subaction_07_P01_109_6/candidate_03_frame_000543_left/mask_projection_overlay.png,E11,inpainted_bbox,0.1363589638157894,0.6269700551615445,0.3817777777777777,0.5050277036733019,opencv_telea,success,,/Users/huhu/Documents/Code/bishe/vrb/vrbreproduction/outputs/e11/experiments/E11/pipeline_outputs/subaction_07_P01_109_6/candidate_03_frame_000543_left/reference_frame_original.png,/Users/huhu/Documents/Code/bishe/vrb/vrbreproduction/outputs/e11/experiments/E11/pipeline_outputs/subaction_07_P01_109_6/candidate_03_frame_000543_left/reference_frame_dehanded.png,/Users/huhu/Documents/Code/bishe/vrb/vrbreproduction/outputs/e11/experiments/E11/pipeline_outputs/subaction_07_P01_109_6/candidate_03_frame_000543_left/hand_mask.png,2.0,True
8,P01_109_7,put down potatoes,put-down,potato,645.0,left,new_contact_episode,644.0,1.0,contact_part_local_affine,contact_part_local_affine,grabcut_fallback,bbox_fallback,cotracker,ready,,small_object_whole_mask_allowed,13142,0.6392023346303501,7534.0,0.5566720851189596,True,5,0.0,contact_part_mask,26,0,False,1.0,36,36,36,1.0,0.6145315170288086,5,0.0,0.5371707625918725,,,,,,,6.262564054489134,84,5,0.142,isotropic_e7,/Users/huhu/Documents/Code/bishe/vrb/vrbreproduction/outputs/e11/experiments/E11/pipeline_outputs/subaction_08_P01_109_7/candidate_07_frame_000645_left,/Users/huhu/Documents/Code/bishe/vrb/vrbreproduction/outputs/e11/experiments/E11/pipeline_outputs/subaction_08_P01_109_7/candidate_07_frame_000645_left/reference_frame_dehanded.png,/Users/huhu/Documents/Code/bishe/vrb/vrbreproduction/outputs/e11/experiments/E11/pipeline_outputs/subaction_08_P01_109_7/candidate_07_frame_000645_left/label_heatmap_merged_overlay.png,/Users/huhu/Documents/Code/bishe/vrb/vrbreproduction/outputs/e11/experiments/E11/pipeline_outputs/subaction_08_P01_109_7/candidate_07_frame_000645_left/vrb_style_affordance.png,/Users/huhu/Documents/Code/bishe/vrb/vrbreproduction/outputs/e11/experiments/E11/pipeline_outputs/subaction_08_P01_109_7/candidate_07_frame_000645_left/mask_projection_overlay.png,E11,inpainted_bbox,0.1364788925438596,0.6415693808186789,0.4623555555555556,0.6420228298380675,opencv_telea,success,,/Users/huhu/Documents/Code/bishe/vrb/vrbreproduction/outputs/e11/experiments/E11/pipeline_outputs/subaction_08_P01_109_7/candidate_07_frame_000645_left/reference_frame_original.png,/Users/huhu/Documents/Code/bishe/vrb/vrbreproduction/outputs/e11/experiments/E11/pipeline_outputs/subaction_08_P01_109_7/candidate_07_frame_000645_left/reference_frame_dehanded.png,/Users/huhu/Documents/Code/bishe/vrb/vrbreproduction/outputs/e11/experiments/E11/pipeline_outputs/subaction_08_P01_109_7/candidate_07_frame_000645_left/hand_mask.png,2.0,True
8,P01_109_7,put down potatoes,put-down,potato,647.0,left,new_contact_episode,645.0,2.0,contact_part_local_affine,contact_part_local_affine,grabcut_fallback,bbox_fallback,cotracker,ready,,small_object_whole_mask_allowed,12686,0.761007798440312,11835.0,0.5022918258212375,True,5,0.0,contact_part_mask,26,0,False,1.0,36,36,36,1.0,0.9110855460166932,5,0.0,0.5371707625918725,,,,,,,6.197867433619498,48,5,0.1752,isotropic_e7,/Users/huhu/Documents/Code/bishe/vrb/vrbreproduction/outputs/e11/experiments/E11/pipeline_outputs/subaction_08_P01_109_7/candidate_09_frame_000647_left,/Users/huhu/Documents/Code/bishe/vrb/vrbreproduction/outputs/e11/experiments/E11/pipeline_outputs/subaction_08_P01_109_7/candidate_09_frame_000647_left/reference_frame_dehanded.png,/Users/huhu/Documents/Code/bishe/vrb/vrbreproduction/outputs/e11/experiments/E11/pipeline_outputs/subaction_08_P01_109_7/candidate_09_frame_000647_left/label_heatmap_merged_overlay.png,/Users/huhu/Documents/Code/bishe/vrb/vrbreproduction/outputs/e11/experiments/E11/pipeline_outputs/subaction_08_P01_109_7/candidate_09_frame_000647_left/vrb_style_affordance.png,/Users/huhu/Documents/Code/bishe/vrb/vrbreproduction/outputs/e11/experiments/E11/pipeline_outputs/subaction_08_P01_109_7/candidate_09_frame_000647_left/mask_projection_overlay.png,E11,inpainted_bbox,0.134825589364035,0.559842118665648,0.4928444444444444,0.631516687790452,opencv_telea,success,,/Users/huhu/Documents/Code/bishe/vrb/vrbreproduction/outputs/e11/experiments/E11/pipeline_outputs/subaction_08_P01_109_7/candidate_09_frame_000647_left/reference_frame_original.png,/Users/huhu/Documents/Code/bishe/vrb/vrbreproduction/outputs/e11/experiments/E11/pipeline_outputs/subaction_08_P01_109_7/candidate_09_frame_000647_left/reference_frame_dehanded.png,/Users/huhu/Documents/Code/bishe/vrb/vrbreproduction/outputs/e11/experiments/E11/pipeline_outputs/subaction_08_P01_109_7/candidate_09_frame_000647_left/hand_mask.png,2.0,True
8,P01_109_7,put down potatoes,put-down,potato,657.0,left,new_contact_episode,654.0,3.0,contact_part_local_affine,contact_part_local_affine,grabcut_fallback,bbox_fallback,cotracker,ready,,small_object_whole_mask_allowed,13704,0.6314334423812377,10190.0,0.4445510862926446,True,5,0.0,contact_part_mask,26,0,False,1.0,36,35,35,1.0,0.3307169079780578,5,0.0,0.5371707625918725,,,,,,,6.343078492760658,78,5,0.086,isotropic_e7,/Users/huhu/Documents/Code/bishe/vrb/vrbreproduction/outputs/e11/experiments/E11/pipeline_outputs/subaction_08_P01_109_7/candidate_11_frame_000657_left,/Users/huhu/Documents/Code/bishe/vrb/vrbreproduction/outputs/e11/experiments/E11/pipeline_outputs/subaction_08_P01_109_7/candidate_11_frame_000657_left/reference_frame_dehanded.png,/Users/huhu/Documents/Code/bishe/vrb/vrbreproduction/outputs/e11/experiments/E11/pipeline_outputs/subaction_08_P01_109_7/candidate_11_frame_000657_left/label_heatmap_merged_overlay.png,/Users/huhu/Documents/Code/bishe/vrb/vrbreproduction/outputs/e11/experiments/E11/pipeline_outputs/subaction_08_P01_109_7/candidate_11_frame_000657_left/vrb_style_affordance.png,/Users/huhu/Documents/Code/bishe/vrb/vrbreproduction/outputs/e11/experiments/E11/pipeline_outputs/subaction_08_P01_109_7/candidate_11_frame_000657_left/mask_projection_overlay.png,E11,inpainted_bbox,0.0798725328947368,0.324317249803682,0.2170666666666666,0.3601570166830226,opencv_telea,success,,/Users/huhu/Documents/Code/bishe/vrb/vrbreproduction/outputs/e11/experiments/E11/pipeline_outputs/subaction_08_P01_109_7/candidate_11_frame_000657_left/reference_frame_original.png,/Users/huhu/Documents/Code/bishe/vrb/vrbreproduction/outputs/e11/experiments/E11/pipeline_outputs/subaction_08_P01_109_7/candidate_11_frame_000657_left/reference_frame_dehanded.png,/Users/huhu/Documents/Code/bishe/vrb/vrbreproduction/outputs/e11/experiments/E11/pipeline_outputs/subaction_08_P01_109_7/candidate_11_frame_000657_left/hand_mask.png,1.0,True
9,P01_109_9,put down potato,put-down,potato,645.0,left,new_contact_episode,644.0,1.0,contact_part_local_affine,contact_part_local_affine,grabcut_fallback,bbox_fallback,cotracker,ready,,small_object_whole_mask_allowed,13142,0.6392023346303501,7534.0,0.5566720851189596,True,5,0.0,contact_part_mask,26,0,False,1.0,36,36,36,1.0,0.6145315170288086,5,0.0,0.5371707625918725,,,,,,,6.262564054489134,84,5,0.142,isotropic_e7,/Users/huhu/Documents/Code/bishe/vrb/vrbreproduction/outputs/e11/experiments/E11/pipeline_outputs/subaction_09_P01_109_9/candidate_07_frame_000645_left,/Users/huhu/Documents/Code/bishe/vrb/vrbreproduction/outputs/e11/experiments/E11/pipeline_outputs/subaction_09_P01_109_9/candidate_07_frame_000645_left/reference_frame_dehanded.png,/Users/huhu/Documents/Code/bishe/vrb/vrbreproduction/outputs/e11/experiments/E11/pipeline_outputs/subaction_09_P01_109_9/candidate_07_frame_000645_left/label_heatmap_merged_overlay.png,/Users/huhu/Documents/Code/bishe/vrb/vrbreproduction/outputs/e11/experiments/E11/pipeline_outputs/subaction_09_P01_109_9/candidate_07_frame_000645_left/vrb_style_affordance.png,/Users/huhu/Documents/Code/bishe/vrb/vrbreproduction/outputs/e11/experiments/E11/pipeline_outputs/subaction_09_P01_109_9/candidate_07_frame_000645_left/mask_projection_overlay.png,E11,inpainted_bbox,0.1364788925438596,0.6415693808186789,0.4623555555555556,0.6420228298380675,opencv_telea,success,,/Users/huhu/Documents/Code/bishe/vrb/vrbreproduction/outputs/e11/experiments/E11/pipeline_outputs/subaction_09_P01_109_9/candidate_07_frame_000645_left/reference_frame_original.png,/Users/huhu/Documents/Code/bishe/vrb/vrbreproduction/outputs/e11/experiments/E11/pipeline_outputs/subaction_09_P01_109_9/candidate_07_frame_000645_left/reference_frame_dehanded.png,/Users/huhu/Documents/Code/bishe/vrb/vrbreproduction/outputs/e11/experiments/E11/pipeline_outputs/subaction_09_P01_109_9/candidate_07_frame_000645_left/hand_mask.png,2.0,True
9,P01_109_9,put down potato,put-down,potato,647.0,left,new_contact_episode,645.0,2.0,contact_part_local_affine,contact_part_local_affine,grabcut_fallback,bbox_fallback,cotracker,ready,,small_object_whole_mask_allowed,12686,0.761007798440312,11835.0,0.5022918258212375,True,5,0.0,contact_part_mask,26,0,False,1.0,36,36,36,1.0,0.9110855460166932,5,0.0,0.5371707625918725,,,,,,,6.197867433619498,48,5,0.1752,isotropic_e7,/Users/huhu/Documents/Code/bishe/vrb/vrbreproduction/outputs/e11/experiments/E11/pipeline_outputs/subaction_09_P01_109_9/candidate_09_frame_000647_left,/Users/huhu/Documents/Code/bishe/vrb/vrbreproduction/outputs/e11/experiments/E11/pipeline_outputs/subaction_09_P01_109_9/candidate_09_frame_000647_left/reference_frame_dehanded.png,/Users/huhu/Documents/Code/bishe/vrb/vrbreproduction/outputs/e11/experiments/E11/pipeline_outputs/subaction_09_P01_109_9/candidate_09_frame_000647_left/label_heatmap_merged_overlay.png,/Users/huhu/Documents/Code/bishe/vrb/vrbreproduction/outputs/e11/experiments/E11/pipeline_outputs/subaction_09_P01_109_9/candidate_09_frame_000647_left/vrb_style_affordance.png,/Users/huhu/Documents/Code/bishe/vrb/vrbreproduction/outputs/e11/experiments/E11/pipeline_outputs/subaction_09_P01_109_9/candidate_09_frame_000647_left/mask_projection_overlay.png,E11,inpainted_bbox,0.134825589364035,0.559842118665648,0.4928444444444444,0.631516687790452,opencv_telea,success,,/Users/huhu/Documents/Code/bishe/vrb/vrbreproduction/outputs/e11/experiments/E11/pipeline_outputs/subaction_09_P01_109_9/candidate_09_frame_000647_left/reference_frame_original.png,/Users/huhu/Documents/Code/bishe/vrb/vrbreproduction/outputs/e11/experiments/E11/pipeline_outputs/subaction_09_P01_109_9/candidate_09_frame_000647_left/reference_frame_dehanded.png,/Users/huhu/Documents/Code/bishe/vrb/vrbreproduction/outputs/e11/experiments/E11/pipeline_outputs/subaction_09_P01_109_9/candidate_09_frame_000647_left/hand_mask.png,2.0,True
9,P01_109_9,put down potato,put-down,potato,657.0,left,new_contact_episode,654.0,3.0,contact_part_local_affine,contact_part_local_affine,grabcut_fallback,bbox_fallback,cotracker,ready,,small_object_whole_mask_allowed,13704,0.6314334423812377,10190.0,0.4445510862926446,True,5,0.0,contact_part_mask,26,0,False,1.0,36,35,35,1.0,0.3307169079780578,5,0.0,0.5371707625918725,,,,,,,6.343078492760658,78,5,0.086,isotropic_e7,/Users/huhu/Documents/Code/bishe/vrb/vrbreproduction/outputs/e11/experiments/E11/pipeline_outputs/subaction_09_P01_109_9/candidate_11_frame_000657_left,/Users/huhu/Documents/Code/bishe/vrb/vrbreproduction/outputs/e11/experiments/E11/pipeline_outputs/subaction_09_P01_109_9/candidate_11_frame_000657_left/reference_frame_dehanded.png,/Users/huhu/Documents/Code/bishe/vrb/vrbreproduction/outputs/e11/experiments/E11/pipeline_outputs/subaction_09_P01_109_9/candidate_11_frame_000657_left/label_heatmap_merged_overlay.png,/Users/huhu/Documents/Code/bishe/vrb/vrbreproduction/outputs/e11/experiments/E11/pipeline_outputs/subaction_09_P01_109_9/candidate_11_frame_000657_left/vrb_style_affordance.png,/Users/huhu/Documents/Code/bishe/vrb/vrbreproduction/outputs/e11/experiments/E11/pipeline_outputs/subaction_09_P01_109_9/candidate_11_frame_000657_left/mask_projection_overlay.png,E11,inpainted_bbox,0.0798725328947368,0.324317249803682,0.2170666666666666,0.3601570166830226,opencv_telea,success,,/Users/huhu/Documents/Code/bishe/vrb/vrbreproduction/outputs/e11/experiments/E11/pipeline_outputs/subaction_09_P01_109_9/candidate_11_frame_000657_left/reference_frame_original.png,/Users/huhu/Documents/Code/bishe/vrb/vrbreproduction/outputs/e11/experiments/E11/pipeline_outputs/subaction_09_P01_109_9/candidate_11_frame_000657_left/reference_frame_dehanded.png,/Users/huhu/Documents/Code/bishe/vrb/vrbreproduction/outputs/e11/experiments/E11/pipeline_outputs/subaction_09_P01_109_9/candidate_11_frame_000657_left/hand_mask.png,1.0,True
10,P01_109_10,pick up beers,pick-up,beer,776.0,left,new_contact_episode,775.0,1.0,contact_part_local_affine,contact_part_local_affine,grabcut_fallback,bbox_fallback,cotracker,ready,,contact_local_boundary,14717,0.5571455612341473,13309.0,0.3187937146689661,True,4,0.0,contact_part_mask,26,0,False,0.9125,36,36,36,1.0,0.2065302729606628,4,0.0,0.5371707625918725,,,,,,,5.947204091811179,8,4,0.0770666666666666,isotropic_e7,/Users/huhu/Documents/Code/bishe/vrb/vrbreproduction/outputs/e11/experiments/E11/pipeline_outputs/subaction_10_P01_109_10/candidate_02_frame_000776_left,/Users/huhu/Documents/Code/bishe/vrb/vrbreproduction/outputs/e11/experiments/E11/pipeline_outputs/subaction_10_P01_109_10/candidate_02_frame_000776_left/reference_frame_dehanded.png,/Users/huhu/Documents/Code/bishe/vrb/vrbreproduction/outputs/e11/experiments/E11/pipeline_outputs/subaction_10_P01_109_10/candidate_02_frame_000776_left/label_heatmap_merged_overlay.png,/Users/huhu/Documents/Code/bishe/vrb/vrbreproduction/outputs/e11/experiments/E11/pipeline_outputs/subaction_10_P01_109_10/candidate_02_frame_000776_left/vrb_style_affordance.png,/Users/huhu/Documents/Code/bishe/vrb/vrbreproduction/outputs/e11/experiments/E11/pipeline_outputs/subaction_10_P01_109_10/candidate_02_frame_000776_left/mask_projection_overlay.png,E11,inpainted_bbox,0.093895627741228,0.2625514994730286,0.2751111111111111,0.1444886918626493,opencv_telea,success,,/Users/huhu/Documents/Code/bishe/vrb/vrbreproduction/outputs/e11/experiments/E11/pipeline_outputs/subaction_10_P01_109_10/candidate_02_frame_000776_left/reference_frame_original.png,/Users/huhu/Documents/Code/bishe/vrb/vrbreproduction/outputs/e11/experiments/E11/pipeline_outputs/subaction_10_P01_109_10/candidate_02_frame_000776_left/reference_frame_dehanded.png,/Users/huhu/Documents/Code/bishe/vrb/vrbreproduction/outputs/e11/experiments/E11/pipeline_outputs/subaction_10_P01_109_10/candidate_02_frame_000776_left/hand_mask.png,2.0,True
10,P01_109_10,pick up beers,pick-up,beer,785.0,left,new_contact_episode,776.0,9.0,contact_part_local_affine,contact_part_local_affine,grabcut_fallback,bbox_fallback,cotracker,ready,,contact_local_boundary,2080,0.9223946784922394,10130.0,0.4413558731265249,True,4,0.0,contact_part_mask,26,0,False,0.9088888888888887,36,36,35,0.9722222222222222,0.9491012096405028,4,0.0,0.5371707625918725,,,,,,,5.810049185933006,14,4,0.1103555555555555,isotropic_e7,/Users/huhu/Documents/Code/bishe/vrb/vrbreproduction/outputs/e11/experiments/E11/pipeline_outputs/subaction_10_P01_109_10/candidate_06_frame_000785_left,/Users/huhu/Documents/Code/bishe/vrb/vrbreproduction/outputs/e11/experiments/E11/pipeline_outputs/subaction_10_P01_109_10/candidate_06_frame_000785_left/reference_frame_dehanded.png,/Users/huhu/Documents/Code/bishe/vrb/vrbreproduction/outputs/e11/experiments/E11/pipeline_outputs/subaction_10_P01_109_10/candidate_06_frame_000785_left/label_heatmap_merged_overlay.png,/Users/huhu/Documents/Code/bishe/vrb/vrbreproduction/outputs/e11/experiments/E11/pipeline_outputs/subaction_10_P01_109_10/candidate_06_frame_000785_left/vrb_style_affordance.png,/Users/huhu/Documents/Code/bishe/vrb/vrbreproduction/outputs/e11/experiments/E11/pipeline_outputs/subaction_10_P01_109_10/candidate_06_frame_000785_left/mask_projection_overlay.png,E11,inpainted_bbox,0.0943753426535087,0.4800017427675148,0.3401333333333333,0.228035538005923,opencv_telea,success,,/Users/huhu/Documents/Code/bishe/vrb/vrbreproduction/outputs/e11/experiments/E11/pipeline_outputs/subaction_10_P01_109_10/candidate_06_frame_000785_left/reference_frame_original.png,/Users/huhu/Documents/Code/bishe/vrb/vrbreproduction/outputs/e11/experiments/E11/pipeline_outputs/subaction_10_P01_109_10/candidate_06_frame_000785_left/reference_frame_dehanded.png,/Users/huhu/Documents/Code/bishe/vrb/vrbreproduction/outputs/e11/experiments/E11/pipeline_outputs/subaction_10_P01_109_10/candidate_06_frame_000785_left/hand_mask.png,2.0,True
12,P01_109_12,open drawer,open,drawer,1070.0,left,new_contact_episode,1068.0,2.0,contact_part_local_affine,contact_part_local_affine,grabcut_fallback,bbox_fallback,cotracker,ready,,panel_edge_or_handle,3012,0.8051323175621492,2268.0,0.3167155425219941,True,5,0.0,contact_part_mask,26,0,True,1.0,36,36,36,1.0,0.2108751833438873,5,0.0,0.4161993224435197,,,,,,,6.450173744499684,63,5,0.0,isotropic_e7,/Users/huhu/Documents/Code/bishe/vrb/vrbreproduction/outputs/e11/experiments/E11/pipeline_outputs/subaction_12_P01_109_12/candidate_00_frame_001070_left,/Users/huhu/Documents/Code/bishe/vrb/vrbreproduction/outputs/e11/experiments/E11/pipeline_outputs/subaction_12_P01_109_12/candidate_00_frame_001070_left/reference_frame_dehanded.png,/Users/huhu/Documents/Code/bishe/vrb/vrbreproduction/outputs/e11/experiments/E11/pipeline_outputs/subaction_12_P01_109_12/candidate_00_frame_001070_left/label_heatmap_merged_overlay.png,/Users/huhu/Documents/Code/bishe/vrb/vrbreproduction/outputs/e11/experiments/E11/pipeline_outputs/subaction_12_P01_109_12/candidate_00_frame_001070_left/vrb_style_affordance.png,/Users/huhu/Documents/Code/bishe/vrb/vrbreproduction/outputs/e11/experiments/E11/pipeline_outputs/subaction_12_P01_109_12/candidate_00_frame_001070_left/mask_projection_overlay.png,E11,local_clean,0.0926449424342105,0.0,0.0,0.0,opencv_telea,success,,/Users/huhu/Documents/Code/bishe/vrb/vrbreproduction/outputs/e11/experiments/E11/pipeline_outputs/subaction_12_P01_109_12/candidate_00_frame_001070_left/reference_frame_original.png,/Users/huhu/Documents/Code/bishe/vrb/vrbreproduction/outputs/e11/experiments/E11/pipeline_outputs/subaction_12_P01_109_12/candidate_00_frame_001070_left/reference_frame_dehanded.png,/Users/huhu/Documents/Code/bishe/vrb/vrbreproduction/outputs/e11/experiments/E11/pipeline_outputs/subaction_12_P01_109_12/candidate_00_frame_001070_left/hand_mask.png,1.0,True
12,P01_109_12,open drawer,open,drawer,1072.0,left,new_contact_episode,1071.0,1.0,contact_part_local_affine,contact_part_local_affine,grabcut_fallback,bbox_fallback,cotracker,ready,,panel_edge_or_handle,3103,0.8299010430596416,2321.0,0.316557555919258,True,5,0.0,contact_part_mask,26,0,True,1.0,36,36,36,1.0,0.1279324293136596,5,0.0,0.4161993224435197,,,,,,,6.434428693787256,59,5,0.0371555555555555,isotropic_e7,/Users/huhu/Documents/Code/bishe/vrb/vrbreproduction/outputs/e11/experiments/E11/pipeline_outputs/subaction_12_P01_109_12/candidate_02_frame_001072_left,/Users/huhu/Documents/Code/bishe/vrb/vrbreproduction/outputs/e11/experiments/E11/pipeline_outputs/subaction_12_P01_109_12/candidate_02_frame_001072_left/reference_frame_dehanded.png,/Users/huhu/Documents/Code/bishe/vrb/vrbreproduction/outputs/e11/experiments/E11/pipeline_outputs/subaction_12_P01_109_12/candidate_02_frame_001072_left/label_heatmap_merged_overlay.png,/Users/huhu/Documents/Code/bishe/vrb/vrbreproduction/outputs/e11/experiments/E11/pipeline_outputs/subaction_12_P01_109_12/candidate_02_frame_001072_left/vrb_style_affordance.png,/Users/huhu/Documents/Code/bishe/vrb/vrbreproduction/outputs/e11/experiments/E11/pipeline_outputs/subaction_12_P01_109_12/candidate_02_frame_001072_left/mask_projection_overlay.png,E11,inpainted_bbox,0.1246744791666666,0.2695035460992908,0.18,0.6505816458423094,opencv_telea,success,,/Users/huhu/Documents/Code/bishe/vrb/vrbreproduction/outputs/e11/experiments/E11/pipeline_outputs/subaction_12_P01_109_12/candidate_02_frame_001072_left/reference_frame_original.png,/Users/huhu/Documents/Code/bishe/vrb/vrbreproduction/outputs/e11/experiments/E11/pipeline_outputs/subaction_12_P01_109_12/candidate_02_frame_001072_left/reference_frame_dehanded.png,/Users/huhu/Documents/Code/bishe/vrb/vrbreproduction/outputs/e11/experiments/E11/pipeline_outputs/subaction_12_P01_109_12/candidate_02_frame_001072_left/hand_mask.png,2.0,True
13,P01_109_13,put beer into drawer,put-into,beer,1182.0,right,new_contact_episode,1179.0,3.0,contact_part_local_affine,contact_part_local_affine,grabcut_fallback,bbox_fallback,cotracker,ready,,panel_edge_or_handle,2843,0.706159960258321,2944.0,0.7087144920558498,True,5,0.0,contact_part_mask,26,0,True,1.0,36,36,36,1.0,0.7856197953224182,5,0.0,0.6928464959274072,,,,,,,6.225941818640327,26,5,0.0929333333333333,isotropic_e7,/Users/huhu/Documents/Code/bishe/vrb/vrbreproduction/outputs/e11/experiments/E11/pipeline_outputs/subaction_13_P01_109_13/candidate_02_frame_001182_right,/Users/huhu/Documents/Code/bishe/vrb/vrbreproduction/outputs/e11/experiments/E11/pipeline_outputs/subaction_13_P01_109_13/candidate_02_frame_001182_right/reference_frame_dehanded.png,/Users/huhu/Documents/Code/bishe/vrb/vrbreproduction/outputs/e11/experiments/E11/pipeline_outputs/subaction_13_P01_109_13/candidate_02_frame_001182_right/label_heatmap_merged_overlay.png,/Users/huhu/Documents/Code/bishe/vrb/vrbreproduction/outputs/e11/experiments/E11/pipeline_outputs/subaction_13_P01_109_13/candidate_02_frame_001182_right/vrb_style_affordance.png,/Users/huhu/Documents/Code/bishe/vrb/vrbreproduction/outputs/e11/experiments/E11/pipeline_outputs/subaction_13_P01_109_13/candidate_02_frame_001182_right/mask_projection_overlay.png,E11,inpainted_bbox,0.070629454495614,0.9701492537313432,0.3664444444444444,1.0,opencv_telea,success,,/Users/huhu/Documents/Code/bishe/vrb/vrbreproduction/outputs/e11/experiments/E11/pipeline_outputs/subaction_13_P01_109_13/candidate_02_frame_001182_right/reference_frame_original.png,/Users/huhu/Documents/Code/bishe/vrb/vrbreproduction/outputs/e11/experiments/E11/pipeline_outputs/subaction_13_P01_109_13/candidate_02_frame_001182_right/reference_frame_dehanded.png,/Users/huhu/Documents/Code/bishe/vrb/vrbreproduction/outputs/e11/experiments/E11/pipeline_outputs/subaction_13_P01_109_13/candidate_02_frame_001182_right/hand_mask.png,1.0,False
13,P01_109_13,put beer into drawer,put-into,beer,1201.0,left,new_contact_episode,1199.0,2.0,contact_part_local_affine,contact_part_local_affine,grabcut_fallback,bbox_fallback,cotracker,ready,,panel_edge_or_handle,3052,0.4289529163738581,2186.0,0.1984386347131445,True,5,0.0,contact_part_mask,26,0,True,1.0,36,36,36,1.0,0.7296909689903259,5,0.0,0.4161993224435197,,,,,,,6.40358177093029,39,5,0.0,isotropic_e7,/Users/huhu/Documents/Code/bishe/vrb/vrbreproduction/outputs/e11/experiments/E11/pipeline_outputs/subaction_13_P01_109_13/candidate_03_frame_001201_left,/Users/huhu/Documents/Code/bishe/vrb/vrbreproduction/outputs/e11/experiments/E11/pipeline_outputs/subaction_13_P01_109_13/candidate_03_frame_001201_left/reference_frame_dehanded.png,/Users/huhu/Documents/Code/bishe/vrb/vrbreproduction/outputs/e11/experiments/E11/pipeline_outputs/subaction_13_P01_109_13/candidate_03_frame_001201_left/label_heatmap_merged_overlay.png,/Users/huhu/Documents/Code/bishe/vrb/vrbreproduction/outputs/e11/experiments/E11/pipeline_outputs/subaction_13_P01_109_13/candidate_03_frame_001201_left/vrb_style_affordance.png,/Users/huhu/Documents/Code/bishe/vrb/vrbreproduction/outputs/e11/experiments/E11/pipeline_outputs/subaction_13_P01_109_13/candidate_03_frame_001201_left/mask_projection_overlay.png,E11,local_clean,0.1206140350877193,0.0,0.0,0.0,opencv_telea,success,,/Users/huhu/Documents/Code/bishe/vrb/vrbreproduction/outputs/e11/experiments/E11/pipeline_outputs/subaction_13_P01_109_13/candidate_03_frame_001201_left/reference_frame_original.png,/Users/huhu/Documents/Code/bishe/vrb/vrbreproduction/outputs/e11/experiments/E11/pipeline_outputs/subaction_13_P01_109_13/candidate_03_frame_001201_left/reference_frame_dehanded.png,/Users/huhu/Documents/Code/bishe/vrb/vrbreproduction/outputs/e11/experiments/E11/pipeline_outputs/subaction_13_P01_109_13/candidate_03_frame_001201_left/hand_mask.png,1.0,True
13,P01_109_13,put beer into drawer,put-into,beer,1259.0,right,new_contact_episode,1257.0,2.0,contact_part_local_affine,contact_part_local_affine,grabcut_fallback,bbox_fallback,cotracker,ready,,panel_edge_or_handle,3271,0.5000764409111756,3726.0,0.3866749688667497,True,5,0.0,contact_part_mask,26,0,True,1.0,36,35,35,1.0,0.5029159188270569,5,0.0,0.4161993224435197,,,,,,,6.4729125224351876,139,5,0.0,isotropic_e7,/Users/huhu/Documents/Code/bishe/vrb/vrbreproduction/outputs/e11/experiments/E11/pipeline_outputs/subaction_13_P01_109_13/candidate_10_frame_001259_right,/Users/huhu/Documents/Code/bishe/vrb/vrbreproduction/outputs/e11/experiments/E11/pipeline_outputs/subaction_13_P01_109_13/candidate_10_frame_001259_right/reference_frame_dehanded.png,/Users/huhu/Documents/Code/bishe/vrb/vrbreproduction/outputs/e11/experiments/E11/pipeline_outputs/subaction_13_P01_109_13/candidate_10_frame_001259_right/label_heatmap_merged_overlay.png,/Users/huhu/Documents/Code/bishe/vrb/vrbreproduction/outputs/e11/experiments/E11/pipeline_outputs/subaction_13_P01_109_13/candidate_10_frame_001259_right/vrb_style_affordance.png,/Users/huhu/Documents/Code/bishe/vrb/vrbreproduction/outputs/e11/experiments/E11/pipeline_outputs/subaction_13_P01_109_13/candidate_10_frame_001259_right/mask_projection_overlay.png,E11,local_clean,0.0828793174342105,0.0,0.0,0.0,opencv_telea,success,,/Users/huhu/Documents/Code/bishe/vrb/vrbreproduction/outputs/e11/experiments/E11/pipeline_outputs/subaction_13_P01_109_13/candidate_10_frame_001259_right/reference_frame_original.png,/Users/huhu/Documents/Code/bishe/vrb/vrbreproduction/outputs/e11/experiments/E11/pipeline_outputs/subaction_13_P01_109_13/candidate_10_frame_001259_right/reference_frame_dehanded.png,/Users/huhu/Documents/Code/bishe/vrb/vrbreproduction/outputs/e11/experiments/E11/pipeline_outputs/subaction_13_P01_109_13/candidate_10_frame_001259_right/hand_mask.png,1.0,True
14,P01_109_14,put beer into drawer,put-into,beer,1259.0,right,new_contact_episode,1257.0,2.0,contact_part_local_affine,contact_part_local_affine,grabcut_fallback,bbox_fallback,cotracker,ready,,panel_edge_or_handle,3271,0.5000764409111756,3726.0,0.3866749688667497,True,5,0.0,contact_part_mask,26,0,True,1.0,36,35,35,1.0,0.5029159188270569,5,0.0,0.4161993224435197,,,,,,,6.4729125224351876,139,5,0.0,isotropic_e7,/Users/huhu/Documents/Code/bishe/vrb/vrbreproduction/outputs/e11/experiments/E11/pipeline_outputs/subaction_14_P01_109_14/candidate_01_frame_001259_right,/Users/huhu/Documents/Code/bishe/vrb/vrbreproduction/outputs/e11/experiments/E11/pipeline_outputs/subaction_14_P01_109_14/candidate_01_frame_001259_right/reference_frame_dehanded.png,/Users/huhu/Documents/Code/bishe/vrb/vrbreproduction/outputs/e11/experiments/E11/pipeline_outputs/subaction_14_P01_109_14/candidate_01_frame_001259_right/label_heatmap_merged_overlay.png,/Users/huhu/Documents/Code/bishe/vrb/vrbreproduction/outputs/e11/experiments/E11/pipeline_outputs/subaction_14_P01_109_14/candidate_01_frame_001259_right/vrb_style_affordance.png,/Users/huhu/Documents/Code/bishe/vrb/vrbreproduction/outputs/e11/experiments/E11/pipeline_outputs/subaction_14_P01_109_14/candidate_01_frame_001259_right/mask_projection_overlay.png,E11,local_clean,0.0828793174342105,0.0,0.0,0.0,opencv_telea,success,,/Users/huhu/Documents/Code/bishe/vrb/vrbreproduction/outputs/e11/experiments/E11/pipeline_outputs/subaction_14_P01_109_14/candidate_01_frame_001259_right/reference_frame_original.png,/Users/huhu/Documents/Code/bishe/vrb/vrbreproduction/outputs/e11/experiments/E11/pipeline_outputs/subaction_14_P01_109_14/candidate_01_frame_001259_right/reference_frame_dehanded.png,/Users/huhu/Documents/Code/bishe/vrb/vrbreproduction/outputs/e11/experiments/E11/pipeline_outputs/subaction_14_P01_109_14/candidate_01_frame_001259_right/hand_mask.png,1.0,True
14,P01_109_14,put beer into drawer,put-into,beer,1261.0,left,new_contact_episode,1259.0,2.0,contact_part_local_affine,contact_part_local_affine,grabcut_fallback,bbox_fallback,cotracker,ready,,panel_edge_or_handle,1467,0.3296629213483146,2026.0,0.2631168831168831,True,5,0.0,contact_part_mask,26,0,True,1.0,36,34,34,1.0,0.2117129415273666,5,0.0,0.4161993224435197,,,,,,,6.210148611754179,30,5,0.16,isotropic_e7,/Users/huhu/Documents/Code/bishe/vrb/vrbreproduction/outputs/e11/experiments/E11/pipeline_outputs/subaction_14_P01_109_14/candidate_04_frame_001261_left,/Users/huhu/Documents/Code/bishe/vrb/vrbreproduction/outputs/e11/experiments/E11/pipeline_outputs/subaction_14_P01_109_14/candidate_04_frame_001261_left/reference_frame_dehanded.png,/Users/huhu/Documents/Code/bishe/vrb/vrbreproduction/outputs/e11/experiments/E11/pipeline_outputs/subaction_14_P01_109_14/candidate_04_frame_001261_left/label_heatmap_merged_overlay.png,/Users/huhu/Documents/Code/bishe/vrb/vrbreproduction/outputs/e11/experiments/E11/pipeline_outputs/subaction_14_P01_109_14/candidate_04_frame_001261_left/vrb_style_affordance.png,/Users/huhu/Documents/Code/bishe/vrb/vrbreproduction/outputs/e11/experiments/E11/pipeline_outputs/subaction_14_P01_109_14/candidate_04_frame_001261_left/mask_projection_overlay.png,E11,inpainted_bbox,0.1445141173245614,0.1885714285714285,0.3136,0.7161895360315893,opencv_telea,success,,/Users/huhu/Documents/Code/bishe/vrb/vrbreproduction/outputs/e11/experiments/E11/pipeline_outputs/subaction_14_P01_109_14/candidate_04_frame_001261_left/reference_frame_original.png,/Users/huhu/Documents/Code/bishe/vrb/vrbreproduction/outputs/e11/experiments/E11/pipeline_outputs/subaction_14_P01_109_14/candidate_04_frame_001261_left/reference_frame_dehanded.png,/Users/huhu/Documents/Code/bishe/vrb/vrbreproduction/outputs/e11/experiments/E11/pipeline_outputs/subaction_14_P01_109_14/candidate_04_frame_001261_left/hand_mask.png,2.0,True
14,P01_109_14,put beer into drawer,put-into,beer,1271.0,right,new_contact_episode,1269.0,2.0,contact_part_local_affine,contact_part_local_affine,grabcut_fallback,bbox_fallback,cotracker,ready,,panel_edge_or_handle,3380,0.7082984073763621,4469.0,0.4956193856049684,True,5,0.0,contact_part_mask,26,0,True,0.9921212121212122,36,33,31,0.9393939393939394,1.4943292140960691,5,0.0,0.4161993224435197,,,,,,,6.374700426607422,172,5,0.0,isotropic_e7,/Users/huhu/Documents/Code/bishe/vrb/vrbreproduction/outputs/e11/experiments/E11/pipeline_outputs/subaction_14_P01_109_14/candidate_09_frame_001271_right,/Users/huhu/Documents/Code/bishe/vrb/vrbreproduction/outputs/e11/experiments/E11/pipeline_outputs/subaction_14_P01_109_14/candidate_09_frame_001271_right/reference_frame_dehanded.png,/Users/huhu/Documents/Code/bishe/vrb/vrbreproduction/outputs/e11/experiments/E11/pipeline_outputs/subaction_14_P01_109_14/candidate_09_frame_001271_right/label_heatmap_merged_overlay.png,/Users/huhu/Documents/Code/bishe/vrb/vrbreproduction/outputs/e11/experiments/E11/pipeline_outputs/subaction_14_P01_109_14/candidate_09_frame_001271_right/vrb_style_affordance.png,/Users/huhu/Documents/Code/bishe/vrb/vrbreproduction/outputs/e11/experiments/E11/pipeline_outputs/subaction_14_P01_109_14/candidate_09_frame_001271_right/mask_projection_overlay.png,E11,local_clean,0.087719298245614,0.0,0.0,0.0,opencv_telea,success,,/Users/huhu/Documents/Code/bishe/vrb/vrbreproduction/outputs/e11/experiments/E11/pipeline_outputs/subaction_14_P01_109_14/candidate_09_frame_001271_right/reference_frame_original.png,/Users/huhu/Documents/Code/bishe/vrb/vrbreproduction/outputs/e11/experiments/E11/pipeline_outputs/subaction_14_P01_109_14/candidate_09_frame_001271_right/reference_frame_dehanded.png,/Users/huhu/Documents/Code/bishe/vrb/vrbreproduction/outputs/e11/experiments/E11/pipeline_outputs/subaction_14_P01_109_14/candidate_09_frame_001271_right/hand_mask.png,1.0,True
15,P01_109_15,put beer into drawer,put-into,beer,1298.0,left,continuation_entry_rescue,1297.0,1.0,contact_part_local_affine,contact_part_local_affine,grabcut_fallback,bbox_fallback,cotracker,ready,,panel_edge_or_handle,3772,0.6412784767086025,4328.0,0.2826541274817137,True,5,0.0,contact_part_mask,26,0,True,1.0,36,36,36,1.0,0.2452692985534668,5,0.0,0.4161993224435197,,,,,,,6.258241921043395,76,5,0.1522666666666666,isotropic_e7,/Users/huhu/Documents/Code/bishe/vrb/vrbreproduction/outputs/e11/experiments/E11/pipeline_outputs/subaction_15_P01_109_15/candidate_03_frame_001298_left,/Users/huhu/Documents/Code/bishe/vrb/vrbreproduction/outputs/e11/experiments/E11/pipeline_outputs/subaction_15_P01_109_15/candidate_03_frame_001298_left/reference_frame_dehanded.png,/Users/huhu/Documents/Code/bishe/vrb/vrbreproduction/outputs/e11/experiments/E11/pipeline_outputs/subaction_15_P01_109_15/candidate_03_frame_001298_left/label_heatmap_merged_overlay.png,/Users/huhu/Documents/Code/bishe/vrb/vrbreproduction/outputs/e11/experiments/E11/pipeline_outputs/subaction_15_P01_109_15/candidate_03_frame_001298_left/vrb_style_affordance.png,/Users/huhu/Documents/Code/bishe/vrb/vrbreproduction/outputs/e11/experiments/E11/pipeline_outputs/subaction_15_P01_109_15/candidate_03_frame_001298_left/mask_projection_overlay.png,E11,inpainted_bbox,0.1884337308114035,0.5062695924764891,0.4491111111111111,0.8119223659889094,opencv_telea,success,,/Users/huhu/Documents/Code/bishe/vrb/vrbreproduction/outputs/e11/experiments/E11/pipeline_outputs/subaction_15_P01_109_15/candidate_03_frame_001298_left/reference_frame_original.png,/Users/huhu/Documents/Code/bishe/vrb/vrbreproduction/outputs/e11/experiments/E11/pipeline_outputs/subaction_15_P01_109_15/candidate_03_frame_001298_left/reference_frame_dehanded.png,/Users/huhu/Documents/Code/bishe/vrb/vrbreproduction/outputs/e11/experiments/E11/pipeline_outputs/subaction_15_P01_109_15/candidate_03_frame_001298_left/hand_mask.png,2.0,False
16,P01_109_16,close drawer,close,drawer,1345.0,left,new_contact_episode,1344.0,1.0,contact_part_local_affine,contact_part_local_affine,grabcut_fallback,bbox_fallback,cotracker,ready,,panel_edge_or_handle,5154,0.2608959757023538,5812.0,0.1415144874604334,True,5,0.0,contact_part_mask,26,0,True,1.0,36,35,35,1.0,0.4288967251777649,5,0.0,0.4161993224435197,,,,,,,6.048533098244666,101,5,0.2884,isotropic_e7,/Users/huhu/Documents/Code/bishe/vrb/vrbreproduction/outputs/e11/experiments/E11/pipeline_outputs/subaction_16_P01_109_16/candidate_00_frame_001345_left,/Users/huhu/Documents/Code/bishe/vrb/vrbreproduction/outputs/e11/experiments/E11/pipeline_outputs/subaction_16_P01_109_16/candidate_00_frame_001345_left/reference_frame_dehanded.png,/Users/huhu/Documents/Code/bishe/vrb/vrbreproduction/outputs/e11/experiments/E11/pipeline_outputs/subaction_16_P01_109_16/candidate_00_frame_001345_left/label_heatmap_merged_overlay.png,/Users/huhu/Documents/Code/bishe/vrb/vrbreproduction/outputs/e11/experiments/E11/pipeline_outputs/subaction_16_P01_109_16/candidate_00_frame_001345_left/vrb_style_affordance.png,/Users/huhu/Documents/Code/bishe/vrb/vrbreproduction/outputs/e11/experiments/E11/pipeline_outputs/subaction_16_P01_109_16/candidate_00_frame_001345_left/mask_projection_overlay.png,E11,inpainted_bbox,0.1680972450657894,0.2919649379108838,0.6573777777777777,0.8804198210598762,opencv_telea,success,,/Users/huhu/Documents/Code/bishe/vrb/vrbreproduction/outputs/e11/experiments/E11/pipeline_outputs/subaction_16_P01_109_16/candidate_00_frame_001345_left/reference_frame_original.png,/Users/huhu/Documents/Code/bishe/vrb/vrbreproduction/outputs/e11/experiments/E11/pipeline_outputs/subaction_16_P01_109_16/candidate_00_frame_001345_left/reference_frame_dehanded.png,/Users/huhu/Documents/Code/bishe/vrb/vrbreproduction/outputs/e11/experiments/E11/pipeline_outputs/subaction_16_P01_109_16/candidate_00_frame_001345_left/hand_mask.png,2.0,True
16,P01_109_16,close drawer,close,drawer,1353.0,right,new_contact_episode,1352.0,1.0,contact_part_local_affine,contact_part_local_affine,grabcut_fallback,bbox_fallback,cotracker,ready,,panel_edge_or_handle,4568,0.211041811041811,5090.0,0.1819676819676819,True,5,0.0,contact_part_mask,26,0,True,1.0,36,36,36,1.0,0.2977336943149566,5,0.0,0.4161993224435197,,,,,,,6.04706798917055,167,5,0.292,isotropic_e7,/Users/huhu/Documents/Code/bishe/vrb/vrbreproduction/outputs/e11/experiments/E11/pipeline_outputs/subaction_16_P01_109_16/candidate_06_frame_001353_right,/Users/huhu/Documents/Code/bishe/vrb/vrbreproduction/outputs/e11/experiments/E11/pipeline_outputs/subaction_16_P01_109_16/candidate_06_frame_001353_right/reference_frame_dehanded.png,/Users/huhu/Documents/Code/bishe/vrb/vrbreproduction/outputs/e11/experiments/E11/pipeline_outputs/subaction_16_P01_109_16/candidate_06_frame_001353_right/label_heatmap_merged_overlay.png,/Users/huhu/Documents/Code/bishe/vrb/vrbreproduction/outputs/e11/experiments/E11/pipeline_outputs/subaction_16_P01_109_16/candidate_06_frame_001353_right/vrb_style_affordance.png,/Users/huhu/Documents/Code/bishe/vrb/vrbreproduction/outputs/e11/experiments/E11/pipeline_outputs/subaction_16_P01_109_16/candidate_06_frame_001353_right/mask_projection_overlay.png,E11,inpainted_bbox,0.1599677905701754,0.4451594451594451,0.6738222222222222,0.9225933202357564,opencv_telea,success,,/Users/huhu/Documents/Code/bishe/vrb/vrbreproduction/outputs/e11/experiments/E11/pipeline_outputs/subaction_16_P01_109_16/candidate_06_frame_001353_right/reference_frame_original.png,/Users/huhu/Documents/Code/bishe/vrb/vrbreproduction/outputs/e11/experiments/E11/pipeline_outputs/subaction_16_P01_109_16/candidate_06_frame_001353_right/reference_frame_dehanded.png,/Users/huhu/Documents/Code/bishe/vrb/vrbreproduction/outputs/e11/experiments/E11/pipeline_outputs/subaction_16_P01_109_16/candidate_06_frame_001353_right/hand_mask.png,2.0,True
16,P01_109_16,close drawer,close,drawer,1357.0,right,new_contact_episode,1356.0,1.0,contact_part_local_affine,contact_part_local_affine,grabcut_fallback,bbox_fallback,cotracker,ready,,panel_edge_or_handle,8451,0.292199709563654,6924.0,0.2699415204678362,True,5,0.0,contact_part_mask,26,0,True,1.0,36,36,36,1.0,0.6292157769203186,5,0.0,0.4161993224435197,,,,,,,6.012123526692389,156,5,0.3086666666666666,isotropic_e7,/Users/huhu/Documents/Code/bishe/vrb/vrbreproduction/outputs/e11/experiments/E11/pipeline_outputs/subaction_16_P01_109_16/candidate_10_frame_001357_right,/Users/huhu/Documents/Code/bishe/vrb/vrbreproduction/outputs/e11/experiments/E11/pipeline_outputs/subaction_16_P01_109_16/candidate_10_frame_001357_right/reference_frame_dehanded.png,/Users/huhu/Documents/Code/bishe/vrb/vrbreproduction/outputs/e11/experiments/E11/pipeline_outputs/subaction_16_P01_109_16/candidate_10_frame_001357_right/label_heatmap_merged_overlay.png,/Users/huhu/Documents/Code/bishe/vrb/vrbreproduction/outputs/e11/experiments/E11/pipeline_outputs/subaction_16_P01_109_16/candidate_10_frame_001357_right/vrb_style_affordance.png,/Users/huhu/Documents/Code/bishe/vrb/vrbreproduction/outputs/e11/experiments/E11/pipeline_outputs/subaction_16_P01_109_16/candidate_10_frame_001357_right/mask_projection_overlay.png,E11,inpainted_bbox,0.1607644599780701,0.5652631578947368,0.6928444444444445,0.8958694396302715,opencv_telea,success,,/Users/huhu/Documents/Code/bishe/vrb/vrbreproduction/outputs/e11/experiments/E11/pipeline_outputs/subaction_16_P01_109_16/candidate_10_frame_001357_right/reference_frame_original.png,/Users/huhu/Documents/Code/bishe/vrb/vrbreproduction/outputs/e11/experiments/E11/pipeline_outputs/subaction_16_P01_109_16/candidate_10_frame_001357_right/reference_frame_dehanded.png,/Users/huhu/Documents/Code/bishe/vrb/vrbreproduction/outputs/e11/experiments/E11/pipeline_outputs/subaction_16_P01_109_16/candidate_10_frame_001357_right/hand_mask.png,2.0,True
17,P01_109_17,close freezer,close,freezer,1422.0,left,new_contact_episode,1421.0,1.0,contact_part_local_affine,contact_part_local_affine,grabcut_fallback,bbox_fallback,cotracker,ready,,panel_edge_or_handle,3457,0.1316902213249019,3759.0,0.085587431693989,True,5,0.0,contact_part_mask,26,0,True,1.0,36,36,36,1.0,1.005804419517517,5,0.0,0.442136579278882,,,,,,,6.2988258674144735,121,5,0.11,isotropic_e7,/Users/huhu/Documents/Code/bishe/vrb/vrbreproduction/outputs/e11/experiments/E11/pipeline_outputs/subaction_17_P01_109_17/candidate_00_frame_001422_left,/Users/huhu/Documents/Code/bishe/vrb/vrbreproduction/outputs/e11/experiments/E11/pipeline_outputs/subaction_17_P01_109_17/candidate_00_frame_001422_left/reference_frame_dehanded.png,/Users/huhu/Documents/Code/bishe/vrb/vrbreproduction/outputs/e11/experiments/E11/pipeline_outputs/subaction_17_P01_109_17/candidate_00_frame_001422_left/label_heatmap_merged_overlay.png,/Users/huhu/Documents/Code/bishe/vrb/vrbreproduction/outputs/e11/experiments/E11/pipeline_outputs/subaction_17_P01_109_17/candidate_00_frame_001422_left/vrb_style_affordance.png,/Users/huhu/Documents/Code/bishe/vrb/vrbreproduction/outputs/e11/experiments/E11/pipeline_outputs/subaction_17_P01_109_17/candidate_00_frame_001422_left/mask_projection_overlay.png,E11,inpainted_bbox,0.0494106359649122,0.0952868852459016,0.2563555555555555,0.8840117052407556,opencv_telea,success,,/Users/huhu/Documents/Code/bishe/vrb/vrbreproduction/outputs/e11/experiments/E11/pipeline_outputs/subaction_17_P01_109_17/candidate_00_frame_001422_left/reference_frame_original.png,/Users/huhu/Documents/Code/bishe/vrb/vrbreproduction/outputs/e11/experiments/E11/pipeline_outputs/subaction_17_P01_109_17/candidate_00_frame_001422_left/reference_frame_dehanded.png,/Users/huhu/Documents/Code/bishe/vrb/vrbreproduction/outputs/e11/experiments/E11/pipeline_outputs/subaction_17_P01_109_17/candidate_00_frame_001422_left/hand_mask.png,1.0,True
17,P01_109_17,close freezer,close,freezer,1424.0,left,new_contact_episode,1421.0,3.0,contact_part_local_affine,contact_part_local_affine,grabcut_fallback,bbox_fallback,cotracker,ready,,panel_edge_or_handle,4456,0.188048615800135,4395.0,0.1006273468266324,True,5,0.0,contact_part_mask,26,0,True,0.9464705882352942,36,34,20,0.5882352941176471,1.948478937149048,5,0.0,0.442136579278882,,,,,,,6.0073691612972935,105,5,0.11,isotropic_e7,/Users/huhu/Documents/Code/bishe/vrb/vrbreproduction/outputs/e11/experiments/E11/pipeline_outputs/subaction_17_P01_109_17/candidate_02_frame_001424_left,/Users/huhu/Documents/Code/bishe/vrb/vrbreproduction/outputs/e11/experiments/E11/pipeline_outputs/subaction_17_P01_109_17/candidate_02_frame_001424_left/reference_frame_dehanded.png,/Users/huhu/Documents/Code/bishe/vrb/vrbreproduction/outputs/e11/experiments/E11/pipeline_outputs/subaction_17_P01_109_17/candidate_02_frame_001424_left/label_heatmap_merged_overlay.png,/Users/huhu/Documents/Code/bishe/vrb/vrbreproduction/outputs/e11/experiments/E11/pipeline_outputs/subaction_17_P01_109_17/candidate_02_frame_001424_left/vrb_style_affordance.png,/Users/huhu/Documents/Code/bishe/vrb/vrbreproduction/outputs/e11/experiments/E11/pipeline_outputs/subaction_17_P01_109_17/candidate_02_frame_001424_left/mask_projection_overlay.png,E11,inpainted_bbox,0.0494106359649122,0.0905760600787617,0.2563555555555555,0.8402730375426621,opencv_telea,success,,/Users/huhu/Documents/Code/bishe/vrb/vrbreproduction/outputs/e11/experiments/E11/pipeline_outputs/subaction_17_P01_109_17/candidate_02_frame_001424_left/reference_frame_original.png,/Users/huhu/Documents/Code/bishe/vrb/vrbreproduction/outputs/e11/experiments/E11/pipeline_outputs/subaction_17_P01_109_17/candidate_02_frame_001424_left/reference_frame_dehanded.png,/Users/huhu/Documents/Code/bishe/vrb/vrbreproduction/outputs/e11/experiments/E11/pipeline_outputs/subaction_17_P01_109_17/candidate_02_frame_001424_left/hand_mask.png,1.0,True
18,P01_109_18,pick up rucksack,pick-up,rucksack,1496.0,right,new_contact_episode,1495.0,1.0,contact_part_local_affine,contact_part_local_affine,grabcut_fallback,bbox_fallback,cotracker,ready,,contact_local_boundary,11310,0.4794201178415497,12356.0,0.4464517993929758,True,5,0.0,contact_part_mask,26,0,False,1.0,36,36,36,1.0,0.5470360517501831,5,0.0,0.442136579278882,,,,,,,6.322922251780827,252,5,0.1031111111111111,isotropic_e7,/Users/huhu/Documents/Code/bishe/vrb/vrbreproduction/outputs/e11/experiments/E11/pipeline_outputs/subaction_18_P01_109_18/candidate_00_frame_001496_right,/Users/huhu/Documents/Code/bishe/vrb/vrbreproduction/outputs/e11/experiments/E11/pipeline_outputs/subaction_18_P01_109_18/candidate_00_frame_001496_right/reference_frame_dehanded.png,/Users/huhu/Documents/Code/bishe/vrb/vrbreproduction/outputs/e11/experiments/E11/pipeline_outputs/subaction_18_P01_109_18/candidate_00_frame_001496_right/label_heatmap_merged_overlay.png,/Users/huhu/Documents/Code/bishe/vrb/vrbreproduction/outputs/e11/experiments/E11/pipeline_outputs/subaction_18_P01_109_18/candidate_00_frame_001496_right/vrb_style_affordance.png,/Users/huhu/Documents/Code/bishe/vrb/vrbreproduction/outputs/e11/experiments/E11/pipeline_outputs/subaction_18_P01_109_18/candidate_00_frame_001496_right/mask_projection_overlay.png,E11,inpainted_bbox,0.0766173245614035,0.2113022113022113,0.3975111111111111,0.3637908708319844,opencv_telea,success,,/Users/huhu/Documents/Code/bishe/vrb/vrbreproduction/outputs/e11/experiments/E11/pipeline_outputs/subaction_18_P01_109_18/candidate_00_frame_001496_right/reference_frame_original.png,/Users/huhu/Documents/Code/bishe/vrb/vrbreproduction/outputs/e11/experiments/E11/pipeline_outputs/subaction_18_P01_109_18/candidate_00_frame_001496_right/reference_frame_dehanded.png,/Users/huhu/Documents/Code/bishe/vrb/vrbreproduction/outputs/e11/experiments/E11/pipeline_outputs/subaction_18_P01_109_18/candidate_00_frame_001496_right/hand_mask.png,1.0,True
18,P01_109_18,pick up rucksack,pick-up,rucksack,1518.0,right,new_contact_episode,1517.0,1.0,contact_part_local_affine,contact_part_local_affine,grabcut_fallback,bbox_fallback,cotracker,ready,,contact_local_boundary,8453,0.6600296712735223,9277.0,0.5649129216904153,True,5,0.0,contact_part_mask,26,0,False,0.9891666666666667,36,36,33,0.9166666666666666,0.665481686592102,5,0.0,0.5142734949771753,,,,,,,6.276002216068903,142,5,0.0981333333333333,isotropic_e7,/Users/huhu/Documents/Code/bishe/vrb/vrbreproduction/outputs/e11/experiments/E11/pipeline_outputs/subaction_18_P01_109_18/candidate_03_frame_001518_right,/Users/huhu/Documents/Code/bishe/vrb/vrbreproduction/outputs/e11/experiments/E11/pipeline_outputs/subaction_18_P01_109_18/candidate_03_frame_001518_right/reference_frame_dehanded.png,/Users/huhu/Documents/Code/bishe/vrb/vrbreproduction/outputs/e11/experiments/E11/pipeline_outputs/subaction_18_P01_109_18/candidate_03_frame_001518_right/label_heatmap_merged_overlay.png,/Users/huhu/Documents/Code/bishe/vrb/vrbreproduction/outputs/e11/experiments/E11/pipeline_outputs/subaction_18_P01_109_18/candidate_03_frame_001518_right/vrb_style_affordance.png,/Users/huhu/Documents/Code/bishe/vrb/vrbreproduction/outputs/e11/experiments/E11/pipeline_outputs/subaction_18_P01_109_18/candidate_03_frame_001518_right/mask_projection_overlay.png,E11,inpainted_bbox,0.0740816885964912,0.3143344294239435,0.3843555555555555,0.4793575509324135,opencv_telea,success,,/Users/huhu/Documents/Code/bishe/vrb/vrbreproduction/outputs/e11/experiments/E11/pipeline_outputs/subaction_18_P01_109_18/candidate_03_frame_001518_right/reference_frame_original.png,/Users/huhu/Documents/Code/bishe/vrb/vrbreproduction/outputs/e11/experiments/E11/pipeline_outputs/subaction_18_P01_109_18/candidate_03_frame_001518_right/reference_frame_dehanded.png,/Users/huhu/Documents/Code/bishe/vrb/vrbreproduction/outputs/e11/experiments/E11/pipeline_outputs/subaction_18_P01_109_18/candidate_03_frame_001518_right/hand_mask.png,1.0,True
18,P01_109_18,pick up rucksack,pick-up,rucksack,1523.0,right,new_contact_episode,1522.0,1.0,contact_part_local_affine,contact_part_local_affine,grabcut_fallback,bbox_fallback,cotracker,ready,,contact_local_boundary,6957,0.8407250755287009,7734.0,0.7369925671812464,True,5,0.0,contact_part_mask,26,0,False,0.9855555555555556,36,36,32,0.8888888888888888,1.107549786567688,5,0.0,0.5142734949771753,,,,,,,6.278595728625191,138,5,0.0762666666666666,isotropic_e7,/Users/huhu/Documents/Code/bishe/vrb/vrbreproduction/outputs/e11/experiments/E11/pipeline_outputs/subaction_18_P01_109_18/candidate_05_frame_001523_right,/Users/huhu/Documents/Code/bishe/vrb/vrbreproduction/outputs/e11/experiments/E11/pipeline_outputs/subaction_18_P01_109_18/candidate_05_frame_001523_right/reference_frame_dehanded.png,/Users/huhu/Documents/Code/bishe/vrb/vrbreproduction/outputs/e11/experiments/E11/pipeline_outputs/subaction_18_P01_109_18/candidate_05_frame_001523_right/label_heatmap_merged_overlay.png,/Users/huhu/Documents/Code/bishe/vrb/vrbreproduction/outputs/e11/experiments/E11/pipeline_outputs/subaction_18_P01_109_18/candidate_05_frame_001523_right/vrb_style_affordance.png,/Users/huhu/Documents/Code/bishe/vrb/vrbreproduction/outputs/e11/experiments/E11/pipeline_outputs/subaction_18_P01_109_18/candidate_05_frame_001523_right/mask_projection_overlay.png,E11,inpainted_bbox,0.0655324835526315,0.4616923956546598,0.34,0.5673648823377295,opencv_telea,success,,/Users/huhu/Documents/Code/bishe/vrb/vrbreproduction/outputs/e11/experiments/E11/pipeline_outputs/subaction_18_P01_109_18/candidate_05_frame_001523_right/reference_frame_original.png,/Users/huhu/Documents/Code/bishe/vrb/vrbreproduction/outputs/e11/experiments/E11/pipeline_outputs/subaction_18_P01_109_18/candidate_05_frame_001523_right/reference_frame_dehanded.png,/Users/huhu/Documents/Code/bishe/vrb/vrbreproduction/outputs/e11/experiments/E11/pipeline_outputs/subaction_18_P01_109_18/candidate_05_frame_001523_right/hand_mask.png,1.0,True
20,P01_109_20,close door,close,door,1827.0,left,new_contact_episode,1826.0,1.0,contact_part_local_affine,contact_part_local_affine,grabcut_fallback,bbox_fallback,cotracker,ready,,panel_edge_or_handle,4045,0.1768383317303488,5972.0,0.1744872319289429,True,5,0.0,contact_part_mask,26,0,True,1.0,36,35,35,1.0,0.974711775779724,5,0.0,0.1839207374730339,,,,,,,6.327558646726607,296,5,0.0914666666666666,isotropic_e7,/Users/huhu/Documents/Code/bishe/vrb/vrbreproduction/outputs/e11/experiments/E11/pipeline_outputs/subaction_20_P01_109_20/candidate_00_frame_001827_left,/Users/huhu/Documents/Code/bishe/vrb/vrbreproduction/outputs/e11/experiments/E11/pipeline_outputs/subaction_20_P01_109_20/candidate_00_frame_001827_left/reference_frame_dehanded.png,/Users/huhu/Documents/Code/bishe/vrb/vrbreproduction/outputs/e11/experiments/E11/pipeline_outputs/subaction_20_P01_109_20/candidate_00_frame_001827_left/label_heatmap_merged_overlay.png,/Users/huhu/Documents/Code/bishe/vrb/vrbreproduction/outputs/e11/experiments/E11/pipeline_outputs/subaction_20_P01_109_20/candidate_00_frame_001827_left/vrb_style_affordance.png,/Users/huhu/Documents/Code/bishe/vrb/vrbreproduction/outputs/e11/experiments/E11/pipeline_outputs/subaction_20_P01_109_20/candidate_00_frame_001827_left/mask_projection_overlay.png,E11,inpainted_bbox,0.0716145833333333,0.208175071583007,0.3715555555555555,0.9348626925653049,opencv_telea,success,,/Users/huhu/Documents/Code/bishe/vrb/vrbreproduction/outputs/e11/experiments/E11/pipeline_outputs/subaction_20_P01_109_20/candidate_00_frame_001827_left/reference_frame_original.png,/Users/huhu/Documents/Code/bishe/vrb/vrbreproduction/outputs/e11/experiments/E11/pipeline_outputs/subaction_20_P01_109_20/candidate_00_frame_001827_left/reference_frame_dehanded.png,/Users/huhu/Documents/Code/bishe/vrb/vrbreproduction/outputs/e11/experiments/E11/pipeline_outputs/subaction_20_P01_109_20/candidate_00_frame_001827_left/hand_mask.png,1.0,True
20,P01_109_20,close door,close,door,1861.0,right,new_contact_episode,1860.0,1.0,contact_part_local_affine,contact_part_local_affine,grabcut_fallback,bbox_fallback,cotracker,ready,,panel_edge_or_handle,513,1.0,580.0,1.0,True,5,0.0,contact_part_mask,26,0,True,1.0,36,36,36,1.0,0.1989229619503021,5,0.0,0.1867215608863288,,,,,,,6.300965644474823,103,5,0.1247111111111111,isotropic_e7,/Users/huhu/Documents/Code/bishe/vrb/vrbreproduction/outputs/e11/experiments/E11/pipeline_outputs/subaction_20_P01_109_20/candidate_08_frame_001861_right,/Users/huhu/Documents/Code/bishe/vrb/vrbreproduction/outputs/e11/experiments/E11/pipeline_outputs/subaction_20_P01_109_20/candidate_08_frame_001861_right/reference_frame_dehanded.png,/Users/huhu/Documents/Code/bishe/vrb/vrbreproduction/outputs/e11/experiments/E11/pipeline_outputs/subaction_20_P01_109_20/candidate_08_frame_001861_right/label_heatmap_merged_overlay.png,/Users/huhu/Documents/Code/bishe/vrb/vrbreproduction/outputs/e11/experiments/E11/pipeline_outputs/subaction_20_P01_109_20/candidate_08_frame_001861_right/vrb_style_affordance.png,/Users/huhu/Documents/Code/bishe/vrb/vrbreproduction/outputs/e11/experiments/E11/pipeline_outputs/subaction_20_P01_109_20/candidate_08_frame_001861_right/mask_projection_overlay.png,E11,inpainted_bbox,0.0819627192982456,1.0,0.4252444444444444,1.0,opencv_telea,success,,/Users/huhu/Documents/Code/bishe/vrb/vrbreproduction/outputs/e11/experiments/E11/pipeline_outputs/subaction_20_P01_109_20/candidate_08_frame_001861_right/reference_frame_original.png,/Users/huhu/Documents/Code/bishe/vrb/vrbreproduction/outputs/e11/experiments/E11/pipeline_outputs/subaction_20_P01_109_20/candidate_08_frame_001861_right/reference_frame_dehanded.png,/Users/huhu/Documents/Code/bishe/vrb/vrbreproduction/outputs/e11/experiments/E11/pipeline_outputs/subaction_20_P01_109_20/candidate_08_frame_001861_right/hand_mask.png,1.0,True
20,P01_109_20,close door,close,door,1906.0,right,new_contact_episode,1905.0,1.0,contact_part_local_affine,contact_part_local_affine,grabcut_fallback,bbox_fallback,cotracker,ready,,panel_edge_or_handle,2797,0.1910388634656102,4767.0,0.2858427774779636,True,5,0.0,contact_part_mask,26,0,True,1.0,36,36,36,1.0,0.2394424229860305,5,0.0,0.2235453229548993,,,,,,,6.3396167273104185,52,5,0.0981333333333333,isotropic_e7,/Users/huhu/Documents/Code/bishe/vrb/vrbreproduction/outputs/e11/experiments/E11/pipeline_outputs/subaction_20_P01_109_20/candidate_11_frame_001906_right,/Users/huhu/Documents/Code/bishe/vrb/vrbreproduction/outputs/e11/experiments/E11/pipeline_outputs/subaction_20_P01_109_20/candidate_11_frame_001906_right/reference_frame_dehanded.png,/Users/huhu/Documents/Code/bishe/vrb/vrbreproduction/outputs/e11/experiments/E11/pipeline_outputs/subaction_20_P01_109_20/candidate_11_frame_001906_right/label_heatmap_merged_overlay.png,/Users/huhu/Documents/Code/bishe/vrb/vrbreproduction/outputs/e11/experiments/E11/pipeline_outputs/subaction_20_P01_109_20/candidate_11_frame_001906_right/vrb_style_affordance.png,/Users/huhu/Documents/Code/bishe/vrb/vrbreproduction/outputs/e11/experiments/E11/pipeline_outputs/subaction_20_P01_109_20/candidate_11_frame_001906_right/mask_projection_overlay.png,E11,inpainted_bbox,0.0620031524122807,0.2050728548300054,0.3216888888888889,0.6744283616530312,opencv_telea,success,,/Users/huhu/Documents/Code/bishe/vrb/vrbreproduction/outputs/e11/experiments/E11/pipeline_outputs/subaction_20_P01_109_20/candidate_11_frame_001906_right/reference_frame_original.png,/Users/huhu/Documents/Code/bishe/vrb/vrbreproduction/outputs/e11/experiments/E11/pipeline_outputs/subaction_20_P01_109_20/candidate_11_frame_001906_right/reference_frame_dehanded.png,/Users/huhu/Documents/Code/bishe/vrb/vrbreproduction/outputs/e11/experiments/E11/pipeline_outputs/subaction_20_P01_109_20/candidate_11_frame_001906_right/hand_mask.png,1.0,True
23,P01_109_23,pick up spoon,pick-up,spoon,2215.0,right,new_contact_episode,2204.0,11.0,contact_part_local_affine,contact_part_local_affine,grabcut_fallback,bbox_fallback,cotracker,ready,,contact_local_boundary,1342,1.0,3900.0,0.8436080467229072,True,5,0.0,contact_part_mask,26,0,False,1.0,36,36,36,1.0,0.2849793434143066,5,0.0,0.2230009255272845,,,,,,,6.209421139281179,125,5,0.0,isotropic_e7,/Users/huhu/Documents/Code/bishe/vrb/vrbreproduction/outputs/e11/experiments/E11/pipeline_outputs/subaction_23_P01_109_23/candidate_02_frame_002215_right,/Users/huhu/Documents/Code/bishe/vrb/vrbreproduction/outputs/e11/experiments/E11/pipeline_outputs/subaction_23_P01_109_23/candidate_02_frame_002215_right/reference_frame_dehanded.png,/Users/huhu/Documents/Code/bishe/vrb/vrbreproduction/outputs/e11/experiments/E11/pipeline_outputs/subaction_23_P01_109_23/candidate_02_frame_002215_right/label_heatmap_merged_overlay.png,/Users/huhu/Documents/Code/bishe/vrb/vrbreproduction/outputs/e11/experiments/E11/pipeline_outputs/subaction_23_P01_109_23/candidate_02_frame_002215_right/vrb_style_affordance.png,/Users/huhu/Documents/Code/bishe/vrb/vrbreproduction/outputs/e11/experiments/E11/pipeline_outputs/subaction_23_P01_109_23/candidate_02_frame_002215_right/mask_projection_overlay.png,E11,strict_no_hand,0.0,0.0,0.0,0.0,none,not_needed,,/Users/huhu/Documents/Code/bishe/vrb/vrbreproduction/outputs/e11/experiments/E11/pipeline_outputs/subaction_23_P01_109_23/candidate_02_frame_002215_right/reference_frame_original.png,/Users/huhu/Documents/Code/bishe/vrb/vrbreproduction/outputs/e11/experiments/E11/pipeline_outputs/subaction_23_P01_109_23/candidate_02_frame_002215_right/reference_frame_dehanded.png,/Users/huhu/Documents/Code/bishe/vrb/vrbreproduction/outputs/e11/experiments/E11/pipeline_outputs/subaction_23_P01_109_23/candidate_02_frame_002215_right/hand_mask.png,0.0,True
27,P01_109_27,pour hand wash,pour,wash:hand,2468.0,right,new_contact_episode,2467.0,1.0,contact_part_local_affine,contact_part_local_affine,grabcut_fallback,bbox_fallback,cotracker,ready,,contact_local_boundary,1598,1.0,1764.0,1.0,True,5,0.0,contact_part_mask,26,0,False,1.0,36,36,36,1.0,0.2855739593505859,5,0.0,0.2178205792357617,,,,,,,6.319532781219482,19,5,0.0896,isotropic_e7,/Users/huhu/Documents/Code/bishe/vrb/vrbreproduction/outputs/e11/experiments/E11/pipeline_outputs/subaction_27_P01_109_27/candidate_00_frame_002468_right,/Users/huhu/Documents/Code/bishe/vrb/vrbreproduction/outputs/e11/experiments/E11/pipeline_outputs/subaction_27_P01_109_27/candidate_00_frame_002468_right/reference_frame_dehanded.png,/Users/huhu/Documents/Code/bishe/vrb/vrbreproduction/outputs/e11/experiments/E11/pipeline_outputs/subaction_27_P01_109_27/candidate_00_frame_002468_right/label_heatmap_merged_overlay.png,/Users/huhu/Documents/Code/bishe/vrb/vrbreproduction/outputs/e11/experiments/E11/pipeline_outputs/subaction_27_P01_109_27/candidate_00_frame_002468_right/vrb_style_affordance.png,/Users/huhu/Documents/Code/bishe/vrb/vrbreproduction/outputs/e11/experiments/E11/pipeline_outputs/subaction_27_P01_109_27/candidate_00_frame_002468_right/mask_projection_overlay.png,E11,inpainted_bbox,0.070860745614035,0.8775510204081632,0.3676444444444444,0.8775510204081632,opencv_telea,success,,/Users/huhu/Documents/Code/bishe/vrb/vrbreproduction/outputs/e11/experiments/E11/pipeline_outputs/subaction_27_P01_109_27/candidate_00_frame_002468_right/reference_frame_original.png,/Users/huhu/Documents/Code/bishe/vrb/vrbreproduction/outputs/e11/experiments/E11/pipeline_outputs/subaction_27_P01_109_27/candidate_00_frame_002468_right/reference_frame_dehanded.png,/Users/huhu/Documents/Code/bishe/vrb/vrbreproduction/outputs/e11/experiments/E11/pipeline_outputs/subaction_27_P01_109_27/candidate_00_frame_002468_right/hand_mask.png,1.0,True
27,P01_109_27,pour hand wash,pour,wash:hand,2477.0,right,new_contact_episode,2475.0,2.0,contact_part_local_affine,contact_part_local_affine,grabcut_fallback,bbox_fallback,cotracker,ready,,contact_local_boundary,1924,1.0,2583.0,1.0,True,5,0.0,contact_part_mask,26,0,False,1.0,36,36,36,1.0,0.3747677505016327,5,0.0,0.2178205792357617,,,,,,,6.340090300818284,27,5,0.0911111111111111,isotropic_e7,/Users/huhu/Documents/Code/bishe/vrb/vrbreproduction/outputs/e11/experiments/E11/pipeline_outputs/subaction_27_P01_109_27/candidate_04_frame_002477_right,/Users/huhu/Documents/Code/bishe/vrb/vrbreproduction/outputs/e11/experiments/E11/pipeline_outputs/subaction_27_P01_109_27/candidate_04_frame_002477_right/reference_frame_dehanded.png,/Users/huhu/Documents/Code/bishe/vrb/vrbreproduction/outputs/e11/experiments/E11/pipeline_outputs/subaction_27_P01_109_27/candidate_04_frame_002477_right/label_heatmap_merged_overlay.png,/Users/huhu/Documents/Code/bishe/vrb/vrbreproduction/outputs/e11/experiments/E11/pipeline_outputs/subaction_27_P01_109_27/candidate_04_frame_002477_right/vrb_style_affordance.png,/Users/huhu/Documents/Code/bishe/vrb/vrbreproduction/outputs/e11/experiments/E11/pipeline_outputs/subaction_27_P01_109_27/candidate_04_frame_002477_right/mask_projection_overlay.png,E11,inpainted_bbox,0.0715460526315789,0.8888888888888888,0.3712,0.8888888888888888,opencv_telea,success,,/Users/huhu/Documents/Code/bishe/vrb/vrbreproduction/outputs/e11/experiments/E11/pipeline_outputs/subaction_27_P01_109_27/candidate_04_frame_002477_right/reference_frame_original.png,/Users/huhu/Documents/Code/bishe/vrb/vrbreproduction/outputs/e11/experiments/E11/pipeline_outputs/subaction_27_P01_109_27/candidate_04_frame_002477_right/reference_frame_dehanded.png,/Users/huhu/Documents/Code/bishe/vrb/vrbreproduction/outputs/e11/experiments/E11/pipeline_outputs/subaction_27_P01_109_27/candidate_04_frame_002477_right/hand_mask.png,1.0,True
27,P01_109_27,pour hand wash,pour,wash:hand,2484.0,right,new_contact_episode,2483.0,1.0,contact_part_local_affine,contact_part_local_affine,grabcut_fallback,bbox_fallback,cotracker,ready,,contact_local_boundary,2242,0.9614065180102916,2250.0,0.96483704974271,True,5,0.0,contact_part_mask,26,0,False,1.0,36,36,36,1.0,0.2035757899284362,5,0.0,0.2178205792357617,,,,,,,6.321192726302146,69,5,0.0901333333333333,isotropic_e7,/Users/huhu/Documents/Code/bishe/vrb/vrbreproduction/outputs/e11/experiments/E11/pipeline_outputs/subaction_27_P01_109_27/candidate_06_frame_002484_right,/Users/huhu/Documents/Code/bishe/vrb/vrbreproduction/outputs/e11/experiments/E11/pipeline_outputs/subaction_27_P01_109_27/candidate_06_frame_002484_right/reference_frame_dehanded.png,/Users/huhu/Documents/Code/bishe/vrb/vrbreproduction/outputs/e11/experiments/E11/pipeline_outputs/subaction_27_P01_109_27/candidate_06_frame_002484_right/label_heatmap_merged_overlay.png,/Users/huhu/Documents/Code/bishe/vrb/vrbreproduction/outputs/e11/experiments/E11/pipeline_outputs/subaction_27_P01_109_27/candidate_06_frame_002484_right/vrb_style_affordance.png,/Users/huhu/Documents/Code/bishe/vrb/vrbreproduction/outputs/e11/experiments/E11/pipeline_outputs/subaction_27_P01_109_27/candidate_06_frame_002484_right/mask_projection_overlay.png,E11,inpainted_bbox,0.1004831414473684,0.8301886792452831,0.3702222222222222,0.824,opencv_telea,success,,/Users/huhu/Documents/Code/bishe/vrb/vrbreproduction/outputs/e11/experiments/E11/pipeline_outputs/subaction_27_P01_109_27/candidate_06_frame_002484_right/reference_frame_original.png,/Users/huhu/Documents/Code/bishe/vrb/vrbreproduction/outputs/e11/experiments/E11/pipeline_outputs/subaction_27_P01_109_27/candidate_06_frame_002484_right/reference_frame_dehanded.png,/Users/huhu/Documents/Code/bishe/vrb/vrbreproduction/outputs/e11/experiments/E11/pipeline_outputs/subaction_27_P01_109_27/candidate_06_frame_002484_right/hand_mask.png,2.0,True
28,P01_109_28,wash hands,wash,hand,2484.0,right,new_contact_episode,2483.0,1.0,contact_part_local_affine,contact_part_local_affine,grabcut_fallback,bbox_fallback,cotracker,ready,,contact_local_boundary,2242,0.9614065180102916,2250.0,0.96483704974271,True,5,0.0,contact_part_mask,26,0,False,1.0,36,36,36,1.0,0.2035757899284362,5,0.0,0.2178205792357617,,,,,,,6.321192726302146,69,5,0.0901333333333333,isotropic_e7,/Users/huhu/Documents/Code/bishe/vrb/vrbreproduction/outputs/e11/experiments/E11/pipeline_outputs/subaction_28_P01_109_28/candidate_00_frame_002484_right,/Users/huhu/Documents/Code/bishe/vrb/vrbreproduction/outputs/e11/experiments/E11/pipeline_outputs/subaction_28_P01_109_28/candidate_00_frame_002484_right/reference_frame_dehanded.png,/Users/huhu/Documents/Code/bishe/vrb/vrbreproduction/outputs/e11/experiments/E11/pipeline_outputs/subaction_28_P01_109_28/candidate_00_frame_002484_right/label_heatmap_merged_overlay.png,/Users/huhu/Documents/Code/bishe/vrb/vrbreproduction/outputs/e11/experiments/E11/pipeline_outputs/subaction_28_P01_109_28/candidate_00_frame_002484_right/vrb_style_affordance.png,/Users/huhu/Documents/Code/bishe/vrb/vrbreproduction/outputs/e11/experiments/E11/pipeline_outputs/subaction_28_P01_109_28/candidate_00_frame_002484_right/mask_projection_overlay.png,E11,inpainted_bbox,0.1004831414473684,0.8301886792452831,0.3702222222222222,0.824,opencv_telea,success,,/Users/huhu/Documents/Code/bishe/vrb/vrbreproduction/outputs/e11/experiments/E11/pipeline_outputs/subaction_28_P01_109_28/candidate_00_frame_002484_right/reference_frame_original.png,/Users/huhu/Documents/Code/bishe/vrb/vrbreproduction/outputs/e11/experiments/E11/pipeline_outputs/subaction_28_P01_109_28/candidate_00_frame_002484_right/reference_frame_dehanded.png,/Users/huhu/Documents/Code/bishe/vrb/vrbreproduction/outputs/e11/experiments/E11/pipeline_outputs/subaction_28_P01_109_28/candidate_00_frame_002484_right/hand_mask.png,2.0,True
31,P01_109_31,turn off tap,turn-off,tap,2968.0,left,new_contact_episode,2967.0,1.0,contact_part_local_affine,contact_part_local_affine,grabcut_fallback,bbox_fallback,cotracker,ready,,tap_knob_or_spout_edge,22,1.0,4849.0,0.8592947013999646,True,5,0.0,contact_part_mask,22,0,False,1.0,36,36,36,1.0,0.1111640110611915,5,0.0,0.773420926196382,,,,,,,6.368265079668164,21,5,0.0816,isotropic_e7,/Users/huhu/Documents/Code/bishe/vrb/vrbreproduction/outputs/e11/experiments/E11/pipeline_outputs/subaction_31_P01_109_31/candidate_00_frame_002968_left,/Users/huhu/Documents/Code/bishe/vrb/vrbreproduction/outputs/e11/experiments/E11/pipeline_outputs/subaction_31_P01_109_31/candidate_00_frame_002968_left/reference_frame_dehanded.png,/Users/huhu/Documents/Code/bishe/vrb/vrbreproduction/outputs/e11/experiments/E11/pipeline_outputs/subaction_31_P01_109_31/candidate_00_frame_002968_left/label_heatmap_merged_overlay.png,/Users/huhu/Documents/Code/bishe/vrb/vrbreproduction/outputs/e11/experiments/E11/pipeline_outputs/subaction_31_P01_109_31/candidate_00_frame_002968_left/vrb_style_affordance.png,/Users/huhu/Documents/Code/bishe/vrb/vrbreproduction/outputs/e11/experiments/E11/pipeline_outputs/subaction_31_P01_109_31/candidate_00_frame_002968_left/mask_projection_overlay.png,E11,inpainted_bbox,0.1307565789473684,0.4699627857522594,0.3637333333333333,0.4904103938956486,opencv_telea,success,,/Users/huhu/Documents/Code/bishe/vrb/vrbreproduction/outputs/e11/experiments/E11/pipeline_outputs/subaction_31_P01_109_31/candidate_00_frame_002968_left/reference_frame_original.png,/Users/huhu/Documents/Code/bishe/vrb/vrbreproduction/outputs/e11/experiments/E11/pipeline_outputs/subaction_31_P01_109_31/candidate_00_frame_002968_left/reference_frame_dehanded.png,/Users/huhu/Documents/Code/bishe/vrb/vrbreproduction/outputs/e11/experiments/E11/pipeline_outputs/subaction_31_P01_109_31/candidate_00_frame_002968_left/hand_mask.png,2.0,True
31,P01_109_31,turn off tap,turn-off,tap,2978.0,left,new_contact_episode,2977.0,1.0,contact_part_local_affine,contact_part_local_affine,grabcut_fallback,bbox_fallback,cotracker,ready,,tap_knob_or_spout_edge,3431,0.6320928518791452,3533.0,0.6653483992467043,True,5,0.0,contact_part_mask,26,0,False,1.0,36,36,36,1.0,0.4325567483901977,5,0.0,0.7543074510206053,,,,,,,6.368223297548293,19,5,0.0752,isotropic_e7,/Users/huhu/Documents/Code/bishe/vrb/vrbreproduction/outputs/e11/experiments/E11/pipeline_outputs/subaction_31_P01_109_31/candidate_03_frame_002978_left,/Users/huhu/Documents/Code/bishe/vrb/vrbreproduction/outputs/e11/experiments/E11/pipeline_outputs/subaction_31_P01_109_31/candidate_03_frame_002978_left/reference_frame_dehanded.png,/Users/huhu/Documents/Code/bishe/vrb/vrbreproduction/outputs/e11/experiments/E11/pipeline_outputs/subaction_31_P01_109_31/candidate_03_frame_002978_left/label_heatmap_merged_overlay.png,/Users/huhu/Documents/Code/bishe/vrb/vrbreproduction/outputs/e11/experiments/E11/pipeline_outputs/subaction_31_P01_109_31/candidate_03_frame_002978_left/vrb_style_affordance.png,/Users/huhu/Documents/Code/bishe/vrb/vrbreproduction/outputs/e11/experiments/E11/pipeline_outputs/subaction_31_P01_109_31/candidate_03_frame_002978_left/mask_projection_overlay.png,E11,inpainted_bbox,0.1347056606359649,0.6048964218455744,0.3505333333333333,0.5561845457118596,opencv_telea,success,,/Users/huhu/Documents/Code/bishe/vrb/vrbreproduction/outputs/e11/experiments/E11/pipeline_outputs/subaction_31_P01_109_31/candidate_03_frame_002978_left/reference_frame_original.png,/Users/huhu/Documents/Code/bishe/vrb/vrbreproduction/outputs/e11/experiments/E11/pipeline_outputs/subaction_31_P01_109_31/candidate_03_frame_002978_left/reference_frame_dehanded.png,/Users/huhu/Documents/Code/bishe/vrb/vrbreproduction/outputs/e11/experiments/E11/pipeline_outputs/subaction_31_P01_109_31/candidate_03_frame_002978_left/hand_mask.png,2.0,True
31,P01_109_31,turn off tap,turn-off,tap,2980.0,left,new_contact_episode,2977.0,3.0,contact_part_local_affine,contact_part_local_affine,grabcut_fallback,bbox_fallback,cotracker,ready,,tap_knob_or_spout_edge,3420,0.6440677966101694,3617.0,0.6888211769186822,True,5,0.0,contact_part_mask,26,0,False,1.0,36,36,36,1.0,0.7701337337493896,5,0.0,0.7543074510206053,,,,,,,6.346095987987518,19,5,0.0752,isotropic_e7,/Users/huhu/Documents/Code/bishe/vrb/vrbreproduction/outputs/e11/experiments/E11/pipeline_outputs/subaction_31_P01_109_31/candidate_05_frame_002980_left,/Users/huhu/Documents/Code/bishe/vrb/vrbreproduction/outputs/e11/experiments/E11/pipeline_outputs/subaction_31_P01_109_31/candidate_05_frame_002980_left/reference_frame_dehanded.png,/Users/huhu/Documents/Code/bishe/vrb/vrbreproduction/outputs/e11/experiments/E11/pipeline_outputs/subaction_31_P01_109_31/candidate_05_frame_002980_left/label_heatmap_merged_overlay.png,/Users/huhu/Documents/Code/bishe/vrb/vrbreproduction/outputs/e11/experiments/E11/pipeline_outputs/subaction_31_P01_109_31/candidate_05_frame_002980_left/vrb_style_affordance.png,/Users/huhu/Documents/Code/bishe/vrb/vrbreproduction/outputs/e11/experiments/E11/pipeline_outputs/subaction_31_P01_109_31/candidate_05_frame_002980_left/mask_projection_overlay.png,E11,inpainted_bbox,0.1347056606359649,0.603313654541992,0.3513777777777778,0.5543267901575891,opencv_telea,success,,/Users/huhu/Documents/Code/bishe/vrb/vrbreproduction/outputs/e11/experiments/E11/pipeline_outputs/subaction_31_P01_109_31/candidate_05_frame_002980_left/reference_frame_original.png,/Users/huhu/Documents/Code/bishe/vrb/vrbreproduction/outputs/e11/experiments/E11/pipeline_outputs/subaction_31_P01_109_31/candidate_05_frame_002980_left/reference_frame_dehanded.png,/Users/huhu/Documents/Code/bishe/vrb/vrbreproduction/outputs/e11/experiments/E11/pipeline_outputs/subaction_31_P01_109_31/candidate_05_frame_002980_left/hand_mask.png,2.0,True
32,P01_109_32,shake hands,shake,hand,3009.0,left,new_contact_episode,3008.0,1.0,contact_part_local_affine,contact_part_local_affine,grabcut_fallback,bbox_fallback,cotracker,ready,,contact_local_boundary,22434,0.480467746080699,19185.0,0.4210745796936043,True,5,0.0,contact_part_mask,26,0,False,0.9962857142857144,36,35,34,0.9714285714285714,0.7172117233276367,5,0.0,0.6057073726004573,,,,,,,5.709255076871599,142,5,0.4972,isotropic_e7,/Users/huhu/Documents/Code/bishe/vrb/vrbreproduction/outputs/e11/experiments/E11/pipeline_outputs/subaction_32_P01_109_32/candidate_00_frame_003009_left,/Users/huhu/Documents/Code/bishe/vrb/vrbreproduction/outputs/e11/experiments/E11/pipeline_outputs/subaction_32_P01_109_32/candidate_00_frame_003009_left/reference_frame_dehanded.png,/Users/huhu/Documents/Code/bishe/vrb/vrbreproduction/outputs/e11/experiments/E11/pipeline_outputs/subaction_32_P01_109_32/candidate_00_frame_003009_left/label_heatmap_merged_overlay.png,/Users/huhu/Documents/Code/bishe/vrb/vrbreproduction/outputs/e11/experiments/E11/pipeline_outputs/subaction_32_P01_109_32/candidate_00_frame_003009_left/vrb_style_affordance.png,/Users/huhu/Documents/Code/bishe/vrb/vrbreproduction/outputs/e11/experiments/E11/pipeline_outputs/subaction_32_P01_109_32/candidate_00_frame_003009_left/mask_projection_overlay.png,E11,inpainted_bbox,0.285558867872807,0.6891708002282604,0.6933333333333334,0.6986187125358353,opencv_telea,success,,/Users/huhu/Documents/Code/bishe/vrb/vrbreproduction/outputs/e11/experiments/E11/pipeline_outputs/subaction_32_P01_109_32/candidate_00_frame_003009_left/reference_frame_original.png,/Users/huhu/Documents/Code/bishe/vrb/vrbreproduction/outputs/e11/experiments/E11/pipeline_outputs/subaction_32_P01_109_32/candidate_00_frame_003009_left/reference_frame_dehanded.png,/Users/huhu/Documents/Code/bishe/vrb/vrbreproduction/outputs/e11/experiments/E11/pipeline_outputs/subaction_32_P01_109_32/candidate_00_frame_003009_left/hand_mask.png,2.0,True
32,P01_109_32,shake hands,shake,hand,3011.0,left,new_contact_episode,3008.0,3.0,contact_part_local_affine,contact_part_local_affine,grabcut_fallback,bbox_fallback,cotracker,ready,,contact_local_boundary,20464,0.4908257980956035,15704.0,0.3612606395215091,True,3,0.0,contact_part_mask,26,10,False,0.7804285714285715,36,35,23,0.6571428571428571,0.4797767400741577,3,0.0,0.6057073726004573,,,,,,,4.547930507321584,228,3,0.5736888888888889,isotropic_e7,/Users/huhu/Documents/Code/bishe/vrb/vrbreproduction/outputs/e11/experiments/E11/pipeline_outputs/subaction_32_P01_109_32/candidate_02_frame_003011_left,/Users/huhu/Documents/Code/bishe/vrb/vrbreproduction/outputs/e11/experiments/E11/pipeline_outputs/subaction_32_P01_109_32/candidate_02_frame_003011_left/reference_frame_dehanded.png,/Users/huhu/Documents/Code/bishe/vrb/vrbreproduction/outputs/e11/experiments/E11/pipeline_outputs/subaction_32_P01_109_32/candidate_02_frame_003011_left/label_heatmap_merged_overlay.png,/Users/huhu/Documents/Code/bishe/vrb/vrbreproduction/outputs/e11/experiments/E11/pipeline_outputs/subaction_32_P01_109_32/candidate_02_frame_003011_left/vrb_style_affordance.png,/Users/huhu/Documents/Code/bishe/vrb/vrbreproduction/outputs/e11/experiments/E11/pipeline_outputs/subaction_32_P01_109_32/candidate_02_frame_003011_left/mask_projection_overlay.png,E11,inpainted_bbox,0.285558867872807,0.7282723717506326,0.9564444444444444,0.6489429444727458,opencv_telea,success,,/Users/huhu/Documents/Code/bishe/vrb/vrbreproduction/outputs/e11/experiments/E11/pipeline_outputs/subaction_32_P01_109_32/candidate_02_frame_003011_left/reference_frame_original.png,/Users/huhu/Documents/Code/bishe/vrb/vrbreproduction/outputs/e11/experiments/E11/pipeline_outputs/subaction_32_P01_109_32/candidate_02_frame_003011_left/reference_frame_dehanded.png,/Users/huhu/Documents/Code/bishe/vrb/vrbreproduction/outputs/e11/experiments/E11/pipeline_outputs/subaction_32_P01_109_32/candidate_02_frame_003011_left/hand_mask.png,2.0,True
33,P01_109_33,pick up cloth,pick-up,cloth,3089.0,left,new_contact_episode,3086.0,3.0,contact_part_local_affine,contact_part_local_affine,grabcut_fallback,bbox_fallback,cotracker,ready,,contact_local_boundary,2635,0.8932203389830509,2765.0,0.9247491638795988,True,5,0.0,contact_part_mask,26,0,False,1.0,36,36,36,1.0,0.6736873388290405,5,0.0,0.1893668724703333,,,,,,,6.430289379835129,48,5,0.0,isotropic_e7,/Users/huhu/Documents/Code/bishe/vrb/vrbreproduction/outputs/e11/experiments/E11/pipeline_outputs/subaction_33_P01_109_33/candidate_01_frame_003089_left,/Users/huhu/Documents/Code/bishe/vrb/vrbreproduction/outputs/e11/experiments/E11/pipeline_outputs/subaction_33_P01_109_33/candidate_01_frame_003089_left/reference_frame_dehanded.png,/Users/huhu/Documents/Code/bishe/vrb/vrbreproduction/outputs/e11/experiments/E11/pipeline_outputs/subaction_33_P01_109_33/candidate_01_frame_003089_left/label_heatmap_merged_overlay.png,/Users/huhu/Documents/Code/bishe/vrb/vrbreproduction/outputs/e11/experiments/E11/pipeline_outputs/subaction_33_P01_109_33/candidate_01_frame_003089_left/vrb_style_affordance.png,/Users/huhu/Documents/Code/bishe/vrb/vrbreproduction/outputs/e11/experiments/E11/pipeline_outputs/subaction_33_P01_109_33/candidate_01_frame_003089_left/mask_projection_overlay.png,E11,strict_no_hand,0.0,0.0,0.0,0.0,none,not_needed,,/Users/huhu/Documents/Code/bishe/vrb/vrbreproduction/outputs/e11/experiments/E11/pipeline_outputs/subaction_33_P01_109_33/candidate_01_frame_003089_left/reference_frame_original.png,/Users/huhu/Documents/Code/bishe/vrb/vrbreproduction/outputs/e11/experiments/E11/pipeline_outputs/subaction_33_P01_109_33/candidate_01_frame_003089_left/reference_frame_dehanded.png,/Users/huhu/Documents/Code/bishe/vrb/vrbreproduction/outputs/e11/experiments/E11/pipeline_outputs/subaction_33_P01_109_33/candidate_01_frame_003089_left/hand_mask.png,0.0,True
33,P01_109_33,pick up cloth,pick-up,cloth,3122.0,left,new_contact_episode,3119.0,3.0,contact_part_local_affine,contact_part_local_affine,grabcut_fallback,bbox_fallback,cotracker,ready,,contact_local_boundary,1968,1.0,3306.0,1.0,True,5,0.0,contact_part_mask,26,0,False,1.0,36,35,35,1.0,0.5307922959327698,5,0.0,0.1893668724703333,,,,,,,6.372986643622016,89,5,0.0,isotropic_e7,/Users/huhu/Documents/Code/bishe/vrb/vrbreproduction/outputs/e11/experiments/E11/pipeline_outputs/subaction_33_P01_109_33/candidate_04_frame_003122_left,/Users/huhu/Documents/Code/bishe/vrb/vrbreproduction/outputs/e11/experiments/E11/pipeline_outputs/subaction_33_P01_109_33/candidate_04_frame_003122_left/reference_frame_dehanded.png,/Users/huhu/Documents/Code/bishe/vrb/vrbreproduction/outputs/e11/experiments/E11/pipeline_outputs/subaction_33_P01_109_33/candidate_04_frame_003122_left/label_heatmap_merged_overlay.png,/Users/huhu/Documents/Code/bishe/vrb/vrbreproduction/outputs/e11/experiments/E11/pipeline_outputs/subaction_33_P01_109_33/candidate_04_frame_003122_left/vrb_style_affordance.png,/Users/huhu/Documents/Code/bishe/vrb/vrbreproduction/outputs/e11/experiments/E11/pipeline_outputs/subaction_33_P01_109_33/candidate_04_frame_003122_left/mask_projection_overlay.png,E11,strict_no_hand,0.0,0.0,0.0,0.0,none,not_needed,,/Users/huhu/Documents/Code/bishe/vrb/vrbreproduction/outputs/e11/experiments/E11/pipeline_outputs/subaction_33_P01_109_33/candidate_04_frame_003122_left/reference_frame_original.png,/Users/huhu/Documents/Code/bishe/vrb/vrbreproduction/outputs/e11/experiments/E11/pipeline_outputs/subaction_33_P01_109_33/candidate_04_frame_003122_left/reference_frame_dehanded.png,/Users/huhu/Documents/Code/bishe/vrb/vrbreproduction/outputs/e11/experiments/E11/pipeline_outputs/subaction_33_P01_109_33/candidate_04_frame_003122_left/hand_mask.png,0.0,True
33,P01_109_33,pick up cloth,pick-up,cloth,3137.0,right,new_contact_episode,3134.0,3.0,contact_part_local_affine,contact_part_local_affine,grabcut_fallback,bbox_fallback,cotracker,ready,,contact_local_boundary,1534,1.0,3325.0,0.9546368073499856,True,5,0.0,contact_part_mask,26,0,False,0.9582142857142856,36,28,19,0.6785714285714286,0.7803527116775513,5,0.0,0.1893668724703333,,,,,,,6.169428402578245,93,5,0.0,isotropic_e7,/Users/huhu/Documents/Code/bishe/vrb/vrbreproduction/outputs/e11/experiments/E11/pipeline_outputs/subaction_33_P01_109_33/candidate_07_frame_003137_right,/Users/huhu/Documents/Code/bishe/vrb/vrbreproduction/outputs/e11/experiments/E11/pipeline_outputs/subaction_33_P01_109_33/candidate_07_frame_003137_right/reference_frame_dehanded.png,/Users/huhu/Documents/Code/bishe/vrb/vrbreproduction/outputs/e11/experiments/E11/pipeline_outputs/subaction_33_P01_109_33/candidate_07_frame_003137_right/label_heatmap_merged_overlay.png,/Users/huhu/Documents/Code/bishe/vrb/vrbreproduction/outputs/e11/experiments/E11/pipeline_outputs/subaction_33_P01_109_33/candidate_07_frame_003137_right/vrb_style_affordance.png,/Users/huhu/Documents/Code/bishe/vrb/vrbreproduction/outputs/e11/experiments/E11/pipeline_outputs/subaction_33_P01_109_33/candidate_07_frame_003137_right/mask_projection_overlay.png,E11,strict_no_hand,0.0,0.0,0.0,0.0,none,not_needed,,/Users/huhu/Documents/Code/bishe/vrb/vrbreproduction/outputs/e11/experiments/E11/pipeline_outputs/subaction_33_P01_109_33/candidate_07_frame_003137_right/reference_frame_original.png,/Users/huhu/Documents/Code/bishe/vrb/vrbreproduction/outputs/e11/experiments/E11/pipeline_outputs/subaction_33_P01_109_33/candidate_07_frame_003137_right/reference_frame_dehanded.png,/Users/huhu/Documents/Code/bishe/vrb/vrbreproduction/outputs/e11/experiments/E11/pipeline_outputs/subaction_33_P01_109_33/candidate_07_frame_003137_right/hand_mask.png,0.0,True
34,P01_109_34,dry hands,dry,hand,3122.0,left,new_contact_episode,3119.0,3.0,contact_part_local_affine,contact_part_local_affine,grabcut_fallback,bbox_fallback,cotracker,ready,,contact_local_boundary,1968,1.0,3306.0,1.0,True,5,0.0,contact_part_mask,26,0,False,1.0,36,35,35,1.0,0.5307922959327698,5,0.0,0.1893668724703333,,,,,,,6.372986643622016,89,5,0.0,isotropic_e7,/Users/huhu/Documents/Code/bishe/vrb/vrbreproduction/outputs/e11/experiments/E11/pipeline_outputs/subaction_34_P01_109_34/candidate_01_frame_003122_left,/Users/huhu/Documents/Code/bishe/vrb/vrbreproduction/outputs/e11/experiments/E11/pipeline_outputs/subaction_34_P01_109_34/candidate_01_frame_003122_left/reference_frame_dehanded.png,/Users/huhu/Documents/Code/bishe/vrb/vrbreproduction/outputs/e11/experiments/E11/pipeline_outputs/subaction_34_P01_109_34/candidate_01_frame_003122_left/label_heatmap_merged_overlay.png,/Users/huhu/Documents/Code/bishe/vrb/vrbreproduction/outputs/e11/experiments/E11/pipeline_outputs/subaction_34_P01_109_34/candidate_01_frame_003122_left/vrb_style_affordance.png,/Users/huhu/Documents/Code/bishe/vrb/vrbreproduction/outputs/e11/experiments/E11/pipeline_outputs/subaction_34_P01_109_34/candidate_01_frame_003122_left/mask_projection_overlay.png,E11,strict_no_hand,0.0,0.0,0.0,0.0,none,not_needed,,/Users/huhu/Documents/Code/bishe/vrb/vrbreproduction/outputs/e11/experiments/E11/pipeline_outputs/subaction_34_P01_109_34/candidate_01_frame_003122_left/reference_frame_original.png,/Users/huhu/Documents/Code/bishe/vrb/vrbreproduction/outputs/e11/experiments/E11/pipeline_outputs/subaction_34_P01_109_34/candidate_01_frame_003122_left/reference_frame_dehanded.png,/Users/huhu/Documents/Code/bishe/vrb/vrbreproduction/outputs/e11/experiments/E11/pipeline_outputs/subaction_34_P01_109_34/candidate_01_frame_003122_left/hand_mask.png,0.0,True
34,P01_109_34,dry hands,dry,hand,3146.0,left,new_contact_episode,3145.0,1.0,contact_part_local_affine,contact_part_local_affine,grabcut_fallback,bbox_fallback,cotracker,ready,,contact_local_boundary,640,1.0,836.0,1.0,True,5,0.0,contact_part_mask,26,0,False,1.0,36,36,36,1.0,0.1682531833648681,5,0.0,0.1893668724703333,,,,,,,6.29181907116572,34,5,0.1314222222222222,isotropic_e7,/Users/huhu/Documents/Code/bishe/vrb/vrbreproduction/outputs/e11/experiments/E11/pipeline_outputs/subaction_34_P01_109_34/candidate_06_frame_003146_left,/Users/huhu/Documents/Code/bishe/vrb/vrbreproduction/outputs/e11/experiments/E11/pipeline_outputs/subaction_34_P01_109_34/candidate_06_frame_003146_left/reference_frame_dehanded.png,/Users/huhu/Documents/Code/bishe/vrb/vrbreproduction/outputs/e11/experiments/E11/pipeline_outputs/subaction_34_P01_109_34/candidate_06_frame_003146_left/label_heatmap_merged_overlay.png,/Users/huhu/Documents/Code/bishe/vrb/vrbreproduction/outputs/e11/experiments/E11/pipeline_outputs/subaction_34_P01_109_34/candidate_06_frame_003146_left/vrb_style_affordance.png,/Users/huhu/Documents/Code/bishe/vrb/vrbreproduction/outputs/e11/experiments/E11/pipeline_outputs/subaction_34_P01_109_34/candidate_06_frame_003146_left/mask_projection_overlay.png,E11,inpainted_bbox,0.0925678453947368,1.0,0.3558222222222222,1.0,opencv_telea,success,,/Users/huhu/Documents/Code/bishe/vrb/vrbreproduction/outputs/e11/experiments/E11/pipeline_outputs/subaction_34_P01_109_34/candidate_06_frame_003146_left/reference_frame_original.png,/Users/huhu/Documents/Code/bishe/vrb/vrbreproduction/outputs/e11/experiments/E11/pipeline_outputs/subaction_34_P01_109_34/candidate_06_frame_003146_left/reference_frame_dehanded.png,/Users/huhu/Documents/Code/bishe/vrb/vrbreproduction/outputs/e11/experiments/E11/pipeline_outputs/subaction_34_P01_109_34/candidate_06_frame_003146_left/hand_mask.png,2.0,True
34,P01_109_34,dry hands,dry,hand,3148.0,left,new_contact_episode,3146.0,2.0,contact_part_local_affine,contact_part_local_affine,grabcut_fallback,bbox_fallback,cotracker,ready,,contact_local_boundary,250,1.0,820.0,1.0,True,5,0.0,contact_part_mask,26,0,False,1.0,36,25,25,1.0,0.3742324113845825,5,0.0,0.1893668724703333,,,,,,,6.2763063609917955,46,5,0.1336444444444444,isotropic_e7,/Users/huhu/Documents/Code/bishe/vrb/vrbreproduction/outputs/e11/experiments/E11/pipeline_outputs/subaction_34_P01_109_34/candidate_08_frame_003148_left,/Users/huhu/Documents/Code/bishe/vrb/vrbreproduction/outputs/e11/experiments/E11/pipeline_outputs/subaction_34_P01_109_34/candidate_08_frame_003148_left/reference_frame_dehanded.png,/Users/huhu/Documents/Code/bishe/vrb/vrbreproduction/outputs/e11/experiments/E11/pipeline_outputs/subaction_34_P01_109_34/candidate_08_frame_003148_left/label_heatmap_merged_overlay.png,/Users/huhu/Documents/Code/bishe/vrb/vrbreproduction/outputs/e11/experiments/E11/pipeline_outputs/subaction_34_P01_109_34/candidate_08_frame_003148_left/vrb_style_affordance.png,/Users/huhu/Documents/Code/bishe/vrb/vrbreproduction/outputs/e11/experiments/E11/pipeline_outputs/subaction_34_P01_109_34/candidate_08_frame_003148_left/mask_projection_overlay.png,E11,inpainted_bbox,0.096020079495614,1.0,0.3581777777777777,1.0,opencv_telea,success,,/Users/huhu/Documents/Code/bishe/vrb/vrbreproduction/outputs/e11/experiments/E11/pipeline_outputs/subaction_34_P01_109_34/candidate_08_frame_003148_left/reference_frame_original.png,/Users/huhu/Documents/Code/bishe/vrb/vrbreproduction/outputs/e11/experiments/E11/pipeline_outputs/subaction_34_P01_109_34/candidate_08_frame_003148_left/reference_frame_dehanded.png,/Users/huhu/Documents/Code/bishe/vrb/vrbreproduction/outputs/e11/experiments/E11/pipeline_outputs/subaction_34_P01_109_34/candidate_08_frame_003148_left/hand_mask.png,2.0,True
37,P01_109_37,put down potatoes,put-down,potato,3550.0,left,new_contact_episode,3548.0,2.0,contact_part_local_affine,contact_part_local_affine,grabcut_fallback,bbox_fallback,cotracker,ready,,small_object_whole_mask_allowed,1209,1.0,1440.0,1.0,True,5,0.0,contact_part_mask,26,0,False,0.9958064516129032,36,31,30,0.967741935483871,1.241654872894287,5,0.0,0.6259262213403788,,,,,,,6.010706267791667,28,5,0.2592444444444444,isotropic_e7,/Users/huhu/Documents/Code/bishe/vrb/vrbreproduction/outputs/e11/experiments/E11/pipeline_outputs/subaction_37_P01_109_37/candidate_01_frame_003550_left,/Users/huhu/Documents/Code/bishe/vrb/vrbreproduction/outputs/e11/experiments/E11/pipeline_outputs/subaction_37_P01_109_37/candidate_01_frame_003550_left/reference_frame_dehanded.png,/Users/huhu/Documents/Code/bishe/vrb/vrbreproduction/outputs/e11/experiments/E11/pipeline_outputs/subaction_37_P01_109_37/candidate_01_frame_003550_left/label_heatmap_merged_overlay.png,/Users/huhu/Documents/Code/bishe/vrb/vrbreproduction/outputs/e11/experiments/E11/pipeline_outputs/subaction_37_P01_109_37/candidate_01_frame_003550_left/vrb_style_affordance.png,/Users/huhu/Documents/Code/bishe/vrb/vrbreproduction/outputs/e11/experiments/E11/pipeline_outputs/subaction_37_P01_109_37/candidate_01_frame_003550_left/mask_projection_overlay.png,E11,inpainted_bbox,0.1959892406798245,1.0,0.6785333333333333,1.0,opencv_telea,success,,/Users/huhu/Documents/Code/bishe/vrb/vrbreproduction/outputs/e11/experiments/E11/pipeline_outputs/subaction_37_P01_109_37/candidate_01_frame_003550_left/reference_frame_original.png,/Users/huhu/Documents/Code/bishe/vrb/vrbreproduction/outputs/e11/experiments/E11/pipeline_outputs/subaction_37_P01_109_37/candidate_01_frame_003550_left/reference_frame_dehanded.png,/Users/huhu/Documents/Code/bishe/vrb/vrbreproduction/outputs/e11/experiments/E11/pipeline_outputs/subaction_37_P01_109_37/candidate_01_frame_003550_left/hand_mask.png,2.0,True
38,P01_109_38,move potatoes,move,potato,3654.0,left,new_contact_episode,3650.0,4.0,contact_part_local_affine,contact_part_local_affine,grabcut_fallback,bbox_fallback,cotracker,ready,,small_object_whole_mask_allowed,2144,0.9727767695099818,2466.0,0.970102281667978,True,5,0.0,contact_part_mask,26,0,False,0.9665714285714286,36,35,26,0.7428571428571429,1.2865338325500488,5,0.0,0.2015598386027201,,,,,,,5.945046842166355,49,5,0.2026666666666666,isotropic_e7,/Users/huhu/Documents/Code/bishe/vrb/vrbreproduction/outputs/e11/experiments/E11/pipeline_outputs/subaction_38_P01_109_38/candidate_00_frame_003654_left,/Users/huhu/Documents/Code/bishe/vrb/vrbreproduction/outputs/e11/experiments/E11/pipeline_outputs/subaction_38_P01_109_38/candidate_00_frame_003654_left/reference_frame_dehanded.png,/Users/huhu/Documents/Code/bishe/vrb/vrbreproduction/outputs/e11/experiments/E11/pipeline_outputs/subaction_38_P01_109_38/candidate_00_frame_003654_left/label_heatmap_merged_overlay.png,/Users/huhu/Documents/Code/bishe/vrb/vrbreproduction/outputs/e11/experiments/E11/pipeline_outputs/subaction_38_P01_109_38/candidate_00_frame_003654_left/vrb_style_affordance.png,/Users/huhu/Documents/Code/bishe/vrb/vrbreproduction/outputs/e11/experiments/E11/pipeline_outputs/subaction_38_P01_109_38/candidate_00_frame_003654_left/mask_projection_overlay.png,E11,inpainted_bbox,0.1811694764254386,1.0,0.5088,1.0,opencv_telea,success,,/Users/huhu/Documents/Code/bishe/vrb/vrbreproduction/outputs/e11/experiments/E11/pipeline_outputs/subaction_38_P01_109_38/candidate_00_frame_003654_left/reference_frame_original.png,/Users/huhu/Documents/Code/bishe/vrb/vrbreproduction/outputs/e11/experiments/E11/pipeline_outputs/subaction_38_P01_109_38/candidate_00_frame_003654_left/reference_frame_dehanded.png,/Users/huhu/Documents/Code/bishe/vrb/vrbreproduction/outputs/e11/experiments/E11/pipeline_outputs/subaction_38_P01_109_38/candidate_00_frame_003654_left/hand_mask.png,2.0,True
38,P01_109_38,move potatoes,move,potato,3656.0,left,new_contact_episode,3651.0,5.0,contact_part_local_affine,contact_part_local_affine,grabcut_fallback,bbox_fallback,cotracker,ready,,small_object_whole_mask_allowed,2016,1.0,2340.0,1.0,True,5,0.0,contact_part_mask,26,0,False,0.9962857142857144,36,35,34,0.9714285714285714,1.520476460456848,5,0.0,0.2015598386027201,,,,,,,6.106957134757723,116,5,0.2,isotropic_e7,/Users/huhu/Documents/Code/bishe/vrb/vrbreproduction/outputs/e11/experiments/E11/pipeline_outputs/subaction_38_P01_109_38/candidate_02_frame_003656_left,/Users/huhu/Documents/Code/bishe/vrb/vrbreproduction/outputs/e11/experiments/E11/pipeline_outputs/subaction_38_P01_109_38/candidate_02_frame_003656_left/reference_frame_dehanded.png,/Users/huhu/Documents/Code/bishe/vrb/vrbreproduction/outputs/e11/experiments/E11/pipeline_outputs/subaction_38_P01_109_38/candidate_02_frame_003656_left/label_heatmap_merged_overlay.png,/Users/huhu/Documents/Code/bishe/vrb/vrbreproduction/outputs/e11/experiments/E11/pipeline_outputs/subaction_38_P01_109_38/candidate_02_frame_003656_left/vrb_style_affordance.png,/Users/huhu/Documents/Code/bishe/vrb/vrbreproduction/outputs/e11/experiments/E11/pipeline_outputs/subaction_38_P01_109_38/candidate_02_frame_003656_left/mask_projection_overlay.png,E11,inpainted_bbox,0.1811095120614035,1.0,0.5250666666666667,1.0,opencv_telea,success,,/Users/huhu/Documents/Code/bishe/vrb/vrbreproduction/outputs/e11/experiments/E11/pipeline_outputs/subaction_38_P01_109_38/candidate_02_frame_003656_left/reference_frame_original.png,/Users/huhu/Documents/Code/bishe/vrb/vrbreproduction/outputs/e11/experiments/E11/pipeline_outputs/subaction_38_P01_109_38/candidate_02_frame_003656_left/reference_frame_dehanded.png,/Users/huhu/Documents/Code/bishe/vrb/vrbreproduction/outputs/e11/experiments/E11/pipeline_outputs/subaction_38_P01_109_38/candidate_02_frame_003656_left/hand_mask.png,2.0,True
39,P01_109_39,open cupboard,open,cupboard,3739.0,left,new_contact_episode,3735.0,4.0,contact_part_local_affine,contact_part_local_affine,grabcut_fallback,bbox_fallback,cotracker,ready,,panel_edge_or_handle,7056,0.4483131075671898,3760.0,0.1516312457152074,True,5,0.0,contact_part_mask,26,0,True,0.9287096774193548,36,31,14,0.4516129032258064,0.5200614333152771,5,0.0,0.2015598386027201,,,,,,,5.918392440468284,103,5,0.0762666666666666,isotropic_e7,/Users/huhu/Documents/Code/bishe/vrb/vrbreproduction/outputs/e11/experiments/E11/pipeline_outputs/subaction_39_P01_109_39/candidate_05_frame_003739_left,/Users/huhu/Documents/Code/bishe/vrb/vrbreproduction/outputs/e11/experiments/E11/pipeline_outputs/subaction_39_P01_109_39/candidate_05_frame_003739_left/reference_frame_dehanded.png,/Users/huhu/Documents/Code/bishe/vrb/vrbreproduction/outputs/e11/experiments/E11/pipeline_outputs/subaction_39_P01_109_39/candidate_05_frame_003739_left/label_heatmap_merged_overlay.png,/Users/huhu/Documents/Code/bishe/vrb/vrbreproduction/outputs/e11/experiments/E11/pipeline_outputs/subaction_39_P01_109_39/candidate_05_frame_003739_left/vrb_style_affordance.png,/Users/huhu/Documents/Code/bishe/vrb/vrbreproduction/outputs/e11/experiments/E11/pipeline_outputs/subaction_39_P01_109_39/candidate_05_frame_003739_left/mask_projection_overlay.png,E11,inpainted_bbox,0.1624691611842105,0.256643948864782,0.4134222222222222,0.9401595744680852,opencv_telea,success,,/Users/huhu/Documents/Code/bishe/vrb/vrbreproduction/outputs/e11/experiments/E11/pipeline_outputs/subaction_39_P01_109_39/candidate_05_frame_003739_left/reference_frame_original.png,/Users/huhu/Documents/Code/bishe/vrb/vrbreproduction/outputs/e11/experiments/E11/pipeline_outputs/subaction_39_P01_109_39/candidate_05_frame_003739_left/reference_frame_dehanded.png,/Users/huhu/Documents/Code/bishe/vrb/vrbreproduction/outputs/e11/experiments/E11/pipeline_outputs/subaction_39_P01_109_39/candidate_05_frame_003739_left/hand_mask.png,2.0,True
39,P01_109_39,open cupboard,open,cupboard,3754.0,left,new_contact_episode,3753.0,1.0,contact_part_local_affine,contact_part_local_affine,grabcut_fallback,bbox_fallback,cotracker,ready,,panel_edge_or_handle,1188,0.4099378881987577,4595.0,0.3681006168389009,True,5,0.0,contact_part_mask,26,0,True,1.0,36,36,36,1.0,0.8948225975036621,5,0.0,0.2015598386027201,,,,,,,6.24805532207489,35,5,0.1250666666666666,isotropic_e7,/Users/huhu/Documents/Code/bishe/vrb/vrbreproduction/outputs/e11/experiments/E11/pipeline_outputs/subaction_39_P01_109_39/candidate_06_frame_003754_left,/Users/huhu/Documents/Code/bishe/vrb/vrbreproduction/outputs/e11/experiments/E11/pipeline_outputs/subaction_39_P01_109_39/candidate_06_frame_003754_left/reference_frame_dehanded.png,/Users/huhu/Documents/Code/bishe/vrb/vrbreproduction/outputs/e11/experiments/E11/pipeline_outputs/subaction_39_P01_109_39/candidate_06_frame_003754_left/label_heatmap_merged_overlay.png,/Users/huhu/Documents/Code/bishe/vrb/vrbreproduction/outputs/e11/experiments/E11/pipeline_outputs/subaction_39_P01_109_39/candidate_06_frame_003754_left/vrb_style_affordance.png,/Users/huhu/Documents/Code/bishe/vrb/vrbreproduction/outputs/e11/experiments/E11/pipeline_outputs/subaction_39_P01_109_39/candidate_06_frame_003754_left/mask_projection_overlay.png,E11,inpainted_bbox,0.1778029057017544,0.3298886485620443,0.4419555555555555,0.6702937976060935,opencv_telea,success,,/Users/huhu/Documents/Code/bishe/vrb/vrbreproduction/outputs/e11/experiments/E11/pipeline_outputs/subaction_39_P01_109_39/candidate_06_frame_003754_left/reference_frame_original.png,/Users/huhu/Documents/Code/bishe/vrb/vrbreproduction/outputs/e11/experiments/E11/pipeline_outputs/subaction_39_P01_109_39/candidate_06_frame_003754_left/reference_frame_dehanded.png,/Users/huhu/Documents/Code/bishe/vrb/vrbreproduction/outputs/e11/experiments/E11/pipeline_outputs/subaction_39_P01_109_39/candidate_06_frame_003754_left/hand_mask.png,2.0,True
39,P01_109_39,open cupboard,open,cupboard,3762.0,right,new_contact_episode,3761.0,1.0,contact_part_local_affine,contact_part_local_affine,grabcut_fallback,bbox_fallback,cotracker,ready,,panel_edge_or_handle,576,1.0,552.0,1.0,True,5,0.0,contact_part_mask,26,0,True,1.0,36,36,36,1.0,0.3053569793701172,5,0.0,0.2015598386027201,,,,,,,6.322305957285562,57,5,0.1083555555555555,isotropic_e7,/Users/huhu/Documents/Code/bishe/vrb/vrbreproduction/outputs/e11/experiments/E11/pipeline_outputs/subaction_39_P01_109_39/candidate_11_frame_003762_right,/Users/huhu/Documents/Code/bishe/vrb/vrbreproduction/outputs/e11/experiments/E11/pipeline_outputs/subaction_39_P01_109_39/candidate_11_frame_003762_right/reference_frame_dehanded.png,/Users/huhu/Documents/Code/bishe/vrb/vrbreproduction/outputs/e11/experiments/E11/pipeline_outputs/subaction_39_P01_109_39/candidate_11_frame_003762_right/label_heatmap_merged_overlay.png,/Users/huhu/Documents/Code/bishe/vrb/vrbreproduction/outputs/e11/experiments/E11/pipeline_outputs/subaction_39_P01_109_39/candidate_11_frame_003762_right/vrb_style_affordance.png,/Users/huhu/Documents/Code/bishe/vrb/vrbreproduction/outputs/e11/experiments/E11/pipeline_outputs/subaction_39_P01_109_39/candidate_11_frame_003762_right/mask_projection_overlay.png,E11,inpainted_bbox,0.1806383634868421,1.0,0.4048,1.0,opencv_telea,success,,/Users/huhu/Documents/Code/bishe/vrb/vrbreproduction/outputs/e11/experiments/E11/pipeline_outputs/subaction_39_P01_109_39/candidate_11_frame_003762_right/reference_frame_original.png,/Users/huhu/Documents/Code/bishe/vrb/vrbreproduction/outputs/e11/experiments/E11/pipeline_outputs/subaction_39_P01_109_39/candidate_11_frame_003762_right/reference_frame_dehanded.png,/Users/huhu/Documents/Code/bishe/vrb/vrbreproduction/outputs/e11/experiments/E11/pipeline_outputs/subaction_39_P01_109_39/candidate_11_frame_003762_right/hand_mask.png,2.0,True
40,P01_109_40,move pans,move,pan,3856.0,right,new_contact_episode,3854.0,2.0,contact_part_local_affine,contact_part_local_affine,grabcut_fallback,bbox_fallback,cotracker,ready,,handle_like_edge_or_endpoint,7146,0.0971742500475944,7544.0,0.0815779229205415,True,5,0.0,contact_part_mask,26,0,False,0.9711111111111111,36,36,28,0.7777777777777778,0.958406925201416,5,0.0,0.2015598386027201,,,,,,,5.889431403355069,232,5,0.2478222222222222,isotropic_e7,/Users/huhu/Documents/Code/bishe/vrb/vrbreproduction/outputs/e11/experiments/E11/pipeline_outputs/subaction_40_P01_109_40/candidate_09_frame_003856_right,/Users/huhu/Documents/Code/bishe/vrb/vrbreproduction/outputs/e11/experiments/E11/pipeline_outputs/subaction_40_P01_109_40/candidate_09_frame_003856_right/reference_frame_dehanded.png,/Users/huhu/Documents/Code/bishe/vrb/vrbreproduction/outputs/e11/experiments/E11/pipeline_outputs/subaction_40_P01_109_40/candidate_09_frame_003856_right/label_heatmap_merged_overlay.png,/Users/huhu/Documents/Code/bishe/vrb/vrbreproduction/outputs/e11/experiments/E11/pipeline_outputs/subaction_40_P01_109_40/candidate_09_frame_003856_right/vrb_style_affordance.png,/Users/huhu/Documents/Code/bishe/vrb/vrbreproduction/outputs/e11/experiments/E11/pipeline_outputs/subaction_40_P01_109_40/candidate_09_frame_003856_right/mask_projection_overlay.png,E11,inpainted_bbox,0.1044921875,0.1232752281673082,0.5421333333333334,0.9802492046659596,opencv_telea,success,,/Users/huhu/Documents/Code/bishe/vrb/vrbreproduction/outputs/e11/experiments/E11/pipeline_outputs/subaction_40_P01_109_40/candidate_09_frame_003856_right/reference_frame_original.png,/Users/huhu/Documents/Code/bishe/vrb/vrbreproduction/outputs/e11/experiments/E11/pipeline_outputs/subaction_40_P01_109_40/candidate_09_frame_003856_right/reference_frame_dehanded.png,/Users/huhu/Documents/Code/bishe/vrb/vrbreproduction/outputs/e11/experiments/E11/pipeline_outputs/subaction_40_P01_109_40/candidate_09_frame_003856_right/hand_mask.png,1.0,True
41,P01_109_41,pick up pan,pick-up,pan,4037.0,right,continuation_entry_rescue,4036.0,1.0,contact_part_local_affine,contact_part_local_affine,grabcut_fallback,bbox_fallback,cotracker,ready,,handle_like_edge_or_endpoint,3123,0.902340364056631,3870.0,0.7220149253731343,True,5,0.0,contact_part_mask,26,0,False,1.0,36,36,36,1.0,0.403275728225708,5,0.0,0.2337451171875,,,,,,,5.989835061486561,107,5,0.3280444444444444,isotropic_e7,/Users/huhu/Documents/Code/bishe/vrb/vrbreproduction/outputs/e11/experiments/E11/pipeline_outputs/subaction_41_P01_109_41/candidate_00_frame_004037_right,/Users/huhu/Documents/Code/bishe/vrb/vrbreproduction/outputs/e11/experiments/E11/pipeline_outputs/subaction_41_P01_109_41/candidate_00_frame_004037_right/reference_frame_dehanded.png,/Users/huhu/Documents/Code/bishe/vrb/vrbreproduction/outputs/e11/experiments/E11/pipeline_outputs/subaction_41_P01_109_41/candidate_00_frame_004037_right/label_heatmap_merged_overlay.png,/Users/huhu/Documents/Code/bishe/vrb/vrbreproduction/outputs/e11/experiments/E11/pipeline_outputs/subaction_41_P01_109_41/candidate_00_frame_004037_right/vrb_style_affordance.png,/Users/huhu/Documents/Code/bishe/vrb/vrbreproduction/outputs/e11/experiments/E11/pipeline_outputs/subaction_41_P01_109_41/candidate_00_frame_004037_right/mask_projection_overlay.png,E11,inpainted_bbox,0.1694250274122807,1.0,0.6315555555555555,1.0,opencv_telea,success,,/Users/huhu/Documents/Code/bishe/vrb/vrbreproduction/outputs/e11/experiments/E11/pipeline_outputs/subaction_41_P01_109_41/candidate_00_frame_004037_right/reference_frame_original.png,/Users/huhu/Documents/Code/bishe/vrb/vrbreproduction/outputs/e11/experiments/E11/pipeline_outputs/subaction_41_P01_109_41/candidate_00_frame_004037_right/reference_frame_dehanded.png,/Users/huhu/Documents/Code/bishe/vrb/vrbreproduction/outputs/e11/experiments/E11/pipeline_outputs/subaction_41_P01_109_41/candidate_00_frame_004037_right/hand_mask.png,2.0,True
42,P01_109_42,put down pan,put-down,pan,4273.0,left,new_contact_episode,4270.0,3.0,contact_part_local_affine,contact_part_local_affine,grabcut_fallback,bbox_fallback,cotracker,ready,,handle_like_edge_or_endpoint,4067,0.429370777027027,5716.0,0.2681679568379075,True,5,0.0,contact_part_mask,26,0,False,0.9374074074074076,36,27,14,0.5185185185185185,1.192049264907837,5,0.0,0.5457515625,,,,,,,5.843268151682394,194,5,0.2061777777777777,isotropic_e7,/Users/huhu/Documents/Code/bishe/vrb/vrbreproduction/outputs/e11/experiments/E11/pipeline_outputs/subaction_42_P01_109_42/candidate_00_frame_004273_left,/Users/huhu/Documents/Code/bishe/vrb/vrbreproduction/outputs/e11/experiments/E11/pipeline_outputs/subaction_42_P01_109_42/candidate_00_frame_004273_left/reference_frame_dehanded.png,/Users/huhu/Documents/Code/bishe/vrb/vrbreproduction/outputs/e11/experiments/E11/pipeline_outputs/subaction_42_P01_109_42/candidate_00_frame_004273_left/label_heatmap_merged_overlay.png,/Users/huhu/Documents/Code/bishe/vrb/vrbreproduction/outputs/e11/experiments/E11/pipeline_outputs/subaction_42_P01_109_42/candidate_00_frame_004273_left/vrb_style_affordance.png,/Users/huhu/Documents/Code/bishe/vrb/vrbreproduction/outputs/e11/experiments/E11/pipeline_outputs/subaction_42_P01_109_42/candidate_00_frame_004273_left/mask_projection_overlay.png,E11,inpainted_bbox,0.2522443804824561,0.2768003753225428,0.4668,0.150629811056683,opencv_telea,success,,/Users/huhu/Documents/Code/bishe/vrb/vrbreproduction/outputs/e11/experiments/E11/pipeline_outputs/subaction_42_P01_109_42/candidate_00_frame_004273_left/reference_frame_original.png,/Users/huhu/Documents/Code/bishe/vrb/vrbreproduction/outputs/e11/experiments/E11/pipeline_outputs/subaction_42_P01_109_42/candidate_00_frame_004273_left/reference_frame_dehanded.png,/Users/huhu/Documents/Code/bishe/vrb/vrbreproduction/outputs/e11/experiments/E11/pipeline_outputs/subaction_42_P01_109_42/candidate_00_frame_004273_left/hand_mask.png,2.0,True
42,P01_109_42,put down pan,put-down,pan,4275.0,left,new_contact_episode,4269.0,6.0,contact_part_local_affine,contact_part_local_affine,grabcut_fallback,bbox_fallback,cotracker,ready,,handle_like_edge_or_endpoint,7884,0.4869371873262924,6358.0,0.3024594453165882,True,4,0.0,contact_part_mask,26,0,False,0.8567857142857143,36,14,8,0.5714285714285714,2.4201853275299072,4,0.0,0.5457515625,,,,,,,5.564499202078865,223,4,0.0936444444444444,isotropic_e7,/Users/huhu/Documents/Code/bishe/vrb/vrbreproduction/outputs/e11/experiments/E11/pipeline_outputs/subaction_42_P01_109_42/candidate_02_frame_004275_left,/Users/huhu/Documents/Code/bishe/vrb/vrbreproduction/outputs/e11/experiments/E11/pipeline_outputs/subaction_42_P01_109_42/candidate_02_frame_004275_left/reference_frame_dehanded.png,/Users/huhu/Documents/Code/bishe/vrb/vrbreproduction/outputs/e11/experiments/E11/pipeline_outputs/subaction_42_P01_109_42/candidate_02_frame_004275_left/label_heatmap_merged_overlay.png,/Users/huhu/Documents/Code/bishe/vrb/vrbreproduction/outputs/e11/experiments/E11/pipeline_outputs/subaction_42_P01_109_42/candidate_02_frame_004275_left/vrb_style_affordance.png,/Users/huhu/Documents/Code/bishe/vrb/vrbreproduction/outputs/e11/experiments/E11/pipeline_outputs/subaction_42_P01_109_42/candidate_02_frame_004275_left/mask_projection_overlay.png,E11,inpainted_bbox,0.1188322368421052,0.2862851434280005,0.2112,0.2033658383139352,opencv_telea,success,,/Users/huhu/Documents/Code/bishe/vrb/vrbreproduction/outputs/e11/experiments/E11/pipeline_outputs/subaction_42_P01_109_42/candidate_02_frame_004275_left/reference_frame_original.png,/Users/huhu/Documents/Code/bishe/vrb/vrbreproduction/outputs/e11/experiments/E11/pipeline_outputs/subaction_42_P01_109_42/candidate_02_frame_004275_left/reference_frame_dehanded.png,/Users/huhu/Documents/Code/bishe/vrb/vrbreproduction/outputs/e11/experiments/E11/pipeline_outputs/subaction_42_P01_109_42/candidate_02_frame_004275_left/hand_mask.png,1.0,True
43,P01_109_44,put down pan,put-down,pan,4273.0,left,new_contact_episode,4270.0,3.0,contact_part_local_affine,contact_part_local_affine,grabcut_fallback,bbox_fallback,cotracker,ready,,handle_like_edge_or_endpoint,4067,0.429370777027027,5716.0,0.2681679568379075,True,5,0.0,contact_part_mask,26,0,False,0.9374074074074076,36,27,14,0.5185185185185185,1.192049264907837,5,0.0,0.5457515625,,,,,,,5.843268151682394,194,5,0.2061777777777777,isotropic_e7,/Users/huhu/Documents/Code/bishe/vrb/vrbreproduction/outputs/e11/experiments/E11/pipeline_outputs/subaction_43_P01_109_44/candidate_00_frame_004273_left,/Users/huhu/Documents/Code/bishe/vrb/vrbreproduction/outputs/e11/experiments/E11/pipeline_outputs/subaction_43_P01_109_44/candidate_00_frame_004273_left/reference_frame_dehanded.png,/Users/huhu/Documents/Code/bishe/vrb/vrbreproduction/outputs/e11/experiments/E11/pipeline_outputs/subaction_43_P01_109_44/candidate_00_frame_004273_left/label_heatmap_merged_overlay.png,/Users/huhu/Documents/Code/bishe/vrb/vrbreproduction/outputs/e11/experiments/E11/pipeline_outputs/subaction_43_P01_109_44/candidate_00_frame_004273_left/vrb_style_affordance.png,/Users/huhu/Documents/Code/bishe/vrb/vrbreproduction/outputs/e11/experiments/E11/pipeline_outputs/subaction_43_P01_109_44/candidate_00_frame_004273_left/mask_projection_overlay.png,E11,inpainted_bbox,0.2522443804824561,0.2768003753225428,0.4668,0.150629811056683,opencv_telea,success,,/Users/huhu/Documents/Code/bishe/vrb/vrbreproduction/outputs/e11/experiments/E11/pipeline_outputs/subaction_43_P01_109_44/candidate_00_frame_004273_left/reference_frame_original.png,/Users/huhu/Documents/Code/bishe/vrb/vrbreproduction/outputs/e11/experiments/E11/pipeline_outputs/subaction_43_P01_109_44/candidate_00_frame_004273_left/reference_frame_dehanded.png,/Users/huhu/Documents/Code/bishe/vrb/vrbreproduction/outputs/e11/experiments/E11/pipeline_outputs/subaction_43_P01_109_44/candidate_00_frame_004273_left/hand_mask.png,2.0,True
43,P01_109_44,put down pan,put-down,pan,4275.0,left,new_contact_episode,4269.0,6.0,contact_part_local_affine,contact_part_local_affine,grabcut_fallback,bbox_fallback,cotracker,ready,,handle_like_edge_or_endpoint,7884,0.4869371873262924,6358.0,0.3024594453165882,True,4,0.0,contact_part_mask,26,0,False,0.8567857142857143,36,14,8,0.5714285714285714,2.4201853275299072,4,0.0,0.5457515625,,,,,,,5.564499202078865,223,4,0.0936444444444444,isotropic_e7,/Users/huhu/Documents/Code/bishe/vrb/vrbreproduction/outputs/e11/experiments/E11/pipeline_outputs/subaction_43_P01_109_44/candidate_02_frame_004275_left,/Users/huhu/Documents/Code/bishe/vrb/vrbreproduction/outputs/e11/experiments/E11/pipeline_outputs/subaction_43_P01_109_44/candidate_02_frame_004275_left/reference_frame_dehanded.png,/Users/huhu/Documents/Code/bishe/vrb/vrbreproduction/outputs/e11/experiments/E11/pipeline_outputs/subaction_43_P01_109_44/candidate_02_frame_004275_left/label_heatmap_merged_overlay.png,/Users/huhu/Documents/Code/bishe/vrb/vrbreproduction/outputs/e11/experiments/E11/pipeline_outputs/subaction_43_P01_109_44/candidate_02_frame_004275_left/vrb_style_affordance.png,/Users/huhu/Documents/Code/bishe/vrb/vrbreproduction/outputs/e11/experiments/E11/pipeline_outputs/subaction_43_P01_109_44/candidate_02_frame_004275_left/mask_projection_overlay.png,E11,inpainted_bbox,0.1188322368421052,0.2862851434280005,0.2112,0.2033658383139352,opencv_telea,success,,/Users/huhu/Documents/Code/bishe/vrb/vrbreproduction/outputs/e11/experiments/E11/pipeline_outputs/subaction_43_P01_109_44/candidate_02_frame_004275_left/reference_frame_original.png,/Users/huhu/Documents/Code/bishe/vrb/vrbreproduction/outputs/e11/experiments/E11/pipeline_outputs/subaction_43_P01_109_44/candidate_02_frame_004275_left/reference_frame_dehanded.png,/Users/huhu/Documents/Code/bishe/vrb/vrbreproduction/outputs/e11/experiments/E11/pipeline_outputs/subaction_43_P01_109_44/candidate_02_frame_004275_left/hand_mask.png,1.0,True
44,P01_109_43,pick up pan,pick-up,pan,4381.0,left,new_contact_episode,4376.0,5.0,contact_part_local_affine,contact_part_local_affine,grabcut_fallback,bbox_fallback,cotracker,ready,,handle_like_edge_or_endpoint,5122,0.1457515223948551,6723.0,0.1470086591445814,True,5,0.0,contact_part_mask,26,0,False,1.0,36,25,25,1.0,0.8132840394973755,5,0.0,0.5457515625,,,,,,,6.29275613378289,107,5,0.0,isotropic_e7,/Users/huhu/Documents/Code/bishe/vrb/vrbreproduction/outputs/e11/experiments/E11/pipeline_outputs/subaction_44_P01_109_43/candidate_03_frame_004381_left,/Users/huhu/Documents/Code/bishe/vrb/vrbreproduction/outputs/e11/experiments/E11/pipeline_outputs/subaction_44_P01_109_43/candidate_03_frame_004381_left/reference_frame_dehanded.png,/Users/huhu/Documents/Code/bishe/vrb/vrbreproduction/outputs/e11/experiments/E11/pipeline_outputs/subaction_44_P01_109_43/candidate_03_frame_004381_left/label_heatmap_merged_overlay.png,/Users/huhu/Documents/Code/bishe/vrb/vrbreproduction/outputs/e11/experiments/E11/pipeline_outputs/subaction_44_P01_109_43/candidate_03_frame_004381_left/vrb_style_affordance.png,/Users/huhu/Documents/Code/bishe/vrb/vrbreproduction/outputs/e11/experiments/E11/pipeline_outputs/subaction_44_P01_109_43/candidate_03_frame_004381_left/mask_projection_overlay.png,E11,strict_no_hand,0.0,0.0,0.0,0.0,none,not_needed,,/Users/huhu/Documents/Code/bishe/vrb/vrbreproduction/outputs/e11/experiments/E11/pipeline_outputs/subaction_44_P01_109_43/candidate_03_frame_004381_left/reference_frame_original.png,/Users/huhu/Documents/Code/bishe/vrb/vrbreproduction/outputs/e11/experiments/E11/pipeline_outputs/subaction_44_P01_109_43/candidate_03_frame_004381_left/reference_frame_dehanded.png,/Users/huhu/Documents/Code/bishe/vrb/vrbreproduction/outputs/e11/experiments/E11/pipeline_outputs/subaction_44_P01_109_43/candidate_03_frame_004381_left/hand_mask.png,0.0,True
44,P01_109_43,pick up pan,pick-up,pan,4383.0,left,new_contact_episode,4378.0,5.0,contact_part_local_affine,contact_part_local_affine,grabcut_fallback,bbox_fallback,cotracker,ready,,handle_like_edge_or_endpoint,5335,0.1299634591961023,6439.0,0.1295234646873051,True,5,0.0,contact_part_mask,26,0,False,0.9935,36,20,19,0.95,1.1063953638076782,5,0.0,0.5457515625,,,,,,,6.313218551585769,88,5,0.0,isotropic_e7,/Users/huhu/Documents/Code/bishe/vrb/vrbreproduction/outputs/e11/experiments/E11/pipeline_outputs/subaction_44_P01_109_43/candidate_05_frame_004383_left,/Users/huhu/Documents/Code/bishe/vrb/vrbreproduction/outputs/e11/experiments/E11/pipeline_outputs/subaction_44_P01_109_43/candidate_05_frame_004383_left/reference_frame_dehanded.png,/Users/huhu/Documents/Code/bishe/vrb/vrbreproduction/outputs/e11/experiments/E11/pipeline_outputs/subaction_44_P01_109_43/candidate_05_frame_004383_left/label_heatmap_merged_overlay.png,/Users/huhu/Documents/Code/bishe/vrb/vrbreproduction/outputs/e11/experiments/E11/pipeline_outputs/subaction_44_P01_109_43/candidate_05_frame_004383_left/vrb_style_affordance.png,/Users/huhu/Documents/Code/bishe/vrb/vrbreproduction/outputs/e11/experiments/E11/pipeline_outputs/subaction_44_P01_109_43/candidate_05_frame_004383_left/mask_projection_overlay.png,E11,strict_no_hand,0.0,0.0,0.0,0.0,none,not_needed,,/Users/huhu/Documents/Code/bishe/vrb/vrbreproduction/outputs/e11/experiments/E11/pipeline_outputs/subaction_44_P01_109_43/candidate_05_frame_004383_left/reference_frame_original.png,/Users/huhu/Documents/Code/bishe/vrb/vrbreproduction/outputs/e11/experiments/E11/pipeline_outputs/subaction_44_P01_109_43/candidate_05_frame_004383_left/reference_frame_dehanded.png,/Users/huhu/Documents/Code/bishe/vrb/vrbreproduction/outputs/e11/experiments/E11/pipeline_outputs/subaction_44_P01_109_43/candidate_05_frame_004383_left/hand_mask.png,0.0,True
45,P01_109_45,put down pan,put-down,pan,4381.0,left,new_contact_episode,4376.0,5.0,contact_part_local_affine,contact_part_local_affine,grabcut_fallback,bbox_fallback,cotracker,ready,,handle_like_edge_or_endpoint,5122,0.1457515223948551,6723.0,0.1470086591445814,True,5,0.0,contact_part_mask,26,0,False,1.0,36,25,25,1.0,0.8132840394973755,5,0.0,0.5457515625,,,,,,,6.29275613378289,107,5,0.0,isotropic_e7,/Users/huhu/Documents/Code/bishe/vrb/vrbreproduction/outputs/e11/experiments/E11/pipeline_outputs/subaction_45_P01_109_45/candidate_03_frame_004381_left,/Users/huhu/Documents/Code/bishe/vrb/vrbreproduction/outputs/e11/experiments/E11/pipeline_outputs/subaction_45_P01_109_45/candidate_03_frame_004381_left/reference_frame_dehanded.png,/Users/huhu/Documents/Code/bishe/vrb/vrbreproduction/outputs/e11/experiments/E11/pipeline_outputs/subaction_45_P01_109_45/candidate_03_frame_004381_left/label_heatmap_merged_overlay.png,/Users/huhu/Documents/Code/bishe/vrb/vrbreproduction/outputs/e11/experiments/E11/pipeline_outputs/subaction_45_P01_109_45/candidate_03_frame_004381_left/vrb_style_affordance.png,/Users/huhu/Documents/Code/bishe/vrb/vrbreproduction/outputs/e11/experiments/E11/pipeline_outputs/subaction_45_P01_109_45/candidate_03_frame_004381_left/mask_projection_overlay.png,E11,strict_no_hand,0.0,0.0,0.0,0.0,none,not_needed,,/Users/huhu/Documents/Code/bishe/vrb/vrbreproduction/outputs/e11/experiments/E11/pipeline_outputs/subaction_45_P01_109_45/candidate_03_frame_004381_left/reference_frame_original.png,/Users/huhu/Documents/Code/bishe/vrb/vrbreproduction/outputs/e11/experiments/E11/pipeline_outputs/subaction_45_P01_109_45/candidate_03_frame_004381_left/reference_frame_dehanded.png,/Users/huhu/Documents/Code/bishe/vrb/vrbreproduction/outputs/e11/experiments/E11/pipeline_outputs/subaction_45_P01_109_45/candidate_03_frame_004381_left/hand_mask.png,0.0,True
45,P01_109_45,put down pan,put-down,pan,4383.0,left,new_contact_episode,4378.0,5.0,contact_part_local_affine,contact_part_local_affine,grabcut_fallback,bbox_fallback,cotracker,ready,,handle_like_edge_or_endpoint,5335,0.1299634591961023,6439.0,0.1295234646873051,True,5,0.0,contact_part_mask,26,0,False,0.9935,36,20,19,0.95,1.1063953638076782,5,0.0,0.5457515625,,,,,,,6.313218551585769,88,5,0.0,isotropic_e7,/Users/huhu/Documents/Code/bishe/vrb/vrbreproduction/outputs/e11/experiments/E11/pipeline_outputs/subaction_45_P01_109_45/candidate_05_frame_004383_left,/Users/huhu/Documents/Code/bishe/vrb/vrbreproduction/outputs/e11/experiments/E11/pipeline_outputs/subaction_45_P01_109_45/candidate_05_frame_004383_left/reference_frame_dehanded.png,/Users/huhu/Documents/Code/bishe/vrb/vrbreproduction/outputs/e11/experiments/E11/pipeline_outputs/subaction_45_P01_109_45/candidate_05_frame_004383_left/label_heatmap_merged_overlay.png,/Users/huhu/Documents/Code/bishe/vrb/vrbreproduction/outputs/e11/experiments/E11/pipeline_outputs/subaction_45_P01_109_45/candidate_05_frame_004383_left/vrb_style_affordance.png,/Users/huhu/Documents/Code/bishe/vrb/vrbreproduction/outputs/e11/experiments/E11/pipeline_outputs/subaction_45_P01_109_45/candidate_05_frame_004383_left/mask_projection_overlay.png,E11,strict_no_hand,0.0,0.0,0.0,0.0,none,not_needed,,/Users/huhu/Documents/Code/bishe/vrb/vrbreproduction/outputs/e11/experiments/E11/pipeline_outputs/subaction_45_P01_109_45/candidate_05_frame_004383_left/reference_frame_original.png,/Users/huhu/Documents/Code/bishe/vrb/vrbreproduction/outputs/e11/experiments/E11/pipeline_outputs/subaction_45_P01_109_45/candidate_05_frame_004383_left/reference_frame_dehanded.png,/Users/huhu/Documents/Code/bishe/vrb/vrbreproduction/outputs/e11/experiments/E11/pipeline_outputs/subaction_45_P01_109_45/candidate_05_frame_004383_left/hand_mask.png,0.0,True
46,P01_109_46,pick up cutting board,pick-up,board:cutting,4539.0,left,new_contact_episode,4537.0,2.0,contact_part_local_affine,contact_part_local_affine,grabcut_fallback,bbox_fallback,cotracker,ready,,contact_local_boundary,6756,0.2896090534979423,10154.0,0.2262881083972187,True,5,0.0,contact_part_mask,26,0,False,1.0,36,35,35,1.0,0.363351970911026,5,0.0,0.1901458878648625,,,,,,,6.224438607539335,44,5,0.1267555555555555,isotropic_e7,/Users/huhu/Documents/Code/bishe/vrb/vrbreproduction/outputs/e11/experiments/E11/pipeline_outputs/subaction_46_P01_109_46/candidate_07_frame_004539_left,/Users/huhu/Documents/Code/bishe/vrb/vrbreproduction/outputs/e11/experiments/E11/pipeline_outputs/subaction_46_P01_109_46/candidate_07_frame_004539_left/reference_frame_dehanded.png,/Users/huhu/Documents/Code/bishe/vrb/vrbreproduction/outputs/e11/experiments/E11/pipeline_outputs/subaction_46_P01_109_46/candidate_07_frame_004539_left/label_heatmap_merged_overlay.png,/Users/huhu/Documents/Code/bishe/vrb/vrbreproduction/outputs/e11/experiments/E11/pipeline_outputs/subaction_46_P01_109_46/candidate_07_frame_004539_left/vrb_style_affordance.png,/Users/huhu/Documents/Code/bishe/vrb/vrbreproduction/outputs/e11/experiments/E11/pipeline_outputs/subaction_46_P01_109_46/candidate_07_frame_004539_left/mask_projection_overlay.png,E11,inpainted_bbox,0.0717173793859649,0.1865751470850419,0.3720888888888889,0.4086074453417372,opencv_telea,success,,/Users/huhu/Documents/Code/bishe/vrb/vrbreproduction/outputs/e11/experiments/E11/pipeline_outputs/subaction_46_P01_109_46/candidate_07_frame_004539_left/reference_frame_original.png,/Users/huhu/Documents/Code/bishe/vrb/vrbreproduction/outputs/e11/experiments/E11/pipeline_outputs/subaction_46_P01_109_46/candidate_07_frame_004539_left/reference_frame_dehanded.png,/Users/huhu/Documents/Code/bishe/vrb/vrbreproduction/outputs/e11/experiments/E11/pipeline_outputs/subaction_46_P01_109_46/candidate_07_frame_004539_left/hand_mask.png,1.0,True
46,P01_109_46,pick up cutting board,pick-up,board:cutting,4554.0,left,new_contact_episode,4553.0,1.0,contact_part_local_affine,contact_part_local_affine,grabcut_fallback,bbox_fallback,cotracker,ready,,contact_local_boundary,14130,0.3961756294510177,18679.0,0.3549251349091738,True,5,0.0,contact_part_mask,26,0,False,0.9963888888888888,36,36,35,0.9722222222222222,0.8671420812606812,5,0.0,0.1865812199665447,,,,,,,6.259541293117734,192,5,0.1066666666666666,isotropic_e7,/Users/huhu/Documents/Code/bishe/vrb/vrbreproduction/outputs/e11/experiments/E11/pipeline_outputs/subaction_46_P01_109_46/candidate_09_frame_004554_left,/Users/huhu/Documents/Code/bishe/vrb/vrbreproduction/outputs/e11/experiments/E11/pipeline_outputs/subaction_46_P01_109_46/candidate_09_frame_004554_left/reference_frame_dehanded.png,/Users/huhu/Documents/Code/bishe/vrb/vrbreproduction/outputs/e11/experiments/E11/pipeline_outputs/subaction_46_P01_109_46/candidate_09_frame_004554_left/label_heatmap_merged_overlay.png,/Users/huhu/Documents/Code/bishe/vrb/vrbreproduction/outputs/e11/experiments/E11/pipeline_outputs/subaction_46_P01_109_46/candidate_09_frame_004554_left/vrb_style_affordance.png,/Users/huhu/Documents/Code/bishe/vrb/vrbreproduction/outputs/e11/experiments/E11/pipeline_outputs/subaction_46_P01_109_46/candidate_09_frame_004554_left/mask_projection_overlay.png,E11,inpainted_bbox,0.0780907346491228,0.1732157786729497,0.4051555555555555,0.3109909524064457,opencv_telea,success,,/Users/huhu/Documents/Code/bishe/vrb/vrbreproduction/outputs/e11/experiments/E11/pipeline_outputs/subaction_46_P01_109_46/candidate_09_frame_004554_left/reference_frame_original.png,/Users/huhu/Documents/Code/bishe/vrb/vrbreproduction/outputs/e11/experiments/E11/pipeline_outputs/subaction_46_P01_109_46/candidate_09_frame_004554_left/reference_frame_dehanded.png,/Users/huhu/Documents/Code/bishe/vrb/vrbreproduction/outputs/e11/experiments/E11/pipeline_outputs/subaction_46_P01_109_46/candidate_09_frame_004554_left/hand_mask.png,1.0,True
46,P01_109_46,pick up cutting board,pick-up,board:cutting,4556.0,left,new_contact_episode,4553.0,3.0,contact_part_local_affine,contact_part_local_affine,grabcut_fallback,bbox_fallback,cotracker,ready,,contact_local_boundary,14814,0.3761521468653988,18658.0,0.3545261077753287,True,5,0.0,contact_part_mask,26,0,False,0.9579411764705882,36,34,23,0.6764705882352942,1.4071513414382937,5,0.0,0.1865812199665447,,,,,,,6.050932518580381,118,5,0.1066666666666666,isotropic_e7,/Users/huhu/Documents/Code/bishe/vrb/vrbreproduction/outputs/e11/experiments/E11/pipeline_outputs/subaction_46_P01_109_46/candidate_11_frame_004556_left,/Users/huhu/Documents/Code/bishe/vrb/vrbreproduction/outputs/e11/experiments/E11/pipeline_outputs/subaction_46_P01_109_46/candidate_11_frame_004556_left/reference_frame_dehanded.png,/Users/huhu/Documents/Code/bishe/vrb/vrbreproduction/outputs/e11/experiments/E11/pipeline_outputs/subaction_46_P01_109_46/candidate_11_frame_004556_left/label_heatmap_merged_overlay.png,/Users/huhu/Documents/Code/bishe/vrb/vrbreproduction/outputs/e11/experiments/E11/pipeline_outputs/subaction_46_P01_109_46/candidate_11_frame_004556_left/vrb_style_affordance.png,/Users/huhu/Documents/Code/bishe/vrb/vrbreproduction/outputs/e11/experiments/E11/pipeline_outputs/subaction_46_P01_109_46/candidate_11_frame_004556_left/mask_projection_overlay.png,E11,inpainted_bbox,0.0780907346491228,0.1732157786729497,0.4051555555555555,0.3049630185443241,opencv_telea,success,,/Users/huhu/Documents/Code/bishe/vrb/vrbreproduction/outputs/e11/experiments/E11/pipeline_outputs/subaction_46_P01_109_46/candidate_11_frame_004556_left/reference_frame_original.png,/Users/huhu/Documents/Code/bishe/vrb/vrbreproduction/outputs/e11/experiments/E11/pipeline_outputs/subaction_46_P01_109_46/candidate_11_frame_004556_left/reference_frame_dehanded.png,/Users/huhu/Documents/Code/bishe/vrb/vrbreproduction/outputs/e11/experiments/E11/pipeline_outputs/subaction_46_P01_109_46/candidate_11_frame_004556_left/hand_mask.png,1.0,True
47,P01_109_47,close cupboard,close,cupboard,4648.0,left,new_contact_episode,4647.0,1.0,contact_part_local_affine,contact_part_local_affine,grabcut_fallback,bbox_fallback,cotracker,ready,,panel_edge_or_handle,1645,0.6800330715171559,3979.0,0.3678809171597633,True,5,0.0,contact_part_mask,26,0,True,1.0,36,36,36,1.0,0.812734842300415,5,0.0,0.1824251440742389,,,,,,,6.3682846213976525,65,5,0.0675555555555555,isotropic_e7,/Users/huhu/Documents/Code/bishe/vrb/vrbreproduction/outputs/e11/experiments/E11/pipeline_outputs/subaction_47_P01_109_47/candidate_00_frame_004648_left,/Users/huhu/Documents/Code/bishe/vrb/vrbreproduction/outputs/e11/experiments/E11/pipeline_outputs/subaction_47_P01_109_47/candidate_00_frame_004648_left/reference_frame_dehanded.png,/Users/huhu/Documents/Code/bishe/vrb/vrbreproduction/outputs/e11/experiments/E11/pipeline_outputs/subaction_47_P01_109_47/candidate_00_frame_004648_left/label_heatmap_merged_overlay.png,/Users/huhu/Documents/Code/bishe/vrb/vrbreproduction/outputs/e11/experiments/E11/pipeline_outputs/subaction_47_P01_109_47/candidate_00_frame_004648_left/vrb_style_affordance.png,/Users/huhu/Documents/Code/bishe/vrb/vrbreproduction/outputs/e11/experiments/E11/pipeline_outputs/subaction_47_P01_109_47/candidate_00_frame_004648_left/mask_projection_overlay.png,E11,inpainted_bbox,0.0618832236842105,0.2385355029585799,0.3210666666666666,0.5948730836893692,opencv_telea,success,,/Users/huhu/Documents/Code/bishe/vrb/vrbreproduction/outputs/e11/experiments/E11/pipeline_outputs/subaction_47_P01_109_47/candidate_00_frame_004648_left/reference_frame_original.png,/Users/huhu/Documents/Code/bishe/vrb/vrbreproduction/outputs/e11/experiments/E11/pipeline_outputs/subaction_47_P01_109_47/candidate_00_frame_004648_left/reference_frame_dehanded.png,/Users/huhu/Documents/Code/bishe/vrb/vrbreproduction/outputs/e11/experiments/E11/pipeline_outputs/subaction_47_P01_109_47/candidate_00_frame_004648_left/hand_mask.png,1.0,True
47,P01_109_47,close cupboard,close,cupboard,4661.0,left,new_contact_episode,4660.0,1.0,contact_part_local_affine,contact_part_local_affine,grabcut_fallback,bbox_fallback,cotracker,ready,,panel_edge_or_handle,2955,0.3265915119363395,2940.0,0.329153605015674,True,5,0.0,contact_part_mask,26,0,True,1.0,36,36,36,1.0,0.6001618504524231,5,0.0,0.1824251440742389,,,,,,,6.345695144486427,60,5,0.0658666666666666,isotropic_e7,/Users/huhu/Documents/Code/bishe/vrb/vrbreproduction/outputs/e11/experiments/E11/pipeline_outputs/subaction_47_P01_109_47/candidate_03_frame_004661_left,/Users/huhu/Documents/Code/bishe/vrb/vrbreproduction/outputs/e11/experiments/E11/pipeline_outputs/subaction_47_P01_109_47/candidate_03_frame_004661_left/reference_frame_dehanded.png,/Users/huhu/Documents/Code/bishe/vrb/vrbreproduction/outputs/e11/experiments/E11/pipeline_outputs/subaction_47_P01_109_47/candidate_03_frame_004661_left/label_heatmap_merged_overlay.png,/Users/huhu/Documents/Code/bishe/vrb/vrbreproduction/outputs/e11/experiments/E11/pipeline_outputs/subaction_47_P01_109_47/candidate_03_frame_004661_left/vrb_style_affordance.png,/Users/huhu/Documents/Code/bishe/vrb/vrbreproduction/outputs/e11/experiments/E11/pipeline_outputs/subaction_47_P01_109_47/candidate_03_frame_004661_left/mask_projection_overlay.png,E11,inpainted_bbox,0.0918996710526315,0.302731751007613,0.3173333333333333,0.710204081632653,opencv_telea,success,,/Users/huhu/Documents/Code/bishe/vrb/vrbreproduction/outputs/e11/experiments/E11/pipeline_outputs/subaction_47_P01_109_47/candidate_03_frame_004661_left/reference_frame_original.png,/Users/huhu/Documents/Code/bishe/vrb/vrbreproduction/outputs/e11/experiments/E11/pipeline_outputs/subaction_47_P01_109_47/candidate_03_frame_004661_left/reference_frame_dehanded.png,/Users/huhu/Documents/Code/bishe/vrb/vrbreproduction/outputs/e11/experiments/E11/pipeline_outputs/subaction_47_P01_109_47/candidate_03_frame_004661_left/hand_mask.png,2.0,True
47,P01_109_47,close cupboard,close,cupboard,4663.0,right,new_contact_episode,4660.0,3.0,contact_part_local_affine,contact_part_local_affine,grabcut_fallback,bbox_fallback,cotracker,ready,,panel_edge_or_handle,4286,0.2564470771255908,3165.0,0.1383606557377049,True,3,0.0,contact_part_mask,26,0,True,0.825,36,31,31,1.0,0.5750092267990112,3,0.0,0.1824251440742389,,,,,,,5.573349723196029,168,3,0.0276,isotropic_e7,/Users/huhu/Documents/Code/bishe/vrb/vrbreproduction/outputs/e11/experiments/E11/pipeline_outputs/subaction_47_P01_109_47/candidate_08_frame_004663_right,/Users/huhu/Documents/Code/bishe/vrb/vrbreproduction/outputs/e11/experiments/E11/pipeline_outputs/subaction_47_P01_109_47/candidate_08_frame_004663_right/reference_frame_dehanded.png,/Users/huhu/Documents/Code/bishe/vrb/vrbreproduction/outputs/e11/experiments/E11/pipeline_outputs/subaction_47_P01_109_47/candidate_08_frame_004663_right/label_heatmap_merged_overlay.png,/Users/huhu/Documents/Code/bishe/vrb/vrbreproduction/outputs/e11/experiments/E11/pipeline_outputs/subaction_47_P01_109_47/candidate_08_frame_004663_right/vrb_style_affordance.png,/Users/huhu/Documents/Code/bishe/vrb/vrbreproduction/outputs/e11/experiments/E11/pipeline_outputs/subaction_47_P01_109_47/candidate_08_frame_004663_right/mask_projection_overlay.png,E11,inpainted_bbox,0.0918996710526315,0.1447868852459016,0.1594666666666666,0.7421800947867299,opencv_telea,success,,/Users/huhu/Documents/Code/bishe/vrb/vrbreproduction/outputs/e11/experiments/E11/pipeline_outputs/subaction_47_P01_109_47/candidate_08_frame_004663_right/reference_frame_original.png,/Users/huhu/Documents/Code/bishe/vrb/vrbreproduction/outputs/e11/experiments/E11/pipeline_outputs/subaction_47_P01_109_47/candidate_08_frame_004663_right/reference_frame_dehanded.png,/Users/huhu/Documents/Code/bishe/vrb/vrbreproduction/outputs/e11/experiments/E11/pipeline_outputs/subaction_47_P01_109_47/candidate_08_frame_004663_right/hand_mask.png,2.0,True
48,P01_109_48,put down cutting board,put-down,board:cutting,4693.0,left,new_contact_episode,4692.0,1.0,contact_part_local_affine,contact_part_local_affine,grabcut_fallback,bbox_fallback,cotracker,ready,,contact_local_boundary,6503,0.618508655126498,7153.0,0.462797619047619,True,5,0.0,contact_part_mask,26,0,False,1.0,36,36,36,1.0,0.246909350156784,5,0.0,0.1824251440742389,,,,,,,6.190859386161962,37,5,0.1971555555555555,isotropic_e7,/Users/huhu/Documents/Code/bishe/vrb/vrbreproduction/outputs/e11/experiments/E11/pipeline_outputs/subaction_48_P01_109_48/candidate_01_frame_004693_left,/Users/huhu/Documents/Code/bishe/vrb/vrbreproduction/outputs/e11/experiments/E11/pipeline_outputs/subaction_48_P01_109_48/candidate_01_frame_004693_left/reference_frame_dehanded.png,/Users/huhu/Documents/Code/bishe/vrb/vrbreproduction/outputs/e11/experiments/E11/pipeline_outputs/subaction_48_P01_109_48/candidate_01_frame_004693_left/label_heatmap_merged_overlay.png,/Users/huhu/Documents/Code/bishe/vrb/vrbreproduction/outputs/e11/experiments/E11/pipeline_outputs/subaction_48_P01_109_48/candidate_01_frame_004693_left/vrb_style_affordance.png,/Users/huhu/Documents/Code/bishe/vrb/vrbreproduction/outputs/e11/experiments/E11/pipeline_outputs/subaction_48_P01_109_48/candidate_01_frame_004693_left/mask_projection_overlay.png,E11,inpainted_bbox,0.1205883360745614,0.4283126293995859,0.5462666666666667,0.380260030756326,opencv_telea,success,,/Users/huhu/Documents/Code/bishe/vrb/vrbreproduction/outputs/e11/experiments/E11/pipeline_outputs/subaction_48_P01_109_48/candidate_01_frame_004693_left/reference_frame_original.png,/Users/huhu/Documents/Code/bishe/vrb/vrbreproduction/outputs/e11/experiments/E11/pipeline_outputs/subaction_48_P01_109_48/candidate_01_frame_004693_left/reference_frame_dehanded.png,/Users/huhu/Documents/Code/bishe/vrb/vrbreproduction/outputs/e11/experiments/E11/pipeline_outputs/subaction_48_P01_109_48/candidate_01_frame_004693_left/hand_mask.png,2.0,True
53,P01_109_53,pick up peeler,pick-up,peeler,4948.0,right,new_contact_episode,4946.0,2.0,contact_part_local_affine,contact_part_local_affine,grabcut_fallback,bbox_fallback,cotracker,ready,,handle_like_edge_or_endpoint,645,1.0,1850.0,1.0,True,5,0.0,contact_part_mask,26,0,False,1.0,36,36,36,1.0,0.1488049626350402,5,0.0,0.1997391252408633,,,,,,,6.265369184454283,72,5,0.1244444444444444,isotropic_e7,/Users/huhu/Documents/Code/bishe/vrb/vrbreproduction/outputs/e11/experiments/E11/pipeline_outputs/subaction_53_P01_109_53/candidate_01_frame_004948_right,/Users/huhu/Documents/Code/bishe/vrb/vrbreproduction/outputs/e11/experiments/E11/pipeline_outputs/subaction_53_P01_109_53/candidate_01_frame_004948_right/reference_frame_dehanded.png,/Users/huhu/Documents/Code/bishe/vrb/vrbreproduction/outputs/e11/experiments/E11/pipeline_outputs/subaction_53_P01_109_53/candidate_01_frame_004948_right/label_heatmap_merged_overlay.png,/Users/huhu/Documents/Code/bishe/vrb/vrbreproduction/outputs/e11/experiments/E11/pipeline_outputs/subaction_53_P01_109_53/candidate_01_frame_004948_right/vrb_style_affordance.png,/Users/huhu/Documents/Code/bishe/vrb/vrbreproduction/outputs/e11/experiments/E11/pipeline_outputs/subaction_53_P01_109_53/candidate_01_frame_004948_right/mask_projection_overlay.png,E11,inpainted_bbox,0.0838815789473684,0.5675675675675675,0.3797333333333333,0.5675675675675675,opencv_telea,success,,/Users/huhu/Documents/Code/bishe/vrb/vrbreproduction/outputs/e11/experiments/E11/pipeline_outputs/subaction_53_P01_109_53/candidate_01_frame_004948_right/reference_frame_original.png,/Users/huhu/Documents/Code/bishe/vrb/vrbreproduction/outputs/e11/experiments/E11/pipeline_outputs/subaction_53_P01_109_53/candidate_01_frame_004948_right/reference_frame_dehanded.png,/Users/huhu/Documents/Code/bishe/vrb/vrbreproduction/outputs/e11/experiments/E11/pipeline_outputs/subaction_53_P01_109_53/candidate_01_frame_004948_right/hand_mask.png,1.0,True
55,P01_109_55,move cutting board,move,board:cutting,5019.0,left,new_contact_episode,5018.0,1.0,contact_part_local_affine,contact_part_local_affine,grabcut_fallback,bbox_fallback,cotracker,ready,,contact_local_boundary,7370,0.6687840290381125,8807.0,0.5291396298966594,True,5,0.0,contact_part_mask,26,0,False,1.0,36,36,36,1.0,0.3731754422187805,5,0.0,0.1997391252408633,,,,,,,6.3261380700667695,133,5,0.1044444444444444,isotropic_e7,/Users/huhu/Documents/Code/bishe/vrb/vrbreproduction/outputs/e11/experiments/E11/pipeline_outputs/subaction_55_P01_109_55/candidate_00_frame_005019_left,/Users/huhu/Documents/Code/bishe/vrb/vrbreproduction/outputs/e11/experiments/E11/pipeline_outputs/subaction_55_P01_109_55/candidate_00_frame_005019_left/reference_frame_dehanded.png,/Users/huhu/Documents/Code/bishe/vrb/vrbreproduction/outputs/e11/experiments/E11/pipeline_outputs/subaction_55_P01_109_55/candidate_00_frame_005019_left/label_heatmap_merged_overlay.png,/Users/huhu/Documents/Code/bishe/vrb/vrbreproduction/outputs/e11/experiments/E11/pipeline_outputs/subaction_55_P01_109_55/candidate_00_frame_005019_left/vrb_style_affordance.png,/Users/huhu/Documents/Code/bishe/vrb/vrbreproduction/outputs/e11/experiments/E11/pipeline_outputs/subaction_55_P01_109_55/candidate_00_frame_005019_left/mask_projection_overlay.png,E11,inpainted_bbox,0.1388689007675438,0.406873347752944,0.3703555555555555,0.5742023390484842,opencv_telea,success,,/Users/huhu/Documents/Code/bishe/vrb/vrbreproduction/outputs/e11/experiments/E11/pipeline_outputs/subaction_55_P01_109_55/candidate_00_frame_005019_left/reference_frame_original.png,/Users/huhu/Documents/Code/bishe/vrb/vrbreproduction/outputs/e11/experiments/E11/pipeline_outputs/subaction_55_P01_109_55/candidate_00_frame_005019_left/reference_frame_dehanded.png,/Users/huhu/Documents/Code/bishe/vrb/vrbreproduction/outputs/e11/experiments/E11/pipeline_outputs/subaction_55_P01_109_55/candidate_00_frame_005019_left/hand_mask.png,2.0,True
55,P01_109_55,move cutting board,move,board:cutting,5021.0,left,new_contact_episode,5020.0,1.0,contact_part_local_affine,contact_part_local_affine,grabcut_fallback,bbox_fallback,cotracker,ready,,contact_local_boundary,8230,0.7102174663444943,9030.0,0.5306458247634718,True,5,0.0,contact_part_mask,26,0,False,1.0,36,36,36,1.0,0.5023908019065857,5,0.0,0.1997391252408633,,,,,,,6.316928275942802,132,5,0.108,isotropic_e7,/Users/huhu/Documents/Code/bishe/vrb/vrbreproduction/outputs/e11/experiments/E11/pipeline_outputs/subaction_55_P01_109_55/candidate_02_frame_005021_left,/Users/huhu/Documents/Code/bishe/vrb/vrbreproduction/outputs/e11/experiments/E11/pipeline_outputs/subaction_55_P01_109_55/candidate_02_frame_005021_left/reference_frame_dehanded.png,/Users/huhu/Documents/Code/bishe/vrb/vrbreproduction/outputs/e11/experiments/E11/pipeline_outputs/subaction_55_P01_109_55/candidate_02_frame_005021_left/label_heatmap_merged_overlay.png,/Users/huhu/Documents/Code/bishe/vrb/vrbreproduction/outputs/e11/experiments/E11/pipeline_outputs/subaction_55_P01_109_55/candidate_02_frame_005021_left/vrb_style_affordance.png,/Users/huhu/Documents/Code/bishe/vrb/vrbreproduction/outputs/e11/experiments/E11/pipeline_outputs/subaction_55_P01_109_55/candidate_02_frame_005021_left/mask_projection_overlay.png,E11,inpainted_bbox,0.137840940241228,0.4051242874772287,0.3942666666666666,0.574750830564784,opencv_telea,success,,/Users/huhu/Documents/Code/bishe/vrb/vrbreproduction/outputs/e11/experiments/E11/pipeline_outputs/subaction_55_P01_109_55/candidate_02_frame_005021_left/reference_frame_original.png,/Users/huhu/Documents/Code/bishe/vrb/vrbreproduction/outputs/e11/experiments/E11/pipeline_outputs/subaction_55_P01_109_55/candidate_02_frame_005021_left/reference_frame_dehanded.png,/Users/huhu/Documents/Code/bishe/vrb/vrbreproduction/outputs/e11/experiments/E11/pipeline_outputs/subaction_55_P01_109_55/candidate_02_frame_005021_left/hand_mask.png,2.0,True
55,P01_109_55,move cutting board,move,board:cutting,5044.0,left,new_contact_episode,5043.0,1.0,contact_part_local_affine,contact_part_local_affine,grabcut_fallback,bbox_fallback,cotracker,ready,,contact_local_boundary,7598,0.7867867867867868,10934.0,0.591954956418169,True,5,0.0,contact_part_mask,26,0,False,1.0,36,36,36,1.0,0.1882941424846649,5,0.0,0.1997391252408633,,,,,,,6.216951175725459,124,5,0.1809333333333333,isotropic_e7,/Users/huhu/Documents/Code/bishe/vrb/vrbreproduction/outputs/e11/experiments/E11/pipeline_outputs/subaction_55_P01_109_55/candidate_07_frame_005044_left,/Users/huhu/Documents/Code/bishe/vrb/vrbreproduction/outputs/e11/experiments/E11/pipeline_outputs/subaction_55_P01_109_55/candidate_07_frame_005044_left/reference_frame_dehanded.png,/Users/huhu/Documents/Code/bishe/vrb/vrbreproduction/outputs/e11/experiments/E11/pipeline_outputs/subaction_55_P01_109_55/candidate_07_frame_005044_left/label_heatmap_merged_overlay.png,/Users/huhu/Documents/Code/bishe/vrb/vrbreproduction/outputs/e11/experiments/E11/pipeline_outputs/subaction_55_P01_109_55/candidate_07_frame_005044_left/vrb_style_affordance.png,/Users/huhu/Documents/Code/bishe/vrb/vrbreproduction/outputs/e11/experiments/E11/pipeline_outputs/subaction_55_P01_109_55/candidate_07_frame_005044_left/mask_projection_overlay.png,E11,inpainted_bbox,0.1689453125,0.3638135455579016,0.528,0.5045728918968355,opencv_telea,success,,/Users/huhu/Documents/Code/bishe/vrb/vrbreproduction/outputs/e11/experiments/E11/pipeline_outputs/subaction_55_P01_109_55/candidate_07_frame_005044_left/reference_frame_original.png,/Users/huhu/Documents/Code/bishe/vrb/vrbreproduction/outputs/e11/experiments/E11/pipeline_outputs/subaction_55_P01_109_55/candidate_07_frame_005044_left/reference_frame_dehanded.png,/Users/huhu/Documents/Code/bishe/vrb/vrbreproduction/outputs/e11/experiments/E11/pipeline_outputs/subaction_55_P01_109_55/candidate_07_frame_005044_left/hand_mask.png,2.0,True
56,P01_109_56,pick up potato,pick-up,potato,5062.0,left,new_contact_episode,5061.0,1.0,contact_part_local_affine,contact_part_local_affine,grabcut_fallback,bbox_fallback,cotracker,ready,,small_object_whole_mask_allowed,7205,0.7696005127109592,10443.0,0.5650974025974026,True,5,0.0,contact_part_mask,26,0,False,1.0,36,36,36,1.0,0.1798584312200546,5,0.0,0.1997391252408633,,,,,,,6.29333758039673,108,5,0.1301777777777777,isotropic_e7,/Users/huhu/Documents/Code/bishe/vrb/vrbreproduction/outputs/e11/experiments/E11/pipeline_outputs/subaction_56_P01_109_56/candidate_00_frame_005062_left,/Users/huhu/Documents/Code/bishe/vrb/vrbreproduction/outputs/e11/experiments/E11/pipeline_outputs/subaction_56_P01_109_56/candidate_00_frame_005062_left/reference_frame_dehanded.png,/Users/huhu/Documents/Code/bishe/vrb/vrbreproduction/outputs/e11/experiments/E11/pipeline_outputs/subaction_56_P01_109_56/candidate_00_frame_005062_left/label_heatmap_merged_overlay.png,/Users/huhu/Documents/Code/bishe/vrb/vrbreproduction/outputs/e11/experiments/E11/pipeline_outputs/subaction_56_P01_109_56/candidate_00_frame_005062_left/vrb_style_affordance.png,/Users/huhu/Documents/Code/bishe/vrb/vrbreproduction/outputs/e11/experiments/E11/pipeline_outputs/subaction_56_P01_109_56/candidate_00_frame_005062_left/mask_projection_overlay.png,E11,inpainted_bbox,0.1390230948464912,0.3624458874458874,0.4226222222222222,0.5046442593124582,opencv_telea,success,,/Users/huhu/Documents/Code/bishe/vrb/vrbreproduction/outputs/e11/experiments/E11/pipeline_outputs/subaction_56_P01_109_56/candidate_00_frame_005062_left/reference_frame_original.png,/Users/huhu/Documents/Code/bishe/vrb/vrbreproduction/outputs/e11/experiments/E11/pipeline_outputs/subaction_56_P01_109_56/candidate_00_frame_005062_left/reference_frame_dehanded.png,/Users/huhu/Documents/Code/bishe/vrb/vrbreproduction/outputs/e11/experiments/E11/pipeline_outputs/subaction_56_P01_109_56/candidate_00_frame_005062_left/hand_mask.png,2.0,True
56,P01_109_56,pick up potato,pick-up,potato,5064.0,left,new_contact_episode,5063.0,1.0,contact_part_local_affine,contact_part_local_affine,grabcut_fallback,bbox_fallback,cotracker,ready,,small_object_whole_mask_allowed,7049,0.7625486802250108,10008.0,0.5521655172413793,True,5,0.0,contact_part_mask,26,0,False,1.0,36,36,36,1.0,0.2416480630636215,5,0.0,0.1997391252408633,,,,,,,6.2819505581080906,88,5,0.1365333333333333,isotropic_e7,/Users/huhu/Documents/Code/bishe/vrb/vrbreproduction/outputs/e11/experiments/E11/pipeline_outputs/subaction_56_P01_109_56/candidate_02_frame_005064_left,/Users/huhu/Documents/Code/bishe/vrb/vrbreproduction/outputs/e11/experiments/E11/pipeline_outputs/subaction_56_P01_109_56/candidate_02_frame_005064_left/reference_frame_dehanded.png,/Users/huhu/Documents/Code/bishe/vrb/vrbreproduction/outputs/e11/experiments/E11/pipeline_outputs/subaction_56_P01_109_56/candidate_02_frame_005064_left/label_heatmap_merged_overlay.png,/Users/huhu/Documents/Code/bishe/vrb/vrbreproduction/outputs/e11/experiments/E11/pipeline_outputs/subaction_56_P01_109_56/candidate_02_frame_005064_left/vrb_style_affordance.png,/Users/huhu/Documents/Code/bishe/vrb/vrbreproduction/outputs/e11/experiments/E11/pipeline_outputs/subaction_56_P01_109_56/candidate_02_frame_005064_left/mask_projection_overlay.png,E11,inpainted_bbox,0.1363246984649122,0.3449379310344828,0.4323111111111111,0.4975019984012789,opencv_telea,success,,/Users/huhu/Documents/Code/bishe/vrb/vrbreproduction/outputs/e11/experiments/E11/pipeline_outputs/subaction_56_P01_109_56/candidate_02_frame_005064_left/reference_frame_original.png,/Users/huhu/Documents/Code/bishe/vrb/vrbreproduction/outputs/e11/experiments/E11/pipeline_outputs/subaction_56_P01_109_56/candidate_02_frame_005064_left/reference_frame_dehanded.png,/Users/huhu/Documents/Code/bishe/vrb/vrbreproduction/outputs/e11/experiments/E11/pipeline_outputs/subaction_56_P01_109_56/candidate_02_frame_005064_left/hand_mask.png,2.0,True
56,P01_109_56,pick up potato,pick-up,potato,5102.0,left,new_contact_episode,5089.0,13.0,contact_part_local_affine,contact_part_local_affine,grabcut_fallback,bbox_fallback,cotracker,ready,,small_object_whole_mask_allowed,1263,1.0,2860.0,1.0,True,5,0.0,contact_part_mask,26,0,False,1.0,36,35,35,1.0,1.0619553327560425,5,0.0,0.1997391252408633,,,,,,,6.0779413400173175,68,5,0.2081333333333333,isotropic_e7,/Users/huhu/Documents/Code/bishe/vrb/vrbreproduction/outputs/e11/experiments/E11/pipeline_outputs/subaction_56_P01_109_56/candidate_07_frame_005102_left,/Users/huhu/Documents/Code/bishe/vrb/vrbreproduction/outputs/e11/experiments/E11/pipeline_outputs/subaction_56_P01_109_56/candidate_07_frame_005102_left/reference_frame_dehanded.png,/Users/huhu/Documents/Code/bishe/vrb/vrbreproduction/outputs/e11/experiments/E11/pipeline_outputs/subaction_56_P01_109_56/candidate_07_frame_005102_left/label_heatmap_merged_overlay.png,/Users/huhu/Documents/Code/bishe/vrb/vrbreproduction/outputs/e11/experiments/E11/pipeline_outputs/subaction_56_P01_109_56/candidate_07_frame_005102_left/vrb_style_affordance.png,/Users/huhu/Documents/Code/bishe/vrb/vrbreproduction/outputs/e11/experiments/E11/pipeline_outputs/subaction_56_P01_109_56/candidate_07_frame_005102_left/mask_projection_overlay.png,E11,inpainted_bbox,0.1769377055921052,1.0,0.6672888888888889,1.0,opencv_telea,success,,/Users/huhu/Documents/Code/bishe/vrb/vrbreproduction/outputs/e11/experiments/E11/pipeline_outputs/subaction_56_P01_109_56/candidate_07_frame_005102_left/reference_frame_original.png,/Users/huhu/Documents/Code/bishe/vrb/vrbreproduction/outputs/e11/experiments/E11/pipeline_outputs/subaction_56_P01_109_56/candidate_07_frame_005102_left/reference_frame_dehanded.png,/Users/huhu/Documents/Code/bishe/vrb/vrbreproduction/outputs/e11/experiments/E11/pipeline_outputs/subaction_56_P01_109_56/candidate_07_frame_005102_left/hand_mask.png,2.0,True
57,P01_109_57,move potato,move,potato,5082.0,left,continuation_entry_rescue,5081.0,1.0,contact_part_local_affine,contact_part_local_affine,grabcut_fallback,bbox_fallback,cotracker,ready,,small_object_whole_mask_allowed,924,1.0,924.0,1.0,True,4,0.0,contact_part_mask,26,0,False,0.75,36,36,36,1.0,0.2292807698249817,4,0.0,0.1997391252408633,,,,,,,5.574721576905249,70,4,0.1082666666666666,isotropic_e7,/Users/huhu/Documents/Code/bishe/vrb/vrbreproduction/outputs/e11/experiments/E11/pipeline_outputs/subaction_57_P01_109_57/candidate_03_frame_005082_left,/Users/huhu/Documents/Code/bishe/vrb/vrbreproduction/outputs/e11/experiments/E11/pipeline_outputs/subaction_57_P01_109_57/candidate_03_frame_005082_left/reference_frame_dehanded.png,/Users/huhu/Documents/Code/bishe/vrb/vrbreproduction/outputs/e11/experiments/E11/pipeline_outputs/subaction_57_P01_109_57/candidate_03_frame_005082_left/label_heatmap_merged_overlay.png,/Users/huhu/Documents/Code/bishe/vrb/vrbreproduction/outputs/e11/experiments/E11/pipeline_outputs/subaction_57_P01_109_57/candidate_03_frame_005082_left/vrb_style_affordance.png,/Users/huhu/Documents/Code/bishe/vrb/vrbreproduction/outputs/e11/experiments/E11/pipeline_outputs/subaction_57_P01_109_57/candidate_03_frame_005082_left/mask_projection_overlay.png,E11,inpainted_bbox,0.141747190241228,1.0,0.3236888888888889,1.0,opencv_telea,success,,/Users/huhu/Documents/Code/bishe/vrb/vrbreproduction/outputs/e11/experiments/E11/pipeline_outputs/subaction_57_P01_109_57/candidate_03_frame_005082_left/reference_frame_original.png,/Users/huhu/Documents/Code/bishe/vrb/vrbreproduction/outputs/e11/experiments/E11/pipeline_outputs/subaction_57_P01_109_57/candidate_03_frame_005082_left/reference_frame_dehanded.png,/Users/huhu/Documents/Code/bishe/vrb/vrbreproduction/outputs/e11/experiments/E11/pipeline_outputs/subaction_57_P01_109_57/candidate_03_frame_005082_left/hand_mask.png,2.0,True
58,P01_109_58,peel potato,peel,potato,7134.0,right,new_contact_episode,7133.0,1.0,contact_part_local_affine,contact_part_local_affine,grabcut_fallback,bbox_fallback,cotracker,ready,,small_object_whole_mask_allowed,1113,1.0,1836.0,1.0,True,5,0.0,contact_part_mask,26,0,False,1.0,36,34,34,1.0,0.7142907977104187,5,0.0,1.0,,,,,,,6.11970460940202,252,5,0.2352444444444444,isotropic_e7,/Users/huhu/Documents/Code/bishe/vrb/vrbreproduction/outputs/e11/experiments/E11/pipeline_outputs/subaction_58_P01_109_58/candidate_02_frame_007134_right,/Users/huhu/Documents/Code/bishe/vrb/vrbreproduction/outputs/e11/experiments/E11/pipeline_outputs/subaction_58_P01_109_58/candidate_02_frame_007134_right/reference_frame_dehanded.png,/Users/huhu/Documents/Code/bishe/vrb/vrbreproduction/outputs/e11/experiments/E11/pipeline_outputs/subaction_58_P01_109_58/candidate_02_frame_007134_right/label_heatmap_merged_overlay.png,/Users/huhu/Documents/Code/bishe/vrb/vrbreproduction/outputs/e11/experiments/E11/pipeline_outputs/subaction_58_P01_109_58/candidate_02_frame_007134_right/vrb_style_affordance.png,/Users/huhu/Documents/Code/bishe/vrb/vrbreproduction/outputs/e11/experiments/E11/pipeline_outputs/subaction_58_P01_109_58/candidate_02_frame_007134_right/mask_projection_overlay.png,E11,inpainted_bbox,0.2052151864035087,1.0,0.7432888888888889,1.0,opencv_telea,success,,/Users/huhu/Documents/Code/bishe/vrb/vrbreproduction/outputs/e11/experiments/E11/pipeline_outputs/subaction_58_P01_109_58/candidate_02_frame_007134_right/reference_frame_original.png,/Users/huhu/Documents/Code/bishe/vrb/vrbreproduction/outputs/e11/experiments/E11/pipeline_outputs/subaction_58_P01_109_58/candidate_02_frame_007134_right/reference_frame_dehanded.png,/Users/huhu/Documents/Code/bishe/vrb/vrbreproduction/outputs/e11/experiments/E11/pipeline_outputs/subaction_58_P01_109_58/candidate_02_frame_007134_right/hand_mask.png,2.0,True
58,P01_109_58,peel potato,peel,potato,7235.0,right,new_contact_episode,7228.0,7.0,contact_part_local_affine,contact_part_local_affine,grabcut_fallback,bbox_fallback,cotracker,ready,,small_object_whole_mask_allowed,710,1.0,1836.0,1.0,True,5,0.0,contact_part_mask,26,0,False,1.0,36,11,11,1.0,1.110051512718201,5,0.0,1.0,,,,,,,5.998031787951787,144,5,0.2844444444444444,isotropic_e7,/Users/huhu/Documents/Code/bishe/vrb/vrbreproduction/outputs/e11/experiments/E11/pipeline_outputs/subaction_58_P01_109_58/candidate_06_frame_007235_right,/Users/huhu/Documents/Code/bishe/vrb/vrbreproduction/outputs/e11/experiments/E11/pipeline_outputs/subaction_58_P01_109_58/candidate_06_frame_007235_right/reference_frame_dehanded.png,/Users/huhu/Documents/Code/bishe/vrb/vrbreproduction/outputs/e11/experiments/E11/pipeline_outputs/subaction_58_P01_109_58/candidate_06_frame_007235_right/label_heatmap_merged_overlay.png,/Users/huhu/Documents/Code/bishe/vrb/vrbreproduction/outputs/e11/experiments/E11/pipeline_outputs/subaction_58_P01_109_58/candidate_06_frame_007235_right/vrb_style_affordance.png,/Users/huhu/Documents/Code/bishe/vrb/vrbreproduction/outputs/e11/experiments/E11/pipeline_outputs/subaction_58_P01_109_58/candidate_06_frame_007235_right/mask_projection_overlay.png,E11,inpainted_bbox,0.2134046052631578,1.0,0.7543111111111112,1.0,opencv_telea,success,,/Users/huhu/Documents/Code/bishe/vrb/vrbreproduction/outputs/e11/experiments/E11/pipeline_outputs/subaction_58_P01_109_58/candidate_06_frame_007235_right/reference_frame_original.png,/Users/huhu/Documents/Code/bishe/vrb/vrbreproduction/outputs/e11/experiments/E11/pipeline_outputs/subaction_58_P01_109_58/candidate_06_frame_007235_right/reference_frame_dehanded.png,/Users/huhu/Documents/Code/bishe/vrb/vrbreproduction/outputs/e11/experiments/E11/pipeline_outputs/subaction_58_P01_109_58/candidate_06_frame_007235_right/hand_mask.png,2.0,False
58,P01_109_58,peel potato,peel,potato,7237.0,right,new_contact_episode,7236.0,1.0,contact_part_local_affine,contact_part_local_affine,grabcut_fallback,bbox_fallback,cotracker,ready,,small_object_whole_mask_allowed,671,1.0,870.0,1.0,True,5,0.0,contact_part_mask,26,0,False,1.0,36,36,36,1.0,0.4860869646072387,5,0.0,1.0,,,,,,,6.119684057728448,93,5,0.2398222222222222,isotropic_e7,/Users/huhu/Documents/Code/bishe/vrb/vrbreproduction/outputs/e11/experiments/E11/pipeline_outputs/subaction_58_P01_109_58/candidate_08_frame_007237_right,/Users/huhu/Documents/Code/bishe/vrb/vrbreproduction/outputs/e11/experiments/E11/pipeline_outputs/subaction_58_P01_109_58/candidate_08_frame_007237_right/reference_frame_dehanded.png,/Users/huhu/Documents/Code/bishe/vrb/vrbreproduction/outputs/e11/experiments/E11/pipeline_outputs/subaction_58_P01_109_58/candidate_08_frame_007237_right/label_heatmap_merged_overlay.png,/Users/huhu/Documents/Code/bishe/vrb/vrbreproduction/outputs/e11/experiments/E11/pipeline_outputs/subaction_58_P01_109_58/candidate_08_frame_007237_right/vrb_style_affordance.png,/Users/huhu/Documents/Code/bishe/vrb/vrbreproduction/outputs/e11/experiments/E11/pipeline_outputs/subaction_58_P01_109_58/candidate_08_frame_007237_right/mask_projection_overlay.png,E11,inpainted_bbox,0.219469572368421,1.0,0.7313777777777778,1.0,opencv_telea,success,,/Users/huhu/Documents/Code/bishe/vrb/vrbreproduction/outputs/e11/experiments/E11/pipeline_outputs/subaction_58_P01_109_58/candidate_08_frame_007237_right/reference_frame_original.png,/Users/huhu/Documents/Code/bishe/vrb/vrbreproduction/outputs/e11/experiments/E11/pipeline_outputs/subaction_58_P01_109_58/candidate_08_frame_007237_right/reference_frame_dehanded.png,/Users/huhu/Documents/Code/bishe/vrb/vrbreproduction/outputs/e11/experiments/E11/pipeline_outputs/subaction_58_P01_109_58/candidate_08_frame_007237_right/hand_mask.png,2.0,True
59,P01_109_59,put down potato,put-down,potato,9493.0,right,continuation_entry_rescue,9492.0,1.0,contact_part_local_affine,contact_part_local_affine,grabcut_fallback,bbox_fallback,cotracker,ready,,small_object_whole_mask_allowed,639,1.0,1140.0,1.0,True,5,0.0,contact_part_mask,26,0,False,1.0,36,36,36,1.0,0.1356476545333862,5,0.0,1.0,,,,,,,6.124997237030664,120,5,0.2432888888888889,isotropic_e7,/Users/huhu/Documents/Code/bishe/vrb/vrbreproduction/outputs/e11/experiments/E11/pipeline_outputs/subaction_59_P01_109_59/candidate_02_frame_009493_right,/Users/huhu/Documents/Code/bishe/vrb/vrbreproduction/outputs/e11/experiments/E11/pipeline_outputs/subaction_59_P01_109_59/candidate_02_frame_009493_right/reference_frame_dehanded.png,/Users/huhu/Documents/Code/bishe/vrb/vrbreproduction/outputs/e11/experiments/E11/pipeline_outputs/subaction_59_P01_109_59/candidate_02_frame_009493_right/label_heatmap_merged_overlay.png,/Users/huhu/Documents/Code/bishe/vrb/vrbreproduction/outputs/e11/experiments/E11/pipeline_outputs/subaction_59_P01_109_59/candidate_02_frame_009493_right/vrb_style_affordance.png,/Users/huhu/Documents/Code/bishe/vrb/vrbreproduction/outputs/e11/experiments/E11/pipeline_outputs/subaction_59_P01_109_59/candidate_02_frame_009493_right/mask_projection_overlay.png,E11,inpainted_bbox,0.2185187088815789,1.0,0.6733333333333333,1.0,opencv_telea,success,,/Users/huhu/Documents/Code/bishe/vrb/vrbreproduction/outputs/e11/experiments/E11/pipeline_outputs/subaction_59_P01_109_59/candidate_02_frame_009493_right/reference_frame_original.png,/Users/huhu/Documents/Code/bishe/vrb/vrbreproduction/outputs/e11/experiments/E11/pipeline_outputs/subaction_59_P01_109_59/candidate_02_frame_009493_right/reference_frame_dehanded.png,/Users/huhu/Documents/Code/bishe/vrb/vrbreproduction/outputs/e11/experiments/E11/pipeline_outputs/subaction_59_P01_109_59/candidate_02_frame_009493_right/hand_mask.png,2.0,True
60,P01_109_60,put down peeler,put-down,peeler,9586.0,right,continuation_entry_rescue,9585.0,1.0,contact_part_local_affine,contact_part_local_affine,grabcut_fallback,bbox_fallback,cotracker,ready,,handle_like_edge_or_endpoint,256,1.0,667.0,1.0,True,5,0.0,contact_part_mask,26,0,False,1.0,36,36,36,1.0,0.1401841938495636,5,0.0,1.0,,,,,,,6.296461140851179,47,5,0.1288888888888889,isotropic_e7,/Users/huhu/Documents/Code/bishe/vrb/vrbreproduction/outputs/e11/experiments/E11/pipeline_outputs/subaction_60_P01_109_60/candidate_03_frame_009586_right,/Users/huhu/Documents/Code/bishe/vrb/vrbreproduction/outputs/e11/experiments/E11/pipeline_outputs/subaction_60_P01_109_60/candidate_03_frame_009586_right/reference_frame_dehanded.png,/Users/huhu/Documents/Code/bishe/vrb/vrbreproduction/outputs/e11/experiments/E11/pipeline_outputs/subaction_60_P01_109_60/candidate_03_frame_009586_right/label_heatmap_merged_overlay.png,/Users/huhu/Documents/Code/bishe/vrb/vrbreproduction/outputs/e11/experiments/E11/pipeline_outputs/subaction_60_P01_109_60/candidate_03_frame_009586_right/vrb_style_affordance.png,/Users/huhu/Documents/Code/bishe/vrb/vrbreproduction/outputs/e11/experiments/E11/pipeline_outputs/subaction_60_P01_109_60/candidate_03_frame_009586_right/mask_projection_overlay.png,E11,inpainted_bbox,0.1755071271929824,1.0,0.4437333333333333,1.0,opencv_telea,success,,/Users/huhu/Documents/Code/bishe/vrb/vrbreproduction/outputs/e11/experiments/E11/pipeline_outputs/subaction_60_P01_109_60/candidate_03_frame_009586_right/reference_frame_original.png,/Users/huhu/Documents/Code/bishe/vrb/vrbreproduction/outputs/e11/experiments/E11/pipeline_outputs/subaction_60_P01_109_60/candidate_03_frame_009586_right/reference_frame_dehanded.png,/Users/huhu/Documents/Code/bishe/vrb/vrbreproduction/outputs/e11/experiments/E11/pipeline_outputs/subaction_60_P01_109_60/candidate_03_frame_009586_right/hand_mask.png,2.0,True
62,P01_109_62,grab potato,grab,potato,9805.0,left,continuation_entry_rescue,9798.0,7.0,contact_part_local_affine,contact_part_local_affine,grabcut_fallback,bbox_fallback,cotracker,ready,,small_object_whole_mask_allowed,1374,1.0,1672.0,1.0,True,4,0.0,contact_part_mask,26,0,False,0.8928030303030303,36,33,28,0.8484848484848485,0.5280753374099731,4,0.0,0.2364804748428484,,,,,,,5.669866830786792,36,4,0.1699111111111111,isotropic_e7,/Users/huhu/Documents/Code/bishe/vrb/vrbreproduction/outputs/e11/experiments/E11/pipeline_outputs/subaction_62_P01_109_62/candidate_03_frame_009805_left,/Users/huhu/Documents/Code/bishe/vrb/vrbreproduction/outputs/e11/experiments/E11/pipeline_outputs/subaction_62_P01_109_62/candidate_03_frame_009805_left/reference_frame_dehanded.png,/Users/huhu/Documents/Code/bishe/vrb/vrbreproduction/outputs/e11/experiments/E11/pipeline_outputs/subaction_62_P01_109_62/candidate_03_frame_009805_left/label_heatmap_merged_overlay.png,/Users/huhu/Documents/Code/bishe/vrb/vrbreproduction/outputs/e11/experiments/E11/pipeline_outputs/subaction_62_P01_109_62/candidate_03_frame_009805_left/vrb_style_affordance.png,/Users/huhu/Documents/Code/bishe/vrb/vrbreproduction/outputs/e11/experiments/E11/pipeline_outputs/subaction_62_P01_109_62/candidate_03_frame_009805_left/mask_projection_overlay.png,E11,inpainted_bbox,0.2122481496710526,1.0,0.5584,1.0,opencv_telea,success,,/Users/huhu/Documents/Code/bishe/vrb/vrbreproduction/outputs/e11/experiments/E11/pipeline_outputs/subaction_62_P01_109_62/candidate_03_frame_009805_left/reference_frame_original.png,/Users/huhu/Documents/Code/bishe/vrb/vrbreproduction/outputs/e11/experiments/E11/pipeline_outputs/subaction_62_P01_109_62/candidate_03_frame_009805_left/reference_frame_dehanded.png,/Users/huhu/Documents/Code/bishe/vrb/vrbreproduction/outputs/e11/experiments/E11/pipeline_outputs/subaction_62_P01_109_62/candidate_03_frame_009805_left/hand_mask.png,2.0,True
63,P01_109_63,cut potato,cut,potato,9831.0,left,continuation_entry_rescue,9830.0,1.0,contact_part_local_affine,contact_part_local_affine,grabcut_fallback,bbox_fallback,cotracker,ready,,small_object_whole_mask_allowed,1202,1.0,1760.0,1.0,True,5,0.0,contact_part_mask,26,0,False,1.0,36,36,36,1.0,0.160248577594757,5,0.0,0.2364804748428484,,,,,,,6.159859209338823,58,5,0.2195555555555555,isotropic_e7,/Users/huhu/Documents/Code/bishe/vrb/vrbreproduction/outputs/e11/experiments/E11/pipeline_outputs/subaction_63_P01_109_63/candidate_03_frame_009831_left,/Users/huhu/Documents/Code/bishe/vrb/vrbreproduction/outputs/e11/experiments/E11/pipeline_outputs/subaction_63_P01_109_63/candidate_03_frame_009831_left/reference_frame_dehanded.png,/Users/huhu/Documents/Code/bishe/vrb/vrbreproduction/outputs/e11/experiments/E11/pipeline_outputs/subaction_63_P01_109_63/candidate_03_frame_009831_left/label_heatmap_merged_overlay.png,/Users/huhu/Documents/Code/bishe/vrb/vrbreproduction/outputs/e11/experiments/E11/pipeline_outputs/subaction_63_P01_109_63/candidate_03_frame_009831_left/vrb_style_affordance.png,/Users/huhu/Documents/Code/bishe/vrb/vrbreproduction/outputs/e11/experiments/E11/pipeline_outputs/subaction_63_P01_109_63/candidate_03_frame_009831_left/mask_projection_overlay.png,E11,inpainted_bbox,0.2313767817982456,1.0,0.6553777777777777,1.0,opencv_telea,success,,/Users/huhu/Documents/Code/bishe/vrb/vrbreproduction/outputs/e11/experiments/E11/pipeline_outputs/subaction_63_P01_109_63/candidate_03_frame_009831_left/reference_frame_original.png,/Users/huhu/Documents/Code/bishe/vrb/vrbreproduction/outputs/e11/experiments/E11/pipeline_outputs/subaction_63_P01_109_63/candidate_03_frame_009831_left/reference_frame_dehanded.png,/Users/huhu/Documents/Code/bishe/vrb/vrbreproduction/outputs/e11/experiments/E11/pipeline_outputs/subaction_63_P01_109_63/candidate_03_frame_009831_left/hand_mask.png,2.0,True
64,P01_109_64,pick up potato bit,pick-up,bit:potato,10144.0,left,new_contact_episode,10143.0,1.0,contact_part_local_affine,contact_part_local_affine,grabcut_fallback,bbox_fallback,cotracker,ready,,small_object_whole_mask_allowed,1416,1.0,2201.0,0.9808377896613192,True,5,0.0,contact_part_mask,26,0,False,1.0,36,36,36,1.0,0.1060571521520614,5,0.0,0.970225,,,,,,,6.280884952102103,42,5,0.1399555555555555,isotropic_e7,/Users/huhu/Documents/Code/bishe/vrb/vrbreproduction/outputs/e11/experiments/E11/pipeline_outputs/subaction_64_P01_109_64/candidate_00_frame_010144_left,/Users/huhu/Documents/Code/bishe/vrb/vrbreproduction/outputs/e11/experiments/E11/pipeline_outputs/subaction_64_P01_109_64/candidate_00_frame_010144_left/reference_frame_dehanded.png,/Users/huhu/Documents/Code/bishe/vrb/vrbreproduction/outputs/e11/experiments/E11/pipeline_outputs/subaction_64_P01_109_64/candidate_00_frame_010144_left/label_heatmap_merged_overlay.png,/Users/huhu/Documents/Code/bishe/vrb/vrbreproduction/outputs/e11/experiments/E11/pipeline_outputs/subaction_64_P01_109_64/candidate_00_frame_010144_left/vrb_style_affordance.png,/Users/huhu/Documents/Code/bishe/vrb/vrbreproduction/outputs/e11/experiments/E11/pipeline_outputs/subaction_64_P01_109_64/candidate_00_frame_010144_left/mask_projection_overlay.png,E11,inpainted_bbox,0.1854183799342105,0.6470588235294118,0.4668444444444444,0.6565197637437529,opencv_telea,success,,/Users/huhu/Documents/Code/bishe/vrb/vrbreproduction/outputs/e11/experiments/E11/pipeline_outputs/subaction_64_P01_109_64/candidate_00_frame_010144_left/reference_frame_original.png,/Users/huhu/Documents/Code/bishe/vrb/vrbreproduction/outputs/e11/experiments/E11/pipeline_outputs/subaction_64_P01_109_64/candidate_00_frame_010144_left/reference_frame_dehanded.png,/Users/huhu/Documents/Code/bishe/vrb/vrbreproduction/outputs/e11/experiments/E11/pipeline_outputs/subaction_64_P01_109_64/candidate_00_frame_010144_left/hand_mask.png,2.0,False
64,P01_109_64,pick up potato bit,pick-up,bit:potato,10146.0,left,new_contact_episode,10145.0,1.0,contact_part_local_affine,contact_part_local_affine,grabcut_fallback,bbox_fallback,cotracker,ready,,small_object_whole_mask_allowed,1407,1.0,2134.0,0.9897959183673468,True,5,0.0,contact_part_mask,26,0,False,1.0,36,36,36,1.0,0.1382411122322082,5,0.0,0.955671625,,,,,,,6.277519433299699,40,5,0.1415555555555555,isotropic_e7,/Users/huhu/Documents/Code/bishe/vrb/vrbreproduction/outputs/e11/experiments/E11/pipeline_outputs/subaction_64_P01_109_64/candidate_02_frame_010146_left,/Users/huhu/Documents/Code/bishe/vrb/vrbreproduction/outputs/e11/experiments/E11/pipeline_outputs/subaction_64_P01_109_64/candidate_02_frame_010146_left/reference_frame_dehanded.png,/Users/huhu/Documents/Code/bishe/vrb/vrbreproduction/outputs/e11/experiments/E11/pipeline_outputs/subaction_64_P01_109_64/candidate_02_frame_010146_left/label_heatmap_merged_overlay.png,/Users/huhu/Documents/Code/bishe/vrb/vrbreproduction/outputs/e11/experiments/E11/pipeline_outputs/subaction_64_P01_109_64/candidate_02_frame_010146_left/vrb_style_affordance.png,/Users/huhu/Documents/Code/bishe/vrb/vrbreproduction/outputs/e11/experiments/E11/pipeline_outputs/subaction_64_P01_109_64/candidate_02_frame_010146_left/mask_projection_overlay.png,E11,inpainted_bbox,0.1822916666666666,0.7346938775510204,0.4433333333333333,0.7319587628865979,opencv_telea,success,,/Users/huhu/Documents/Code/bishe/vrb/vrbreproduction/outputs/e11/experiments/E11/pipeline_outputs/subaction_64_P01_109_64/candidate_02_frame_010146_left/reference_frame_original.png,/Users/huhu/Documents/Code/bishe/vrb/vrbreproduction/outputs/e11/experiments/E11/pipeline_outputs/subaction_64_P01_109_64/candidate_02_frame_010146_left/reference_frame_dehanded.png,/Users/huhu/Documents/Code/bishe/vrb/vrbreproduction/outputs/e11/experiments/E11/pipeline_outputs/subaction_64_P01_109_64/candidate_02_frame_010146_left/hand_mask.png,2.0,True
65,P01_109_65,put down potato bit,put-down,bit:potato,10184.0,left,new_contact_episode,10183.0,1.0,contact_part_local_affine,contact_part_local_affine,grabcut_fallback,bbox_fallback,cotracker,ready,,small_object_whole_mask_allowed,9796,0.7495026778882938,10930.0,0.4549617049617049,True,5,0.0,contact_part_mask,26,0,False,1.0,36,36,36,1.0,0.2427584826946258,5,0.0,1.0,,,,,,,6.354850578852494,153,5,0.0879111111111111,isotropic_e7,/Users/huhu/Documents/Code/bishe/vrb/vrbreproduction/outputs/e11/experiments/E11/pipeline_outputs/subaction_65_P01_109_65/candidate_04_frame_010184_left,/Users/huhu/Documents/Code/bishe/vrb/vrbreproduction/outputs/e11/experiments/E11/pipeline_outputs/subaction_65_P01_109_65/candidate_04_frame_010184_left/reference_frame_dehanded.png,/Users/huhu/Documents/Code/bishe/vrb/vrbreproduction/outputs/e11/experiments/E11/pipeline_outputs/subaction_65_P01_109_65/candidate_04_frame_010184_left/label_heatmap_merged_overlay.png,/Users/huhu/Documents/Code/bishe/vrb/vrbreproduction/outputs/e11/experiments/E11/pipeline_outputs/subaction_65_P01_109_65/candidate_04_frame_010184_left/vrb_style_affordance.png,/Users/huhu/Documents/Code/bishe/vrb/vrbreproduction/outputs/e11/experiments/E11/pipeline_outputs/subaction_65_P01_109_65/candidate_04_frame_010184_left/mask_projection_overlay.png,E11,inpainted_bbox,0.168516995614035,0.292082917082917,0.3639111111111111,0.5274473924977127,opencv_telea,success,,/Users/huhu/Documents/Code/bishe/vrb/vrbreproduction/outputs/e11/experiments/E11/pipeline_outputs/subaction_65_P01_109_65/candidate_04_frame_010184_left/reference_frame_original.png,/Users/huhu/Documents/Code/bishe/vrb/vrbreproduction/outputs/e11/experiments/E11/pipeline_outputs/subaction_65_P01_109_65/candidate_04_frame_010184_left/reference_frame_dehanded.png,/Users/huhu/Documents/Code/bishe/vrb/vrbreproduction/outputs/e11/experiments/E11/pipeline_outputs/subaction_65_P01_109_65/candidate_04_frame_010184_left/hand_mask.png,2.0,True
65,P01_109_65,put down potato bit,put-down,bit:potato,10186.0,left,new_contact_episode,10183.0,3.0,contact_part_local_affine,contact_part_local_affine,grabcut_fallback,bbox_fallback,cotracker,ready,,small_object_whole_mask_allowed,7430,0.7116858237547893,11149.0,0.4640582726326743,True,5,0.0,contact_part_mask,26,0,False,1.0,36,36,36,1.0,0.2947906851768493,5,0.0,1.0,,,,,,,6.341289612778027,142,5,0.0879111111111111,isotropic_e7,/Users/huhu/Documents/Code/bishe/vrb/vrbreproduction/outputs/e11/experiments/E11/pipeline_outputs/subaction_65_P01_109_65/candidate_06_frame_010186_left,/Users/huhu/Documents/Code/bishe/vrb/vrbreproduction/outputs/e11/experiments/E11/pipeline_outputs/subaction_65_P01_109_65/candidate_06_frame_010186_left/reference_frame_dehanded.png,/Users/huhu/Documents/Code/bishe/vrb/vrbreproduction/outputs/e11/experiments/E11/pipeline_outputs/subaction_65_P01_109_65/candidate_06_frame_010186_left/label_heatmap_merged_overlay.png,/Users/huhu/Documents/Code/bishe/vrb/vrbreproduction/outputs/e11/experiments/E11/pipeline_outputs/subaction_65_P01_109_65/candidate_06_frame_010186_left/vrb_style_affordance.png,/Users/huhu/Documents/Code/bishe/vrb/vrbreproduction/outputs/e11/experiments/E11/pipeline_outputs/subaction_65_P01_109_65/candidate_06_frame_010186_left/mask_projection_overlay.png,E11,inpainted_bbox,0.168516995614035,0.2920707596253902,0.3639111111111111,0.5211229706700152,opencv_telea,success,,/Users/huhu/Documents/Code/bishe/vrb/vrbreproduction/outputs/e11/experiments/E11/pipeline_outputs/subaction_65_P01_109_65/candidate_06_frame_010186_left/reference_frame_original.png,/Users/huhu/Documents/Code/bishe/vrb/vrbreproduction/outputs/e11/experiments/E11/pipeline_outputs/subaction_65_P01_109_65/candidate_06_frame_010186_left/reference_frame_dehanded.png,/Users/huhu/Documents/Code/bishe/vrb/vrbreproduction/outputs/e11/experiments/E11/pipeline_outputs/subaction_65_P01_109_65/candidate_06_frame_010186_left/hand_mask.png,2.0,True
66,P01_109_66,move cutting board,move,board:cutting,10197.0,left,new_contact_episode,10196.0,1.0,contact_part_local_affine,contact_part_local_affine,grabcut_fallback,bbox_fallback,cotracker,ready,,contact_local_boundary,7325,0.7035151747983096,11108.0,0.5164349807057511,True,5,0.0,contact_part_mask,26,0,False,1.0,36,36,36,1.0,0.2465796619653701,5,0.0,1.0,,,,,,,6.320535943474371,186,5,0.1107111111111111,isotropic_e7,/Users/huhu/Documents/Code/bishe/vrb/vrbreproduction/outputs/e11/experiments/E11/pipeline_outputs/subaction_66_P01_109_66/candidate_00_frame_010197_left,/Users/huhu/Documents/Code/bishe/vrb/vrbreproduction/outputs/e11/experiments/E11/pipeline_outputs/subaction_66_P01_109_66/candidate_00_frame_010197_left/reference_frame_dehanded.png,/Users/huhu/Documents/Code/bishe/vrb/vrbreproduction/outputs/e11/experiments/E11/pipeline_outputs/subaction_66_P01_109_66/candidate_00_frame_010197_left/label_heatmap_merged_overlay.png,/Users/huhu/Documents/Code/bishe/vrb/vrbreproduction/outputs/e11/experiments/E11/pipeline_outputs/subaction_66_P01_109_66/candidate_00_frame_010197_left/vrb_style_affordance.png,/Users/huhu/Documents/Code/bishe/vrb/vrbreproduction/outputs/e11/experiments/E11/pipeline_outputs/subaction_66_P01_109_66/candidate_00_frame_010197_left/mask_projection_overlay.png,E11,inpainted_bbox,0.1690738075657894,0.4530196661862476,0.4092,0.628736046092906,opencv_telea,success,,/Users/huhu/Documents/Code/bishe/vrb/vrbreproduction/outputs/e11/experiments/E11/pipeline_outputs/subaction_66_P01_109_66/candidate_00_frame_010197_left/reference_frame_original.png,/Users/huhu/Documents/Code/bishe/vrb/vrbreproduction/outputs/e11/experiments/E11/pipeline_outputs/subaction_66_P01_109_66/candidate_00_frame_010197_left/reference_frame_dehanded.png,/Users/huhu/Documents/Code/bishe/vrb/vrbreproduction/outputs/e11/experiments/E11/pipeline_outputs/subaction_66_P01_109_66/candidate_00_frame_010197_left/hand_mask.png,2.0,True
66,P01_109_66,move cutting board,move,board:cutting,10199.0,left,new_contact_episode,10198.0,1.0,contact_part_local_affine,contact_part_local_affine,grabcut_fallback,bbox_fallback,cotracker,ready,,contact_local_boundary,7928,0.6962325458856591,10417.0,0.5217369528197936,True,5,0.0,contact_part_mask,26,0,False,1.0,36,36,36,1.0,0.3278281688690185,5,0.0,1.0,,,,,,,6.314965154933929,182,5,0.1128,isotropic_e7,/Users/huhu/Documents/Code/bishe/vrb/vrbreproduction/outputs/e11/experiments/E11/pipeline_outputs/subaction_66_P01_109_66/candidate_02_frame_010199_left,/Users/huhu/Documents/Code/bishe/vrb/vrbreproduction/outputs/e11/experiments/E11/pipeline_outputs/subaction_66_P01_109_66/candidate_02_frame_010199_left/reference_frame_dehanded.png,/Users/huhu/Documents/Code/bishe/vrb/vrbreproduction/outputs/e11/experiments/E11/pipeline_outputs/subaction_66_P01_109_66/candidate_02_frame_010199_left/label_heatmap_merged_overlay.png,/Users/huhu/Documents/Code/bishe/vrb/vrbreproduction/outputs/e11/experiments/E11/pipeline_outputs/subaction_66_P01_109_66/candidate_02_frame_010199_left/vrb_style_affordance.png,/Users/huhu/Documents/Code/bishe/vrb/vrbreproduction/outputs/e11/experiments/E11/pipeline_outputs/subaction_66_P01_109_66/candidate_02_frame_010199_left/mask_projection_overlay.png,E11,inpainted_bbox,0.1708727384868421,0.4587799258739857,0.4133333333333333,0.6284918882595757,opencv_telea,success,,/Users/huhu/Documents/Code/bishe/vrb/vrbreproduction/outputs/e11/experiments/E11/pipeline_outputs/subaction_66_P01_109_66/candidate_02_frame_010199_left/reference_frame_original.png,/Users/huhu/Documents/Code/bishe/vrb/vrbreproduction/outputs/e11/experiments/E11/pipeline_outputs/subaction_66_P01_109_66/candidate_02_frame_010199_left/reference_frame_dehanded.png,/Users/huhu/Documents/Code/bishe/vrb/vrbreproduction/outputs/e11/experiments/E11/pipeline_outputs/subaction_66_P01_109_66/candidate_02_frame_010199_left/hand_mask.png,2.0,True
66,P01_109_66,move cutting board,move,board:cutting,10201.0,left,new_contact_episode,10200.0,1.0,contact_part_local_affine,contact_part_local_affine,grabcut_fallback,bbox_fallback,cotracker,ready,,contact_local_boundary,9367,0.7713909248126493,10766.0,0.5188933873144399,True,5,0.0,contact_part_mask,26,0,False,1.0,36,36,36,1.0,0.3540384471416473,5,0.0,1.0,,,,,,,6.323912179919082,202,5,0.1063111111111111,isotropic_e7,/Users/huhu/Documents/Code/bishe/vrb/vrbreproduction/outputs/e11/experiments/E11/pipeline_outputs/subaction_66_P01_109_66/candidate_03_frame_010201_left,/Users/huhu/Documents/Code/bishe/vrb/vrbreproduction/outputs/e11/experiments/E11/pipeline_outputs/subaction_66_P01_109_66/candidate_03_frame_010201_left/reference_frame_dehanded.png,/Users/huhu/Documents/Code/bishe/vrb/vrbreproduction/outputs/e11/experiments/E11/pipeline_outputs/subaction_66_P01_109_66/candidate_03_frame_010201_left/label_heatmap_merged_overlay.png,/Users/huhu/Documents/Code/bishe/vrb/vrbreproduction/outputs/e11/experiments/E11/pipeline_outputs/subaction_66_P01_109_66/candidate_03_frame_010201_left/vrb_style_affordance.png,/Users/huhu/Documents/Code/bishe/vrb/vrbreproduction/outputs/e11/experiments/E11/pipeline_outputs/subaction_66_P01_109_66/candidate_03_frame_010201_left/mask_projection_overlay.png,E11,inpainted_bbox,0.1692194353070175,0.4507422402159244,0.4007111111111111,0.6279026565112391,opencv_telea,success,,/Users/huhu/Documents/Code/bishe/vrb/vrbreproduction/outputs/e11/experiments/E11/pipeline_outputs/subaction_66_P01_109_66/candidate_03_frame_010201_left/reference_frame_original.png,/Users/huhu/Documents/Code/bishe/vrb/vrbreproduction/outputs/e11/experiments/E11/pipeline_outputs/subaction_66_P01_109_66/candidate_03_frame_010201_left/reference_frame_dehanded.png,/Users/huhu/Documents/Code/bishe/vrb/vrbreproduction/outputs/e11/experiments/E11/pipeline_outputs/subaction_66_P01_109_66/candidate_03_frame_010201_left/hand_mask.png,2.0,True
67,P01_109_67,put down knife,put-down,knife,10261.0,right,new_contact_episode,10260.0,1.0,contact_part_local_affine,contact_part_local_affine,grabcut_fallback,bbox_fallback,cotracker,ready,,handle_like_edge_or_endpoint,1356,1.0,3974.0,0.6062547673531655,True,5,0.0,contact_part_mask,26,0,False,1.0,36,36,36,1.0,0.189635545015335,5,0.0,0.941336550625,,,,,,,6.2283109336495395,92,5,0.1733333333333333,isotropic_e7,/Users/huhu/Documents/Code/bishe/vrb/vrbreproduction/outputs/e11/experiments/E11/pipeline_outputs/subaction_67_P01_109_67/candidate_00_frame_010261_right,/Users/huhu/Documents/Code/bishe/vrb/vrbreproduction/outputs/e11/experiments/E11/pipeline_outputs/subaction_67_P01_109_67/candidate_00_frame_010261_right/reference_frame_dehanded.png,/Users/huhu/Documents/Code/bishe/vrb/vrbreproduction/outputs/e11/experiments/E11/pipeline_outputs/subaction_67_P01_109_67/candidate_00_frame_010261_right/label_heatmap_merged_overlay.png,/Users/huhu/Documents/Code/bishe/vrb/vrbreproduction/outputs/e11/experiments/E11/pipeline_outputs/subaction_67_P01_109_67/candidate_00_frame_010261_right/vrb_style_affordance.png,/Users/huhu/Documents/Code/bishe/vrb/vrbreproduction/outputs/e11/experiments/E11/pipeline_outputs/subaction_67_P01_109_67/candidate_00_frame_010261_right/mask_projection_overlay.png,E11,inpainted_bbox,0.1914576480263158,0.4421052631578947,0.4982666666666667,0.7282335178661299,opencv_telea,success,,/Users/huhu/Documents/Code/bishe/vrb/vrbreproduction/outputs/e11/experiments/E11/pipeline_outputs/subaction_67_P01_109_67/candidate_00_frame_010261_right/reference_frame_original.png,/Users/huhu/Documents/Code/bishe/vrb/vrbreproduction/outputs/e11/experiments/E11/pipeline_outputs/subaction_67_P01_109_67/candidate_00_frame_010261_right/reference_frame_dehanded.png,/Users/huhu/Documents/Code/bishe/vrb/vrbreproduction/outputs/e11/experiments/E11/pipeline_outputs/subaction_67_P01_109_67/candidate_00_frame_010261_right/hand_mask.png,2.0,True
68,P01_109_68,pick up knife,pick-up,knife,10270.0,right,new_contact_episode,10268.0,2.0,contact_part_local_affine,contact_part_local_affine,grabcut_fallback,bbox_fallback,cotracker,ready,,handle_like_edge_or_endpoint,92,1.0,3948.0,0.632996632996633,True,5,0.0,contact_part_mask,26,0,False,1.0,36,24,24,1.0,0.1204832643270492,5,0.0,0.941336550625,,,,,,,6.234252168736854,90,5,0.1667555555555555,isotropic_e7,/Users/huhu/Documents/Code/bishe/vrb/vrbreproduction/outputs/e11/experiments/E11/pipeline_outputs/subaction_68_P01_109_68/candidate_01_frame_010270_right,/Users/huhu/Documents/Code/bishe/vrb/vrbreproduction/outputs/e11/experiments/E11/pipeline_outputs/subaction_68_P01_109_68/candidate_01_frame_010270_right/reference_frame_dehanded.png,/Users/huhu/Documents/Code/bishe/vrb/vrbreproduction/outputs/e11/experiments/E11/pipeline_outputs/subaction_68_P01_109_68/candidate_01_frame_010270_right/label_heatmap_merged_overlay.png,/Users/huhu/Documents/Code/bishe/vrb/vrbreproduction/outputs/e11/experiments/E11/pipeline_outputs/subaction_68_P01_109_68/candidate_01_frame_010270_right/vrb_style_affordance.png,/Users/huhu/Documents/Code/bishe/vrb/vrbreproduction/outputs/e11/experiments/E11/pipeline_outputs/subaction_68_P01_109_68/candidate_01_frame_010270_right/mask_projection_overlay.png,E11,inpainted_bbox,0.2039730674342105,0.7142857142857143,0.5122666666666666,0.7826747720364742,opencv_telea,success,,/Users/huhu/Documents/Code/bishe/vrb/vrbreproduction/outputs/e11/experiments/E11/pipeline_outputs/subaction_68_P01_109_68/candidate_01_frame_010270_right/reference_frame_original.png,/Users/huhu/Documents/Code/bishe/vrb/vrbreproduction/outputs/e11/experiments/E11/pipeline_outputs/subaction_68_P01_109_68/candidate_01_frame_010270_right/reference_frame_dehanded.png,/Users/huhu/Documents/Code/bishe/vrb/vrbreproduction/outputs/e11/experiments/E11/pipeline_outputs/subaction_68_P01_109_68/candidate_01_frame_010270_right/hand_mask.png,2.0,True
68,P01_109_68,pick up knife,pick-up,knife,10276.0,left,new_contact_episode,10275.0,1.0,contact_part_local_affine,contact_part_local_affine,grabcut_fallback,bbox_fallback,cotracker,ready,,handle_like_edge_or_endpoint,2059,0.977218794494542,2107.0,0.98,True,5,0.0,contact_part_mask,26,0,False,0.9925714285714288,36,35,33,0.9428571428571428,0.323778748512268,5,0.0,0.941336550625,,,,,,,6.011496161354155,46,5,0.2919555555555556,isotropic_e7,/Users/huhu/Documents/Code/bishe/vrb/vrbreproduction/outputs/e11/experiments/E11/pipeline_outputs/subaction_68_P01_109_68/candidate_03_frame_010276_left,/Users/huhu/Documents/Code/bishe/vrb/vrbreproduction/outputs/e11/experiments/E11/pipeline_outputs/subaction_68_P01_109_68/candidate_03_frame_010276_left/reference_frame_dehanded.png,/Users/huhu/Documents/Code/bishe/vrb/vrbreproduction/outputs/e11/experiments/E11/pipeline_outputs/subaction_68_P01_109_68/candidate_03_frame_010276_left/label_heatmap_merged_overlay.png,/Users/huhu/Documents/Code/bishe/vrb/vrbreproduction/outputs/e11/experiments/E11/pipeline_outputs/subaction_68_P01_109_68/candidate_03_frame_010276_left/vrb_style_affordance.png,/Users/huhu/Documents/Code/bishe/vrb/vrbreproduction/outputs/e11/experiments/E11/pipeline_outputs/subaction_68_P01_109_68/candidate_03_frame_010276_left/mask_projection_overlay.png,E11,inpainted_bbox,0.2057206003289473,1.0,0.7277333333333333,1.0,opencv_telea,success,,/Users/huhu/Documents/Code/bishe/vrb/vrbreproduction/outputs/e11/experiments/E11/pipeline_outputs/subaction_68_P01_109_68/candidate_03_frame_010276_left/reference_frame_original.png,/Users/huhu/Documents/Code/bishe/vrb/vrbreproduction/outputs/e11/experiments/E11/pipeline_outputs/subaction_68_P01_109_68/candidate_03_frame_010276_left/reference_frame_dehanded.png,/Users/huhu/Documents/Code/bishe/vrb/vrbreproduction/outputs/e11/experiments/E11/pipeline_outputs/subaction_68_P01_109_68/candidate_03_frame_010276_left/hand_mask.png,2.0,True
68,P01_109_68,pick up knife,pick-up,knife,10278.0,left,new_contact_episode,10276.0,2.0,contact_part_local_affine,contact_part_local_affine,grabcut_fallback,bbox_fallback,cotracker,ready,,handle_like_edge_or_endpoint,1786,1.0,2058.0,1.0,True,5,0.0,contact_part_mask,26,0,False,0.9855555555555556,36,36,32,0.8888888888888888,0.7669691443443298,5,0.0,0.941336550625,,,,,,,5.902546481225227,91,5,0.3297777777777778,isotropic_e7,/Users/huhu/Documents/Code/bishe/vrb/vrbreproduction/outputs/e11/experiments/E11/pipeline_outputs/subaction_68_P01_109_68/candidate_05_frame_010278_left,/Users/huhu/Documents/Code/bishe/vrb/vrbreproduction/outputs/e11/experiments/E11/pipeline_outputs/subaction_68_P01_109_68/candidate_05_frame_010278_left/reference_frame_dehanded.png,/Users/huhu/Documents/Code/bishe/vrb/vrbreproduction/outputs/e11/experiments/E11/pipeline_outputs/subaction_68_P01_109_68/candidate_05_frame_010278_left/label_heatmap_merged_overlay.png,/Users/huhu/Documents/Code/bishe/vrb/vrbreproduction/outputs/e11/experiments/E11/pipeline_outputs/subaction_68_P01_109_68/candidate_05_frame_010278_left/vrb_style_affordance.png,/Users/huhu/Documents/Code/bishe/vrb/vrbreproduction/outputs/e11/experiments/E11/pipeline_outputs/subaction_68_P01_109_68/candidate_05_frame_010278_left/mask_projection_overlay.png,E11,inpainted_bbox,0.2047868695175438,1.0,0.7648,1.0,opencv_telea,success,,/Users/huhu/Documents/Code/bishe/vrb/vrbreproduction/outputs/e11/experiments/E11/pipeline_outputs/subaction_68_P01_109_68/candidate_05_frame_010278_left/reference_frame_original.png,/Users/huhu/Documents/Code/bishe/vrb/vrbreproduction/outputs/e11/experiments/E11/pipeline_outputs/subaction_68_P01_109_68/candidate_05_frame_010278_left/reference_frame_dehanded.png,/Users/huhu/Documents/Code/bishe/vrb/vrbreproduction/outputs/e11/experiments/E11/pipeline_outputs/subaction_68_P01_109_68/candidate_05_frame_010278_left/hand_mask.png,2.0,True
69,P01_109_69,slice potato,slice,potato,10374.0,left,new_contact_episode,10373.0,1.0,contact_part_local_affine,contact_part_local_affine,grabcut_fallback,bbox_fallback,cotracker,ready,,small_object_whole_mask_allowed,1440,1.0,1564.0,1.0,True,5,0.0,contact_part_mask,26,0,False,1.0,36,36,36,1.0,0.2504329979419708,5,0.0,0.941336550625,,,,,,,5.874353676728406,61,5,0.4080888888888889,isotropic_e7,/Users/huhu/Documents/Code/bishe/vrb/vrbreproduction/outputs/e11/experiments/E11/pipeline_outputs/subaction_69_P01_109_69/candidate_00_frame_010374_left,/Users/huhu/Documents/Code/bishe/vrb/vrbreproduction/outputs/e11/experiments/E11/pipeline_outputs/subaction_69_P01_109_69/candidate_00_frame_010374_left/reference_frame_dehanded.png,/Users/huhu/Documents/Code/bishe/vrb/vrbreproduction/outputs/e11/experiments/E11/pipeline_outputs/subaction_69_P01_109_69/candidate_00_frame_010374_left/label_heatmap_merged_overlay.png,/Users/huhu/Documents/Code/bishe/vrb/vrbreproduction/outputs/e11/experiments/E11/pipeline_outputs/subaction_69_P01_109_69/candidate_00_frame_010374_left/vrb_style_affordance.png,/Users/huhu/Documents/Code/bishe/vrb/vrbreproduction/outputs/e11/experiments/E11/pipeline_outputs/subaction_69_P01_109_69/candidate_00_frame_010374_left/mask_projection_overlay.png,E11,inpainted_bbox,0.2160944353070175,0.9872122762148338,0.8008,0.9872122762148338,opencv_telea,success,,/Users/huhu/Documents/Code/bishe/vrb/vrbreproduction/outputs/e11/experiments/E11/pipeline_outputs/subaction_69_P01_109_69/candidate_00_frame_010374_left/reference_frame_original.png,/Users/huhu/Documents/Code/bishe/vrb/vrbreproduction/outputs/e11/experiments/E11/pipeline_outputs/subaction_69_P01_109_69/candidate_00_frame_010374_left/reference_frame_dehanded.png,/Users/huhu/Documents/Code/bishe/vrb/vrbreproduction/outputs/e11/experiments/E11/pipeline_outputs/subaction_69_P01_109_69/candidate_00_frame_010374_left/hand_mask.png,2.0,True
69,P01_109_69,slice potato,slice,potato,11288.0,left,new_contact_episode,11275.0,13.0,contact_part_local_affine,contact_part_local_affine,grabcut_fallback,bbox_fallback,cotracker,ready,,small_object_whole_mask_allowed,552,1.0,3780.0,1.0,True,5,0.0,contact_part_mask,26,0,False,0.9961764705882352,36,34,33,0.9705882352941176,0.3696977496147156,5,0.0,1.0,,,,,,,5.895901224374303,74,5,0.3313777777777777,isotropic_e7,/Users/huhu/Documents/Code/bishe/vrb/vrbreproduction/outputs/e11/experiments/E11/pipeline_outputs/subaction_69_P01_109_69/candidate_09_frame_011288_left,/Users/huhu/Documents/Code/bishe/vrb/vrbreproduction/outputs/e11/experiments/E11/pipeline_outputs/subaction_69_P01_109_69/candidate_09_frame_011288_left/reference_frame_dehanded.png,/Users/huhu/Documents/Code/bishe/vrb/vrbreproduction/outputs/e11/experiments/E11/pipeline_outputs/subaction_69_P01_109_69/candidate_09_frame_011288_left/label_heatmap_merged_overlay.png,/Users/huhu/Documents/Code/bishe/vrb/vrbreproduction/outputs/e11/experiments/E11/pipeline_outputs/subaction_69_P01_109_69/candidate_09_frame_011288_left/vrb_style_affordance.png,/Users/huhu/Documents/Code/bishe/vrb/vrbreproduction/outputs/e11/experiments/E11/pipeline_outputs/subaction_69_P01_109_69/candidate_09_frame_011288_left/mask_projection_overlay.png,E11,inpainted_bbox,0.1791735197368421,0.9857142857142858,0.6557777777777778,0.9857142857142858,opencv_telea,success,,/Users/huhu/Documents/Code/bishe/vrb/vrbreproduction/outputs/e11/experiments/E11/pipeline_outputs/subaction_69_P01_109_69/candidate_09_frame_011288_left/reference_frame_original.png,/Users/huhu/Documents/Code/bishe/vrb/vrbreproduction/outputs/e11/experiments/E11/pipeline_outputs/subaction_69_P01_109_69/candidate_09_frame_011288_left/reference_frame_dehanded.png,/Users/huhu/Documents/Code/bishe/vrb/vrbreproduction/outputs/e11/experiments/E11/pipeline_outputs/subaction_69_P01_109_69/candidate_09_frame_011288_left/hand_mask.png,2.0,True
69,P01_109_69,slice potato,slice,potato,11290.0,left,new_contact_episode,11289.0,1.0,contact_part_local_affine,contact_part_local_affine,grabcut_fallback,bbox_fallback,cotracker,ready,,small_object_whole_mask_allowed,842,1.0,1508.0,1.0,True,5,0.0,contact_part_mask,26,0,False,1.0,36,36,36,1.0,0.1512794196605682,5,0.0,1.0,,,,,,,6.0355282840768485,96,5,0.3026222222222222,isotropic_e7,/Users/huhu/Documents/Code/bishe/vrb/vrbreproduction/outputs/e11/experiments/E11/pipeline_outputs/subaction_69_P01_109_69/candidate_11_frame_011290_left,/Users/huhu/Documents/Code/bishe/vrb/vrbreproduction/outputs/e11/experiments/E11/pipeline_outputs/subaction_69_P01_109_69/candidate_11_frame_011290_left/reference_frame_dehanded.png,/Users/huhu/Documents/Code/bishe/vrb/vrbreproduction/outputs/e11/experiments/E11/pipeline_outputs/subaction_69_P01_109_69/candidate_11_frame_011290_left/label_heatmap_merged_overlay.png,/Users/huhu/Documents/Code/bishe/vrb/vrbreproduction/outputs/e11/experiments/E11/pipeline_outputs/subaction_69_P01_109_69/candidate_11_frame_011290_left/vrb_style_affordance.png,/Users/huhu/Documents/Code/bishe/vrb/vrbreproduction/outputs/e11/experiments/E11/pipeline_outputs/subaction_69_P01_109_69/candidate_11_frame_011290_left/mask_projection_overlay.png,E11,inpainted_bbox,0.1944387335526315,1.0,0.6561777777777777,1.0,opencv_telea,success,,/Users/huhu/Documents/Code/bishe/vrb/vrbreproduction/outputs/e11/experiments/E11/pipeline_outputs/subaction_69_P01_109_69/candidate_11_frame_011290_left/reference_frame_original.png,/Users/huhu/Documents/Code/bishe/vrb/vrbreproduction/outputs/e11/experiments/E11/pipeline_outputs/subaction_69_P01_109_69/candidate_11_frame_011290_left/reference_frame_dehanded.png,/Users/huhu/Documents/Code/bishe/vrb/vrbreproduction/outputs/e11/experiments/E11/pipeline_outputs/subaction_69_P01_109_69/candidate_11_frame_011290_left/hand_mask.png,2.0,True
70,P01_109_70,put down knife,put-down,knife,11913.0,left,continuation_entry_rescue,11911.0,2.0,contact_part_local_affine,contact_part_local_affine,grabcut_fallback,bbox_fallback,cotracker,ready,,handle_like_edge_or_endpoint,428,1.0,576.0,1.0,True,5,0.0,contact_part_mask,26,0,False,1.0,36,36,36,1.0,0.1068244501948356,5,0.0,0.8996086310076885,,,,,,,6.284128599827488,97,5,0.1337777777777777,isotropic_e7,/Users/huhu/Documents/Code/bishe/vrb/vrbreproduction/outputs/e11/experiments/E11/pipeline_outputs/subaction_70_P01_109_70/candidate_02_frame_011913_left,/Users/huhu/Documents/Code/bishe/vrb/vrbreproduction/outputs/e11/experiments/E11/pipeline_outputs/subaction_70_P01_109_70/candidate_02_frame_011913_left/reference_frame_dehanded.png,/Users/huhu/Documents/Code/bishe/vrb/vrbreproduction/outputs/e11/experiments/E11/pipeline_outputs/subaction_70_P01_109_70/candidate_02_frame_011913_left/label_heatmap_merged_overlay.png,/Users/huhu/Documents/Code/bishe/vrb/vrbreproduction/outputs/e11/experiments/E11/pipeline_outputs/subaction_70_P01_109_70/candidate_02_frame_011913_left/vrb_style_affordance.png,/Users/huhu/Documents/Code/bishe/vrb/vrbreproduction/outputs/e11/experiments/E11/pipeline_outputs/subaction_70_P01_109_70/candidate_02_frame_011913_left/mask_projection_overlay.png,E11,inpainted_bbox,0.2014202987938596,1.0,0.4509333333333333,1.0,opencv_telea,success,,/Users/huhu/Documents/Code/bishe/vrb/vrbreproduction/outputs/e11/experiments/E11/pipeline_outputs/subaction_70_P01_109_70/candidate_02_frame_011913_left/reference_frame_original.png,/Users/huhu/Documents/Code/bishe/vrb/vrbreproduction/outputs/e11/experiments/E11/pipeline_outputs/subaction_70_P01_109_70/candidate_02_frame_011913_left/reference_frame_dehanded.png,/Users/huhu/Documents/Code/bishe/vrb/vrbreproduction/outputs/e11/experiments/E11/pipeline_outputs/subaction_70_P01_109_70/candidate_02_frame_011913_left/hand_mask.png,2.0,True
71,P01_109_71,put down potato slices,put-down,slice:potato,11983.0,right,new_contact_episode,11982.0,1.0,contact_part_local_affine,contact_part_local_affine,grabcut_fallback,bbox_fallback,cotracker,ready,,small_object_whole_mask_allowed,5266,0.9813641446142378,8134.0,0.8147035256410257,True,5,0.0,contact_part_mask,26,0,False,1.0,36,36,36,1.0,0.4990663528442383,5,0.0,0.8996086310076885,,,,,,,6.110028009414672,82,5,0.246,isotropic_e7,/Users/huhu/Documents/Code/bishe/vrb/vrbreproduction/outputs/e11/experiments/E11/pipeline_outputs/subaction_71_P01_109_71/candidate_02_frame_011983_right,/Users/huhu/Documents/Code/bishe/vrb/vrbreproduction/outputs/e11/experiments/E11/pipeline_outputs/subaction_71_P01_109_71/candidate_02_frame_011983_right/reference_frame_dehanded.png,/Users/huhu/Documents/Code/bishe/vrb/vrbreproduction/outputs/e11/experiments/E11/pipeline_outputs/subaction_71_P01_109_71/candidate_02_frame_011983_right/label_heatmap_merged_overlay.png,/Users/huhu/Documents/Code/bishe/vrb/vrbreproduction/outputs/e11/experiments/E11/pipeline_outputs/subaction_71_P01_109_71/candidate_02_frame_011983_right/vrb_style_affordance.png,/Users/huhu/Documents/Code/bishe/vrb/vrbreproduction/outputs/e11/experiments/E11/pipeline_outputs/subaction_71_P01_109_71/candidate_02_frame_011983_right/mask_projection_overlay.png,E11,inpainted_bbox,0.1742478755482456,0.7957732371794872,0.7047111111111111,0.822350626997787,opencv_telea,success,,/Users/huhu/Documents/Code/bishe/vrb/vrbreproduction/outputs/e11/experiments/E11/pipeline_outputs/subaction_71_P01_109_71/candidate_02_frame_011983_right/reference_frame_original.png,/Users/huhu/Documents/Code/bishe/vrb/vrbreproduction/outputs/e11/experiments/E11/pipeline_outputs/subaction_71_P01_109_71/candidate_02_frame_011983_right/reference_frame_dehanded.png,/Users/huhu/Documents/Code/bishe/vrb/vrbreproduction/outputs/e11/experiments/E11/pipeline_outputs/subaction_71_P01_109_71/candidate_02_frame_011983_right/hand_mask.png,2.0,True
72,P01_109_72,pick up potato slices,pick-up,slice:potato,12006.0,right,continuation_entry_rescue,11990.0,16.0,contact_part_local_affine,contact_part_local_affine,grabcut_fallback,bbox_fallback,cotracker,ready,,small_object_whole_mask_allowed,95,1.0,4079.0,0.8497916666666666,True,5,0.0,contact_part_mask,26,0,False,0.9752380952380952,36,21,17,0.8095238095238095,0.3029612004756927,5,0.0,0.5100594460712041,,,,,,,6.097186117789294,26,5,0.048,isotropic_e7,/Users/huhu/Documents/Code/bishe/vrb/vrbreproduction/outputs/e11/experiments/E11/pipeline_outputs/subaction_72_P01_109_72/candidate_02_frame_012006_right,/Users/huhu/Documents/Code/bishe/vrb/vrbreproduction/outputs/e11/experiments/E11/pipeline_outputs/subaction_72_P01_109_72/candidate_02_frame_012006_right/reference_frame_dehanded.png,/Users/huhu/Documents/Code/bishe/vrb/vrbreproduction/outputs/e11/experiments/E11/pipeline_outputs/subaction_72_P01_109_72/candidate_02_frame_012006_right/label_heatmap_merged_overlay.png,/Users/huhu/Documents/Code/bishe/vrb/vrbreproduction/outputs/e11/experiments/E11/pipeline_outputs/subaction_72_P01_109_72/candidate_02_frame_012006_right/vrb_style_affordance.png,/Users/huhu/Documents/Code/bishe/vrb/vrbreproduction/outputs/e11/experiments/E11/pipeline_outputs/subaction_72_P01_109_72/candidate_02_frame_012006_right/mask_projection_overlay.png,E11,inpainted_bbox,0.1867033305921052,0.22875,0.1840888888888888,0.2360872762932091,opencv_telea,success,,/Users/huhu/Documents/Code/bishe/vrb/vrbreproduction/outputs/e11/experiments/E11/pipeline_outputs/subaction_72_P01_109_72/candidate_02_frame_012006_right/reference_frame_original.png,/Users/huhu/Documents/Code/bishe/vrb/vrbreproduction/outputs/e11/experiments/E11/pipeline_outputs/subaction_72_P01_109_72/candidate_02_frame_012006_right/reference_frame_dehanded.png,/Users/huhu/Documents/Code/bishe/vrb/vrbreproduction/outputs/e11/experiments/E11/pipeline_outputs/subaction_72_P01_109_72/candidate_02_frame_012006_right/hand_mask.png,2.0,True
73,P01_109_73,put down potato slices,put-down,slice:potato,12104.0,right,new_contact_episode,12096.0,8.0,contact_part_local_affine,contact_part_local_affine,grabcut_fallback,bbox_fallback,cotracker,ready,,small_object_whole_mask_allowed,697,1.0,1160.0,1.0,True,5,0.0,contact_part_mask,26,0,False,1.0,36,36,36,1.0,1.1266423463821411,5,0.0,0.5100594460712041,,,,,,,6.171200729608535,85,5,0.1646666666666666,isotropic_e7,/Users/huhu/Documents/Code/bishe/vrb/vrbreproduction/outputs/e11/experiments/E11/pipeline_outputs/subaction_73_P01_109_73/candidate_00_frame_012104_right,/Users/huhu/Documents/Code/bishe/vrb/vrbreproduction/outputs/e11/experiments/E11/pipeline_outputs/subaction_73_P01_109_73/candidate_00_frame_012104_right/reference_frame_dehanded.png,/Users/huhu/Documents/Code/bishe/vrb/vrbreproduction/outputs/e11/experiments/E11/pipeline_outputs/subaction_73_P01_109_73/candidate_00_frame_012104_right/label_heatmap_merged_overlay.png,/Users/huhu/Documents/Code/bishe/vrb/vrbreproduction/outputs/e11/experiments/E11/pipeline_outputs/subaction_73_P01_109_73/candidate_00_frame_012104_right/vrb_style_affordance.png,/Users/huhu/Documents/Code/bishe/vrb/vrbreproduction/outputs/e11/experiments/E11/pipeline_outputs/subaction_73_P01_109_73/candidate_00_frame_012104_right/mask_projection_overlay.png,E11,inpainted_bbox,0.1890847724780701,1.0,0.5950222222222222,1.0,opencv_telea,success,,/Users/huhu/Documents/Code/bishe/vrb/vrbreproduction/outputs/e11/experiments/E11/pipeline_outputs/subaction_73_P01_109_73/candidate_00_frame_012104_right/reference_frame_original.png,/Users/huhu/Documents/Code/bishe/vrb/vrbreproduction/outputs/e11/experiments/E11/pipeline_outputs/subaction_73_P01_109_73/candidate_00_frame_012104_right/reference_frame_dehanded.png,/Users/huhu/Documents/Code/bishe/vrb/vrbreproduction/outputs/e11/experiments/E11/pipeline_outputs/subaction_73_P01_109_73/candidate_00_frame_012104_right/hand_mask.png,2.0,True
73,P01_109_73,put down potato slices,put-down,slice:potato,12106.0,right,new_contact_episode,12087.0,19.0,contact_part_local_affine,contact_part_local_affine,grabcut_fallback,bbox_fallback,cotracker,ready,,small_object_whole_mask_allowed,691,1.0,1360.0,1.0,True,5,0.0,contact_part_mask,26,0,False,0.9927777777777778,36,36,34,0.9444444444444444,1.2453399896621704,5,0.0,0.5100594460712041,,,,,,,6.04728424475458,112,5,0.1783111111111111,isotropic_e7,/Users/huhu/Documents/Code/bishe/vrb/vrbreproduction/outputs/e11/experiments/E11/pipeline_outputs/subaction_73_P01_109_73/candidate_02_frame_012106_right,/Users/huhu/Documents/Code/bishe/vrb/vrbreproduction/outputs/e11/experiments/E11/pipeline_outputs/subaction_73_P01_109_73/candidate_02_frame_012106_right/reference_frame_dehanded.png,/Users/huhu/Documents/Code/bishe/vrb/vrbreproduction/outputs/e11/experiments/E11/pipeline_outputs/subaction_73_P01_109_73/candidate_02_frame_012106_right/label_heatmap_merged_overlay.png,/Users/huhu/Documents/Code/bishe/vrb/vrbreproduction/outputs/e11/experiments/E11/pipeline_outputs/subaction_73_P01_109_73/candidate_02_frame_012106_right/vrb_style_affordance.png,/Users/huhu/Documents/Code/bishe/vrb/vrbreproduction/outputs/e11/experiments/E11/pipeline_outputs/subaction_73_P01_109_73/candidate_02_frame_012106_right/mask_projection_overlay.png,E11,inpainted_bbox,0.1864634731359649,1.0,0.6,1.0,opencv_telea,success,,/Users/huhu/Documents/Code/bishe/vrb/vrbreproduction/outputs/e11/experiments/E11/pipeline_outputs/subaction_73_P01_109_73/candidate_02_frame_012106_right/reference_frame_original.png,/Users/huhu/Documents/Code/bishe/vrb/vrbreproduction/outputs/e11/experiments/E11/pipeline_outputs/subaction_73_P01_109_73/candidate_02_frame_012106_right/reference_frame_dehanded.png,/Users/huhu/Documents/Code/bishe/vrb/vrbreproduction/outputs/e11/experiments/E11/pipeline_outputs/subaction_73_P01_109_73/candidate_02_frame_012106_right/hand_mask.png,2.0,True
73,P01_109_73,put down potato slices,put-down,slice:potato,12169.0,left,new_contact_episode,12168.0,1.0,contact_part_local_affine,contact_part_local_affine,grabcut_fallback,bbox_fallback,cotracker,ready,,small_object_whole_mask_allowed,690,1.0,713.0,1.0,True,5,0.0,contact_part_mask,26,0,False,1.0,36,36,36,1.0,0.3916023671627044,5,0.0,0.5100594460712041,,,,,,,6.1683519289851185,9,5,0.1882666666666666,isotropic_e7,/Users/huhu/Documents/Code/bishe/vrb/vrbreproduction/outputs/e11/experiments/E11/pipeline_outputs/subaction_73_P01_109_73/candidate_06_frame_012169_left,/Users/huhu/Documents/Code/bishe/vrb/vrbreproduction/outputs/e11/experiments/E11/pipeline_outputs/subaction_73_P01_109_73/candidate_06_frame_012169_left/reference_frame_dehanded.png,/Users/huhu/Documents/Code/bishe/vrb/vrbreproduction/outputs/e11/experiments/E11/pipeline_outputs/subaction_73_P01_109_73/candidate_06_frame_012169_left/label_heatmap_merged_overlay.png,/Users/huhu/Documents/Code/bishe/vrb/vrbreproduction/outputs/e11/experiments/E11/pipeline_outputs/subaction_73_P01_109_73/candidate_06_frame_012169_left/vrb_style_affordance.png,/Users/huhu/Documents/Code/bishe/vrb/vrbreproduction/outputs/e11/experiments/E11/pipeline_outputs/subaction_73_P01_109_73/candidate_06_frame_012169_left/mask_projection_overlay.png,E11,inpainted_bbox,0.1662040844298245,1.0,0.6017333333333333,1.0,opencv_telea,success,,/Users/huhu/Documents/Code/bishe/vrb/vrbreproduction/outputs/e11/experiments/E11/pipeline_outputs/subaction_73_P01_109_73/candidate_06_frame_012169_left/reference_frame_original.png,/Users/huhu/Documents/Code/bishe/vrb/vrbreproduction/outputs/e11/experiments/E11/pipeline_outputs/subaction_73_P01_109_73/candidate_06_frame_012169_left/reference_frame_dehanded.png,/Users/huhu/Documents/Code/bishe/vrb/vrbreproduction/outputs/e11/experiments/E11/pipeline_outputs/subaction_73_P01_109_73/candidate_06_frame_012169_left/hand_mask.png,2.0,True
74,P01_109_74,pick up potato slices,pick-up,slice:potato,12200.0,left,new_contact_episode,12199.0,1.0,contact_part_local_affine,contact_part_local_affine,grabcut_fallback,bbox_fallback,cotracker,ready,,small_object_whole_mask_allowed,1270,1.0,1800.0,1.0,True,5,0.0,contact_part_mask,26,0,False,0.9963888888888888,36,36,35,0.9722222222222222,0.4189887642860412,5,0.0,0.2291606176807648,,,,,,,6.19315255929364,78,5,0.1808888888888888,isotropic_e7,/Users/huhu/Documents/Code/bishe/vrb/vrbreproduction/outputs/e11/experiments/E11/pipeline_outputs/subaction_74_P01_109_74/candidate_04_frame_012200_left,/Users/huhu/Documents/Code/bishe/vrb/vrbreproduction/outputs/e11/experiments/E11/pipeline_outputs/subaction_74_P01_109_74/candidate_04_frame_012200_left/reference_frame_dehanded.png,/Users/huhu/Documents/Code/bishe/vrb/vrbreproduction/outputs/e11/experiments/E11/pipeline_outputs/subaction_74_P01_109_74/candidate_04_frame_012200_left/label_heatmap_merged_overlay.png,/Users/huhu/Documents/Code/bishe/vrb/vrbreproduction/outputs/e11/experiments/E11/pipeline_outputs/subaction_74_P01_109_74/candidate_04_frame_012200_left/vrb_style_affordance.png,/Users/huhu/Documents/Code/bishe/vrb/vrbreproduction/outputs/e11/experiments/E11/pipeline_outputs/subaction_74_P01_109_74/candidate_04_frame_012200_left/mask_projection_overlay.png,E11,inpainted_bbox,0.1593167489035087,1.0,0.4444,1.0,opencv_telea,success,,/Users/huhu/Documents/Code/bishe/vrb/vrbreproduction/outputs/e11/experiments/E11/pipeline_outputs/subaction_74_P01_109_74/candidate_04_frame_012200_left/reference_frame_original.png,/Users/huhu/Documents/Code/bishe/vrb/vrbreproduction/outputs/e11/experiments/E11/pipeline_outputs/subaction_74_P01_109_74/candidate_04_frame_012200_left/reference_frame_dehanded.png,/Users/huhu/Documents/Code/bishe/vrb/vrbreproduction/outputs/e11/experiments/E11/pipeline_outputs/subaction_74_P01_109_74/candidate_04_frame_012200_left/hand_mask.png,2.0,True
74,P01_109_74,pick up potato slices,pick-up,slice:potato,12214.0,right,new_contact_episode,12213.0,1.0,contact_part_local_affine,contact_part_local_affine,grabcut_fallback,bbox_fallback,cotracker,ready,,small_object_whole_mask_allowed,2906,0.8766214177978884,4099.0,0.9060565870910698,True,5,0.0,contact_part_mask,26,0,False,0.9925714285714288,36,35,33,0.9428571428571428,0.2516880333423614,5,0.0,0.2291606176807648,,,,,,,6.048858882809253,50,5,0.2684888888888889,isotropic_e7,/Users/huhu/Documents/Code/bishe/vrb/vrbreproduction/outputs/e11/experiments/E11/pipeline_outputs/subaction_74_P01_109_74/candidate_07_frame_012214_right,/Users/huhu/Documents/Code/bishe/vrb/vrbreproduction/outputs/e11/experiments/E11/pipeline_outputs/subaction_74_P01_109_74/candidate_07_frame_012214_right/reference_frame_dehanded.png,/Users/huhu/Documents/Code/bishe/vrb/vrbreproduction/outputs/e11/experiments/E11/pipeline_outputs/subaction_74_P01_109_74/candidate_07_frame_012214_right/label_heatmap_merged_overlay.png,/Users/huhu/Documents/Code/bishe/vrb/vrbreproduction/outputs/e11/experiments/E11/pipeline_outputs/subaction_74_P01_109_74/candidate_07_frame_012214_right/vrb_style_affordance.png,/Users/huhu/Documents/Code/bishe/vrb/vrbreproduction/outputs/e11/experiments/E11/pipeline_outputs/subaction_74_P01_109_74/candidate_07_frame_012214_right/mask_projection_overlay.png,E11,inpainted_bbox,0.1929053591008772,0.8671529619805481,0.7250666666666666,0.8533788728958283,opencv_telea,success,,/Users/huhu/Documents/Code/bishe/vrb/vrbreproduction/outputs/e11/experiments/E11/pipeline_outputs/subaction_74_P01_109_74/candidate_07_frame_012214_right/reference_frame_original.png,/Users/huhu/Documents/Code/bishe/vrb/vrbreproduction/outputs/e11/experiments/E11/pipeline_outputs/subaction_74_P01_109_74/candidate_07_frame_012214_right/reference_frame_dehanded.png,/Users/huhu/Documents/Code/bishe/vrb/vrbreproduction/outputs/e11/experiments/E11/pipeline_outputs/subaction_74_P01_109_74/candidate_07_frame_012214_right/hand_mask.png,2.0,True
74,P01_109_74,pick up potato slices,pick-up,slice:potato,12223.0,right,new_contact_episode,12199.0,24.0,contact_part_local_affine,contact_part_local_affine,grabcut_fallback,bbox_fallback,cotracker,ready,,small_object_whole_mask_allowed,1142,1.0,1844.0,0.9994579945799458,True,5,0.0,contact_part_mask,26,0,False,1.0,36,32,32,1.0,1.1618008613586426,5,0.0,0.2291606176807648,,,,,,,6.049812640825906,61,5,0.1808888888888888,isotropic_e7,/Users/huhu/Documents/Code/bishe/vrb/vrbreproduction/outputs/e11/experiments/E11/pipeline_outputs/subaction_74_P01_109_74/candidate_08_frame_012223_right,/Users/huhu/Documents/Code/bishe/vrb/vrbreproduction/outputs/e11/experiments/E11/pipeline_outputs/subaction_74_P01_109_74/candidate_08_frame_012223_right/reference_frame_dehanded.png,/Users/huhu/Documents/Code/bishe/vrb/vrbreproduction/outputs/e11/experiments/E11/pipeline_outputs/subaction_74_P01_109_74/candidate_08_frame_012223_right/label_heatmap_merged_overlay.png,/Users/huhu/Documents/Code/bishe/vrb/vrbreproduction/outputs/e11/experiments/E11/pipeline_outputs/subaction_74_P01_109_74/candidate_08_frame_012223_right/vrb_style_affordance.png,/Users/huhu/Documents/Code/bishe/vrb/vrbreproduction/outputs/e11/experiments/E11/pipeline_outputs/subaction_74_P01_109_74/candidate_08_frame_012223_right/mask_projection_overlay.png,E11,inpainted_bbox,0.1593167489035087,1.0,0.4408444444444444,1.0,opencv_telea,success,,/Users/huhu/Documents/Code/bishe/vrb/vrbreproduction/outputs/e11/experiments/E11/pipeline_outputs/subaction_74_P01_109_74/candidate_08_frame_012223_right/reference_frame_original.png,/Users/huhu/Documents/Code/bishe/vrb/vrbreproduction/outputs/e11/experiments/E11/pipeline_outputs/subaction_74_P01_109_74/candidate_08_frame_012223_right/reference_frame_dehanded.png,/Users/huhu/Documents/Code/bishe/vrb/vrbreproduction/outputs/e11/experiments/E11/pipeline_outputs/subaction_74_P01_109_74/candidate_08_frame_012223_right/hand_mask.png,2.0,True
75,P01_109_75,put down potato slices,put-down,slice:potato,12295.0,right,new_contact_episode,12287.0,8.0,contact_part_local_affine,contact_part_local_affine,grabcut_fallback,bbox_fallback,cotracker,ready,,small_object_whole_mask_allowed,1080,1.0,1722.0,1.0,True,5,0.0,contact_part_mask,26,0,False,0.9891666666666667,36,24,22,0.9166666666666666,0.7472463846206665,5,0.0,0.2291606176807648,,,,,,,6.158349275128047,78,5,0.1469333333333333,isotropic_e7,/Users/huhu/Documents/Code/bishe/vrb/vrbreproduction/outputs/e11/experiments/E11/pipeline_outputs/subaction_75_P01_109_75/candidate_01_frame_012295_right,/Users/huhu/Documents/Code/bishe/vrb/vrbreproduction/outputs/e11/experiments/E11/pipeline_outputs/subaction_75_P01_109_75/candidate_01_frame_012295_right/reference_frame_dehanded.png,/Users/huhu/Documents/Code/bishe/vrb/vrbreproduction/outputs/e11/experiments/E11/pipeline_outputs/subaction_75_P01_109_75/candidate_01_frame_012295_right/label_heatmap_merged_overlay.png,/Users/huhu/Documents/Code/bishe/vrb/vrbreproduction/outputs/e11/experiments/E11/pipeline_outputs/subaction_75_P01_109_75/candidate_01_frame_012295_right/vrb_style_affordance.png,/Users/huhu/Documents/Code/bishe/vrb/vrbreproduction/outputs/e11/experiments/E11/pipeline_outputs/subaction_75_P01_109_75/candidate_01_frame_012295_right/mask_projection_overlay.png,E11,inpainted_bbox,0.1737253289473684,1.0,0.4713333333333333,1.0,opencv_telea,success,,/Users/huhu/Documents/Code/bishe/vrb/vrbreproduction/outputs/e11/experiments/E11/pipeline_outputs/subaction_75_P01_109_75/candidate_01_frame_012295_right/reference_frame_original.png,/Users/huhu/Documents/Code/bishe/vrb/vrbreproduction/outputs/e11/experiments/E11/pipeline_outputs/subaction_75_P01_109_75/candidate_01_frame_012295_right/reference_frame_dehanded.png,/Users/huhu/Documents/Code/bishe/vrb/vrbreproduction/outputs/e11/experiments/E11/pipeline_outputs/subaction_75_P01_109_75/candidate_01_frame_012295_right/hand_mask.png,2.0,True
75,P01_109_75,put down potato slices,put-down,slice:potato,12326.0,right,new_contact_episode,12324.0,2.0,contact_part_local_affine,contact_part_local_affine,grabcut_fallback,bbox_fallback,cotracker,ready,,small_object_whole_mask_allowed,5765,0.83285177694308,7702.0,0.7281149555681603,True,5,0.0,contact_part_mask,26,0,False,1.0,36,36,36,1.0,0.2157677412033081,5,0.0,0.2291606176807648,,,,,,,6.252726967763901,122,5,0.1525333333333333,isotropic_e7,/Users/huhu/Documents/Code/bishe/vrb/vrbreproduction/outputs/e11/experiments/E11/pipeline_outputs/subaction_75_P01_109_75/candidate_04_frame_012326_right,/Users/huhu/Documents/Code/bishe/vrb/vrbreproduction/outputs/e11/experiments/E11/pipeline_outputs/subaction_75_P01_109_75/candidate_04_frame_012326_right/reference_frame_dehanded.png,/Users/huhu/Documents/Code/bishe/vrb/vrbreproduction/outputs/e11/experiments/E11/pipeline_outputs/subaction_75_P01_109_75/candidate_04_frame_012326_right/label_heatmap_merged_overlay.png,/Users/huhu/Documents/Code/bishe/vrb/vrbreproduction/outputs/e11/experiments/E11/pipeline_outputs/subaction_75_P01_109_75/candidate_04_frame_012326_right/vrb_style_affordance.png,/Users/huhu/Documents/Code/bishe/vrb/vrbreproduction/outputs/e11/experiments/E11/pipeline_outputs/subaction_75_P01_109_75/candidate_04_frame_012326_right/mask_projection_overlay.png,E11,inpainted_bbox,0.1731256853070175,0.4471544715447154,0.456,0.5336276291872241,opencv_telea,success,,/Users/huhu/Documents/Code/bishe/vrb/vrbreproduction/outputs/e11/experiments/E11/pipeline_outputs/subaction_75_P01_109_75/candidate_04_frame_012326_right/reference_frame_original.png,/Users/huhu/Documents/Code/bishe/vrb/vrbreproduction/outputs/e11/experiments/E11/pipeline_outputs/subaction_75_P01_109_75/candidate_04_frame_012326_right/reference_frame_dehanded.png,/Users/huhu/Documents/Code/bishe/vrb/vrbreproduction/outputs/e11/experiments/E11/pipeline_outputs/subaction_75_P01_109_75/candidate_04_frame_012326_right/hand_mask.png,2.0,True
76,P01_109_76,pick up potato slice,pick-up,slice:potato,12326.0,right,new_contact_episode,12324.0,2.0,contact_part_local_affine,contact_part_local_affine,grabcut_fallback,bbox_fallback,cotracker,ready,,small_object_whole_mask_allowed,5765,0.83285177694308,7702.0,0.7281149555681603,True,5,0.0,contact_part_mask,26,0,False,1.0,36,36,36,1.0,0.2157677412033081,5,0.0,0.2291606176807648,,,,,,,6.252726967763901,122,5,0.1525333333333333,isotropic_e7,/Users/huhu/Documents/Code/bishe/vrb/vrbreproduction/outputs/e11/experiments/E11/pipeline_outputs/subaction_76_P01_109_76/candidate_01_frame_012326_right,/Users/huhu/Documents/Code/bishe/vrb/vrbreproduction/outputs/e11/experiments/E11/pipeline_outputs/subaction_76_P01_109_76/candidate_01_frame_012326_right/reference_frame_dehanded.png,/Users/huhu/Documents/Code/bishe/vrb/vrbreproduction/outputs/e11/experiments/E11/pipeline_outputs/subaction_76_P01_109_76/candidate_01_frame_012326_right/label_heatmap_merged_overlay.png,/Users/huhu/Documents/Code/bishe/vrb/vrbreproduction/outputs/e11/experiments/E11/pipeline_outputs/subaction_76_P01_109_76/candidate_01_frame_012326_right/vrb_style_affordance.png,/Users/huhu/Documents/Code/bishe/vrb/vrbreproduction/outputs/e11/experiments/E11/pipeline_outputs/subaction_76_P01_109_76/candidate_01_frame_012326_right/mask_projection_overlay.png,E11,inpainted_bbox,0.1731256853070175,0.4471544715447154,0.456,0.5336276291872241,opencv_telea,success,,/Users/huhu/Documents/Code/bishe/vrb/vrbreproduction/outputs/e11/experiments/E11/pipeline_outputs/subaction_76_P01_109_76/candidate_01_frame_012326_right/reference_frame_original.png,/Users/huhu/Documents/Code/bishe/vrb/vrbreproduction/outputs/e11/experiments/E11/pipeline_outputs/subaction_76_P01_109_76/candidate_01_frame_012326_right/reference_frame_dehanded.png,/Users/huhu/Documents/Code/bishe/vrb/vrbreproduction/outputs/e11/experiments/E11/pipeline_outputs/subaction_76_P01_109_76/candidate_01_frame_012326_right/hand_mask.png,2.0,True
76,P01_109_76,pick up potato slice,pick-up,slice:potato,12337.0,left,new_contact_episode,12334.0,3.0,contact_part_local_affine,contact_part_local_affine,grabcut_fallback,bbox_fallback,cotracker,ready,,small_object_whole_mask_allowed,681,1.0,1520.0,1.0,True,5,0.0,contact_part_mask,26,0,False,0.9491304347826088,36,23,14,0.6086956521739131,2.2228686809539795,5,0.0,0.2291606176807648,,,,,,,5.913651620730802,93,5,0.1543111111111111,isotropic_e7,/Users/huhu/Documents/Code/bishe/vrb/vrbreproduction/outputs/e11/experiments/E11/pipeline_outputs/subaction_76_P01_109_76/candidate_05_frame_012337_left,/Users/huhu/Documents/Code/bishe/vrb/vrbreproduction/outputs/e11/experiments/E11/pipeline_outputs/subaction_76_P01_109_76/candidate_05_frame_012337_left/reference_frame_dehanded.png,/Users/huhu/Documents/Code/bishe/vrb/vrbreproduction/outputs/e11/experiments/E11/pipeline_outputs/subaction_76_P01_109_76/candidate_05_frame_012337_left/label_heatmap_merged_overlay.png,/Users/huhu/Documents/Code/bishe/vrb/vrbreproduction/outputs/e11/experiments/E11/pipeline_outputs/subaction_76_P01_109_76/candidate_05_frame_012337_left/vrb_style_affordance.png,/Users/huhu/Documents/Code/bishe/vrb/vrbreproduction/outputs/e11/experiments/E11/pipeline_outputs/subaction_76_P01_109_76/candidate_05_frame_012337_left/mask_projection_overlay.png,E11,inpainted_bbox,0.166820860745614,1.0,0.4125333333333333,1.0,opencv_telea,success,,/Users/huhu/Documents/Code/bishe/vrb/vrbreproduction/outputs/e11/experiments/E11/pipeline_outputs/subaction_76_P01_109_76/candidate_05_frame_012337_left/reference_frame_original.png,/Users/huhu/Documents/Code/bishe/vrb/vrbreproduction/outputs/e11/experiments/E11/pipeline_outputs/subaction_76_P01_109_76/candidate_05_frame_012337_left/reference_frame_dehanded.png,/Users/huhu/Documents/Code/bishe/vrb/vrbreproduction/outputs/e11/experiments/E11/pipeline_outputs/subaction_76_P01_109_76/candidate_05_frame_012337_left/hand_mask.png,2.0,True
76,P01_109_76,pick up potato slice,pick-up,slice:potato,12341.0,left,new_contact_episode,12338.0,3.0,contact_part_local_affine,contact_part_local_affine,grabcut_fallback,bbox_fallback,cotracker,ready,,small_object_whole_mask_allowed,649,1.0,1400.0,1.0,True,5,0.0,contact_part_mask,26,0,False,0.9963888888888888,36,36,35,0.9722222222222222,1.0128400325775146,5,0.0,0.2291606176807648,,,,,,,6.14655549207823,86,5,0.1856,isotropic_e7,/Users/huhu/Documents/Code/bishe/vrb/vrbreproduction/outputs/e11/experiments/E11/pipeline_outputs/subaction_76_P01_109_76/candidate_07_frame_012341_left,/Users/huhu/Documents/Code/bishe/vrb/vrbreproduction/outputs/e11/experiments/E11/pipeline_outputs/subaction_76_P01_109_76/candidate_07_frame_012341_left/reference_frame_dehanded.png,/Users/huhu/Documents/Code/bishe/vrb/vrbreproduction/outputs/e11/experiments/E11/pipeline_outputs/subaction_76_P01_109_76/candidate_07_frame_012341_left/label_heatmap_merged_overlay.png,/Users/huhu/Documents/Code/bishe/vrb/vrbreproduction/outputs/e11/experiments/E11/pipeline_outputs/subaction_76_P01_109_76/candidate_07_frame_012341_left/vrb_style_affordance.png,/Users/huhu/Documents/Code/bishe/vrb/vrbreproduction/outputs/e11/experiments/E11/pipeline_outputs/subaction_76_P01_109_76/candidate_07_frame_012341_left/mask_projection_overlay.png,E11,inpainted_bbox,0.1894788240131578,1.0,0.4668444444444444,1.0,opencv_telea,success,,/Users/huhu/Documents/Code/bishe/vrb/vrbreproduction/outputs/e11/experiments/E11/pipeline_outputs/subaction_76_P01_109_76/candidate_07_frame_012341_left/reference_frame_original.png,/Users/huhu/Documents/Code/bishe/vrb/vrbreproduction/outputs/e11/experiments/E11/pipeline_outputs/subaction_76_P01_109_76/candidate_07_frame_012341_left/reference_frame_dehanded.png,/Users/huhu/Documents/Code/bishe/vrb/vrbreproduction/outputs/e11/experiments/E11/pipeline_outputs/subaction_76_P01_109_76/candidate_07_frame_012341_left/hand_mask.png,2.0,True
77,P01_109_78,pick up potato slice,pick-up,slice:potato,12341.0,left,new_contact_episode,12338.0,3.0,contact_part_local_affine,contact_part_local_affine,grabcut_fallback,bbox_fallback,cotracker,ready,,small_object_whole_mask_allowed,649,1.0,1400.0,1.0,True,5,0.0,contact_part_mask,26,0,False,0.9963888888888888,36,36,35,0.9722222222222222,1.0128400325775146,5,0.0,0.2291606176807648,,,,,,,6.14655549207823,86,5,0.1856,isotropic_e7,/Users/huhu/Documents/Code/bishe/vrb/vrbreproduction/outputs/e11/experiments/E11/pipeline_outputs/subaction_77_P01_109_78/candidate_04_frame_012341_left,/Users/huhu/Documents/Code/bishe/vrb/vrbreproduction/outputs/e11/experiments/E11/pipeline_outputs/subaction_77_P01_109_78/candidate_04_frame_012341_left/reference_frame_dehanded.png,/Users/huhu/Documents/Code/bishe/vrb/vrbreproduction/outputs/e11/experiments/E11/pipeline_outputs/subaction_77_P01_109_78/candidate_04_frame_012341_left/label_heatmap_merged_overlay.png,/Users/huhu/Documents/Code/bishe/vrb/vrbreproduction/outputs/e11/experiments/E11/pipeline_outputs/subaction_77_P01_109_78/candidate_04_frame_012341_left/vrb_style_affordance.png,/Users/huhu/Documents/Code/bishe/vrb/vrbreproduction/outputs/e11/experiments/E11/pipeline_outputs/subaction_77_P01_109_78/candidate_04_frame_012341_left/mask_projection_overlay.png,E11,inpainted_bbox,0.1894788240131578,1.0,0.4668444444444444,1.0,opencv_telea,success,,/Users/huhu/Documents/Code/bishe/vrb/vrbreproduction/outputs/e11/experiments/E11/pipeline_outputs/subaction_77_P01_109_78/candidate_04_frame_012341_left/reference_frame_original.png,/Users/huhu/Documents/Code/bishe/vrb/vrbreproduction/outputs/e11/experiments/E11/pipeline_outputs/subaction_77_P01_109_78/candidate_04_frame_012341_left/reference_frame_dehanded.png,/Users/huhu/Documents/Code/bishe/vrb/vrbreproduction/outputs/e11/experiments/E11/pipeline_outputs/subaction_77_P01_109_78/candidate_04_frame_012341_left/hand_mask.png,2.0,True
77,P01_109_78,pick up potato slice,pick-up,slice:potato,12361.0,right,new_contact_episode,12360.0,1.0,contact_part_local_affine,contact_part_local_affine,grabcut_fallback,bbox_fallback,cotracker,ready,,small_object_whole_mask_allowed,1029,1.0,3921.0,0.7261111111111112,True,5,0.0,contact_part_mask,26,0,False,1.0,36,36,36,1.0,0.1367071717977523,5,0.0,0.2291606176807648,,,,,,,6.206265451512734,52,5,0.1680888888888889,isotropic_e7,/Users/huhu/Documents/Code/bishe/vrb/vrbreproduction/outputs/e11/experiments/E11/pipeline_outputs/subaction_77_P01_109_78/candidate_09_frame_012361_right,/Users/huhu/Documents/Code/bishe/vrb/vrbreproduction/outputs/e11/experiments/E11/pipeline_outputs/subaction_77_P01_109_78/candidate_09_frame_012361_right/reference_frame_dehanded.png,/Users/huhu/Documents/Code/bishe/vrb/vrbreproduction/outputs/e11/experiments/E11/pipeline_outputs/subaction_77_P01_109_78/candidate_09_frame_012361_right/label_heatmap_merged_overlay.png,/Users/huhu/Documents/Code/bishe/vrb/vrbreproduction/outputs/e11/experiments/E11/pipeline_outputs/subaction_77_P01_109_78/candidate_09_frame_012361_right/vrb_style_affordance.png,/Users/huhu/Documents/Code/bishe/vrb/vrbreproduction/outputs/e11/experiments/E11/pipeline_outputs/subaction_77_P01_109_78/candidate_09_frame_012361_right/mask_projection_overlay.png,E11,inpainted_bbox,0.187071683114035,0.42,0.4803111111111111,0.4567712318286152,opencv_telea,success,,/Users/huhu/Documents/Code/bishe/vrb/vrbreproduction/outputs/e11/experiments/E11/pipeline_outputs/subaction_77_P01_109_78/candidate_09_frame_012361_right/reference_frame_original.png,/Users/huhu/Documents/Code/bishe/vrb/vrbreproduction/outputs/e11/experiments/E11/pipeline_outputs/subaction_77_P01_109_78/candidate_09_frame_012361_right/reference_frame_dehanded.png,/Users/huhu/Documents/Code/bishe/vrb/vrbreproduction/outputs/e11/experiments/E11/pipeline_outputs/subaction_77_P01_109_78/candidate_09_frame_012361_right/hand_mask.png,2.0,True
77,P01_109_78,pick up potato slice,pick-up,slice:potato,12363.0,right,new_contact_episode,12361.0,2.0,contact_part_local_affine,contact_part_local_affine,grabcut_fallback,bbox_fallback,cotracker,ready,,small_object_whole_mask_allowed,3275,0.8822737068965517,4401.0,0.8855130784708249,True,5,0.0,contact_part_mask,26,0,False,0.9891666666666667,36,36,33,0.9166666666666666,0.2292750179767608,5,0.0,0.2291606176807648,,,,,,,6.182488416127364,56,5,0.1652,isotropic_e7,/Users/huhu/Documents/Code/bishe/vrb/vrbreproduction/outputs/e11/experiments/E11/pipeline_outputs/subaction_77_P01_109_78/candidate_11_frame_012363_right,/Users/huhu/Documents/Code/bishe/vrb/vrbreproduction/outputs/e11/experiments/E11/pipeline_outputs/subaction_77_P01_109_78/candidate_11_frame_012363_right/reference_frame_dehanded.png,/Users/huhu/Documents/Code/bishe/vrb/vrbreproduction/outputs/e11/experiments/E11/pipeline_outputs/subaction_77_P01_109_78/candidate_11_frame_012363_right/label_heatmap_merged_overlay.png,/Users/huhu/Documents/Code/bishe/vrb/vrbreproduction/outputs/e11/experiments/E11/pipeline_outputs/subaction_77_P01_109_78/candidate_11_frame_012363_right/vrb_style_affordance.png,/Users/huhu/Documents/Code/bishe/vrb/vrbreproduction/outputs/e11/experiments/E11/pipeline_outputs/subaction_77_P01_109_78/candidate_11_frame_012363_right/mask_projection_overlay.png,E11,inpainted_bbox,0.1816920230263158,0.4784708249496981,0.4621333333333333,0.4946603044762554,opencv_telea,success,,/Users/huhu/Documents/Code/bishe/vrb/vrbreproduction/outputs/e11/experiments/E11/pipeline_outputs/subaction_77_P01_109_78/candidate_11_frame_012363_right/reference_frame_original.png,/Users/huhu/Documents/Code/bishe/vrb/vrbreproduction/outputs/e11/experiments/E11/pipeline_outputs/subaction_77_P01_109_78/candidate_11_frame_012363_right/reference_frame_dehanded.png,/Users/huhu/Documents/Code/bishe/vrb/vrbreproduction/outputs/e11/experiments/E11/pipeline_outputs/subaction_77_P01_109_78/candidate_11_frame_012363_right/hand_mask.png,2.0,True
78,P01_109_79,put down potato slice,put-down,slice:potato,12388.0,right,continuation_entry_rescue,12387.0,1.0,contact_part_local_affine,contact_part_local_affine,grabcut_fallback,bbox_fallback,cotracker,ready,,small_object_whole_mask_allowed,928,1.0,1332.0,1.0,True,5,0.0,contact_part_mask,26,0,False,0.9855555555555556,36,36,32,0.8888888888888888,0.3582865595817566,5,0.0,0.2291606176807648,,,,,,,6.165940292101436,77,5,0.1663555555555555,isotropic_e7,/Users/huhu/Documents/Code/bishe/vrb/vrbreproduction/outputs/e11/experiments/E11/pipeline_outputs/subaction_78_P01_109_79/candidate_00_frame_012388_right,/Users/huhu/Documents/Code/bishe/vrb/vrbreproduction/outputs/e11/experiments/E11/pipeline_outputs/subaction_78_P01_109_79/candidate_00_frame_012388_right/reference_frame_dehanded.png,/Users/huhu/Documents/Code/bishe/vrb/vrbreproduction/outputs/e11/experiments/E11/pipeline_outputs/subaction_78_P01_109_79/candidate_00_frame_012388_right/label_heatmap_merged_overlay.png,/Users/huhu/Documents/Code/bishe/vrb/vrbreproduction/outputs/e11/experiments/E11/pipeline_outputs/subaction_78_P01_109_79/candidate_00_frame_012388_right/vrb_style_affordance.png,/Users/huhu/Documents/Code/bishe/vrb/vrbreproduction/outputs/e11/experiments/E11/pipeline_outputs/subaction_78_P01_109_79/candidate_00_frame_012388_right/mask_projection_overlay.png,E11,inpainted_bbox,0.1943188048245614,1.0,0.5793333333333334,1.0,opencv_telea,success,,/Users/huhu/Documents/Code/bishe/vrb/vrbreproduction/outputs/e11/experiments/E11/pipeline_outputs/subaction_78_P01_109_79/candidate_00_frame_012388_right/reference_frame_original.png,/Users/huhu/Documents/Code/bishe/vrb/vrbreproduction/outputs/e11/experiments/E11/pipeline_outputs/subaction_78_P01_109_79/candidate_00_frame_012388_right/reference_frame_dehanded.png,/Users/huhu/Documents/Code/bishe/vrb/vrbreproduction/outputs/e11/experiments/E11/pipeline_outputs/subaction_78_P01_109_79/candidate_00_frame_012388_right/hand_mask.png,2.0,True
79,P01_109_77,put down potato slice,put-down,slice:potato,12412.0,left,new_contact_episode,12410.0,2.0,contact_part_local_affine,contact_part_local_affine,grabcut_fallback,bbox_fallback,cotracker,ready,,small_object_whole_mask_allowed,793,1.0,1419.0,1.0,True,5,0.0,contact_part_mask,26,0,False,1.0,36,36,36,1.0,0.6366901397705078,5,0.0,0.2291606176807648,,,,,,,6.071571795806885,110,5,0.2232,isotropic_e7,/Users/huhu/Documents/Code/bishe/vrb/vrbreproduction/outputs/e11/experiments/E11/pipeline_outputs/subaction_79_P01_109_77/candidate_01_frame_012412_left,/Users/huhu/Documents/Code/bishe/vrb/vrbreproduction/outputs/e11/experiments/E11/pipeline_outputs/subaction_79_P01_109_77/candidate_01_frame_012412_left/reference_frame_dehanded.png,/Users/huhu/Documents/Code/bishe/vrb/vrbreproduction/outputs/e11/experiments/E11/pipeline_outputs/subaction_79_P01_109_77/candidate_01_frame_012412_left/label_heatmap_merged_overlay.png,/Users/huhu/Documents/Code/bishe/vrb/vrbreproduction/outputs/e11/experiments/E11/pipeline_outputs/subaction_79_P01_109_77/candidate_01_frame_012412_left/vrb_style_affordance.png,/Users/huhu/Documents/Code/bishe/vrb/vrbreproduction/outputs/e11/experiments/E11/pipeline_outputs/subaction_79_P01_109_77/candidate_01_frame_012412_left/mask_projection_overlay.png,E11,inpainted_bbox,0.2266652960526315,1.0,0.5712,1.0,opencv_telea,success,,/Users/huhu/Documents/Code/bishe/vrb/vrbreproduction/outputs/e11/experiments/E11/pipeline_outputs/subaction_79_P01_109_77/candidate_01_frame_012412_left/reference_frame_original.png,/Users/huhu/Documents/Code/bishe/vrb/vrbreproduction/outputs/e11/experiments/E11/pipeline_outputs/subaction_79_P01_109_77/candidate_01_frame_012412_left/reference_frame_dehanded.png,/Users/huhu/Documents/Code/bishe/vrb/vrbreproduction/outputs/e11/experiments/E11/pipeline_outputs/subaction_79_P01_109_77/candidate_01_frame_012412_left/hand_mask.png,2.0,True
80,P01_109_80,pick up potato slices,pick-up,slice:potato,12425.0,right,new_contact_episode,12424.0,1.0,contact_part_local_affine,contact_part_local_affine,grabcut_fallback,bbox_fallback,cotracker,ready,,small_object_whole_mask_allowed,240,1.0,1320.0,1.0,True,5,0.0,contact_part_mask,26,0,False,1.0,36,33,33,1.0,0.0865517035126686,5,0.0,0.2291606176807648,,,,,,,6.054070115561285,91,5,0.2915555555555555,isotropic_e7,/Users/huhu/Documents/Code/bishe/vrb/vrbreproduction/outputs/e11/experiments/E11/pipeline_outputs/subaction_80_P01_109_80/candidate_01_frame_012425_right,/Users/huhu/Documents/Code/bishe/vrb/vrbreproduction/outputs/e11/experiments/E11/pipeline_outputs/subaction_80_P01_109_80/candidate_01_frame_012425_right/reference_frame_dehanded.png,/Users/huhu/Documents/Code/bishe/vrb/vrbreproduction/outputs/e11/experiments/E11/pipeline_outputs/subaction_80_P01_109_80/candidate_01_frame_012425_right/label_heatmap_merged_overlay.png,/Users/huhu/Documents/Code/bishe/vrb/vrbreproduction/outputs/e11/experiments/E11/pipeline_outputs/subaction_80_P01_109_80/candidate_01_frame_012425_right/vrb_style_affordance.png,/Users/huhu/Documents/Code/bishe/vrb/vrbreproduction/outputs/e11/experiments/E11/pipeline_outputs/subaction_80_P01_109_80/candidate_01_frame_012425_right/mask_projection_overlay.png,E11,inpainted_bbox,0.1855383086622807,1.0,0.7081333333333333,1.0,opencv_telea,success,,/Users/huhu/Documents/Code/bishe/vrb/vrbreproduction/outputs/e11/experiments/E11/pipeline_outputs/subaction_80_P01_109_80/candidate_01_frame_012425_right/reference_frame_original.png,/Users/huhu/Documents/Code/bishe/vrb/vrbreproduction/outputs/e11/experiments/E11/pipeline_outputs/subaction_80_P01_109_80/candidate_01_frame_012425_right/reference_frame_dehanded.png,/Users/huhu/Documents/Code/bishe/vrb/vrbreproduction/outputs/e11/experiments/E11/pipeline_outputs/subaction_80_P01_109_80/candidate_01_frame_012425_right/hand_mask.png,2.0,True
80,P01_109_80,pick up potato slices,pick-up,slice:potato,12439.0,right,new_contact_episode,12413.0,26.0,contact_part_local_affine,contact_part_local_affine,grabcut_fallback,bbox_fallback,cotracker,ready,,small_object_whole_mask_allowed,1463,1.0,1395.0,1.0,True,5,0.0,contact_part_mask,26,0,False,1.0,36,9,9,1.0,1.4085654020309448,5,0.0,0.2291606176807648,,,,,,,6.024543037939071,104,5,0.1848,isotropic_e7,/Users/huhu/Documents/Code/bishe/vrb/vrbreproduction/outputs/e11/experiments/E11/pipeline_outputs/subaction_80_P01_109_80/candidate_05_frame_012439_right,/Users/huhu/Documents/Code/bishe/vrb/vrbreproduction/outputs/e11/experiments/E11/pipeline_outputs/subaction_80_P01_109_80/candidate_05_frame_012439_right/reference_frame_dehanded.png,/Users/huhu/Documents/Code/bishe/vrb/vrbreproduction/outputs/e11/experiments/E11/pipeline_outputs/subaction_80_P01_109_80/candidate_05_frame_012439_right/label_heatmap_merged_overlay.png,/Users/huhu/Documents/Code/bishe/vrb/vrbreproduction/outputs/e11/experiments/E11/pipeline_outputs/subaction_80_P01_109_80/candidate_05_frame_012439_right/vrb_style_affordance.png,/Users/huhu/Documents/Code/bishe/vrb/vrbreproduction/outputs/e11/experiments/E11/pipeline_outputs/subaction_80_P01_109_80/candidate_05_frame_012439_right/mask_projection_overlay.png,E11,inpainted_bbox,0.2118626644736842,1.0,0.5377777777777778,1.0,opencv_telea,success,,/Users/huhu/Documents/Code/bishe/vrb/vrbreproduction/outputs/e11/experiments/E11/pipeline_outputs/subaction_80_P01_109_80/candidate_05_frame_012439_right/reference_frame_original.png,/Users/huhu/Documents/Code/bishe/vrb/vrbreproduction/outputs/e11/experiments/E11/pipeline_outputs/subaction_80_P01_109_80/candidate_05_frame_012439_right/reference_frame_dehanded.png,/Users/huhu/Documents/Code/bishe/vrb/vrbreproduction/outputs/e11/experiments/E11/pipeline_outputs/subaction_80_P01_109_80/candidate_05_frame_012439_right/hand_mask.png,2.0,True
81,P01_109_81,put down potato slices,put-down,slice:potato,12468.0,right,new_contact_episode,12465.0,3.0,contact_part_local_affine,contact_part_local_affine,grabcut_fallback,bbox_fallback,cotracker,ready,,small_object_whole_mask_allowed,2958,1.0,5553.0,0.9696176008381352,True,5,0.0,contact_part_mask,26,0,False,1.0,36,34,34,1.0,0.2766798436641693,5,0.0,0.278913148170925,,,,,,,6.3418329380234075,108,5,0.0879111111111111,isotropic_e7,/Users/huhu/Documents/Code/bishe/vrb/vrbreproduction/outputs/e11/experiments/E11/pipeline_outputs/subaction_81_P01_109_81/candidate_00_frame_012468_right,/Users/huhu/Documents/Code/bishe/vrb/vrbreproduction/outputs/e11/experiments/E11/pipeline_outputs/subaction_81_P01_109_81/candidate_00_frame_012468_right/reference_frame_dehanded.png,/Users/huhu/Documents/Code/bishe/vrb/vrbreproduction/outputs/e11/experiments/E11/pipeline_outputs/subaction_81_P01_109_81/candidate_00_frame_012468_right/label_heatmap_merged_overlay.png,/Users/huhu/Documents/Code/bishe/vrb/vrbreproduction/outputs/e11/experiments/E11/pipeline_outputs/subaction_81_P01_109_81/candidate_00_frame_012468_right/vrb_style_affordance.png,/Users/huhu/Documents/Code/bishe/vrb/vrbreproduction/outputs/e11/experiments/E11/pipeline_outputs/subaction_81_P01_109_81/candidate_00_frame_012468_right/mask_projection_overlay.png,E11,inpainted_bbox,0.169921875,0.8115942028985508,0.3639111111111111,0.8056906176841347,opencv_telea,success,,/Users/huhu/Documents/Code/bishe/vrb/vrbreproduction/outputs/e11/experiments/E11/pipeline_outputs/subaction_81_P01_109_81/candidate_00_frame_012468_right/reference_frame_original.png,/Users/huhu/Documents/Code/bishe/vrb/vrbreproduction/outputs/e11/experiments/E11/pipeline_outputs/subaction_81_P01_109_81/candidate_00_frame_012468_right/reference_frame_dehanded.png,/Users/huhu/Documents/Code/bishe/vrb/vrbreproduction/outputs/e11/experiments/E11/pipeline_outputs/subaction_81_P01_109_81/candidate_00_frame_012468_right/hand_mask.png,2.0,False
82,P01_109_82,pick up potato slice,pick-up,slice:potato,12493.0,right,new_contact_episode,12455.0,38.0,contact_part_local_affine,contact_part_local_affine,grabcut_fallback,bbox_fallback,cotracker,ready,,small_object_whole_mask_allowed,2208,1.0,4981.0,0.8912148863839685,True,5,0.0,contact_part_mask,26,0,False,1.0,36,19,19,1.0,0.6319240927696228,5,0.0,0.352451939139038,,,,,,,5.5291065974890286,75,5,0.2083555555555555,isotropic_e7,/Users/huhu/Documents/Code/bishe/vrb/vrbreproduction/outputs/e11/experiments/E11/pipeline_outputs/subaction_82_P01_109_82/candidate_00_frame_012493_right,/Users/huhu/Documents/Code/bishe/vrb/vrbreproduction/outputs/e11/experiments/E11/pipeline_outputs/subaction_82_P01_109_82/candidate_00_frame_012493_right/reference_frame_dehanded.png,/Users/huhu/Documents/Code/bishe/vrb/vrbreproduction/outputs/e11/experiments/E11/pipeline_outputs/subaction_82_P01_109_82/candidate_00_frame_012493_right/label_heatmap_merged_overlay.png,/Users/huhu/Documents/Code/bishe/vrb/vrbreproduction/outputs/e11/experiments/E11/pipeline_outputs/subaction_82_P01_109_82/candidate_00_frame_012493_right/vrb_style_affordance.png,/Users/huhu/Documents/Code/bishe/vrb/vrbreproduction/outputs/e11/experiments/E11/pipeline_outputs/subaction_82_P01_109_82/candidate_00_frame_012493_right/mask_projection_overlay.png,E11,inpainted_bbox,0.1949527138157894,0.6811594202898551,0.5611555555555555,0.6574984942782574,opencv_telea,success,,/Users/huhu/Documents/Code/bishe/vrb/vrbreproduction/outputs/e11/experiments/E11/pipeline_outputs/subaction_82_P01_109_82/candidate_00_frame_012493_right/reference_frame_original.png,/Users/huhu/Documents/Code/bishe/vrb/vrbreproduction/outputs/e11/experiments/E11/pipeline_outputs/subaction_82_P01_109_82/candidate_00_frame_012493_right/reference_frame_dehanded.png,/Users/huhu/Documents/Code/bishe/vrb/vrbreproduction/outputs/e11/experiments/E11/pipeline_outputs/subaction_82_P01_109_82/candidate_00_frame_012493_right/hand_mask.png,2.0,True
82,P01_109_82,pick up potato slice,pick-up,slice:potato,12495.0,right,new_contact_episode,12494.0,1.0,contact_part_local_affine,contact_part_local_affine,grabcut_fallback,bbox_fallback,cotracker,ready,,small_object_whole_mask_allowed,2625,0.8703580901856764,1786.0,1.0,True,5,0.0,contact_part_mask,26,0,False,0.9819444444444444,36,36,31,0.8611111111111112,0.1583317518234253,5,0.0,0.352451939139038,,,,,,,6.005527825223075,38,5,0.266,isotropic_e7,/Users/huhu/Documents/Code/bishe/vrb/vrbreproduction/outputs/e11/experiments/E11/pipeline_outputs/subaction_82_P01_109_82/candidate_02_frame_012495_right,/Users/huhu/Documents/Code/bishe/vrb/vrbreproduction/outputs/e11/experiments/E11/pipeline_outputs/subaction_82_P01_109_82/candidate_02_frame_012495_right/reference_frame_dehanded.png,/Users/huhu/Documents/Code/bishe/vrb/vrbreproduction/outputs/e11/experiments/E11/pipeline_outputs/subaction_82_P01_109_82/candidate_02_frame_012495_right/label_heatmap_merged_overlay.png,/Users/huhu/Documents/Code/bishe/vrb/vrbreproduction/outputs/e11/experiments/E11/pipeline_outputs/subaction_82_P01_109_82/candidate_02_frame_012495_right/vrb_style_affordance.png,/Users/huhu/Documents/Code/bishe/vrb/vrbreproduction/outputs/e11/experiments/E11/pipeline_outputs/subaction_82_P01_109_82/candidate_02_frame_012495_right/mask_projection_overlay.png,E11,inpainted_bbox,0.1657072368421052,1.0,0.6777333333333333,1.0,opencv_telea,success,,/Users/huhu/Documents/Code/bishe/vrb/vrbreproduction/outputs/e11/experiments/E11/pipeline_outputs/subaction_82_P01_109_82/candidate_02_frame_012495_right/reference_frame_original.png,/Users/huhu/Documents/Code/bishe/vrb/vrbreproduction/outputs/e11/experiments/E11/pipeline_outputs/subaction_82_P01_109_82/candidate_02_frame_012495_right/reference_frame_dehanded.png,/Users/huhu/Documents/Code/bishe/vrb/vrbreproduction/outputs/e11/experiments/E11/pipeline_outputs/subaction_82_P01_109_82/candidate_02_frame_012495_right/hand_mask.png,2.0,True
82,P01_109_82,pick up potato slice,pick-up,slice:potato,12503.0,right,new_contact_episode,12490.0,13.0,contact_part_local_affine,contact_part_local_affine,grabcut_fallback,bbox_fallback,cotracker,ready,,small_object_whole_mask_allowed,444,1.0,999.0,1.0,True,5,0.0,contact_part_mask,26,0,False,1.0,36,36,36,1.0,0.4854856431484222,5,0.0,0.352451939139038,,,,,,,6.116235430705546,41,5,0.1941333333333333,isotropic_e7,/Users/huhu/Documents/Code/bishe/vrb/vrbreproduction/outputs/e11/experiments/E11/pipeline_outputs/subaction_82_P01_109_82/candidate_04_frame_012503_right,/Users/huhu/Documents/Code/bishe/vrb/vrbreproduction/outputs/e11/experiments/E11/pipeline_outputs/subaction_82_P01_109_82/candidate_04_frame_012503_right/reference_frame_dehanded.png,/Users/huhu/Documents/Code/bishe/vrb/vrbreproduction/outputs/e11/experiments/E11/pipeline_outputs/subaction_82_P01_109_82/candidate_04_frame_012503_right/label_heatmap_merged_overlay.png,/Users/huhu/Documents/Code/bishe/vrb/vrbreproduction/outputs/e11/experiments/E11/pipeline_outputs/subaction_82_P01_109_82/candidate_04_frame_012503_right/vrb_style_affordance.png,/Users/huhu/Documents/Code/bishe/vrb/vrbreproduction/outputs/e11/experiments/E11/pipeline_outputs/subaction_82_P01_109_82/candidate_04_frame_012503_right/mask_projection_overlay.png,E11,inpainted_bbox,0.1821717379385964,1.0,0.6620444444444444,1.0,opencv_telea,success,,/Users/huhu/Documents/Code/bishe/vrb/vrbreproduction/outputs/e11/experiments/E11/pipeline_outputs/subaction_82_P01_109_82/candidate_04_frame_012503_right/reference_frame_original.png,/Users/huhu/Documents/Code/bishe/vrb/vrbreproduction/outputs/e11/experiments/E11/pipeline_outputs/subaction_82_P01_109_82/candidate_04_frame_012503_right/reference_frame_dehanded.png,/Users/huhu/Documents/Code/bishe/vrb/vrbreproduction/outputs/e11/experiments/E11/pipeline_outputs/subaction_82_P01_109_82/candidate_04_frame_012503_right/hand_mask.png,2.0,True
83,P01_109_83,put down potato slice,put-down,slice:potato,12578.0,right,new_contact_episode,12577.0,1.0,contact_part_local_affine,contact_part_local_affine,grabcut_fallback,bbox_fallback,cotracker,ready,,small_object_whole_mask_allowed,868,1.0,3128.0,1.0,True,5,0.0,contact_part_mask,26,0,False,1.0,36,36,36,1.0,0.2516636252403259,5,0.0,0.352451939139038,,,,,,,6.28835009124279,116,5,0.1110666666666666,isotropic_e7,/Users/huhu/Documents/Code/bishe/vrb/vrbreproduction/outputs/e11/experiments/E11/pipeline_outputs/subaction_83_P01_109_83/candidate_00_frame_012578_right,/Users/huhu/Documents/Code/bishe/vrb/vrbreproduction/outputs/e11/experiments/E11/pipeline_outputs/subaction_83_P01_109_83/candidate_00_frame_012578_right/reference_frame_dehanded.png,/Users/huhu/Documents/Code/bishe/vrb/vrbreproduction/outputs/e11/experiments/E11/pipeline_outputs/subaction_83_P01_109_83/candidate_00_frame_012578_right/label_heatmap_merged_overlay.png,/Users/huhu/Documents/Code/bishe/vrb/vrbreproduction/outputs/e11/experiments/E11/pipeline_outputs/subaction_83_P01_109_83/candidate_00_frame_012578_right/vrb_style_affordance.png,/Users/huhu/Documents/Code/bishe/vrb/vrbreproduction/outputs/e11/experiments/E11/pipeline_outputs/subaction_83_P01_109_83/candidate_00_frame_012578_right/mask_projection_overlay.png,E11,inpainted_bbox,0.1715837445175438,1.0,0.4095555555555555,1.0,opencv_telea,success,,/Users/huhu/Documents/Code/bishe/vrb/vrbreproduction/outputs/e11/experiments/E11/pipeline_outputs/subaction_83_P01_109_83/candidate_00_frame_012578_right/reference_frame_original.png,/Users/huhu/Documents/Code/bishe/vrb/vrbreproduction/outputs/e11/experiments/E11/pipeline_outputs/subaction_83_P01_109_83/candidate_00_frame_012578_right/reference_frame_dehanded.png,/Users/huhu/Documents/Code/bishe/vrb/vrbreproduction/outputs/e11/experiments/E11/pipeline_outputs/subaction_83_P01_109_83/candidate_00_frame_012578_right/hand_mask.png,2.0,True
84,P01_109_84,pick up potato slice,pick-up,slice:potato,12634.0,right,new_contact_episode,12633.0,1.0,contact_part_local_affine,contact_part_local_affine,grabcut_fallback,bbox_fallback,cotracker,ready,,small_object_whole_mask_allowed,5432,0.999815939628198,5934.0,0.7413793103448276,True,5,0.0,contact_part_mask,26,0,False,1.0,36,33,33,1.0,0.2711167335510254,5,0.0,0.3977498828034974,,,,,,,6.270333164660135,107,5,0.1436888888888889,isotropic_e7,/Users/huhu/Documents/Code/bishe/vrb/vrbreproduction/outputs/e11/experiments/E11/pipeline_outputs/subaction_84_P01_109_84/candidate_00_frame_012634_right,/Users/huhu/Documents/Code/bishe/vrb/vrbreproduction/outputs/e11/experiments/E11/pipeline_outputs/subaction_84_P01_109_84/candidate_00_frame_012634_right/reference_frame_dehanded.png,/Users/huhu/Documents/Code/bishe/vrb/vrbreproduction/outputs/e11/experiments/E11/pipeline_outputs/subaction_84_P01_109_84/candidate_00_frame_012634_right/label_heatmap_merged_overlay.png,/Users/huhu/Documents/Code/bishe/vrb/vrbreproduction/outputs/e11/experiments/E11/pipeline_outputs/subaction_84_P01_109_84/candidate_00_frame_012634_right/vrb_style_affordance.png,/Users/huhu/Documents/Code/bishe/vrb/vrbreproduction/outputs/e11/experiments/E11/pipeline_outputs/subaction_84_P01_109_84/candidate_00_frame_012634_right/mask_projection_overlay.png,E11,inpainted_bbox,0.1878512198464912,0.5862068965517241,0.4708,0.6612740141557129,opencv_telea,success,,/Users/huhu/Documents/Code/bishe/vrb/vrbreproduction/outputs/e11/experiments/E11/pipeline_outputs/subaction_84_P01_109_84/candidate_00_frame_012634_right/reference_frame_original.png,/Users/huhu/Documents/Code/bishe/vrb/vrbreproduction/outputs/e11/experiments/E11/pipeline_outputs/subaction_84_P01_109_84/candidate_00_frame_012634_right/reference_frame_dehanded.png,/Users/huhu/Documents/Code/bishe/vrb/vrbreproduction/outputs/e11/experiments/E11/pipeline_outputs/subaction_84_P01_109_84/candidate_00_frame_012634_right/hand_mask.png,2.0,True
84,P01_109_84,pick up potato slice,pick-up,slice:potato,12636.0,right,new_contact_episode,12633.0,3.0,contact_part_local_affine,contact_part_local_affine,grabcut_fallback,bbox_fallback,cotracker,ready,,small_object_whole_mask_allowed,5668,1.0,5592.0,0.6986506746626686,True,5,0.0,contact_part_mask,26,0,False,1.0,36,29,29,1.0,0.1886078715324401,5,0.0,0.4099563326068669,,,,,,,6.260808430520693,104,5,0.1436888888888889,isotropic_e7,/Users/huhu/Documents/Code/bishe/vrb/vrbreproduction/outputs/e11/experiments/E11/pipeline_outputs/subaction_84_P01_109_84/candidate_02_frame_012636_right,/Users/huhu/Documents/Code/bishe/vrb/vrbreproduction/outputs/e11/experiments/E11/pipeline_outputs/subaction_84_P01_109_84/candidate_02_frame_012636_right/reference_frame_dehanded.png,/Users/huhu/Documents/Code/bishe/vrb/vrbreproduction/outputs/e11/experiments/E11/pipeline_outputs/subaction_84_P01_109_84/candidate_02_frame_012636_right/label_heatmap_merged_overlay.png,/Users/huhu/Documents/Code/bishe/vrb/vrbreproduction/outputs/e11/experiments/E11/pipeline_outputs/subaction_84_P01_109_84/candidate_02_frame_012636_right/vrb_style_affordance.png,/Users/huhu/Documents/Code/bishe/vrb/vrbreproduction/outputs/e11/experiments/E11/pipeline_outputs/subaction_84_P01_109_84/candidate_02_frame_012636_right/mask_projection_overlay.png,E11,inpainted_bbox,0.1878512198464912,0.5862068965517241,0.4708,0.6405579399141631,opencv_telea,success,,/Users/huhu/Documents/Code/bishe/vrb/vrbreproduction/outputs/e11/experiments/E11/pipeline_outputs/subaction_84_P01_109_84/candidate_02_frame_012636_right/reference_frame_original.png,/Users/huhu/Documents/Code/bishe/vrb/vrbreproduction/outputs/e11/experiments/E11/pipeline_outputs/subaction_84_P01_109_84/candidate_02_frame_012636_right/reference_frame_dehanded.png,/Users/huhu/Documents/Code/bishe/vrb/vrbreproduction/outputs/e11/experiments/E11/pipeline_outputs/subaction_84_P01_109_84/candidate_02_frame_012636_right/hand_mask.png,2.0,True
84,P01_109_84,pick up potato slice,pick-up,slice:potato,12639.0,left,new_contact_episode,12638.0,1.0,contact_part_local_affine,contact_part_local_affine,grabcut_fallback,bbox_fallback,cotracker,ready,,small_object_whole_mask_allowed,1254,1.0,1476.0,1.0,True,5,0.0,contact_part_mask,26,0,False,1.0,36,35,35,1.0,0.469665914773941,5,0.0,0.4289719626308533,,,,,,,6.1917433558901145,99,5,0.1711111111111111,isotropic_e7,/Users/huhu/Documents/Code/bishe/vrb/vrbreproduction/outputs/e11/experiments/E11/pipeline_outputs/subaction_84_P01_109_84/candidate_03_frame_012639_left,/Users/huhu/Documents/Code/bishe/vrb/vrbreproduction/outputs/e11/experiments/E11/pipeline_outputs/subaction_84_P01_109_84/candidate_03_frame_012639_left/reference_frame_dehanded.png,/Users/huhu/Documents/Code/bishe/vrb/vrbreproduction/outputs/e11/experiments/E11/pipeline_outputs/subaction_84_P01_109_84/candidate_03_frame_012639_left/label_heatmap_merged_overlay.png,/Users/huhu/Documents/Code/bishe/vrb/vrbreproduction/outputs/e11/experiments/E11/pipeline_outputs/subaction_84_P01_109_84/candidate_03_frame_012639_left/vrb_style_affordance.png,/Users/huhu/Documents/Code/bishe/vrb/vrbreproduction/outputs/e11/experiments/E11/pipeline_outputs/subaction_84_P01_109_84/candidate_03_frame_012639_left/mask_projection_overlay.png,E11,inpainted_bbox,0.2041015625,1.0,0.5077333333333334,1.0,opencv_telea,success,,/Users/huhu/Documents/Code/bishe/vrb/vrbreproduction/outputs/e11/experiments/E11/pipeline_outputs/subaction_84_P01_109_84/candidate_03_frame_012639_left/reference_frame_original.png,/Users/huhu/Documents/Code/bishe/vrb/vrbreproduction/outputs/e11/experiments/E11/pipeline_outputs/subaction_84_P01_109_84/candidate_03_frame_012639_left/reference_frame_dehanded.png,/Users/huhu/Documents/Code/bishe/vrb/vrbreproduction/outputs/e11/experiments/E11/pipeline_outputs/subaction_84_P01_109_84/candidate_03_frame_012639_left/hand_mask.png,2.0,True
85,P01_109_85,put down potato slice,put-down,slice:potato,12680.0,left,new_contact_episode,12679.0,1.0,contact_part_local_affine,contact_part_local_affine,grabcut_fallback,bbox_fallback,cotracker,ready,,small_object_whole_mask_allowed,5155,0.9944058641975309,5430.0,0.991237677984666,True,5,0.0,contact_part_mask,26,0,False,1.0,36,36,36,1.0,0.3151822686195373,5,0.0,0.7363975911830737,,,,,,,6.194544531941412,112,5,0.1933333333333333,isotropic_e7,/Users/huhu/Documents/Code/bishe/vrb/vrbreproduction/outputs/e11/experiments/E11/pipeline_outputs/subaction_85_P01_109_85/candidate_01_frame_012680_left,/Users/huhu/Documents/Code/bishe/vrb/vrbreproduction/outputs/e11/experiments/E11/pipeline_outputs/subaction_85_P01_109_85/candidate_01_frame_012680_left/reference_frame_dehanded.png,/Users/huhu/Documents/Code/bishe/vrb/vrbreproduction/outputs/e11/experiments/E11/pipeline_outputs/subaction_85_P01_109_85/candidate_01_frame_012680_left/label_heatmap_merged_overlay.png,/Users/huhu/Documents/Code/bishe/vrb/vrbreproduction/outputs/e11/experiments/E11/pipeline_outputs/subaction_85_P01_109_85/candidate_01_frame_012680_left/vrb_style_affordance.png,/Users/huhu/Documents/Code/bishe/vrb/vrbreproduction/outputs/e11/experiments/E11/pipeline_outputs/subaction_85_P01_109_85/candidate_01_frame_012680_left/mask_projection_overlay.png,E11,inpainted_bbox,0.1786595394736842,0.8220153340635268,0.4945777777777778,0.8204419889502762,opencv_telea,success,,/Users/huhu/Documents/Code/bishe/vrb/vrbreproduction/outputs/e11/experiments/E11/pipeline_outputs/subaction_85_P01_109_85/candidate_01_frame_012680_left/reference_frame_original.png,/Users/huhu/Documents/Code/bishe/vrb/vrbreproduction/outputs/e11/experiments/E11/pipeline_outputs/subaction_85_P01_109_85/candidate_01_frame_012680_left/reference_frame_dehanded.png,/Users/huhu/Documents/Code/bishe/vrb/vrbreproduction/outputs/e11/experiments/E11/pipeline_outputs/subaction_85_P01_109_85/candidate_01_frame_012680_left/hand_mask.png,2.0,True
86,P01_109_86,pick up potato slice,pick-up,slice:potato,12724.0,left,new_contact_episode,12650.0,74.0,contact_part_local_affine,contact_part_local_affine,grabcut_fallback,bbox_fallback,cotracker,ready,,small_object_whole_mask_allowed,2509,0.861015785861359,1056.0,1.0,True,5,0.0,contact_part_mask,26,0,False,0.9891666666666667,36,24,22,0.9166666666666666,0.3788141012191772,5,0.0,0.7363975911830737,,,,,,,5.798602243630091,34,5,0.1301333333333333,isotropic_e7,/Users/huhu/Documents/Code/bishe/vrb/vrbreproduction/outputs/e11/experiments/E11/pipeline_outputs/subaction_86_P01_109_86/candidate_00_frame_012724_left,/Users/huhu/Documents/Code/bishe/vrb/vrbreproduction/outputs/e11/experiments/E11/pipeline_outputs/subaction_86_P01_109_86/candidate_00_frame_012724_left/reference_frame_dehanded.png,/Users/huhu/Documents/Code/bishe/vrb/vrbreproduction/outputs/e11/experiments/E11/pipeline_outputs/subaction_86_P01_109_86/candidate_00_frame_012724_left/label_heatmap_merged_overlay.png,/Users/huhu/Documents/Code/bishe/vrb/vrbreproduction/outputs/e11/experiments/E11/pipeline_outputs/subaction_86_P01_109_86/candidate_00_frame_012724_left/vrb_style_affordance.png,/Users/huhu/Documents/Code/bishe/vrb/vrbreproduction/outputs/e11/experiments/E11/pipeline_outputs/subaction_86_P01_109_86/candidate_00_frame_012724_left/mask_projection_overlay.png,E11,inpainted_bbox,0.1778200383771929,1.0,0.5364444444444444,1.0,opencv_telea,success,,/Users/huhu/Documents/Code/bishe/vrb/vrbreproduction/outputs/e11/experiments/E11/pipeline_outputs/subaction_86_P01_109_86/candidate_00_frame_012724_left/reference_frame_original.png,/Users/huhu/Documents/Code/bishe/vrb/vrbreproduction/outputs/e11/experiments/E11/pipeline_outputs/subaction_86_P01_109_86/candidate_00_frame_012724_left/reference_frame_dehanded.png,/Users/huhu/Documents/Code/bishe/vrb/vrbreproduction/outputs/e11/experiments/E11/pipeline_outputs/subaction_86_P01_109_86/candidate_00_frame_012724_left/hand_mask.png,2.0,True
86,P01_109_86,pick up potato slice,pick-up,slice:potato,12726.0,left,new_contact_episode,12705.0,21.0,contact_part_local_affine,contact_part_local_affine,grabcut_fallback,bbox_fallback,cotracker,ready,,small_object_whole_mask_allowed,667,1.0,910.0,1.0,True,5,0.0,contact_part_mask,26,0,False,0.9752380952380952,36,21,17,0.8095238095238095,0.633931577205658,5,0.0,0.7363975911830737,,,,,,,6.000791576493354,58,5,0.1586666666666666,isotropic_e7,/Users/huhu/Documents/Code/bishe/vrb/vrbreproduction/outputs/e11/experiments/E11/pipeline_outputs/subaction_86_P01_109_86/candidate_01_frame_012726_left,/Users/huhu/Documents/Code/bishe/vrb/vrbreproduction/outputs/e11/experiments/E11/pipeline_outputs/subaction_86_P01_109_86/candidate_01_frame_012726_left/reference_frame_dehanded.png,/Users/huhu/Documents/Code/bishe/vrb/vrbreproduction/outputs/e11/experiments/E11/pipeline_outputs/subaction_86_P01_109_86/candidate_01_frame_012726_left/label_heatmap_merged_overlay.png,/Users/huhu/Documents/Code/bishe/vrb/vrbreproduction/outputs/e11/experiments/E11/pipeline_outputs/subaction_86_P01_109_86/candidate_01_frame_012726_left/vrb_style_affordance.png,/Users/huhu/Documents/Code/bishe/vrb/vrbreproduction/outputs/e11/experiments/E11/pipeline_outputs/subaction_86_P01_109_86/candidate_01_frame_012726_left/mask_projection_overlay.png,E11,inpainted_bbox,0.1727145010964912,1.0,0.4440444444444444,1.0,opencv_telea,success,,/Users/huhu/Documents/Code/bishe/vrb/vrbreproduction/outputs/e11/experiments/E11/pipeline_outputs/subaction_86_P01_109_86/candidate_01_frame_012726_left/reference_frame_original.png,/Users/huhu/Documents/Code/bishe/vrb/vrbreproduction/outputs/e11/experiments/E11/pipeline_outputs/subaction_86_P01_109_86/candidate_01_frame_012726_left/reference_frame_dehanded.png,/Users/huhu/Documents/Code/bishe/vrb/vrbreproduction/outputs/e11/experiments/E11/pipeline_outputs/subaction_86_P01_109_86/candidate_01_frame_012726_left/hand_mask.png,2.0,True
86,P01_109_86,pick up potato slice,pick-up,slice:potato,12730.0,left,new_contact_episode,12703.0,27.0,contact_part_local_affine,contact_part_local_affine,grabcut_fallback,bbox_fallback,cotracker,ready,,small_object_whole_mask_allowed,725,1.0,864.0,1.0,True,5,0.0,contact_part_mask,26,0,False,1.0,36,11,11,1.0,0.7178376913070679,5,0.0,0.7363975911830737,,,,,,,6.086464869260786,19,5,0.1533333333333333,isotropic_e7,/Users/huhu/Documents/Code/bishe/vrb/vrbreproduction/outputs/e11/experiments/E11/pipeline_outputs/subaction_86_P01_109_86/candidate_03_frame_012730_left,/Users/huhu/Documents/Code/bishe/vrb/vrbreproduction/outputs/e11/experiments/E11/pipeline_outputs/subaction_86_P01_109_86/candidate_03_frame_012730_left/reference_frame_dehanded.png,/Users/huhu/Documents/Code/bishe/vrb/vrbreproduction/outputs/e11/experiments/E11/pipeline_outputs/subaction_86_P01_109_86/candidate_03_frame_012730_left/label_heatmap_merged_overlay.png,/Users/huhu/Documents/Code/bishe/vrb/vrbreproduction/outputs/e11/experiments/E11/pipeline_outputs/subaction_86_P01_109_86/candidate_03_frame_012730_left/vrb_style_affordance.png,/Users/huhu/Documents/Code/bishe/vrb/vrbreproduction/outputs/e11/experiments/E11/pipeline_outputs/subaction_86_P01_109_86/candidate_03_frame_012730_left/mask_projection_overlay.png,E11,inpainted_bbox,0.1779742324561403,1.0,0.4352,1.0,opencv_telea,success,,/Users/huhu/Documents/Code/bishe/vrb/vrbreproduction/outputs/e11/experiments/E11/pipeline_outputs/subaction_86_P01_109_86/candidate_03_frame_012730_left/reference_frame_original.png,/Users/huhu/Documents/Code/bishe/vrb/vrbreproduction/outputs/e11/experiments/E11/pipeline_outputs/subaction_86_P01_109_86/candidate_03_frame_012730_left/reference_frame_dehanded.png,/Users/huhu/Documents/Code/bishe/vrb/vrbreproduction/outputs/e11/experiments/E11/pipeline_outputs/subaction_86_P01_109_86/candidate_03_frame_012730_left/hand_mask.png,2.0,True
88,P01_109_88,pick up knife,pick-up,knife,12881.0,right,new_contact_episode,12880.0,1.0,contact_part_local_affine,contact_part_local_affine,grabcut_fallback,bbox_fallback,cotracker,ready,,handle_like_edge_or_endpoint,768,1.0,3619.0,0.9138888888888888,True,5,0.0,contact_part_mask,26,0,False,1.0,36,36,36,1.0,0.2008419334888458,5,0.0,0.4961090437133778,,,,,,,6.1253747419953335,80,5,0.2417333333333333,isotropic_e7,/Users/huhu/Documents/Code/bishe/vrb/vrbreproduction/outputs/e11/experiments/E11/pipeline_outputs/subaction_88_P01_109_88/candidate_02_frame_012881_right,/Users/huhu/Documents/Code/bishe/vrb/vrbreproduction/outputs/e11/experiments/E11/pipeline_outputs/subaction_88_P01_109_88/candidate_02_frame_012881_right/reference_frame_dehanded.png,/Users/huhu/Documents/Code/bishe/vrb/vrbreproduction/outputs/e11/experiments/E11/pipeline_outputs/subaction_88_P01_109_88/candidate_02_frame_012881_right/label_heatmap_merged_overlay.png,/Users/huhu/Documents/Code/bishe/vrb/vrbreproduction/outputs/e11/experiments/E11/pipeline_outputs/subaction_88_P01_109_88/candidate_02_frame_012881_right/vrb_style_affordance.png,/Users/huhu/Documents/Code/bishe/vrb/vrbreproduction/outputs/e11/experiments/E11/pipeline_outputs/subaction_88_P01_109_88/candidate_02_frame_012881_right/mask_projection_overlay.png,E11,inpainted_bbox,0.1846131441885964,0.7803030303030303,0.6332,0.7830892511743576,opencv_telea,success,,/Users/huhu/Documents/Code/bishe/vrb/vrbreproduction/outputs/e11/experiments/E11/pipeline_outputs/subaction_88_P01_109_88/candidate_02_frame_012881_right/reference_frame_original.png,/Users/huhu/Documents/Code/bishe/vrb/vrbreproduction/outputs/e11/experiments/E11/pipeline_outputs/subaction_88_P01_109_88/candidate_02_frame_012881_right/reference_frame_dehanded.png,/Users/huhu/Documents/Code/bishe/vrb/vrbreproduction/outputs/e11/experiments/E11/pipeline_outputs/subaction_88_P01_109_88/candidate_02_frame_012881_right/hand_mask.png,2.0,True
89,P01_109_89,cut potato slice,cut,slice:potato,12999.0,left,new_contact_episode,12998.0,1.0,contact_part_local_affine,contact_part_local_affine,grabcut_fallback,bbox_fallback,cotracker,ready,,small_object_whole_mask_allowed,624,1.0,702.0,1.0,True,3,0.0,contact_part_mask,26,0,False,0.825,36,35,35,1.0,0.488947182893753,3,0.0,0.4961090437133778,,,,,,,5.3093315845131865,33,3,0.2133333333333333,isotropic_e7,/Users/huhu/Documents/Code/bishe/vrb/vrbreproduction/outputs/e11/experiments/E11/pipeline_outputs/subaction_89_P01_109_89/candidate_00_frame_012999_left,/Users/huhu/Documents/Code/bishe/vrb/vrbreproduction/outputs/e11/experiments/E11/pipeline_outputs/subaction_89_P01_109_89/candidate_00_frame_012999_left/reference_frame_dehanded.png,/Users/huhu/Documents/Code/bishe/vrb/vrbreproduction/outputs/e11/experiments/E11/pipeline_outputs/subaction_89_P01_109_89/candidate_00_frame_012999_left/label_heatmap_merged_overlay.png,/Users/huhu/Documents/Code/bishe/vrb/vrbreproduction/outputs/e11/experiments/E11/pipeline_outputs/subaction_89_P01_109_89/candidate_00_frame_012999_left/vrb_style_affordance.png,/Users/huhu/Documents/Code/bishe/vrb/vrbreproduction/outputs/e11/experiments/E11/pipeline_outputs/subaction_89_P01_109_89/candidate_00_frame_012999_left/mask_projection_overlay.png,E11,inpainted_bbox,0.2027994791666666,1.0,0.63,1.0,opencv_telea,success,,/Users/huhu/Documents/Code/bishe/vrb/vrbreproduction/outputs/e11/experiments/E11/pipeline_outputs/subaction_89_P01_109_89/candidate_00_frame_012999_left/reference_frame_original.png,/Users/huhu/Documents/Code/bishe/vrb/vrbreproduction/outputs/e11/experiments/E11/pipeline_outputs/subaction_89_P01_109_89/candidate_00_frame_012999_left/reference_frame_dehanded.png,/Users/huhu/Documents/Code/bishe/vrb/vrbreproduction/outputs/e11/experiments/E11/pipeline_outputs/subaction_89_P01_109_89/candidate_00_frame_012999_left/hand_mask.png,2.0,True
91,P01_109_91,put down potato slice,put-down,slice:potato,13081.0,left,new_contact_episode,13080.0,1.0,contact_part_local_affine,contact_part_local_affine,grabcut_fallback,bbox_fallback,cotracker,ready,,small_object_whole_mask_allowed,691,1.0,3575.0,0.9963768115942028,True,5,0.0,contact_part_mask,26,0,False,1.0,36,36,36,1.0,0.2438790500164032,5,0.0,0.4961090437133778,,,,,,,6.33941696183284,73,5,0.0981777777777777,isotropic_e7,/Users/huhu/Documents/Code/bishe/vrb/vrbreproduction/outputs/e11/experiments/E11/pipeline_outputs/subaction_91_P01_109_91/candidate_02_frame_013081_left,/Users/huhu/Documents/Code/bishe/vrb/vrbreproduction/outputs/e11/experiments/E11/pipeline_outputs/subaction_91_P01_109_91/candidate_02_frame_013081_left/reference_frame_dehanded.png,/Users/huhu/Documents/Code/bishe/vrb/vrbreproduction/outputs/e11/experiments/E11/pipeline_outputs/subaction_91_P01_109_91/candidate_02_frame_013081_left/label_heatmap_merged_overlay.png,/Users/huhu/Documents/Code/bishe/vrb/vrbreproduction/outputs/e11/experiments/E11/pipeline_outputs/subaction_91_P01_109_91/candidate_02_frame_013081_left/vrb_style_affordance.png,/Users/huhu/Documents/Code/bishe/vrb/vrbreproduction/outputs/e11/experiments/E11/pipeline_outputs/subaction_91_P01_109_91/candidate_02_frame_013081_left/mask_projection_overlay.png,E11,inpainted_bbox,0.1756698876096491,0.8269230769230769,0.3844,0.8262937062937062,opencv_telea,success,,/Users/huhu/Documents/Code/bishe/vrb/vrbreproduction/outputs/e11/experiments/E11/pipeline_outputs/subaction_91_P01_109_91/candidate_02_frame_013081_left/reference_frame_original.png,/Users/huhu/Documents/Code/bishe/vrb/vrbreproduction/outputs/e11/experiments/E11/pipeline_outputs/subaction_91_P01_109_91/candidate_02_frame_013081_left/reference_frame_dehanded.png,/Users/huhu/Documents/Code/bishe/vrb/vrbreproduction/outputs/e11/experiments/E11/pipeline_outputs/subaction_91_P01_109_91/candidate_02_frame_013081_left/hand_mask.png,2.0,True
92,P01_109_92,pick up potato,pick-up,potato,13110.0,left,new_contact_episode,13109.0,1.0,contact_part_local_affine,contact_part_local_affine,grabcut_fallback,bbox_fallback,cotracker,ready,,small_object_whole_mask_allowed,783,1.0,783.0,1.0,True,5,0.0,contact_part_mask,26,0,False,1.0,36,36,36,1.0,0.0849291384220123,5,0.0,0.4961090437133778,,,,,,,6.228485459180672,37,5,0.1543111111111111,isotropic_e7,/Users/huhu/Documents/Code/bishe/vrb/vrbreproduction/outputs/e11/experiments/E11/pipeline_outputs/subaction_92_P01_109_92/candidate_02_frame_013110_left,/Users/huhu/Documents/Code/bishe/vrb/vrbreproduction/outputs/e11/experiments/E11/pipeline_outputs/subaction_92_P01_109_92/candidate_02_frame_013110_left/reference_frame_dehanded.png,/Users/huhu/Documents/Code/bishe/vrb/vrbreproduction/outputs/e11/experiments/E11/pipeline_outputs/subaction_92_P01_109_92/candidate_02_frame_013110_left/label_heatmap_merged_overlay.png,/Users/huhu/Documents/Code/bishe/vrb/vrbreproduction/outputs/e11/experiments/E11/pipeline_outputs/subaction_92_P01_109_92/candidate_02_frame_013110_left/vrb_style_affordance.png,/Users/huhu/Documents/Code/bishe/vrb/vrbreproduction/outputs/e11/experiments/E11/pipeline_outputs/subaction_92_P01_109_92/candidate_02_frame_013110_left/mask_projection_overlay.png,E11,inpainted_bbox,0.1641481633771929,1.0,0.5216888888888889,1.0,opencv_telea,success,,/Users/huhu/Documents/Code/bishe/vrb/vrbreproduction/outputs/e11/experiments/E11/pipeline_outputs/subaction_92_P01_109_92/candidate_02_frame_013110_left/reference_frame_original.png,/Users/huhu/Documents/Code/bishe/vrb/vrbreproduction/outputs/e11/experiments/E11/pipeline_outputs/subaction_92_P01_109_92/candidate_02_frame_013110_left/reference_frame_dehanded.png,/Users/huhu/Documents/Code/bishe/vrb/vrbreproduction/outputs/e11/experiments/E11/pipeline_outputs/subaction_92_P01_109_92/candidate_02_frame_013110_left/hand_mask.png,2.0,True
92,P01_109_92,pick up potato,pick-up,potato,13112.0,left,new_contact_episode,13111.0,1.0,contact_part_local_affine,contact_part_local_affine,grabcut_fallback,bbox_fallback,cotracker,ready,,small_object_whole_mask_allowed,900,1.0,725.0,1.0,True,4,0.0,contact_part_mask,26,0,False,0.9125,36,36,36,1.0,0.6008672118186951,4,0.0,0.4961090437133778,,,,,,,5.814573983645438,47,4,0.1576,isotropic_e7,/Users/huhu/Documents/Code/bishe/vrb/vrbreproduction/outputs/e11/experiments/E11/pipeline_outputs/subaction_92_P01_109_92/candidate_04_frame_013112_left,/Users/huhu/Documents/Code/bishe/vrb/vrbreproduction/outputs/e11/experiments/E11/pipeline_outputs/subaction_92_P01_109_92/candidate_04_frame_013112_left/reference_frame_dehanded.png,/Users/huhu/Documents/Code/bishe/vrb/vrbreproduction/outputs/e11/experiments/E11/pipeline_outputs/subaction_92_P01_109_92/candidate_04_frame_013112_left/label_heatmap_merged_overlay.png,/Users/huhu/Documents/Code/bishe/vrb/vrbreproduction/outputs/e11/experiments/E11/pipeline_outputs/subaction_92_P01_109_92/candidate_04_frame_013112_left/vrb_style_affordance.png,/Users/huhu/Documents/Code/bishe/vrb/vrbreproduction/outputs/e11/experiments/E11/pipeline_outputs/subaction_92_P01_109_92/candidate_04_frame_013112_left/mask_projection_overlay.png,E11,inpainted_bbox,0.1635999177631578,1.0,0.5689777777777778,1.0,opencv_telea,success,,/Users/huhu/Documents/Code/bishe/vrb/vrbreproduction/outputs/e11/experiments/E11/pipeline_outputs/subaction_92_P01_109_92/candidate_04_frame_013112_left/reference_frame_original.png,/Users/huhu/Documents/Code/bishe/vrb/vrbreproduction/outputs/e11/experiments/E11/pipeline_outputs/subaction_92_P01_109_92/candidate_04_frame_013112_left/reference_frame_dehanded.png,/Users/huhu/Documents/Code/bishe/vrb/vrbreproduction/outputs/e11/experiments/E11/pipeline_outputs/subaction_92_P01_109_92/candidate_04_frame_013112_left/hand_mask.png,2.0,True
92,P01_109_92,pick up potato,pick-up,potato,13115.0,right,new_contact_episode,13114.0,1.0,contact_part_local_affine,contact_part_local_affine,grabcut_fallback,bbox_fallback,cotracker,ready,,small_object_whole_mask_allowed,315,1.0,780.0,1.0,True,5,0.0,contact_part_mask,26,0,False,1.0,36,36,36,1.0,0.1108081862330436,5,0.0,0.5113340139796211,,,,,,,6.238809087746341,70,5,0.1679111111111111,isotropic_e7,/Users/huhu/Documents/Code/bishe/vrb/vrbreproduction/outputs/e11/experiments/E11/pipeline_outputs/subaction_92_P01_109_92/candidate_06_frame_013115_right,/Users/huhu/Documents/Code/bishe/vrb/vrbreproduction/outputs/e11/experiments/E11/pipeline_outputs/subaction_92_P01_109_92/candidate_06_frame_013115_right/reference_frame_dehanded.png,/Users/huhu/Documents/Code/bishe/vrb/vrbreproduction/outputs/e11/experiments/E11/pipeline_outputs/subaction_92_P01_109_92/candidate_06_frame_013115_right/label_heatmap_merged_overlay.png,/Users/huhu/Documents/Code/bishe/vrb/vrbreproduction/outputs/e11/experiments/E11/pipeline_outputs/subaction_92_P01_109_92/candidate_06_frame_013115_right/vrb_style_affordance.png,/Users/huhu/Documents/Code/bishe/vrb/vrbreproduction/outputs/e11/experiments/E11/pipeline_outputs/subaction_92_P01_109_92/candidate_06_frame_013115_right/mask_projection_overlay.png,E11,inpainted_bbox,0.1596422697368421,1.0,0.5957333333333333,1.0,opencv_telea,success,,/Users/huhu/Documents/Code/bishe/vrb/vrbreproduction/outputs/e11/experiments/E11/pipeline_outputs/subaction_92_P01_109_92/candidate_06_frame_013115_right/reference_frame_original.png,/Users/huhu/Documents/Code/bishe/vrb/vrbreproduction/outputs/e11/experiments/E11/pipeline_outputs/subaction_92_P01_109_92/candidate_06_frame_013115_right/reference_frame_dehanded.png,/Users/huhu/Documents/Code/bishe/vrb/vrbreproduction/outputs/e11/experiments/E11/pipeline_outputs/subaction_92_P01_109_92/candidate_06_frame_013115_right/hand_mask.png,2.0,True
93,P01_109_93,pick up peeler,pick-up,peeler,13134.0,right,new_contact_episode,13133.0,1.0,contact_part_local_affine,contact_part_local_affine,grabcut_fallback,bbox_fallback,cotracker,ready,,handle_like_edge_or_endpoint,266,1.0,624.0,1.0,True,5,0.0,contact_part_mask,26,0,False,1.0,36,36,36,1.0,0.3743909895420074,5,0.0,0.6542882604752328,,,,,,,6.302501603647072,96,5,0.1201777777777777,isotropic_e7,/Users/huhu/Documents/Code/bishe/vrb/vrbreproduction/outputs/e11/experiments/E11/pipeline_outputs/subaction_93_P01_109_93/candidate_00_frame_013134_right,/Users/huhu/Documents/Code/bishe/vrb/vrbreproduction/outputs/e11/experiments/E11/pipeline_outputs/subaction_93_P01_109_93/candidate_00_frame_013134_right/reference_frame_dehanded.png,/Users/huhu/Documents/Code/bishe/vrb/vrbreproduction/outputs/e11/experiments/E11/pipeline_outputs/subaction_93_P01_109_93/candidate_00_frame_013134_right/label_heatmap_merged_overlay.png,/Users/huhu/Documents/Code/bishe/vrb/vrbreproduction/outputs/e11/experiments/E11/pipeline_outputs/subaction_93_P01_109_93/candidate_00_frame_013134_right/vrb_style_affordance.png,/Users/huhu/Documents/Code/bishe/vrb/vrbreproduction/outputs/e11/experiments/E11/pipeline_outputs/subaction_93_P01_109_93/candidate_00_frame_013134_right/mask_projection_overlay.png,E11,inpainted_bbox,0.181554961622807,1.0,0.4339111111111111,1.0,opencv_telea,success,,/Users/huhu/Documents/Code/bishe/vrb/vrbreproduction/outputs/e11/experiments/E11/pipeline_outputs/subaction_93_P01_109_93/candidate_00_frame_013134_right/reference_frame_original.png,/Users/huhu/Documents/Code/bishe/vrb/vrbreproduction/outputs/e11/experiments/E11/pipeline_outputs/subaction_93_P01_109_93/candidate_00_frame_013134_right/reference_frame_dehanded.png,/Users/huhu/Documents/Code/bishe/vrb/vrbreproduction/outputs/e11/experiments/E11/pipeline_outputs/subaction_93_P01_109_93/candidate_00_frame_013134_right/hand_mask.png,2.0,True
93,P01_109_93,pick up peeler,pick-up,peeler,13136.0,right,new_contact_episode,13134.0,2.0,contact_part_local_affine,contact_part_local_affine,grabcut_fallback,bbox_fallback,cotracker,ready,,handle_like_edge_or_endpoint,301,1.0,725.0,1.0,True,5,0.0,contact_part_mask,26,0,False,1.0,36,36,36,1.0,0.2580384612083435,5,0.0,0.6542882604752328,,,,,,,6.2822588461637485,80,5,0.132,isotropic_e7,/Users/huhu/Documents/Code/bishe/vrb/vrbreproduction/outputs/e11/experiments/E11/pipeline_outputs/subaction_93_P01_109_93/candidate_02_frame_013136_right,/Users/huhu/Documents/Code/bishe/vrb/vrbreproduction/outputs/e11/experiments/E11/pipeline_outputs/subaction_93_P01_109_93/candidate_02_frame_013136_right/reference_frame_dehanded.png,/Users/huhu/Documents/Code/bishe/vrb/vrbreproduction/outputs/e11/experiments/E11/pipeline_outputs/subaction_93_P01_109_93/candidate_02_frame_013136_right/label_heatmap_merged_overlay.png,/Users/huhu/Documents/Code/bishe/vrb/vrbreproduction/outputs/e11/experiments/E11/pipeline_outputs/subaction_93_P01_109_93/candidate_02_frame_013136_right/vrb_style_affordance.png,/Users/huhu/Documents/Code/bishe/vrb/vrbreproduction/outputs/e11/experiments/E11/pipeline_outputs/subaction_93_P01_109_93/candidate_02_frame_013136_right/mask_projection_overlay.png,E11,inpainted_bbox,0.1821203399122807,1.0,0.4630222222222222,1.0,opencv_telea,success,,/Users/huhu/Documents/Code/bishe/vrb/vrbreproduction/outputs/e11/experiments/E11/pipeline_outputs/subaction_93_P01_109_93/candidate_02_frame_013136_right/reference_frame_original.png,/Users/huhu/Documents/Code/bishe/vrb/vrbreproduction/outputs/e11/experiments/E11/pipeline_outputs/subaction_93_P01_109_93/candidate_02_frame_013136_right/reference_frame_dehanded.png,/Users/huhu/Documents/Code/bishe/vrb/vrbreproduction/outputs/e11/experiments/E11/pipeline_outputs/subaction_93_P01_109_93/candidate_02_frame_013136_right/hand_mask.png,2.0,True
94,P01_109_94,peel potato,peel,potato,13151.0,right,continuation_entry_rescue,13140.0,11.0,contact_part_local_affine,contact_part_local_affine,grabcut_fallback,bbox_fallback,cotracker,ready,,small_object_whole_mask_allowed,456,1.0,1247.0,1.0,True,5,0.0,contact_part_mask,26,0,False,1.0,36,26,26,1.0,0.7908257246017456,5,0.0,0.6542882604752328,,,,,,,6.197875228261947,125,5,0.1416,isotropic_e7,/Users/huhu/Documents/Code/bishe/vrb/vrbreproduction/outputs/e11/experiments/E11/pipeline_outputs/subaction_94_P01_109_94/candidate_02_frame_013151_right,/Users/huhu/Documents/Code/bishe/vrb/vrbreproduction/outputs/e11/experiments/E11/pipeline_outputs/subaction_94_P01_109_94/candidate_02_frame_013151_right/reference_frame_dehanded.png,/Users/huhu/Documents/Code/bishe/vrb/vrbreproduction/outputs/e11/experiments/E11/pipeline_outputs/subaction_94_P01_109_94/candidate_02_frame_013151_right/label_heatmap_merged_overlay.png,/Users/huhu/Documents/Code/bishe/vrb/vrbreproduction/outputs/e11/experiments/E11/pipeline_outputs/subaction_94_P01_109_94/candidate_02_frame_013151_right/vrb_style_affordance.png,/Users/huhu/Documents/Code/bishe/vrb/vrbreproduction/outputs/e11/experiments/E11/pipeline_outputs/subaction_94_P01_109_94/candidate_02_frame_013151_right/mask_projection_overlay.png,E11,inpainted_bbox,0.18310546875,1.0,0.5341333333333333,1.0,opencv_telea,success,,/Users/huhu/Documents/Code/bishe/vrb/vrbreproduction/outputs/e11/experiments/E11/pipeline_outputs/subaction_94_P01_109_94/candidate_02_frame_013151_right/reference_frame_original.png,/Users/huhu/Documents/Code/bishe/vrb/vrbreproduction/outputs/e11/experiments/E11/pipeline_outputs/subaction_94_P01_109_94/candidate_02_frame_013151_right/reference_frame_dehanded.png,/Users/huhu/Documents/Code/bishe/vrb/vrbreproduction/outputs/e11/experiments/E11/pipeline_outputs/subaction_94_P01_109_94/candidate_02_frame_013151_right/hand_mask.png,2.0,True
95,P01_109_95,put down potato,put-down,potato,15464.0,right,new_contact_episode,15463.0,1.0,contact_part_local_affine,contact_part_local_affine,grabcut_fallback,bbox_fallback,cotracker,ready,,small_object_whole_mask_allowed,665,1.0,1560.0,1.0,True,5,0.0,contact_part_mask,26,0,False,1.0,36,36,36,1.0,0.2431316822767257,5,0.0,1.0,,,,,,,5.872106049531697,147,5,0.4097333333333333,isotropic_e7,/Users/huhu/Documents/Code/bishe/vrb/vrbreproduction/outputs/e11/experiments/E11/pipeline_outputs/subaction_95_P01_109_95/candidate_00_frame_015464_right,/Users/huhu/Documents/Code/bishe/vrb/vrbreproduction/outputs/e11/experiments/E11/pipeline_outputs/subaction_95_P01_109_95/candidate_00_frame_015464_right/reference_frame_dehanded.png,/Users/huhu/Documents/Code/bishe/vrb/vrbreproduction/outputs/e11/experiments/E11/pipeline_outputs/subaction_95_P01_109_95/candidate_00_frame_015464_right/label_heatmap_merged_overlay.png,/Users/huhu/Documents/Code/bishe/vrb/vrbreproduction/outputs/e11/experiments/E11/pipeline_outputs/subaction_95_P01_109_95/candidate_00_frame_015464_right/vrb_style_affordance.png,/Users/huhu/Documents/Code/bishe/vrb/vrbreproduction/outputs/e11/experiments/E11/pipeline_outputs/subaction_95_P01_109_95/candidate_00_frame_015464_right/mask_projection_overlay.png,E11,inpainted_bbox,0.2229046737938596,1.0,0.8154666666666667,1.0,opencv_telea,success,,/Users/huhu/Documents/Code/bishe/vrb/vrbreproduction/outputs/e11/experiments/E11/pipeline_outputs/subaction_95_P01_109_95/candidate_00_frame_015464_right/reference_frame_original.png,/Users/huhu/Documents/Code/bishe/vrb/vrbreproduction/outputs/e11/experiments/E11/pipeline_outputs/subaction_95_P01_109_95/candidate_00_frame_015464_right/reference_frame_dehanded.png,/Users/huhu/Documents/Code/bishe/vrb/vrbreproduction/outputs/e11/experiments/E11/pipeline_outputs/subaction_95_P01_109_95/candidate_00_frame_015464_right/hand_mask.png,2.0,True
95,P01_109_95,put down potato,put-down,potato,15466.0,right,new_contact_episode,15465.0,1.0,contact_part_local_affine,contact_part_local_affine,grabcut_fallback,bbox_fallback,cotracker,ready,,small_object_whole_mask_allowed,645,1.0,1444.0,1.0,True,5,0.0,contact_part_mask,26,0,False,1.0,36,36,36,1.0,0.1810145378112793,5,0.0,1.0,,,,,,,5.912969563865661,130,5,0.3837333333333333,isotropic_e7,/Users/huhu/Documents/Code/bishe/vrb/vrbreproduction/outputs/e11/experiments/E11/pipeline_outputs/subaction_95_P01_109_95/candidate_02_frame_015466_right,/Users/huhu/Documents/Code/bishe/vrb/vrbreproduction/outputs/e11/experiments/E11/pipeline_outputs/subaction_95_P01_109_95/candidate_02_frame_015466_right/reference_frame_dehanded.png,/Users/huhu/Documents/Code/bishe/vrb/vrbreproduction/outputs/e11/experiments/E11/pipeline_outputs/subaction_95_P01_109_95/candidate_02_frame_015466_right/label_heatmap_merged_overlay.png,/Users/huhu/Documents/Code/bishe/vrb/vrbreproduction/outputs/e11/experiments/E11/pipeline_outputs/subaction_95_P01_109_95/candidate_02_frame_015466_right/vrb_style_affordance.png,/Users/huhu/Documents/Code/bishe/vrb/vrbreproduction/outputs/e11/experiments/E11/pipeline_outputs/subaction_95_P01_109_95/candidate_02_frame_015466_right/mask_projection_overlay.png,E11,inpainted_bbox,0.2216197231359649,1.0,0.8106666666666666,1.0,opencv_telea,success,,/Users/huhu/Documents/Code/bishe/vrb/vrbreproduction/outputs/e11/experiments/E11/pipeline_outputs/subaction_95_P01_109_95/candidate_02_frame_015466_right/reference_frame_original.png,/Users/huhu/Documents/Code/bishe/vrb/vrbreproduction/outputs/e11/experiments/E11/pipeline_outputs/subaction_95_P01_109_95/candidate_02_frame_015466_right/reference_frame_dehanded.png,/Users/huhu/Documents/Code/bishe/vrb/vrbreproduction/outputs/e11/experiments/E11/pipeline_outputs/subaction_95_P01_109_95/candidate_02_frame_015466_right/hand_mask.png,2.0,True
97,P01_109_97,fix peeler blade,fix,blade:peeler,15762.0,left,new_contact_episode,15761.0,1.0,contact_part_local_affine,contact_part_local_affine,grabcut_fallback,bbox_fallback,cotracker,ready,,handle_like_edge_or_endpoint,1020,1.0,957.0,1.0,True,4,0.0,contact_part_mask,26,0,False,0.7978210422727797,36,36,36,1.0,0.8299040794372559,4,0.0,0.955671625,,,,,,,5.4792782954957735,112,4,0.2236444444444444,isotropic_e7,/Users/huhu/Documents/Code/bishe/vrb/vrbreproduction/outputs/e11/experiments/E11/pipeline_outputs/subaction_97_P01_109_97/candidate_02_frame_015762_left,/Users/huhu/Documents/Code/bishe/vrb/vrbreproduction/outputs/e11/experiments/E11/pipeline_outputs/subaction_97_P01_109_97/candidate_02_frame_015762_left/reference_frame_dehanded.png,/Users/huhu/Documents/Code/bishe/vrb/vrbreproduction/outputs/e11/experiments/E11/pipeline_outputs/subaction_97_P01_109_97/candidate_02_frame_015762_left/label_heatmap_merged_overlay.png,/Users/huhu/Documents/Code/bishe/vrb/vrbreproduction/outputs/e11/experiments/E11/pipeline_outputs/subaction_97_P01_109_97/candidate_02_frame_015762_left/vrb_style_affordance.png,/Users/huhu/Documents/Code/bishe/vrb/vrbreproduction/outputs/e11/experiments/E11/pipeline_outputs/subaction_97_P01_109_97/candidate_02_frame_015762_left/mask_projection_overlay.png,E11,inpainted_bbox,0.2524928042763157,1.0,0.5776,1.0,opencv_telea,success,,/Users/huhu/Documents/Code/bishe/vrb/vrbreproduction/outputs/e11/experiments/E11/pipeline_outputs/subaction_97_P01_109_97/candidate_02_frame_015762_left/reference_frame_original.png,/Users/huhu/Documents/Code/bishe/vrb/vrbreproduction/outputs/e11/experiments/E11/pipeline_outputs/subaction_97_P01_109_97/candidate_02_frame_015762_left/reference_frame_dehanded.png,/Users/huhu/Documents/Code/bishe/vrb/vrbreproduction/outputs/e11/experiments/E11/pipeline_outputs/subaction_97_P01_109_97/candidate_02_frame_015762_left/hand_mask.png,2.0,True
98,P01_109_98,pick up potato,pick-up,potato,15771.0,left,continuation_entry_rescue,15769.0,2.0,contact_part_local_affine,contact_part_local_affine,grabcut_fallback,bbox_fallback,cotracker,ready,,small_object_whole_mask_allowed,957,1.0,986.0,1.0,True,5,0.0,contact_part_mask,26,0,False,1.0,36,36,36,1.0,0.1199439615011215,5,0.0,0.955671625,,,,,,,6.268401681154966,106,5,0.144,isotropic_e7,/Users/huhu/Documents/Code/bishe/vrb/vrbreproduction/outputs/e11/experiments/E11/pipeline_outputs/subaction_98_P01_109_98/candidate_02_frame_015771_left,/Users/huhu/Documents/Code/bishe/vrb/vrbreproduction/outputs/e11/experiments/E11/pipeline_outputs/subaction_98_P01_109_98/candidate_02_frame_015771_left/reference_frame_dehanded.png,/Users/huhu/Documents/Code/bishe/vrb/vrbreproduction/outputs/e11/experiments/E11/pipeline_outputs/subaction_98_P01_109_98/candidate_02_frame_015771_left/label_heatmap_merged_overlay.png,/Users/huhu/Documents/Code/bishe/vrb/vrbreproduction/outputs/e11/experiments/E11/pipeline_outputs/subaction_98_P01_109_98/candidate_02_frame_015771_left/vrb_style_affordance.png,/Users/huhu/Documents/Code/bishe/vrb/vrbreproduction/outputs/e11/experiments/E11/pipeline_outputs/subaction_98_P01_109_98/candidate_02_frame_015771_left/mask_projection_overlay.png,E11,inpainted_bbox,0.2176106770833333,1.0,0.4711111111111111,1.0,opencv_telea,success,,/Users/huhu/Documents/Code/bishe/vrb/vrbreproduction/outputs/e11/experiments/E11/pipeline_outputs/subaction_98_P01_109_98/candidate_02_frame_015771_left/reference_frame_original.png,/Users/huhu/Documents/Code/bishe/vrb/vrbreproduction/outputs/e11/experiments/E11/pipeline_outputs/subaction_98_P01_109_98/candidate_02_frame_015771_left/reference_frame_dehanded.png,/Users/huhu/Documents/Code/bishe/vrb/vrbreproduction/outputs/e11/experiments/E11/pipeline_outputs/subaction_98_P01_109_98/candidate_02_frame_015771_left/hand_mask.png,2.0,True
99,P01_109_99,peel potato,peel,potato,15883.0,left,continuation_entry_rescue,15882.0,1.0,contact_part_local_affine,contact_part_local_affine,grabcut_fallback,bbox_fallback,cotracker,ready,,small_object_whole_mask_allowed,1709,1.0,2475.0,1.0,True,5,0.0,contact_part_mask,26,0,False,1.0,36,36,36,1.0,0.1658183932304382,5,0.0,0.955671625,,,,,,,5.807225448203086,97,5,0.4545333333333333,isotropic_e7,/Users/huhu/Documents/Code/bishe/vrb/vrbreproduction/outputs/e11/experiments/E11/pipeline_outputs/subaction_99_P01_109_99/candidate_03_frame_015883_left,/Users/huhu/Documents/Code/bishe/vrb/vrbreproduction/outputs/e11/experiments/E11/pipeline_outputs/subaction_99_P01_109_99/candidate_03_frame_015883_left/reference_frame_dehanded.png,/Users/huhu/Documents/Code/bishe/vrb/vrbreproduction/outputs/e11/experiments/E11/pipeline_outputs/subaction_99_P01_109_99/candidate_03_frame_015883_left/label_heatmap_merged_overlay.png,/Users/huhu/Documents/Code/bishe/vrb/vrbreproduction/outputs/e11/experiments/E11/pipeline_outputs/subaction_99_P01_109_99/candidate_03_frame_015883_left/vrb_style_affordance.png,/Users/huhu/Documents/Code/bishe/vrb/vrbreproduction/outputs/e11/experiments/E11/pipeline_outputs/subaction_99_P01_109_99/candidate_03_frame_015883_left/mask_projection_overlay.png,E11,inpainted_bbox,0.2200178179824561,1.0,0.7604444444444445,1.0,opencv_telea,success,,/Users/huhu/Documents/Code/bishe/vrb/vrbreproduction/outputs/e11/experiments/E11/pipeline_outputs/subaction_99_P01_109_99/candidate_03_frame_015883_left/reference_frame_original.png,/Users/huhu/Documents/Code/bishe/vrb/vrbreproduction/outputs/e11/experiments/E11/pipeline_outputs/subaction_99_P01_109_99/candidate_03_frame_015883_left/reference_frame_dehanded.png,/Users/huhu/Documents/Code/bishe/vrb/vrbreproduction/outputs/e11/experiments/E11/pipeline_outputs/subaction_99_P01_109_99/candidate_03_frame_015883_left/hand_mask.png,2.0,True
